snapshot_utc,mode,event_id,commence_utc,home,away,book,market,outcome,point,price
2026-09-30T00:07:14Z,scheduled,ac3cb11040dbdb0d2ccfa53e7d6b6cda,2026-09-30T00:10:00Z,Boston Bruins,New York Rangers,draftkings,h2h,Boston Bruins,,1.91
2026-09-30T00:07:14Z,scheduled,ac3cb11040dbdb0d2ccfa53e7d6b6cda,2026-09-30T00:10:00Z,Boston Bruins,New York Rangers,draftkings,h2h,New York Rangers,,1.91
2026-09-30T00:07:14Z,scheduled,ac3cb11040dbdb0d2ccfa53e7d6b6cda,2026-09-30T00:10:00Z,Boston Bruins,New York Rangers,draftkings,spreads,Boston Bruins,-1.5,3.15
2026-09-30T00:07:14Z,scheduled,ac3cb11040dbdb0d2ccfa53e7d6b6cda,2026-09-30T00:10:00Z,Boston Bruins,New York Rangers,draftkings,spreads,New York Rangers,1.5,1.38
2026-09-30T00:07:14Z,scheduled,ac3cb11040dbdb0d2ccfa53e7d6b6cda,2026-09-30T00:10:00Z,Boston Bruins,New York Rangers,draftkings,totals,Over,5.5,1.77
2026-09-30T00:07:14Z,scheduled,ac3cb11040dbdb0d2ccfa53e7d6b6cda,2026-09-30T00:10:00Z,Boston Bruins,New York Rangers,draftkings,totals,Under,5.5,2.1
2026-09-30T00:07:14Z,scheduled,ac3cb11040dbdb0d2ccfa53e7d6b6cda,2026-09-30T00:10:00Z,Boston Bruins,New York Rangers,coolbet,h2h_3way,Boston Bruins,,2.5
2026-09-30T00:07:14Z,scheduled,ac3cb11040dbdb0d2ccfa53e7d6b6cda,2026-09-30T00:10:00Z,Boston Bruins,New York Rangers,coolbet,h2h_3way,New York Rangers,,2.45
2026-09-30T00:07:14Z,scheduled,ac3cb11040dbdb0d2ccfa53e7d6b6cda,2026-09-30T00:10:00Z,Boston Bruins,New York Rangers,coolbet,h2h_3way,Draw,,4.2
2026-09-30T00:07:14Z,scheduled,ac3cb11040dbdb0d2ccfa53e7d6b6cda,2026-09-30T00:10:00Z,Boston Bruins,New York Rangers,coolbet,spreads,Boston Bruins,1.5,1.35
2026-09-30T00:07:14Z,scheduled,ac3cb11040dbdb0d2ccfa53e7d6b6cda,2026-09-30T00:10:00Z,Boston Bruins,New York Rangers,coolbet,spreads,New York Rangers,-1.5,3.25
2026-09-30T00:07:14Z,scheduled,ac3cb11040dbdb0d2ccfa53e7d6b6cda,2026-09-30T00:10:00Z,Boston Bruins,New York Rangers,coolbet,totals,Over,5.5,1.78
2026-09-30T00:07:14Z,scheduled,ac3cb11040dbdb0d2ccfa53e7d6b6cda,2026-09-30T00:10:00Z,Boston Bruins,New York Rangers,coolbet,totals,Under,5.5,2.05
2026-09-30T00:07:14Z,scheduled,ac3cb11040dbdb0d2ccfa53e7d6b6cda,2026-09-30T00:10:00Z,Boston Bruins,New York Rangers,fanduel,h2h,Boston Bruins,,1.91
2026-09-30T00:07:14Z,scheduled,ac3cb11040dbdb0d2ccfa53e7d6b6cda,2026-09-30T00:10:00Z,Boston Bruins,New York Rangers,fanduel,h2h,New York Rangers,,1.91
2026-09-30T00:07:14Z,scheduled,ac3cb11040dbdb0d2ccfa53e7d6b6cda,2026-09-30T00:10:00Z,Boston Bruins,New York Rangers,fanduel,spreads,Boston Bruins,-1.5,3.05
2026-09-30T00:07:14Z,scheduled,ac3cb11040dbdb0d2ccfa53e7d6b6cda,2026-09-30T00:10:00Z,Boston Bruins,New York Rangers,fanduel,spreads,New York Rangers,1.5,1.38
2026-09-30T00:07:14Z,scheduled,ac3cb11040dbdb0d2ccfa53e7d6b6cda,2026-09-30T00:10:00Z,Boston Bruins,New York Rangers,fanduel,totals,Over,5.5,1.81
2026-09-30T00:07:14Z,scheduled,ac3cb11040dbdb0d2ccfa53e7d6b6cda,2026-09-30T00:10:00Z,Boston Bruins,New York Rangers,fanduel,totals,Under,5.5,2.02
2026-09-30T00:07:14Z,scheduled,ac3cb11040dbdb0d2ccfa53e7d6b6cda,2026-09-30T00:10:00Z,Boston Bruins,New York Rangers,betmgm,h2h,Boston Bruins,,1.91
2026-09-30T00:07:14Z,scheduled,ac3cb11040dbdb0d2ccfa53e7d6b6cda,2026-09-30T00:10:00Z,Boston Bruins,New York Rangers,betmgm,h2h,New York Rangers,,1.91
2026-09-30T00:07:14Z,scheduled,ac3cb11040dbdb0d2ccfa53e7d6b6cda,2026-09-30T00:10:00Z,Boston Bruins,New York Rangers,betmgm,spreads,Boston Bruins,-1.5,3.2
2026-09-30T00:07:14Z,scheduled,ac3cb11040dbdb0d2ccfa53e7d6b6cda,2026-09-30T00:10:00Z,Boston Bruins,New York Rangers,betmgm,spreads,New York Rangers,1.5,1.36
2026-09-30T00:07:14Z,scheduled,ac3cb11040dbdb0d2ccfa53e7d6b6cda,2026-09-30T00:10:00Z,Boston Bruins,New York Rangers,betmgm,totals,Over,6.0,1.95
2026-09-30T00:07:14Z,scheduled,ac3cb11040dbdb0d2ccfa53e7d6b6cda,2026-09-30T00:10:00Z,Boston Bruins,New York Rangers,betmgm,totals,Under,6.0,1.87
2026-09-30T00:07:14Z,scheduled,ac3cb11040dbdb0d2ccfa53e7d6b6cda,2026-09-30T00:10:00Z,Boston Bruins,New York Rangers,pinnacle,h2h,Boston Bruins,,1.95
2026-09-30T00:07:14Z,scheduled,ac3cb11040dbdb0d2ccfa53e7d6b6cda,2026-09-30T00:10:00Z,Boston Bruins,New York Rangers,pinnacle,h2h,New York Rangers,,1.95
2026-09-30T00:07:14Z,scheduled,ac3cb11040dbdb0d2ccfa53e7d6b6cda,2026-09-30T00:10:00Z,Boston Bruins,New York Rangers,pinnacle,spreads,Boston Bruins,-1.5,3.34
2026-09-30T00:07:14Z,scheduled,ac3cb11040dbdb0d2ccfa53e7d6b6cda,2026-09-30T00:10:00Z,Boston Bruins,New York Rangers,pinnacle,spreads,New York Rangers,1.5,1.36
2026-09-30T00:07:14Z,scheduled,ac3cb11040dbdb0d2ccfa53e7d6b6cda,2026-09-30T00:10:00Z,Boston Bruins,New York Rangers,pinnacle,totals,Over,6.0,1.99
2026-09-30T00:07:14Z,scheduled,ac3cb11040dbdb0d2ccfa53e7d6b6cda,2026-09-30T00:10:00Z,Boston Bruins,New York Rangers,pinnacle,totals,Under,6.0,1.89
2026-09-30T00:07:14Z,scheduled,ac3cb11040dbdb0d2ccfa53e7d6b6cda,2026-09-30T00:10:00Z,Boston Bruins,New York Rangers,matchbook,h2h,Boston Bruins,,1.98
2026-09-30T00:07:14Z,scheduled,ac3cb11040dbdb0d2ccfa53e7d6b6cda,2026-09-30T00:10:00Z,Boston Bruins,New York Rangers,matchbook,h2h,New York Rangers,,1.92
2026-09-30T00:07:14Z,scheduled,ac3cb11040dbdb0d2ccfa53e7d6b6cda,2026-09-30T00:10:00Z,Boston Bruins,New York Rangers,matchbook,h2h_lay,Boston Bruins,,2.1
2026-09-30T00:07:14Z,scheduled,ac3cb11040dbdb0d2ccfa53e7d6b6cda,2026-09-30T00:10:00Z,Boston Bruins,New York Rangers,matchbook,h2h_lay,New York Rangers,,2.02
2026-09-30T00:07:14Z,scheduled,ac3cb11040dbdb0d2ccfa53e7d6b6cda,2026-09-30T00:10:00Z,Boston Bruins,New York Rangers,matchbook,spreads,Boston Bruins,1.5,1.38
2026-09-30T00:07:14Z,scheduled,ac3cb11040dbdb0d2ccfa53e7d6b6cda,2026-09-30T00:10:00Z,Boston Bruins,New York Rangers,matchbook,spreads,New York Rangers,-1.5,3.2
2026-09-30T00:07:14Z,scheduled,ac3cb11040dbdb0d2ccfa53e7d6b6cda,2026-09-30T00:10:00Z,Boston Bruins,New York Rangers,matchbook,totals,Over,5.5,1.84
2026-09-30T00:07:14Z,scheduled,ac3cb11040dbdb0d2ccfa53e7d6b6cda,2026-09-30T00:10:00Z,Boston Bruins,New York Rangers,matchbook,totals,Under,5.5,2.04
2026-09-30T00:07:14Z,scheduled,82c96670ad269b3647066b5e5032e0fd,2026-09-30T02:10:00Z,Edmonton Oilers,Vancouver Canucks,draftkings,h2h,Edmonton Oilers,,1.33
2026-09-30T00:07:14Z,scheduled,82c96670ad269b3647066b5e5032e0fd,2026-09-30T02:10:00Z,Edmonton Oilers,Vancouver Canucks,draftkings,h2h,Vancouver Canucks,,3.45
2026-09-30T00:07:14Z,scheduled,82c96670ad269b3647066b5e5032e0fd,2026-09-30T02:10:00Z,Edmonton Oilers,Vancouver Canucks,draftkings,spreads,Edmonton Oilers,-1.5,1.82
2026-09-30T00:07:14Z,scheduled,82c96670ad269b3647066b5e5032e0fd,2026-09-30T02:10:00Z,Edmonton Oilers,Vancouver Canucks,draftkings,spreads,Vancouver Canucks,1.5,2.02
2026-09-30T00:07:14Z,scheduled,82c96670ad269b3647066b5e5032e0fd,2026-09-30T02:10:00Z,Edmonton Oilers,Vancouver Canucks,draftkings,totals,Over,6.5,1.87
2026-09-30T00:07:14Z,scheduled,82c96670ad269b3647066b5e5032e0fd,2026-09-30T02:10:00Z,Edmonton Oilers,Vancouver Canucks,draftkings,totals,Under,6.5,1.95
2026-09-30T00:07:14Z,scheduled,82c96670ad269b3647066b5e5032e0fd,2026-09-30T02:10:00Z,Edmonton Oilers,Vancouver Canucks,coolbet,h2h_3way,Edmonton Oilers,,1.55
2026-09-30T00:07:14Z,scheduled,82c96670ad269b3647066b5e5032e0fd,2026-09-30T02:10:00Z,Edmonton Oilers,Vancouver Canucks,coolbet,h2h_3way,Vancouver Canucks,,5.0
2026-09-30T00:07:14Z,scheduled,82c96670ad269b3647066b5e5032e0fd,2026-09-30T02:10:00Z,Edmonton Oilers,Vancouver Canucks,coolbet,h2h_3way,Draw,,4.95
2026-09-30T00:07:14Z,scheduled,82c96670ad269b3647066b5e5032e0fd,2026-09-30T02:10:00Z,Edmonton Oilers,Vancouver Canucks,coolbet,spreads,Edmonton Oilers,-1.5,1.82
2026-09-30T00:07:14Z,scheduled,82c96670ad269b3647066b5e5032e0fd,2026-09-30T02:10:00Z,Edmonton Oilers,Vancouver Canucks,coolbet,spreads,Vancouver Canucks,1.5,2.0
2026-09-30T00:07:14Z,scheduled,82c96670ad269b3647066b5e5032e0fd,2026-09-30T02:10:00Z,Edmonton Oilers,Vancouver Canucks,coolbet,totals,Over,6.5,2.08
2026-09-30T00:07:14Z,scheduled,82c96670ad269b3647066b5e5032e0fd,2026-09-30T02:10:00Z,Edmonton Oilers,Vancouver Canucks,coolbet,totals,Under,6.5,1.76
2026-09-30T00:07:14Z,scheduled,82c96670ad269b3647066b5e5032e0fd,2026-09-30T02:10:00Z,Edmonton Oilers,Vancouver Canucks,fanduel,h2h,Edmonton Oilers,,1.32
2026-09-30T00:07:14Z,scheduled,82c96670ad269b3647066b5e5032e0fd,2026-09-30T02:10:00Z,Edmonton Oilers,Vancouver Canucks,fanduel,h2h,Vancouver Canucks,,3.45
2026-09-30T00:07:14Z,scheduled,82c96670ad269b3647066b5e5032e0fd,2026-09-30T02:10:00Z,Edmonton Oilers,Vancouver Canucks,fanduel,spreads,Edmonton Oilers,-1.5,1.83
2026-09-30T00:07:14Z,scheduled,82c96670ad269b3647066b5e5032e0fd,2026-09-30T02:10:00Z,Edmonton Oilers,Vancouver Canucks,fanduel,spreads,Vancouver Canucks,1.5,1.96
2026-09-30T00:07:14Z,scheduled,82c96670ad269b3647066b5e5032e0fd,2026-09-30T02:10:00Z,Edmonton Oilers,Vancouver Canucks,fanduel,totals,Over,6.5,1.89
2026-09-30T00:07:14Z,scheduled,82c96670ad269b3647066b5e5032e0fd,2026-09-30T02:10:00Z,Edmonton Oilers,Vancouver Canucks,fanduel,totals,Under,6.5,1.93
2026-09-30T00:07:14Z,scheduled,82c96670ad269b3647066b5e5032e0fd,2026-09-30T02:10:00Z,Edmonton Oilers,Vancouver Canucks,betmgm,h2h,Edmonton Oilers,,1.33
2026-09-30T00:07:14Z,scheduled,82c96670ad269b3647066b5e5032e0fd,2026-09-30T02:10:00Z,Edmonton Oilers,Vancouver Canucks,betmgm,h2h,Vancouver Canucks,,3.4
2026-09-30T00:07:14Z,scheduled,82c96670ad269b3647066b5e5032e0fd,2026-09-30T02:10:00Z,Edmonton Oilers,Vancouver Canucks,betmgm,spreads,Edmonton Oilers,-1.5,1.8
2026-09-30T00:07:14Z,scheduled,82c96670ad269b3647066b5e5032e0fd,2026-09-30T02:10:00Z,Edmonton Oilers,Vancouver Canucks,betmgm,spreads,Vancouver Canucks,1.5,2.05
2026-09-30T00:07:14Z,scheduled,82c96670ad269b3647066b5e5032e0fd,2026-09-30T02:10:00Z,Edmonton Oilers,Vancouver Canucks,betmgm,totals,Over,6.5,1.87
2026-09-30T00:07:14Z,scheduled,82c96670ad269b3647066b5e5032e0fd,2026-09-30T02:10:00Z,Edmonton Oilers,Vancouver Canucks,betmgm,totals,Under,6.5,1.95
2026-09-30T00:07:14Z,scheduled,82c96670ad269b3647066b5e5032e0fd,2026-09-30T02:10:00Z,Edmonton Oilers,Vancouver Canucks,betrivers,h2h,Edmonton Oilers,,1.32
2026-09-30T00:07:14Z,scheduled,82c96670ad269b3647066b5e5032e0fd,2026-09-30T02:10:00Z,Edmonton Oilers,Vancouver Canucks,betrivers,h2h,Vancouver Canucks,,3.5
2026-09-30T00:07:14Z,scheduled,82c96670ad269b3647066b5e5032e0fd,2026-09-30T02:10:00Z,Edmonton Oilers,Vancouver Canucks,betrivers,spreads,Edmonton Oilers,-1.5,1.83
2026-09-30T00:07:14Z,scheduled,82c96670ad269b3647066b5e5032e0fd,2026-09-30T02:10:00Z,Edmonton Oilers,Vancouver Canucks,betrivers,spreads,Vancouver Canucks,1.5,1.93
2026-09-30T00:07:14Z,scheduled,82c96670ad269b3647066b5e5032e0fd,2026-09-30T02:10:00Z,Edmonton Oilers,Vancouver Canucks,betrivers,totals,Over,6.5,1.83
2026-09-30T00:07:14Z,scheduled,82c96670ad269b3647066b5e5032e0fd,2026-09-30T02:10:00Z,Edmonton Oilers,Vancouver Canucks,betrivers,totals,Under,6.5,1.93
2026-09-30T00:07:14Z,scheduled,82c96670ad269b3647066b5e5032e0fd,2026-09-30T02:10:00Z,Edmonton Oilers,Vancouver Canucks,pinnacle,h2h,Edmonton Oilers,,1.33
2026-09-30T00:07:14Z,scheduled,82c96670ad269b3647066b5e5032e0fd,2026-09-30T02:10:00Z,Edmonton Oilers,Vancouver Canucks,pinnacle,h2h,Vancouver Canucks,,3.61
2026-09-30T00:07:14Z,scheduled,82c96670ad269b3647066b5e5032e0fd,2026-09-30T02:10:00Z,Edmonton Oilers,Vancouver Canucks,pinnacle,spreads,Edmonton Oilers,-1.5,1.83
2026-09-30T00:07:14Z,scheduled,82c96670ad269b3647066b5e5032e0fd,2026-09-30T02:10:00Z,Edmonton Oilers,Vancouver Canucks,pinnacle,spreads,Vancouver Canucks,1.5,2.06
2026-09-30T00:07:14Z,scheduled,82c96670ad269b3647066b5e5032e0fd,2026-09-30T02:10:00Z,Edmonton Oilers,Vancouver Canucks,pinnacle,totals,Over,6.5,1.89
2026-09-30T00:07:14Z,scheduled,82c96670ad269b3647066b5e5032e0fd,2026-09-30T02:10:00Z,Edmonton Oilers,Vancouver Canucks,pinnacle,totals,Under,6.5,2.0
2026-09-30T00:07:14Z,scheduled,82c96670ad269b3647066b5e5032e0fd,2026-09-30T02:10:00Z,Edmonton Oilers,Vancouver Canucks,matchbook,h2h,Edmonton Oilers,,1.35
2026-09-30T00:07:14Z,scheduled,82c96670ad269b3647066b5e5032e0fd,2026-09-30T02:10:00Z,Edmonton Oilers,Vancouver Canucks,matchbook,h2h,Vancouver Canucks,,3.75
2026-09-30T00:07:14Z,scheduled,82c96670ad269b3647066b5e5032e0fd,2026-09-30T02:10:00Z,Edmonton Oilers,Vancouver Canucks,matchbook,h2h_lay,Edmonton Oilers,,1.37
2026-09-30T00:07:14Z,scheduled,82c96670ad269b3647066b5e5032e0fd,2026-09-30T02:10:00Z,Edmonton Oilers,Vancouver Canucks,matchbook,h2h_lay,Vancouver Canucks,,3.85
2026-09-30T00:07:14Z,scheduled,82c96670ad269b3647066b5e5032e0fd,2026-09-30T02:10:00Z,Edmonton Oilers,Vancouver Canucks,matchbook,spreads,Edmonton Oilers,-1.5,1.86
2026-09-30T00:07:14Z,scheduled,82c96670ad269b3647066b5e5032e0fd,2026-09-30T02:10:00Z,Edmonton Oilers,Vancouver Canucks,matchbook,spreads,Vancouver Canucks,1.5,2.1
2026-09-30T00:07:14Z,scheduled,82c96670ad269b3647066b5e5032e0fd,2026-09-30T02:10:00Z,Edmonton Oilers,Vancouver Canucks,matchbook,totals,Over,6.5,1.92
2026-09-30T00:07:14Z,scheduled,82c96670ad269b3647066b5e5032e0fd,2026-09-30T02:10:00Z,Edmonton Oilers,Vancouver Canucks,matchbook,totals,Under,6.5,2.02
2026-09-30T00:07:14Z,scheduled,deceabd9bfa9fdbfb352546844ecee9b,2026-09-30T02:40:00Z,Vegas Golden Knights,Chicago Blackhawks,draftkings,h2h,Chicago Blackhawks,,3.1
2026-09-30T00:07:14Z,scheduled,deceabd9bfa9fdbfb352546844ecee9b,2026-09-30T02:40:00Z,Vegas Golden Knights,Chicago Blackhawks,draftkings,h2h,Vegas Golden Knights,,1.39
2026-09-30T00:07:14Z,scheduled,deceabd9bfa9fdbfb352546844ecee9b,2026-09-30T02:40:00Z,Vegas Golden Knights,Chicago Blackhawks,draftkings,spreads,Chicago Blackhawks,1.5,1.8
2026-09-30T00:07:14Z,scheduled,deceabd9bfa9fdbfb352546844ecee9b,2026-09-30T02:40:00Z,Vegas Golden Knights,Chicago Blackhawks,draftkings,spreads,Vegas Golden Knights,-1.5,2.05
2026-09-30T00:07:14Z,scheduled,deceabd9bfa9fdbfb352546844ecee9b,2026-09-30T02:40:00Z,Vegas Golden Knights,Chicago Blackhawks,draftkings,totals,Over,5.5,1.7
2026-09-30T00:07:14Z,scheduled,deceabd9bfa9fdbfb352546844ecee9b,2026-09-30T02:40:00Z,Vegas Golden Knights,Chicago Blackhawks,draftkings,totals,Under,5.5,2.2
2026-09-30T00:07:14Z,scheduled,deceabd9bfa9fdbfb352546844ecee9b,2026-09-30T02:40:00Z,Vegas Golden Knights,Chicago Blackhawks,coolbet,h2h_3way,Chicago Blackhawks,,4.3
2026-09-30T00:07:14Z,scheduled,deceabd9bfa9fdbfb352546844ecee9b,2026-09-30T02:40:00Z,Vegas Golden Knights,Chicago Blackhawks,coolbet,h2h_3way,Vegas Golden Knights,,1.67
2026-09-30T00:07:14Z,scheduled,deceabd9bfa9fdbfb352546844ecee9b,2026-09-30T02:40:00Z,Vegas Golden Knights,Chicago Blackhawks,coolbet,h2h_3way,Draw,,4.6
2026-09-30T00:07:14Z,scheduled,deceabd9bfa9fdbfb352546844ecee9b,2026-09-30T02:40:00Z,Vegas Golden Knights,Chicago Blackhawks,coolbet,spreads,Chicago Blackhawks,1.5,1.8
2026-09-30T00:07:14Z,scheduled,deceabd9bfa9fdbfb352546844ecee9b,2026-09-30T02:40:00Z,Vegas Golden Knights,Chicago Blackhawks,coolbet,spreads,Vegas Golden Knights,-1.5,2.02
2026-09-30T00:07:14Z,scheduled,deceabd9bfa9fdbfb352546844ecee9b,2026-09-30T02:40:00Z,Vegas Golden Knights,Chicago Blackhawks,coolbet,totals,Over,5.5,1.73
2026-09-30T00:07:14Z,scheduled,deceabd9bfa9fdbfb352546844ecee9b,2026-09-30T02:40:00Z,Vegas Golden Knights,Chicago Blackhawks,coolbet,totals,Under,5.5,2.12
2026-09-30T00:07:14Z,scheduled,deceabd9bfa9fdbfb352546844ecee9b,2026-09-30T02:40:00Z,Vegas Golden Knights,Chicago Blackhawks,fanduel,h2h,Chicago Blackhawks,,3.2
2026-09-30T00:07:14Z,scheduled,deceabd9bfa9fdbfb352546844ecee9b,2026-09-30T02:40:00Z,Vegas Golden Knights,Chicago Blackhawks,fanduel,h2h,Vegas Golden Knights,,1.38
2026-09-30T00:07:14Z,scheduled,deceabd9bfa9fdbfb352546844ecee9b,2026-09-30T02:40:00Z,Vegas Golden Knights,Chicago Blackhawks,fanduel,spreads,Chicago Blackhawks,1.5,1.81
2026-09-30T00:07:14Z,scheduled,deceabd9bfa9fdbfb352546844ecee9b,2026-09-30T02:40:00Z,Vegas Golden Knights,Chicago Blackhawks,fanduel,spreads,Vegas Golden Knights,-1.5,2.0
2026-09-30T00:07:14Z,scheduled,deceabd9bfa9fdbfb352546844ecee9b,2026-09-30T02:40:00Z,Vegas Golden Knights,Chicago Blackhawks,fanduel,totals,Over,5.5,1.7
2026-09-30T00:07:14Z,scheduled,deceabd9bfa9fdbfb352546844ecee9b,2026-09-30T02:40:00Z,Vegas Golden Knights,Chicago Blackhawks,fanduel,totals,Under,5.5,2.16
2026-09-30T00:07:14Z,scheduled,deceabd9bfa9fdbfb352546844ecee9b,2026-09-30T02:40:00Z,Vegas Golden Knights,Chicago Blackhawks,betmgm,h2h,Chicago Blackhawks,,3.2
2026-09-30T00:07:14Z,scheduled,deceabd9bfa9fdbfb352546844ecee9b,2026-09-30T02:40:00Z,Vegas Golden Knights,Chicago Blackhawks,betmgm,h2h,Vegas Golden Knights,,1.36
2026-09-30T00:07:14Z,scheduled,deceabd9bfa9fdbfb352546844ecee9b,2026-09-30T02:40:00Z,Vegas Golden Knights,Chicago Blackhawks,betmgm,spreads,Chicago Blackhawks,1.5,1.83
2026-09-30T00:07:14Z,scheduled,deceabd9bfa9fdbfb352546844ecee9b,2026-09-30T02:40:00Z,Vegas Golden Knights,Chicago Blackhawks,betmgm,spreads,Vegas Golden Knights,-1.5,2.0
2026-09-30T00:07:14Z,scheduled,deceabd9bfa9fdbfb352546844ecee9b,2026-09-30T02:40:00Z,Vegas Golden Knights,Chicago Blackhawks,betmgm,totals,Over,6.0,1.91
2026-09-30T00:07:14Z,scheduled,deceabd9bfa9fdbfb352546844ecee9b,2026-09-30T02:40:00Z,Vegas Golden Knights,Chicago Blackhawks,betmgm,totals,Under,6.0,1.91
2026-09-30T00:07:14Z,scheduled,deceabd9bfa9fdbfb352546844ecee9b,2026-09-30T02:40:00Z,Vegas Golden Knights,Chicago Blackhawks,betrivers,h2h,Chicago Blackhawks,,3.1
2026-09-30T00:07:14Z,scheduled,deceabd9bfa9fdbfb352546844ecee9b,2026-09-30T02:40:00Z,Vegas Golden Knights,Chicago Blackhawks,betrivers,h2h,Vegas Golden Knights,,1.38
2026-09-30T00:07:14Z,scheduled,deceabd9bfa9fdbfb352546844ecee9b,2026-09-30T02:40:00Z,Vegas Golden Knights,Chicago Blackhawks,betrivers,spreads,Chicago Blackhawks,1.5,1.78
2026-09-30T00:07:14Z,scheduled,deceabd9bfa9fdbfb352546844ecee9b,2026-09-30T02:40:00Z,Vegas Golden Knights,Chicago Blackhawks,betrivers,spreads,Vegas Golden Knights,-1.5,2.02
2026-09-30T00:07:14Z,scheduled,deceabd9bfa9fdbfb352546844ecee9b,2026-09-30T02:40:00Z,Vegas Golden Knights,Chicago Blackhawks,betrivers,totals,Over,5.5,1.71
2026-09-30T00:07:14Z,scheduled,deceabd9bfa9fdbfb352546844ecee9b,2026-09-30T02:40:00Z,Vegas Golden Knights,Chicago Blackhawks,betrivers,totals,Under,5.5,2.1
2026-09-30T00:07:14Z,scheduled,deceabd9bfa9fdbfb352546844ecee9b,2026-09-30T02:40:00Z,Vegas Golden Knights,Chicago Blackhawks,pinnacle,h2h,Chicago Blackhawks,,3.27
2026-09-30T00:07:14Z,scheduled,deceabd9bfa9fdbfb352546844ecee9b,2026-09-30T02:40:00Z,Vegas Golden Knights,Chicago Blackhawks,pinnacle,h2h,Vegas Golden Knights,,1.39
2026-09-30T00:07:14Z,scheduled,deceabd9bfa9fdbfb352546844ecee9b,2026-09-30T02:40:00Z,Vegas Golden Knights,Chicago Blackhawks,pinnacle,spreads,Chicago Blackhawks,1.5,1.84
2026-09-30T00:07:14Z,scheduled,deceabd9bfa9fdbfb352546844ecee9b,2026-09-30T02:40:00Z,Vegas Golden Knights,Chicago Blackhawks,pinnacle,spreads,Vegas Golden Knights,-1.5,2.06
2026-09-30T00:07:14Z,scheduled,deceabd9bfa9fdbfb352546844ecee9b,2026-09-30T02:40:00Z,Vegas Golden Knights,Chicago Blackhawks,pinnacle,totals,Over,6.0,1.95
2026-09-30T00:07:14Z,scheduled,deceabd9bfa9fdbfb352546844ecee9b,2026-09-30T02:40:00Z,Vegas Golden Knights,Chicago Blackhawks,pinnacle,totals,Under,6.0,1.93
2026-09-30T00:07:14Z,scheduled,deceabd9bfa9fdbfb352546844ecee9b,2026-09-30T02:40:00Z,Vegas Golden Knights,Chicago Blackhawks,matchbook,h2h,Chicago Blackhawks,,3.45
2026-09-30T00:07:14Z,scheduled,deceabd9bfa9fdbfb352546844ecee9b,2026-09-30T02:40:00Z,Vegas Golden Knights,Chicago Blackhawks,matchbook,h2h,Vegas Golden Knights,,1.4
2026-09-30T00:07:14Z,scheduled,deceabd9bfa9fdbfb352546844ecee9b,2026-09-30T02:40:00Z,Vegas Golden Knights,Chicago Blackhawks,matchbook,h2h_lay,Chicago Blackhawks,,3.5
2026-09-30T00:07:14Z,scheduled,deceabd9bfa9fdbfb352546844ecee9b,2026-09-30T02:40:00Z,Vegas Golden Knights,Chicago Blackhawks,matchbook,h2h_lay,Vegas Golden Knights,,1.41
2026-09-30T00:07:14Z,scheduled,deceabd9bfa9fdbfb352546844ecee9b,2026-09-30T02:40:00Z,Vegas Golden Knights,Chicago Blackhawks,matchbook,spreads,Chicago Blackhawks,1.5,1.89
2026-09-30T00:07:14Z,scheduled,deceabd9bfa9fdbfb352546844ecee9b,2026-09-30T02:40:00Z,Vegas Golden Knights,Chicago Blackhawks,matchbook,spreads,Vegas Golden Knights,-1.5,2.06
2026-09-30T00:07:14Z,scheduled,deceabd9bfa9fdbfb352546844ecee9b,2026-09-30T02:40:00Z,Vegas Golden Knights,Chicago Blackhawks,matchbook,totals,Over,6.5,2.2
2026-09-30T00:07:14Z,scheduled,deceabd9bfa9fdbfb352546844ecee9b,2026-09-30T02:40:00Z,Vegas Golden Knights,Chicago Blackhawks,matchbook,totals,Under,6.5,1.79
2026-09-30T00:07:14Z,scheduled,255dd8cc841121349fe98f49791da840,2026-09-30T23:30:00Z,Philadelphia Flyers,Pittsburgh Penguins,draftkings,h2h,Philadelphia Flyers,,1.7
2026-09-30T00:07:14Z,scheduled,255dd8cc841121349fe98f49791da840,2026-09-30T23:30:00Z,Philadelphia Flyers,Pittsburgh Penguins,draftkings,h2h,Pittsburgh Penguins,,2.2
2026-09-30T00:07:14Z,scheduled,255dd8cc841121349fe98f49791da840,2026-09-30T23:30:00Z,Philadelphia Flyers,Pittsburgh Penguins,draftkings,spreads,Philadelphia Flyers,-1.5,2.8
2026-09-30T00:07:14Z,scheduled,255dd8cc841121349fe98f49791da840,2026-09-30T23:30:00Z,Philadelphia Flyers,Pittsburgh Penguins,draftkings,spreads,Pittsburgh Penguins,1.5,1.46
2026-09-30T00:07:14Z,scheduled,255dd8cc841121349fe98f49791da840,2026-09-30T23:30:00Z,Philadelphia Flyers,Pittsburgh Penguins,draftkings,totals,Over,5.5,1.74
2026-09-30T00:07:14Z,scheduled,255dd8cc841121349fe98f49791da840,2026-09-30T23:30:00Z,Philadelphia Flyers,Pittsburgh Penguins,draftkings,totals,Under,5.5,2.14
2026-09-30T00:07:14Z,scheduled,255dd8cc841121349fe98f49791da840,2026-09-30T23:30:00Z,Philadelphia Flyers,Pittsburgh Penguins,coolbet,h2h_3way,Philadelphia Flyers,,2.2
2026-09-30T00:07:14Z,scheduled,255dd8cc841121349fe98f49791da840,2026-09-30T23:30:00Z,Philadelphia Flyers,Pittsburgh Penguins,coolbet,h2h_3way,Pittsburgh Penguins,,2.85
2026-09-30T00:07:14Z,scheduled,255dd8cc841121349fe98f49791da840,2026-09-30T23:30:00Z,Philadelphia Flyers,Pittsburgh Penguins,coolbet,h2h_3way,Draw,,4.2
2026-09-30T00:07:14Z,scheduled,255dd8cc841121349fe98f49791da840,2026-09-30T23:30:00Z,Philadelphia Flyers,Pittsburgh Penguins,coolbet,spreads,Philadelphia Flyers,-1.5,2.78
2026-09-30T00:07:14Z,scheduled,255dd8cc841121349fe98f49791da840,2026-09-30T23:30:00Z,Philadelphia Flyers,Pittsburgh Penguins,coolbet,spreads,Pittsburgh Penguins,1.5,1.45
2026-09-30T00:07:14Z,scheduled,255dd8cc841121349fe98f49791da840,2026-09-30T23:30:00Z,Philadelphia Flyers,Pittsburgh Penguins,coolbet,totals,Over,5.5,1.73
2026-09-30T00:07:14Z,scheduled,255dd8cc841121349fe98f49791da840,2026-09-30T23:30:00Z,Philadelphia Flyers,Pittsburgh Penguins,coolbet,totals,Under,5.5,2.12
2026-09-30T00:07:14Z,scheduled,255dd8cc841121349fe98f49791da840,2026-09-30T23:30:00Z,Philadelphia Flyers,Pittsburgh Penguins,betrivers,h2h,Philadelphia Flyers,,1.71
2026-09-30T00:07:14Z,scheduled,255dd8cc841121349fe98f49791da840,2026-09-30T23:30:00Z,Philadelphia Flyers,Pittsburgh Penguins,betrivers,h2h,Pittsburgh Penguins,,2.17
2026-09-30T00:07:14Z,scheduled,255dd8cc841121349fe98f49791da840,2026-09-30T23:30:00Z,Philadelphia Flyers,Pittsburgh Penguins,betrivers,spreads,Philadelphia Flyers,-1.5,2.8
2026-09-30T00:07:14Z,scheduled,255dd8cc841121349fe98f49791da840,2026-09-30T23:30:00Z,Philadelphia Flyers,Pittsburgh Penguins,betrivers,spreads,Pittsburgh Penguins,1.5,1.42
2026-09-30T00:07:14Z,scheduled,255dd8cc841121349fe98f49791da840,2026-09-30T23:30:00Z,Philadelphia Flyers,Pittsburgh Penguins,betrivers,totals,Over,5.5,1.75
2026-09-30T00:07:14Z,scheduled,255dd8cc841121349fe98f49791da840,2026-09-30T23:30:00Z,Philadelphia Flyers,Pittsburgh Penguins,betrivers,totals,Under,5.5,2.06
2026-09-30T00:07:14Z,scheduled,255dd8cc841121349fe98f49791da840,2026-09-30T23:30:00Z,Philadelphia Flyers,Pittsburgh Penguins,betmgm,h2h,Philadelphia Flyers,,1.69
2026-09-30T00:07:14Z,scheduled,255dd8cc841121349fe98f49791da840,2026-09-30T23:30:00Z,Philadelphia Flyers,Pittsburgh Penguins,betmgm,h2h,Pittsburgh Penguins,,2.18
2026-09-30T00:07:14Z,scheduled,255dd8cc841121349fe98f49791da840,2026-09-30T23:30:00Z,Philadelphia Flyers,Pittsburgh Penguins,betmgm,spreads,Philadelphia Flyers,-1.5,2.65
2026-09-30T00:07:14Z,scheduled,255dd8cc841121349fe98f49791da840,2026-09-30T23:30:00Z,Philadelphia Flyers,Pittsburgh Penguins,betmgm,spreads,Pittsburgh Penguins,1.5,1.5
2026-09-30T00:07:14Z,scheduled,255dd8cc841121349fe98f49791da840,2026-09-30T23:30:00Z,Philadelphia Flyers,Pittsburgh Penguins,betmgm,totals,Over,6.0,1.87
2026-09-30T00:07:14Z,scheduled,255dd8cc841121349fe98f49791da840,2026-09-30T23:30:00Z,Philadelphia Flyers,Pittsburgh Penguins,betmgm,totals,Under,6.0,1.95
2026-09-30T00:07:14Z,scheduled,255dd8cc841121349fe98f49791da840,2026-09-30T23:30:00Z,Philadelphia Flyers,Pittsburgh Penguins,pinnacle,h2h,Philadelphia Flyers,,1.75
2026-09-30T00:07:14Z,scheduled,255dd8cc841121349fe98f49791da840,2026-09-30T23:30:00Z,Philadelphia Flyers,Pittsburgh Penguins,pinnacle,h2h,Pittsburgh Penguins,,2.19
2026-09-30T00:07:14Z,scheduled,255dd8cc841121349fe98f49791da840,2026-09-30T23:30:00Z,Philadelphia Flyers,Pittsburgh Penguins,pinnacle,spreads,Philadelphia Flyers,-1.5,2.86
2026-09-30T00:07:14Z,scheduled,255dd8cc841121349fe98f49791da840,2026-09-30T23:30:00Z,Philadelphia Flyers,Pittsburgh Penguins,pinnacle,spreads,Pittsburgh Penguins,1.5,1.45
2026-09-30T00:07:14Z,scheduled,255dd8cc841121349fe98f49791da840,2026-09-30T23:30:00Z,Philadelphia Flyers,Pittsburgh Penguins,pinnacle,totals,Over,6.0,1.89
2026-09-30T00:07:14Z,scheduled,255dd8cc841121349fe98f49791da840,2026-09-30T23:30:00Z,Philadelphia Flyers,Pittsburgh Penguins,pinnacle,totals,Under,6.0,1.98
2026-09-30T00:07:14Z,scheduled,255dd8cc841121349fe98f49791da840,2026-09-30T23:30:00Z,Philadelphia Flyers,Pittsburgh Penguins,fanduel,h2h,Philadelphia Flyers,,1.7
2026-09-30T00:07:14Z,scheduled,255dd8cc841121349fe98f49791da840,2026-09-30T23:30:00Z,Philadelphia Flyers,Pittsburgh Penguins,fanduel,h2h,Pittsburgh Penguins,,2.18
2026-09-30T00:07:14Z,scheduled,255dd8cc841121349fe98f49791da840,2026-09-30T23:30:00Z,Philadelphia Flyers,Pittsburgh Penguins,fanduel,spreads,Philadelphia Flyers,-1.5,2.8
2026-09-30T00:07:14Z,scheduled,255dd8cc841121349fe98f49791da840,2026-09-30T23:30:00Z,Philadelphia Flyers,Pittsburgh Penguins,fanduel,spreads,Pittsburgh Penguins,1.5,1.44
2026-09-30T00:07:14Z,scheduled,255dd8cc841121349fe98f49791da840,2026-09-30T23:30:00Z,Philadelphia Flyers,Pittsburgh Penguins,fanduel,totals,Over,6.5,2.14
2026-09-30T00:07:14Z,scheduled,255dd8cc841121349fe98f49791da840,2026-09-30T23:30:00Z,Philadelphia Flyers,Pittsburgh Penguins,fanduel,totals,Under,6.5,1.71
2026-09-30T00:07:14Z,scheduled,255dd8cc841121349fe98f49791da840,2026-09-30T23:30:00Z,Philadelphia Flyers,Pittsburgh Penguins,matchbook,h2h,Philadelphia Flyers,,1.75
2026-09-30T00:07:14Z,scheduled,255dd8cc841121349fe98f49791da840,2026-09-30T23:30:00Z,Philadelphia Flyers,Pittsburgh Penguins,matchbook,h2h,Pittsburgh Penguins,,2.28
2026-09-30T00:07:14Z,scheduled,255dd8cc841121349fe98f49791da840,2026-09-30T23:30:00Z,Philadelphia Flyers,Pittsburgh Penguins,matchbook,h2h_lay,Philadelphia Flyers,,1.79
2026-09-30T00:07:14Z,scheduled,255dd8cc841121349fe98f49791da840,2026-09-30T23:30:00Z,Philadelphia Flyers,Pittsburgh Penguins,matchbook,h2h_lay,Pittsburgh Penguins,,2.34
2026-09-30T00:07:14Z,scheduled,255dd8cc841121349fe98f49791da840,2026-09-30T23:30:00Z,Philadelphia Flyers,Pittsburgh Penguins,matchbook,spreads,Philadelphia Flyers,-1.5,2.76
2026-09-30T00:07:14Z,scheduled,255dd8cc841121349fe98f49791da840,2026-09-30T23:30:00Z,Philadelphia Flyers,Pittsburgh Penguins,matchbook,spreads,Pittsburgh Penguins,1.5,1.46
2026-09-30T00:07:14Z,scheduled,255dd8cc841121349fe98f49791da840,2026-09-30T23:30:00Z,Philadelphia Flyers,Pittsburgh Penguins,matchbook,totals,Over,6.5,2.08
2026-09-30T00:07:14Z,scheduled,255dd8cc841121349fe98f49791da840,2026-09-30T23:30:00Z,Philadelphia Flyers,Pittsburgh Penguins,matchbook,totals,Under,6.5,1.76
2026-09-30T00:07:14Z,scheduled,86ec2098c2ac5801e32fbde493581558,2026-09-30T23:40:00Z,Toronto Maple Leafs,New York Islanders,draftkings,h2h,New York Islanders,,2.0
2026-09-30T00:07:14Z,scheduled,86ec2098c2ac5801e32fbde493581558,2026-09-30T23:40:00Z,Toronto Maple Leafs,New York Islanders,draftkings,h2h,Toronto Maple Leafs,,1.83
2026-09-30T00:07:14Z,scheduled,86ec2098c2ac5801e32fbde493581558,2026-09-30T23:40:00Z,Toronto Maple Leafs,New York Islanders,draftkings,spreads,New York Islanders,1.5,1.42
2026-09-30T00:07:14Z,scheduled,86ec2098c2ac5801e32fbde493581558,2026-09-30T23:40:00Z,Toronto Maple Leafs,New York Islanders,draftkings,spreads,Toronto Maple Leafs,-1.5,2.95
2026-09-30T00:07:14Z,scheduled,86ec2098c2ac5801e32fbde493581558,2026-09-30T23:40:00Z,Toronto Maple Leafs,New York Islanders,draftkings,totals,Over,5.5,1.77
2026-09-30T00:07:14Z,scheduled,86ec2098c2ac5801e32fbde493581558,2026-09-30T23:40:00Z,Toronto Maple Leafs,New York Islanders,draftkings,totals,Under,5.5,2.1
2026-09-30T00:07:14Z,scheduled,86ec2098c2ac5801e32fbde493581558,2026-09-30T23:40:00Z,Toronto Maple Leafs,New York Islanders,betmgm,h2h,New York Islanders,,2.05
2026-09-30T00:07:14Z,scheduled,86ec2098c2ac5801e32fbde493581558,2026-09-30T23:40:00Z,Toronto Maple Leafs,New York Islanders,betmgm,h2h,Toronto Maple Leafs,,1.8
2026-09-30T00:07:14Z,scheduled,86ec2098c2ac5801e32fbde493581558,2026-09-30T23:40:00Z,Toronto Maple Leafs,New York Islanders,betmgm,spreads,New York Islanders,1.5,1.44
2026-09-30T00:07:14Z,scheduled,86ec2098c2ac5801e32fbde493581558,2026-09-30T23:40:00Z,Toronto Maple Leafs,New York Islanders,betmgm,spreads,Toronto Maple Leafs,-1.5,2.85
2026-09-30T00:07:14Z,scheduled,86ec2098c2ac5801e32fbde493581558,2026-09-30T23:40:00Z,Toronto Maple Leafs,New York Islanders,betmgm,totals,Over,6.0,1.87
2026-09-30T00:07:14Z,scheduled,86ec2098c2ac5801e32fbde493581558,2026-09-30T23:40:00Z,Toronto Maple Leafs,New York Islanders,betmgm,totals,Under,6.0,1.95
2026-09-30T00:07:14Z,scheduled,86ec2098c2ac5801e32fbde493581558,2026-09-30T23:40:00Z,Toronto Maple Leafs,New York Islanders,betrivers,h2h,New York Islanders,,2.02
2026-09-30T00:07:14Z,scheduled,86ec2098c2ac5801e32fbde493581558,2026-09-30T23:40:00Z,Toronto Maple Leafs,New York Islanders,betrivers,h2h,Toronto Maple Leafs,,1.81
2026-09-30T00:07:14Z,scheduled,86ec2098c2ac5801e32fbde493581558,2026-09-30T23:40:00Z,Toronto Maple Leafs,New York Islanders,betrivers,spreads,New York Islanders,1.5,1.38
2026-09-30T00:07:14Z,scheduled,86ec2098c2ac5801e32fbde493581558,2026-09-30T23:40:00Z,Toronto Maple Leafs,New York Islanders,betrivers,spreads,Toronto Maple Leafs,-1.5,3.0
2026-09-30T00:07:14Z,scheduled,86ec2098c2ac5801e32fbde493581558,2026-09-30T23:40:00Z,Toronto Maple Leafs,New York Islanders,betrivers,totals,Over,6.5,2.1
2026-09-30T00:07:14Z,scheduled,86ec2098c2ac5801e32fbde493581558,2026-09-30T23:40:00Z,Toronto Maple Leafs,New York Islanders,betrivers,totals,Under,6.5,1.72
2026-09-30T00:07:14Z,scheduled,86ec2098c2ac5801e32fbde493581558,2026-09-30T23:40:00Z,Toronto Maple Leafs,New York Islanders,fanduel,h2h,New York Islanders,,2.05
2026-09-30T00:07:14Z,scheduled,86ec2098c2ac5801e32fbde493581558,2026-09-30T23:40:00Z,Toronto Maple Leafs,New York Islanders,fanduel,h2h,Toronto Maple Leafs,,1.79
2026-09-30T00:07:14Z,scheduled,86ec2098c2ac5801e32fbde493581558,2026-09-30T23:40:00Z,Toronto Maple Leafs,New York Islanders,fanduel,spreads,New York Islanders,1.5,1.44
2026-09-30T00:07:14Z,scheduled,86ec2098c2ac5801e32fbde493581558,2026-09-30T23:40:00Z,Toronto Maple Leafs,New York Islanders,fanduel,spreads,Toronto Maple Leafs,-1.5,2.8
2026-09-30T00:07:14Z,scheduled,86ec2098c2ac5801e32fbde493581558,2026-09-30T23:40:00Z,Toronto Maple Leafs,New York Islanders,fanduel,totals,Over,6.5,2.06
2026-09-30T00:07:14Z,scheduled,86ec2098c2ac5801e32fbde493581558,2026-09-30T23:40:00Z,Toronto Maple Leafs,New York Islanders,fanduel,totals,Under,6.5,1.77
2026-09-30T00:07:14Z,scheduled,86ec2098c2ac5801e32fbde493581558,2026-09-30T23:40:00Z,Toronto Maple Leafs,New York Islanders,matchbook,h2h,New York Islanders,,2.04
2026-09-30T00:07:14Z,scheduled,86ec2098c2ac5801e32fbde493581558,2026-09-30T23:40:00Z,Toronto Maple Leafs,New York Islanders,matchbook,h2h,Toronto Maple Leafs,,1.79
2026-09-30T00:07:14Z,scheduled,86ec2098c2ac5801e32fbde493581558,2026-09-30T23:40:00Z,Toronto Maple Leafs,New York Islanders,matchbook,h2h_lay,New York Islanders,,2.28
2026-09-30T00:07:14Z,scheduled,86ec2098c2ac5801e32fbde493581558,2026-09-30T23:40:00Z,Toronto Maple Leafs,New York Islanders,matchbook,h2h_lay,Toronto Maple Leafs,,1.97
2026-09-30T00:07:14Z,scheduled,86ec2098c2ac5801e32fbde493581558,2026-09-30T23:40:00Z,Toronto Maple Leafs,New York Islanders,matchbook,spreads,New York Islanders,1.5,1.39
2026-09-30T00:07:14Z,scheduled,86ec2098c2ac5801e32fbde493581558,2026-09-30T23:40:00Z,Toronto Maple Leafs,New York Islanders,matchbook,spreads,Toronto Maple Leafs,-1.5,3.05
2026-09-30T00:07:14Z,scheduled,86ec2098c2ac5801e32fbde493581558,2026-09-30T23:40:00Z,Toronto Maple Leafs,New York Islanders,matchbook,totals,Over,6.5,2.06
2026-09-30T00:07:14Z,scheduled,86ec2098c2ac5801e32fbde493581558,2026-09-30T23:40:00Z,Toronto Maple Leafs,New York Islanders,matchbook,totals,Under,6.5,1.78
2026-09-30T00:07:14Z,scheduled,13520f2d7e050ef0f37b2c8ba7ff4a53,2026-10-01T02:10:00Z,Colorado Avalanche,Los Angeles Kings,draftkings,h2h,Colorado Avalanche,,1.56
2026-09-30T00:07:14Z,scheduled,13520f2d7e050ef0f37b2c8ba7ff4a53,2026-10-01T02:10:00Z,Colorado Avalanche,Los Angeles Kings,draftkings,h2h,Los Angeles Kings,,2.5
2026-09-30T00:07:14Z,scheduled,13520f2d7e050ef0f37b2c8ba7ff4a53,2026-10-01T02:10:00Z,Colorado Avalanche,Los Angeles Kings,draftkings,spreads,Colorado Avalanche,-1.5,2.36
2026-09-30T00:07:14Z,scheduled,13520f2d7e050ef0f37b2c8ba7ff4a53,2026-10-01T02:10:00Z,Colorado Avalanche,Los Angeles Kings,draftkings,spreads,Los Angeles Kings,1.5,1.62
2026-09-30T00:07:14Z,scheduled,13520f2d7e050ef0f37b2c8ba7ff4a53,2026-10-01T02:10:00Z,Colorado Avalanche,Los Angeles Kings,draftkings,totals,Over,6.5,2.1
2026-09-30T00:07:14Z,scheduled,13520f2d7e050ef0f37b2c8ba7ff4a53,2026-10-01T02:10:00Z,Colorado Avalanche,Los Angeles Kings,draftkings,totals,Under,6.5,1.77
2026-09-30T00:07:14Z,scheduled,13520f2d7e050ef0f37b2c8ba7ff4a53,2026-10-01T02:10:00Z,Colorado Avalanche,Los Angeles Kings,coolbet,h2h_3way,Colorado Avalanche,,1.87
2026-09-30T00:07:14Z,scheduled,13520f2d7e050ef0f37b2c8ba7ff4a53,2026-10-01T02:10:00Z,Colorado Avalanche,Los Angeles Kings,coolbet,h2h_3way,Los Angeles Kings,,3.45
2026-09-30T00:07:14Z,scheduled,13520f2d7e050ef0f37b2c8ba7ff4a53,2026-10-01T02:10:00Z,Colorado Avalanche,Los Angeles Kings,coolbet,h2h_3way,Draw,,4.4
2026-09-30T00:07:14Z,scheduled,13520f2d7e050ef0f37b2c8ba7ff4a53,2026-10-01T02:10:00Z,Colorado Avalanche,Los Angeles Kings,coolbet,spreads,Colorado Avalanche,-1.5,2.3
2026-09-30T00:07:14Z,scheduled,13520f2d7e050ef0f37b2c8ba7ff4a53,2026-10-01T02:10:00Z,Colorado Avalanche,Los Angeles Kings,coolbet,spreads,Los Angeles Kings,1.5,1.62
2026-09-30T00:07:14Z,scheduled,13520f2d7e050ef0f37b2c8ba7ff4a53,2026-10-01T02:10:00Z,Colorado Avalanche,Los Angeles Kings,betrivers,h2h,Colorado Avalanche,,1.49
2026-09-30T00:07:14Z,scheduled,13520f2d7e050ef0f37b2c8ba7ff4a53,2026-10-01T02:10:00Z,Colorado Avalanche,Los Angeles Kings,betrivers,h2h,Los Angeles Kings,,2.65
2026-09-30T00:07:14Z,scheduled,13520f2d7e050ef0f37b2c8ba7ff4a53,2026-10-01T02:10:00Z,Colorado Avalanche,Los Angeles Kings,betrivers,spreads,Colorado Avalanche,-1.5,2.25
2026-09-30T00:07:14Z,scheduled,13520f2d7e050ef0f37b2c8ba7ff4a53,2026-10-01T02:10:00Z,Colorado Avalanche,Los Angeles Kings,betrivers,spreads,Los Angeles Kings,1.5,1.63
2026-09-30T00:07:14Z,scheduled,13520f2d7e050ef0f37b2c8ba7ff4a53,2026-10-01T02:10:00Z,Colorado Avalanche,Los Angeles Kings,betrivers,totals,Over,6.5,2.08
2026-09-30T00:07:14Z,scheduled,13520f2d7e050ef0f37b2c8ba7ff4a53,2026-10-01T02:10:00Z,Colorado Avalanche,Los Angeles Kings,betrivers,totals,Under,6.5,1.72
2026-09-30T00:07:14Z,scheduled,13520f2d7e050ef0f37b2c8ba7ff4a53,2026-10-01T02:10:00Z,Colorado Avalanche,Los Angeles Kings,betmgm,h2h,Colorado Avalanche,,1.53
2026-09-30T00:07:14Z,scheduled,13520f2d7e050ef0f37b2c8ba7ff4a53,2026-10-01T02:10:00Z,Colorado Avalanche,Los Angeles Kings,betmgm,h2h,Los Angeles Kings,,2.55
2026-09-30T00:07:14Z,scheduled,13520f2d7e050ef0f37b2c8ba7ff4a53,2026-10-01T02:10:00Z,Colorado Avalanche,Los Angeles Kings,betmgm,spreads,Colorado Avalanche,-1.5,2.25
2026-09-30T00:07:14Z,scheduled,13520f2d7e050ef0f37b2c8ba7ff4a53,2026-10-01T02:10:00Z,Colorado Avalanche,Los Angeles Kings,betmgm,spreads,Los Angeles Kings,1.5,1.67
2026-09-30T00:07:14Z,scheduled,13520f2d7e050ef0f37b2c8ba7ff4a53,2026-10-01T02:10:00Z,Colorado Avalanche,Los Angeles Kings,betmgm,totals,Over,6.0,1.83
2026-09-30T00:07:14Z,scheduled,13520f2d7e050ef0f37b2c8ba7ff4a53,2026-10-01T02:10:00Z,Colorado Avalanche,Los Angeles Kings,betmgm,totals,Under,6.0,2.0
2026-09-30T00:07:14Z,scheduled,13520f2d7e050ef0f37b2c8ba7ff4a53,2026-10-01T02:10:00Z,Colorado Avalanche,Los Angeles Kings,pinnacle,h2h,Colorado Avalanche,,1.55
2026-09-30T00:07:14Z,scheduled,13520f2d7e050ef0f37b2c8ba7ff4a53,2026-10-01T02:10:00Z,Colorado Avalanche,Los Angeles Kings,pinnacle,h2h,Los Angeles Kings,,2.58
2026-09-30T00:07:14Z,scheduled,13520f2d7e050ef0f37b2c8ba7ff4a53,2026-10-01T02:10:00Z,Colorado Avalanche,Los Angeles Kings,pinnacle,spreads,Colorado Avalanche,-1.5,2.43
2026-09-30T00:07:14Z,scheduled,13520f2d7e050ef0f37b2c8ba7ff4a53,2026-10-01T02:10:00Z,Colorado Avalanche,Los Angeles Kings,pinnacle,spreads,Los Angeles Kings,1.5,1.6
2026-09-30T00:07:14Z,scheduled,13520f2d7e050ef0f37b2c8ba7ff4a53,2026-10-01T02:10:00Z,Colorado Avalanche,Los Angeles Kings,pinnacle,totals,Over,6.0,1.86
2026-09-30T00:07:14Z,scheduled,13520f2d7e050ef0f37b2c8ba7ff4a53,2026-10-01T02:10:00Z,Colorado Avalanche,Los Angeles Kings,pinnacle,totals,Under,6.0,2.01
2026-09-30T00:07:14Z,scheduled,13520f2d7e050ef0f37b2c8ba7ff4a53,2026-10-01T02:10:00Z,Colorado Avalanche,Los Angeles Kings,fanduel,h2h,Colorado Avalanche,,1.52
2026-09-30T00:07:14Z,scheduled,13520f2d7e050ef0f37b2c8ba7ff4a53,2026-10-01T02:10:00Z,Colorado Avalanche,Los Angeles Kings,fanduel,h2h,Los Angeles Kings,,2.6
2026-09-30T00:07:14Z,scheduled,13520f2d7e050ef0f37b2c8ba7ff4a53,2026-10-01T02:10:00Z,Colorado Avalanche,Los Angeles Kings,fanduel,spreads,Colorado Avalanche,-1.5,2.28
2026-09-30T00:07:14Z,scheduled,13520f2d7e050ef0f37b2c8ba7ff4a53,2026-10-01T02:10:00Z,Colorado Avalanche,Los Angeles Kings,fanduel,spreads,Los Angeles Kings,1.5,1.63
2026-09-30T00:07:14Z,scheduled,13520f2d7e050ef0f37b2c8ba7ff4a53,2026-10-01T02:10:00Z,Colorado Avalanche,Los Angeles Kings,fanduel,totals,Over,6.5,2.06
2026-09-30T00:07:14Z,scheduled,13520f2d7e050ef0f37b2c8ba7ff4a53,2026-10-01T02:10:00Z,Colorado Avalanche,Los Angeles Kings,fanduel,totals,Under,6.5,1.77
2026-09-30T19:58:08Z,scheduled,255dd8cc841121349fe98f49791da840,2026-09-30T23:30:00Z,Philadelphia Flyers,Pittsburgh Penguins,draftkings,h2h,Philadelphia Flyers,,1.7
2026-09-30T19:58:08Z,scheduled,255dd8cc841121349fe98f49791da840,2026-09-30T23:30:00Z,Philadelphia Flyers,Pittsburgh Penguins,draftkings,h2h,Pittsburgh Penguins,,2.2
2026-09-30T19:58:08Z,scheduled,255dd8cc841121349fe98f49791da840,2026-09-30T23:30:00Z,Philadelphia Flyers,Pittsburgh Penguins,draftkings,spreads,Philadelphia Flyers,-1.5,2.8
2026-09-30T19:58:08Z,scheduled,255dd8cc841121349fe98f49791da840,2026-09-30T23:30:00Z,Philadelphia Flyers,Pittsburgh Penguins,draftkings,spreads,Pittsburgh Penguins,1.5,1.46
2026-09-30T19:58:08Z,scheduled,255dd8cc841121349fe98f49791da840,2026-09-30T23:30:00Z,Philadelphia Flyers,Pittsburgh Penguins,draftkings,totals,Over,6.5,2.1
2026-09-30T19:58:08Z,scheduled,255dd8cc841121349fe98f49791da840,2026-09-30T23:30:00Z,Philadelphia Flyers,Pittsburgh Penguins,draftkings,totals,Under,6.5,1.77
2026-09-30T19:58:08Z,scheduled,255dd8cc841121349fe98f49791da840,2026-09-30T23:30:00Z,Philadelphia Flyers,Pittsburgh Penguins,coolbet,h2h_3way,Philadelphia Flyers,,2.11
2026-09-30T19:58:08Z,scheduled,255dd8cc841121349fe98f49791da840,2026-09-30T23:30:00Z,Philadelphia Flyers,Pittsburgh Penguins,coolbet,h2h_3way,Pittsburgh Penguins,,2.95
2026-09-30T19:58:08Z,scheduled,255dd8cc841121349fe98f49791da840,2026-09-30T23:30:00Z,Philadelphia Flyers,Pittsburgh Penguins,coolbet,h2h_3way,Draw,,4.2
2026-09-30T19:58:08Z,scheduled,255dd8cc841121349fe98f49791da840,2026-09-30T23:30:00Z,Philadelphia Flyers,Pittsburgh Penguins,coolbet,spreads,Philadelphia Flyers,-1.5,2.67
2026-09-30T19:58:08Z,scheduled,255dd8cc841121349fe98f49791da840,2026-09-30T23:30:00Z,Philadelphia Flyers,Pittsburgh Penguins,coolbet,spreads,Pittsburgh Penguins,1.5,1.48
2026-09-30T19:58:08Z,scheduled,255dd8cc841121349fe98f49791da840,2026-09-30T23:30:00Z,Philadelphia Flyers,Pittsburgh Penguins,coolbet,totals,Over,5.5,1.71
2026-09-30T19:58:08Z,scheduled,255dd8cc841121349fe98f49791da840,2026-09-30T23:30:00Z,Philadelphia Flyers,Pittsburgh Penguins,coolbet,totals,Under,5.5,2.15
2026-09-30T19:58:08Z,scheduled,255dd8cc841121349fe98f49791da840,2026-09-30T23:30:00Z,Philadelphia Flyers,Pittsburgh Penguins,betsson,h2h,Philadelphia Flyers,,1.69
2026-09-30T19:58:08Z,scheduled,255dd8cc841121349fe98f49791da840,2026-09-30T23:30:00Z,Philadelphia Flyers,Pittsburgh Penguins,betsson,h2h,Pittsburgh Penguins,,2.17
2026-09-30T19:58:08Z,scheduled,255dd8cc841121349fe98f49791da840,2026-09-30T23:30:00Z,Philadelphia Flyers,Pittsburgh Penguins,betsson,spreads,Philadelphia Flyers,-1.5,2.55
2026-09-30T19:58:08Z,scheduled,255dd8cc841121349fe98f49791da840,2026-09-30T23:30:00Z,Philadelphia Flyers,Pittsburgh Penguins,betsson,spreads,Pittsburgh Penguins,1.5,1.5
2026-09-30T19:58:08Z,scheduled,255dd8cc841121349fe98f49791da840,2026-09-30T23:30:00Z,Philadelphia Flyers,Pittsburgh Penguins,betrivers,h2h,Philadelphia Flyers,,1.67
2026-09-30T19:58:08Z,scheduled,255dd8cc841121349fe98f49791da840,2026-09-30T23:30:00Z,Philadelphia Flyers,Pittsburgh Penguins,betrivers,h2h,Pittsburgh Penguins,,2.23
2026-09-30T19:58:08Z,scheduled,255dd8cc841121349fe98f49791da840,2026-09-30T23:30:00Z,Philadelphia Flyers,Pittsburgh Penguins,betrivers,spreads,Philadelphia Flyers,-1.5,2.7
2026-09-30T19:58:08Z,scheduled,255dd8cc841121349fe98f49791da840,2026-09-30T23:30:00Z,Philadelphia Flyers,Pittsburgh Penguins,betrivers,spreads,Pittsburgh Penguins,1.5,1.44
2026-09-30T19:58:08Z,scheduled,255dd8cc841121349fe98f49791da840,2026-09-30T23:30:00Z,Philadelphia Flyers,Pittsburgh Penguins,betrivers,totals,Over,5.5,1.72
2026-09-30T19:58:08Z,scheduled,255dd8cc841121349fe98f49791da840,2026-09-30T23:30:00Z,Philadelphia Flyers,Pittsburgh Penguins,betrivers,totals,Under,5.5,2.1
2026-09-30T19:58:08Z,scheduled,255dd8cc841121349fe98f49791da840,2026-09-30T23:30:00Z,Philadelphia Flyers,Pittsburgh Penguins,betmgm,h2h,Philadelphia Flyers,,1.71
2026-09-30T19:58:08Z,scheduled,255dd8cc841121349fe98f49791da840,2026-09-30T23:30:00Z,Philadelphia Flyers,Pittsburgh Penguins,betmgm,h2h,Pittsburgh Penguins,,2.18
2026-09-30T19:58:08Z,scheduled,255dd8cc841121349fe98f49791da840,2026-09-30T23:30:00Z,Philadelphia Flyers,Pittsburgh Penguins,betmgm,spreads,Philadelphia Flyers,-1.5,2.8
2026-09-30T19:58:08Z,scheduled,255dd8cc841121349fe98f49791da840,2026-09-30T23:30:00Z,Philadelphia Flyers,Pittsburgh Penguins,betmgm,spreads,Pittsburgh Penguins,1.5,1.45
2026-09-30T19:58:08Z,scheduled,255dd8cc841121349fe98f49791da840,2026-09-30T23:30:00Z,Philadelphia Flyers,Pittsburgh Penguins,betmgm,totals,Over,6.0,1.87
2026-09-30T19:58:08Z,scheduled,255dd8cc841121349fe98f49791da840,2026-09-30T23:30:00Z,Philadelphia Flyers,Pittsburgh Penguins,betmgm,totals,Under,6.0,1.95
2026-09-30T19:58:08Z,scheduled,255dd8cc841121349fe98f49791da840,2026-09-30T23:30:00Z,Philadelphia Flyers,Pittsburgh Penguins,pinnacle,h2h,Philadelphia Flyers,,1.72
2026-09-30T19:58:08Z,scheduled,255dd8cc841121349fe98f49791da840,2026-09-30T23:30:00Z,Philadelphia Flyers,Pittsburgh Penguins,pinnacle,h2h,Pittsburgh Penguins,,2.26
2026-09-30T19:58:08Z,scheduled,255dd8cc841121349fe98f49791da840,2026-09-30T23:30:00Z,Philadelphia Flyers,Pittsburgh Penguins,pinnacle,spreads,Philadelphia Flyers,-1.5,2.82
2026-09-30T19:58:08Z,scheduled,255dd8cc841121349fe98f49791da840,2026-09-30T23:30:00Z,Philadelphia Flyers,Pittsburgh Penguins,pinnacle,spreads,Pittsburgh Penguins,1.5,1.48
2026-09-30T19:58:08Z,scheduled,255dd8cc841121349fe98f49791da840,2026-09-30T23:30:00Z,Philadelphia Flyers,Pittsburgh Penguins,pinnacle,totals,Over,6.0,1.88
2026-09-30T19:58:08Z,scheduled,255dd8cc841121349fe98f49791da840,2026-09-30T23:30:00Z,Philadelphia Flyers,Pittsburgh Penguins,pinnacle,totals,Under,6.0,2.01
2026-09-30T19:58:08Z,scheduled,255dd8cc841121349fe98f49791da840,2026-09-30T23:30:00Z,Philadelphia Flyers,Pittsburgh Penguins,fanduel,h2h,Philadelphia Flyers,,1.68
2026-09-30T19:58:08Z,scheduled,255dd8cc841121349fe98f49791da840,2026-09-30T23:30:00Z,Philadelphia Flyers,Pittsburgh Penguins,fanduel,h2h,Pittsburgh Penguins,,2.22
2026-09-30T19:58:08Z,scheduled,255dd8cc841121349fe98f49791da840,2026-09-30T23:30:00Z,Philadelphia Flyers,Pittsburgh Penguins,fanduel,spreads,Philadelphia Flyers,-1.5,2.72
2026-09-30T19:58:08Z,scheduled,255dd8cc841121349fe98f49791da840,2026-09-30T23:30:00Z,Philadelphia Flyers,Pittsburgh Penguins,fanduel,spreads,Pittsburgh Penguins,1.5,1.47
2026-09-30T19:58:08Z,scheduled,255dd8cc841121349fe98f49791da840,2026-09-30T23:30:00Z,Philadelphia Flyers,Pittsburgh Penguins,fanduel,totals,Over,6.5,2.12
2026-09-30T19:58:08Z,scheduled,255dd8cc841121349fe98f49791da840,2026-09-30T23:30:00Z,Philadelphia Flyers,Pittsburgh Penguins,fanduel,totals,Under,6.5,1.72
2026-09-30T19:58:08Z,scheduled,255dd8cc841121349fe98f49791da840,2026-09-30T23:30:00Z,Philadelphia Flyers,Pittsburgh Penguins,matchbook,h2h,Philadelphia Flyers,,1.76
2026-09-30T19:58:08Z,scheduled,255dd8cc841121349fe98f49791da840,2026-09-30T23:30:00Z,Philadelphia Flyers,Pittsburgh Penguins,matchbook,h2h,Pittsburgh Penguins,,2.3
2026-09-30T19:58:08Z,scheduled,255dd8cc841121349fe98f49791da840,2026-09-30T23:30:00Z,Philadelphia Flyers,Pittsburgh Penguins,matchbook,h2h_lay,Philadelphia Flyers,,1.77
2026-09-30T19:58:08Z,scheduled,255dd8cc841121349fe98f49791da840,2026-09-30T23:30:00Z,Philadelphia Flyers,Pittsburgh Penguins,matchbook,h2h_lay,Pittsburgh Penguins,,2.32
2026-09-30T19:58:08Z,scheduled,255dd8cc841121349fe98f49791da840,2026-09-30T23:30:00Z,Philadelphia Flyers,Pittsburgh Penguins,matchbook,spreads,Philadelphia Flyers,-1.5,2.86
2026-09-30T19:58:08Z,scheduled,255dd8cc841121349fe98f49791da840,2026-09-30T23:30:00Z,Philadelphia Flyers,Pittsburgh Penguins,matchbook,spreads,Pittsburgh Penguins,1.5,1.51
2026-09-30T19:58:08Z,scheduled,255dd8cc841121349fe98f49791da840,2026-09-30T23:30:00Z,Philadelphia Flyers,Pittsburgh Penguins,matchbook,totals,Over,6.5,2.16
2026-09-30T19:58:08Z,scheduled,255dd8cc841121349fe98f49791da840,2026-09-30T23:30:00Z,Philadelphia Flyers,Pittsburgh Penguins,matchbook,totals,Under,6.5,1.81
2026-09-30T19:58:08Z,scheduled,86ec2098c2ac5801e32fbde493581558,2026-09-30T23:40:00Z,Toronto Maple Leafs,New York Islanders,draftkings,h2h,New York Islanders,,2.1
2026-09-30T19:58:08Z,scheduled,86ec2098c2ac5801e32fbde493581558,2026-09-30T23:40:00Z,Toronto Maple Leafs,New York Islanders,draftkings,h2h,Toronto Maple Leafs,,1.77
2026-09-30T19:58:08Z,scheduled,86ec2098c2ac5801e32fbde493581558,2026-09-30T23:40:00Z,Toronto Maple Leafs,New York Islanders,draftkings,spreads,New York Islanders,1.5,1.42
2026-09-30T19:58:08Z,scheduled,86ec2098c2ac5801e32fbde493581558,2026-09-30T23:40:00Z,Toronto Maple Leafs,New York Islanders,draftkings,spreads,Toronto Maple Leafs,-1.5,2.95
2026-09-30T19:58:08Z,scheduled,86ec2098c2ac5801e32fbde493581558,2026-09-30T23:40:00Z,Toronto Maple Leafs,New York Islanders,draftkings,totals,Over,5.5,1.74
2026-09-30T19:58:08Z,scheduled,86ec2098c2ac5801e32fbde493581558,2026-09-30T23:40:00Z,Toronto Maple Leafs,New York Islanders,draftkings,totals,Under,5.5,2.14
2026-09-30T19:58:08Z,scheduled,86ec2098c2ac5801e32fbde493581558,2026-09-30T23:40:00Z,Toronto Maple Leafs,New York Islanders,betmgm,h2h,New York Islanders,,2.1
2026-09-30T19:58:08Z,scheduled,86ec2098c2ac5801e32fbde493581558,2026-09-30T23:40:00Z,Toronto Maple Leafs,New York Islanders,betmgm,h2h,Toronto Maple Leafs,,1.77
2026-09-30T19:58:08Z,scheduled,86ec2098c2ac5801e32fbde493581558,2026-09-30T23:40:00Z,Toronto Maple Leafs,New York Islanders,betmgm,spreads,New York Islanders,1.5,1.43
2026-09-30T19:58:08Z,scheduled,86ec2098c2ac5801e32fbde493581558,2026-09-30T23:40:00Z,Toronto Maple Leafs,New York Islanders,betmgm,spreads,Toronto Maple Leafs,-1.5,2.9
2026-09-30T19:58:08Z,scheduled,86ec2098c2ac5801e32fbde493581558,2026-09-30T23:40:00Z,Toronto Maple Leafs,New York Islanders,betmgm,totals,Over,6.0,1.91
2026-09-30T19:58:08Z,scheduled,86ec2098c2ac5801e32fbde493581558,2026-09-30T23:40:00Z,Toronto Maple Leafs,New York Islanders,betmgm,totals,Under,6.0,1.91
2026-09-30T19:58:08Z,scheduled,86ec2098c2ac5801e32fbde493581558,2026-09-30T23:40:00Z,Toronto Maple Leafs,New York Islanders,betrivers,h2h,New York Islanders,,2.14
2026-09-30T19:58:08Z,scheduled,86ec2098c2ac5801e32fbde493581558,2026-09-30T23:40:00Z,Toronto Maple Leafs,New York Islanders,betrivers,h2h,Toronto Maple Leafs,,1.73
2026-09-30T19:58:08Z,scheduled,86ec2098c2ac5801e32fbde493581558,2026-09-30T23:40:00Z,Toronto Maple Leafs,New York Islanders,betrivers,spreads,New York Islanders,1.5,1.42
2026-09-30T19:58:08Z,scheduled,86ec2098c2ac5801e32fbde493581558,2026-09-30T23:40:00Z,Toronto Maple Leafs,New York Islanders,betrivers,spreads,Toronto Maple Leafs,-1.5,2.85
2026-09-30T19:58:08Z,scheduled,86ec2098c2ac5801e32fbde493581558,2026-09-30T23:40:00Z,Toronto Maple Leafs,New York Islanders,betrivers,totals,Over,6.5,2.08
2026-09-30T19:58:08Z,scheduled,86ec2098c2ac5801e32fbde493581558,2026-09-30T23:40:00Z,Toronto Maple Leafs,New York Islanders,betrivers,totals,Under,6.5,1.73
2026-09-30T19:58:08Z,scheduled,86ec2098c2ac5801e32fbde493581558,2026-09-30T23:40:00Z,Toronto Maple Leafs,New York Islanders,betsson,h2h,New York Islanders,,2.07
2026-09-30T19:58:08Z,scheduled,86ec2098c2ac5801e32fbde493581558,2026-09-30T23:40:00Z,Toronto Maple Leafs,New York Islanders,betsson,h2h,Toronto Maple Leafs,,1.75
2026-09-30T19:58:08Z,scheduled,86ec2098c2ac5801e32fbde493581558,2026-09-30T23:40:00Z,Toronto Maple Leafs,New York Islanders,betsson,spreads,New York Islanders,1.5,1.46
2026-09-30T19:58:08Z,scheduled,86ec2098c2ac5801e32fbde493581558,2026-09-30T23:40:00Z,Toronto Maple Leafs,New York Islanders,betsson,spreads,Toronto Maple Leafs,-1.5,2.7
2026-09-30T19:58:08Z,scheduled,86ec2098c2ac5801e32fbde493581558,2026-09-30T23:40:00Z,Toronto Maple Leafs,New York Islanders,fanduel,h2h,New York Islanders,,2.1
2026-09-30T19:58:08Z,scheduled,86ec2098c2ac5801e32fbde493581558,2026-09-30T23:40:00Z,Toronto Maple Leafs,New York Islanders,fanduel,h2h,Toronto Maple Leafs,,1.76
2026-09-30T19:58:08Z,scheduled,86ec2098c2ac5801e32fbde493581558,2026-09-30T23:40:00Z,Toronto Maple Leafs,New York Islanders,fanduel,spreads,New York Islanders,1.5,1.44
2026-09-30T19:58:08Z,scheduled,86ec2098c2ac5801e32fbde493581558,2026-09-30T23:40:00Z,Toronto Maple Leafs,New York Islanders,fanduel,spreads,Toronto Maple Leafs,-1.5,2.8
2026-09-30T19:58:08Z,scheduled,86ec2098c2ac5801e32fbde493581558,2026-09-30T23:40:00Z,Toronto Maple Leafs,New York Islanders,fanduel,totals,Over,6.5,2.06
2026-09-30T19:58:08Z,scheduled,86ec2098c2ac5801e32fbde493581558,2026-09-30T23:40:00Z,Toronto Maple Leafs,New York Islanders,fanduel,totals,Under,6.5,1.77
2026-09-30T19:58:08Z,scheduled,86ec2098c2ac5801e32fbde493581558,2026-09-30T23:40:00Z,Toronto Maple Leafs,New York Islanders,matchbook,h2h,New York Islanders,,2.16
2026-09-30T19:58:08Z,scheduled,86ec2098c2ac5801e32fbde493581558,2026-09-30T23:40:00Z,Toronto Maple Leafs,New York Islanders,matchbook,h2h,Toronto Maple Leafs,,1.83
2026-09-30T19:58:08Z,scheduled,86ec2098c2ac5801e32fbde493581558,2026-09-30T23:40:00Z,Toronto Maple Leafs,New York Islanders,matchbook,h2h_lay,New York Islanders,,2.2
2026-09-30T19:58:08Z,scheduled,86ec2098c2ac5801e32fbde493581558,2026-09-30T23:40:00Z,Toronto Maple Leafs,New York Islanders,matchbook,h2h_lay,Toronto Maple Leafs,,1.86
2026-09-30T19:58:08Z,scheduled,86ec2098c2ac5801e32fbde493581558,2026-09-30T23:40:00Z,Toronto Maple Leafs,New York Islanders,matchbook,spreads,New York Islanders,1.5,1.45
2026-09-30T19:58:08Z,scheduled,86ec2098c2ac5801e32fbde493581558,2026-09-30T23:40:00Z,Toronto Maple Leafs,New York Islanders,matchbook,spreads,Toronto Maple Leafs,-1.5,3.05
2026-09-30T19:58:08Z,scheduled,86ec2098c2ac5801e32fbde493581558,2026-09-30T23:40:00Z,Toronto Maple Leafs,New York Islanders,matchbook,totals,Over,6.5,2.2
2026-09-30T19:58:08Z,scheduled,86ec2098c2ac5801e32fbde493581558,2026-09-30T23:40:00Z,Toronto Maple Leafs,New York Islanders,matchbook,totals,Under,6.5,1.79
2026-09-30T19:58:08Z,scheduled,86ec2098c2ac5801e32fbde493581558,2026-09-30T23:40:00Z,Toronto Maple Leafs,New York Islanders,coolbet,h2h_3way,New York Islanders,,2.75
2026-09-30T19:58:08Z,scheduled,86ec2098c2ac5801e32fbde493581558,2026-09-30T23:40:00Z,Toronto Maple Leafs,New York Islanders,coolbet,h2h_3way,Toronto Maple Leafs,,2.26
2026-09-30T19:58:08Z,scheduled,86ec2098c2ac5801e32fbde493581558,2026-09-30T23:40:00Z,Toronto Maple Leafs,New York Islanders,coolbet,h2h_3way,Draw,,4.2
2026-09-30T19:58:08Z,scheduled,86ec2098c2ac5801e32fbde493581558,2026-09-30T23:40:00Z,Toronto Maple Leafs,New York Islanders,coolbet,spreads,New York Islanders,1.5,1.43
2026-09-30T19:58:08Z,scheduled,86ec2098c2ac5801e32fbde493581558,2026-09-30T23:40:00Z,Toronto Maple Leafs,New York Islanders,coolbet,spreads,Toronto Maple Leafs,-1.5,2.85
2026-09-30T19:58:08Z,scheduled,86ec2098c2ac5801e32fbde493581558,2026-09-30T23:40:00Z,Toronto Maple Leafs,New York Islanders,coolbet,totals,Over,5.5,1.68
2026-09-30T19:58:08Z,scheduled,86ec2098c2ac5801e32fbde493581558,2026-09-30T23:40:00Z,Toronto Maple Leafs,New York Islanders,coolbet,totals,Under,5.5,2.2
2026-09-30T19:58:08Z,scheduled,86ec2098c2ac5801e32fbde493581558,2026-09-30T23:40:00Z,Toronto Maple Leafs,New York Islanders,pinnacle,h2h,New York Islanders,,2.13
2026-09-30T19:58:08Z,scheduled,86ec2098c2ac5801e32fbde493581558,2026-09-30T23:40:00Z,Toronto Maple Leafs,New York Islanders,pinnacle,h2h,Toronto Maple Leafs,,1.8
2026-09-30T19:58:08Z,scheduled,86ec2098c2ac5801e32fbde493581558,2026-09-30T23:40:00Z,Toronto Maple Leafs,New York Islanders,pinnacle,spreads,New York Islanders,1.5,1.43
2026-09-30T19:58:08Z,scheduled,86ec2098c2ac5801e32fbde493581558,2026-09-30T23:40:00Z,Toronto Maple Leafs,New York Islanders,pinnacle,spreads,Toronto Maple Leafs,-1.5,3.02
2026-09-30T19:58:08Z,scheduled,86ec2098c2ac5801e32fbde493581558,2026-09-30T23:40:00Z,Toronto Maple Leafs,New York Islanders,pinnacle,totals,Over,6.0,1.92
2026-09-30T19:58:08Z,scheduled,86ec2098c2ac5801e32fbde493581558,2026-09-30T23:40:00Z,Toronto Maple Leafs,New York Islanders,pinnacle,totals,Under,6.0,1.97
2026-09-30T19:58:08Z,scheduled,13520f2d7e050ef0f37b2c8ba7ff4a53,2026-10-01T02:10:00Z,Colorado Avalanche,Los Angeles Kings,draftkings,h2h,Colorado Avalanche,,1.52
2026-09-30T19:58:08Z,scheduled,13520f2d7e050ef0f37b2c8ba7ff4a53,2026-10-01T02:10:00Z,Colorado Avalanche,Los Angeles Kings,draftkings,h2h,Los Angeles Kings,,2.6
2026-09-30T19:58:08Z,scheduled,13520f2d7e050ef0f37b2c8ba7ff4a53,2026-10-01T02:10:00Z,Colorado Avalanche,Los Angeles Kings,draftkings,spreads,Colorado Avalanche,-1.5,2.3
2026-09-30T19:58:08Z,scheduled,13520f2d7e050ef0f37b2c8ba7ff4a53,2026-10-01T02:10:00Z,Colorado Avalanche,Los Angeles Kings,draftkings,spreads,Los Angeles Kings,1.5,1.65
2026-09-30T19:58:08Z,scheduled,13520f2d7e050ef0f37b2c8ba7ff4a53,2026-10-01T02:10:00Z,Colorado Avalanche,Los Angeles Kings,draftkings,totals,Over,6.5,2.05
2026-09-30T19:58:08Z,scheduled,13520f2d7e050ef0f37b2c8ba7ff4a53,2026-10-01T02:10:00Z,Colorado Avalanche,Los Angeles Kings,draftkings,totals,Under,6.5,1.8
2026-09-30T19:58:08Z,scheduled,13520f2d7e050ef0f37b2c8ba7ff4a53,2026-10-01T02:10:00Z,Colorado Avalanche,Los Angeles Kings,coolbet,h2h_3way,Colorado Avalanche,,1.87
2026-09-30T19:58:08Z,scheduled,13520f2d7e050ef0f37b2c8ba7ff4a53,2026-10-01T02:10:00Z,Colorado Avalanche,Los Angeles Kings,coolbet,h2h_3way,Los Angeles Kings,,3.58
2026-09-30T19:58:08Z,scheduled,13520f2d7e050ef0f37b2c8ba7ff4a53,2026-10-01T02:10:00Z,Colorado Avalanche,Los Angeles Kings,coolbet,h2h_3way,Draw,,4.3
2026-09-30T19:58:08Z,scheduled,13520f2d7e050ef0f37b2c8ba7ff4a53,2026-10-01T02:10:00Z,Colorado Avalanche,Los Angeles Kings,coolbet,spreads,Colorado Avalanche,-1.5,2.27
2026-09-30T19:58:08Z,scheduled,13520f2d7e050ef0f37b2c8ba7ff4a53,2026-10-01T02:10:00Z,Colorado Avalanche,Los Angeles Kings,coolbet,spreads,Los Angeles Kings,1.5,1.64
2026-09-30T19:58:08Z,scheduled,13520f2d7e050ef0f37b2c8ba7ff4a53,2026-10-01T02:10:00Z,Colorado Avalanche,Los Angeles Kings,coolbet,totals,Over,5.5,1.68
2026-09-30T19:58:08Z,scheduled,13520f2d7e050ef0f37b2c8ba7ff4a53,2026-10-01T02:10:00Z,Colorado Avalanche,Los Angeles Kings,coolbet,totals,Under,5.5,2.2
2026-09-30T19:58:08Z,scheduled,13520f2d7e050ef0f37b2c8ba7ff4a53,2026-10-01T02:10:00Z,Colorado Avalanche,Los Angeles Kings,betsson,h2h,Colorado Avalanche,,1.52
2026-09-30T19:58:08Z,scheduled,13520f2d7e050ef0f37b2c8ba7ff4a53,2026-10-01T02:10:00Z,Colorado Avalanche,Los Angeles Kings,betsson,h2h,Los Angeles Kings,,2.55
2026-09-30T19:58:08Z,scheduled,13520f2d7e050ef0f37b2c8ba7ff4a53,2026-10-01T02:10:00Z,Colorado Avalanche,Los Angeles Kings,betsson,spreads,Colorado Avalanche,-1.5,2.15
2026-09-30T19:58:08Z,scheduled,13520f2d7e050ef0f37b2c8ba7ff4a53,2026-10-01T02:10:00Z,Colorado Avalanche,Los Angeles Kings,betsson,spreads,Los Angeles Kings,1.5,1.7
2026-09-30T19:58:08Z,scheduled,13520f2d7e050ef0f37b2c8ba7ff4a53,2026-10-01T02:10:00Z,Colorado Avalanche,Los Angeles Kings,betrivers,h2h,Colorado Avalanche,,1.5
2026-09-30T19:58:08Z,scheduled,13520f2d7e050ef0f37b2c8ba7ff4a53,2026-10-01T02:10:00Z,Colorado Avalanche,Los Angeles Kings,betrivers,h2h,Los Angeles Kings,,2.63
2026-09-30T19:58:08Z,scheduled,13520f2d7e050ef0f37b2c8ba7ff4a53,2026-10-01T02:10:00Z,Colorado Avalanche,Los Angeles Kings,betrivers,spreads,Colorado Avalanche,-1.5,2.3
2026-09-30T19:58:08Z,scheduled,13520f2d7e050ef0f37b2c8ba7ff4a53,2026-10-01T02:10:00Z,Colorado Avalanche,Los Angeles Kings,betrivers,spreads,Los Angeles Kings,1.5,1.6
2026-09-30T19:58:08Z,scheduled,13520f2d7e050ef0f37b2c8ba7ff4a53,2026-10-01T02:10:00Z,Colorado Avalanche,Los Angeles Kings,betrivers,totals,Over,6.5,2.07
2026-09-30T19:58:08Z,scheduled,13520f2d7e050ef0f37b2c8ba7ff4a53,2026-10-01T02:10:00Z,Colorado Avalanche,Los Angeles Kings,betrivers,totals,Under,6.5,1.74
2026-09-30T19:58:08Z,scheduled,13520f2d7e050ef0f37b2c8ba7ff4a53,2026-10-01T02:10:00Z,Colorado Avalanche,Los Angeles Kings,betmgm,h2h,Colorado Avalanche,,1.53
2026-09-30T19:58:08Z,scheduled,13520f2d7e050ef0f37b2c8ba7ff4a53,2026-10-01T02:10:00Z,Colorado Avalanche,Los Angeles Kings,betmgm,h2h,Los Angeles Kings,,2.55
2026-09-30T19:58:08Z,scheduled,13520f2d7e050ef0f37b2c8ba7ff4a53,2026-10-01T02:10:00Z,Colorado Avalanche,Los Angeles Kings,betmgm,spreads,Colorado Avalanche,-1.5,2.3
2026-09-30T19:58:08Z,scheduled,13520f2d7e050ef0f37b2c8ba7ff4a53,2026-10-01T02:10:00Z,Colorado Avalanche,Los Angeles Kings,betmgm,spreads,Los Angeles Kings,1.5,1.65
2026-09-30T19:58:08Z,scheduled,13520f2d7e050ef0f37b2c8ba7ff4a53,2026-10-01T02:10:00Z,Colorado Avalanche,Los Angeles Kings,betmgm,totals,Over,6.5,2.0
2026-09-30T19:58:08Z,scheduled,13520f2d7e050ef0f37b2c8ba7ff4a53,2026-10-01T02:10:00Z,Colorado Avalanche,Los Angeles Kings,betmgm,totals,Under,6.5,1.83
2026-09-30T19:58:08Z,scheduled,13520f2d7e050ef0f37b2c8ba7ff4a53,2026-10-01T02:10:00Z,Colorado Avalanche,Los Angeles Kings,pinnacle,h2h,Colorado Avalanche,,1.51
2026-09-30T19:58:08Z,scheduled,13520f2d7e050ef0f37b2c8ba7ff4a53,2026-10-01T02:10:00Z,Colorado Avalanche,Los Angeles Kings,pinnacle,h2h,Los Angeles Kings,,2.74
2026-09-30T19:58:08Z,scheduled,13520f2d7e050ef0f37b2c8ba7ff4a53,2026-10-01T02:10:00Z,Colorado Avalanche,Los Angeles Kings,pinnacle,spreads,Colorado Avalanche,-1.5,2.34
2026-09-30T19:58:08Z,scheduled,13520f2d7e050ef0f37b2c8ba7ff4a53,2026-10-01T02:10:00Z,Colorado Avalanche,Los Angeles Kings,pinnacle,spreads,Los Angeles Kings,1.5,1.66
2026-09-30T19:58:08Z,scheduled,13520f2d7e050ef0f37b2c8ba7ff4a53,2026-10-01T02:10:00Z,Colorado Avalanche,Los Angeles Kings,pinnacle,totals,Over,6.0,1.85
2026-09-30T19:58:08Z,scheduled,13520f2d7e050ef0f37b2c8ba7ff4a53,2026-10-01T02:10:00Z,Colorado Avalanche,Los Angeles Kings,pinnacle,totals,Under,6.0,2.04
2026-09-30T19:58:08Z,scheduled,13520f2d7e050ef0f37b2c8ba7ff4a53,2026-10-01T02:10:00Z,Colorado Avalanche,Los Angeles Kings,fanduel,h2h,Colorado Avalanche,,1.5
2026-09-30T19:58:08Z,scheduled,13520f2d7e050ef0f37b2c8ba7ff4a53,2026-10-01T02:10:00Z,Colorado Avalanche,Los Angeles Kings,fanduel,h2h,Los Angeles Kings,,2.64
2026-09-30T19:58:08Z,scheduled,13520f2d7e050ef0f37b2c8ba7ff4a53,2026-10-01T02:10:00Z,Colorado Avalanche,Los Angeles Kings,fanduel,spreads,Colorado Avalanche,-1.5,2.28
2026-09-30T19:58:08Z,scheduled,13520f2d7e050ef0f37b2c8ba7ff4a53,2026-10-01T02:10:00Z,Colorado Avalanche,Los Angeles Kings,fanduel,spreads,Los Angeles Kings,1.5,1.62
2026-09-30T19:58:08Z,scheduled,13520f2d7e050ef0f37b2c8ba7ff4a53,2026-10-01T02:10:00Z,Colorado Avalanche,Los Angeles Kings,fanduel,totals,Over,6.5,2.06
2026-09-30T19:58:08Z,scheduled,13520f2d7e050ef0f37b2c8ba7ff4a53,2026-10-01T02:10:00Z,Colorado Avalanche,Los Angeles Kings,fanduel,totals,Under,6.5,1.77
2026-09-30T19:58:08Z,scheduled,13520f2d7e050ef0f37b2c8ba7ff4a53,2026-10-01T02:10:00Z,Colorado Avalanche,Los Angeles Kings,matchbook,h2h,Colorado Avalanche,,1.53
2026-09-30T19:58:08Z,scheduled,13520f2d7e050ef0f37b2c8ba7ff4a53,2026-10-01T02:10:00Z,Colorado Avalanche,Los Angeles Kings,matchbook,h2h,Los Angeles Kings,,2.8
2026-09-30T19:58:08Z,scheduled,13520f2d7e050ef0f37b2c8ba7ff4a53,2026-10-01T02:10:00Z,Colorado Avalanche,Los Angeles Kings,matchbook,h2h_lay,Colorado Avalanche,,1.55
2026-09-30T19:58:08Z,scheduled,13520f2d7e050ef0f37b2c8ba7ff4a53,2026-10-01T02:10:00Z,Colorado Avalanche,Los Angeles Kings,matchbook,h2h_lay,Los Angeles Kings,,2.88
2026-09-30T19:58:08Z,scheduled,13520f2d7e050ef0f37b2c8ba7ff4a53,2026-10-01T02:10:00Z,Colorado Avalanche,Los Angeles Kings,matchbook,spreads,Colorado Avalanche,-1.5,2.32
2026-09-30T19:58:08Z,scheduled,13520f2d7e050ef0f37b2c8ba7ff4a53,2026-10-01T02:10:00Z,Colorado Avalanche,Los Angeles Kings,matchbook,spreads,Los Angeles Kings,1.5,1.69
2026-09-30T19:58:08Z,scheduled,13520f2d7e050ef0f37b2c8ba7ff4a53,2026-10-01T02:10:00Z,Colorado Avalanche,Los Angeles Kings,matchbook,totals,Over,6.5,2.1
2026-09-30T19:58:08Z,scheduled,13520f2d7e050ef0f37b2c8ba7ff4a53,2026-10-01T02:10:00Z,Colorado Avalanche,Los Angeles Kings,matchbook,totals,Under,6.5,1.81
2026-09-30T19:58:08Z,scheduled,4cfafb524b2107d73365ce0709b59dd8,2026-10-01T23:10:00Z,Columbus Blue Jackets,Buffalo Sabres,draftkings,h2h,Buffalo Sabres,,1.93
2026-09-30T19:58:08Z,scheduled,4cfafb524b2107d73365ce0709b59dd8,2026-10-01T23:10:00Z,Columbus Blue Jackets,Buffalo Sabres,draftkings,h2h,Columbus Blue Jackets,,1.89
2026-09-30T19:58:08Z,scheduled,4cfafb524b2107d73365ce0709b59dd8,2026-10-01T23:10:00Z,Columbus Blue Jackets,Buffalo Sabres,draftkings,spreads,Buffalo Sabres,1.5,1.39
2026-09-30T19:58:08Z,scheduled,4cfafb524b2107d73365ce0709b59dd8,2026-10-01T23:10:00Z,Columbus Blue Jackets,Buffalo Sabres,draftkings,spreads,Columbus Blue Jackets,-1.5,3.1
2026-09-30T19:58:08Z,scheduled,4cfafb524b2107d73365ce0709b59dd8,2026-10-01T23:10:00Z,Columbus Blue Jackets,Buffalo Sabres,draftkings,totals,Over,6.5,2.14
2026-09-30T19:58:08Z,scheduled,4cfafb524b2107d73365ce0709b59dd8,2026-10-01T23:10:00Z,Columbus Blue Jackets,Buffalo Sabres,draftkings,totals,Under,6.5,1.74
2026-09-30T19:58:08Z,scheduled,4cfafb524b2107d73365ce0709b59dd8,2026-10-01T23:10:00Z,Columbus Blue Jackets,Buffalo Sabres,betsson,h2h,Buffalo Sabres,,1.91
2026-09-30T19:58:08Z,scheduled,4cfafb524b2107d73365ce0709b59dd8,2026-10-01T23:10:00Z,Columbus Blue Jackets,Buffalo Sabres,betsson,h2h,Columbus Blue Jackets,,1.89
2026-09-30T19:58:08Z,scheduled,4cfafb524b2107d73365ce0709b59dd8,2026-10-01T23:10:00Z,Columbus Blue Jackets,Buffalo Sabres,betsson,spreads,Buffalo Sabres,1.5,1.36
2026-09-30T19:58:08Z,scheduled,4cfafb524b2107d73365ce0709b59dd8,2026-10-01T23:10:00Z,Columbus Blue Jackets,Buffalo Sabres,betsson,spreads,Columbus Blue Jackets,-1.5,3.15
2026-09-30T19:58:08Z,scheduled,4cfafb524b2107d73365ce0709b59dd8,2026-10-01T23:10:00Z,Columbus Blue Jackets,Buffalo Sabres,betmgm,h2h,Buffalo Sabres,,1.91
2026-09-30T19:58:08Z,scheduled,4cfafb524b2107d73365ce0709b59dd8,2026-10-01T23:10:00Z,Columbus Blue Jackets,Buffalo Sabres,betmgm,h2h,Columbus Blue Jackets,,1.91
2026-09-30T19:58:08Z,scheduled,4cfafb524b2107d73365ce0709b59dd8,2026-10-01T23:10:00Z,Columbus Blue Jackets,Buffalo Sabres,betmgm,spreads,Buffalo Sabres,1.5,1.36
2026-09-30T19:58:08Z,scheduled,4cfafb524b2107d73365ce0709b59dd8,2026-10-01T23:10:00Z,Columbus Blue Jackets,Buffalo Sabres,betmgm,spreads,Columbus Blue Jackets,-1.5,3.2
2026-09-30T19:58:08Z,scheduled,4cfafb524b2107d73365ce0709b59dd8,2026-10-01T23:10:00Z,Columbus Blue Jackets,Buffalo Sabres,betmgm,totals,Over,6.0,1.85
2026-09-30T19:58:08Z,scheduled,4cfafb524b2107d73365ce0709b59dd8,2026-10-01T23:10:00Z,Columbus Blue Jackets,Buffalo Sabres,betmgm,totals,Under,6.0,1.98
2026-09-30T19:58:08Z,scheduled,4cfafb524b2107d73365ce0709b59dd8,2026-10-01T23:10:00Z,Columbus Blue Jackets,Buffalo Sabres,betrivers,h2h,Buffalo Sabres,,1.93
2026-09-30T19:58:08Z,scheduled,4cfafb524b2107d73365ce0709b59dd8,2026-10-01T23:10:00Z,Columbus Blue Jackets,Buffalo Sabres,betrivers,h2h,Columbus Blue Jackets,,1.88
2026-09-30T19:58:08Z,scheduled,4cfafb524b2107d73365ce0709b59dd8,2026-10-01T23:10:00Z,Columbus Blue Jackets,Buffalo Sabres,betrivers,spreads,Buffalo Sabres,1.5,1.33
2026-09-30T19:58:08Z,scheduled,4cfafb524b2107d73365ce0709b59dd8,2026-10-01T23:10:00Z,Columbus Blue Jackets,Buffalo Sabres,betrivers,spreads,Columbus Blue Jackets,-1.5,3.25
2026-09-30T19:58:08Z,scheduled,4cfafb524b2107d73365ce0709b59dd8,2026-10-01T23:10:00Z,Columbus Blue Jackets,Buffalo Sabres,betrivers,totals,Over,6.5,2.05
2026-09-30T19:58:08Z,scheduled,4cfafb524b2107d73365ce0709b59dd8,2026-10-01T23:10:00Z,Columbus Blue Jackets,Buffalo Sabres,betrivers,totals,Under,6.5,1.75
2026-09-30T19:58:08Z,scheduled,4cfafb524b2107d73365ce0709b59dd8,2026-10-01T23:10:00Z,Columbus Blue Jackets,Buffalo Sabres,fanduel,h2h,Buffalo Sabres,,1.9
2026-09-30T19:58:08Z,scheduled,4cfafb524b2107d73365ce0709b59dd8,2026-10-01T23:10:00Z,Columbus Blue Jackets,Buffalo Sabres,fanduel,h2h,Columbus Blue Jackets,,1.93
2026-09-30T19:58:08Z,scheduled,4cfafb524b2107d73365ce0709b59dd8,2026-10-01T23:10:00Z,Columbus Blue Jackets,Buffalo Sabres,fanduel,spreads,Buffalo Sabres,1.5,1.34
2026-09-30T19:58:08Z,scheduled,4cfafb524b2107d73365ce0709b59dd8,2026-10-01T23:10:00Z,Columbus Blue Jackets,Buffalo Sabres,fanduel,spreads,Columbus Blue Jackets,-1.5,3.25
2026-09-30T19:58:08Z,scheduled,4cfafb524b2107d73365ce0709b59dd8,2026-10-01T23:10:00Z,Columbus Blue Jackets,Buffalo Sabres,fanduel,totals,Over,6.5,2.04
2026-09-30T19:58:08Z,scheduled,4cfafb524b2107d73365ce0709b59dd8,2026-10-01T23:10:00Z,Columbus Blue Jackets,Buffalo Sabres,fanduel,totals,Under,6.5,1.78
2026-09-30T19:58:08Z,scheduled,adafb8ad64a5e4413184d98e9c06820d,2026-10-01T23:10:00Z,New Jersey Devils,Philadelphia Flyers,draftkings,h2h,New Jersey Devils,,1.62
2026-09-30T19:58:08Z,scheduled,adafb8ad64a5e4413184d98e9c06820d,2026-10-01T23:10:00Z,New Jersey Devils,Philadelphia Flyers,draftkings,h2h,Philadelphia Flyers,,2.36
2026-09-30T19:58:08Z,scheduled,adafb8ad64a5e4413184d98e9c06820d,2026-10-01T23:10:00Z,New Jersey Devils,Philadelphia Flyers,draftkings,spreads,New Jersey Devils,-1.5,2.6
2026-09-30T19:58:08Z,scheduled,adafb8ad64a5e4413184d98e9c06820d,2026-10-01T23:10:00Z,New Jersey Devils,Philadelphia Flyers,draftkings,spreads,Philadelphia Flyers,1.5,1.52
2026-09-30T19:58:08Z,scheduled,adafb8ad64a5e4413184d98e9c06820d,2026-10-01T23:10:00Z,New Jersey Devils,Philadelphia Flyers,draftkings,totals,Over,5.5,1.77
2026-09-30T19:58:08Z,scheduled,adafb8ad64a5e4413184d98e9c06820d,2026-10-01T23:10:00Z,New Jersey Devils,Philadelphia Flyers,draftkings,totals,Under,5.5,2.1
2026-09-30T19:58:08Z,scheduled,adafb8ad64a5e4413184d98e9c06820d,2026-10-01T23:10:00Z,New Jersey Devils,Philadelphia Flyers,betsson,h2h,New Jersey Devils,,1.63
2026-09-30T19:58:08Z,scheduled,adafb8ad64a5e4413184d98e9c06820d,2026-10-01T23:10:00Z,New Jersey Devils,Philadelphia Flyers,betsson,h2h,Philadelphia Flyers,,2.28
2026-09-30T19:58:08Z,scheduled,adafb8ad64a5e4413184d98e9c06820d,2026-10-01T23:10:00Z,New Jersey Devils,Philadelphia Flyers,betsson,spreads,New Jersey Devils,-1.5,2.55
2026-09-30T19:58:08Z,scheduled,adafb8ad64a5e4413184d98e9c06820d,2026-10-01T23:10:00Z,New Jersey Devils,Philadelphia Flyers,betsson,spreads,Philadelphia Flyers,1.5,1.52
2026-09-30T19:58:08Z,scheduled,adafb8ad64a5e4413184d98e9c06820d,2026-10-01T23:10:00Z,New Jersey Devils,Philadelphia Flyers,betmgm,h2h,New Jersey Devils,,1.61
2026-09-30T19:58:08Z,scheduled,adafb8ad64a5e4413184d98e9c06820d,2026-10-01T23:10:00Z,New Jersey Devils,Philadelphia Flyers,betmgm,h2h,Philadelphia Flyers,,2.35
2026-09-30T19:58:08Z,scheduled,adafb8ad64a5e4413184d98e9c06820d,2026-10-01T23:10:00Z,New Jersey Devils,Philadelphia Flyers,betmgm,spreads,New Jersey Devils,-1.5,2.45
2026-09-30T19:58:08Z,scheduled,adafb8ad64a5e4413184d98e9c06820d,2026-10-01T23:10:00Z,New Jersey Devils,Philadelphia Flyers,betmgm,spreads,Philadelphia Flyers,1.5,1.56
2026-09-30T19:58:08Z,scheduled,adafb8ad64a5e4413184d98e9c06820d,2026-10-01T23:10:00Z,New Jersey Devils,Philadelphia Flyers,betmgm,totals,Over,5.5,1.8
2026-09-30T19:58:08Z,scheduled,adafb8ad64a5e4413184d98e9c06820d,2026-10-01T23:10:00Z,New Jersey Devils,Philadelphia Flyers,betmgm,totals,Under,5.5,2.05
2026-09-30T19:58:08Z,scheduled,adafb8ad64a5e4413184d98e9c06820d,2026-10-01T23:10:00Z,New Jersey Devils,Philadelphia Flyers,fanduel,h2h,New Jersey Devils,,1.61
2026-09-30T19:58:08Z,scheduled,adafb8ad64a5e4413184d98e9c06820d,2026-10-01T23:10:00Z,New Jersey Devils,Philadelphia Flyers,fanduel,h2h,Philadelphia Flyers,,2.36
2026-09-30T19:58:08Z,scheduled,adafb8ad64a5e4413184d98e9c06820d,2026-10-01T23:10:00Z,New Jersey Devils,Philadelphia Flyers,fanduel,spreads,New Jersey Devils,-1.5,2.46
2026-09-30T19:58:08Z,scheduled,adafb8ad64a5e4413184d98e9c06820d,2026-10-01T23:10:00Z,New Jersey Devils,Philadelphia Flyers,fanduel,spreads,Philadelphia Flyers,1.5,1.54
2026-09-30T19:58:08Z,scheduled,adafb8ad64a5e4413184d98e9c06820d,2026-10-01T23:10:00Z,New Jersey Devils,Philadelphia Flyers,fanduel,totals,Over,5.5,1.83
2026-09-30T19:58:08Z,scheduled,adafb8ad64a5e4413184d98e9c06820d,2026-10-01T23:10:00Z,New Jersey Devils,Philadelphia Flyers,fanduel,totals,Under,5.5,1.98
2026-09-30T19:58:08Z,scheduled,adafb8ad64a5e4413184d98e9c06820d,2026-10-01T23:10:00Z,New Jersey Devils,Philadelphia Flyers,betrivers,h2h,New Jersey Devils,,1.64
2026-09-30T19:58:08Z,scheduled,adafb8ad64a5e4413184d98e9c06820d,2026-10-01T23:10:00Z,New Jersey Devils,Philadelphia Flyers,betrivers,h2h,Philadelphia Flyers,,2.28
2026-09-30T19:58:08Z,scheduled,adafb8ad64a5e4413184d98e9c06820d,2026-10-01T23:10:00Z,New Jersey Devils,Philadelphia Flyers,betrivers,spreads,New Jersey Devils,-1.5,2.65
2026-09-30T19:58:08Z,scheduled,adafb8ad64a5e4413184d98e9c06820d,2026-10-01T23:10:00Z,New Jersey Devils,Philadelphia Flyers,betrivers,spreads,Philadelphia Flyers,1.5,1.45
2026-09-30T19:58:08Z,scheduled,adafb8ad64a5e4413184d98e9c06820d,2026-10-01T23:10:00Z,New Jersey Devils,Philadelphia Flyers,betrivers,totals,Over,5.5,1.85
2026-09-30T19:58:08Z,scheduled,adafb8ad64a5e4413184d98e9c06820d,2026-10-01T23:10:00Z,New Jersey Devils,Philadelphia Flyers,betrivers,totals,Under,5.5,1.93
2026-09-30T19:58:08Z,scheduled,d0da884cccf9d1c73f498109c9ccbfa5,2026-10-01T23:10:00Z,New York Rangers,Tampa Bay Lightning,draftkings,h2h,New York Rangers,,2.2
2026-09-30T19:58:08Z,scheduled,d0da884cccf9d1c73f498109c9ccbfa5,2026-10-01T23:10:00Z,New York Rangers,Tampa Bay Lightning,draftkings,h2h,Tampa Bay Lightning,,1.7
2026-09-30T19:58:08Z,scheduled,d0da884cccf9d1c73f498109c9ccbfa5,2026-10-01T23:10:00Z,New York Rangers,Tampa Bay Lightning,draftkings,spreads,New York Rangers,1.5,1.46
2026-09-30T19:58:08Z,scheduled,d0da884cccf9d1c73f498109c9ccbfa5,2026-10-01T23:10:00Z,New York Rangers,Tampa Bay Lightning,draftkings,spreads,Tampa Bay Lightning,-1.5,2.8
2026-09-30T19:58:08Z,scheduled,d0da884cccf9d1c73f498109c9ccbfa5,2026-10-01T23:10:00Z,New York Rangers,Tampa Bay Lightning,draftkings,totals,Over,5.5,1.74
2026-09-30T19:58:08Z,scheduled,d0da884cccf9d1c73f498109c9ccbfa5,2026-10-01T23:10:00Z,New York Rangers,Tampa Bay Lightning,draftkings,totals,Under,5.5,2.14
2026-09-30T19:58:08Z,scheduled,d0da884cccf9d1c73f498109c9ccbfa5,2026-10-01T23:10:00Z,New York Rangers,Tampa Bay Lightning,betsson,h2h,New York Rangers,,2.12
2026-09-30T19:58:08Z,scheduled,d0da884cccf9d1c73f498109c9ccbfa5,2026-10-01T23:10:00Z,New York Rangers,Tampa Bay Lightning,betsson,h2h,Tampa Bay Lightning,,1.72
2026-09-30T19:58:08Z,scheduled,d0da884cccf9d1c73f498109c9ccbfa5,2026-10-01T23:10:00Z,New York Rangers,Tampa Bay Lightning,betsson,spreads,New York Rangers,1.5,1.5
2026-09-30T19:58:08Z,scheduled,d0da884cccf9d1c73f498109c9ccbfa5,2026-10-01T23:10:00Z,New York Rangers,Tampa Bay Lightning,betsson,spreads,Tampa Bay Lightning,-1.5,2.6
2026-09-30T19:58:08Z,scheduled,d0da884cccf9d1c73f498109c9ccbfa5,2026-10-01T23:10:00Z,New York Rangers,Tampa Bay Lightning,betmgm,h2h,New York Rangers,,2.15
2026-09-30T19:58:08Z,scheduled,d0da884cccf9d1c73f498109c9ccbfa5,2026-10-01T23:10:00Z,New York Rangers,Tampa Bay Lightning,betmgm,h2h,Tampa Bay Lightning,,1.71
2026-09-30T19:58:08Z,scheduled,d0da884cccf9d1c73f498109c9ccbfa5,2026-10-01T23:10:00Z,New York Rangers,Tampa Bay Lightning,betmgm,spreads,New York Rangers,1.5,1.48
2026-09-30T19:58:08Z,scheduled,d0da884cccf9d1c73f498109c9ccbfa5,2026-10-01T23:10:00Z,New York Rangers,Tampa Bay Lightning,betmgm,spreads,Tampa Bay Lightning,-1.5,2.7
2026-09-30T19:58:08Z,scheduled,d0da884cccf9d1c73f498109c9ccbfa5,2026-10-01T23:10:00Z,New York Rangers,Tampa Bay Lightning,betmgm,totals,Over,6.0,1.98
2026-09-30T19:58:08Z,scheduled,d0da884cccf9d1c73f498109c9ccbfa5,2026-10-01T23:10:00Z,New York Rangers,Tampa Bay Lightning,betmgm,totals,Under,6.0,1.85
2026-09-30T19:58:08Z,scheduled,d0da884cccf9d1c73f498109c9ccbfa5,2026-10-01T23:10:00Z,New York Rangers,Tampa Bay Lightning,betrivers,h2h,New York Rangers,,2.18
2026-09-30T19:58:08Z,scheduled,d0da884cccf9d1c73f498109c9ccbfa5,2026-10-01T23:10:00Z,New York Rangers,Tampa Bay Lightning,betrivers,h2h,Tampa Bay Lightning,,1.7
2026-09-30T19:58:08Z,scheduled,d0da884cccf9d1c73f498109c9ccbfa5,2026-10-01T23:10:00Z,New York Rangers,Tampa Bay Lightning,betrivers,spreads,New York Rangers,1.5,1.43
2026-09-30T19:58:08Z,scheduled,d0da884cccf9d1c73f498109c9ccbfa5,2026-10-01T23:10:00Z,New York Rangers,Tampa Bay Lightning,betrivers,spreads,Tampa Bay Lightning,-1.5,2.75
2026-09-30T19:58:08Z,scheduled,d0da884cccf9d1c73f498109c9ccbfa5,2026-10-01T23:10:00Z,New York Rangers,Tampa Bay Lightning,betrivers,totals,Over,5.5,1.74
2026-09-30T19:58:08Z,scheduled,d0da884cccf9d1c73f498109c9ccbfa5,2026-10-01T23:10:00Z,New York Rangers,Tampa Bay Lightning,betrivers,totals,Under,5.5,2.07
2026-09-30T19:58:08Z,scheduled,d0da884cccf9d1c73f498109c9ccbfa5,2026-10-01T23:10:00Z,New York Rangers,Tampa Bay Lightning,fanduel,h2h,New York Rangers,,2.18
2026-09-30T19:58:08Z,scheduled,d0da884cccf9d1c73f498109c9ccbfa5,2026-10-01T23:10:00Z,New York Rangers,Tampa Bay Lightning,fanduel,h2h,Tampa Bay Lightning,,1.7
2026-09-30T19:58:08Z,scheduled,d0da884cccf9d1c73f498109c9ccbfa5,2026-10-01T23:10:00Z,New York Rangers,Tampa Bay Lightning,fanduel,spreads,New York Rangers,1.5,1.45
2026-09-30T19:58:08Z,scheduled,d0da884cccf9d1c73f498109c9ccbfa5,2026-10-01T23:10:00Z,New York Rangers,Tampa Bay Lightning,fanduel,spreads,Tampa Bay Lightning,-1.5,2.72
2026-09-30T19:58:08Z,scheduled,d0da884cccf9d1c73f498109c9ccbfa5,2026-10-01T23:10:00Z,New York Rangers,Tampa Bay Lightning,fanduel,totals,Over,5.5,1.78
2026-09-30T19:58:08Z,scheduled,d0da884cccf9d1c73f498109c9ccbfa5,2026-10-01T23:10:00Z,New York Rangers,Tampa Bay Lightning,fanduel,totals,Under,5.5,2.04
2026-09-30T19:58:08Z,scheduled,d7ee30a18a428cc3a3f08a82b0c482d4,2026-10-02T00:10:00Z,Nashville Predators,Minnesota Wild,draftkings,h2h,Minnesota Wild,,1.68
2026-09-30T19:58:08Z,scheduled,d7ee30a18a428cc3a3f08a82b0c482d4,2026-10-02T00:10:00Z,Nashville Predators,Minnesota Wild,draftkings,h2h,Nashville Predators,,2.24
2026-09-30T19:58:08Z,scheduled,d7ee30a18a428cc3a3f08a82b0c482d4,2026-10-02T00:10:00Z,Nashville Predators,Minnesota Wild,draftkings,spreads,Minnesota Wild,-1.5,2.7
2026-09-30T19:58:08Z,scheduled,d7ee30a18a428cc3a3f08a82b0c482d4,2026-10-02T00:10:00Z,Nashville Predators,Minnesota Wild,draftkings,spreads,Nashville Predators,1.5,1.49
2026-09-30T19:58:08Z,scheduled,d7ee30a18a428cc3a3f08a82b0c482d4,2026-10-02T00:10:00Z,Nashville Predators,Minnesota Wild,draftkings,totals,Over,6.5,2.1
2026-09-30T19:58:08Z,scheduled,d7ee30a18a428cc3a3f08a82b0c482d4,2026-10-02T00:10:00Z,Nashville Predators,Minnesota Wild,draftkings,totals,Under,6.5,1.77
2026-09-30T19:58:08Z,scheduled,d7ee30a18a428cc3a3f08a82b0c482d4,2026-10-02T00:10:00Z,Nashville Predators,Minnesota Wild,betsson,h2h,Minnesota Wild,,1.72
2026-09-30T19:58:08Z,scheduled,d7ee30a18a428cc3a3f08a82b0c482d4,2026-10-02T00:10:00Z,Nashville Predators,Minnesota Wild,betsson,h2h,Nashville Predators,,2.12
2026-09-30T19:58:08Z,scheduled,d7ee30a18a428cc3a3f08a82b0c482d4,2026-10-02T00:10:00Z,Nashville Predators,Minnesota Wild,betsson,spreads,Minnesota Wild,-1.5,2.65
2026-09-30T19:58:08Z,scheduled,d7ee30a18a428cc3a3f08a82b0c482d4,2026-10-02T00:10:00Z,Nashville Predators,Minnesota Wild,betsson,spreads,Nashville Predators,1.5,1.48
2026-09-30T19:58:08Z,scheduled,d7ee30a18a428cc3a3f08a82b0c482d4,2026-10-02T00:10:00Z,Nashville Predators,Minnesota Wild,betmgm,h2h,Minnesota Wild,,1.67
2026-09-30T19:58:08Z,scheduled,d7ee30a18a428cc3a3f08a82b0c482d4,2026-10-02T00:10:00Z,Nashville Predators,Minnesota Wild,betmgm,h2h,Nashville Predators,,2.25
2026-09-30T19:58:08Z,scheduled,d7ee30a18a428cc3a3f08a82b0c482d4,2026-10-02T00:10:00Z,Nashville Predators,Minnesota Wild,betmgm,spreads,Minnesota Wild,-1.5,2.55
2026-09-30T19:58:08Z,scheduled,d7ee30a18a428cc3a3f08a82b0c482d4,2026-10-02T00:10:00Z,Nashville Predators,Minnesota Wild,betmgm,spreads,Nashville Predators,1.5,1.53
2026-09-30T19:58:08Z,scheduled,d7ee30a18a428cc3a3f08a82b0c482d4,2026-10-02T00:10:00Z,Nashville Predators,Minnesota Wild,betmgm,totals,Over,6.0,1.85
2026-09-30T19:58:08Z,scheduled,d7ee30a18a428cc3a3f08a82b0c482d4,2026-10-02T00:10:00Z,Nashville Predators,Minnesota Wild,betmgm,totals,Under,6.0,1.98
2026-09-30T19:58:08Z,scheduled,d7ee30a18a428cc3a3f08a82b0c482d4,2026-10-02T00:10:00Z,Nashville Predators,Minnesota Wild,fanduel,h2h,Minnesota Wild,,1.68
2026-09-30T19:58:08Z,scheduled,d7ee30a18a428cc3a3f08a82b0c482d4,2026-10-02T00:10:00Z,Nashville Predators,Minnesota Wild,fanduel,h2h,Nashville Predators,,2.22
2026-09-30T19:58:08Z,scheduled,d7ee30a18a428cc3a3f08a82b0c482d4,2026-10-02T00:10:00Z,Nashville Predators,Minnesota Wild,fanduel,spreads,Minnesota Wild,-1.5,2.56
2026-09-30T19:58:08Z,scheduled,d7ee30a18a428cc3a3f08a82b0c482d4,2026-10-02T00:10:00Z,Nashville Predators,Minnesota Wild,fanduel,spreads,Nashville Predators,1.5,1.52
2026-09-30T19:58:08Z,scheduled,d7ee30a18a428cc3a3f08a82b0c482d4,2026-10-02T00:10:00Z,Nashville Predators,Minnesota Wild,fanduel,totals,Over,6.5,2.1
2026-09-30T19:58:08Z,scheduled,d7ee30a18a428cc3a3f08a82b0c482d4,2026-10-02T00:10:00Z,Nashville Predators,Minnesota Wild,fanduel,totals,Under,6.5,1.75
2026-09-30T19:58:08Z,scheduled,d7ee30a18a428cc3a3f08a82b0c482d4,2026-10-02T00:10:00Z,Nashville Predators,Minnesota Wild,betrivers,h2h,Minnesota Wild,,1.65
2026-09-30T19:58:08Z,scheduled,d7ee30a18a428cc3a3f08a82b0c482d4,2026-10-02T00:10:00Z,Nashville Predators,Minnesota Wild,betrivers,h2h,Nashville Predators,,2.28
2026-09-30T19:58:08Z,scheduled,d7ee30a18a428cc3a3f08a82b0c482d4,2026-10-02T00:10:00Z,Nashville Predators,Minnesota Wild,betrivers,spreads,Minnesota Wild,-1.5,2.6
2026-09-30T19:58:08Z,scheduled,d7ee30a18a428cc3a3f08a82b0c482d4,2026-10-02T00:10:00Z,Nashville Predators,Minnesota Wild,betrivers,spreads,Nashville Predators,1.5,1.49
2026-09-30T19:58:08Z,scheduled,d7ee30a18a428cc3a3f08a82b0c482d4,2026-10-02T00:10:00Z,Nashville Predators,Minnesota Wild,betrivers,totals,Over,6.5,2.0
2026-09-30T19:58:08Z,scheduled,d7ee30a18a428cc3a3f08a82b0c482d4,2026-10-02T00:10:00Z,Nashville Predators,Minnesota Wild,betrivers,totals,Under,6.5,1.79
2026-09-30T19:58:08Z,scheduled,d120fca986fb8752c71db9002a8dd1b7,2026-10-02T01:10:00Z,Calgary Flames,Seattle Kraken,draftkings,h2h,Calgary Flames,,1.89
2026-09-30T19:58:08Z,scheduled,d120fca986fb8752c71db9002a8dd1b7,2026-10-02T01:10:00Z,Calgary Flames,Seattle Kraken,draftkings,h2h,Seattle Kraken,,1.93
2026-09-30T19:58:08Z,scheduled,d120fca986fb8752c71db9002a8dd1b7,2026-10-02T01:10:00Z,Calgary Flames,Seattle Kraken,draftkings,spreads,Calgary Flames,-1.5,3.1
2026-09-30T19:58:08Z,scheduled,d120fca986fb8752c71db9002a8dd1b7,2026-10-02T01:10:00Z,Calgary Flames,Seattle Kraken,draftkings,spreads,Seattle Kraken,1.5,1.39
2026-09-30T19:58:08Z,scheduled,d120fca986fb8752c71db9002a8dd1b7,2026-10-02T01:10:00Z,Calgary Flames,Seattle Kraken,draftkings,totals,Over,5.5,1.77
2026-09-30T19:58:08Z,scheduled,d120fca986fb8752c71db9002a8dd1b7,2026-10-02T01:10:00Z,Calgary Flames,Seattle Kraken,draftkings,totals,Under,5.5,2.1
2026-09-30T19:58:08Z,scheduled,d120fca986fb8752c71db9002a8dd1b7,2026-10-02T01:10:00Z,Calgary Flames,Seattle Kraken,betsson,h2h,Calgary Flames,,1.86
2026-09-30T19:58:08Z,scheduled,d120fca986fb8752c71db9002a8dd1b7,2026-10-02T01:10:00Z,Calgary Flames,Seattle Kraken,betsson,h2h,Seattle Kraken,,1.94
2026-09-30T19:58:08Z,scheduled,d120fca986fb8752c71db9002a8dd1b7,2026-10-02T01:10:00Z,Calgary Flames,Seattle Kraken,betsson,spreads,Calgary Flames,-1.5,2.7
2026-09-30T19:58:08Z,scheduled,d120fca986fb8752c71db9002a8dd1b7,2026-10-02T01:10:00Z,Calgary Flames,Seattle Kraken,betsson,spreads,Seattle Kraken,1.5,1.46
2026-09-30T19:58:08Z,scheduled,d120fca986fb8752c71db9002a8dd1b7,2026-10-02T01:10:00Z,Calgary Flames,Seattle Kraken,betmgm,h2h,Calgary Flames,,1.91
2026-09-30T19:58:08Z,scheduled,d120fca986fb8752c71db9002a8dd1b7,2026-10-02T01:10:00Z,Calgary Flames,Seattle Kraken,betmgm,h2h,Seattle Kraken,,1.91
2026-09-30T19:58:08Z,scheduled,d120fca986fb8752c71db9002a8dd1b7,2026-10-02T01:10:00Z,Calgary Flames,Seattle Kraken,betmgm,spreads,Calgary Flames,1.5,1.36
2026-09-30T19:58:08Z,scheduled,d120fca986fb8752c71db9002a8dd1b7,2026-10-02T01:10:00Z,Calgary Flames,Seattle Kraken,betmgm,spreads,Seattle Kraken,-1.5,3.2
2026-09-30T19:58:08Z,scheduled,d120fca986fb8752c71db9002a8dd1b7,2026-10-02T01:10:00Z,Calgary Flames,Seattle Kraken,betmgm,totals,Over,6.0,1.95
2026-09-30T19:58:08Z,scheduled,d120fca986fb8752c71db9002a8dd1b7,2026-10-02T01:10:00Z,Calgary Flames,Seattle Kraken,betmgm,totals,Under,6.0,1.87
2026-09-30T19:58:08Z,scheduled,d120fca986fb8752c71db9002a8dd1b7,2026-10-02T01:10:00Z,Calgary Flames,Seattle Kraken,fanduel,h2h,Calgary Flames,,1.91
2026-09-30T19:58:08Z,scheduled,d120fca986fb8752c71db9002a8dd1b7,2026-10-02T01:10:00Z,Calgary Flames,Seattle Kraken,fanduel,h2h,Seattle Kraken,,1.91
2026-09-30T19:58:08Z,scheduled,d120fca986fb8752c71db9002a8dd1b7,2026-10-02T01:10:00Z,Calgary Flames,Seattle Kraken,fanduel,spreads,Calgary Flames,-1.5,3.2
2026-09-30T19:58:08Z,scheduled,d120fca986fb8752c71db9002a8dd1b7,2026-10-02T01:10:00Z,Calgary Flames,Seattle Kraken,fanduel,spreads,Seattle Kraken,1.5,1.36
2026-09-30T19:58:08Z,scheduled,d120fca986fb8752c71db9002a8dd1b7,2026-10-02T01:10:00Z,Calgary Flames,Seattle Kraken,fanduel,totals,Over,5.5,1.78
2026-09-30T19:58:08Z,scheduled,d120fca986fb8752c71db9002a8dd1b7,2026-10-02T01:10:00Z,Calgary Flames,Seattle Kraken,fanduel,totals,Under,5.5,2.04
2026-09-30T19:58:08Z,scheduled,d120fca986fb8752c71db9002a8dd1b7,2026-10-02T01:10:00Z,Calgary Flames,Seattle Kraken,betrivers,h2h,Calgary Flames,,1.87
2026-09-30T19:58:08Z,scheduled,d120fca986fb8752c71db9002a8dd1b7,2026-10-02T01:10:00Z,Calgary Flames,Seattle Kraken,betrivers,h2h,Seattle Kraken,,1.95
2026-09-30T19:58:08Z,scheduled,d120fca986fb8752c71db9002a8dd1b7,2026-10-02T01:10:00Z,Calgary Flames,Seattle Kraken,betrivers,spreads,Calgary Flames,-1.5,3.25
2026-09-30T19:58:08Z,scheduled,d120fca986fb8752c71db9002a8dd1b7,2026-10-02T01:10:00Z,Calgary Flames,Seattle Kraken,betrivers,spreads,Seattle Kraken,1.5,1.33
2026-09-30T19:58:08Z,scheduled,d120fca986fb8752c71db9002a8dd1b7,2026-10-02T01:10:00Z,Calgary Flames,Seattle Kraken,betrivers,totals,Over,5.5,1.75
2026-09-30T19:58:08Z,scheduled,d120fca986fb8752c71db9002a8dd1b7,2026-10-02T01:10:00Z,Calgary Flames,Seattle Kraken,betrivers,totals,Under,5.5,2.05
2026-09-30T19:58:08Z,scheduled,4d301bd0ac75067598d134600a80918c,2026-10-02T01:10:00Z,Utah Mammoth,Chicago Blackhawks,draftkings,h2h,Chicago Blackhawks,,2.8
2026-09-30T19:58:08Z,scheduled,4d301bd0ac75067598d134600a80918c,2026-10-02T01:10:00Z,Utah Mammoth,Chicago Blackhawks,draftkings,h2h,Utah Mammoth,,1.46
2026-09-30T19:58:08Z,scheduled,4d301bd0ac75067598d134600a80918c,2026-10-02T01:10:00Z,Utah Mammoth,Chicago Blackhawks,draftkings,spreads,Chicago Blackhawks,1.5,1.68
2026-09-30T19:58:08Z,scheduled,4d301bd0ac75067598d134600a80918c,2026-10-02T01:10:00Z,Utah Mammoth,Chicago Blackhawks,draftkings,spreads,Utah Mammoth,-1.5,2.24
2026-09-30T19:58:08Z,scheduled,4d301bd0ac75067598d134600a80918c,2026-10-02T01:10:00Z,Utah Mammoth,Chicago Blackhawks,draftkings,totals,Over,5.5,1.77
2026-09-30T19:58:08Z,scheduled,4d301bd0ac75067598d134600a80918c,2026-10-02T01:10:00Z,Utah Mammoth,Chicago Blackhawks,draftkings,totals,Under,5.5,2.1
2026-09-30T19:58:08Z,scheduled,4d301bd0ac75067598d134600a80918c,2026-10-02T01:10:00Z,Utah Mammoth,Chicago Blackhawks,betsson,h2h,Chicago Blackhawks,,2.72
2026-09-30T19:58:08Z,scheduled,4d301bd0ac75067598d134600a80918c,2026-10-02T01:10:00Z,Utah Mammoth,Chicago Blackhawks,betsson,h2h,Utah Mammoth,,1.46
2026-09-30T19:58:08Z,scheduled,4d301bd0ac75067598d134600a80918c,2026-10-02T01:10:00Z,Utah Mammoth,Chicago Blackhawks,betsson,spreads,Chicago Blackhawks,1.5,1.7
2026-09-30T19:58:08Z,scheduled,4d301bd0ac75067598d134600a80918c,2026-10-02T01:10:00Z,Utah Mammoth,Chicago Blackhawks,betsson,spreads,Utah Mammoth,-1.5,2.18
2026-09-30T19:58:08Z,scheduled,4d301bd0ac75067598d134600a80918c,2026-10-02T01:10:00Z,Utah Mammoth,Chicago Blackhawks,betmgm,h2h,Chicago Blackhawks,,2.7
2026-09-30T19:58:08Z,scheduled,4d301bd0ac75067598d134600a80918c,2026-10-02T01:10:00Z,Utah Mammoth,Chicago Blackhawks,betmgm,h2h,Utah Mammoth,,1.48
2026-09-30T19:58:08Z,scheduled,4d301bd0ac75067598d134600a80918c,2026-10-02T01:10:00Z,Utah Mammoth,Chicago Blackhawks,betmgm,spreads,Chicago Blackhawks,1.5,1.71
2026-09-30T19:58:08Z,scheduled,4d301bd0ac75067598d134600a80918c,2026-10-02T01:10:00Z,Utah Mammoth,Chicago Blackhawks,betmgm,spreads,Utah Mammoth,-1.5,2.15
2026-09-30T19:58:08Z,scheduled,4d301bd0ac75067598d134600a80918c,2026-10-02T01:10:00Z,Utah Mammoth,Chicago Blackhawks,betmgm,totals,Over,6.0,1.98
2026-09-30T19:58:08Z,scheduled,4d301bd0ac75067598d134600a80918c,2026-10-02T01:10:00Z,Utah Mammoth,Chicago Blackhawks,betmgm,totals,Under,6.0,1.85
2026-09-30T19:58:08Z,scheduled,4d301bd0ac75067598d134600a80918c,2026-10-02T01:10:00Z,Utah Mammoth,Chicago Blackhawks,fanduel,h2h,Chicago Blackhawks,,2.64
2026-09-30T19:58:08Z,scheduled,4d301bd0ac75067598d134600a80918c,2026-10-02T01:10:00Z,Utah Mammoth,Chicago Blackhawks,fanduel,h2h,Utah Mammoth,,1.5
2026-09-30T19:58:08Z,scheduled,4d301bd0ac75067598d134600a80918c,2026-10-02T01:10:00Z,Utah Mammoth,Chicago Blackhawks,fanduel,spreads,Chicago Blackhawks,1.5,1.68
2026-09-30T19:58:08Z,scheduled,4d301bd0ac75067598d134600a80918c,2026-10-02T01:10:00Z,Utah Mammoth,Chicago Blackhawks,fanduel,spreads,Utah Mammoth,-1.5,2.2
2026-09-30T19:58:08Z,scheduled,4d301bd0ac75067598d134600a80918c,2026-10-02T01:10:00Z,Utah Mammoth,Chicago Blackhawks,fanduel,totals,Over,5.5,1.72
2026-09-30T19:58:08Z,scheduled,4d301bd0ac75067598d134600a80918c,2026-10-02T01:10:00Z,Utah Mammoth,Chicago Blackhawks,fanduel,totals,Under,5.5,2.12
2026-09-30T19:58:08Z,scheduled,4d301bd0ac75067598d134600a80918c,2026-10-02T01:10:00Z,Utah Mammoth,Chicago Blackhawks,betrivers,h2h,Chicago Blackhawks,,2.7
2026-09-30T19:58:08Z,scheduled,4d301bd0ac75067598d134600a80918c,2026-10-02T01:10:00Z,Utah Mammoth,Chicago Blackhawks,betrivers,h2h,Utah Mammoth,,1.48
2026-09-30T19:58:08Z,scheduled,4d301bd0ac75067598d134600a80918c,2026-10-02T01:10:00Z,Utah Mammoth,Chicago Blackhawks,betrivers,spreads,Chicago Blackhawks,1.5,1.63
2026-09-30T19:58:08Z,scheduled,4d301bd0ac75067598d134600a80918c,2026-10-02T01:10:00Z,Utah Mammoth,Chicago Blackhawks,betrivers,spreads,Utah Mammoth,-1.5,2.25
2026-09-30T19:58:08Z,scheduled,4d301bd0ac75067598d134600a80918c,2026-10-02T01:10:00Z,Utah Mammoth,Chicago Blackhawks,betrivers,totals,Over,5.5,1.79
2026-09-30T19:58:08Z,scheduled,4d301bd0ac75067598d134600a80918c,2026-10-02T01:10:00Z,Utah Mammoth,Chicago Blackhawks,betrivers,totals,Under,5.5,2.0
2026-09-30T23:10:11Z,closing,255dd8cc841121349fe98f49791da840,2026-09-30T23:30:00Z,Philadelphia Flyers,Pittsburgh Penguins,draftkings,h2h,Philadelphia Flyers,,1.68
2026-09-30T23:10:11Z,closing,255dd8cc841121349fe98f49791da840,2026-09-30T23:30:00Z,Philadelphia Flyers,Pittsburgh Penguins,draftkings,h2h,Pittsburgh Penguins,,2.24
2026-09-30T23:10:11Z,closing,255dd8cc841121349fe98f49791da840,2026-09-30T23:30:00Z,Philadelphia Flyers,Pittsburgh Penguins,draftkings,spreads,Philadelphia Flyers,-1.5,2.8
2026-09-30T23:10:11Z,closing,255dd8cc841121349fe98f49791da840,2026-09-30T23:30:00Z,Philadelphia Flyers,Pittsburgh Penguins,draftkings,spreads,Pittsburgh Penguins,1.5,1.46
2026-09-30T23:10:11Z,closing,255dd8cc841121349fe98f49791da840,2026-09-30T23:30:00Z,Philadelphia Flyers,Pittsburgh Penguins,draftkings,totals,Over,6.5,2.1
2026-09-30T23:10:11Z,closing,255dd8cc841121349fe98f49791da840,2026-09-30T23:30:00Z,Philadelphia Flyers,Pittsburgh Penguins,draftkings,totals,Under,6.5,1.77
2026-09-30T23:10:11Z,closing,255dd8cc841121349fe98f49791da840,2026-09-30T23:30:00Z,Philadelphia Flyers,Pittsburgh Penguins,coolbet,h2h_3way,Philadelphia Flyers,,2.11
2026-09-30T23:10:11Z,closing,255dd8cc841121349fe98f49791da840,2026-09-30T23:30:00Z,Philadelphia Flyers,Pittsburgh Penguins,coolbet,h2h_3way,Pittsburgh Penguins,,2.95
2026-09-30T23:10:11Z,closing,255dd8cc841121349fe98f49791da840,2026-09-30T23:30:00Z,Philadelphia Flyers,Pittsburgh Penguins,coolbet,h2h_3way,Draw,,4.2
2026-09-30T23:10:11Z,closing,255dd8cc841121349fe98f49791da840,2026-09-30T23:30:00Z,Philadelphia Flyers,Pittsburgh Penguins,coolbet,spreads,Philadelphia Flyers,-1.5,2.7
2026-09-30T23:10:11Z,closing,255dd8cc841121349fe98f49791da840,2026-09-30T23:30:00Z,Philadelphia Flyers,Pittsburgh Penguins,coolbet,spreads,Pittsburgh Penguins,1.5,1.47
2026-09-30T23:10:11Z,closing,255dd8cc841121349fe98f49791da840,2026-09-30T23:30:00Z,Philadelphia Flyers,Pittsburgh Penguins,coolbet,totals,Over,5.5,1.71
2026-09-30T23:10:11Z,closing,255dd8cc841121349fe98f49791da840,2026-09-30T23:30:00Z,Philadelphia Flyers,Pittsburgh Penguins,coolbet,totals,Under,5.5,2.15
2026-09-30T23:10:11Z,closing,255dd8cc841121349fe98f49791da840,2026-09-30T23:30:00Z,Philadelphia Flyers,Pittsburgh Penguins,betsson,h2h,Philadelphia Flyers,,1.67
2026-09-30T23:10:11Z,closing,255dd8cc841121349fe98f49791da840,2026-09-30T23:30:00Z,Philadelphia Flyers,Pittsburgh Penguins,betsson,h2h,Pittsburgh Penguins,,2.21
2026-09-30T23:10:11Z,closing,255dd8cc841121349fe98f49791da840,2026-09-30T23:30:00Z,Philadelphia Flyers,Pittsburgh Penguins,betsson,spreads,Philadelphia Flyers,-1.5,2.55
2026-09-30T23:10:11Z,closing,255dd8cc841121349fe98f49791da840,2026-09-30T23:30:00Z,Philadelphia Flyers,Pittsburgh Penguins,betsson,spreads,Pittsburgh Penguins,1.5,1.52
2026-09-30T23:10:11Z,closing,255dd8cc841121349fe98f49791da840,2026-09-30T23:30:00Z,Philadelphia Flyers,Pittsburgh Penguins,betrivers,h2h,Philadelphia Flyers,,1.67
2026-09-30T23:10:11Z,closing,255dd8cc841121349fe98f49791da840,2026-09-30T23:30:00Z,Philadelphia Flyers,Pittsburgh Penguins,betrivers,h2h,Pittsburgh Penguins,,2.23
2026-09-30T23:10:11Z,closing,255dd8cc841121349fe98f49791da840,2026-09-30T23:30:00Z,Philadelphia Flyers,Pittsburgh Penguins,betrivers,spreads,Philadelphia Flyers,-1.5,2.7
2026-09-30T23:10:11Z,closing,255dd8cc841121349fe98f49791da840,2026-09-30T23:30:00Z,Philadelphia Flyers,Pittsburgh Penguins,betrivers,spreads,Pittsburgh Penguins,1.5,1.44
2026-09-30T23:10:11Z,closing,255dd8cc841121349fe98f49791da840,2026-09-30T23:30:00Z,Philadelphia Flyers,Pittsburgh Penguins,betrivers,totals,Over,5.5,1.72
2026-09-30T23:10:11Z,closing,255dd8cc841121349fe98f49791da840,2026-09-30T23:30:00Z,Philadelphia Flyers,Pittsburgh Penguins,betrivers,totals,Under,5.5,2.1
2026-09-30T23:10:11Z,closing,255dd8cc841121349fe98f49791da840,2026-09-30T23:30:00Z,Philadelphia Flyers,Pittsburgh Penguins,betmgm,h2h,Philadelphia Flyers,,1.69
2026-09-30T23:10:11Z,closing,255dd8cc841121349fe98f49791da840,2026-09-30T23:30:00Z,Philadelphia Flyers,Pittsburgh Penguins,betmgm,h2h,Pittsburgh Penguins,,2.2
2026-09-30T23:10:11Z,closing,255dd8cc841121349fe98f49791da840,2026-09-30T23:30:00Z,Philadelphia Flyers,Pittsburgh Penguins,betmgm,spreads,Philadelphia Flyers,-1.5,2.7
2026-09-30T23:10:11Z,closing,255dd8cc841121349fe98f49791da840,2026-09-30T23:30:00Z,Philadelphia Flyers,Pittsburgh Penguins,betmgm,spreads,Pittsburgh Penguins,1.5,1.48
2026-09-30T23:10:11Z,closing,255dd8cc841121349fe98f49791da840,2026-09-30T23:30:00Z,Philadelphia Flyers,Pittsburgh Penguins,betmgm,totals,Over,6.0,1.87
2026-09-30T23:10:11Z,closing,255dd8cc841121349fe98f49791da840,2026-09-30T23:30:00Z,Philadelphia Flyers,Pittsburgh Penguins,betmgm,totals,Under,6.0,1.95
2026-09-30T23:10:11Z,closing,255dd8cc841121349fe98f49791da840,2026-09-30T23:30:00Z,Philadelphia Flyers,Pittsburgh Penguins,pinnacle,h2h,Philadelphia Flyers,,1.7
2026-09-30T23:10:11Z,closing,255dd8cc841121349fe98f49791da840,2026-09-30T23:30:00Z,Philadelphia Flyers,Pittsburgh Penguins,pinnacle,h2h,Pittsburgh Penguins,,2.28
2026-09-30T23:10:11Z,closing,255dd8cc841121349fe98f49791da840,2026-09-30T23:30:00Z,Philadelphia Flyers,Pittsburgh Penguins,pinnacle,spreads,Philadelphia Flyers,-1.5,2.8
2026-09-30T23:10:11Z,closing,255dd8cc841121349fe98f49791da840,2026-09-30T23:30:00Z,Philadelphia Flyers,Pittsburgh Penguins,pinnacle,spreads,Pittsburgh Penguins,1.5,1.48
2026-09-30T23:10:11Z,closing,255dd8cc841121349fe98f49791da840,2026-09-30T23:30:00Z,Philadelphia Flyers,Pittsburgh Penguins,pinnacle,totals,Over,6.0,1.87
2026-09-30T23:10:11Z,closing,255dd8cc841121349fe98f49791da840,2026-09-30T23:30:00Z,Philadelphia Flyers,Pittsburgh Penguins,pinnacle,totals,Under,6.0,2.02
2026-09-30T23:10:11Z,closing,255dd8cc841121349fe98f49791da840,2026-09-30T23:30:00Z,Philadelphia Flyers,Pittsburgh Penguins,fanduel,h2h,Philadelphia Flyers,,1.7
2026-09-30T23:10:11Z,closing,255dd8cc841121349fe98f49791da840,2026-09-30T23:30:00Z,Philadelphia Flyers,Pittsburgh Penguins,fanduel,h2h,Pittsburgh Penguins,,2.18
2026-09-30T23:10:11Z,closing,255dd8cc841121349fe98f49791da840,2026-09-30T23:30:00Z,Philadelphia Flyers,Pittsburgh Penguins,fanduel,spreads,Philadelphia Flyers,-1.5,2.72
2026-09-30T23:10:11Z,closing,255dd8cc841121349fe98f49791da840,2026-09-30T23:30:00Z,Philadelphia Flyers,Pittsburgh Penguins,fanduel,spreads,Pittsburgh Penguins,1.5,1.47
2026-09-30T23:10:11Z,closing,255dd8cc841121349fe98f49791da840,2026-09-30T23:30:00Z,Philadelphia Flyers,Pittsburgh Penguins,fanduel,totals,Over,6.5,2.14
2026-09-30T23:10:11Z,closing,255dd8cc841121349fe98f49791da840,2026-09-30T23:30:00Z,Philadelphia Flyers,Pittsburgh Penguins,fanduel,totals,Under,6.5,1.71
2026-09-30T23:10:11Z,closing,255dd8cc841121349fe98f49791da840,2026-09-30T23:30:00Z,Philadelphia Flyers,Pittsburgh Penguins,matchbook,h2h,Philadelphia Flyers,,1.74
2026-09-30T23:10:11Z,closing,255dd8cc841121349fe98f49791da840,2026-09-30T23:30:00Z,Philadelphia Flyers,Pittsburgh Penguins,matchbook,h2h,Pittsburgh Penguins,,2.32
2026-09-30T23:10:11Z,closing,255dd8cc841121349fe98f49791da840,2026-09-30T23:30:00Z,Philadelphia Flyers,Pittsburgh Penguins,matchbook,h2h_lay,Philadelphia Flyers,,1.75
2026-09-30T23:10:11Z,closing,255dd8cc841121349fe98f49791da840,2026-09-30T23:30:00Z,Philadelphia Flyers,Pittsburgh Penguins,matchbook,h2h_lay,Pittsburgh Penguins,,2.34
2026-09-30T23:10:11Z,closing,255dd8cc841121349fe98f49791da840,2026-09-30T23:30:00Z,Philadelphia Flyers,Pittsburgh Penguins,matchbook,spreads,Philadelphia Flyers,-1.5,2.82
2026-09-30T23:10:11Z,closing,255dd8cc841121349fe98f49791da840,2026-09-30T23:30:00Z,Philadelphia Flyers,Pittsburgh Penguins,matchbook,spreads,Pittsburgh Penguins,1.5,1.52
2026-09-30T23:10:11Z,closing,255dd8cc841121349fe98f49791da840,2026-09-30T23:30:00Z,Philadelphia Flyers,Pittsburgh Penguins,matchbook,totals,Over,6.5,2.14
2026-09-30T23:10:11Z,closing,255dd8cc841121349fe98f49791da840,2026-09-30T23:30:00Z,Philadelphia Flyers,Pittsburgh Penguins,matchbook,totals,Under,6.5,1.83
2026-09-30T23:10:11Z,closing,255dd8cc841121349fe98f49791da840,2026-09-30T23:30:00Z,Philadelphia Flyers,Pittsburgh Penguins,draftkings,alternate_spreads,Philadelphia Flyers,3.5,1.05
2026-09-30T23:10:11Z,closing,255dd8cc841121349fe98f49791da840,2026-09-30T23:30:00Z,Philadelphia Flyers,Pittsburgh Penguins,draftkings,alternate_spreads,Philadelphia Flyers,2.5,1.15
2026-09-30T23:10:11Z,closing,255dd8cc841121349fe98f49791da840,2026-09-30T23:30:00Z,Philadelphia Flyers,Pittsburgh Penguins,draftkings,alternate_spreads,Philadelphia Flyers,1.5,1.29
2026-09-30T23:10:11Z,closing,255dd8cc841121349fe98f49791da840,2026-09-30T23:30:00Z,Philadelphia Flyers,Pittsburgh Penguins,draftkings,alternate_spreads,Philadelphia Flyers,-2.5,3.85
2026-09-30T23:10:11Z,closing,255dd8cc841121349fe98f49791da840,2026-09-30T23:30:00Z,Philadelphia Flyers,Pittsburgh Penguins,draftkings,alternate_spreads,Philadelphia Flyers,-3.5,7.5
2026-09-30T23:10:11Z,closing,255dd8cc841121349fe98f49791da840,2026-09-30T23:30:00Z,Philadelphia Flyers,Pittsburgh Penguins,draftkings,alternate_spreads,Pittsburgh Penguins,-3.5,10.0
2026-09-30T23:10:11Z,closing,255dd8cc841121349fe98f49791da840,2026-09-30T23:30:00Z,Philadelphia Flyers,Pittsburgh Penguins,draftkings,alternate_spreads,Pittsburgh Penguins,-2.5,5.0
2026-09-30T23:10:11Z,closing,255dd8cc841121349fe98f49791da840,2026-09-30T23:30:00Z,Philadelphia Flyers,Pittsburgh Penguins,draftkings,alternate_spreads,Pittsburgh Penguins,-1.5,3.45
2026-09-30T23:10:11Z,closing,255dd8cc841121349fe98f49791da840,2026-09-30T23:30:00Z,Philadelphia Flyers,Pittsburgh Penguins,draftkings,alternate_spreads,Pittsburgh Penguins,2.5,1.24
2026-09-30T23:10:11Z,closing,255dd8cc841121349fe98f49791da840,2026-09-30T23:30:00Z,Philadelphia Flyers,Pittsburgh Penguins,draftkings,alternate_spreads,Pittsburgh Penguins,3.5,1.08
2026-09-30T23:10:11Z,closing,255dd8cc841121349fe98f49791da840,2026-09-30T23:30:00Z,Philadelphia Flyers,Pittsburgh Penguins,draftkings,alternate_totals,Over,3.5,1.12
2026-09-30T23:10:11Z,closing,255dd8cc841121349fe98f49791da840,2026-09-30T23:30:00Z,Philadelphia Flyers,Pittsburgh Penguins,draftkings,alternate_totals,Over,4.5,1.23
2026-09-30T23:10:11Z,closing,255dd8cc841121349fe98f49791da840,2026-09-30T23:30:00Z,Philadelphia Flyers,Pittsburgh Penguins,draftkings,alternate_totals,Over,5.5,1.67
2026-09-30T23:10:11Z,closing,255dd8cc841121349fe98f49791da840,2026-09-30T23:30:00Z,Philadelphia Flyers,Pittsburgh Penguins,draftkings,alternate_totals,Over,7.5,3.4
2026-09-30T23:10:11Z,closing,255dd8cc841121349fe98f49791da840,2026-09-30T23:30:00Z,Philadelphia Flyers,Pittsburgh Penguins,draftkings,alternate_totals,Over,8.5,4.6
2026-09-30T23:10:11Z,closing,255dd8cc841121349fe98f49791da840,2026-09-30T23:30:00Z,Philadelphia Flyers,Pittsburgh Penguins,draftkings,alternate_totals,Over,9.5,9.0
2026-09-30T23:10:11Z,closing,255dd8cc841121349fe98f49791da840,2026-09-30T23:30:00Z,Philadelphia Flyers,Pittsburgh Penguins,draftkings,alternate_totals,Under,3.5,5.8
2026-09-30T23:10:11Z,closing,255dd8cc841121349fe98f49791da840,2026-09-30T23:30:00Z,Philadelphia Flyers,Pittsburgh Penguins,draftkings,alternate_totals,Under,4.5,3.95
2026-09-30T23:10:11Z,closing,255dd8cc841121349fe98f49791da840,2026-09-30T23:30:00Z,Philadelphia Flyers,Pittsburgh Penguins,draftkings,alternate_totals,Under,5.5,2.1
2026-09-30T23:10:11Z,closing,255dd8cc841121349fe98f49791da840,2026-09-30T23:30:00Z,Philadelphia Flyers,Pittsburgh Penguins,draftkings,alternate_totals,Under,7.5,1.29
2026-09-30T23:10:11Z,closing,255dd8cc841121349fe98f49791da840,2026-09-30T23:30:00Z,Philadelphia Flyers,Pittsburgh Penguins,draftkings,alternate_totals,Under,8.5,1.17
2026-09-30T23:10:11Z,closing,255dd8cc841121349fe98f49791da840,2026-09-30T23:30:00Z,Philadelphia Flyers,Pittsburgh Penguins,draftkings,alternate_totals,Under,9.5,1.06
2026-09-30T23:10:11Z,closing,255dd8cc841121349fe98f49791da840,2026-09-30T23:30:00Z,Philadelphia Flyers,Pittsburgh Penguins,coolbet,alternate_spreads,Philadelphia Flyers,1.5,1.25
2026-09-30T23:10:11Z,closing,255dd8cc841121349fe98f49791da840,2026-09-30T23:30:00Z,Philadelphia Flyers,Pittsburgh Penguins,coolbet,alternate_spreads,Philadelphia Flyers,2.5,1.12
2026-09-30T23:10:11Z,closing,255dd8cc841121349fe98f49791da840,2026-09-30T23:30:00Z,Philadelphia Flyers,Pittsburgh Penguins,coolbet,alternate_spreads,Philadelphia Flyers,-1.5,2.7
2026-09-30T23:10:11Z,closing,255dd8cc841121349fe98f49791da840,2026-09-30T23:30:00Z,Philadelphia Flyers,Pittsburgh Penguins,coolbet,alternate_spreads,Philadelphia Flyers,-2.5,4.1
2026-09-30T23:10:11Z,closing,255dd8cc841121349fe98f49791da840,2026-09-30T23:30:00Z,Philadelphia Flyers,Pittsburgh Penguins,coolbet,alternate_spreads,Pittsburgh Penguins,-1.5,4.0
2026-09-30T23:10:11Z,closing,255dd8cc841121349fe98f49791da840,2026-09-30T23:30:00Z,Philadelphia Flyers,Pittsburgh Penguins,coolbet,alternate_spreads,Pittsburgh Penguins,-2.5,6.4
2026-09-30T23:10:11Z,closing,255dd8cc841121349fe98f49791da840,2026-09-30T23:30:00Z,Philadelphia Flyers,Pittsburgh Penguins,coolbet,alternate_spreads,Pittsburgh Penguins,1.5,1.47
2026-09-30T23:10:11Z,closing,255dd8cc841121349fe98f49791da840,2026-09-30T23:30:00Z,Philadelphia Flyers,Pittsburgh Penguins,coolbet,alternate_spreads,Pittsburgh Penguins,2.5,1.24
2026-09-30T23:10:11Z,closing,255dd8cc841121349fe98f49791da840,2026-09-30T23:30:00Z,Philadelphia Flyers,Pittsburgh Penguins,coolbet,alternate_totals,Over,3.5,1.13
2026-09-30T23:10:11Z,closing,255dd8cc841121349fe98f49791da840,2026-09-30T23:30:00Z,Philadelphia Flyers,Pittsburgh Penguins,coolbet,alternate_totals,Over,5.5,1.71
2026-09-30T23:10:11Z,closing,255dd8cc841121349fe98f49791da840,2026-09-30T23:30:00Z,Philadelphia Flyers,Pittsburgh Penguins,coolbet,alternate_totals,Over,7.5,3.55
2026-09-30T23:10:11Z,closing,255dd8cc841121349fe98f49791da840,2026-09-30T23:30:00Z,Philadelphia Flyers,Pittsburgh Penguins,coolbet,alternate_totals,Over,4.5,1.36
2026-09-30T23:10:11Z,closing,255dd8cc841121349fe98f49791da840,2026-09-30T23:30:00Z,Philadelphia Flyers,Pittsburgh Penguins,coolbet,alternate_totals,Over,8.5,5.8
2026-09-30T23:10:11Z,closing,255dd8cc841121349fe98f49791da840,2026-09-30T23:30:00Z,Philadelphia Flyers,Pittsburgh Penguins,coolbet,alternate_totals,Over,6.5,2.42
2026-09-30T23:10:11Z,closing,255dd8cc841121349fe98f49791da840,2026-09-30T23:30:00Z,Philadelphia Flyers,Pittsburgh Penguins,coolbet,alternate_totals,Under,3.5,6.1
2026-09-30T23:10:11Z,closing,255dd8cc841121349fe98f49791da840,2026-09-30T23:30:00Z,Philadelphia Flyers,Pittsburgh Penguins,coolbet,alternate_totals,Under,5.5,2.15
2026-09-30T23:10:11Z,closing,255dd8cc841121349fe98f49791da840,2026-09-30T23:30:00Z,Philadelphia Flyers,Pittsburgh Penguins,coolbet,alternate_totals,Under,7.5,1.3
2026-09-30T23:10:11Z,closing,255dd8cc841121349fe98f49791da840,2026-09-30T23:30:00Z,Philadelphia Flyers,Pittsburgh Penguins,coolbet,alternate_totals,Under,4.5,3.18
2026-09-30T23:10:11Z,closing,255dd8cc841121349fe98f49791da840,2026-09-30T23:30:00Z,Philadelphia Flyers,Pittsburgh Penguins,coolbet,alternate_totals,Under,8.5,1.14
2026-09-30T23:10:11Z,closing,255dd8cc841121349fe98f49791da840,2026-09-30T23:30:00Z,Philadelphia Flyers,Pittsburgh Penguins,coolbet,alternate_totals,Under,6.5,1.57
2026-09-30T23:10:11Z,closing,255dd8cc841121349fe98f49791da840,2026-09-30T23:30:00Z,Philadelphia Flyers,Pittsburgh Penguins,pinnacle,alternate_spreads,Philadelphia Flyers,-1.5,2.8
2026-09-30T23:10:11Z,closing,255dd8cc841121349fe98f49791da840,2026-09-30T23:30:00Z,Philadelphia Flyers,Pittsburgh Penguins,pinnacle,alternate_spreads,Philadelphia Flyers,2.5,1.14
2026-09-30T23:10:11Z,closing,255dd8cc841121349fe98f49791da840,2026-09-30T23:30:00Z,Philadelphia Flyers,Pittsburgh Penguins,pinnacle,alternate_spreads,Philadelphia Flyers,1.5,1.26
2026-09-30T23:10:11Z,closing,255dd8cc841121349fe98f49791da840,2026-09-30T23:30:00Z,Philadelphia Flyers,Pittsburgh Penguins,pinnacle,alternate_spreads,Philadelphia Flyers,-2.5,4.03
2026-09-30T23:10:11Z,closing,255dd8cc841121349fe98f49791da840,2026-09-30T23:30:00Z,Philadelphia Flyers,Pittsburgh Penguins,pinnacle,alternate_spreads,Pittsburgh Penguins,1.5,1.48
2026-09-30T23:10:11Z,closing,255dd8cc841121349fe98f49791da840,2026-09-30T23:30:00Z,Philadelphia Flyers,Pittsburgh Penguins,pinnacle,alternate_spreads,Pittsburgh Penguins,-2.5,5.93
2026-09-30T23:10:11Z,closing,255dd8cc841121349fe98f49791da840,2026-09-30T23:30:00Z,Philadelphia Flyers,Pittsburgh Penguins,pinnacle,alternate_spreads,Pittsburgh Penguins,-1.5,3.97
2026-09-30T23:10:11Z,closing,255dd8cc841121349fe98f49791da840,2026-09-30T23:30:00Z,Philadelphia Flyers,Pittsburgh Penguins,pinnacle,alternate_spreads,Pittsburgh Penguins,2.5,1.26
2026-09-30T23:10:11Z,closing,255dd8cc841121349fe98f49791da840,2026-09-30T23:30:00Z,Philadelphia Flyers,Pittsburgh Penguins,pinnacle,alternate_totals,Over,6.0,1.87
2026-09-30T23:10:11Z,closing,255dd8cc841121349fe98f49791da840,2026-09-30T23:30:00Z,Philadelphia Flyers,Pittsburgh Penguins,pinnacle,alternate_totals,Over,5.0,1.33
2026-09-30T23:10:11Z,closing,255dd8cc841121349fe98f49791da840,2026-09-30T23:30:00Z,Philadelphia Flyers,Pittsburgh Penguins,pinnacle,alternate_totals,Over,5.5,1.69
2026-09-30T23:10:11Z,closing,255dd8cc841121349fe98f49791da840,2026-09-30T23:30:00Z,Philadelphia Flyers,Pittsburgh Penguins,pinnacle,alternate_totals,Over,6.5,2.08
2026-09-30T23:10:11Z,closing,255dd8cc841121349fe98f49791da840,2026-09-30T23:30:00Z,Philadelphia Flyers,Pittsburgh Penguins,pinnacle,alternate_totals,Over,7.0,2.94
2026-09-30T23:10:11Z,closing,255dd8cc841121349fe98f49791da840,2026-09-30T23:30:00Z,Philadelphia Flyers,Pittsburgh Penguins,pinnacle,alternate_totals,Over,8.5,5.07
2026-09-30T23:10:11Z,closing,255dd8cc841121349fe98f49791da840,2026-09-30T23:30:00Z,Philadelphia Flyers,Pittsburgh Penguins,pinnacle,alternate_totals,Under,6.0,2.02
2026-09-30T23:10:11Z,closing,255dd8cc841121349fe98f49791da840,2026-09-30T23:30:00Z,Philadelphia Flyers,Pittsburgh Penguins,pinnacle,alternate_totals,Under,5.0,3.46
2026-09-30T23:10:11Z,closing,255dd8cc841121349fe98f49791da840,2026-09-30T23:30:00Z,Philadelphia Flyers,Pittsburgh Penguins,pinnacle,alternate_totals,Under,5.5,2.24
2026-09-30T23:10:11Z,closing,255dd8cc841121349fe98f49791da840,2026-09-30T23:30:00Z,Philadelphia Flyers,Pittsburgh Penguins,pinnacle,alternate_totals,Under,6.5,1.8
2026-09-30T23:10:11Z,closing,255dd8cc841121349fe98f49791da840,2026-09-30T23:30:00Z,Philadelphia Flyers,Pittsburgh Penguins,pinnacle,alternate_totals,Under,7.0,1.43
2026-09-30T23:10:11Z,closing,255dd8cc841121349fe98f49791da840,2026-09-30T23:30:00Z,Philadelphia Flyers,Pittsburgh Penguins,pinnacle,alternate_totals,Under,8.5,1.19
2026-09-30T23:10:11Z,closing,255dd8cc841121349fe98f49791da840,2026-09-30T23:30:00Z,Philadelphia Flyers,Pittsburgh Penguins,fanduel,alternate_spreads,Philadelphia Flyers,1.5,1.27
2026-09-30T23:10:11Z,closing,255dd8cc841121349fe98f49791da840,2026-09-30T23:30:00Z,Philadelphia Flyers,Pittsburgh Penguins,fanduel,alternate_spreads,Philadelphia Flyers,2.5,1.13
2026-09-30T23:10:11Z,closing,255dd8cc841121349fe98f49791da840,2026-09-30T23:30:00Z,Philadelphia Flyers,Pittsburgh Penguins,fanduel,alternate_spreads,Philadelphia Flyers,3.5,1.04
2026-09-30T23:10:11Z,closing,255dd8cc841121349fe98f49791da840,2026-09-30T23:30:00Z,Philadelphia Flyers,Pittsburgh Penguins,fanduel,alternate_spreads,Philadelphia Flyers,4.5,1.01
2026-09-30T23:10:11Z,closing,255dd8cc841121349fe98f49791da840,2026-09-30T23:30:00Z,Philadelphia Flyers,Pittsburgh Penguins,fanduel,alternate_spreads,Philadelphia Flyers,5.5,1.0
2026-09-30T23:10:11Z,closing,255dd8cc841121349fe98f49791da840,2026-09-30T23:30:00Z,Philadelphia Flyers,Pittsburgh Penguins,fanduel,alternate_spreads,Philadelphia Flyers,6.5,1.0
2026-09-30T23:10:11Z,closing,255dd8cc841121349fe98f49791da840,2026-09-30T23:30:00Z,Philadelphia Flyers,Pittsburgh Penguins,fanduel,alternate_spreads,Philadelphia Flyers,-1.5,2.68
2026-09-30T23:10:11Z,closing,255dd8cc841121349fe98f49791da840,2026-09-30T23:30:00Z,Philadelphia Flyers,Pittsburgh Penguins,fanduel,alternate_spreads,Philadelphia Flyers,-2.5,3.5
2026-09-30T23:10:11Z,closing,255dd8cc841121349fe98f49791da840,2026-09-30T23:30:00Z,Philadelphia Flyers,Pittsburgh Penguins,fanduel,alternate_spreads,Philadelphia Flyers,-3.5,7.2
2026-09-30T23:10:11Z,closing,255dd8cc841121349fe98f49791da840,2026-09-30T23:30:00Z,Philadelphia Flyers,Pittsburgh Penguins,fanduel,alternate_spreads,Philadelphia Flyers,-4.5,17.5
2026-09-30T23:10:11Z,closing,255dd8cc841121349fe98f49791da840,2026-09-30T23:30:00Z,Philadelphia Flyers,Pittsburgh Penguins,fanduel,alternate_spreads,Philadelphia Flyers,-5.5,47.0
2026-09-30T23:10:11Z,closing,255dd8cc841121349fe98f49791da840,2026-09-30T23:30:00Z,Philadelphia Flyers,Pittsburgh Penguins,fanduel,alternate_spreads,Pittsburgh Penguins,1.5,1.45
2026-09-30T23:10:11Z,closing,255dd8cc841121349fe98f49791da840,2026-09-30T23:30:00Z,Philadelphia Flyers,Pittsburgh Penguins,fanduel,alternate_spreads,Pittsburgh Penguins,2.5,1.28
2026-09-30T23:10:11Z,closing,255dd8cc841121349fe98f49791da840,2026-09-30T23:30:00Z,Philadelphia Flyers,Pittsburgh Penguins,fanduel,alternate_spreads,Pittsburgh Penguins,3.5,1.09
2026-09-30T23:10:11Z,closing,255dd8cc841121349fe98f49791da840,2026-09-30T23:30:00Z,Philadelphia Flyers,Pittsburgh Penguins,fanduel,alternate_spreads,Pittsburgh Penguins,4.5,1.02
2026-09-30T23:10:11Z,closing,255dd8cc841121349fe98f49791da840,2026-09-30T23:30:00Z,Philadelphia Flyers,Pittsburgh Penguins,fanduel,alternate_spreads,Pittsburgh Penguins,5.5,1.01
2026-09-30T23:10:11Z,closing,255dd8cc841121349fe98f49791da840,2026-09-30T23:30:00Z,Philadelphia Flyers,Pittsburgh Penguins,fanduel,alternate_spreads,Pittsburgh Penguins,6.5,1.0
2026-09-30T23:10:11Z,closing,255dd8cc841121349fe98f49791da840,2026-09-30T23:30:00Z,Philadelphia Flyers,Pittsburgh Penguins,fanduel,alternate_spreads,Pittsburgh Penguins,-1.5,3.6
2026-09-30T23:10:11Z,closing,255dd8cc841121349fe98f49791da840,2026-09-30T23:30:00Z,Philadelphia Flyers,Pittsburgh Penguins,fanduel,alternate_spreads,Pittsburgh Penguins,-2.5,5.6
2026-09-30T23:10:11Z,closing,255dd8cc841121349fe98f49791da840,2026-09-30T23:30:00Z,Philadelphia Flyers,Pittsburgh Penguins,fanduel,alternate_spreads,Pittsburgh Penguins,-3.5,13.4
2026-09-30T23:10:11Z,closing,255dd8cc841121349fe98f49791da840,2026-09-30T23:30:00Z,Philadelphia Flyers,Pittsburgh Penguins,fanduel,alternate_spreads,Pittsburgh Penguins,-4.5,35.0
2026-09-30T23:10:11Z,closing,255dd8cc841121349fe98f49791da840,2026-09-30T23:30:00Z,Philadelphia Flyers,Pittsburgh Penguins,fanduel,alternate_totals,Over,2.5,1.02
2026-09-30T23:10:11Z,closing,255dd8cc841121349fe98f49791da840,2026-09-30T23:30:00Z,Philadelphia Flyers,Pittsburgh Penguins,fanduel,alternate_totals,Over,3.5,1.11
2026-09-30T23:10:11Z,closing,255dd8cc841121349fe98f49791da840,2026-09-30T23:30:00Z,Philadelphia Flyers,Pittsburgh Penguins,fanduel,alternate_totals,Over,4.5,1.22
2026-09-30T23:10:11Z,closing,255dd8cc841121349fe98f49791da840,2026-09-30T23:30:00Z,Philadelphia Flyers,Pittsburgh Penguins,fanduel,alternate_totals,Over,5.5,1.68
2026-09-30T23:10:11Z,closing,255dd8cc841121349fe98f49791da840,2026-09-30T23:30:00Z,Philadelphia Flyers,Pittsburgh Penguins,fanduel,alternate_totals,Over,6.5,2.12
2026-09-30T23:10:11Z,closing,255dd8cc841121349fe98f49791da840,2026-09-30T23:30:00Z,Philadelphia Flyers,Pittsburgh Penguins,fanduel,alternate_totals,Over,7.5,3.6
2026-09-30T23:10:11Z,closing,255dd8cc841121349fe98f49791da840,2026-09-30T23:30:00Z,Philadelphia Flyers,Pittsburgh Penguins,fanduel,alternate_totals,Over,8.5,5.3
2026-09-30T23:10:11Z,closing,255dd8cc841121349fe98f49791da840,2026-09-30T23:30:00Z,Philadelphia Flyers,Pittsburgh Penguins,fanduel,alternate_totals,Over,9.5,10.8
2026-09-30T23:10:11Z,closing,255dd8cc841121349fe98f49791da840,2026-09-30T23:30:00Z,Philadelphia Flyers,Pittsburgh Penguins,fanduel,alternate_totals,Over,10.5,16.5
2026-09-30T23:10:11Z,closing,255dd8cc841121349fe98f49791da840,2026-09-30T23:30:00Z,Philadelphia Flyers,Pittsburgh Penguins,fanduel,alternate_totals,Over,11.5,39.0
2026-09-30T23:10:11Z,closing,255dd8cc841121349fe98f49791da840,2026-09-30T23:30:00Z,Philadelphia Flyers,Pittsburgh Penguins,fanduel,alternate_totals,Under,2.5,22.0
2026-09-30T23:10:11Z,closing,255dd8cc841121349fe98f49791da840,2026-09-30T23:30:00Z,Philadelphia Flyers,Pittsburgh Penguins,fanduel,alternate_totals,Under,3.5,6.6
2026-09-30T23:10:11Z,closing,255dd8cc841121349fe98f49791da840,2026-09-30T23:30:00Z,Philadelphia Flyers,Pittsburgh Penguins,fanduel,alternate_totals,Under,4.5,4.2
2026-09-30T23:10:11Z,closing,255dd8cc841121349fe98f49791da840,2026-09-30T23:30:00Z,Philadelphia Flyers,Pittsburgh Penguins,fanduel,alternate_totals,Under,5.5,2.16
2026-09-30T23:10:11Z,closing,255dd8cc841121349fe98f49791da840,2026-09-30T23:30:00Z,Philadelphia Flyers,Pittsburgh Penguins,fanduel,alternate_totals,Under,6.5,1.7
2026-09-30T23:10:11Z,closing,255dd8cc841121349fe98f49791da840,2026-09-30T23:30:00Z,Philadelphia Flyers,Pittsburgh Penguins,fanduel,alternate_totals,Under,7.5,1.26
2026-09-30T23:10:11Z,closing,255dd8cc841121349fe98f49791da840,2026-09-30T23:30:00Z,Philadelphia Flyers,Pittsburgh Penguins,fanduel,alternate_totals,Under,8.5,1.15
2026-09-30T23:10:11Z,closing,255dd8cc841121349fe98f49791da840,2026-09-30T23:30:00Z,Philadelphia Flyers,Pittsburgh Penguins,fanduel,alternate_totals,Under,9.5,1.05
2026-09-30T23:10:11Z,closing,255dd8cc841121349fe98f49791da840,2026-09-30T23:30:00Z,Philadelphia Flyers,Pittsburgh Penguins,fanduel,alternate_totals,Under,10.5,1.03
2026-09-30T23:10:11Z,closing,255dd8cc841121349fe98f49791da840,2026-09-30T23:30:00Z,Philadelphia Flyers,Pittsburgh Penguins,fanduel,alternate_totals,Under,11.5,1.01
2026-09-30T23:20:27Z,closing,86ec2098c2ac5801e32fbde493581558,2026-09-30T23:40:00Z,Toronto Maple Leafs,New York Islanders,draftkings,h2h,New York Islanders,,2.2
2026-09-30T23:20:27Z,closing,86ec2098c2ac5801e32fbde493581558,2026-09-30T23:40:00Z,Toronto Maple Leafs,New York Islanders,draftkings,h2h,Toronto Maple Leafs,,1.7
2026-09-30T23:20:27Z,closing,86ec2098c2ac5801e32fbde493581558,2026-09-30T23:40:00Z,Toronto Maple Leafs,New York Islanders,draftkings,spreads,New York Islanders,1.5,1.44
2026-09-30T23:20:27Z,closing,86ec2098c2ac5801e32fbde493581558,2026-09-30T23:40:00Z,Toronto Maple Leafs,New York Islanders,draftkings,spreads,Toronto Maple Leafs,-1.5,2.85
2026-09-30T23:20:27Z,closing,86ec2098c2ac5801e32fbde493581558,2026-09-30T23:40:00Z,Toronto Maple Leafs,New York Islanders,draftkings,totals,Over,5.5,1.74
2026-09-30T23:20:27Z,closing,86ec2098c2ac5801e32fbde493581558,2026-09-30T23:40:00Z,Toronto Maple Leafs,New York Islanders,draftkings,totals,Under,5.5,2.14
2026-09-30T23:20:27Z,closing,86ec2098c2ac5801e32fbde493581558,2026-09-30T23:40:00Z,Toronto Maple Leafs,New York Islanders,betmgm,h2h,New York Islanders,,2.18
2026-09-30T23:20:27Z,closing,86ec2098c2ac5801e32fbde493581558,2026-09-30T23:40:00Z,Toronto Maple Leafs,New York Islanders,betmgm,h2h,Toronto Maple Leafs,,1.71
2026-09-30T23:20:27Z,closing,86ec2098c2ac5801e32fbde493581558,2026-09-30T23:40:00Z,Toronto Maple Leafs,New York Islanders,betmgm,spreads,New York Islanders,1.5,1.45
2026-09-30T23:20:27Z,closing,86ec2098c2ac5801e32fbde493581558,2026-09-30T23:40:00Z,Toronto Maple Leafs,New York Islanders,betmgm,spreads,Toronto Maple Leafs,-1.5,2.8
2026-09-30T23:20:27Z,closing,86ec2098c2ac5801e32fbde493581558,2026-09-30T23:40:00Z,Toronto Maple Leafs,New York Islanders,betmgm,totals,Over,6.0,1.91
2026-09-30T23:20:27Z,closing,86ec2098c2ac5801e32fbde493581558,2026-09-30T23:40:00Z,Toronto Maple Leafs,New York Islanders,betmgm,totals,Under,6.0,1.91
2026-09-30T23:20:27Z,closing,86ec2098c2ac5801e32fbde493581558,2026-09-30T23:40:00Z,Toronto Maple Leafs,New York Islanders,betrivers,h2h,New York Islanders,,2.12
2026-09-30T23:20:27Z,closing,86ec2098c2ac5801e32fbde493581558,2026-09-30T23:40:00Z,Toronto Maple Leafs,New York Islanders,betrivers,h2h,Toronto Maple Leafs,,1.73
2026-09-30T23:20:27Z,closing,86ec2098c2ac5801e32fbde493581558,2026-09-30T23:40:00Z,Toronto Maple Leafs,New York Islanders,betrivers,spreads,New York Islanders,1.5,1.42
2026-09-30T23:20:27Z,closing,86ec2098c2ac5801e32fbde493581558,2026-09-30T23:40:00Z,Toronto Maple Leafs,New York Islanders,betrivers,spreads,Toronto Maple Leafs,-1.5,2.8
2026-09-30T23:20:27Z,closing,86ec2098c2ac5801e32fbde493581558,2026-09-30T23:40:00Z,Toronto Maple Leafs,New York Islanders,betrivers,totals,Over,6.5,2.08
2026-09-30T23:20:27Z,closing,86ec2098c2ac5801e32fbde493581558,2026-09-30T23:40:00Z,Toronto Maple Leafs,New York Islanders,betrivers,totals,Under,6.5,1.73
2026-09-30T23:20:27Z,closing,86ec2098c2ac5801e32fbde493581558,2026-09-30T23:40:00Z,Toronto Maple Leafs,New York Islanders,betsson,h2h,New York Islanders,,2.15
2026-09-30T23:20:27Z,closing,86ec2098c2ac5801e32fbde493581558,2026-09-30T23:40:00Z,Toronto Maple Leafs,New York Islanders,betsson,h2h,Toronto Maple Leafs,,1.7
2026-09-30T23:20:27Z,closing,86ec2098c2ac5801e32fbde493581558,2026-09-30T23:40:00Z,Toronto Maple Leafs,New York Islanders,betsson,spreads,New York Islanders,1.5,1.52
2026-09-30T23:20:27Z,closing,86ec2098c2ac5801e32fbde493581558,2026-09-30T23:40:00Z,Toronto Maple Leafs,New York Islanders,betsson,spreads,Toronto Maple Leafs,-1.5,2.55
2026-09-30T23:20:27Z,closing,86ec2098c2ac5801e32fbde493581558,2026-09-30T23:40:00Z,Toronto Maple Leafs,New York Islanders,fanduel,h2h,New York Islanders,,2.16
2026-09-30T23:20:27Z,closing,86ec2098c2ac5801e32fbde493581558,2026-09-30T23:40:00Z,Toronto Maple Leafs,New York Islanders,fanduel,h2h,Toronto Maple Leafs,,1.71
2026-09-30T23:20:27Z,closing,86ec2098c2ac5801e32fbde493581558,2026-09-30T23:40:00Z,Toronto Maple Leafs,New York Islanders,fanduel,spreads,New York Islanders,1.5,1.47
2026-09-30T23:20:27Z,closing,86ec2098c2ac5801e32fbde493581558,2026-09-30T23:40:00Z,Toronto Maple Leafs,New York Islanders,fanduel,spreads,Toronto Maple Leafs,-1.5,2.72
2026-09-30T23:20:27Z,closing,86ec2098c2ac5801e32fbde493581558,2026-09-30T23:40:00Z,Toronto Maple Leafs,New York Islanders,fanduel,totals,Over,5.5,1.72
2026-09-30T23:20:27Z,closing,86ec2098c2ac5801e32fbde493581558,2026-09-30T23:40:00Z,Toronto Maple Leafs,New York Islanders,fanduel,totals,Under,5.5,2.12
2026-09-30T23:20:27Z,closing,86ec2098c2ac5801e32fbde493581558,2026-09-30T23:40:00Z,Toronto Maple Leafs,New York Islanders,matchbook,h2h,New York Islanders,,2.3
2026-09-30T23:20:27Z,closing,86ec2098c2ac5801e32fbde493581558,2026-09-30T23:40:00Z,Toronto Maple Leafs,New York Islanders,matchbook,h2h,Toronto Maple Leafs,,1.75
2026-09-30T23:20:27Z,closing,86ec2098c2ac5801e32fbde493581558,2026-09-30T23:40:00Z,Toronto Maple Leafs,New York Islanders,matchbook,h2h_lay,New York Islanders,,2.34
2026-09-30T23:20:27Z,closing,86ec2098c2ac5801e32fbde493581558,2026-09-30T23:40:00Z,Toronto Maple Leafs,New York Islanders,matchbook,h2h_lay,Toronto Maple Leafs,,1.77
2026-09-30T23:20:27Z,closing,86ec2098c2ac5801e32fbde493581558,2026-09-30T23:40:00Z,Toronto Maple Leafs,New York Islanders,matchbook,spreads,New York Islanders,1.5,1.49
2026-09-30T23:20:27Z,closing,86ec2098c2ac5801e32fbde493581558,2026-09-30T23:40:00Z,Toronto Maple Leafs,New York Islanders,matchbook,spreads,Toronto Maple Leafs,-1.5,2.9
2026-09-30T23:20:27Z,closing,86ec2098c2ac5801e32fbde493581558,2026-09-30T23:40:00Z,Toronto Maple Leafs,New York Islanders,matchbook,totals,Over,6.5,2.2
2026-09-30T23:20:27Z,closing,86ec2098c2ac5801e32fbde493581558,2026-09-30T23:40:00Z,Toronto Maple Leafs,New York Islanders,matchbook,totals,Under,6.5,1.79
2026-09-30T23:20:27Z,closing,86ec2098c2ac5801e32fbde493581558,2026-09-30T23:40:00Z,Toronto Maple Leafs,New York Islanders,coolbet,h2h_3way,New York Islanders,,2.8
2026-09-30T23:20:27Z,closing,86ec2098c2ac5801e32fbde493581558,2026-09-30T23:40:00Z,Toronto Maple Leafs,New York Islanders,coolbet,h2h_3way,Toronto Maple Leafs,,2.2
2026-09-30T23:20:27Z,closing,86ec2098c2ac5801e32fbde493581558,2026-09-30T23:40:00Z,Toronto Maple Leafs,New York Islanders,coolbet,h2h_3way,Draw,,4.3
2026-09-30T23:20:27Z,closing,86ec2098c2ac5801e32fbde493581558,2026-09-30T23:40:00Z,Toronto Maple Leafs,New York Islanders,coolbet,spreads,New York Islanders,1.5,1.44
2026-09-30T23:20:27Z,closing,86ec2098c2ac5801e32fbde493581558,2026-09-30T23:40:00Z,Toronto Maple Leafs,New York Islanders,coolbet,spreads,Toronto Maple Leafs,-1.5,2.8
2026-09-30T23:20:27Z,closing,86ec2098c2ac5801e32fbde493581558,2026-09-30T23:40:00Z,Toronto Maple Leafs,New York Islanders,coolbet,totals,Over,5.5,1.71
2026-09-30T23:20:27Z,closing,86ec2098c2ac5801e32fbde493581558,2026-09-30T23:40:00Z,Toronto Maple Leafs,New York Islanders,coolbet,totals,Under,5.5,2.15
2026-09-30T23:20:27Z,closing,86ec2098c2ac5801e32fbde493581558,2026-09-30T23:40:00Z,Toronto Maple Leafs,New York Islanders,pinnacle,h2h,New York Islanders,,2.21
2026-09-30T23:20:27Z,closing,86ec2098c2ac5801e32fbde493581558,2026-09-30T23:40:00Z,Toronto Maple Leafs,New York Islanders,pinnacle,h2h,Toronto Maple Leafs,,1.75
2026-09-30T23:20:27Z,closing,86ec2098c2ac5801e32fbde493581558,2026-09-30T23:40:00Z,Toronto Maple Leafs,New York Islanders,pinnacle,spreads,New York Islanders,1.5,1.45
2026-09-30T23:20:27Z,closing,86ec2098c2ac5801e32fbde493581558,2026-09-30T23:40:00Z,Toronto Maple Leafs,New York Islanders,pinnacle,spreads,Toronto Maple Leafs,-1.5,2.92
2026-09-30T23:20:27Z,closing,86ec2098c2ac5801e32fbde493581558,2026-09-30T23:40:00Z,Toronto Maple Leafs,New York Islanders,pinnacle,totals,Over,6.0,1.93
2026-09-30T23:20:27Z,closing,86ec2098c2ac5801e32fbde493581558,2026-09-30T23:40:00Z,Toronto Maple Leafs,New York Islanders,pinnacle,totals,Under,6.0,1.95
2026-09-30T23:20:27Z,closing,86ec2098c2ac5801e32fbde493581558,2026-09-30T23:40:00Z,Toronto Maple Leafs,New York Islanders,draftkings,alternate_spreads,New York Islanders,-3.5,10.0
2026-09-30T23:20:27Z,closing,86ec2098c2ac5801e32fbde493581558,2026-09-30T23:40:00Z,Toronto Maple Leafs,New York Islanders,draftkings,alternate_spreads,New York Islanders,-2.5,4.8
2026-09-30T23:20:27Z,closing,86ec2098c2ac5801e32fbde493581558,2026-09-30T23:40:00Z,Toronto Maple Leafs,New York Islanders,draftkings,alternate_spreads,New York Islanders,-1.5,3.3
2026-09-30T23:20:27Z,closing,86ec2098c2ac5801e32fbde493581558,2026-09-30T23:40:00Z,Toronto Maple Leafs,New York Islanders,draftkings,alternate_spreads,New York Islanders,2.5,1.23
2026-09-30T23:20:27Z,closing,86ec2098c2ac5801e32fbde493581558,2026-09-30T23:40:00Z,Toronto Maple Leafs,New York Islanders,draftkings,alternate_spreads,New York Islanders,3.5,1.07
2026-09-30T23:20:27Z,closing,86ec2098c2ac5801e32fbde493581558,2026-09-30T23:40:00Z,Toronto Maple Leafs,New York Islanders,draftkings,alternate_spreads,Toronto Maple Leafs,3.5,1.05
2026-09-30T23:20:27Z,closing,86ec2098c2ac5801e32fbde493581558,2026-09-30T23:40:00Z,Toronto Maple Leafs,New York Islanders,draftkings,alternate_spreads,Toronto Maple Leafs,2.5,1.16
2026-09-30T23:20:27Z,closing,86ec2098c2ac5801e32fbde493581558,2026-09-30T23:40:00Z,Toronto Maple Leafs,New York Islanders,draftkings,alternate_spreads,Toronto Maple Leafs,1.5,1.31
2026-09-30T23:20:27Z,closing,86ec2098c2ac5801e32fbde493581558,2026-09-30T23:40:00Z,Toronto Maple Leafs,New York Islanders,draftkings,alternate_spreads,Toronto Maple Leafs,-2.5,3.95
2026-09-30T23:20:27Z,closing,86ec2098c2ac5801e32fbde493581558,2026-09-30T23:40:00Z,Toronto Maple Leafs,New York Islanders,draftkings,alternate_spreads,Toronto Maple Leafs,-3.5,7.75
2026-09-30T23:20:27Z,closing,86ec2098c2ac5801e32fbde493581558,2026-09-30T23:40:00Z,Toronto Maple Leafs,New York Islanders,draftkings,alternate_totals,Over,3.5,1.12
2026-09-30T23:20:27Z,closing,86ec2098c2ac5801e32fbde493581558,2026-09-30T23:40:00Z,Toronto Maple Leafs,New York Islanders,draftkings,alternate_totals,Over,4.5,1.24
2026-09-30T23:20:27Z,closing,86ec2098c2ac5801e32fbde493581558,2026-09-30T23:40:00Z,Toronto Maple Leafs,New York Islanders,draftkings,alternate_totals,Over,6.5,2.05
2026-09-30T23:20:27Z,closing,86ec2098c2ac5801e32fbde493581558,2026-09-30T23:40:00Z,Toronto Maple Leafs,New York Islanders,draftkings,alternate_totals,Over,7.5,3.55
2026-09-30T23:20:27Z,closing,86ec2098c2ac5801e32fbde493581558,2026-09-30T23:40:00Z,Toronto Maple Leafs,New York Islanders,draftkings,alternate_totals,Over,8.5,4.9
2026-09-30T23:20:27Z,closing,86ec2098c2ac5801e32fbde493581558,2026-09-30T23:40:00Z,Toronto Maple Leafs,New York Islanders,draftkings,alternate_totals,Over,9.5,9.5
2026-09-30T23:20:27Z,closing,86ec2098c2ac5801e32fbde493581558,2026-09-30T23:40:00Z,Toronto Maple Leafs,New York Islanders,draftkings,alternate_totals,Under,3.5,5.6
2026-09-30T23:20:27Z,closing,86ec2098c2ac5801e32fbde493581558,2026-09-30T23:40:00Z,Toronto Maple Leafs,New York Islanders,draftkings,alternate_totals,Under,4.5,3.8
2026-09-30T23:20:27Z,closing,86ec2098c2ac5801e32fbde493581558,2026-09-30T23:40:00Z,Toronto Maple Leafs,New York Islanders,draftkings,alternate_totals,Under,6.5,1.69
2026-09-30T23:20:27Z,closing,86ec2098c2ac5801e32fbde493581558,2026-09-30T23:40:00Z,Toronto Maple Leafs,New York Islanders,draftkings,alternate_totals,Under,7.5,1.27
2026-09-30T23:20:27Z,closing,86ec2098c2ac5801e32fbde493581558,2026-09-30T23:40:00Z,Toronto Maple Leafs,New York Islanders,draftkings,alternate_totals,Under,8.5,1.16
2026-09-30T23:20:27Z,closing,86ec2098c2ac5801e32fbde493581558,2026-09-30T23:40:00Z,Toronto Maple Leafs,New York Islanders,draftkings,alternate_totals,Under,9.5,1.05
2026-09-30T23:20:27Z,closing,86ec2098c2ac5801e32fbde493581558,2026-09-30T23:40:00Z,Toronto Maple Leafs,New York Islanders,fanduel,alternate_spreads,New York Islanders,1.5,1.45
2026-09-30T23:20:27Z,closing,86ec2098c2ac5801e32fbde493581558,2026-09-30T23:40:00Z,Toronto Maple Leafs,New York Islanders,fanduel,alternate_spreads,New York Islanders,2.5,1.24
2026-09-30T23:20:27Z,closing,86ec2098c2ac5801e32fbde493581558,2026-09-30T23:40:00Z,Toronto Maple Leafs,New York Islanders,fanduel,alternate_spreads,New York Islanders,3.5,1.07
2026-09-30T23:20:27Z,closing,86ec2098c2ac5801e32fbde493581558,2026-09-30T23:40:00Z,Toronto Maple Leafs,New York Islanders,fanduel,alternate_spreads,New York Islanders,4.5,1.02
2026-09-30T23:20:27Z,closing,86ec2098c2ac5801e32fbde493581558,2026-09-30T23:40:00Z,Toronto Maple Leafs,New York Islanders,fanduel,alternate_spreads,New York Islanders,5.5,1.01
2026-09-30T23:20:27Z,closing,86ec2098c2ac5801e32fbde493581558,2026-09-30T23:40:00Z,Toronto Maple Leafs,New York Islanders,fanduel,alternate_spreads,New York Islanders,6.5,1.0
2026-09-30T23:20:27Z,closing,86ec2098c2ac5801e32fbde493581558,2026-09-30T23:40:00Z,Toronto Maple Leafs,New York Islanders,fanduel,alternate_spreads,New York Islanders,-1.5,3.6
2026-09-30T23:20:27Z,closing,86ec2098c2ac5801e32fbde493581558,2026-09-30T23:40:00Z,Toronto Maple Leafs,New York Islanders,fanduel,alternate_spreads,New York Islanders,-2.5,5.6
2026-09-30T23:20:27Z,closing,86ec2098c2ac5801e32fbde493581558,2026-09-30T23:40:00Z,Toronto Maple Leafs,New York Islanders,fanduel,alternate_spreads,New York Islanders,-3.5,14.4
2026-09-30T23:20:27Z,closing,86ec2098c2ac5801e32fbde493581558,2026-09-30T23:40:00Z,Toronto Maple Leafs,New York Islanders,fanduel,alternate_spreads,New York Islanders,-4.5,35.0
2026-09-30T23:20:27Z,closing,86ec2098c2ac5801e32fbde493581558,2026-09-30T23:40:00Z,Toronto Maple Leafs,New York Islanders,fanduel,alternate_spreads,Toronto Maple Leafs,1.5,1.28
2026-09-30T23:20:27Z,closing,86ec2098c2ac5801e32fbde493581558,2026-09-30T23:40:00Z,Toronto Maple Leafs,New York Islanders,fanduel,alternate_spreads,Toronto Maple Leafs,2.5,1.13
2026-09-30T23:20:27Z,closing,86ec2098c2ac5801e32fbde493581558,2026-09-30T23:40:00Z,Toronto Maple Leafs,New York Islanders,fanduel,alternate_spreads,Toronto Maple Leafs,3.5,1.03
2026-09-30T23:20:27Z,closing,86ec2098c2ac5801e32fbde493581558,2026-09-30T23:40:00Z,Toronto Maple Leafs,New York Islanders,fanduel,alternate_spreads,Toronto Maple Leafs,4.5,1.01
2026-09-30T23:20:27Z,closing,86ec2098c2ac5801e32fbde493581558,2026-09-30T23:40:00Z,Toronto Maple Leafs,New York Islanders,fanduel,alternate_spreads,Toronto Maple Leafs,5.5,1.0
2026-09-30T23:20:27Z,closing,86ec2098c2ac5801e32fbde493581558,2026-09-30T23:40:00Z,Toronto Maple Leafs,New York Islanders,fanduel,alternate_spreads,Toronto Maple Leafs,-1.5,2.7
2026-09-30T23:20:27Z,closing,86ec2098c2ac5801e32fbde493581558,2026-09-30T23:40:00Z,Toronto Maple Leafs,New York Islanders,fanduel,alternate_spreads,Toronto Maple Leafs,-2.5,3.8
2026-09-30T23:20:27Z,closing,86ec2098c2ac5801e32fbde493581558,2026-09-30T23:40:00Z,Toronto Maple Leafs,New York Islanders,fanduel,alternate_spreads,Toronto Maple Leafs,-3.5,8.8
2026-09-30T23:20:27Z,closing,86ec2098c2ac5801e32fbde493581558,2026-09-30T23:40:00Z,Toronto Maple Leafs,New York Islanders,fanduel,alternate_spreads,Toronto Maple Leafs,-4.5,18.5
2026-09-30T23:20:27Z,closing,86ec2098c2ac5801e32fbde493581558,2026-09-30T23:40:00Z,Toronto Maple Leafs,New York Islanders,fanduel,alternate_spreads,Toronto Maple Leafs,-5.5,47.0
2026-09-30T23:20:27Z,closing,86ec2098c2ac5801e32fbde493581558,2026-09-30T23:40:00Z,Toronto Maple Leafs,New York Islanders,fanduel,alternate_totals,Over,2.5,1.02
2026-09-30T23:20:27Z,closing,86ec2098c2ac5801e32fbde493581558,2026-09-30T23:40:00Z,Toronto Maple Leafs,New York Islanders,fanduel,alternate_totals,Over,3.5,1.12
2026-09-30T23:20:27Z,closing,86ec2098c2ac5801e32fbde493581558,2026-09-30T23:40:00Z,Toronto Maple Leafs,New York Islanders,fanduel,alternate_totals,Over,4.5,1.23
2026-09-30T23:20:27Z,closing,86ec2098c2ac5801e32fbde493581558,2026-09-30T23:40:00Z,Toronto Maple Leafs,New York Islanders,fanduel,alternate_totals,Over,5.5,1.72
2026-09-30T23:20:27Z,closing,86ec2098c2ac5801e32fbde493581558,2026-09-30T23:40:00Z,Toronto Maple Leafs,New York Islanders,fanduel,alternate_totals,Over,6.5,2.16
2026-09-30T23:20:27Z,closing,86ec2098c2ac5801e32fbde493581558,2026-09-30T23:40:00Z,Toronto Maple Leafs,New York Islanders,fanduel,alternate_totals,Over,7.5,3.8
2026-09-30T23:20:27Z,closing,86ec2098c2ac5801e32fbde493581558,2026-09-30T23:40:00Z,Toronto Maple Leafs,New York Islanders,fanduel,alternate_totals,Over,8.5,5.4
2026-09-30T23:20:27Z,closing,86ec2098c2ac5801e32fbde493581558,2026-09-30T23:40:00Z,Toronto Maple Leafs,New York Islanders,fanduel,alternate_totals,Over,9.5,11.4
2026-09-30T23:20:27Z,closing,86ec2098c2ac5801e32fbde493581558,2026-09-30T23:40:00Z,Toronto Maple Leafs,New York Islanders,fanduel,alternate_totals,Over,10.5,16.5
2026-09-30T23:20:27Z,closing,86ec2098c2ac5801e32fbde493581558,2026-09-30T23:40:00Z,Toronto Maple Leafs,New York Islanders,fanduel,alternate_totals,Over,11.5,44.0
2026-09-30T23:20:27Z,closing,86ec2098c2ac5801e32fbde493581558,2026-09-30T23:40:00Z,Toronto Maple Leafs,New York Islanders,fanduel,alternate_totals,Under,2.5,19.5
2026-09-30T23:20:27Z,closing,86ec2098c2ac5801e32fbde493581558,2026-09-30T23:40:00Z,Toronto Maple Leafs,New York Islanders,fanduel,alternate_totals,Under,3.5,6.0
2026-09-30T23:20:27Z,closing,86ec2098c2ac5801e32fbde493581558,2026-09-30T23:40:00Z,Toronto Maple Leafs,New York Islanders,fanduel,alternate_totals,Under,4.5,3.9
2026-09-30T23:20:27Z,closing,86ec2098c2ac5801e32fbde493581558,2026-09-30T23:40:00Z,Toronto Maple Leafs,New York Islanders,fanduel,alternate_totals,Under,5.5,2.08
2026-09-30T23:20:27Z,closing,86ec2098c2ac5801e32fbde493581558,2026-09-30T23:40:00Z,Toronto Maple Leafs,New York Islanders,fanduel,alternate_totals,Under,6.5,1.68
2026-09-30T23:20:27Z,closing,86ec2098c2ac5801e32fbde493581558,2026-09-30T23:40:00Z,Toronto Maple Leafs,New York Islanders,fanduel,alternate_totals,Under,7.5,1.25
2026-09-30T23:20:27Z,closing,86ec2098c2ac5801e32fbde493581558,2026-09-30T23:40:00Z,Toronto Maple Leafs,New York Islanders,fanduel,alternate_totals,Under,8.5,1.14
2026-09-30T23:20:27Z,closing,86ec2098c2ac5801e32fbde493581558,2026-09-30T23:40:00Z,Toronto Maple Leafs,New York Islanders,fanduel,alternate_totals,Under,9.5,1.05
2026-09-30T23:20:27Z,closing,86ec2098c2ac5801e32fbde493581558,2026-09-30T23:40:00Z,Toronto Maple Leafs,New York Islanders,fanduel,alternate_totals,Under,10.5,1.03
2026-09-30T23:20:27Z,closing,86ec2098c2ac5801e32fbde493581558,2026-09-30T23:40:00Z,Toronto Maple Leafs,New York Islanders,fanduel,alternate_totals,Under,11.5,1.01
2026-09-30T23:20:27Z,closing,86ec2098c2ac5801e32fbde493581558,2026-09-30T23:40:00Z,Toronto Maple Leafs,New York Islanders,coolbet,alternate_spreads,New York Islanders,-1.5,3.8
2026-09-30T23:20:27Z,closing,86ec2098c2ac5801e32fbde493581558,2026-09-30T23:40:00Z,Toronto Maple Leafs,New York Islanders,coolbet,alternate_spreads,New York Islanders,1.5,1.44
2026-09-30T23:20:27Z,closing,86ec2098c2ac5801e32fbde493581558,2026-09-30T23:40:00Z,Toronto Maple Leafs,New York Islanders,coolbet,alternate_spreads,New York Islanders,2.5,1.22
2026-09-30T23:20:27Z,closing,86ec2098c2ac5801e32fbde493581558,2026-09-30T23:40:00Z,Toronto Maple Leafs,New York Islanders,coolbet,alternate_spreads,New York Islanders,-2.5,5.3
2026-09-30T23:20:27Z,closing,86ec2098c2ac5801e32fbde493581558,2026-09-30T23:40:00Z,Toronto Maple Leafs,New York Islanders,coolbet,alternate_spreads,Toronto Maple Leafs,1.5,1.27
2026-09-30T23:20:27Z,closing,86ec2098c2ac5801e32fbde493581558,2026-09-30T23:40:00Z,Toronto Maple Leafs,New York Islanders,coolbet,alternate_spreads,Toronto Maple Leafs,-1.5,2.8
2026-09-30T23:20:27Z,closing,86ec2098c2ac5801e32fbde493581558,2026-09-30T23:40:00Z,Toronto Maple Leafs,New York Islanders,coolbet,alternate_spreads,Toronto Maple Leafs,-2.5,4.45
2026-09-30T23:20:27Z,closing,86ec2098c2ac5801e32fbde493581558,2026-09-30T23:40:00Z,Toronto Maple Leafs,New York Islanders,coolbet,alternate_spreads,Toronto Maple Leafs,2.5,1.18
2026-09-30T23:20:27Z,closing,86ec2098c2ac5801e32fbde493581558,2026-09-30T23:40:00Z,Toronto Maple Leafs,New York Islanders,coolbet,alternate_totals,Over,4.5,1.37
2026-09-30T23:20:27Z,closing,86ec2098c2ac5801e32fbde493581558,2026-09-30T23:40:00Z,Toronto Maple Leafs,New York Islanders,coolbet,alternate_totals,Over,6.5,2.42
2026-09-30T23:20:27Z,closing,86ec2098c2ac5801e32fbde493581558,2026-09-30T23:40:00Z,Toronto Maple Leafs,New York Islanders,coolbet,alternate_totals,Over,7.5,3.55
2026-09-30T23:20:27Z,closing,86ec2098c2ac5801e32fbde493581558,2026-09-30T23:40:00Z,Toronto Maple Leafs,New York Islanders,coolbet,alternate_totals,Over,5.5,1.71
2026-09-30T23:20:27Z,closing,86ec2098c2ac5801e32fbde493581558,2026-09-30T23:40:00Z,Toronto Maple Leafs,New York Islanders,coolbet,alternate_totals,Over,3.5,1.14
2026-09-30T23:20:27Z,closing,86ec2098c2ac5801e32fbde493581558,2026-09-30T23:40:00Z,Toronto Maple Leafs,New York Islanders,coolbet,alternate_totals,Over,8.5,5.8
2026-09-30T23:20:27Z,closing,86ec2098c2ac5801e32fbde493581558,2026-09-30T23:40:00Z,Toronto Maple Leafs,New York Islanders,coolbet,alternate_totals,Under,4.5,3.1
2026-09-30T23:20:27Z,closing,86ec2098c2ac5801e32fbde493581558,2026-09-30T23:40:00Z,Toronto Maple Leafs,New York Islanders,coolbet,alternate_totals,Under,6.5,1.57
2026-09-30T23:20:27Z,closing,86ec2098c2ac5801e32fbde493581558,2026-09-30T23:40:00Z,Toronto Maple Leafs,New York Islanders,coolbet,alternate_totals,Under,7.5,1.3
2026-09-30T23:20:27Z,closing,86ec2098c2ac5801e32fbde493581558,2026-09-30T23:40:00Z,Toronto Maple Leafs,New York Islanders,coolbet,alternate_totals,Under,5.5,2.15
2026-09-30T23:20:27Z,closing,86ec2098c2ac5801e32fbde493581558,2026-09-30T23:40:00Z,Toronto Maple Leafs,New York Islanders,coolbet,alternate_totals,Under,3.5,5.9
2026-09-30T23:20:27Z,closing,86ec2098c2ac5801e32fbde493581558,2026-09-30T23:40:00Z,Toronto Maple Leafs,New York Islanders,coolbet,alternate_totals,Under,8.5,1.14
2026-09-30T23:20:27Z,closing,86ec2098c2ac5801e32fbde493581558,2026-09-30T23:40:00Z,Toronto Maple Leafs,New York Islanders,pinnacle,alternate_spreads,New York Islanders,1.5,1.45
2026-09-30T23:20:27Z,closing,86ec2098c2ac5801e32fbde493581558,2026-09-30T23:40:00Z,Toronto Maple Leafs,New York Islanders,pinnacle,alternate_spreads,New York Islanders,-2.5,5.58
2026-09-30T23:20:27Z,closing,86ec2098c2ac5801e32fbde493581558,2026-09-30T23:40:00Z,Toronto Maple Leafs,New York Islanders,pinnacle,alternate_spreads,New York Islanders,-1.5,3.78
2026-09-30T23:20:27Z,closing,86ec2098c2ac5801e32fbde493581558,2026-09-30T23:40:00Z,Toronto Maple Leafs,New York Islanders,pinnacle,alternate_spreads,New York Islanders,2.5,1.24
2026-09-30T23:20:27Z,closing,86ec2098c2ac5801e32fbde493581558,2026-09-30T23:40:00Z,Toronto Maple Leafs,New York Islanders,pinnacle,alternate_spreads,Toronto Maple Leafs,-1.5,2.92
2026-09-30T23:20:27Z,closing,86ec2098c2ac5801e32fbde493581558,2026-09-30T23:40:00Z,Toronto Maple Leafs,New York Islanders,pinnacle,alternate_spreads,Toronto Maple Leafs,2.5,1.15
2026-09-30T23:20:27Z,closing,86ec2098c2ac5801e32fbde493581558,2026-09-30T23:40:00Z,Toronto Maple Leafs,New York Islanders,pinnacle,alternate_spreads,Toronto Maple Leafs,1.5,1.28
2026-09-30T23:20:27Z,closing,86ec2098c2ac5801e32fbde493581558,2026-09-30T23:40:00Z,Toronto Maple Leafs,New York Islanders,pinnacle,alternate_spreads,Toronto Maple Leafs,-2.5,4.21
2026-09-30T23:20:27Z,closing,86ec2098c2ac5801e32fbde493581558,2026-09-30T23:40:00Z,Toronto Maple Leafs,New York Islanders,pinnacle,alternate_totals,Over,6.0,1.93
2026-09-30T23:20:27Z,closing,86ec2098c2ac5801e32fbde493581558,2026-09-30T23:40:00Z,Toronto Maple Leafs,New York Islanders,pinnacle,alternate_totals,Over,5.0,1.35
2026-09-30T23:20:27Z,closing,86ec2098c2ac5801e32fbde493581558,2026-09-30T23:40:00Z,Toronto Maple Leafs,New York Islanders,pinnacle,alternate_totals,Over,5.5,1.74
2026-09-30T23:20:27Z,closing,86ec2098c2ac5801e32fbde493581558,2026-09-30T23:40:00Z,Toronto Maple Leafs,New York Islanders,pinnacle,alternate_totals,Over,6.5,2.14
2026-09-30T23:20:27Z,closing,86ec2098c2ac5801e32fbde493581558,2026-09-30T23:40:00Z,Toronto Maple Leafs,New York Islanders,pinnacle,alternate_totals,Over,7.0,3.07
2026-09-30T23:20:27Z,closing,86ec2098c2ac5801e32fbde493581558,2026-09-30T23:40:00Z,Toronto Maple Leafs,New York Islanders,pinnacle,alternate_totals,Over,8.5,5.23
2026-09-30T23:20:27Z,closing,86ec2098c2ac5801e32fbde493581558,2026-09-30T23:40:00Z,Toronto Maple Leafs,New York Islanders,pinnacle,alternate_totals,Under,6.0,1.95
2026-09-30T23:20:27Z,closing,86ec2098c2ac5801e32fbde493581558,2026-09-30T23:40:00Z,Toronto Maple Leafs,New York Islanders,pinnacle,alternate_totals,Under,5.0,3.32
2026-09-30T23:20:27Z,closing,86ec2098c2ac5801e32fbde493581558,2026-09-30T23:40:00Z,Toronto Maple Leafs,New York Islanders,pinnacle,alternate_totals,Under,5.5,2.16
2026-09-30T23:20:27Z,closing,86ec2098c2ac5801e32fbde493581558,2026-09-30T23:40:00Z,Toronto Maple Leafs,New York Islanders,pinnacle,alternate_totals,Under,6.5,1.75
2026-09-30T23:20:27Z,closing,86ec2098c2ac5801e32fbde493581558,2026-09-30T23:40:00Z,Toronto Maple Leafs,New York Islanders,pinnacle,alternate_totals,Under,7.0,1.4
2026-09-30T23:20:27Z,closing,86ec2098c2ac5801e32fbde493581558,2026-09-30T23:40:00Z,Toronto Maple Leafs,New York Islanders,pinnacle,alternate_totals,Under,8.5,1.18
