snapshot_utc,mode,event_id,commence_utc,home,away,book,market,outcome,point,price
2026-09-25T01:14:15Z,closing,d1094cf64d0cccf98c76920fd2548c38,2026-09-25T01:41:00Z,Athletics,Houston Astros,fanduel,h2h,Athletics,,2.5
2026-09-25T01:14:15Z,closing,d1094cf64d0cccf98c76920fd2548c38,2026-09-25T01:41:00Z,Athletics,Houston Astros,fanduel,h2h,Houston Astros,,1.56
2026-09-25T01:14:15Z,closing,d1094cf64d0cccf98c76920fd2548c38,2026-09-25T01:41:00Z,Athletics,Houston Astros,fanduel,spreads,Athletics,1.5,1.98
2026-09-25T01:14:15Z,closing,d1094cf64d0cccf98c76920fd2548c38,2026-09-25T01:41:00Z,Athletics,Houston Astros,fanduel,spreads,Houston Astros,-1.5,1.85
2026-09-25T01:14:15Z,closing,d1094cf64d0cccf98c76920fd2548c38,2026-09-25T01:41:00Z,Athletics,Houston Astros,fanduel,totals,Over,10.5,1.82
2026-09-25T01:14:15Z,closing,d1094cf64d0cccf98c76920fd2548c38,2026-09-25T01:41:00Z,Athletics,Houston Astros,fanduel,totals,Under,10.5,2.0
2026-09-25T01:14:15Z,closing,d1094cf64d0cccf98c76920fd2548c38,2026-09-25T01:41:00Z,Athletics,Houston Astros,betfair_ex_eu,h2h,Athletics,,2.66
2026-09-25T01:14:15Z,closing,d1094cf64d0cccf98c76920fd2548c38,2026-09-25T01:41:00Z,Athletics,Houston Astros,betfair_ex_eu,h2h,Houston Astros,,1.59
2026-09-25T01:14:15Z,closing,d1094cf64d0cccf98c76920fd2548c38,2026-09-25T01:41:00Z,Athletics,Houston Astros,betfair_ex_eu,h2h_lay,Athletics,,2.7
2026-09-25T01:14:15Z,closing,d1094cf64d0cccf98c76920fd2548c38,2026-09-25T01:41:00Z,Athletics,Houston Astros,betfair_ex_eu,h2h_lay,Houston Astros,,1.61
2026-09-25T01:14:15Z,closing,d1094cf64d0cccf98c76920fd2548c38,2026-09-25T01:41:00Z,Athletics,Houston Astros,betrivers,h2h,Athletics,,2.38
2026-09-25T01:14:15Z,closing,d1094cf64d0cccf98c76920fd2548c38,2026-09-25T01:41:00Z,Athletics,Houston Astros,betrivers,h2h,Houston Astros,,1.6
2026-09-25T01:14:15Z,closing,d1094cf64d0cccf98c76920fd2548c38,2026-09-25T01:41:00Z,Athletics,Houston Astros,betrivers,spreads,Athletics,1.5,1.91
2026-09-25T01:14:15Z,closing,d1094cf64d0cccf98c76920fd2548c38,2026-09-25T01:41:00Z,Athletics,Houston Astros,betrivers,spreads,Houston Astros,-1.5,1.91
2026-09-25T01:14:15Z,closing,d1094cf64d0cccf98c76920fd2548c38,2026-09-25T01:41:00Z,Athletics,Houston Astros,betrivers,totals,Over,11.0,1.88
2026-09-25T01:14:15Z,closing,d1094cf64d0cccf98c76920fd2548c38,2026-09-25T01:41:00Z,Athletics,Houston Astros,betrivers,totals,Under,11.0,1.81
2026-09-25T01:14:15Z,closing,d1094cf64d0cccf98c76920fd2548c38,2026-09-25T01:41:00Z,Athletics,Houston Astros,betsson,h2h,Athletics,,2.42
2026-09-25T01:14:15Z,closing,d1094cf64d0cccf98c76920fd2548c38,2026-09-25T01:41:00Z,Athletics,Houston Astros,betsson,h2h,Houston Astros,,1.56
2026-09-25T01:14:15Z,closing,d1094cf64d0cccf98c76920fd2548c38,2026-09-25T01:41:00Z,Athletics,Houston Astros,betsson,spreads,Athletics,1.5,1.93
2026-09-25T01:14:15Z,closing,d1094cf64d0cccf98c76920fd2548c38,2026-09-25T01:41:00Z,Athletics,Houston Astros,betsson,spreads,Houston Astros,-1.5,1.83
2026-09-25T01:14:15Z,closing,d1094cf64d0cccf98c76920fd2548c38,2026-09-25T01:41:00Z,Athletics,Houston Astros,betsson,totals,Over,11.0,1.93
2026-09-25T01:14:15Z,closing,d1094cf64d0cccf98c76920fd2548c38,2026-09-25T01:41:00Z,Athletics,Houston Astros,betsson,totals,Under,11.0,1.83
2026-09-25T01:14:15Z,closing,d1094cf64d0cccf98c76920fd2548c38,2026-09-25T01:41:00Z,Athletics,Houston Astros,draftkings,h2h,Athletics,,2.47
2026-09-25T01:14:15Z,closing,d1094cf64d0cccf98c76920fd2548c38,2026-09-25T01:41:00Z,Athletics,Houston Astros,draftkings,h2h,Houston Astros,,1.56
2026-09-25T01:14:15Z,closing,d1094cf64d0cccf98c76920fd2548c38,2026-09-25T01:41:00Z,Athletics,Houston Astros,draftkings,spreads,Athletics,1.5,1.92
2026-09-25T01:14:15Z,closing,d1094cf64d0cccf98c76920fd2548c38,2026-09-25T01:41:00Z,Athletics,Houston Astros,draftkings,spreads,Houston Astros,-1.5,1.9
2026-09-25T01:14:15Z,closing,d1094cf64d0cccf98c76920fd2548c38,2026-09-25T01:41:00Z,Athletics,Houston Astros,draftkings,totals,Over,11.0,1.93
2026-09-25T01:14:15Z,closing,d1094cf64d0cccf98c76920fd2548c38,2026-09-25T01:41:00Z,Athletics,Houston Astros,draftkings,totals,Under,11.0,1.89
2026-09-25T01:14:15Z,closing,d1094cf64d0cccf98c76920fd2548c38,2026-09-25T01:41:00Z,Athletics,Houston Astros,matchbook,h2h,Athletics,,2.66
2026-09-25T01:14:15Z,closing,d1094cf64d0cccf98c76920fd2548c38,2026-09-25T01:41:00Z,Athletics,Houston Astros,matchbook,h2h,Houston Astros,,1.59
2026-09-25T01:14:15Z,closing,d1094cf64d0cccf98c76920fd2548c38,2026-09-25T01:41:00Z,Athletics,Houston Astros,matchbook,h2h_lay,Athletics,,2.7
2026-09-25T01:14:15Z,closing,d1094cf64d0cccf98c76920fd2548c38,2026-09-25T01:41:00Z,Athletics,Houston Astros,matchbook,h2h_lay,Houston Astros,,1.6
2026-09-25T01:14:15Z,closing,d1094cf64d0cccf98c76920fd2548c38,2026-09-25T01:41:00Z,Athletics,Houston Astros,matchbook,spreads,Athletics,1.5,2.0
2026-09-25T01:14:15Z,closing,d1094cf64d0cccf98c76920fd2548c38,2026-09-25T01:41:00Z,Athletics,Houston Astros,matchbook,spreads,Houston Astros,-1.5,1.91
2026-09-25T01:14:15Z,closing,d1094cf64d0cccf98c76920fd2548c38,2026-09-25T01:41:00Z,Athletics,Houston Astros,matchbook,totals,Over,10.5,1.77
2026-09-25T01:14:15Z,closing,d1094cf64d0cccf98c76920fd2548c38,2026-09-25T01:41:00Z,Athletics,Houston Astros,matchbook,totals,Under,10.5,2.14
2026-09-25T01:14:15Z,closing,d1094cf64d0cccf98c76920fd2548c38,2026-09-25T01:41:00Z,Athletics,Houston Astros,coolbet,h2h,Athletics,,2.47
2026-09-25T01:14:15Z,closing,d1094cf64d0cccf98c76920fd2548c38,2026-09-25T01:41:00Z,Athletics,Houston Astros,coolbet,h2h,Houston Astros,,1.55
2026-09-25T01:14:15Z,closing,d1094cf64d0cccf98c76920fd2548c38,2026-09-25T01:41:00Z,Athletics,Houston Astros,coolbet,spreads,Athletics,1.5,1.92
2026-09-25T01:14:15Z,closing,d1094cf64d0cccf98c76920fd2548c38,2026-09-25T01:41:00Z,Athletics,Houston Astros,coolbet,spreads,Houston Astros,-1.5,1.89
2026-09-25T01:14:15Z,closing,d1094cf64d0cccf98c76920fd2548c38,2026-09-25T01:41:00Z,Athletics,Houston Astros,coolbet,totals,Over,11.0,1.95
2026-09-25T01:14:15Z,closing,d1094cf64d0cccf98c76920fd2548c38,2026-09-25T01:41:00Z,Athletics,Houston Astros,coolbet,totals,Under,11.0,1.87
2026-09-25T01:14:15Z,closing,d1094cf64d0cccf98c76920fd2548c38,2026-09-25T01:41:00Z,Athletics,Houston Astros,betmgm,h2h,Athletics,,2.5
2026-09-25T01:14:15Z,closing,d1094cf64d0cccf98c76920fd2548c38,2026-09-25T01:41:00Z,Athletics,Houston Astros,betmgm,h2h,Houston Astros,,1.54
2026-09-25T01:14:15Z,closing,d1094cf64d0cccf98c76920fd2548c38,2026-09-25T01:41:00Z,Athletics,Houston Astros,betmgm,spreads,Athletics,1.5,1.95
2026-09-25T01:14:15Z,closing,d1094cf64d0cccf98c76920fd2548c38,2026-09-25T01:41:00Z,Athletics,Houston Astros,betmgm,spreads,Houston Astros,-1.5,1.87
2026-09-25T01:14:15Z,closing,d1094cf64d0cccf98c76920fd2548c38,2026-09-25T01:41:00Z,Athletics,Houston Astros,betmgm,totals,Over,11.0,1.91
2026-09-25T01:14:15Z,closing,d1094cf64d0cccf98c76920fd2548c38,2026-09-25T01:41:00Z,Athletics,Houston Astros,betmgm,totals,Under,11.0,1.91
2026-09-25T01:14:15Z,closing,d1094cf64d0cccf98c76920fd2548c38,2026-09-25T01:41:00Z,Athletics,Houston Astros,pinnacle,h2h,Athletics,,2.61
2026-09-25T01:14:15Z,closing,d1094cf64d0cccf98c76920fd2548c38,2026-09-25T01:41:00Z,Athletics,Houston Astros,pinnacle,h2h,Houston Astros,,1.57
2026-09-25T01:14:15Z,closing,d1094cf64d0cccf98c76920fd2548c38,2026-09-25T01:41:00Z,Athletics,Houston Astros,pinnacle,spreads,Athletics,1.5,2.02
2026-09-25T01:14:15Z,closing,d1094cf64d0cccf98c76920fd2548c38,2026-09-25T01:41:00Z,Athletics,Houston Astros,pinnacle,spreads,Houston Astros,-1.5,1.89
2026-09-25T01:14:15Z,closing,d1094cf64d0cccf98c76920fd2548c38,2026-09-25T01:41:00Z,Athletics,Houston Astros,pinnacle,totals,Over,11.0,1.95
2026-09-25T01:14:15Z,closing,d1094cf64d0cccf98c76920fd2548c38,2026-09-25T01:41:00Z,Athletics,Houston Astros,pinnacle,totals,Under,11.0,1.93
2026-09-25T01:14:15Z,closing,4984d3511b9db396e1a2c120b9623bbb,2026-09-25T01:41:00Z,Seattle Mariners,Los Angeles Angels,fanduel,h2h,Los Angeles Angels,,2.64
2026-09-25T01:14:15Z,closing,4984d3511b9db396e1a2c120b9623bbb,2026-09-25T01:41:00Z,Seattle Mariners,Los Angeles Angels,fanduel,h2h,Seattle Mariners,,1.51
2026-09-25T01:14:15Z,closing,4984d3511b9db396e1a2c120b9623bbb,2026-09-25T01:41:00Z,Seattle Mariners,Los Angeles Angels,fanduel,spreads,Los Angeles Angels,1.5,1.75
2026-09-25T01:14:15Z,closing,4984d3511b9db396e1a2c120b9623bbb,2026-09-25T01:41:00Z,Seattle Mariners,Los Angeles Angels,fanduel,spreads,Seattle Mariners,-1.5,2.12
2026-09-25T01:14:15Z,closing,4984d3511b9db396e1a2c120b9623bbb,2026-09-25T01:41:00Z,Seattle Mariners,Los Angeles Angels,fanduel,totals,Over,6.5,1.71
2026-09-25T01:14:15Z,closing,4984d3511b9db396e1a2c120b9623bbb,2026-09-25T01:41:00Z,Seattle Mariners,Los Angeles Angels,fanduel,totals,Under,6.5,2.14
2026-09-25T01:14:15Z,closing,4984d3511b9db396e1a2c120b9623bbb,2026-09-25T01:41:00Z,Seattle Mariners,Los Angeles Angels,draftkings,h2h,Los Angeles Angels,,2.63
2026-09-25T01:14:15Z,closing,4984d3511b9db396e1a2c120b9623bbb,2026-09-25T01:41:00Z,Seattle Mariners,Los Angeles Angels,draftkings,h2h,Seattle Mariners,,1.5
2026-09-25T01:14:15Z,closing,4984d3511b9db396e1a2c120b9623bbb,2026-09-25T01:41:00Z,Seattle Mariners,Los Angeles Angels,draftkings,spreads,Los Angeles Angels,1.5,1.75
2026-09-25T01:14:15Z,closing,4984d3511b9db396e1a2c120b9623bbb,2026-09-25T01:41:00Z,Seattle Mariners,Los Angeles Angels,draftkings,spreads,Seattle Mariners,-1.5,2.1
2026-09-25T01:14:15Z,closing,4984d3511b9db396e1a2c120b9623bbb,2026-09-25T01:41:00Z,Seattle Mariners,Los Angeles Angels,draftkings,totals,Over,7.0,1.94
2026-09-25T01:14:15Z,closing,4984d3511b9db396e1a2c120b9623bbb,2026-09-25T01:41:00Z,Seattle Mariners,Los Angeles Angels,draftkings,totals,Under,7.0,1.88
2026-09-25T01:14:15Z,closing,4984d3511b9db396e1a2c120b9623bbb,2026-09-25T01:41:00Z,Seattle Mariners,Los Angeles Angels,betsson,h2h,Los Angeles Angels,,2.57
2026-09-25T01:14:15Z,closing,4984d3511b9db396e1a2c120b9623bbb,2026-09-25T01:41:00Z,Seattle Mariners,Los Angeles Angels,betsson,h2h,Seattle Mariners,,1.51
2026-09-25T01:14:15Z,closing,4984d3511b9db396e1a2c120b9623bbb,2026-09-25T01:41:00Z,Seattle Mariners,Los Angeles Angels,betsson,spreads,Los Angeles Angels,1.5,1.69
2026-09-25T01:14:15Z,closing,4984d3511b9db396e1a2c120b9623bbb,2026-09-25T01:41:00Z,Seattle Mariners,Los Angeles Angels,betsson,spreads,Seattle Mariners,-1.5,2.11
2026-09-25T01:14:15Z,closing,4984d3511b9db396e1a2c120b9623bbb,2026-09-25T01:41:00Z,Seattle Mariners,Los Angeles Angels,betsson,totals,Over,7.0,1.86
2026-09-25T01:14:15Z,closing,4984d3511b9db396e1a2c120b9623bbb,2026-09-25T01:41:00Z,Seattle Mariners,Los Angeles Angels,betsson,totals,Under,7.0,1.9
2026-09-25T01:14:15Z,closing,4984d3511b9db396e1a2c120b9623bbb,2026-09-25T01:41:00Z,Seattle Mariners,Los Angeles Angels,betrivers,h2h,Los Angeles Angels,,2.75
2026-09-25T01:14:15Z,closing,4984d3511b9db396e1a2c120b9623bbb,2026-09-25T01:41:00Z,Seattle Mariners,Los Angeles Angels,betrivers,h2h,Seattle Mariners,,1.47
2026-09-25T01:14:15Z,closing,4984d3511b9db396e1a2c120b9623bbb,2026-09-25T01:41:00Z,Seattle Mariners,Los Angeles Angels,betrivers,spreads,Los Angeles Angels,1.5,1.8
2026-09-25T01:14:15Z,closing,4984d3511b9db396e1a2c120b9623bbb,2026-09-25T01:41:00Z,Seattle Mariners,Los Angeles Angels,betrivers,spreads,Seattle Mariners,-1.5,2.04
2026-09-25T01:14:15Z,closing,4984d3511b9db396e1a2c120b9623bbb,2026-09-25T01:41:00Z,Seattle Mariners,Los Angeles Angels,betrivers,totals,Over,7.0,1.83
2026-09-25T01:14:15Z,closing,4984d3511b9db396e1a2c120b9623bbb,2026-09-25T01:41:00Z,Seattle Mariners,Los Angeles Angels,betrivers,totals,Under,7.0,1.85
2026-09-25T01:14:15Z,closing,4984d3511b9db396e1a2c120b9623bbb,2026-09-25T01:41:00Z,Seattle Mariners,Los Angeles Angels,betmgm,h2h,Los Angeles Angels,,2.65
2026-09-25T01:14:15Z,closing,4984d3511b9db396e1a2c120b9623bbb,2026-09-25T01:41:00Z,Seattle Mariners,Los Angeles Angels,betmgm,h2h,Seattle Mariners,,1.5
2026-09-25T01:14:15Z,closing,4984d3511b9db396e1a2c120b9623bbb,2026-09-25T01:41:00Z,Seattle Mariners,Los Angeles Angels,betmgm,spreads,Los Angeles Angels,1.5,1.74
2026-09-25T01:14:15Z,closing,4984d3511b9db396e1a2c120b9623bbb,2026-09-25T01:41:00Z,Seattle Mariners,Los Angeles Angels,betmgm,spreads,Seattle Mariners,-1.5,2.1
2026-09-25T01:14:15Z,closing,4984d3511b9db396e1a2c120b9623bbb,2026-09-25T01:41:00Z,Seattle Mariners,Los Angeles Angels,betmgm,totals,Over,7.0,2.0
2026-09-25T01:14:15Z,closing,4984d3511b9db396e1a2c120b9623bbb,2026-09-25T01:41:00Z,Seattle Mariners,Los Angeles Angels,betmgm,totals,Under,7.0,1.83
2026-09-25T01:14:15Z,closing,4984d3511b9db396e1a2c120b9623bbb,2026-09-25T01:41:00Z,Seattle Mariners,Los Angeles Angels,betfair_ex_eu,h2h,Los Angeles Angels,,2.74
2026-09-25T01:14:15Z,closing,4984d3511b9db396e1a2c120b9623bbb,2026-09-25T01:41:00Z,Seattle Mariners,Los Angeles Angels,betfair_ex_eu,h2h,Seattle Mariners,,1.56
2026-09-25T01:14:15Z,closing,4984d3511b9db396e1a2c120b9623bbb,2026-09-25T01:41:00Z,Seattle Mariners,Los Angeles Angels,betfair_ex_eu,h2h_lay,Los Angeles Angels,,2.78
2026-09-25T01:14:15Z,closing,4984d3511b9db396e1a2c120b9623bbb,2026-09-25T01:41:00Z,Seattle Mariners,Los Angeles Angels,betfair_ex_eu,h2h_lay,Seattle Mariners,,1.57
2026-09-25T01:14:15Z,closing,4984d3511b9db396e1a2c120b9623bbb,2026-09-25T01:41:00Z,Seattle Mariners,Los Angeles Angels,matchbook,h2h,Los Angeles Angels,,2.74
2026-09-25T01:14:15Z,closing,4984d3511b9db396e1a2c120b9623bbb,2026-09-25T01:41:00Z,Seattle Mariners,Los Angeles Angels,matchbook,h2h,Seattle Mariners,,1.57
2026-09-25T01:14:15Z,closing,4984d3511b9db396e1a2c120b9623bbb,2026-09-25T01:41:00Z,Seattle Mariners,Los Angeles Angels,matchbook,h2h_lay,Los Angeles Angels,,2.76
2026-09-25T01:14:15Z,closing,4984d3511b9db396e1a2c120b9623bbb,2026-09-25T01:41:00Z,Seattle Mariners,Los Angeles Angels,matchbook,h2h_lay,Seattle Mariners,,1.58
2026-09-25T01:14:15Z,closing,4984d3511b9db396e1a2c120b9623bbb,2026-09-25T01:41:00Z,Seattle Mariners,Los Angeles Angels,matchbook,spreads,Los Angeles Angels,1.5,1.75
2026-09-25T01:14:15Z,closing,4984d3511b9db396e1a2c120b9623bbb,2026-09-25T01:41:00Z,Seattle Mariners,Los Angeles Angels,matchbook,spreads,Seattle Mariners,-1.5,2.2
2026-09-25T01:14:15Z,closing,4984d3511b9db396e1a2c120b9623bbb,2026-09-25T01:41:00Z,Seattle Mariners,Los Angeles Angels,matchbook,totals,Over,6.5,1.78
2026-09-25T01:14:15Z,closing,4984d3511b9db396e1a2c120b9623bbb,2026-09-25T01:41:00Z,Seattle Mariners,Los Angeles Angels,matchbook,totals,Under,6.5,2.14
2026-09-25T01:14:15Z,closing,4984d3511b9db396e1a2c120b9623bbb,2026-09-25T01:41:00Z,Seattle Mariners,Los Angeles Angels,coolbet,h2h,Los Angeles Angels,,2.6
2026-09-25T01:14:15Z,closing,4984d3511b9db396e1a2c120b9623bbb,2026-09-25T01:41:00Z,Seattle Mariners,Los Angeles Angels,coolbet,h2h,Seattle Mariners,,1.5
2026-09-25T01:14:15Z,closing,4984d3511b9db396e1a2c120b9623bbb,2026-09-25T01:41:00Z,Seattle Mariners,Los Angeles Angels,coolbet,spreads,Los Angeles Angels,1.5,1.76
2026-09-25T01:14:15Z,closing,4984d3511b9db396e1a2c120b9623bbb,2026-09-25T01:41:00Z,Seattle Mariners,Los Angeles Angels,coolbet,spreads,Seattle Mariners,-1.5,2.08
2026-09-25T01:14:15Z,closing,4984d3511b9db396e1a2c120b9623bbb,2026-09-25T01:41:00Z,Seattle Mariners,Los Angeles Angels,coolbet,totals,Over,7.0,1.92
2026-09-25T01:14:15Z,closing,4984d3511b9db396e1a2c120b9623bbb,2026-09-25T01:41:00Z,Seattle Mariners,Los Angeles Angels,coolbet,totals,Under,7.0,1.89
2026-09-25T01:14:15Z,closing,4984d3511b9db396e1a2c120b9623bbb,2026-09-25T01:41:00Z,Seattle Mariners,Los Angeles Angels,pinnacle,h2h,Los Angeles Angels,,2.67
2026-09-25T01:14:15Z,closing,4984d3511b9db396e1a2c120b9623bbb,2026-09-25T01:41:00Z,Seattle Mariners,Los Angeles Angels,pinnacle,h2h,Seattle Mariners,,1.55
2026-09-25T01:14:15Z,closing,4984d3511b9db396e1a2c120b9623bbb,2026-09-25T01:41:00Z,Seattle Mariners,Los Angeles Angels,pinnacle,spreads,Los Angeles Angels,1.5,1.77
2026-09-25T01:14:15Z,closing,4984d3511b9db396e1a2c120b9623bbb,2026-09-25T01:41:00Z,Seattle Mariners,Los Angeles Angels,pinnacle,spreads,Seattle Mariners,-1.5,2.17
2026-09-25T01:14:15Z,closing,4984d3511b9db396e1a2c120b9623bbb,2026-09-25T01:41:00Z,Seattle Mariners,Los Angeles Angels,pinnacle,totals,Over,7.0,1.98
2026-09-25T01:14:15Z,closing,4984d3511b9db396e1a2c120b9623bbb,2026-09-25T01:41:00Z,Seattle Mariners,Los Angeles Angels,pinnacle,totals,Under,7.0,1.91
2026-09-25T01:14:15Z,closing,d1094cf64d0cccf98c76920fd2548c38,2026-09-25T01:41:00Z,Athletics,Houston Astros,fanduel,alternate_spreads,Athletics,-7.5,18.0
2026-09-25T01:14:15Z,closing,d1094cf64d0cccf98c76920fd2548c38,2026-09-25T01:41:00Z,Athletics,Houston Astros,fanduel,alternate_spreads,Athletics,-6.5,14.0
2026-09-25T01:14:15Z,closing,d1094cf64d0cccf98c76920fd2548c38,2026-09-25T01:41:00Z,Athletics,Houston Astros,fanduel,alternate_spreads,Athletics,-5.5,11.6
2026-09-25T01:14:15Z,closing,d1094cf64d0cccf98c76920fd2548c38,2026-09-25T01:41:00Z,Athletics,Houston Astros,fanduel,alternate_spreads,Athletics,-4.5,9.0
2026-09-25T01:14:15Z,closing,d1094cf64d0cccf98c76920fd2548c38,2026-09-25T01:41:00Z,Athletics,Houston Astros,fanduel,alternate_spreads,Athletics,-3.5,6.6
2026-09-25T01:14:15Z,closing,d1094cf64d0cccf98c76920fd2548c38,2026-09-25T01:41:00Z,Athletics,Houston Astros,fanduel,alternate_spreads,Athletics,-2.5,5.0
2026-09-25T01:14:15Z,closing,d1094cf64d0cccf98c76920fd2548c38,2026-09-25T01:41:00Z,Athletics,Houston Astros,fanduel,alternate_spreads,Athletics,-1.5,3.8
2026-09-25T01:14:15Z,closing,d1094cf64d0cccf98c76920fd2548c38,2026-09-25T01:41:00Z,Athletics,Houston Astros,fanduel,alternate_spreads,Athletics,1.5,1.96
2026-09-25T01:14:15Z,closing,d1094cf64d0cccf98c76920fd2548c38,2026-09-25T01:41:00Z,Athletics,Houston Astros,fanduel,alternate_spreads,Athletics,2.5,1.62
2026-09-25T01:14:15Z,closing,d1094cf64d0cccf98c76920fd2548c38,2026-09-25T01:41:00Z,Athletics,Houston Astros,fanduel,alternate_spreads,Athletics,3.5,1.41
2026-09-25T01:14:15Z,closing,d1094cf64d0cccf98c76920fd2548c38,2026-09-25T01:41:00Z,Athletics,Houston Astros,fanduel,alternate_spreads,Athletics,4.5,1.29
2026-09-25T01:14:15Z,closing,d1094cf64d0cccf98c76920fd2548c38,2026-09-25T01:41:00Z,Athletics,Houston Astros,fanduel,alternate_spreads,Athletics,5.5,1.19
2026-09-25T01:14:15Z,closing,d1094cf64d0cccf98c76920fd2548c38,2026-09-25T01:41:00Z,Athletics,Houston Astros,fanduel,alternate_spreads,Athletics,6.5,1.13
2026-09-25T01:14:15Z,closing,d1094cf64d0cccf98c76920fd2548c38,2026-09-25T01:41:00Z,Athletics,Houston Astros,fanduel,alternate_spreads,Athletics,7.5,1.08
2026-09-25T01:14:15Z,closing,d1094cf64d0cccf98c76920fd2548c38,2026-09-25T01:41:00Z,Athletics,Houston Astros,fanduel,alternate_spreads,Athletics,8.5,1.05
2026-09-25T01:14:15Z,closing,d1094cf64d0cccf98c76920fd2548c38,2026-09-25T01:41:00Z,Athletics,Houston Astros,fanduel,alternate_spreads,Houston Astros,5.5,1.03
2026-09-25T01:14:15Z,closing,d1094cf64d0cccf98c76920fd2548c38,2026-09-25T01:41:00Z,Athletics,Houston Astros,fanduel,alternate_spreads,Houston Astros,4.5,1.06
2026-09-25T01:14:15Z,closing,d1094cf64d0cccf98c76920fd2548c38,2026-09-25T01:41:00Z,Athletics,Houston Astros,fanduel,alternate_spreads,Houston Astros,3.5,1.1
2026-09-25T01:14:15Z,closing,d1094cf64d0cccf98c76920fd2548c38,2026-09-25T01:41:00Z,Athletics,Houston Astros,fanduel,alternate_spreads,Houston Astros,2.5,1.16
2026-09-25T01:14:15Z,closing,d1094cf64d0cccf98c76920fd2548c38,2026-09-25T01:41:00Z,Athletics,Houston Astros,fanduel,alternate_spreads,Houston Astros,1.5,1.26
2026-09-25T01:14:15Z,closing,d1094cf64d0cccf98c76920fd2548c38,2026-09-25T01:41:00Z,Athletics,Houston Astros,fanduel,alternate_spreads,Houston Astros,-1.5,1.82
2026-09-25T01:14:15Z,closing,d1094cf64d0cccf98c76920fd2548c38,2026-09-25T01:41:00Z,Athletics,Houston Astros,fanduel,alternate_spreads,Houston Astros,-2.5,2.26
2026-09-25T01:14:15Z,closing,d1094cf64d0cccf98c76920fd2548c38,2026-09-25T01:41:00Z,Athletics,Houston Astros,fanduel,alternate_spreads,Houston Astros,-3.5,2.86
2026-09-25T01:14:15Z,closing,d1094cf64d0cccf98c76920fd2548c38,2026-09-25T01:41:00Z,Athletics,Houston Astros,fanduel,alternate_spreads,Houston Astros,-4.5,3.55
2026-09-25T01:14:15Z,closing,d1094cf64d0cccf98c76920fd2548c38,2026-09-25T01:41:00Z,Athletics,Houston Astros,fanduel,alternate_spreads,Houston Astros,-5.5,4.5
2026-09-25T01:14:15Z,closing,d1094cf64d0cccf98c76920fd2548c38,2026-09-25T01:41:00Z,Athletics,Houston Astros,fanduel,alternate_spreads,Houston Astros,-6.5,5.7
2026-09-25T01:14:15Z,closing,d1094cf64d0cccf98c76920fd2548c38,2026-09-25T01:41:00Z,Athletics,Houston Astros,fanduel,alternate_spreads,Houston Astros,-7.5,7.3
2026-09-25T01:14:15Z,closing,d1094cf64d0cccf98c76920fd2548c38,2026-09-25T01:41:00Z,Athletics,Houston Astros,fanduel,alternate_spreads,Houston Astros,-8.5,9.7
2026-09-25T01:14:15Z,closing,d1094cf64d0cccf98c76920fd2548c38,2026-09-25T01:41:00Z,Athletics,Houston Astros,fanduel,alternate_totals,Over,4.5,1.03
2026-09-25T01:14:15Z,closing,d1094cf64d0cccf98c76920fd2548c38,2026-09-25T01:41:00Z,Athletics,Houston Astros,fanduel,alternate_totals,Over,5.5,1.08
2026-09-25T01:14:15Z,closing,d1094cf64d0cccf98c76920fd2548c38,2026-09-25T01:41:00Z,Athletics,Houston Astros,fanduel,alternate_totals,Over,6.5,1.14
2026-09-25T01:14:15Z,closing,d1094cf64d0cccf98c76920fd2548c38,2026-09-25T01:41:00Z,Athletics,Houston Astros,fanduel,alternate_totals,Over,7.5,1.26
2026-09-25T01:14:15Z,closing,d1094cf64d0cccf98c76920fd2548c38,2026-09-25T01:41:00Z,Athletics,Houston Astros,fanduel,alternate_totals,Over,8.5,1.38
2026-09-25T01:14:15Z,closing,d1094cf64d0cccf98c76920fd2548c38,2026-09-25T01:41:00Z,Athletics,Houston Astros,fanduel,alternate_totals,Over,9.5,1.57
2026-09-25T01:14:15Z,closing,d1094cf64d0cccf98c76920fd2548c38,2026-09-25T01:41:00Z,Athletics,Houston Astros,fanduel,alternate_totals,Over,10.5,1.78
2026-09-25T01:14:15Z,closing,d1094cf64d0cccf98c76920fd2548c38,2026-09-25T01:41:00Z,Athletics,Houston Astros,fanduel,alternate_totals,Over,11.5,2.18
2026-09-25T01:14:15Z,closing,d1094cf64d0cccf98c76920fd2548c38,2026-09-25T01:41:00Z,Athletics,Houston Astros,fanduel,alternate_totals,Over,12.5,2.54
2026-09-25T01:14:15Z,closing,d1094cf64d0cccf98c76920fd2548c38,2026-09-25T01:41:00Z,Athletics,Houston Astros,fanduel,alternate_totals,Over,13.5,3.15
2026-09-25T01:14:15Z,closing,d1094cf64d0cccf98c76920fd2548c38,2026-09-25T01:41:00Z,Athletics,Houston Astros,fanduel,alternate_totals,Over,14.5,3.8
2026-09-25T01:14:15Z,closing,d1094cf64d0cccf98c76920fd2548c38,2026-09-25T01:41:00Z,Athletics,Houston Astros,fanduel,alternate_totals,Over,15.5,4.6
2026-09-25T01:14:15Z,closing,d1094cf64d0cccf98c76920fd2548c38,2026-09-25T01:41:00Z,Athletics,Houston Astros,fanduel,alternate_totals,Over,16.5,5.7
2026-09-25T01:14:15Z,closing,d1094cf64d0cccf98c76920fd2548c38,2026-09-25T01:41:00Z,Athletics,Houston Astros,fanduel,alternate_totals,Over,17.5,7.3
2026-09-25T01:14:15Z,closing,d1094cf64d0cccf98c76920fd2548c38,2026-09-25T01:41:00Z,Athletics,Houston Astros,fanduel,alternate_totals,Over,18.5,9.3
2026-09-25T01:14:15Z,closing,d1094cf64d0cccf98c76920fd2548c38,2026-09-25T01:41:00Z,Athletics,Houston Astros,fanduel,alternate_totals,Over,19.5,11.6
2026-09-25T01:14:15Z,closing,d1094cf64d0cccf98c76920fd2548c38,2026-09-25T01:41:00Z,Athletics,Houston Astros,fanduel,alternate_totals,Over,20.5,13.0
2026-09-25T01:14:15Z,closing,d1094cf64d0cccf98c76920fd2548c38,2026-09-25T01:41:00Z,Athletics,Houston Astros,fanduel,alternate_totals,Under,3.5,15.0
2026-09-25T01:14:15Z,closing,d1094cf64d0cccf98c76920fd2548c38,2026-09-25T01:41:00Z,Athletics,Houston Astros,fanduel,alternate_totals,Under,4.5,11.6
2026-09-25T01:14:15Z,closing,d1094cf64d0cccf98c76920fd2548c38,2026-09-25T01:41:00Z,Athletics,Houston Astros,fanduel,alternate_totals,Under,5.5,7.3
2026-09-25T01:14:15Z,closing,d1094cf64d0cccf98c76920fd2548c38,2026-09-25T01:41:00Z,Athletics,Houston Astros,fanduel,alternate_totals,Under,6.5,5.4
2026-09-25T01:14:15Z,closing,d1094cf64d0cccf98c76920fd2548c38,2026-09-25T01:41:00Z,Athletics,Houston Astros,fanduel,alternate_totals,Under,7.5,3.8
2026-09-25T01:14:15Z,closing,d1094cf64d0cccf98c76920fd2548c38,2026-09-25T01:41:00Z,Athletics,Houston Astros,fanduel,alternate_totals,Under,8.5,3.0
2026-09-25T01:14:15Z,closing,d1094cf64d0cccf98c76920fd2548c38,2026-09-25T01:41:00Z,Athletics,Houston Astros,fanduel,alternate_totals,Under,9.5,2.36
2026-09-25T01:14:15Z,closing,d1094cf64d0cccf98c76920fd2548c38,2026-09-25T01:41:00Z,Athletics,Houston Astros,fanduel,alternate_totals,Under,10.5,2.0
2026-09-25T01:14:15Z,closing,d1094cf64d0cccf98c76920fd2548c38,2026-09-25T01:41:00Z,Athletics,Houston Astros,fanduel,alternate_totals,Under,11.5,1.67
2026-09-25T01:14:15Z,closing,d1094cf64d0cccf98c76920fd2548c38,2026-09-25T01:41:00Z,Athletics,Houston Astros,fanduel,alternate_totals,Under,12.5,1.5
2026-09-25T01:14:15Z,closing,d1094cf64d0cccf98c76920fd2548c38,2026-09-25T01:41:00Z,Athletics,Houston Astros,fanduel,alternate_totals,Under,13.5,1.34
2026-09-25T01:14:15Z,closing,d1094cf64d0cccf98c76920fd2548c38,2026-09-25T01:41:00Z,Athletics,Houston Astros,fanduel,alternate_totals,Under,14.5,1.26
2026-09-25T01:14:15Z,closing,d1094cf64d0cccf98c76920fd2548c38,2026-09-25T01:41:00Z,Athletics,Houston Astros,fanduel,alternate_totals,Under,15.5,1.19
2026-09-25T01:14:15Z,closing,d1094cf64d0cccf98c76920fd2548c38,2026-09-25T01:41:00Z,Athletics,Houston Astros,fanduel,alternate_totals,Under,16.5,1.13
2026-09-25T01:14:15Z,closing,d1094cf64d0cccf98c76920fd2548c38,2026-09-25T01:41:00Z,Athletics,Houston Astros,fanduel,alternate_totals,Under,17.5,1.08
2026-09-25T01:14:15Z,closing,d1094cf64d0cccf98c76920fd2548c38,2026-09-25T01:41:00Z,Athletics,Houston Astros,fanduel,alternate_totals,Under,18.5,1.05
2026-09-25T01:14:15Z,closing,d1094cf64d0cccf98c76920fd2548c38,2026-09-25T01:41:00Z,Athletics,Houston Astros,fanduel,alternate_totals,Under,19.5,1.03
2026-09-25T01:14:15Z,closing,d1094cf64d0cccf98c76920fd2548c38,2026-09-25T01:41:00Z,Athletics,Houston Astros,fanduel,alternate_totals,Under,20.5,1.02
2026-09-25T01:14:15Z,closing,d1094cf64d0cccf98c76920fd2548c38,2026-09-25T01:41:00Z,Athletics,Houston Astros,betrivers,alternate_spreads,Athletics,2.0,1.78
2026-09-25T01:14:15Z,closing,d1094cf64d0cccf98c76920fd2548c38,2026-09-25T01:41:00Z,Athletics,Houston Astros,betrivers,alternate_spreads,Athletics,2.5,1.65
2026-09-25T01:14:15Z,closing,d1094cf64d0cccf98c76920fd2548c38,2026-09-25T01:41:00Z,Athletics,Houston Astros,betrivers,alternate_spreads,Athletics,5.0,1.24
2026-09-25T01:14:15Z,closing,d1094cf64d0cccf98c76920fd2548c38,2026-09-25T01:41:00Z,Athletics,Houston Astros,betrivers,alternate_spreads,Athletics,3.5,1.45
2026-09-25T01:14:15Z,closing,d1094cf64d0cccf98c76920fd2548c38,2026-09-25T01:41:00Z,Athletics,Houston Astros,betrivers,alternate_spreads,Athletics,4.0,1.36
2026-09-25T01:14:15Z,closing,d1094cf64d0cccf98c76920fd2548c38,2026-09-25T01:41:00Z,Athletics,Houston Astros,betrivers,alternate_spreads,Athletics,1.5,1.94
2026-09-25T01:14:15Z,closing,d1094cf64d0cccf98c76920fd2548c38,2026-09-25T01:41:00Z,Athletics,Houston Astros,betrivers,alternate_spreads,Athletics,3.0,1.51
2026-09-25T01:14:15Z,closing,d1094cf64d0cccf98c76920fd2548c38,2026-09-25T01:41:00Z,Athletics,Houston Astros,betrivers,alternate_spreads,Athletics,4.5,1.32
2026-09-25T01:14:15Z,closing,d1094cf64d0cccf98c76920fd2548c38,2026-09-25T01:41:00Z,Athletics,Houston Astros,betrivers,alternate_spreads,Houston Astros,-2.0,2.06
2026-09-25T01:14:15Z,closing,d1094cf64d0cccf98c76920fd2548c38,2026-09-25T01:41:00Z,Athletics,Houston Astros,betrivers,alternate_spreads,Houston Astros,-2.5,2.25
2026-09-25T01:14:15Z,closing,d1094cf64d0cccf98c76920fd2548c38,2026-09-25T01:41:00Z,Athletics,Houston Astros,betrivers,alternate_spreads,Houston Astros,-5.0,4.1
2026-09-25T01:14:15Z,closing,d1094cf64d0cccf98c76920fd2548c38,2026-09-25T01:41:00Z,Athletics,Houston Astros,betrivers,alternate_spreads,Houston Astros,-3.5,2.75
2026-09-25T01:14:15Z,closing,d1094cf64d0cccf98c76920fd2548c38,2026-09-25T01:41:00Z,Athletics,Houston Astros,betrivers,alternate_spreads,Houston Astros,-4.0,3.2
2026-09-25T01:14:15Z,closing,d1094cf64d0cccf98c76920fd2548c38,2026-09-25T01:41:00Z,Athletics,Houston Astros,betrivers,alternate_spreads,Houston Astros,-1.5,1.87
2026-09-25T01:14:15Z,closing,d1094cf64d0cccf98c76920fd2548c38,2026-09-25T01:41:00Z,Athletics,Houston Astros,betrivers,alternate_spreads,Houston Astros,-3.0,2.55
2026-09-25T01:14:15Z,closing,d1094cf64d0cccf98c76920fd2548c38,2026-09-25T01:41:00Z,Athletics,Houston Astros,betrivers,alternate_spreads,Houston Astros,-4.5,3.45
2026-09-25T01:14:15Z,closing,d1094cf64d0cccf98c76920fd2548c38,2026-09-25T01:41:00Z,Athletics,Houston Astros,betrivers,alternate_totals,Over,9.5,1.62
2026-09-25T01:14:15Z,closing,d1094cf64d0cccf98c76920fd2548c38,2026-09-25T01:41:00Z,Athletics,Houston Astros,betrivers,alternate_totals,Over,10.5,1.83
2026-09-25T01:14:15Z,closing,d1094cf64d0cccf98c76920fd2548c38,2026-09-25T01:41:00Z,Athletics,Houston Astros,betrivers,alternate_totals,Over,8.5,1.41
2026-09-25T01:14:15Z,closing,d1094cf64d0cccf98c76920fd2548c38,2026-09-25T01:41:00Z,Athletics,Houston Astros,betrivers,alternate_totals,Over,12.0,2.25
2026-09-25T01:14:15Z,closing,d1094cf64d0cccf98c76920fd2548c38,2026-09-25T01:41:00Z,Athletics,Houston Astros,betrivers,alternate_totals,Over,16.0,4.8
2026-09-25T01:14:15Z,closing,d1094cf64d0cccf98c76920fd2548c38,2026-09-25T01:41:00Z,Athletics,Houston Astros,betrivers,alternate_totals,Over,12.5,2.55
2026-09-25T01:14:15Z,closing,d1094cf64d0cccf98c76920fd2548c38,2026-09-25T01:41:00Z,Athletics,Houston Astros,betrivers,alternate_totals,Over,14.5,3.7
2026-09-25T01:14:15Z,closing,d1094cf64d0cccf98c76920fd2548c38,2026-09-25T01:41:00Z,Athletics,Houston Astros,betrivers,alternate_totals,Over,15.5,4.6
2026-09-25T01:14:15Z,closing,d1094cf64d0cccf98c76920fd2548c38,2026-09-25T01:41:00Z,Athletics,Houston Astros,betrivers,alternate_totals,Over,9.0,1.43
2026-09-25T01:14:15Z,closing,d1094cf64d0cccf98c76920fd2548c38,2026-09-25T01:41:00Z,Athletics,Houston Astros,betrivers,alternate_totals,Over,10.0,1.65
2026-09-25T01:14:15Z,closing,d1094cf64d0cccf98c76920fd2548c38,2026-09-25T01:41:00Z,Athletics,Houston Astros,betrivers,alternate_totals,Over,8.0,1.29
2026-09-25T01:14:15Z,closing,d1094cf64d0cccf98c76920fd2548c38,2026-09-25T01:41:00Z,Athletics,Houston Astros,betrivers,alternate_totals,Over,13.0,2.7
2026-09-25T01:14:15Z,closing,d1094cf64d0cccf98c76920fd2548c38,2026-09-25T01:41:00Z,Athletics,Houston Astros,betrivers,alternate_totals,Over,15.0,4.0
2026-09-25T01:14:15Z,closing,d1094cf64d0cccf98c76920fd2548c38,2026-09-25T01:41:00Z,Athletics,Houston Astros,betrivers,alternate_totals,Over,11.0,1.92
2026-09-25T01:14:15Z,closing,d1094cf64d0cccf98c76920fd2548c38,2026-09-25T01:41:00Z,Athletics,Houston Astros,betrivers,alternate_totals,Over,14.0,3.25
2026-09-25T01:14:15Z,closing,d1094cf64d0cccf98c76920fd2548c38,2026-09-25T01:41:00Z,Athletics,Houston Astros,betrivers,alternate_totals,Over,13.5,3.1
2026-09-25T01:14:15Z,closing,d1094cf64d0cccf98c76920fd2548c38,2026-09-25T01:41:00Z,Athletics,Houston Astros,betrivers,alternate_totals,Over,11.5,2.18
2026-09-25T01:14:15Z,closing,d1094cf64d0cccf98c76920fd2548c38,2026-09-25T01:41:00Z,Athletics,Houston Astros,betrivers,alternate_totals,Over,7.5,1.29
2026-09-25T01:14:15Z,closing,d1094cf64d0cccf98c76920fd2548c38,2026-09-25T01:41:00Z,Athletics,Houston Astros,betrivers,alternate_totals,Under,9.5,2.32
2026-09-25T01:14:15Z,closing,d1094cf64d0cccf98c76920fd2548c38,2026-09-25T01:41:00Z,Athletics,Houston Astros,betrivers,alternate_totals,Under,10.5,1.97
2026-09-25T01:14:15Z,closing,d1094cf64d0cccf98c76920fd2548c38,2026-09-25T01:41:00Z,Athletics,Houston Astros,betrivers,alternate_totals,Under,8.5,2.95
2026-09-25T01:14:15Z,closing,d1094cf64d0cccf98c76920fd2548c38,2026-09-25T01:41:00Z,Athletics,Houston Astros,betrivers,alternate_totals,Under,12.0,1.55
2026-09-25T01:14:15Z,closing,d1094cf64d0cccf98c76920fd2548c38,2026-09-25T01:41:00Z,Athletics,Houston Astros,betrivers,alternate_totals,Under,16.0,1.14
2026-09-25T01:14:15Z,closing,d1094cf64d0cccf98c76920fd2548c38,2026-09-25T01:41:00Z,Athletics,Houston Astros,betrivers,alternate_totals,Under,12.5,1.53
2026-09-25T01:14:15Z,closing,d1094cf64d0cccf98c76920fd2548c38,2026-09-25T01:41:00Z,Athletics,Houston Astros,betrivers,alternate_totals,Under,14.5,1.29
2026-09-25T01:14:15Z,closing,d1094cf64d0cccf98c76920fd2548c38,2026-09-25T01:41:00Z,Athletics,Houston Astros,betrivers,alternate_totals,Under,15.5,1.2
2026-09-25T01:14:15Z,closing,d1094cf64d0cccf98c76920fd2548c38,2026-09-25T01:41:00Z,Athletics,Houston Astros,betrivers,alternate_totals,Under,9.0,2.55
2026-09-25T01:14:15Z,closing,d1094cf64d0cccf98c76920fd2548c38,2026-09-25T01:41:00Z,Athletics,Houston Astros,betrivers,alternate_totals,Under,10.0,2.08
2026-09-25T01:14:15Z,closing,d1094cf64d0cccf98c76920fd2548c38,2026-09-25T01:41:00Z,Athletics,Houston Astros,betrivers,alternate_totals,Under,8.0,3.2
2026-09-25T01:14:15Z,closing,d1094cf64d0cccf98c76920fd2548c38,2026-09-25T01:41:00Z,Athletics,Houston Astros,betrivers,alternate_totals,Under,13.0,1.38
2026-09-25T01:14:15Z,closing,d1094cf64d0cccf98c76920fd2548c38,2026-09-25T01:41:00Z,Athletics,Houston Astros,betrivers,alternate_totals,Under,15.0,1.19
2026-09-25T01:14:15Z,closing,d1094cf64d0cccf98c76920fd2548c38,2026-09-25T01:41:00Z,Athletics,Houston Astros,betrivers,alternate_totals,Under,11.0,1.77
2026-09-25T01:14:15Z,closing,d1094cf64d0cccf98c76920fd2548c38,2026-09-25T01:41:00Z,Athletics,Houston Astros,betrivers,alternate_totals,Under,14.0,1.28
2026-09-25T01:14:15Z,closing,d1094cf64d0cccf98c76920fd2548c38,2026-09-25T01:41:00Z,Athletics,Houston Astros,betrivers,alternate_totals,Under,13.5,1.38
2026-09-25T01:14:15Z,closing,d1094cf64d0cccf98c76920fd2548c38,2026-09-25T01:41:00Z,Athletics,Houston Astros,betrivers,alternate_totals,Under,11.5,1.7
2026-09-25T01:14:15Z,closing,d1094cf64d0cccf98c76920fd2548c38,2026-09-25T01:41:00Z,Athletics,Houston Astros,betrivers,alternate_totals,Under,7.5,3.6
2026-09-25T01:14:15Z,closing,d1094cf64d0cccf98c76920fd2548c38,2026-09-25T01:41:00Z,Athletics,Houston Astros,draftkings,alternate_spreads,Athletics,6.5,1.11
2026-09-25T01:14:15Z,closing,d1094cf64d0cccf98c76920fd2548c38,2026-09-25T01:41:00Z,Athletics,Houston Astros,draftkings,alternate_spreads,Athletics,6.0,1.12
2026-09-25T01:14:15Z,closing,d1094cf64d0cccf98c76920fd2548c38,2026-09-25T01:41:00Z,Athletics,Houston Astros,draftkings,alternate_spreads,Athletics,5.5,1.18
2026-09-25T01:14:15Z,closing,d1094cf64d0cccf98c76920fd2548c38,2026-09-25T01:41:00Z,Athletics,Houston Astros,draftkings,alternate_spreads,Athletics,5.0,1.19
2026-09-25T01:14:15Z,closing,d1094cf64d0cccf98c76920fd2548c38,2026-09-25T01:41:00Z,Athletics,Houston Astros,draftkings,alternate_spreads,Athletics,4.5,1.27
2026-09-25T01:14:15Z,closing,d1094cf64d0cccf98c76920fd2548c38,2026-09-25T01:41:00Z,Athletics,Houston Astros,draftkings,alternate_spreads,Athletics,4.0,1.3
2026-09-25T01:14:15Z,closing,d1094cf64d0cccf98c76920fd2548c38,2026-09-25T01:41:00Z,Athletics,Houston Astros,draftkings,alternate_spreads,Athletics,3.5,1.4
2026-09-25T01:14:15Z,closing,d1094cf64d0cccf98c76920fd2548c38,2026-09-25T01:41:00Z,Athletics,Houston Astros,draftkings,alternate_spreads,Athletics,3.0,1.46
2026-09-25T01:14:15Z,closing,d1094cf64d0cccf98c76920fd2548c38,2026-09-25T01:41:00Z,Athletics,Houston Astros,draftkings,alternate_spreads,Athletics,2.5,1.59
2026-09-25T01:14:15Z,closing,d1094cf64d0cccf98c76920fd2548c38,2026-09-25T01:41:00Z,Athletics,Houston Astros,draftkings,alternate_spreads,Athletics,2.0,1.71
2026-09-25T01:14:15Z,closing,d1094cf64d0cccf98c76920fd2548c38,2026-09-25T01:41:00Z,Athletics,Houston Astros,draftkings,alternate_spreads,Athletics,1.0,2.15
2026-09-25T01:14:15Z,closing,d1094cf64d0cccf98c76920fd2548c38,2026-09-25T01:41:00Z,Athletics,Houston Astros,draftkings,alternate_spreads,Athletics,-1.0,3.19
2026-09-25T01:14:15Z,closing,d1094cf64d0cccf98c76920fd2548c38,2026-09-25T01:41:00Z,Athletics,Houston Astros,draftkings,alternate_spreads,Athletics,-1.5,3.65
2026-09-25T01:14:15Z,closing,d1094cf64d0cccf98c76920fd2548c38,2026-09-25T01:41:00Z,Athletics,Houston Astros,draftkings,alternate_spreads,Athletics,-2.0,4.58
2026-09-25T01:14:15Z,closing,d1094cf64d0cccf98c76920fd2548c38,2026-09-25T01:41:00Z,Athletics,Houston Astros,draftkings,alternate_spreads,Athletics,-2.5,4.86
2026-09-25T01:14:15Z,closing,d1094cf64d0cccf98c76920fd2548c38,2026-09-25T01:41:00Z,Athletics,Houston Astros,draftkings,alternate_spreads,Athletics,-3.0,6.22
2026-09-25T01:14:15Z,closing,d1094cf64d0cccf98c76920fd2548c38,2026-09-25T01:41:00Z,Athletics,Houston Astros,draftkings,alternate_spreads,Houston Astros,-6.5,6.06
2026-09-25T01:14:15Z,closing,d1094cf64d0cccf98c76920fd2548c38,2026-09-25T01:41:00Z,Athletics,Houston Astros,draftkings,alternate_spreads,Houston Astros,-6.0,5.82
2026-09-25T01:14:15Z,closing,d1094cf64d0cccf98c76920fd2548c38,2026-09-25T01:41:00Z,Athletics,Houston Astros,draftkings,alternate_spreads,Houston Astros,-5.5,4.69
2026-09-25T01:14:15Z,closing,d1094cf64d0cccf98c76920fd2548c38,2026-09-25T01:41:00Z,Athletics,Houston Astros,draftkings,alternate_spreads,Houston Astros,-5.0,4.43
2026-09-25T01:14:15Z,closing,d1094cf64d0cccf98c76920fd2548c38,2026-09-25T01:41:00Z,Athletics,Houston Astros,draftkings,alternate_spreads,Houston Astros,-4.5,3.61
2026-09-25T01:14:15Z,closing,d1094cf64d0cccf98c76920fd2548c38,2026-09-25T01:41:00Z,Athletics,Houston Astros,draftkings,alternate_spreads,Houston Astros,-4.0,3.38
2026-09-25T01:14:15Z,closing,d1094cf64d0cccf98c76920fd2548c38,2026-09-25T01:41:00Z,Athletics,Houston Astros,draftkings,alternate_spreads,Houston Astros,-3.5,2.86
2026-09-25T01:14:15Z,closing,d1094cf64d0cccf98c76920fd2548c38,2026-09-25T01:41:00Z,Athletics,Houston Astros,draftkings,alternate_spreads,Houston Astros,-3.0,2.64
2026-09-25T01:14:15Z,closing,d1094cf64d0cccf98c76920fd2548c38,2026-09-25T01:41:00Z,Athletics,Houston Astros,draftkings,alternate_spreads,Houston Astros,-2.5,2.3
2026-09-25T01:14:15Z,closing,d1094cf64d0cccf98c76920fd2548c38,2026-09-25T01:41:00Z,Athletics,Houston Astros,draftkings,alternate_spreads,Houston Astros,-2.0,2.09
2026-09-25T01:14:15Z,closing,d1094cf64d0cccf98c76920fd2548c38,2026-09-25T01:41:00Z,Athletics,Houston Astros,draftkings,alternate_spreads,Houston Astros,-1.0,1.67
2026-09-25T01:14:15Z,closing,d1094cf64d0cccf98c76920fd2548c38,2026-09-25T01:41:00Z,Athletics,Houston Astros,draftkings,alternate_spreads,Houston Astros,1.0,1.33
2026-09-25T01:14:15Z,closing,d1094cf64d0cccf98c76920fd2548c38,2026-09-25T01:41:00Z,Athletics,Houston Astros,draftkings,alternate_spreads,Houston Astros,1.5,1.27
2026-09-25T01:14:15Z,closing,d1094cf64d0cccf98c76920fd2548c38,2026-09-25T01:41:00Z,Athletics,Houston Astros,draftkings,alternate_spreads,Houston Astros,2.0,1.18
2026-09-25T01:14:15Z,closing,d1094cf64d0cccf98c76920fd2548c38,2026-09-25T01:41:00Z,Athletics,Houston Astros,draftkings,alternate_spreads,Houston Astros,2.5,1.16
2026-09-25T01:14:15Z,closing,d1094cf64d0cccf98c76920fd2548c38,2026-09-25T01:41:00Z,Athletics,Houston Astros,draftkings,alternate_spreads,Houston Astros,3.0,1.11
2026-09-25T01:14:15Z,closing,d1094cf64d0cccf98c76920fd2548c38,2026-09-25T01:41:00Z,Athletics,Houston Astros,draftkings,alternate_totals,Over,7.5,1.25
2026-09-25T01:14:15Z,closing,d1094cf64d0cccf98c76920fd2548c38,2026-09-25T01:41:00Z,Athletics,Houston Astros,draftkings,alternate_totals,Over,8.0,1.27
2026-09-25T01:14:15Z,closing,d1094cf64d0cccf98c76920fd2548c38,2026-09-25T01:41:00Z,Athletics,Houston Astros,draftkings,alternate_totals,Over,8.5,1.35
2026-09-25T01:14:15Z,closing,d1094cf64d0cccf98c76920fd2548c38,2026-09-25T01:41:00Z,Athletics,Houston Astros,draftkings,alternate_totals,Over,9.0,1.41
2026-09-25T01:14:15Z,closing,d1094cf64d0cccf98c76920fd2548c38,2026-09-25T01:41:00Z,Athletics,Houston Astros,draftkings,alternate_totals,Over,9.5,1.55
2026-09-25T01:14:15Z,closing,d1094cf64d0cccf98c76920fd2548c38,2026-09-25T01:41:00Z,Athletics,Houston Astros,draftkings,alternate_totals,Over,10.0,1.62
2026-09-25T01:14:15Z,closing,d1094cf64d0cccf98c76920fd2548c38,2026-09-25T01:41:00Z,Athletics,Houston Astros,draftkings,alternate_totals,Over,10.5,1.74
2026-09-25T01:14:15Z,closing,d1094cf64d0cccf98c76920fd2548c38,2026-09-25T01:41:00Z,Athletics,Houston Astros,draftkings,alternate_totals,Over,11.5,2.08
2026-09-25T01:14:15Z,closing,d1094cf64d0cccf98c76920fd2548c38,2026-09-25T01:41:00Z,Athletics,Houston Astros,draftkings,alternate_totals,Over,12.0,2.26
2026-09-25T01:14:15Z,closing,d1094cf64d0cccf98c76920fd2548c38,2026-09-25T01:41:00Z,Athletics,Houston Astros,draftkings,alternate_totals,Over,12.5,2.41
2026-09-25T01:14:15Z,closing,d1094cf64d0cccf98c76920fd2548c38,2026-09-25T01:41:00Z,Athletics,Houston Astros,draftkings,alternate_totals,Over,13.0,2.8
2026-09-25T01:14:15Z,closing,d1094cf64d0cccf98c76920fd2548c38,2026-09-25T01:41:00Z,Athletics,Houston Astros,draftkings,alternate_totals,Over,13.5,3.03
2026-09-25T01:14:15Z,closing,d1094cf64d0cccf98c76920fd2548c38,2026-09-25T01:41:00Z,Athletics,Houston Astros,draftkings,alternate_totals,Over,14.0,3.46
2026-09-25T01:14:15Z,closing,d1094cf64d0cccf98c76920fd2548c38,2026-09-25T01:41:00Z,Athletics,Houston Astros,draftkings,alternate_totals,Over,14.5,3.64
2026-09-25T01:14:15Z,closing,d1094cf64d0cccf98c76920fd2548c38,2026-09-25T01:41:00Z,Athletics,Houston Astros,draftkings,alternate_totals,Over,15.0,4.49
2026-09-25T01:14:15Z,closing,d1094cf64d0cccf98c76920fd2548c38,2026-09-25T01:41:00Z,Athletics,Houston Astros,draftkings,alternate_totals,Over,15.5,4.74
2026-09-25T01:14:15Z,closing,d1094cf64d0cccf98c76920fd2548c38,2026-09-25T01:41:00Z,Athletics,Houston Astros,draftkings,alternate_totals,Under,7.5,3.83
2026-09-25T01:14:15Z,closing,d1094cf64d0cccf98c76920fd2548c38,2026-09-25T01:41:00Z,Athletics,Houston Astros,draftkings,alternate_totals,Under,8.0,3.61
2026-09-25T01:14:15Z,closing,d1094cf64d0cccf98c76920fd2548c38,2026-09-25T01:41:00Z,Athletics,Houston Astros,draftkings,alternate_totals,Under,8.5,3.07
2026-09-25T01:14:15Z,closing,d1094cf64d0cccf98c76920fd2548c38,2026-09-25T01:41:00Z,Athletics,Houston Astros,draftkings,alternate_totals,Under,9.0,2.81
2026-09-25T01:14:15Z,closing,d1094cf64d0cccf98c76920fd2548c38,2026-09-25T01:41:00Z,Athletics,Houston Astros,draftkings,alternate_totals,Under,9.5,2.38
2026-09-25T01:14:15Z,closing,d1094cf64d0cccf98c76920fd2548c38,2026-09-25T01:41:00Z,Athletics,Houston Astros,draftkings,alternate_totals,Under,10.0,2.22
2026-09-25T01:14:15Z,closing,d1094cf64d0cccf98c76920fd2548c38,2026-09-25T01:41:00Z,Athletics,Houston Astros,draftkings,alternate_totals,Under,10.5,2.04
2026-09-25T01:14:15Z,closing,d1094cf64d0cccf98c76920fd2548c38,2026-09-25T01:41:00Z,Athletics,Houston Astros,draftkings,alternate_totals,Under,11.5,1.71
2026-09-25T01:14:15Z,closing,d1094cf64d0cccf98c76920fd2548c38,2026-09-25T01:41:00Z,Athletics,Houston Astros,draftkings,alternate_totals,Under,12.0,1.61
2026-09-25T01:14:15Z,closing,d1094cf64d0cccf98c76920fd2548c38,2026-09-25T01:41:00Z,Athletics,Houston Astros,draftkings,alternate_totals,Under,12.5,1.54
2026-09-25T01:14:15Z,closing,d1094cf64d0cccf98c76920fd2548c38,2026-09-25T01:41:00Z,Athletics,Houston Astros,draftkings,alternate_totals,Under,13.0,1.41
2026-09-25T01:14:15Z,closing,d1094cf64d0cccf98c76920fd2548c38,2026-09-25T01:41:00Z,Athletics,Houston Astros,draftkings,alternate_totals,Under,13.5,1.36
2026-09-25T01:14:15Z,closing,d1094cf64d0cccf98c76920fd2548c38,2026-09-25T01:41:00Z,Athletics,Houston Astros,draftkings,alternate_totals,Under,14.0,1.29
2026-09-25T01:14:15Z,closing,d1094cf64d0cccf98c76920fd2548c38,2026-09-25T01:41:00Z,Athletics,Houston Astros,draftkings,alternate_totals,Under,14.5,1.27
2026-09-25T01:14:15Z,closing,d1094cf64d0cccf98c76920fd2548c38,2026-09-25T01:41:00Z,Athletics,Houston Astros,draftkings,alternate_totals,Under,15.0,1.19
2026-09-25T01:14:15Z,closing,d1094cf64d0cccf98c76920fd2548c38,2026-09-25T01:41:00Z,Athletics,Houston Astros,draftkings,alternate_totals,Under,15.5,1.17
2026-09-25T01:14:15Z,closing,d1094cf64d0cccf98c76920fd2548c38,2026-09-25T01:41:00Z,Athletics,Houston Astros,coolbet,alternate_spreads,Athletics,3.5,1.45
2026-09-25T01:14:15Z,closing,d1094cf64d0cccf98c76920fd2548c38,2026-09-25T01:41:00Z,Athletics,Houston Astros,coolbet,alternate_spreads,Athletics,-1.5,3.4
2026-09-25T01:14:15Z,closing,d1094cf64d0cccf98c76920fd2548c38,2026-09-25T01:41:00Z,Athletics,Houston Astros,coolbet,alternate_spreads,Athletics,4.5,1.32
2026-09-25T01:14:15Z,closing,d1094cf64d0cccf98c76920fd2548c38,2026-09-25T01:41:00Z,Athletics,Houston Astros,coolbet,alternate_spreads,Athletics,1.5,1.92
2026-09-25T01:14:15Z,closing,d1094cf64d0cccf98c76920fd2548c38,2026-09-25T01:41:00Z,Athletics,Houston Astros,coolbet,alternate_spreads,Athletics,2.5,1.64
2026-09-25T01:14:15Z,closing,d1094cf64d0cccf98c76920fd2548c38,2026-09-25T01:41:00Z,Athletics,Houston Astros,coolbet,alternate_spreads,Houston Astros,-3.5,2.78
2026-09-25T01:14:15Z,closing,d1094cf64d0cccf98c76920fd2548c38,2026-09-25T01:41:00Z,Athletics,Houston Astros,coolbet,alternate_spreads,Houston Astros,1.5,1.32
2026-09-25T01:14:15Z,closing,d1094cf64d0cccf98c76920fd2548c38,2026-09-25T01:41:00Z,Athletics,Houston Astros,coolbet,alternate_spreads,Houston Astros,-4.5,3.4
2026-09-25T01:14:15Z,closing,d1094cf64d0cccf98c76920fd2548c38,2026-09-25T01:41:00Z,Athletics,Houston Astros,coolbet,alternate_spreads,Houston Astros,-1.5,1.89
2026-09-25T01:14:15Z,closing,d1094cf64d0cccf98c76920fd2548c38,2026-09-25T01:41:00Z,Athletics,Houston Astros,coolbet,alternate_spreads,Houston Astros,-2.5,2.27
2026-09-25T01:14:15Z,closing,d1094cf64d0cccf98c76920fd2548c38,2026-09-25T01:41:00Z,Athletics,Houston Astros,coolbet,alternate_totals,Over,9.5,1.58
2026-09-25T01:14:15Z,closing,d1094cf64d0cccf98c76920fd2548c38,2026-09-25T01:41:00Z,Athletics,Houston Astros,coolbet,alternate_totals,Over,10.0,1.65
2026-09-25T01:14:15Z,closing,d1094cf64d0cccf98c76920fd2548c38,2026-09-25T01:41:00Z,Athletics,Houston Astros,coolbet,alternate_totals,Over,11.0,1.95
2026-09-25T01:14:15Z,closing,d1094cf64d0cccf98c76920fd2548c38,2026-09-25T01:41:00Z,Athletics,Houston Astros,coolbet,alternate_totals,Over,10.5,1.78
2026-09-25T01:14:15Z,closing,d1094cf64d0cccf98c76920fd2548c38,2026-09-25T01:41:00Z,Athletics,Houston Astros,coolbet,alternate_totals,Over,11.5,2.12
2026-09-25T01:14:15Z,closing,d1094cf64d0cccf98c76920fd2548c38,2026-09-25T01:41:00Z,Athletics,Houston Astros,coolbet,alternate_totals,Over,12.0,2.33
2026-09-25T01:14:15Z,closing,d1094cf64d0cccf98c76920fd2548c38,2026-09-25T01:41:00Z,Athletics,Houston Astros,coolbet,alternate_totals,Over,12.5,2.5
2026-09-25T01:14:15Z,closing,d1094cf64d0cccf98c76920fd2548c38,2026-09-25T01:41:00Z,Athletics,Houston Astros,coolbet,alternate_totals,Under,9.5,2.4
2026-09-25T01:14:15Z,closing,d1094cf64d0cccf98c76920fd2548c38,2026-09-25T01:41:00Z,Athletics,Houston Astros,coolbet,alternate_totals,Under,10.0,2.25
2026-09-25T01:14:15Z,closing,d1094cf64d0cccf98c76920fd2548c38,2026-09-25T01:41:00Z,Athletics,Houston Astros,coolbet,alternate_totals,Under,11.0,1.87
2026-09-25T01:14:15Z,closing,d1094cf64d0cccf98c76920fd2548c38,2026-09-25T01:41:00Z,Athletics,Houston Astros,coolbet,alternate_totals,Under,10.5,2.05
2026-09-25T01:14:15Z,closing,d1094cf64d0cccf98c76920fd2548c38,2026-09-25T01:41:00Z,Athletics,Houston Astros,coolbet,alternate_totals,Under,11.5,1.73
2026-09-25T01:14:15Z,closing,d1094cf64d0cccf98c76920fd2548c38,2026-09-25T01:41:00Z,Athletics,Houston Astros,coolbet,alternate_totals,Under,12.0,1.61
2026-09-25T01:14:15Z,closing,d1094cf64d0cccf98c76920fd2548c38,2026-09-25T01:41:00Z,Athletics,Houston Astros,coolbet,alternate_totals,Under,12.5,1.54
2026-09-25T01:14:15Z,closing,d1094cf64d0cccf98c76920fd2548c38,2026-09-25T01:41:00Z,Athletics,Houston Astros,betmgm,alternate_spreads,Athletics,-1.5,3.7
2026-09-25T01:14:15Z,closing,d1094cf64d0cccf98c76920fd2548c38,2026-09-25T01:41:00Z,Athletics,Houston Astros,betmgm,alternate_spreads,Athletics,1.5,1.95
2026-09-25T01:14:15Z,closing,d1094cf64d0cccf98c76920fd2548c38,2026-09-25T01:41:00Z,Athletics,Houston Astros,betmgm,alternate_spreads,Athletics,2.5,1.57
2026-09-25T01:14:15Z,closing,d1094cf64d0cccf98c76920fd2548c38,2026-09-25T01:41:00Z,Athletics,Houston Astros,betmgm,alternate_spreads,Athletics,4.5,1.25
2026-09-25T01:14:15Z,closing,d1094cf64d0cccf98c76920fd2548c38,2026-09-25T01:41:00Z,Athletics,Houston Astros,betmgm,alternate_spreads,Athletics,3.5,1.36
2026-09-25T01:14:15Z,closing,d1094cf64d0cccf98c76920fd2548c38,2026-09-25T01:41:00Z,Athletics,Houston Astros,betmgm,alternate_spreads,Athletics,5.5,1.17
2026-09-25T01:14:15Z,closing,d1094cf64d0cccf98c76920fd2548c38,2026-09-25T01:41:00Z,Athletics,Houston Astros,betmgm,alternate_spreads,Houston Astros,1.5,1.27
2026-09-25T01:14:15Z,closing,d1094cf64d0cccf98c76920fd2548c38,2026-09-25T01:41:00Z,Athletics,Houston Astros,betmgm,alternate_spreads,Houston Astros,-1.5,1.87
2026-09-25T01:14:15Z,closing,d1094cf64d0cccf98c76920fd2548c38,2026-09-25T01:41:00Z,Athletics,Houston Astros,betmgm,alternate_spreads,Houston Astros,-2.5,2.35
2026-09-25T01:14:15Z,closing,d1094cf64d0cccf98c76920fd2548c38,2026-09-25T01:41:00Z,Athletics,Houston Astros,betmgm,alternate_spreads,Houston Astros,-4.5,3.8
2026-09-25T01:14:15Z,closing,d1094cf64d0cccf98c76920fd2548c38,2026-09-25T01:41:00Z,Athletics,Houston Astros,betmgm,alternate_spreads,Houston Astros,-3.5,3.0
2026-09-25T01:14:15Z,closing,d1094cf64d0cccf98c76920fd2548c38,2026-09-25T01:41:00Z,Athletics,Houston Astros,betmgm,alternate_spreads,Houston Astros,-5.5,4.75
2026-09-25T01:14:15Z,closing,d1094cf64d0cccf98c76920fd2548c38,2026-09-25T01:41:00Z,Athletics,Houston Astros,betmgm,alternate_totals,Over,5.5,1.07
2026-09-25T01:14:15Z,closing,d1094cf64d0cccf98c76920fd2548c38,2026-09-25T01:41:00Z,Athletics,Houston Astros,betmgm,alternate_totals,Over,6.0,1.08
2026-09-25T01:14:15Z,closing,d1094cf64d0cccf98c76920fd2548c38,2026-09-25T01:41:00Z,Athletics,Houston Astros,betmgm,alternate_totals,Over,6.5,1.12
2026-09-25T01:14:15Z,closing,d1094cf64d0cccf98c76920fd2548c38,2026-09-25T01:41:00Z,Athletics,Houston Astros,betmgm,alternate_totals,Over,7.0,1.14
2026-09-25T01:14:15Z,closing,d1094cf64d0cccf98c76920fd2548c38,2026-09-25T01:41:00Z,Athletics,Houston Astros,betmgm,alternate_totals,Over,7.5,1.22
2026-09-25T01:14:15Z,closing,d1094cf64d0cccf98c76920fd2548c38,2026-09-25T01:41:00Z,Athletics,Houston Astros,betmgm,alternate_totals,Over,8.0,1.25
2026-09-25T01:14:15Z,closing,d1094cf64d0cccf98c76920fd2548c38,2026-09-25T01:41:00Z,Athletics,Houston Astros,betmgm,alternate_totals,Over,8.5,1.33
2026-09-25T01:14:15Z,closing,d1094cf64d0cccf98c76920fd2548c38,2026-09-25T01:41:00Z,Athletics,Houston Astros,betmgm,alternate_totals,Over,9.0,1.36
2026-09-25T01:14:15Z,closing,d1094cf64d0cccf98c76920fd2548c38,2026-09-25T01:41:00Z,Athletics,Houston Astros,betmgm,alternate_totals,Over,9.5,1.5
2026-09-25T01:14:15Z,closing,d1094cf64d0cccf98c76920fd2548c38,2026-09-25T01:41:00Z,Athletics,Houston Astros,betmgm,alternate_totals,Over,10.0,1.59
2026-09-25T01:14:15Z,closing,d1094cf64d0cccf98c76920fd2548c38,2026-09-25T01:41:00Z,Athletics,Houston Astros,betmgm,alternate_totals,Over,10.5,1.69
2026-09-25T01:14:15Z,closing,d1094cf64d0cccf98c76920fd2548c38,2026-09-25T01:41:00Z,Athletics,Houston Astros,betmgm,alternate_totals,Over,11.0,1.91
2026-09-25T01:14:15Z,closing,d1094cf64d0cccf98c76920fd2548c38,2026-09-25T01:41:00Z,Athletics,Houston Astros,betmgm,alternate_totals,Over,11.5,2.1
2026-09-25T01:14:15Z,closing,d1094cf64d0cccf98c76920fd2548c38,2026-09-25T01:41:00Z,Athletics,Houston Astros,betmgm,alternate_totals,Over,12.0,2.35
2026-09-25T01:14:15Z,closing,d1094cf64d0cccf98c76920fd2548c38,2026-09-25T01:41:00Z,Athletics,Houston Astros,betmgm,alternate_totals,Over,12.5,2.5
2026-09-25T01:14:15Z,closing,d1094cf64d0cccf98c76920fd2548c38,2026-09-25T01:41:00Z,Athletics,Houston Astros,betmgm,alternate_totals,Over,13.0,2.85
2026-09-25T01:14:15Z,closing,d1094cf64d0cccf98c76920fd2548c38,2026-09-25T01:41:00Z,Athletics,Houston Astros,betmgm,alternate_totals,Over,13.5,3.1
2026-09-25T01:14:15Z,closing,d1094cf64d0cccf98c76920fd2548c38,2026-09-25T01:41:00Z,Athletics,Houston Astros,betmgm,alternate_totals,Over,14.0,3.5
2026-09-25T01:14:15Z,closing,d1094cf64d0cccf98c76920fd2548c38,2026-09-25T01:41:00Z,Athletics,Houston Astros,betmgm,alternate_totals,Over,14.5,3.7
2026-09-25T01:14:15Z,closing,d1094cf64d0cccf98c76920fd2548c38,2026-09-25T01:41:00Z,Athletics,Houston Astros,betmgm,alternate_totals,Over,15.5,4.6
2026-09-25T01:14:15Z,closing,d1094cf64d0cccf98c76920fd2548c38,2026-09-25T01:41:00Z,Athletics,Houston Astros,betmgm,alternate_totals,Over,16.5,5.5
2026-09-25T01:14:15Z,closing,d1094cf64d0cccf98c76920fd2548c38,2026-09-25T01:41:00Z,Athletics,Houston Astros,betmgm,alternate_totals,Over,16.0,5.25
2026-09-25T01:14:15Z,closing,d1094cf64d0cccf98c76920fd2548c38,2026-09-25T01:41:00Z,Athletics,Houston Astros,betmgm,alternate_totals,Over,15.0,4.4
2026-09-25T01:14:15Z,closing,d1094cf64d0cccf98c76920fd2548c38,2026-09-25T01:41:00Z,Athletics,Houston Astros,betmgm,alternate_totals,Under,5.5,7.5
2026-09-25T01:14:15Z,closing,d1094cf64d0cccf98c76920fd2548c38,2026-09-25T01:41:00Z,Athletics,Houston Astros,betmgm,alternate_totals,Under,6.0,7.25
2026-09-25T01:14:15Z,closing,d1094cf64d0cccf98c76920fd2548c38,2026-09-25T01:41:00Z,Athletics,Houston Astros,betmgm,alternate_totals,Under,6.5,5.75
2026-09-25T01:14:15Z,closing,d1094cf64d0cccf98c76920fd2548c38,2026-09-25T01:41:00Z,Athletics,Houston Astros,betmgm,alternate_totals,Under,7.0,5.25
2026-09-25T01:14:15Z,closing,d1094cf64d0cccf98c76920fd2548c38,2026-09-25T01:41:00Z,Athletics,Houston Astros,betmgm,alternate_totals,Under,7.5,4.1
2026-09-25T01:14:15Z,closing,d1094cf64d0cccf98c76920fd2548c38,2026-09-25T01:41:00Z,Athletics,Houston Astros,betmgm,alternate_totals,Under,8.0,3.8
2026-09-25T01:14:15Z,closing,d1094cf64d0cccf98c76920fd2548c38,2026-09-25T01:41:00Z,Athletics,Houston Astros,betmgm,alternate_totals,Under,8.5,3.2
2026-09-25T01:14:15Z,closing,d1094cf64d0cccf98c76920fd2548c38,2026-09-25T01:41:00Z,Athletics,Houston Astros,betmgm,alternate_totals,Under,9.0,3.0
2026-09-25T01:14:15Z,closing,d1094cf64d0cccf98c76920fd2548c38,2026-09-25T01:41:00Z,Athletics,Houston Astros,betmgm,alternate_totals,Under,9.5,2.5
2026-09-25T01:14:15Z,closing,d1094cf64d0cccf98c76920fd2548c38,2026-09-25T01:41:00Z,Athletics,Houston Astros,betmgm,alternate_totals,Under,10.0,2.3
2026-09-25T01:14:15Z,closing,d1094cf64d0cccf98c76920fd2548c38,2026-09-25T01:41:00Z,Athletics,Houston Astros,betmgm,alternate_totals,Under,10.5,2.1
2026-09-25T01:14:15Z,closing,d1094cf64d0cccf98c76920fd2548c38,2026-09-25T01:41:00Z,Athletics,Houston Astros,betmgm,alternate_totals,Under,11.0,1.91
2026-09-25T01:14:15Z,closing,d1094cf64d0cccf98c76920fd2548c38,2026-09-25T01:41:00Z,Athletics,Houston Astros,betmgm,alternate_totals,Under,11.5,1.69
2026-09-25T01:14:15Z,closing,d1094cf64d0cccf98c76920fd2548c38,2026-09-25T01:41:00Z,Athletics,Houston Astros,betmgm,alternate_totals,Under,12.0,1.57
2026-09-25T01:14:15Z,closing,d1094cf64d0cccf98c76920fd2548c38,2026-09-25T01:41:00Z,Athletics,Houston Astros,betmgm,alternate_totals,Under,12.5,1.5
2026-09-25T01:14:15Z,closing,d1094cf64d0cccf98c76920fd2548c38,2026-09-25T01:41:00Z,Athletics,Houston Astros,betmgm,alternate_totals,Under,13.0,1.4
2026-09-25T01:14:15Z,closing,d1094cf64d0cccf98c76920fd2548c38,2026-09-25T01:41:00Z,Athletics,Houston Astros,betmgm,alternate_totals,Under,13.5,1.35
2026-09-25T01:14:15Z,closing,d1094cf64d0cccf98c76920fd2548c38,2026-09-25T01:41:00Z,Athletics,Houston Astros,betmgm,alternate_totals,Under,14.0,1.29
2026-09-25T01:14:15Z,closing,d1094cf64d0cccf98c76920fd2548c38,2026-09-25T01:41:00Z,Athletics,Houston Astros,betmgm,alternate_totals,Under,14.5,1.27
2026-09-25T01:14:15Z,closing,d1094cf64d0cccf98c76920fd2548c38,2026-09-25T01:41:00Z,Athletics,Houston Astros,betmgm,alternate_totals,Under,15.5,1.18
2026-09-25T01:14:15Z,closing,d1094cf64d0cccf98c76920fd2548c38,2026-09-25T01:41:00Z,Athletics,Houston Astros,betmgm,alternate_totals,Under,16.5,1.13
2026-09-25T01:14:15Z,closing,d1094cf64d0cccf98c76920fd2548c38,2026-09-25T01:41:00Z,Athletics,Houston Astros,betmgm,alternate_totals,Under,16.0,1.14
2026-09-25T01:14:15Z,closing,d1094cf64d0cccf98c76920fd2548c38,2026-09-25T01:41:00Z,Athletics,Houston Astros,betmgm,alternate_totals,Under,15.0,1.2
2026-09-25T01:14:15Z,closing,d1094cf64d0cccf98c76920fd2548c38,2026-09-25T01:41:00Z,Athletics,Houston Astros,pinnacle,alternate_spreads,Athletics,1.5,2.02
2026-09-25T01:14:15Z,closing,d1094cf64d0cccf98c76920fd2548c38,2026-09-25T01:41:00Z,Athletics,Houston Astros,pinnacle,alternate_spreads,Athletics,3.0,1.5
2026-09-25T01:14:15Z,closing,d1094cf64d0cccf98c76920fd2548c38,2026-09-25T01:41:00Z,Athletics,Houston Astros,pinnacle,alternate_spreads,Athletics,2.5,1.66
2026-09-25T01:14:15Z,closing,d1094cf64d0cccf98c76920fd2548c38,2026-09-25T01:41:00Z,Athletics,Houston Astros,pinnacle,alternate_spreads,Athletics,2.0,1.81
2026-09-25T01:14:15Z,closing,d1094cf64d0cccf98c76920fd2548c38,2026-09-25T01:41:00Z,Athletics,Houston Astros,pinnacle,alternate_spreads,Athletics,1.0,2.31
2026-09-25T01:14:15Z,closing,d1094cf64d0cccf98c76920fd2548c38,2026-09-25T01:41:00Z,Athletics,Houston Astros,pinnacle,alternate_spreads,Athletics,-1.0,3.34
2026-09-25T01:14:15Z,closing,d1094cf64d0cccf98c76920fd2548c38,2026-09-25T01:41:00Z,Athletics,Houston Astros,pinnacle,alternate_spreads,Athletics,-1.5,3.74
2026-09-25T01:14:15Z,closing,d1094cf64d0cccf98c76920fd2548c38,2026-09-25T01:41:00Z,Athletics,Houston Astros,pinnacle,alternate_spreads,Houston Astros,-1.5,1.89
2026-09-25T01:14:15Z,closing,d1094cf64d0cccf98c76920fd2548c38,2026-09-25T01:41:00Z,Athletics,Houston Astros,pinnacle,alternate_spreads,Houston Astros,-3.0,2.66
2026-09-25T01:14:15Z,closing,d1094cf64d0cccf98c76920fd2548c38,2026-09-25T01:41:00Z,Athletics,Houston Astros,pinnacle,alternate_spreads,Houston Astros,-2.5,2.32
2026-09-25T01:14:15Z,closing,d1094cf64d0cccf98c76920fd2548c38,2026-09-25T01:41:00Z,Athletics,Houston Astros,pinnacle,alternate_spreads,Houston Astros,-2.0,2.1
2026-09-25T01:14:15Z,closing,d1094cf64d0cccf98c76920fd2548c38,2026-09-25T01:41:00Z,Athletics,Houston Astros,pinnacle,alternate_spreads,Houston Astros,-1.0,1.68
2026-09-25T01:14:15Z,closing,d1094cf64d0cccf98c76920fd2548c38,2026-09-25T01:41:00Z,Athletics,Houston Astros,pinnacle,alternate_spreads,Houston Astros,1.0,1.35
2026-09-25T01:14:15Z,closing,d1094cf64d0cccf98c76920fd2548c38,2026-09-25T01:41:00Z,Athletics,Houston Astros,pinnacle,alternate_spreads,Houston Astros,1.5,1.28
2026-09-25T01:14:15Z,closing,d1094cf64d0cccf98c76920fd2548c38,2026-09-25T01:41:00Z,Athletics,Houston Astros,pinnacle,alternate_totals,Over,11.0,1.95
2026-09-25T01:14:15Z,closing,d1094cf64d0cccf98c76920fd2548c38,2026-09-25T01:41:00Z,Athletics,Houston Astros,pinnacle,alternate_totals,Over,9.5,1.56
2026-09-25T01:14:15Z,closing,d1094cf64d0cccf98c76920fd2548c38,2026-09-25T01:41:00Z,Athletics,Houston Astros,pinnacle,alternate_totals,Over,10.0,1.65
2026-09-25T01:14:15Z,closing,d1094cf64d0cccf98c76920fd2548c38,2026-09-25T01:41:00Z,Athletics,Houston Astros,pinnacle,alternate_totals,Over,10.5,1.78
2026-09-25T01:14:15Z,closing,d1094cf64d0cccf98c76920fd2548c38,2026-09-25T01:41:00Z,Athletics,Houston Astros,pinnacle,alternate_totals,Over,11.5,2.15
2026-09-25T01:14:15Z,closing,d1094cf64d0cccf98c76920fd2548c38,2026-09-25T01:41:00Z,Athletics,Houston Astros,pinnacle,alternate_totals,Over,12.0,2.34
2026-09-25T01:14:15Z,closing,d1094cf64d0cccf98c76920fd2548c38,2026-09-25T01:41:00Z,Athletics,Houston Astros,pinnacle,alternate_totals,Over,12.5,2.48
2026-09-25T01:14:15Z,closing,d1094cf64d0cccf98c76920fd2548c38,2026-09-25T01:41:00Z,Athletics,Houston Astros,pinnacle,alternate_totals,Under,11.0,1.93
2026-09-25T01:14:15Z,closing,d1094cf64d0cccf98c76920fd2548c38,2026-09-25T01:41:00Z,Athletics,Houston Astros,pinnacle,alternate_totals,Under,9.5,2.49
2026-09-25T01:14:15Z,closing,d1094cf64d0cccf98c76920fd2548c38,2026-09-25T01:41:00Z,Athletics,Houston Astros,pinnacle,alternate_totals,Under,10.0,2.34
2026-09-25T01:14:15Z,closing,d1094cf64d0cccf98c76920fd2548c38,2026-09-25T01:41:00Z,Athletics,Houston Astros,pinnacle,alternate_totals,Under,10.5,2.12
2026-09-25T01:14:15Z,closing,d1094cf64d0cccf98c76920fd2548c38,2026-09-25T01:41:00Z,Athletics,Houston Astros,pinnacle,alternate_totals,Under,11.5,1.76
2026-09-25T01:14:15Z,closing,d1094cf64d0cccf98c76920fd2548c38,2026-09-25T01:41:00Z,Athletics,Houston Astros,pinnacle,alternate_totals,Under,12.0,1.65
2026-09-25T01:14:15Z,closing,d1094cf64d0cccf98c76920fd2548c38,2026-09-25T01:41:00Z,Athletics,Houston Astros,pinnacle,alternate_totals,Under,12.5,1.57
2026-09-25T01:14:15Z,closing,4984d3511b9db396e1a2c120b9623bbb,2026-09-25T01:41:00Z,Seattle Mariners,Los Angeles Angels,fanduel,alternate_spreads,Los Angeles Angels,7.5,1.03
2026-09-25T01:14:15Z,closing,4984d3511b9db396e1a2c120b9623bbb,2026-09-25T01:41:00Z,Seattle Mariners,Los Angeles Angels,fanduel,alternate_spreads,Los Angeles Angels,6.5,1.05
2026-09-25T01:14:15Z,closing,4984d3511b9db396e1a2c120b9623bbb,2026-09-25T01:41:00Z,Seattle Mariners,Los Angeles Angels,fanduel,alternate_spreads,Los Angeles Angels,5.5,1.1
2026-09-25T01:14:15Z,closing,4984d3511b9db396e1a2c120b9623bbb,2026-09-25T01:41:00Z,Seattle Mariners,Los Angeles Angels,fanduel,alternate_spreads,Los Angeles Angels,4.5,1.16
2026-09-25T01:14:15Z,closing,4984d3511b9db396e1a2c120b9623bbb,2026-09-25T01:41:00Z,Seattle Mariners,Los Angeles Angels,fanduel,alternate_spreads,Los Angeles Angels,3.5,1.26
2026-09-25T01:14:15Z,closing,4984d3511b9db396e1a2c120b9623bbb,2026-09-25T01:41:00Z,Seattle Mariners,Los Angeles Angels,fanduel,alternate_spreads,Los Angeles Angels,2.5,1.43
2026-09-25T01:14:15Z,closing,4984d3511b9db396e1a2c120b9623bbb,2026-09-25T01:41:00Z,Seattle Mariners,Los Angeles Angels,fanduel,alternate_spreads,Los Angeles Angels,1.5,1.72
2026-09-25T01:14:15Z,closing,4984d3511b9db396e1a2c120b9623bbb,2026-09-25T01:41:00Z,Seattle Mariners,Los Angeles Angels,fanduel,alternate_spreads,Los Angeles Angels,-1.5,3.55
2026-09-25T01:14:15Z,closing,4984d3511b9db396e1a2c120b9623bbb,2026-09-25T01:41:00Z,Seattle Mariners,Los Angeles Angels,fanduel,alternate_spreads,Los Angeles Angels,-2.5,5.2
2026-09-25T01:14:15Z,closing,4984d3511b9db396e1a2c120b9623bbb,2026-09-25T01:41:00Z,Seattle Mariners,Los Angeles Angels,fanduel,alternate_spreads,Los Angeles Angels,-3.5,7.0
2026-09-25T01:14:15Z,closing,4984d3511b9db396e1a2c120b9623bbb,2026-09-25T01:41:00Z,Seattle Mariners,Los Angeles Angels,fanduel,alternate_spreads,Los Angeles Angels,-4.5,9.3
2026-09-25T01:14:15Z,closing,4984d3511b9db396e1a2c120b9623bbb,2026-09-25T01:41:00Z,Seattle Mariners,Los Angeles Angels,fanduel,alternate_spreads,Los Angeles Angels,-5.5,12.0
2026-09-25T01:14:15Z,closing,4984d3511b9db396e1a2c120b9623bbb,2026-09-25T01:41:00Z,Seattle Mariners,Los Angeles Angels,fanduel,alternate_spreads,Los Angeles Angels,-6.5,15.0
2026-09-25T01:14:15Z,closing,4984d3511b9db396e1a2c120b9623bbb,2026-09-25T01:41:00Z,Seattle Mariners,Los Angeles Angels,fanduel,alternate_spreads,Los Angeles Angels,-7.5,16.0
2026-09-25T01:14:15Z,closing,4984d3511b9db396e1a2c120b9623bbb,2026-09-25T01:41:00Z,Seattle Mariners,Los Angeles Angels,fanduel,alternate_spreads,Los Angeles Angels,-8.5,18.0
2026-09-25T01:14:15Z,closing,4984d3511b9db396e1a2c120b9623bbb,2026-09-25T01:41:00Z,Seattle Mariners,Los Angeles Angels,fanduel,alternate_spreads,Seattle Mariners,-8.5,14.0
2026-09-25T01:14:15Z,closing,4984d3511b9db396e1a2c120b9623bbb,2026-09-25T01:41:00Z,Seattle Mariners,Los Angeles Angels,fanduel,alternate_spreads,Seattle Mariners,-7.5,11.6
2026-09-25T01:14:15Z,closing,4984d3511b9db396e1a2c120b9623bbb,2026-09-25T01:41:00Z,Seattle Mariners,Los Angeles Angels,fanduel,alternate_spreads,Seattle Mariners,-6.5,9.3
2026-09-25T01:14:15Z,closing,4984d3511b9db396e1a2c120b9623bbb,2026-09-25T01:41:00Z,Seattle Mariners,Los Angeles Angels,fanduel,alternate_spreads,Seattle Mariners,-5.5,6.6
2026-09-25T01:14:15Z,closing,4984d3511b9db396e1a2c120b9623bbb,2026-09-25T01:41:00Z,Seattle Mariners,Los Angeles Angels,fanduel,alternate_spreads,Seattle Mariners,-4.5,5.0
2026-09-25T01:14:15Z,closing,4984d3511b9db396e1a2c120b9623bbb,2026-09-25T01:41:00Z,Seattle Mariners,Los Angeles Angels,fanduel,alternate_spreads,Seattle Mariners,-3.5,3.8
2026-09-25T01:14:15Z,closing,4984d3511b9db396e1a2c120b9623bbb,2026-09-25T01:41:00Z,Seattle Mariners,Los Angeles Angels,fanduel,alternate_spreads,Seattle Mariners,-2.5,2.76
2026-09-25T01:14:15Z,closing,4984d3511b9db396e1a2c120b9623bbb,2026-09-25T01:41:00Z,Seattle Mariners,Los Angeles Angels,fanduel,alternate_spreads,Seattle Mariners,-1.5,2.08
2026-09-25T01:14:15Z,closing,4984d3511b9db396e1a2c120b9623bbb,2026-09-25T01:41:00Z,Seattle Mariners,Los Angeles Angels,fanduel,alternate_spreads,Seattle Mariners,1.5,1.29
2026-09-25T01:14:15Z,closing,4984d3511b9db396e1a2c120b9623bbb,2026-09-25T01:41:00Z,Seattle Mariners,Los Angeles Angels,fanduel,alternate_spreads,Seattle Mariners,2.5,1.15
2026-09-25T01:14:15Z,closing,4984d3511b9db396e1a2c120b9623bbb,2026-09-25T01:41:00Z,Seattle Mariners,Los Angeles Angels,fanduel,alternate_spreads,Seattle Mariners,3.5,1.09
2026-09-25T01:14:15Z,closing,4984d3511b9db396e1a2c120b9623bbb,2026-09-25T01:41:00Z,Seattle Mariners,Los Angeles Angels,fanduel,alternate_spreads,Seattle Mariners,4.5,1.05
2026-09-25T01:14:15Z,closing,4984d3511b9db396e1a2c120b9623bbb,2026-09-25T01:41:00Z,Seattle Mariners,Los Angeles Angels,fanduel,alternate_spreads,Seattle Mariners,5.5,1.02
2026-09-25T01:14:15Z,closing,4984d3511b9db396e1a2c120b9623bbb,2026-09-25T01:41:00Z,Seattle Mariners,Los Angeles Angels,fanduel,alternate_totals,Over,2.5,1.03
2026-09-25T01:14:15Z,closing,4984d3511b9db396e1a2c120b9623bbb,2026-09-25T01:41:00Z,Seattle Mariners,Los Angeles Angels,fanduel,alternate_totals,Over,3.5,1.14
2026-09-25T01:14:15Z,closing,4984d3511b9db396e1a2c120b9623bbb,2026-09-25T01:41:00Z,Seattle Mariners,Los Angeles Angels,fanduel,alternate_totals,Over,4.5,1.23
2026-09-25T01:14:15Z,closing,4984d3511b9db396e1a2c120b9623bbb,2026-09-25T01:41:00Z,Seattle Mariners,Los Angeles Angels,fanduel,alternate_totals,Over,5.5,1.47
2026-09-25T01:14:15Z,closing,4984d3511b9db396e1a2c120b9623bbb,2026-09-25T01:41:00Z,Seattle Mariners,Los Angeles Angels,fanduel,alternate_totals,Over,6.5,1.7
2026-09-25T01:14:15Z,closing,4984d3511b9db396e1a2c120b9623bbb,2026-09-25T01:41:00Z,Seattle Mariners,Los Angeles Angels,fanduel,alternate_totals,Over,7.5,2.2
2026-09-25T01:14:15Z,closing,4984d3511b9db396e1a2c120b9623bbb,2026-09-25T01:41:00Z,Seattle Mariners,Los Angeles Angels,fanduel,alternate_totals,Over,8.5,2.64
2026-09-25T01:14:15Z,closing,4984d3511b9db396e1a2c120b9623bbb,2026-09-25T01:41:00Z,Seattle Mariners,Los Angeles Angels,fanduel,alternate_totals,Over,9.5,3.65
2026-09-25T01:14:15Z,closing,4984d3511b9db396e1a2c120b9623bbb,2026-09-25T01:41:00Z,Seattle Mariners,Los Angeles Angels,fanduel,alternate_totals,Over,10.5,4.5
2026-09-25T01:14:15Z,closing,4984d3511b9db396e1a2c120b9623bbb,2026-09-25T01:41:00Z,Seattle Mariners,Los Angeles Angels,fanduel,alternate_totals,Over,11.5,6.4
2026-09-25T01:14:15Z,closing,4984d3511b9db396e1a2c120b9623bbb,2026-09-25T01:41:00Z,Seattle Mariners,Los Angeles Angels,fanduel,alternate_totals,Over,12.5,8.0
2026-09-25T01:14:15Z,closing,4984d3511b9db396e1a2c120b9623bbb,2026-09-25T01:41:00Z,Seattle Mariners,Los Angeles Angels,fanduel,alternate_totals,Over,13.5,11.0
2026-09-25T01:14:15Z,closing,4984d3511b9db396e1a2c120b9623bbb,2026-09-25T01:41:00Z,Seattle Mariners,Los Angeles Angels,fanduel,alternate_totals,Over,14.5,13.0
2026-09-25T01:14:15Z,closing,4984d3511b9db396e1a2c120b9623bbb,2026-09-25T01:41:00Z,Seattle Mariners,Los Angeles Angels,fanduel,alternate_totals,Over,15.5,16.0
2026-09-25T01:14:15Z,closing,4984d3511b9db396e1a2c120b9623bbb,2026-09-25T01:41:00Z,Seattle Mariners,Los Angeles Angels,fanduel,alternate_totals,Under,1.5,16.0
2026-09-25T01:14:15Z,closing,4984d3511b9db396e1a2c120b9623bbb,2026-09-25T01:41:00Z,Seattle Mariners,Los Angeles Angels,fanduel,alternate_totals,Under,2.5,11.6
2026-09-25T01:14:15Z,closing,4984d3511b9db396e1a2c120b9623bbb,2026-09-25T01:41:00Z,Seattle Mariners,Los Angeles Angels,fanduel,alternate_totals,Under,3.5,5.5
2026-09-25T01:14:15Z,closing,4984d3511b9db396e1a2c120b9623bbb,2026-09-25T01:41:00Z,Seattle Mariners,Los Angeles Angels,fanduel,alternate_totals,Under,4.5,4.0
2026-09-25T01:14:15Z,closing,4984d3511b9db396e1a2c120b9623bbb,2026-09-25T01:41:00Z,Seattle Mariners,Los Angeles Angels,fanduel,alternate_totals,Under,5.5,2.64
2026-09-25T01:14:15Z,closing,4984d3511b9db396e1a2c120b9623bbb,2026-09-25T01:41:00Z,Seattle Mariners,Los Angeles Angels,fanduel,alternate_totals,Under,6.5,2.12
2026-09-25T01:14:15Z,closing,4984d3511b9db396e1a2c120b9623bbb,2026-09-25T01:41:00Z,Seattle Mariners,Los Angeles Angels,fanduel,alternate_totals,Under,7.5,1.65
2026-09-25T01:14:15Z,closing,4984d3511b9db396e1a2c120b9623bbb,2026-09-25T01:41:00Z,Seattle Mariners,Los Angeles Angels,fanduel,alternate_totals,Under,8.5,1.47
2026-09-25T01:14:15Z,closing,4984d3511b9db396e1a2c120b9623bbb,2026-09-25T01:41:00Z,Seattle Mariners,Los Angeles Angels,fanduel,alternate_totals,Under,9.5,1.27
2026-09-25T01:14:15Z,closing,4984d3511b9db396e1a2c120b9623bbb,2026-09-25T01:41:00Z,Seattle Mariners,Los Angeles Angels,fanduel,alternate_totals,Under,10.5,1.19
2026-09-25T01:14:15Z,closing,4984d3511b9db396e1a2c120b9623bbb,2026-09-25T01:41:00Z,Seattle Mariners,Los Angeles Angels,fanduel,alternate_totals,Under,11.5,1.11
2026-09-25T01:14:15Z,closing,4984d3511b9db396e1a2c120b9623bbb,2026-09-25T01:41:00Z,Seattle Mariners,Los Angeles Angels,fanduel,alternate_totals,Under,12.5,1.07
2026-09-25T01:14:15Z,closing,4984d3511b9db396e1a2c120b9623bbb,2026-09-25T01:41:00Z,Seattle Mariners,Los Angeles Angels,fanduel,alternate_totals,Under,13.5,1.03
2026-09-25T01:14:15Z,closing,4984d3511b9db396e1a2c120b9623bbb,2026-09-25T01:41:00Z,Seattle Mariners,Los Angeles Angels,fanduel,alternate_totals,Under,14.5,1.02
2026-09-25T01:14:15Z,closing,4984d3511b9db396e1a2c120b9623bbb,2026-09-25T01:41:00Z,Seattle Mariners,Los Angeles Angels,draftkings,alternate_spreads,Los Angeles Angels,-3.5,7.8
2026-09-25T01:14:15Z,closing,4984d3511b9db396e1a2c120b9623bbb,2026-09-25T01:41:00Z,Seattle Mariners,Los Angeles Angels,draftkings,alternate_spreads,Los Angeles Angels,-3.0,7.5
2026-09-25T01:14:15Z,closing,4984d3511b9db396e1a2c120b9623bbb,2026-09-25T01:41:00Z,Seattle Mariners,Los Angeles Angels,draftkings,alternate_spreads,Los Angeles Angels,-2.5,5.44
2026-09-25T01:14:15Z,closing,4984d3511b9db396e1a2c120b9623bbb,2026-09-25T01:41:00Z,Seattle Mariners,Los Angeles Angels,draftkings,alternate_spreads,Los Angeles Angels,-2.0,5.06
2026-09-25T01:14:15Z,closing,4984d3511b9db396e1a2c120b9623bbb,2026-09-25T01:41:00Z,Seattle Mariners,Los Angeles Angels,draftkings,alternate_spreads,Los Angeles Angels,-1.5,3.72
2026-09-25T01:14:15Z,closing,4984d3511b9db396e1a2c120b9623bbb,2026-09-25T01:41:00Z,Seattle Mariners,Los Angeles Angels,draftkings,alternate_spreads,Los Angeles Angels,-1.0,3.32
2026-09-25T01:14:15Z,closing,4984d3511b9db396e1a2c120b9623bbb,2026-09-25T01:41:00Z,Seattle Mariners,Los Angeles Angels,draftkings,alternate_spreads,Los Angeles Angels,1.0,2.11
2026-09-25T01:14:15Z,closing,4984d3511b9db396e1a2c120b9623bbb,2026-09-25T01:41:00Z,Seattle Mariners,Los Angeles Angels,draftkings,alternate_spreads,Los Angeles Angels,2.0,1.54
2026-09-25T01:14:15Z,closing,4984d3511b9db396e1a2c120b9623bbb,2026-09-25T01:41:00Z,Seattle Mariners,Los Angeles Angels,draftkings,alternate_spreads,Los Angeles Angels,2.5,1.44
2026-09-25T01:14:15Z,closing,4984d3511b9db396e1a2c120b9623bbb,2026-09-25T01:41:00Z,Seattle Mariners,Los Angeles Angels,draftkings,alternate_spreads,Los Angeles Angels,3.0,1.31
2026-09-25T01:14:15Z,closing,4984d3511b9db396e1a2c120b9623bbb,2026-09-25T01:41:00Z,Seattle Mariners,Los Angeles Angels,draftkings,alternate_spreads,Los Angeles Angels,3.5,1.27
2026-09-25T01:14:15Z,closing,4984d3511b9db396e1a2c120b9623bbb,2026-09-25T01:41:00Z,Seattle Mariners,Los Angeles Angels,draftkings,alternate_spreads,Los Angeles Angels,4.0,1.18
2026-09-25T01:14:15Z,closing,4984d3511b9db396e1a2c120b9623bbb,2026-09-25T01:41:00Z,Seattle Mariners,Los Angeles Angels,draftkings,alternate_spreads,Los Angeles Angels,4.5,1.16
2026-09-25T01:14:15Z,closing,4984d3511b9db396e1a2c120b9623bbb,2026-09-25T01:41:00Z,Seattle Mariners,Los Angeles Angels,draftkings,alternate_spreads,Los Angeles Angels,5.0,1.1
2026-09-25T01:14:15Z,closing,4984d3511b9db396e1a2c120b9623bbb,2026-09-25T01:41:00Z,Seattle Mariners,Los Angeles Angels,draftkings,alternate_spreads,Los Angeles Angels,5.5,1.09
2026-09-25T01:14:15Z,closing,4984d3511b9db396e1a2c120b9623bbb,2026-09-25T01:41:00Z,Seattle Mariners,Los Angeles Angels,draftkings,alternate_spreads,Los Angeles Angels,6.0,1.05
2026-09-25T01:14:15Z,closing,4984d3511b9db396e1a2c120b9623bbb,2026-09-25T01:41:00Z,Seattle Mariners,Los Angeles Angels,draftkings,alternate_spreads,Seattle Mariners,3.5,1.07
2026-09-25T01:14:15Z,closing,4984d3511b9db396e1a2c120b9623bbb,2026-09-25T01:41:00Z,Seattle Mariners,Los Angeles Angels,draftkings,alternate_spreads,Seattle Mariners,3.0,1.07
2026-09-25T01:14:15Z,closing,4984d3511b9db396e1a2c120b9623bbb,2026-09-25T01:41:00Z,Seattle Mariners,Los Angeles Angels,draftkings,alternate_spreads,Seattle Mariners,2.5,1.14
2026-09-25T01:14:15Z,closing,4984d3511b9db396e1a2c120b9623bbb,2026-09-25T01:41:00Z,Seattle Mariners,Los Angeles Angels,draftkings,alternate_spreads,Seattle Mariners,2.0,1.15
2026-09-25T01:14:15Z,closing,4984d3511b9db396e1a2c120b9623bbb,2026-09-25T01:41:00Z,Seattle Mariners,Los Angeles Angels,draftkings,alternate_spreads,Seattle Mariners,1.5,1.26
2026-09-25T01:14:15Z,closing,4984d3511b9db396e1a2c120b9623bbb,2026-09-25T01:41:00Z,Seattle Mariners,Los Angeles Angels,draftkings,alternate_spreads,Seattle Mariners,1.0,1.31
2026-09-25T01:14:15Z,closing,4984d3511b9db396e1a2c120b9623bbb,2026-09-25T01:41:00Z,Seattle Mariners,Los Angeles Angels,draftkings,alternate_spreads,Seattle Mariners,-1.0,1.69
2026-09-25T01:14:15Z,closing,4984d3511b9db396e1a2c120b9623bbb,2026-09-25T01:41:00Z,Seattle Mariners,Los Angeles Angels,draftkings,alternate_spreads,Seattle Mariners,-2.0,2.41
2026-09-25T01:14:15Z,closing,4984d3511b9db396e1a2c120b9623bbb,2026-09-25T01:41:00Z,Seattle Mariners,Los Angeles Angels,draftkings,alternate_spreads,Seattle Mariners,-2.5,2.69
2026-09-25T01:14:15Z,closing,4984d3511b9db396e1a2c120b9623bbb,2026-09-25T01:41:00Z,Seattle Mariners,Los Angeles Angels,draftkings,alternate_spreads,Seattle Mariners,-3.0,3.32
2026-09-25T01:14:15Z,closing,4984d3511b9db396e1a2c120b9623bbb,2026-09-25T01:41:00Z,Seattle Mariners,Los Angeles Angels,draftkings,alternate_spreads,Seattle Mariners,-3.5,3.62
2026-09-25T01:14:15Z,closing,4984d3511b9db396e1a2c120b9623bbb,2026-09-25T01:41:00Z,Seattle Mariners,Los Angeles Angels,draftkings,alternate_spreads,Seattle Mariners,-4.0,4.63
2026-09-25T01:14:15Z,closing,4984d3511b9db396e1a2c120b9623bbb,2026-09-25T01:41:00Z,Seattle Mariners,Los Angeles Angels,draftkings,alternate_spreads,Seattle Mariners,-4.5,4.93
2026-09-25T01:14:15Z,closing,4984d3511b9db396e1a2c120b9623bbb,2026-09-25T01:41:00Z,Seattle Mariners,Los Angeles Angels,draftkings,alternate_spreads,Seattle Mariners,-5.0,6.49
2026-09-25T01:14:15Z,closing,4984d3511b9db396e1a2c120b9623bbb,2026-09-25T01:41:00Z,Seattle Mariners,Los Angeles Angels,draftkings,alternate_spreads,Seattle Mariners,-5.5,6.78
2026-09-25T01:14:15Z,closing,4984d3511b9db396e1a2c120b9623bbb,2026-09-25T01:41:00Z,Seattle Mariners,Los Angeles Angels,draftkings,alternate_spreads,Seattle Mariners,-6.0,9.0
2026-09-25T01:14:15Z,closing,4984d3511b9db396e1a2c120b9623bbb,2026-09-25T01:41:00Z,Seattle Mariners,Los Angeles Angels,draftkings,alternate_totals,Over,3.5,1.14
2026-09-25T01:14:15Z,closing,4984d3511b9db396e1a2c120b9623bbb,2026-09-25T01:41:00Z,Seattle Mariners,Los Angeles Angels,draftkings,alternate_totals,Over,4.0,1.15
2026-09-25T01:14:15Z,closing,4984d3511b9db396e1a2c120b9623bbb,2026-09-25T01:41:00Z,Seattle Mariners,Los Angeles Angels,draftkings,alternate_totals,Over,4.5,1.24
2026-09-25T01:14:15Z,closing,4984d3511b9db396e1a2c120b9623bbb,2026-09-25T01:41:00Z,Seattle Mariners,Los Angeles Angels,draftkings,alternate_totals,Over,5.0,1.3
2026-09-25T01:14:15Z,closing,4984d3511b9db396e1a2c120b9623bbb,2026-09-25T01:41:00Z,Seattle Mariners,Los Angeles Angels,draftkings,alternate_totals,Over,5.5,1.48
2026-09-25T01:14:15Z,closing,4984d3511b9db396e1a2c120b9623bbb,2026-09-25T01:41:00Z,Seattle Mariners,Los Angeles Angels,draftkings,alternate_totals,Over,6.0,1.56
2026-09-25T01:14:15Z,closing,4984d3511b9db396e1a2c120b9623bbb,2026-09-25T01:41:00Z,Seattle Mariners,Los Angeles Angels,draftkings,alternate_totals,Over,6.5,1.7
2026-09-25T01:14:15Z,closing,4984d3511b9db396e1a2c120b9623bbb,2026-09-25T01:41:00Z,Seattle Mariners,Los Angeles Angels,draftkings,alternate_totals,Over,7.5,2.15
2026-09-25T01:14:15Z,closing,4984d3511b9db396e1a2c120b9623bbb,2026-09-25T01:41:00Z,Seattle Mariners,Los Angeles Angels,draftkings,alternate_totals,Over,8.0,2.42
2026-09-25T01:14:15Z,closing,4984d3511b9db396e1a2c120b9623bbb,2026-09-25T01:41:00Z,Seattle Mariners,Los Angeles Angels,draftkings,alternate_totals,Over,8.5,2.61
2026-09-25T01:14:15Z,closing,4984d3511b9db396e1a2c120b9623bbb,2026-09-25T01:41:00Z,Seattle Mariners,Los Angeles Angels,draftkings,alternate_totals,Over,9.0,3.19
2026-09-25T01:14:15Z,closing,4984d3511b9db396e1a2c120b9623bbb,2026-09-25T01:41:00Z,Seattle Mariners,Los Angeles Angels,draftkings,alternate_totals,Over,9.5,3.48
2026-09-25T01:14:15Z,closing,4984d3511b9db396e1a2c120b9623bbb,2026-09-25T01:41:00Z,Seattle Mariners,Los Angeles Angels,draftkings,alternate_totals,Over,10.0,4.15
2026-09-25T01:14:15Z,closing,4984d3511b9db396e1a2c120b9623bbb,2026-09-25T01:41:00Z,Seattle Mariners,Los Angeles Angels,draftkings,alternate_totals,Over,10.5,4.37
2026-09-25T01:14:15Z,closing,4984d3511b9db396e1a2c120b9623bbb,2026-09-25T01:41:00Z,Seattle Mariners,Los Angeles Angels,draftkings,alternate_totals,Over,11.0,5.61
2026-09-25T01:14:15Z,closing,4984d3511b9db396e1a2c120b9623bbb,2026-09-25T01:41:00Z,Seattle Mariners,Los Angeles Angels,draftkings,alternate_totals,Over,11.5,5.89
2026-09-25T01:14:15Z,closing,4984d3511b9db396e1a2c120b9623bbb,2026-09-25T01:41:00Z,Seattle Mariners,Los Angeles Angels,draftkings,alternate_totals,Under,3.5,5.37
2026-09-25T01:14:15Z,closing,4984d3511b9db396e1a2c120b9623bbb,2026-09-25T01:41:00Z,Seattle Mariners,Los Angeles Angels,draftkings,alternate_totals,Under,4.0,5.05
2026-09-25T01:14:15Z,closing,4984d3511b9db396e1a2c120b9623bbb,2026-09-25T01:41:00Z,Seattle Mariners,Los Angeles Angels,draftkings,alternate_totals,Under,4.5,3.86
2026-09-25T01:14:15Z,closing,4984d3511b9db396e1a2c120b9623bbb,2026-09-25T01:41:00Z,Seattle Mariners,Los Angeles Angels,draftkings,alternate_totals,Under,5.0,3.42
2026-09-25T01:14:15Z,closing,4984d3511b9db396e1a2c120b9623bbb,2026-09-25T01:41:00Z,Seattle Mariners,Los Angeles Angels,draftkings,alternate_totals,Under,5.5,2.57
2026-09-25T01:14:15Z,closing,4984d3511b9db396e1a2c120b9623bbb,2026-09-25T01:41:00Z,Seattle Mariners,Los Angeles Angels,draftkings,alternate_totals,Under,6.0,2.36
2026-09-25T01:14:15Z,closing,4984d3511b9db396e1a2c120b9623bbb,2026-09-25T01:41:00Z,Seattle Mariners,Los Angeles Angels,draftkings,alternate_totals,Under,6.5,2.09
2026-09-25T01:14:15Z,closing,4984d3511b9db396e1a2c120b9623bbb,2026-09-25T01:41:00Z,Seattle Mariners,Los Angeles Angels,draftkings,alternate_totals,Under,7.5,1.67
2026-09-25T01:14:15Z,closing,4984d3511b9db396e1a2c120b9623bbb,2026-09-25T01:41:00Z,Seattle Mariners,Los Angeles Angels,draftkings,alternate_totals,Under,8.0,1.54
2026-09-25T01:14:15Z,closing,4984d3511b9db396e1a2c120b9623bbb,2026-09-25T01:41:00Z,Seattle Mariners,Los Angeles Angels,draftkings,alternate_totals,Under,8.5,1.47
2026-09-25T01:14:15Z,closing,4984d3511b9db396e1a2c120b9623bbb,2026-09-25T01:41:00Z,Seattle Mariners,Los Angeles Angels,draftkings,alternate_totals,Under,9.0,1.33
2026-09-25T01:14:15Z,closing,4984d3511b9db396e1a2c120b9623bbb,2026-09-25T01:41:00Z,Seattle Mariners,Los Angeles Angels,draftkings,alternate_totals,Under,9.5,1.29
2026-09-25T01:14:15Z,closing,4984d3511b9db396e1a2c120b9623bbb,2026-09-25T01:41:00Z,Seattle Mariners,Los Angeles Angels,draftkings,alternate_totals,Under,10.0,1.22
2026-09-25T01:14:15Z,closing,4984d3511b9db396e1a2c120b9623bbb,2026-09-25T01:41:00Z,Seattle Mariners,Los Angeles Angels,draftkings,alternate_totals,Under,10.5,1.2
2026-09-25T01:14:15Z,closing,4984d3511b9db396e1a2c120b9623bbb,2026-09-25T01:41:00Z,Seattle Mariners,Los Angeles Angels,draftkings,alternate_totals,Under,11.0,1.13
2026-09-25T01:14:15Z,closing,4984d3511b9db396e1a2c120b9623bbb,2026-09-25T01:41:00Z,Seattle Mariners,Los Angeles Angels,draftkings,alternate_totals,Under,11.5,1.12
2026-09-25T01:14:15Z,closing,4984d3511b9db396e1a2c120b9623bbb,2026-09-25T01:41:00Z,Seattle Mariners,Los Angeles Angels,betrivers,alternate_spreads,Los Angeles Angels,3.5,1.3
2026-09-25T01:14:15Z,closing,4984d3511b9db396e1a2c120b9623bbb,2026-09-25T01:41:00Z,Seattle Mariners,Los Angeles Angels,betrivers,alternate_spreads,Los Angeles Angels,2.0,1.57
2026-09-25T01:14:15Z,closing,4984d3511b9db396e1a2c120b9623bbb,2026-09-25T01:41:00Z,Seattle Mariners,Los Angeles Angels,betrivers,alternate_spreads,Los Angeles Angels,1.5,1.8
2026-09-25T01:14:15Z,closing,4984d3511b9db396e1a2c120b9623bbb,2026-09-25T01:41:00Z,Seattle Mariners,Los Angeles Angels,betrivers,alternate_spreads,Los Angeles Angels,3.0,1.34
2026-09-25T01:14:15Z,closing,4984d3511b9db396e1a2c120b9623bbb,2026-09-25T01:41:00Z,Seattle Mariners,Los Angeles Angels,betrivers,alternate_spreads,Los Angeles Angels,2.5,1.47
2026-09-25T01:14:15Z,closing,4984d3511b9db396e1a2c120b9623bbb,2026-09-25T01:41:00Z,Seattle Mariners,Los Angeles Angels,betrivers,alternate_spreads,Los Angeles Angels,4.0,1.21
2026-09-25T01:14:15Z,closing,4984d3511b9db396e1a2c120b9623bbb,2026-09-25T01:41:00Z,Seattle Mariners,Los Angeles Angels,betrivers,alternate_spreads,Seattle Mariners,-3.5,3.6
2026-09-25T01:14:15Z,closing,4984d3511b9db396e1a2c120b9623bbb,2026-09-25T01:41:00Z,Seattle Mariners,Los Angeles Angels,betrivers,alternate_spreads,Seattle Mariners,-2.0,2.4
2026-09-25T01:14:15Z,closing,4984d3511b9db396e1a2c120b9623bbb,2026-09-25T01:41:00Z,Seattle Mariners,Los Angeles Angels,betrivers,alternate_spreads,Seattle Mariners,-1.5,2.04
2026-09-25T01:14:15Z,closing,4984d3511b9db396e1a2c120b9623bbb,2026-09-25T01:41:00Z,Seattle Mariners,Los Angeles Angels,betrivers,alternate_spreads,Seattle Mariners,-3.0,3.3
2026-09-25T01:14:15Z,closing,4984d3511b9db396e1a2c120b9623bbb,2026-09-25T01:41:00Z,Seattle Mariners,Los Angeles Angels,betrivers,alternate_spreads,Seattle Mariners,-2.5,2.7
2026-09-25T01:14:15Z,closing,4984d3511b9db396e1a2c120b9623bbb,2026-09-25T01:41:00Z,Seattle Mariners,Los Angeles Angels,betrivers,alternate_spreads,Seattle Mariners,-4.0,4.5
2026-09-25T01:14:15Z,closing,4984d3511b9db396e1a2c120b9623bbb,2026-09-25T01:41:00Z,Seattle Mariners,Los Angeles Angels,betrivers,alternate_totals,Over,7.0,1.83
2026-09-25T01:14:15Z,closing,4984d3511b9db396e1a2c120b9623bbb,2026-09-25T01:41:00Z,Seattle Mariners,Los Angeles Angels,betrivers,alternate_totals,Over,4.5,1.26
2026-09-25T01:14:15Z,closing,4984d3511b9db396e1a2c120b9623bbb,2026-09-25T01:41:00Z,Seattle Mariners,Los Angeles Angels,betrivers,alternate_totals,Over,10.5,4.2
2026-09-25T01:14:15Z,closing,4984d3511b9db396e1a2c120b9623bbb,2026-09-25T01:41:00Z,Seattle Mariners,Los Angeles Angels,betrivers,alternate_totals,Over,11.0,4.8
2026-09-25T01:14:15Z,closing,4984d3511b9db396e1a2c120b9623bbb,2026-09-25T01:41:00Z,Seattle Mariners,Los Angeles Angels,betrivers,alternate_totals,Over,9.5,3.4
2026-09-25T01:14:15Z,closing,4984d3511b9db396e1a2c120b9623bbb,2026-09-25T01:41:00Z,Seattle Mariners,Los Angeles Angels,betrivers,alternate_totals,Over,5.0,1.28
2026-09-25T01:14:15Z,closing,4984d3511b9db396e1a2c120b9623bbb,2026-09-25T01:41:00Z,Seattle Mariners,Los Angeles Angels,betrivers,alternate_totals,Over,6.0,1.51
2026-09-25T01:14:15Z,closing,4984d3511b9db396e1a2c120b9623bbb,2026-09-25T01:41:00Z,Seattle Mariners,Los Angeles Angels,betrivers,alternate_totals,Over,5.5,1.49
2026-09-25T01:14:15Z,closing,4984d3511b9db396e1a2c120b9623bbb,2026-09-25T01:41:00Z,Seattle Mariners,Los Angeles Angels,betrivers,alternate_totals,Over,10.0,3.7
2026-09-25T01:14:15Z,closing,4984d3511b9db396e1a2c120b9623bbb,2026-09-25T01:41:00Z,Seattle Mariners,Los Angeles Angels,betrivers,alternate_totals,Over,9.0,2.9
2026-09-25T01:14:15Z,closing,4984d3511b9db396e1a2c120b9623bbb,2026-09-25T01:41:00Z,Seattle Mariners,Los Angeles Angels,betrivers,alternate_totals,Over,8.0,2.25
2026-09-25T01:14:15Z,closing,4984d3511b9db396e1a2c120b9623bbb,2026-09-25T01:41:00Z,Seattle Mariners,Los Angeles Angels,betrivers,alternate_totals,Over,6.5,1.71
2026-09-25T01:14:15Z,closing,4984d3511b9db396e1a2c120b9623bbb,2026-09-25T01:41:00Z,Seattle Mariners,Los Angeles Angels,betrivers,alternate_totals,Over,7.5,2.12
2026-09-25T01:14:15Z,closing,4984d3511b9db396e1a2c120b9623bbb,2026-09-25T01:41:00Z,Seattle Mariners,Los Angeles Angels,betrivers,alternate_totals,Over,8.5,2.55
2026-09-25T01:14:15Z,closing,4984d3511b9db396e1a2c120b9623bbb,2026-09-25T01:41:00Z,Seattle Mariners,Los Angeles Angels,betrivers,alternate_totals,Under,7.0,1.85
2026-09-25T01:14:15Z,closing,4984d3511b9db396e1a2c120b9623bbb,2026-09-25T01:41:00Z,Seattle Mariners,Los Angeles Angels,betrivers,alternate_totals,Under,4.5,3.9
2026-09-25T01:14:15Z,closing,4984d3511b9db396e1a2c120b9623bbb,2026-09-25T01:41:00Z,Seattle Mariners,Los Angeles Angels,betrivers,alternate_totals,Under,10.5,1.23
2026-09-25T01:14:15Z,closing,4984d3511b9db396e1a2c120b9623bbb,2026-09-25T01:41:00Z,Seattle Mariners,Los Angeles Angels,betrivers,alternate_totals,Under,11.0,1.14
2026-09-25T01:14:15Z,closing,4984d3511b9db396e1a2c120b9623bbb,2026-09-25T01:41:00Z,Seattle Mariners,Los Angeles Angels,betrivers,alternate_totals,Under,9.5,1.33
2026-09-25T01:14:15Z,closing,4984d3511b9db396e1a2c120b9623bbb,2026-09-25T01:41:00Z,Seattle Mariners,Los Angeles Angels,betrivers,alternate_totals,Under,5.0,3.25
2026-09-25T01:14:15Z,closing,4984d3511b9db396e1a2c120b9623bbb,2026-09-25T01:41:00Z,Seattle Mariners,Los Angeles Angels,betrivers,alternate_totals,Under,6.0,2.33
2026-09-25T01:14:15Z,closing,4984d3511b9db396e1a2c120b9623bbb,2026-09-25T01:41:00Z,Seattle Mariners,Los Angeles Angels,betrivers,alternate_totals,Under,5.5,2.65
2026-09-25T01:14:15Z,closing,4984d3511b9db396e1a2c120b9623bbb,2026-09-25T01:41:00Z,Seattle Mariners,Los Angeles Angels,betrivers,alternate_totals,Under,10.0,1.23
2026-09-25T01:14:15Z,closing,4984d3511b9db396e1a2c120b9623bbb,2026-09-25T01:41:00Z,Seattle Mariners,Los Angeles Angels,betrivers,alternate_totals,Under,9.0,1.34
2026-09-25T01:14:15Z,closing,4984d3511b9db396e1a2c120b9623bbb,2026-09-25T01:41:00Z,Seattle Mariners,Los Angeles Angels,betrivers,alternate_totals,Under,8.0,1.55
2026-09-25T01:14:15Z,closing,4984d3511b9db396e1a2c120b9623bbb,2026-09-25T01:41:00Z,Seattle Mariners,Los Angeles Angels,betrivers,alternate_totals,Under,6.5,2.17
2026-09-25T01:14:15Z,closing,4984d3511b9db396e1a2c120b9623bbb,2026-09-25T01:41:00Z,Seattle Mariners,Los Angeles Angels,betrivers,alternate_totals,Under,7.5,1.73
2026-09-25T01:14:15Z,closing,4984d3511b9db396e1a2c120b9623bbb,2026-09-25T01:41:00Z,Seattle Mariners,Los Angeles Angels,betrivers,alternate_totals,Under,8.5,1.51
2026-09-25T01:14:15Z,closing,4984d3511b9db396e1a2c120b9623bbb,2026-09-25T01:41:00Z,Seattle Mariners,Los Angeles Angels,betmgm,alternate_spreads,Los Angeles Angels,2.5,1.43
2026-09-25T01:14:15Z,closing,4984d3511b9db396e1a2c120b9623bbb,2026-09-25T01:41:00Z,Seattle Mariners,Los Angeles Angels,betmgm,alternate_spreads,Los Angeles Angels,1.5,1.74
2026-09-25T01:14:15Z,closing,4984d3511b9db396e1a2c120b9623bbb,2026-09-25T01:41:00Z,Seattle Mariners,Los Angeles Angels,betmgm,alternate_spreads,Los Angeles Angels,-1.5,3.7
2026-09-25T01:14:15Z,closing,4984d3511b9db396e1a2c120b9623bbb,2026-09-25T01:41:00Z,Seattle Mariners,Los Angeles Angels,betmgm,alternate_spreads,Los Angeles Angels,-2.5,5.0
2026-09-25T01:14:15Z,closing,4984d3511b9db396e1a2c120b9623bbb,2026-09-25T01:41:00Z,Seattle Mariners,Los Angeles Angels,betmgm,alternate_spreads,Los Angeles Angels,4.5,1.15
2026-09-25T01:14:15Z,closing,4984d3511b9db396e1a2c120b9623bbb,2026-09-25T01:41:00Z,Seattle Mariners,Los Angeles Angels,betmgm,alternate_spreads,Los Angeles Angels,3.5,1.25
2026-09-25T01:14:15Z,closing,4984d3511b9db396e1a2c120b9623bbb,2026-09-25T01:41:00Z,Seattle Mariners,Los Angeles Angels,betmgm,alternate_spreads,Seattle Mariners,-2.5,2.75
2026-09-25T01:14:15Z,closing,4984d3511b9db396e1a2c120b9623bbb,2026-09-25T01:41:00Z,Seattle Mariners,Los Angeles Angels,betmgm,alternate_spreads,Seattle Mariners,-1.5,2.1
2026-09-25T01:14:15Z,closing,4984d3511b9db396e1a2c120b9623bbb,2026-09-25T01:41:00Z,Seattle Mariners,Los Angeles Angels,betmgm,alternate_spreads,Seattle Mariners,1.5,1.27
2026-09-25T01:14:15Z,closing,4984d3511b9db396e1a2c120b9623bbb,2026-09-25T01:41:00Z,Seattle Mariners,Los Angeles Angels,betmgm,alternate_spreads,Seattle Mariners,2.5,1.15
2026-09-25T01:14:15Z,closing,4984d3511b9db396e1a2c120b9623bbb,2026-09-25T01:41:00Z,Seattle Mariners,Los Angeles Angels,betmgm,alternate_spreads,Seattle Mariners,-4.5,5.0
2026-09-25T01:14:15Z,closing,4984d3511b9db396e1a2c120b9623bbb,2026-09-25T01:41:00Z,Seattle Mariners,Los Angeles Angels,betmgm,alternate_spreads,Seattle Mariners,-3.5,3.8
2026-09-25T01:14:15Z,closing,4984d3511b9db396e1a2c120b9623bbb,2026-09-25T01:41:00Z,Seattle Mariners,Los Angeles Angels,betmgm,alternate_totals,Over,3.5,1.13
2026-09-25T01:14:15Z,closing,4984d3511b9db396e1a2c120b9623bbb,2026-09-25T01:41:00Z,Seattle Mariners,Los Angeles Angels,betmgm,alternate_totals,Over,4.0,1.14
2026-09-25T01:14:15Z,closing,4984d3511b9db396e1a2c120b9623bbb,2026-09-25T01:41:00Z,Seattle Mariners,Los Angeles Angels,betmgm,alternate_totals,Over,4.5,1.22
2026-09-25T01:14:15Z,closing,4984d3511b9db396e1a2c120b9623bbb,2026-09-25T01:41:00Z,Seattle Mariners,Los Angeles Angels,betmgm,alternate_totals,Over,5.0,1.29
2026-09-25T01:14:15Z,closing,4984d3511b9db396e1a2c120b9623bbb,2026-09-25T01:41:00Z,Seattle Mariners,Los Angeles Angels,betmgm,alternate_totals,Over,5.5,1.45
2026-09-25T01:14:15Z,closing,4984d3511b9db396e1a2c120b9623bbb,2026-09-25T01:41:00Z,Seattle Mariners,Los Angeles Angels,betmgm,alternate_totals,Over,6.0,1.54
2026-09-25T01:14:15Z,closing,4984d3511b9db396e1a2c120b9623bbb,2026-09-25T01:41:00Z,Seattle Mariners,Los Angeles Angels,betmgm,alternate_totals,Over,6.5,1.69
2026-09-25T01:14:15Z,closing,4984d3511b9db396e1a2c120b9623bbb,2026-09-25T01:41:00Z,Seattle Mariners,Los Angeles Angels,betmgm,alternate_totals,Over,7.0,2.0
2026-09-25T01:14:15Z,closing,4984d3511b9db396e1a2c120b9623bbb,2026-09-25T01:41:00Z,Seattle Mariners,Los Angeles Angels,betmgm,alternate_totals,Over,7.5,2.3
2026-09-25T01:14:15Z,closing,4984d3511b9db396e1a2c120b9623bbb,2026-09-25T01:41:00Z,Seattle Mariners,Los Angeles Angels,betmgm,alternate_totals,Over,8.0,2.6
2026-09-25T01:14:15Z,closing,4984d3511b9db396e1a2c120b9623bbb,2026-09-25T01:41:00Z,Seattle Mariners,Los Angeles Angels,betmgm,alternate_totals,Over,8.5,2.8
2026-09-25T01:14:15Z,closing,4984d3511b9db396e1a2c120b9623bbb,2026-09-25T01:41:00Z,Seattle Mariners,Los Angeles Angels,betmgm,alternate_totals,Over,9.0,3.5
2026-09-25T01:14:15Z,closing,4984d3511b9db396e1a2c120b9623bbb,2026-09-25T01:41:00Z,Seattle Mariners,Los Angeles Angels,betmgm,alternate_totals,Over,9.5,3.75
2026-09-25T01:14:15Z,closing,4984d3511b9db396e1a2c120b9623bbb,2026-09-25T01:41:00Z,Seattle Mariners,Los Angeles Angels,betmgm,alternate_totals,Over,10.0,4.4
2026-09-25T01:14:15Z,closing,4984d3511b9db396e1a2c120b9623bbb,2026-09-25T01:41:00Z,Seattle Mariners,Los Angeles Angels,betmgm,alternate_totals,Over,10.5,4.6
2026-09-25T01:14:15Z,closing,4984d3511b9db396e1a2c120b9623bbb,2026-09-25T01:41:00Z,Seattle Mariners,Los Angeles Angels,betmgm,alternate_totals,Over,11.0,6.0
2026-09-25T01:14:15Z,closing,4984d3511b9db396e1a2c120b9623bbb,2026-09-25T01:41:00Z,Seattle Mariners,Los Angeles Angels,betmgm,alternate_totals,Over,11.5,6.25
2026-09-25T01:14:15Z,closing,4984d3511b9db396e1a2c120b9623bbb,2026-09-25T01:41:00Z,Seattle Mariners,Los Angeles Angels,betmgm,alternate_totals,Over,12.0,7.5
2026-09-25T01:14:15Z,closing,4984d3511b9db396e1a2c120b9623bbb,2026-09-25T01:41:00Z,Seattle Mariners,Los Angeles Angels,betmgm,alternate_totals,Over,12.5,7.75
2026-09-25T01:14:15Z,closing,4984d3511b9db396e1a2c120b9623bbb,2026-09-25T01:41:00Z,Seattle Mariners,Los Angeles Angels,betmgm,alternate_totals,Over,3.0,1.04
2026-09-25T01:14:15Z,closing,4984d3511b9db396e1a2c120b9623bbb,2026-09-25T01:41:00Z,Seattle Mariners,Los Angeles Angels,betmgm,alternate_totals,Over,2.5,1.04
2026-09-25T01:14:15Z,closing,4984d3511b9db396e1a2c120b9623bbb,2026-09-25T01:41:00Z,Seattle Mariners,Los Angeles Angels,betmgm,alternate_totals,Over,1.5,1.01
2026-09-25T01:14:15Z,closing,4984d3511b9db396e1a2c120b9623bbb,2026-09-25T01:41:00Z,Seattle Mariners,Los Angeles Angels,betmgm,alternate_totals,Over,2.0,1.01
2026-09-25T01:14:15Z,closing,4984d3511b9db396e1a2c120b9623bbb,2026-09-25T01:41:00Z,Seattle Mariners,Los Angeles Angels,betmgm,alternate_totals,Under,3.5,5.5
2026-09-25T01:14:15Z,closing,4984d3511b9db396e1a2c120b9623bbb,2026-09-25T01:41:00Z,Seattle Mariners,Los Angeles Angels,betmgm,alternate_totals,Under,4.0,5.25
2026-09-25T01:14:15Z,closing,4984d3511b9db396e1a2c120b9623bbb,2026-09-25T01:41:00Z,Seattle Mariners,Los Angeles Angels,betmgm,alternate_totals,Under,4.5,4.0
2026-09-25T01:14:15Z,closing,4984d3511b9db396e1a2c120b9623bbb,2026-09-25T01:41:00Z,Seattle Mariners,Los Angeles Angels,betmgm,alternate_totals,Under,5.0,3.5
2026-09-25T01:14:15Z,closing,4984d3511b9db396e1a2c120b9623bbb,2026-09-25T01:41:00Z,Seattle Mariners,Los Angeles Angels,betmgm,alternate_totals,Under,5.5,2.65
2026-09-25T01:14:15Z,closing,4984d3511b9db396e1a2c120b9623bbb,2026-09-25T01:41:00Z,Seattle Mariners,Los Angeles Angels,betmgm,alternate_totals,Under,6.0,2.4
2026-09-25T01:14:15Z,closing,4984d3511b9db396e1a2c120b9623bbb,2026-09-25T01:41:00Z,Seattle Mariners,Los Angeles Angels,betmgm,alternate_totals,Under,6.5,2.1
2026-09-25T01:14:15Z,closing,4984d3511b9db396e1a2c120b9623bbb,2026-09-25T01:41:00Z,Seattle Mariners,Los Angeles Angels,betmgm,alternate_totals,Under,7.0,1.83
2026-09-25T01:14:15Z,closing,4984d3511b9db396e1a2c120b9623bbb,2026-09-25T01:41:00Z,Seattle Mariners,Los Angeles Angels,betmgm,alternate_totals,Under,7.5,1.59
2026-09-25T01:14:15Z,closing,4984d3511b9db396e1a2c120b9623bbb,2026-09-25T01:41:00Z,Seattle Mariners,Los Angeles Angels,betmgm,alternate_totals,Under,8.0,1.48
2026-09-25T01:14:15Z,closing,4984d3511b9db396e1a2c120b9623bbb,2026-09-25T01:41:00Z,Seattle Mariners,Los Angeles Angels,betmgm,alternate_totals,Under,8.5,1.43
2026-09-25T01:14:15Z,closing,4984d3511b9db396e1a2c120b9623bbb,2026-09-25T01:41:00Z,Seattle Mariners,Los Angeles Angels,betmgm,alternate_totals,Under,9.0,1.29
2026-09-25T01:14:15Z,closing,4984d3511b9db396e1a2c120b9623bbb,2026-09-25T01:41:00Z,Seattle Mariners,Los Angeles Angels,betmgm,alternate_totals,Under,9.5,1.25
2026-09-25T01:14:15Z,closing,4984d3511b9db396e1a2c120b9623bbb,2026-09-25T01:41:00Z,Seattle Mariners,Los Angeles Angels,betmgm,alternate_totals,Under,10.0,1.19
2026-09-25T01:14:15Z,closing,4984d3511b9db396e1a2c120b9623bbb,2026-09-25T01:41:00Z,Seattle Mariners,Los Angeles Angels,betmgm,alternate_totals,Under,10.5,1.18
2026-09-25T01:14:15Z,closing,4984d3511b9db396e1a2c120b9623bbb,2026-09-25T01:41:00Z,Seattle Mariners,Los Angeles Angels,betmgm,alternate_totals,Under,11.0,1.11
2026-09-25T01:14:15Z,closing,4984d3511b9db396e1a2c120b9623bbb,2026-09-25T01:41:00Z,Seattle Mariners,Los Angeles Angels,betmgm,alternate_totals,Under,11.5,1.11
2026-09-25T01:14:15Z,closing,4984d3511b9db396e1a2c120b9623bbb,2026-09-25T01:41:00Z,Seattle Mariners,Los Angeles Angels,betmgm,alternate_totals,Under,12.0,1.07
2026-09-25T01:14:15Z,closing,4984d3511b9db396e1a2c120b9623bbb,2026-09-25T01:41:00Z,Seattle Mariners,Los Angeles Angels,betmgm,alternate_totals,Under,12.5,1.07
2026-09-25T01:14:15Z,closing,4984d3511b9db396e1a2c120b9623bbb,2026-09-25T01:41:00Z,Seattle Mariners,Los Angeles Angels,betmgm,alternate_totals,Under,3.0,9.5
2026-09-25T01:14:15Z,closing,4984d3511b9db396e1a2c120b9623bbb,2026-09-25T01:41:00Z,Seattle Mariners,Los Angeles Angels,betmgm,alternate_totals,Under,2.5,10.0
2026-09-25T01:14:15Z,closing,4984d3511b9db396e1a2c120b9623bbb,2026-09-25T01:41:00Z,Seattle Mariners,Los Angeles Angels,betmgm,alternate_totals,Under,1.5,15.0
2026-09-25T01:14:15Z,closing,4984d3511b9db396e1a2c120b9623bbb,2026-09-25T01:41:00Z,Seattle Mariners,Los Angeles Angels,betmgm,alternate_totals,Under,2.0,15.0
2026-09-25T01:14:15Z,closing,4984d3511b9db396e1a2c120b9623bbb,2026-09-25T01:41:00Z,Seattle Mariners,Los Angeles Angels,coolbet,alternate_spreads,Los Angeles Angels,-2.5,5.3
2026-09-25T01:14:15Z,closing,4984d3511b9db396e1a2c120b9623bbb,2026-09-25T01:41:00Z,Seattle Mariners,Los Angeles Angels,coolbet,alternate_spreads,Los Angeles Angels,-1.5,3.8
2026-09-25T01:14:15Z,closing,4984d3511b9db396e1a2c120b9623bbb,2026-09-25T01:41:00Z,Seattle Mariners,Los Angeles Angels,coolbet,alternate_spreads,Los Angeles Angels,1.5,1.76
2026-09-25T01:14:15Z,closing,4984d3511b9db396e1a2c120b9623bbb,2026-09-25T01:41:00Z,Seattle Mariners,Los Angeles Angels,coolbet,alternate_spreads,Los Angeles Angels,3.5,1.3
2026-09-25T01:14:15Z,closing,4984d3511b9db396e1a2c120b9623bbb,2026-09-25T01:41:00Z,Seattle Mariners,Los Angeles Angels,coolbet,alternate_spreads,Los Angeles Angels,2.5,1.48
2026-09-25T01:14:15Z,closing,4984d3511b9db396e1a2c120b9623bbb,2026-09-25T01:41:00Z,Seattle Mariners,Los Angeles Angels,coolbet,alternate_spreads,Seattle Mariners,2.5,1.16
2026-09-25T01:14:15Z,closing,4984d3511b9db396e1a2c120b9623bbb,2026-09-25T01:41:00Z,Seattle Mariners,Los Angeles Angels,coolbet,alternate_spreads,Seattle Mariners,1.5,1.27
2026-09-25T01:14:15Z,closing,4984d3511b9db396e1a2c120b9623bbb,2026-09-25T01:41:00Z,Seattle Mariners,Los Angeles Angels,coolbet,alternate_spreads,Seattle Mariners,-1.5,2.08
2026-09-25T01:14:15Z,closing,4984d3511b9db396e1a2c120b9623bbb,2026-09-25T01:41:00Z,Seattle Mariners,Los Angeles Angels,coolbet,alternate_spreads,Seattle Mariners,-3.5,3.5
2026-09-25T01:14:15Z,closing,4984d3511b9db396e1a2c120b9623bbb,2026-09-25T01:41:00Z,Seattle Mariners,Los Angeles Angels,coolbet,alternate_spreads,Seattle Mariners,-2.5,2.67
2026-09-25T01:14:15Z,closing,4984d3511b9db396e1a2c120b9623bbb,2026-09-25T01:41:00Z,Seattle Mariners,Los Angeles Angels,coolbet,alternate_totals,Over,5.5,1.5
2026-09-25T01:14:15Z,closing,4984d3511b9db396e1a2c120b9623bbb,2026-09-25T01:41:00Z,Seattle Mariners,Los Angeles Angels,coolbet,alternate_totals,Over,6.0,1.59
2026-09-25T01:14:15Z,closing,4984d3511b9db396e1a2c120b9623bbb,2026-09-25T01:41:00Z,Seattle Mariners,Los Angeles Angels,coolbet,alternate_totals,Over,8.5,2.6
2026-09-25T01:14:15Z,closing,4984d3511b9db396e1a2c120b9623bbb,2026-09-25T01:41:00Z,Seattle Mariners,Los Angeles Angels,coolbet,alternate_totals,Over,7.5,2.17
2026-09-25T01:14:15Z,closing,4984d3511b9db396e1a2c120b9623bbb,2026-09-25T01:41:00Z,Seattle Mariners,Los Angeles Angels,coolbet,alternate_totals,Over,8.0,2.42
2026-09-25T01:14:15Z,closing,4984d3511b9db396e1a2c120b9623bbb,2026-09-25T01:41:00Z,Seattle Mariners,Los Angeles Angels,coolbet,alternate_totals,Over,7.0,1.92
2026-09-25T01:14:15Z,closing,4984d3511b9db396e1a2c120b9623bbb,2026-09-25T01:41:00Z,Seattle Mariners,Los Angeles Angels,coolbet,alternate_totals,Over,6.5,1.73
2026-09-25T01:14:15Z,closing,4984d3511b9db396e1a2c120b9623bbb,2026-09-25T01:41:00Z,Seattle Mariners,Los Angeles Angels,coolbet,alternate_totals,Under,5.5,2.6
2026-09-25T01:14:15Z,closing,4984d3511b9db396e1a2c120b9623bbb,2026-09-25T01:41:00Z,Seattle Mariners,Los Angeles Angels,coolbet,alternate_totals,Under,6.0,2.37
2026-09-25T01:14:15Z,closing,4984d3511b9db396e1a2c120b9623bbb,2026-09-25T01:41:00Z,Seattle Mariners,Los Angeles Angels,coolbet,alternate_totals,Under,8.5,1.5
2026-09-25T01:14:15Z,closing,4984d3511b9db396e1a2c120b9623bbb,2026-09-25T01:41:00Z,Seattle Mariners,Los Angeles Angels,coolbet,alternate_totals,Under,7.5,1.7
2026-09-25T01:14:15Z,closing,4984d3511b9db396e1a2c120b9623bbb,2026-09-25T01:41:00Z,Seattle Mariners,Los Angeles Angels,coolbet,alternate_totals,Under,8.0,1.57
2026-09-25T01:14:15Z,closing,4984d3511b9db396e1a2c120b9623bbb,2026-09-25T01:41:00Z,Seattle Mariners,Los Angeles Angels,coolbet,alternate_totals,Under,7.0,1.89
2026-09-25T01:14:15Z,closing,4984d3511b9db396e1a2c120b9623bbb,2026-09-25T01:41:00Z,Seattle Mariners,Los Angeles Angels,coolbet,alternate_totals,Under,6.5,2.12
2026-09-25T01:14:15Z,closing,4984d3511b9db396e1a2c120b9623bbb,2026-09-25T01:41:00Z,Seattle Mariners,Los Angeles Angels,pinnacle,alternate_spreads,Los Angeles Angels,1.5,1.77
2026-09-25T01:14:15Z,closing,4984d3511b9db396e1a2c120b9623bbb,2026-09-25T01:41:00Z,Seattle Mariners,Los Angeles Angels,pinnacle,alternate_spreads,Los Angeles Angels,-1.5,3.74
2026-09-25T01:14:15Z,closing,4984d3511b9db396e1a2c120b9623bbb,2026-09-25T01:41:00Z,Seattle Mariners,Los Angeles Angels,pinnacle,alternate_spreads,Los Angeles Angels,-1.0,3.37
2026-09-25T01:14:15Z,closing,4984d3511b9db396e1a2c120b9623bbb,2026-09-25T01:41:00Z,Seattle Mariners,Los Angeles Angels,pinnacle,alternate_spreads,Los Angeles Angels,1.0,2.16
2026-09-25T01:14:15Z,closing,4984d3511b9db396e1a2c120b9623bbb,2026-09-25T01:41:00Z,Seattle Mariners,Los Angeles Angels,pinnacle,alternate_spreads,Los Angeles Angels,2.0,1.56
2026-09-25T01:14:15Z,closing,4984d3511b9db396e1a2c120b9623bbb,2026-09-25T01:41:00Z,Seattle Mariners,Los Angeles Angels,pinnacle,alternate_spreads,Los Angeles Angels,2.5,1.45
2026-09-25T01:14:15Z,closing,4984d3511b9db396e1a2c120b9623bbb,2026-09-25T01:41:00Z,Seattle Mariners,Los Angeles Angels,pinnacle,alternate_spreads,Los Angeles Angels,3.0,1.31
2026-09-25T01:14:15Z,closing,4984d3511b9db396e1a2c120b9623bbb,2026-09-25T01:41:00Z,Seattle Mariners,Los Angeles Angels,pinnacle,alternate_spreads,Seattle Mariners,-1.5,2.17
2026-09-25T01:14:15Z,closing,4984d3511b9db396e1a2c120b9623bbb,2026-09-25T01:41:00Z,Seattle Mariners,Los Angeles Angels,pinnacle,alternate_spreads,Seattle Mariners,1.5,1.28
2026-09-25T01:14:15Z,closing,4984d3511b9db396e1a2c120b9623bbb,2026-09-25T01:41:00Z,Seattle Mariners,Los Angeles Angels,pinnacle,alternate_spreads,Seattle Mariners,1.0,1.34
2026-09-25T01:14:15Z,closing,4984d3511b9db396e1a2c120b9623bbb,2026-09-25T01:41:00Z,Seattle Mariners,Los Angeles Angels,pinnacle,alternate_spreads,Seattle Mariners,-1.0,1.76
2026-09-25T01:14:15Z,closing,4984d3511b9db396e1a2c120b9623bbb,2026-09-25T01:41:00Z,Seattle Mariners,Los Angeles Angels,pinnacle,alternate_spreads,Seattle Mariners,-2.0,2.56
2026-09-25T01:14:15Z,closing,4984d3511b9db396e1a2c120b9623bbb,2026-09-25T01:41:00Z,Seattle Mariners,Los Angeles Angels,pinnacle,alternate_spreads,Seattle Mariners,-2.5,2.86
2026-09-25T01:14:15Z,closing,4984d3511b9db396e1a2c120b9623bbb,2026-09-25T01:41:00Z,Seattle Mariners,Los Angeles Angels,pinnacle,alternate_spreads,Seattle Mariners,-3.0,3.53
2026-09-25T01:14:15Z,closing,4984d3511b9db396e1a2c120b9623bbb,2026-09-25T01:41:00Z,Seattle Mariners,Los Angeles Angels,pinnacle,alternate_totals,Over,7.0,1.98
2026-09-25T01:14:15Z,closing,4984d3511b9db396e1a2c120b9623bbb,2026-09-25T01:41:00Z,Seattle Mariners,Los Angeles Angels,pinnacle,alternate_totals,Over,5.5,1.49
2026-09-25T01:14:15Z,closing,4984d3511b9db396e1a2c120b9623bbb,2026-09-25T01:41:00Z,Seattle Mariners,Los Angeles Angels,pinnacle,alternate_totals,Over,6.0,1.59
2026-09-25T01:14:15Z,closing,4984d3511b9db396e1a2c120b9623bbb,2026-09-25T01:41:00Z,Seattle Mariners,Los Angeles Angels,pinnacle,alternate_totals,Over,6.5,1.75
2026-09-25T01:14:15Z,closing,4984d3511b9db396e1a2c120b9623bbb,2026-09-25T01:41:00Z,Seattle Mariners,Los Angeles Angels,pinnacle,alternate_totals,Over,7.5,2.24
2026-09-25T01:14:15Z,closing,4984d3511b9db396e1a2c120b9623bbb,2026-09-25T01:41:00Z,Seattle Mariners,Los Angeles Angels,pinnacle,alternate_totals,Over,8.0,2.5
2026-09-25T01:14:15Z,closing,4984d3511b9db396e1a2c120b9623bbb,2026-09-25T01:41:00Z,Seattle Mariners,Los Angeles Angels,pinnacle,alternate_totals,Over,8.5,2.68
2026-09-25T01:14:15Z,closing,4984d3511b9db396e1a2c120b9623bbb,2026-09-25T01:41:00Z,Seattle Mariners,Los Angeles Angels,pinnacle,alternate_totals,Under,7.0,1.91
2026-09-25T01:14:15Z,closing,4984d3511b9db396e1a2c120b9623bbb,2026-09-25T01:41:00Z,Seattle Mariners,Los Angeles Angels,pinnacle,alternate_totals,Under,5.5,2.69
2026-09-25T01:14:15Z,closing,4984d3511b9db396e1a2c120b9623bbb,2026-09-25T01:41:00Z,Seattle Mariners,Los Angeles Angels,pinnacle,alternate_totals,Under,6.0,2.46
2026-09-25T01:14:15Z,closing,4984d3511b9db396e1a2c120b9623bbb,2026-09-25T01:41:00Z,Seattle Mariners,Los Angeles Angels,pinnacle,alternate_totals,Under,6.5,2.16
2026-09-25T01:14:15Z,closing,4984d3511b9db396e1a2c120b9623bbb,2026-09-25T01:41:00Z,Seattle Mariners,Los Angeles Angels,pinnacle,alternate_totals,Under,7.5,1.7
2026-09-25T01:14:15Z,closing,4984d3511b9db396e1a2c120b9623bbb,2026-09-25T01:41:00Z,Seattle Mariners,Los Angeles Angels,pinnacle,alternate_totals,Under,8.0,1.57
2026-09-25T01:14:15Z,closing,4984d3511b9db396e1a2c120b9623bbb,2026-09-25T01:41:00Z,Seattle Mariners,Los Angeles Angels,pinnacle,alternate_totals,Under,8.5,1.5
2026-09-25T01:41:49Z,closing,a44be11545d471429fd459d4c5740006,2026-09-25T02:11:00Z,Los Angeles Dodgers,San Diego Padres,fanduel,h2h,Los Angeles Dodgers,,1.57
2026-09-25T01:41:49Z,closing,a44be11545d471429fd459d4c5740006,2026-09-25T02:11:00Z,Los Angeles Dodgers,San Diego Padres,fanduel,h2h,San Diego Padres,,2.46
2026-09-25T01:41:49Z,closing,a44be11545d471429fd459d4c5740006,2026-09-25T02:11:00Z,Los Angeles Dodgers,San Diego Padres,fanduel,spreads,Los Angeles Dodgers,-1.5,2.26
2026-09-25T01:41:49Z,closing,a44be11545d471429fd459d4c5740006,2026-09-25T02:11:00Z,Los Angeles Dodgers,San Diego Padres,fanduel,spreads,San Diego Padres,1.5,1.66
2026-09-25T01:41:49Z,closing,a44be11545d471429fd459d4c5740006,2026-09-25T02:11:00Z,Los Angeles Dodgers,San Diego Padres,fanduel,totals,Over,7.5,1.82
2026-09-25T01:41:49Z,closing,a44be11545d471429fd459d4c5740006,2026-09-25T02:11:00Z,Los Angeles Dodgers,San Diego Padres,fanduel,totals,Under,7.5,2.0
2026-09-25T01:41:49Z,closing,a44be11545d471429fd459d4c5740006,2026-09-25T02:11:00Z,Los Angeles Dodgers,San Diego Padres,betsson,h2h,Los Angeles Dodgers,,1.58
2026-09-25T01:41:49Z,closing,a44be11545d471429fd459d4c5740006,2026-09-25T02:11:00Z,Los Angeles Dodgers,San Diego Padres,betsson,h2h,San Diego Padres,,2.37
2026-09-25T01:41:49Z,closing,a44be11545d471429fd459d4c5740006,2026-09-25T02:11:00Z,Los Angeles Dodgers,San Diego Padres,betsson,spreads,Los Angeles Dodgers,-1.5,2.17
2026-09-25T01:41:49Z,closing,a44be11545d471429fd459d4c5740006,2026-09-25T02:11:00Z,Los Angeles Dodgers,San Diego Padres,betsson,spreads,San Diego Padres,1.5,1.66
2026-09-25T01:41:49Z,closing,a44be11545d471429fd459d4c5740006,2026-09-25T02:11:00Z,Los Angeles Dodgers,San Diego Padres,betsson,totals,Over,8.0,1.9
2026-09-25T01:41:49Z,closing,a44be11545d471429fd459d4c5740006,2026-09-25T02:11:00Z,Los Angeles Dodgers,San Diego Padres,betsson,totals,Under,8.0,1.86
2026-09-25T01:41:49Z,closing,a44be11545d471429fd459d4c5740006,2026-09-25T02:11:00Z,Los Angeles Dodgers,San Diego Padres,draftkings,h2h,Los Angeles Dodgers,,1.58
2026-09-25T01:41:49Z,closing,a44be11545d471429fd459d4c5740006,2026-09-25T02:11:00Z,Los Angeles Dodgers,San Diego Padres,draftkings,h2h,San Diego Padres,,2.42
2026-09-25T01:41:49Z,closing,a44be11545d471429fd459d4c5740006,2026-09-25T02:11:00Z,Los Angeles Dodgers,San Diego Padres,draftkings,spreads,Los Angeles Dodgers,-1.5,2.29
2026-09-25T01:41:49Z,closing,a44be11545d471429fd459d4c5740006,2026-09-25T02:11:00Z,Los Angeles Dodgers,San Diego Padres,draftkings,spreads,San Diego Padres,1.5,1.65
2026-09-25T01:41:49Z,closing,a44be11545d471429fd459d4c5740006,2026-09-25T02:11:00Z,Los Angeles Dodgers,San Diego Padres,draftkings,totals,Over,7.5,1.85
2026-09-25T01:41:49Z,closing,a44be11545d471429fd459d4c5740006,2026-09-25T02:11:00Z,Los Angeles Dodgers,San Diego Padres,draftkings,totals,Under,7.5,1.97
2026-09-25T01:41:49Z,closing,a44be11545d471429fd459d4c5740006,2026-09-25T02:11:00Z,Los Angeles Dodgers,San Diego Padres,betmgm,h2h,Los Angeles Dodgers,,1.59
2026-09-25T01:41:49Z,closing,a44be11545d471429fd459d4c5740006,2026-09-25T02:11:00Z,Los Angeles Dodgers,San Diego Padres,betmgm,h2h,San Diego Padres,,2.4
2026-09-25T01:41:49Z,closing,a44be11545d471429fd459d4c5740006,2026-09-25T02:11:00Z,Los Angeles Dodgers,San Diego Padres,betmgm,spreads,Los Angeles Dodgers,-1.5,2.25
2026-09-25T01:41:49Z,closing,a44be11545d471429fd459d4c5740006,2026-09-25T02:11:00Z,Los Angeles Dodgers,San Diego Padres,betmgm,spreads,San Diego Padres,1.5,1.67
2026-09-25T01:41:49Z,closing,a44be11545d471429fd459d4c5740006,2026-09-25T02:11:00Z,Los Angeles Dodgers,San Diego Padres,betmgm,totals,Over,7.5,1.83
2026-09-25T01:41:49Z,closing,a44be11545d471429fd459d4c5740006,2026-09-25T02:11:00Z,Los Angeles Dodgers,San Diego Padres,betmgm,totals,Under,7.5,2.0
2026-09-25T01:41:49Z,closing,a44be11545d471429fd459d4c5740006,2026-09-25T02:11:00Z,Los Angeles Dodgers,San Diego Padres,pinnacle,h2h,Los Angeles Dodgers,,1.61
2026-09-25T01:41:49Z,closing,a44be11545d471429fd459d4c5740006,2026-09-25T02:11:00Z,Los Angeles Dodgers,San Diego Padres,pinnacle,h2h,San Diego Padres,,2.49
2026-09-25T01:41:49Z,closing,a44be11545d471429fd459d4c5740006,2026-09-25T02:11:00Z,Los Angeles Dodgers,San Diego Padres,pinnacle,spreads,Los Angeles Dodgers,-1.5,2.32
2026-09-25T01:41:49Z,closing,a44be11545d471429fd459d4c5740006,2026-09-25T02:11:00Z,Los Angeles Dodgers,San Diego Padres,pinnacle,spreads,San Diego Padres,1.5,1.68
2026-09-25T01:41:49Z,closing,a44be11545d471429fd459d4c5740006,2026-09-25T02:11:00Z,Los Angeles Dodgers,San Diego Padres,pinnacle,totals,Over,7.5,1.88
2026-09-25T01:41:49Z,closing,a44be11545d471429fd459d4c5740006,2026-09-25T02:11:00Z,Los Angeles Dodgers,San Diego Padres,pinnacle,totals,Under,7.5,2.02
2026-09-25T01:41:49Z,closing,a44be11545d471429fd459d4c5740006,2026-09-25T02:11:00Z,Los Angeles Dodgers,San Diego Padres,betrivers,h2h,Los Angeles Dodgers,,1.56
2026-09-25T01:41:49Z,closing,a44be11545d471429fd459d4c5740006,2026-09-25T02:11:00Z,Los Angeles Dodgers,San Diego Padres,betrivers,h2h,San Diego Padres,,2.45
2026-09-25T01:41:49Z,closing,a44be11545d471429fd459d4c5740006,2026-09-25T02:11:00Z,Los Angeles Dodgers,San Diego Padres,betrivers,spreads,Los Angeles Dodgers,-1.5,2.2
2026-09-25T01:41:49Z,closing,a44be11545d471429fd459d4c5740006,2026-09-25T02:11:00Z,Los Angeles Dodgers,San Diego Padres,betrivers,spreads,San Diego Padres,1.5,1.68
2026-09-25T01:41:49Z,closing,a44be11545d471429fd459d4c5740006,2026-09-25T02:11:00Z,Los Angeles Dodgers,San Diego Padres,betrivers,totals,Over,7.5,1.85
2026-09-25T01:41:49Z,closing,a44be11545d471429fd459d4c5740006,2026-09-25T02:11:00Z,Los Angeles Dodgers,San Diego Padres,betrivers,totals,Under,7.5,1.96
2026-09-25T01:41:49Z,closing,a44be11545d471429fd459d4c5740006,2026-09-25T02:11:00Z,Los Angeles Dodgers,San Diego Padres,matchbook,h2h,Los Angeles Dodgers,,1.64
2026-09-25T01:41:49Z,closing,a44be11545d471429fd459d4c5740006,2026-09-25T02:11:00Z,Los Angeles Dodgers,San Diego Padres,matchbook,h2h,San Diego Padres,,2.52
2026-09-25T01:41:49Z,closing,a44be11545d471429fd459d4c5740006,2026-09-25T02:11:00Z,Los Angeles Dodgers,San Diego Padres,matchbook,h2h_lay,Los Angeles Dodgers,,1.66
2026-09-25T01:41:49Z,closing,a44be11545d471429fd459d4c5740006,2026-09-25T02:11:00Z,Los Angeles Dodgers,San Diego Padres,matchbook,h2h_lay,San Diego Padres,,2.58
2026-09-25T01:41:49Z,closing,a44be11545d471429fd459d4c5740006,2026-09-25T02:11:00Z,Los Angeles Dodgers,San Diego Padres,matchbook,spreads,Los Angeles Dodgers,-1.5,2.4
2026-09-25T01:41:49Z,closing,a44be11545d471429fd459d4c5740006,2026-09-25T02:11:00Z,Los Angeles Dodgers,San Diego Padres,matchbook,spreads,San Diego Padres,1.5,1.66
2026-09-25T01:41:49Z,closing,a44be11545d471429fd459d4c5740006,2026-09-25T02:11:00Z,Los Angeles Dodgers,San Diego Padres,matchbook,totals,Over,7.5,1.84
2026-09-25T01:41:49Z,closing,a44be11545d471429fd459d4c5740006,2026-09-25T02:11:00Z,Los Angeles Dodgers,San Diego Padres,matchbook,totals,Under,7.5,2.06
2026-09-25T01:41:49Z,closing,a44be11545d471429fd459d4c5740006,2026-09-25T02:11:00Z,Los Angeles Dodgers,San Diego Padres,betfair_ex_eu,h2h,Los Angeles Dodgers,,1.64
2026-09-25T01:41:49Z,closing,a44be11545d471429fd459d4c5740006,2026-09-25T02:11:00Z,Los Angeles Dodgers,San Diego Padres,betfair_ex_eu,h2h,San Diego Padres,,2.5
2026-09-25T01:41:49Z,closing,a44be11545d471429fd459d4c5740006,2026-09-25T02:11:00Z,Los Angeles Dodgers,San Diego Padres,betfair_ex_eu,h2h_lay,Los Angeles Dodgers,,1.67
2026-09-25T01:41:49Z,closing,a44be11545d471429fd459d4c5740006,2026-09-25T02:11:00Z,Los Angeles Dodgers,San Diego Padres,betfair_ex_eu,h2h_lay,San Diego Padres,,2.58
2026-09-25T01:41:49Z,closing,a44be11545d471429fd459d4c5740006,2026-09-25T02:11:00Z,Los Angeles Dodgers,San Diego Padres,coolbet,h2h,Los Angeles Dodgers,,1.57
2026-09-25T01:41:49Z,closing,a44be11545d471429fd459d4c5740006,2026-09-25T02:11:00Z,Los Angeles Dodgers,San Diego Padres,coolbet,h2h,San Diego Padres,,2.42
2026-09-25T01:41:49Z,closing,a44be11545d471429fd459d4c5740006,2026-09-25T02:11:00Z,Los Angeles Dodgers,San Diego Padres,coolbet,spreads,Los Angeles Dodgers,-1.5,2.23
2026-09-25T01:41:49Z,closing,a44be11545d471429fd459d4c5740006,2026-09-25T02:11:00Z,Los Angeles Dodgers,San Diego Padres,coolbet,spreads,San Diego Padres,1.5,1.66
2026-09-25T01:41:49Z,closing,a44be11545d471429fd459d4c5740006,2026-09-25T02:11:00Z,Los Angeles Dodgers,San Diego Padres,coolbet,totals,Over,8.0,1.96
2026-09-25T01:41:49Z,closing,a44be11545d471429fd459d4c5740006,2026-09-25T02:11:00Z,Los Angeles Dodgers,San Diego Padres,coolbet,totals,Under,8.0,1.85
2026-09-25T01:41:49Z,closing,a44be11545d471429fd459d4c5740006,2026-09-25T02:11:00Z,Los Angeles Dodgers,San Diego Padres,fanduel,alternate_spreads,Los Angeles Dodgers,-8.5,15.0
2026-09-25T01:41:49Z,closing,a44be11545d471429fd459d4c5740006,2026-09-25T02:11:00Z,Los Angeles Dodgers,San Diego Padres,fanduel,alternate_spreads,Los Angeles Dodgers,-7.5,12.0
2026-09-25T01:41:49Z,closing,a44be11545d471429fd459d4c5740006,2026-09-25T02:11:00Z,Los Angeles Dodgers,San Diego Padres,fanduel,alternate_spreads,Los Angeles Dodgers,-6.5,9.3
2026-09-25T01:41:49Z,closing,a44be11545d471429fd459d4c5740006,2026-09-25T02:11:00Z,Los Angeles Dodgers,San Diego Padres,fanduel,alternate_spreads,Los Angeles Dodgers,-5.5,6.6
2026-09-25T01:41:49Z,closing,a44be11545d471429fd459d4c5740006,2026-09-25T02:11:00Z,Los Angeles Dodgers,San Diego Padres,fanduel,alternate_spreads,Los Angeles Dodgers,-4.5,5.2
2026-09-25T01:41:49Z,closing,a44be11545d471429fd459d4c5740006,2026-09-25T02:11:00Z,Los Angeles Dodgers,San Diego Padres,fanduel,alternate_spreads,Los Angeles Dodgers,-3.5,3.85
2026-09-25T01:41:49Z,closing,a44be11545d471429fd459d4c5740006,2026-09-25T02:11:00Z,Los Angeles Dodgers,San Diego Padres,fanduel,alternate_spreads,Los Angeles Dodgers,-2.5,2.96
2026-09-25T01:41:49Z,closing,a44be11545d471429fd459d4c5740006,2026-09-25T02:11:00Z,Los Angeles Dodgers,San Diego Padres,fanduel,alternate_spreads,Los Angeles Dodgers,-1.5,2.24
2026-09-25T01:41:49Z,closing,a44be11545d471429fd459d4c5740006,2026-09-25T02:11:00Z,Los Angeles Dodgers,San Diego Padres,fanduel,alternate_spreads,Los Angeles Dodgers,1.5,1.3
2026-09-25T01:41:49Z,closing,a44be11545d471429fd459d4c5740006,2026-09-25T02:11:00Z,Los Angeles Dodgers,San Diego Padres,fanduel,alternate_spreads,Los Angeles Dodgers,2.5,1.17
2026-09-25T01:41:49Z,closing,a44be11545d471429fd459d4c5740006,2026-09-25T02:11:00Z,Los Angeles Dodgers,San Diego Padres,fanduel,alternate_spreads,Los Angeles Dodgers,3.5,1.09
2026-09-25T01:41:49Z,closing,a44be11545d471429fd459d4c5740006,2026-09-25T02:11:00Z,Los Angeles Dodgers,San Diego Padres,fanduel,alternate_spreads,Los Angeles Dodgers,4.5,1.05
2026-09-25T01:41:49Z,closing,a44be11545d471429fd459d4c5740006,2026-09-25T02:11:00Z,Los Angeles Dodgers,San Diego Padres,fanduel,alternate_spreads,Los Angeles Dodgers,5.5,1.02
2026-09-25T01:41:49Z,closing,a44be11545d471429fd459d4c5740006,2026-09-25T02:11:00Z,Los Angeles Dodgers,San Diego Padres,fanduel,alternate_spreads,San Diego Padres,7.5,1.02
2026-09-25T01:41:49Z,closing,a44be11545d471429fd459d4c5740006,2026-09-25T02:11:00Z,Los Angeles Dodgers,San Diego Padres,fanduel,alternate_spreads,San Diego Padres,6.5,1.05
2026-09-25T01:41:49Z,closing,a44be11545d471429fd459d4c5740006,2026-09-25T02:11:00Z,Los Angeles Dodgers,San Diego Padres,fanduel,alternate_spreads,San Diego Padres,5.5,1.1
2026-09-25T01:41:49Z,closing,a44be11545d471429fd459d4c5740006,2026-09-25T02:11:00Z,Los Angeles Dodgers,San Diego Padres,fanduel,alternate_spreads,San Diego Padres,4.5,1.15
2026-09-25T01:41:49Z,closing,a44be11545d471429fd459d4c5740006,2026-09-25T02:11:00Z,Los Angeles Dodgers,San Diego Padres,fanduel,alternate_spreads,San Diego Padres,3.5,1.25
2026-09-25T01:41:49Z,closing,a44be11545d471429fd459d4c5740006,2026-09-25T02:11:00Z,Los Angeles Dodgers,San Diego Padres,fanduel,alternate_spreads,San Diego Padres,2.5,1.38
2026-09-25T01:41:49Z,closing,a44be11545d471429fd459d4c5740006,2026-09-25T02:11:00Z,Los Angeles Dodgers,San Diego Padres,fanduel,alternate_spreads,San Diego Padres,1.5,1.63
2026-09-25T01:41:49Z,closing,a44be11545d471429fd459d4c5740006,2026-09-25T02:11:00Z,Los Angeles Dodgers,San Diego Padres,fanduel,alternate_spreads,San Diego Padres,-1.5,3.4
2026-09-25T01:41:49Z,closing,a44be11545d471429fd459d4c5740006,2026-09-25T02:11:00Z,Los Angeles Dodgers,San Diego Padres,fanduel,alternate_spreads,San Diego Padres,-2.5,4.9
2026-09-25T01:41:49Z,closing,a44be11545d471429fd459d4c5740006,2026-09-25T02:11:00Z,Los Angeles Dodgers,San Diego Padres,fanduel,alternate_spreads,San Diego Padres,-3.5,7.0
2026-09-25T01:41:49Z,closing,a44be11545d471429fd459d4c5740006,2026-09-25T02:11:00Z,Los Angeles Dodgers,San Diego Padres,fanduel,alternate_spreads,San Diego Padres,-4.5,9.7
2026-09-25T01:41:49Z,closing,a44be11545d471429fd459d4c5740006,2026-09-25T02:11:00Z,Los Angeles Dodgers,San Diego Padres,fanduel,alternate_spreads,San Diego Padres,-5.5,13.0
2026-09-25T01:41:49Z,closing,a44be11545d471429fd459d4c5740006,2026-09-25T02:11:00Z,Los Angeles Dodgers,San Diego Padres,fanduel,alternate_spreads,San Diego Padres,-6.5,16.0
2026-09-25T01:41:49Z,closing,a44be11545d471429fd459d4c5740006,2026-09-25T02:11:00Z,Los Angeles Dodgers,San Diego Padres,fanduel,alternate_totals,Over,3.5,1.08
2026-09-25T01:41:49Z,closing,a44be11545d471429fd459d4c5740006,2026-09-25T02:11:00Z,Los Angeles Dodgers,San Diego Padres,fanduel,alternate_totals,Over,4.5,1.14
2026-09-25T01:41:49Z,closing,a44be11545d471429fd459d4c5740006,2026-09-25T02:11:00Z,Los Angeles Dodgers,San Diego Padres,fanduel,alternate_totals,Over,5.5,1.3
2026-09-25T01:41:49Z,closing,a44be11545d471429fd459d4c5740006,2026-09-25T02:11:00Z,Los Angeles Dodgers,San Diego Padres,fanduel,alternate_totals,Over,6.5,1.47
2026-09-25T01:41:49Z,closing,a44be11545d471429fd459d4c5740006,2026-09-25T02:11:00Z,Los Angeles Dodgers,San Diego Padres,fanduel,alternate_totals,Over,7.5,1.8
2026-09-25T01:41:49Z,closing,a44be11545d471429fd459d4c5740006,2026-09-25T02:11:00Z,Los Angeles Dodgers,San Diego Padres,fanduel,alternate_totals,Over,8.5,2.12
2026-09-25T01:41:49Z,closing,a44be11545d471429fd459d4c5740006,2026-09-25T02:11:00Z,Los Angeles Dodgers,San Diego Padres,fanduel,alternate_totals,Over,9.5,2.76
2026-09-25T01:41:49Z,closing,a44be11545d471429fd459d4c5740006,2026-09-25T02:11:00Z,Los Angeles Dodgers,San Diego Padres,fanduel,alternate_totals,Over,10.5,3.35
2026-09-25T01:41:49Z,closing,a44be11545d471429fd459d4c5740006,2026-09-25T02:11:00Z,Los Angeles Dodgers,San Diego Padres,fanduel,alternate_totals,Over,11.5,4.4
2026-09-25T01:41:49Z,closing,a44be11545d471429fd459d4c5740006,2026-09-25T02:11:00Z,Los Angeles Dodgers,San Diego Padres,fanduel,alternate_totals,Over,12.5,5.5
2026-09-25T01:41:49Z,closing,a44be11545d471429fd459d4c5740006,2026-09-25T02:11:00Z,Los Angeles Dodgers,San Diego Padres,fanduel,alternate_totals,Over,13.5,7.3
2026-09-25T01:41:49Z,closing,a44be11545d471429fd459d4c5740006,2026-09-25T02:11:00Z,Los Angeles Dodgers,San Diego Padres,fanduel,alternate_totals,Over,14.5,9.7
2026-09-25T01:41:49Z,closing,a44be11545d471429fd459d4c5740006,2026-09-25T02:11:00Z,Los Angeles Dodgers,San Diego Padres,fanduel,alternate_totals,Over,15.5,12.0
2026-09-25T01:41:49Z,closing,a44be11545d471429fd459d4c5740006,2026-09-25T02:11:00Z,Los Angeles Dodgers,San Diego Padres,fanduel,alternate_totals,Over,16.5,15.0
2026-09-25T01:41:49Z,closing,a44be11545d471429fd459d4c5740006,2026-09-25T02:11:00Z,Los Angeles Dodgers,San Diego Padres,fanduel,alternate_totals,Over,17.5,18.0
2026-09-25T01:41:49Z,closing,a44be11545d471429fd459d4c5740006,2026-09-25T02:11:00Z,Los Angeles Dodgers,San Diego Padres,fanduel,alternate_totals,Under,2.5,15.0
2026-09-25T01:41:49Z,closing,a44be11545d471429fd459d4c5740006,2026-09-25T02:11:00Z,Los Angeles Dodgers,San Diego Padres,fanduel,alternate_totals,Under,3.5,7.3
2026-09-25T01:41:49Z,closing,a44be11545d471429fd459d4c5740006,2026-09-25T02:11:00Z,Los Angeles Dodgers,San Diego Padres,fanduel,alternate_totals,Under,4.5,5.4
2026-09-25T01:41:49Z,closing,a44be11545d471429fd459d4c5740006,2026-09-25T02:11:00Z,Los Angeles Dodgers,San Diego Padres,fanduel,alternate_totals,Under,5.5,3.4
2026-09-25T01:41:49Z,closing,a44be11545d471429fd459d4c5740006,2026-09-25T02:11:00Z,Los Angeles Dodgers,San Diego Padres,fanduel,alternate_totals,Under,6.5,2.64
2026-09-25T01:41:49Z,closing,a44be11545d471429fd459d4c5740006,2026-09-25T02:11:00Z,Los Angeles Dodgers,San Diego Padres,fanduel,alternate_totals,Under,7.5,1.98
2026-09-25T01:41:49Z,closing,a44be11545d471429fd459d4c5740006,2026-09-25T02:11:00Z,Los Angeles Dodgers,San Diego Padres,fanduel,alternate_totals,Under,8.5,1.7
2026-09-25T01:41:49Z,closing,a44be11545d471429fd459d4c5740006,2026-09-25T02:11:00Z,Los Angeles Dodgers,San Diego Padres,fanduel,alternate_totals,Under,9.5,1.43
2026-09-25T01:41:49Z,closing,a44be11545d471429fd459d4c5740006,2026-09-25T02:11:00Z,Los Angeles Dodgers,San Diego Padres,fanduel,alternate_totals,Under,10.5,1.31
2026-09-25T01:41:49Z,closing,a44be11545d471429fd459d4c5740006,2026-09-25T02:11:00Z,Los Angeles Dodgers,San Diego Padres,fanduel,alternate_totals,Under,11.5,1.2
2026-09-25T01:41:49Z,closing,a44be11545d471429fd459d4c5740006,2026-09-25T02:11:00Z,Los Angeles Dodgers,San Diego Padres,fanduel,alternate_totals,Under,12.5,1.14
2026-09-25T01:41:49Z,closing,a44be11545d471429fd459d4c5740006,2026-09-25T02:11:00Z,Los Angeles Dodgers,San Diego Padres,fanduel,alternate_totals,Under,13.5,1.08
2026-09-25T01:41:49Z,closing,a44be11545d471429fd459d4c5740006,2026-09-25T02:11:00Z,Los Angeles Dodgers,San Diego Padres,fanduel,alternate_totals,Under,14.5,1.05
2026-09-25T01:41:49Z,closing,a44be11545d471429fd459d4c5740006,2026-09-25T02:11:00Z,Los Angeles Dodgers,San Diego Padres,fanduel,alternate_totals,Under,15.5,1.02
2026-09-25T01:41:49Z,closing,a44be11545d471429fd459d4c5740006,2026-09-25T02:11:00Z,Los Angeles Dodgers,San Diego Padres,draftkings,alternate_spreads,Los Angeles Dodgers,4.0,1.06
2026-09-25T01:41:49Z,closing,a44be11545d471429fd459d4c5740006,2026-09-25T02:11:00Z,Los Angeles Dodgers,San Diego Padres,draftkings,alternate_spreads,Los Angeles Dodgers,3.5,1.11
2026-09-25T01:41:49Z,closing,a44be11545d471429fd459d4c5740006,2026-09-25T02:11:00Z,Los Angeles Dodgers,San Diego Padres,draftkings,alternate_spreads,Los Angeles Dodgers,3.0,1.12
2026-09-25T01:41:49Z,closing,a44be11545d471429fd459d4c5740006,2026-09-25T02:11:00Z,Los Angeles Dodgers,San Diego Padres,draftkings,alternate_spreads,Los Angeles Dodgers,2.5,1.19
2026-09-25T01:41:49Z,closing,a44be11545d471429fd459d4c5740006,2026-09-25T02:11:00Z,Los Angeles Dodgers,San Diego Padres,draftkings,alternate_spreads,Los Angeles Dodgers,2.0,1.22
2026-09-25T01:41:49Z,closing,a44be11545d471429fd459d4c5740006,2026-09-25T02:11:00Z,Los Angeles Dodgers,San Diego Padres,draftkings,alternate_spreads,Los Angeles Dodgers,1.5,1.32
2026-09-25T01:41:49Z,closing,a44be11545d471429fd459d4c5740006,2026-09-25T02:11:00Z,Los Angeles Dodgers,San Diego Padres,draftkings,alternate_spreads,Los Angeles Dodgers,1.0,1.39
2026-09-25T01:41:49Z,closing,a44be11545d471429fd459d4c5740006,2026-09-25T02:11:00Z,Los Angeles Dodgers,San Diego Padres,draftkings,alternate_spreads,Los Angeles Dodgers,-1.0,1.83
2026-09-25T01:41:49Z,closing,a44be11545d471429fd459d4c5740006,2026-09-25T02:11:00Z,Los Angeles Dodgers,San Diego Padres,draftkings,alternate_spreads,Los Angeles Dodgers,-2.0,2.63
2026-09-25T01:41:49Z,closing,a44be11545d471429fd459d4c5740006,2026-09-25T02:11:00Z,Los Angeles Dodgers,San Diego Padres,draftkings,alternate_spreads,Los Angeles Dodgers,-2.5,2.9
2026-09-25T01:41:49Z,closing,a44be11545d471429fd459d4c5740006,2026-09-25T02:11:00Z,Los Angeles Dodgers,San Diego Padres,draftkings,alternate_spreads,Los Angeles Dodgers,-3.0,3.56
2026-09-25T01:41:49Z,closing,a44be11545d471429fd459d4c5740006,2026-09-25T02:11:00Z,Los Angeles Dodgers,San Diego Padres,draftkings,alternate_spreads,Los Angeles Dodgers,-3.5,3.84
2026-09-25T01:41:49Z,closing,a44be11545d471429fd459d4c5740006,2026-09-25T02:11:00Z,Los Angeles Dodgers,San Diego Padres,draftkings,alternate_spreads,Los Angeles Dodgers,-4.0,4.79
2026-09-25T01:41:49Z,closing,a44be11545d471429fd459d4c5740006,2026-09-25T02:11:00Z,Los Angeles Dodgers,San Diego Padres,draftkings,alternate_spreads,Los Angeles Dodgers,-4.5,5.05
2026-09-25T01:41:49Z,closing,a44be11545d471429fd459d4c5740006,2026-09-25T02:11:00Z,Los Angeles Dodgers,San Diego Padres,draftkings,alternate_spreads,Los Angeles Dodgers,-5.0,6.48
2026-09-25T01:41:49Z,closing,a44be11545d471429fd459d4c5740006,2026-09-25T02:11:00Z,Los Angeles Dodgers,San Diego Padres,draftkings,alternate_spreads,Los Angeles Dodgers,-5.5,6.74
2026-09-25T01:41:49Z,closing,a44be11545d471429fd459d4c5740006,2026-09-25T02:11:00Z,Los Angeles Dodgers,San Diego Padres,draftkings,alternate_spreads,San Diego Padres,-4.0,8.0
2026-09-25T01:41:49Z,closing,a44be11545d471429fd459d4c5740006,2026-09-25T02:11:00Z,Los Angeles Dodgers,San Diego Padres,draftkings,alternate_spreads,San Diego Padres,-3.5,6.05
2026-09-25T01:41:49Z,closing,a44be11545d471429fd459d4c5740006,2026-09-25T02:11:00Z,Los Angeles Dodgers,San Diego Padres,draftkings,alternate_spreads,San Diego Padres,-3.0,5.77
2026-09-25T01:41:49Z,closing,a44be11545d471429fd459d4c5740006,2026-09-25T02:11:00Z,Los Angeles Dodgers,San Diego Padres,draftkings,alternate_spreads,San Diego Padres,-2.5,4.46
2026-09-25T01:41:49Z,closing,a44be11545d471429fd459d4c5740006,2026-09-25T02:11:00Z,Los Angeles Dodgers,San Diego Padres,draftkings,alternate_spreads,San Diego Padres,-2.0,4.13
2026-09-25T01:41:49Z,closing,a44be11545d471429fd459d4c5740006,2026-09-25T02:11:00Z,Los Angeles Dodgers,San Diego Padres,draftkings,alternate_spreads,San Diego Padres,-1.5,3.24
2026-09-25T01:41:49Z,closing,a44be11545d471429fd459d4c5740006,2026-09-25T02:11:00Z,Los Angeles Dodgers,San Diego Padres,draftkings,alternate_spreads,San Diego Padres,-1.0,2.9
2026-09-25T01:41:49Z,closing,a44be11545d471429fd459d4c5740006,2026-09-25T02:11:00Z,Los Angeles Dodgers,San Diego Padres,draftkings,alternate_spreads,San Diego Padres,1.0,1.93
2026-09-25T01:41:49Z,closing,a44be11545d471429fd459d4c5740006,2026-09-25T02:11:00Z,Los Angeles Dodgers,San Diego Padres,draftkings,alternate_spreads,San Diego Padres,2.0,1.46
2026-09-25T01:41:49Z,closing,a44be11545d471429fd459d4c5740006,2026-09-25T02:11:00Z,Los Angeles Dodgers,San Diego Padres,draftkings,alternate_spreads,San Diego Padres,2.5,1.39
2026-09-25T01:41:49Z,closing,a44be11545d471429fd459d4c5740006,2026-09-25T02:11:00Z,Los Angeles Dodgers,San Diego Padres,draftkings,alternate_spreads,San Diego Padres,3.0,1.28
2026-09-25T01:41:49Z,closing,a44be11545d471429fd459d4c5740006,2026-09-25T02:11:00Z,Los Angeles Dodgers,San Diego Padres,draftkings,alternate_spreads,San Diego Padres,3.5,1.24
2026-09-25T01:41:49Z,closing,a44be11545d471429fd459d4c5740006,2026-09-25T02:11:00Z,Los Angeles Dodgers,San Diego Padres,draftkings,alternate_spreads,San Diego Padres,4.0,1.17
2026-09-25T01:41:49Z,closing,a44be11545d471429fd459d4c5740006,2026-09-25T02:11:00Z,Los Angeles Dodgers,San Diego Padres,draftkings,alternate_spreads,San Diego Padres,4.5,1.15
2026-09-25T01:41:49Z,closing,a44be11545d471429fd459d4c5740006,2026-09-25T02:11:00Z,Los Angeles Dodgers,San Diego Padres,draftkings,alternate_spreads,San Diego Padres,5.0,1.1
2026-09-25T01:41:49Z,closing,a44be11545d471429fd459d4c5740006,2026-09-25T02:11:00Z,Los Angeles Dodgers,San Diego Padres,draftkings,alternate_spreads,San Diego Padres,5.5,1.09
2026-09-25T01:41:49Z,closing,a44be11545d471429fd459d4c5740006,2026-09-25T02:11:00Z,Los Angeles Dodgers,San Diego Padres,draftkings,alternate_totals,Over,4.5,1.18
2026-09-25T01:41:49Z,closing,a44be11545d471429fd459d4c5740006,2026-09-25T02:11:00Z,Los Angeles Dodgers,San Diego Padres,draftkings,alternate_totals,Over,5.0,1.21
2026-09-25T01:41:49Z,closing,a44be11545d471429fd459d4c5740006,2026-09-25T02:11:00Z,Los Angeles Dodgers,San Diego Padres,draftkings,alternate_totals,Over,5.5,1.34
2026-09-25T01:41:49Z,closing,a44be11545d471429fd459d4c5740006,2026-09-25T02:11:00Z,Los Angeles Dodgers,San Diego Padres,draftkings,alternate_totals,Over,6.0,1.39
2026-09-25T01:41:49Z,closing,a44be11545d471429fd459d4c5740006,2026-09-25T02:11:00Z,Los Angeles Dodgers,San Diego Padres,draftkings,alternate_totals,Over,6.5,1.5
2026-09-25T01:41:49Z,closing,a44be11545d471429fd459d4c5740006,2026-09-25T02:11:00Z,Los Angeles Dodgers,San Diego Padres,draftkings,alternate_totals,Over,7.0,1.62
2026-09-25T01:41:49Z,closing,a44be11545d471429fd459d4c5740006,2026-09-25T02:11:00Z,Los Angeles Dodgers,San Diego Padres,draftkings,alternate_totals,Over,8.0,1.96
2026-09-25T01:41:49Z,closing,a44be11545d471429fd459d4c5740006,2026-09-25T02:11:00Z,Los Angeles Dodgers,San Diego Padres,draftkings,alternate_totals,Over,8.5,2.11
2026-09-25T01:41:49Z,closing,a44be11545d471429fd459d4c5740006,2026-09-25T02:11:00Z,Los Angeles Dodgers,San Diego Padres,draftkings,alternate_totals,Over,9.0,2.43
2026-09-25T01:41:49Z,closing,a44be11545d471429fd459d4c5740006,2026-09-25T02:11:00Z,Los Angeles Dodgers,San Diego Padres,draftkings,alternate_totals,Over,9.5,2.68
2026-09-25T01:41:49Z,closing,a44be11545d471429fd459d4c5740006,2026-09-25T02:11:00Z,Los Angeles Dodgers,San Diego Padres,draftkings,alternate_totals,Over,10.0,3.04
2026-09-25T01:41:49Z,closing,a44be11545d471429fd459d4c5740006,2026-09-25T02:11:00Z,Los Angeles Dodgers,San Diego Padres,draftkings,alternate_totals,Over,10.5,3.21
2026-09-25T01:41:49Z,closing,a44be11545d471429fd459d4c5740006,2026-09-25T02:11:00Z,Los Angeles Dodgers,San Diego Padres,draftkings,alternate_totals,Over,11.0,3.96
2026-09-25T01:41:49Z,closing,a44be11545d471429fd459d4c5740006,2026-09-25T02:11:00Z,Los Angeles Dodgers,San Diego Padres,draftkings,alternate_totals,Over,11.5,4.24
2026-09-25T01:41:49Z,closing,a44be11545d471429fd459d4c5740006,2026-09-25T02:11:00Z,Los Angeles Dodgers,San Diego Padres,draftkings,alternate_totals,Over,12.0,5.01
2026-09-25T01:41:49Z,closing,a44be11545d471429fd459d4c5740006,2026-09-25T02:11:00Z,Los Angeles Dodgers,San Diego Padres,draftkings,alternate_totals,Over,12.5,5.2
2026-09-25T01:41:49Z,closing,a44be11545d471429fd459d4c5740006,2026-09-25T02:11:00Z,Los Angeles Dodgers,San Diego Padres,draftkings,alternate_totals,Under,4.5,4.67
2026-09-25T01:41:49Z,closing,a44be11545d471429fd459d4c5740006,2026-09-25T02:11:00Z,Los Angeles Dodgers,San Diego Padres,draftkings,alternate_totals,Under,5.0,4.25
2026-09-25T01:41:49Z,closing,a44be11545d471429fd459d4c5740006,2026-09-25T02:11:00Z,Los Angeles Dodgers,San Diego Padres,draftkings,alternate_totals,Under,5.5,3.13
2026-09-25T01:41:49Z,closing,a44be11545d471429fd459d4c5740006,2026-09-25T02:11:00Z,Los Angeles Dodgers,San Diego Padres,draftkings,alternate_totals,Under,6.0,2.91
2026-09-25T01:41:49Z,closing,a44be11545d471429fd459d4c5740006,2026-09-25T02:11:00Z,Los Angeles Dodgers,San Diego Padres,draftkings,alternate_totals,Under,6.5,2.51
2026-09-25T01:41:49Z,closing,a44be11545d471429fd459d4c5740006,2026-09-25T02:11:00Z,Los Angeles Dodgers,San Diego Padres,draftkings,alternate_totals,Under,7.0,2.24
2026-09-25T01:41:49Z,closing,a44be11545d471429fd459d4c5740006,2026-09-25T02:11:00Z,Los Angeles Dodgers,San Diego Padres,draftkings,alternate_totals,Under,8.0,1.8
2026-09-25T01:41:49Z,closing,a44be11545d471429fd459d4c5740006,2026-09-25T02:11:00Z,Los Angeles Dodgers,San Diego Padres,draftkings,alternate_totals,Under,8.5,1.69
2026-09-25T01:41:49Z,closing,a44be11545d471429fd459d4c5740006,2026-09-25T02:11:00Z,Los Angeles Dodgers,San Diego Padres,draftkings,alternate_totals,Under,9.0,1.53
2026-09-25T01:41:49Z,closing,a44be11545d471429fd459d4c5740006,2026-09-25T02:11:00Z,Los Angeles Dodgers,San Diego Padres,draftkings,alternate_totals,Under,9.5,1.45
2026-09-25T01:41:49Z,closing,a44be11545d471429fd459d4c5740006,2026-09-25T02:11:00Z,Los Angeles Dodgers,San Diego Padres,draftkings,alternate_totals,Under,10.0,1.36
2026-09-25T01:41:49Z,closing,a44be11545d471429fd459d4c5740006,2026-09-25T02:11:00Z,Los Angeles Dodgers,San Diego Padres,draftkings,alternate_totals,Under,10.5,1.33
2026-09-25T01:41:49Z,closing,a44be11545d471429fd459d4c5740006,2026-09-25T02:11:00Z,Los Angeles Dodgers,San Diego Padres,draftkings,alternate_totals,Under,11.0,1.23
2026-09-25T01:41:49Z,closing,a44be11545d471429fd459d4c5740006,2026-09-25T02:11:00Z,Los Angeles Dodgers,San Diego Padres,draftkings,alternate_totals,Under,11.5,1.21
2026-09-25T01:41:49Z,closing,a44be11545d471429fd459d4c5740006,2026-09-25T02:11:00Z,Los Angeles Dodgers,San Diego Padres,draftkings,alternate_totals,Under,12.0,1.16
2026-09-25T01:41:49Z,closing,a44be11545d471429fd459d4c5740006,2026-09-25T02:11:00Z,Los Angeles Dodgers,San Diego Padres,draftkings,alternate_totals,Under,12.5,1.15
2026-09-25T01:41:49Z,closing,a44be11545d471429fd459d4c5740006,2026-09-25T02:11:00Z,Los Angeles Dodgers,San Diego Padres,betmgm,alternate_spreads,Los Angeles Dodgers,-2.5,3.0
2026-09-25T01:41:49Z,closing,a44be11545d471429fd459d4c5740006,2026-09-25T02:11:00Z,Los Angeles Dodgers,San Diego Padres,betmgm,alternate_spreads,Los Angeles Dodgers,-1.5,2.25
2026-09-25T01:41:49Z,closing,a44be11545d471429fd459d4c5740006,2026-09-25T02:11:00Z,Los Angeles Dodgers,San Diego Padres,betmgm,alternate_spreads,Los Angeles Dodgers,1.5,1.35
2026-09-25T01:41:49Z,closing,a44be11545d471429fd459d4c5740006,2026-09-25T02:11:00Z,Los Angeles Dodgers,San Diego Padres,betmgm,alternate_spreads,Los Angeles Dodgers,-3.5,3.9
2026-09-25T01:41:49Z,closing,a44be11545d471429fd459d4c5740006,2026-09-25T02:11:00Z,Los Angeles Dodgers,San Diego Padres,betmgm,alternate_spreads,Los Angeles Dodgers,-4.5,5.25
2026-09-25T01:41:49Z,closing,a44be11545d471429fd459d4c5740006,2026-09-25T02:11:00Z,Los Angeles Dodgers,San Diego Padres,betmgm,alternate_spreads,Los Angeles Dodgers,-5.5,7.0
2026-09-25T01:41:49Z,closing,a44be11545d471429fd459d4c5740006,2026-09-25T02:11:00Z,Los Angeles Dodgers,San Diego Padres,betmgm,alternate_spreads,San Diego Padres,2.5,1.36
2026-09-25T01:41:49Z,closing,a44be11545d471429fd459d4c5740006,2026-09-25T02:11:00Z,Los Angeles Dodgers,San Diego Padres,betmgm,alternate_spreads,San Diego Padres,1.5,1.67
2026-09-25T01:41:49Z,closing,a44be11545d471429fd459d4c5740006,2026-09-25T02:11:00Z,Los Angeles Dodgers,San Diego Padres,betmgm,alternate_spreads,San Diego Padres,-1.5,3.1
2026-09-25T01:41:49Z,closing,a44be11545d471429fd459d4c5740006,2026-09-25T02:11:00Z,Los Angeles Dodgers,San Diego Padres,betmgm,alternate_spreads,San Diego Padres,3.5,1.24
2026-09-25T01:41:49Z,closing,a44be11545d471429fd459d4c5740006,2026-09-25T02:11:00Z,Los Angeles Dodgers,San Diego Padres,betmgm,alternate_spreads,San Diego Padres,4.5,1.14
2026-09-25T01:41:49Z,closing,a44be11545d471429fd459d4c5740006,2026-09-25T02:11:00Z,Los Angeles Dodgers,San Diego Padres,betmgm,alternate_spreads,San Diego Padres,5.5,1.08
2026-09-25T01:41:49Z,closing,a44be11545d471429fd459d4c5740006,2026-09-25T02:11:00Z,Los Angeles Dodgers,San Diego Padres,betmgm,alternate_totals,Over,3.5,1.08
2026-09-25T01:41:49Z,closing,a44be11545d471429fd459d4c5740006,2026-09-25T02:11:00Z,Los Angeles Dodgers,San Diego Padres,betmgm,alternate_totals,Over,4.0,1.09
2026-09-25T01:41:49Z,closing,a44be11545d471429fd459d4c5740006,2026-09-25T02:11:00Z,Los Angeles Dodgers,San Diego Padres,betmgm,alternate_totals,Over,4.5,1.15
2026-09-25T01:41:49Z,closing,a44be11545d471429fd459d4c5740006,2026-09-25T02:11:00Z,Los Angeles Dodgers,San Diego Padres,betmgm,alternate_totals,Over,5.0,1.18
2026-09-25T01:41:49Z,closing,a44be11545d471429fd459d4c5740006,2026-09-25T02:11:00Z,Los Angeles Dodgers,San Diego Padres,betmgm,alternate_totals,Over,5.5,1.31
2026-09-25T01:41:49Z,closing,a44be11545d471429fd459d4c5740006,2026-09-25T02:11:00Z,Los Angeles Dodgers,San Diego Padres,betmgm,alternate_totals,Over,6.0,1.35
2026-09-25T01:41:49Z,closing,a44be11545d471429fd459d4c5740006,2026-09-25T02:11:00Z,Los Angeles Dodgers,San Diego Padres,betmgm,alternate_totals,Over,6.5,1.45
2026-09-25T01:41:49Z,closing,a44be11545d471429fd459d4c5740006,2026-09-25T02:11:00Z,Los Angeles Dodgers,San Diego Padres,betmgm,alternate_totals,Over,7.0,1.59
2026-09-25T01:41:49Z,closing,a44be11545d471429fd459d4c5740006,2026-09-25T02:11:00Z,Los Angeles Dodgers,San Diego Padres,betmgm,alternate_totals,Over,7.5,1.83
2026-09-25T01:41:49Z,closing,a44be11545d471429fd459d4c5740006,2026-09-25T02:11:00Z,Los Angeles Dodgers,San Diego Padres,betmgm,alternate_totals,Over,8.0,1.98
2026-09-25T01:41:49Z,closing,a44be11545d471429fd459d4c5740006,2026-09-25T02:11:00Z,Los Angeles Dodgers,San Diego Padres,betmgm,alternate_totals,Over,8.5,2.15
2026-09-25T01:41:49Z,closing,a44be11545d471429fd459d4c5740006,2026-09-25T02:11:00Z,Los Angeles Dodgers,San Diego Padres,betmgm,alternate_totals,Over,9.0,2.55
2026-09-25T01:41:49Z,closing,a44be11545d471429fd459d4c5740006,2026-09-25T02:11:00Z,Los Angeles Dodgers,San Diego Padres,betmgm,alternate_totals,Over,9.5,2.85
2026-09-25T01:41:49Z,closing,a44be11545d471429fd459d4c5740006,2026-09-25T02:11:00Z,Los Angeles Dodgers,San Diego Padres,betmgm,alternate_totals,Over,10.0,3.2
2026-09-25T01:41:49Z,closing,a44be11545d471429fd459d4c5740006,2026-09-25T02:11:00Z,Los Angeles Dodgers,San Diego Padres,betmgm,alternate_totals,Over,10.5,3.5
2026-09-25T01:41:49Z,closing,a44be11545d471429fd459d4c5740006,2026-09-25T02:11:00Z,Los Angeles Dodgers,San Diego Padres,betmgm,alternate_totals,Over,11.0,4.25
2026-09-25T01:41:49Z,closing,a44be11545d471429fd459d4c5740006,2026-09-25T02:11:00Z,Los Angeles Dodgers,San Diego Padres,betmgm,alternate_totals,Over,11.5,4.5
2026-09-25T01:41:49Z,closing,a44be11545d471429fd459d4c5740006,2026-09-25T02:11:00Z,Los Angeles Dodgers,San Diego Padres,betmgm,alternate_totals,Over,12.0,5.25
2026-09-25T01:41:49Z,closing,a44be11545d471429fd459d4c5740006,2026-09-25T02:11:00Z,Los Angeles Dodgers,San Diego Padres,betmgm,alternate_totals,Over,12.5,5.5
2026-09-25T01:41:49Z,closing,a44be11545d471429fd459d4c5740006,2026-09-25T02:11:00Z,Los Angeles Dodgers,San Diego Padres,betmgm,alternate_totals,Over,13.0,7.25
2026-09-25T01:41:49Z,closing,a44be11545d471429fd459d4c5740006,2026-09-25T02:11:00Z,Los Angeles Dodgers,San Diego Padres,betmgm,alternate_totals,Over,2.5,1.01
2026-09-25T01:41:49Z,closing,a44be11545d471429fd459d4c5740006,2026-09-25T02:11:00Z,Los Angeles Dodgers,San Diego Padres,betmgm,alternate_totals,Over,3.0,1.02
2026-09-25T01:41:49Z,closing,a44be11545d471429fd459d4c5740006,2026-09-25T02:11:00Z,Los Angeles Dodgers,San Diego Padres,betmgm,alternate_totals,Over,2.0,1.01
2026-09-25T01:41:49Z,closing,a44be11545d471429fd459d4c5740006,2026-09-25T02:11:00Z,Los Angeles Dodgers,San Diego Padres,betmgm,alternate_totals,Under,3.5,7.0
2026-09-25T01:41:49Z,closing,a44be11545d471429fd459d4c5740006,2026-09-25T02:11:00Z,Los Angeles Dodgers,San Diego Padres,betmgm,alternate_totals,Under,4.0,6.75
2026-09-25T01:41:49Z,closing,a44be11545d471429fd459d4c5740006,2026-09-25T02:11:00Z,Los Angeles Dodgers,San Diego Padres,betmgm,alternate_totals,Under,4.5,5.0
2026-09-25T01:41:49Z,closing,a44be11545d471429fd459d4c5740006,2026-09-25T02:11:00Z,Los Angeles Dodgers,San Diego Padres,betmgm,alternate_totals,Under,5.0,4.6
2026-09-25T01:41:49Z,closing,a44be11545d471429fd459d4c5740006,2026-09-25T02:11:00Z,Los Angeles Dodgers,San Diego Padres,betmgm,alternate_totals,Under,5.5,3.4
2026-09-25T01:41:49Z,closing,a44be11545d471429fd459d4c5740006,2026-09-25T02:11:00Z,Los Angeles Dodgers,San Diego Padres,betmgm,alternate_totals,Under,6.0,3.1
2026-09-25T01:41:49Z,closing,a44be11545d471429fd459d4c5740006,2026-09-25T02:11:00Z,Los Angeles Dodgers,San Diego Padres,betmgm,alternate_totals,Under,6.5,2.65
2026-09-25T01:41:49Z,closing,a44be11545d471429fd459d4c5740006,2026-09-25T02:11:00Z,Los Angeles Dodgers,San Diego Padres,betmgm,alternate_totals,Under,7.0,2.3
2026-09-25T01:41:49Z,closing,a44be11545d471429fd459d4c5740006,2026-09-25T02:11:00Z,Los Angeles Dodgers,San Diego Padres,betmgm,alternate_totals,Under,7.5,2.0
2026-09-25T01:41:49Z,closing,a44be11545d471429fd459d4c5740006,2026-09-25T02:11:00Z,Los Angeles Dodgers,San Diego Padres,betmgm,alternate_totals,Under,8.0,1.8
2026-09-25T01:41:49Z,closing,a44be11545d471429fd459d4c5740006,2026-09-25T02:11:00Z,Los Angeles Dodgers,San Diego Padres,betmgm,alternate_totals,Under,8.5,1.67
2026-09-25T01:41:49Z,closing,a44be11545d471429fd459d4c5740006,2026-09-25T02:11:00Z,Los Angeles Dodgers,San Diego Padres,betmgm,alternate_totals,Under,9.0,1.48
2026-09-25T01:41:49Z,closing,a44be11545d471429fd459d4c5740006,2026-09-25T02:11:00Z,Los Angeles Dodgers,San Diego Padres,betmgm,alternate_totals,Under,9.5,1.4
2026-09-25T01:41:49Z,closing,a44be11545d471429fd459d4c5740006,2026-09-25T02:11:00Z,Los Angeles Dodgers,San Diego Padres,betmgm,alternate_totals,Under,10.0,1.33
2026-09-25T01:41:49Z,closing,a44be11545d471429fd459d4c5740006,2026-09-25T02:11:00Z,Los Angeles Dodgers,San Diego Padres,betmgm,alternate_totals,Under,10.5,1.29
2026-09-25T01:41:49Z,closing,a44be11545d471429fd459d4c5740006,2026-09-25T02:11:00Z,Los Angeles Dodgers,San Diego Padres,betmgm,alternate_totals,Under,11.0,1.2
2026-09-25T01:41:49Z,closing,a44be11545d471429fd459d4c5740006,2026-09-25T02:11:00Z,Los Angeles Dodgers,San Diego Padres,betmgm,alternate_totals,Under,11.5,1.19
2026-09-25T01:41:49Z,closing,a44be11545d471429fd459d4c5740006,2026-09-25T02:11:00Z,Los Angeles Dodgers,San Diego Padres,betmgm,alternate_totals,Under,12.0,1.14
2026-09-25T01:41:49Z,closing,a44be11545d471429fd459d4c5740006,2026-09-25T02:11:00Z,Los Angeles Dodgers,San Diego Padres,betmgm,alternate_totals,Under,12.5,1.13
2026-09-25T01:41:49Z,closing,a44be11545d471429fd459d4c5740006,2026-09-25T02:11:00Z,Los Angeles Dodgers,San Diego Padres,betmgm,alternate_totals,Under,13.0,1.08
2026-09-25T01:41:49Z,closing,a44be11545d471429fd459d4c5740006,2026-09-25T02:11:00Z,Los Angeles Dodgers,San Diego Padres,betmgm,alternate_totals,Under,2.5,13.0
2026-09-25T01:41:49Z,closing,a44be11545d471429fd459d4c5740006,2026-09-25T02:11:00Z,Los Angeles Dodgers,San Diego Padres,betmgm,alternate_totals,Under,3.0,12.0
2026-09-25T01:41:49Z,closing,a44be11545d471429fd459d4c5740006,2026-09-25T02:11:00Z,Los Angeles Dodgers,San Diego Padres,betmgm,alternate_totals,Under,2.0,21.0
2026-09-25T01:41:49Z,closing,a44be11545d471429fd459d4c5740006,2026-09-25T02:11:00Z,Los Angeles Dodgers,San Diego Padres,pinnacle,alternate_spreads,Los Angeles Dodgers,-1.5,2.32
2026-09-25T01:41:49Z,closing,a44be11545d471429fd459d4c5740006,2026-09-25T02:11:00Z,Los Angeles Dodgers,San Diego Padres,pinnacle,alternate_spreads,Los Angeles Dodgers,1.5,1.34
2026-09-25T01:41:49Z,closing,a44be11545d471429fd459d4c5740006,2026-09-25T02:11:00Z,Los Angeles Dodgers,San Diego Padres,pinnacle,alternate_spreads,Los Angeles Dodgers,1.0,1.41
2026-09-25T01:41:49Z,closing,a44be11545d471429fd459d4c5740006,2026-09-25T02:11:00Z,Los Angeles Dodgers,San Diego Padres,pinnacle,alternate_spreads,Los Angeles Dodgers,-1.0,1.88
2026-09-25T01:41:49Z,closing,a44be11545d471429fd459d4c5740006,2026-09-25T02:11:00Z,Los Angeles Dodgers,San Diego Padres,pinnacle,alternate_spreads,Los Angeles Dodgers,-2.0,2.75
2026-09-25T01:41:49Z,closing,a44be11545d471429fd459d4c5740006,2026-09-25T02:11:00Z,Los Angeles Dodgers,San Diego Padres,pinnacle,alternate_spreads,Los Angeles Dodgers,-2.5,3.03
2026-09-25T01:41:49Z,closing,a44be11545d471429fd459d4c5740006,2026-09-25T02:11:00Z,Los Angeles Dodgers,San Diego Padres,pinnacle,alternate_spreads,Los Angeles Dodgers,-3.0,3.71
2026-09-25T01:41:49Z,closing,a44be11545d471429fd459d4c5740006,2026-09-25T02:11:00Z,Los Angeles Dodgers,San Diego Padres,pinnacle,alternate_spreads,San Diego Padres,1.5,1.68
2026-09-25T01:41:49Z,closing,a44be11545d471429fd459d4c5740006,2026-09-25T02:11:00Z,Los Angeles Dodgers,San Diego Padres,pinnacle,alternate_spreads,San Diego Padres,-1.5,3.34
2026-09-25T01:41:49Z,closing,a44be11545d471429fd459d4c5740006,2026-09-25T02:11:00Z,Los Angeles Dodgers,San Diego Padres,pinnacle,alternate_spreads,San Diego Padres,-1.0,3.02
2026-09-25T01:41:49Z,closing,a44be11545d471429fd459d4c5740006,2026-09-25T02:11:00Z,Los Angeles Dodgers,San Diego Padres,pinnacle,alternate_spreads,San Diego Padres,1.0,2.01
2026-09-25T01:41:49Z,closing,a44be11545d471429fd459d4c5740006,2026-09-25T02:11:00Z,Los Angeles Dodgers,San Diego Padres,pinnacle,alternate_spreads,San Diego Padres,2.0,1.5
2026-09-25T01:41:49Z,closing,a44be11545d471429fd459d4c5740006,2026-09-25T02:11:00Z,Los Angeles Dodgers,San Diego Padres,pinnacle,alternate_spreads,San Diego Padres,2.5,1.41
2026-09-25T01:41:49Z,closing,a44be11545d471429fd459d4c5740006,2026-09-25T02:11:00Z,Los Angeles Dodgers,San Diego Padres,pinnacle,alternate_spreads,San Diego Padres,3.0,1.29
2026-09-25T01:41:49Z,closing,a44be11545d471429fd459d4c5740006,2026-09-25T02:11:00Z,Los Angeles Dodgers,San Diego Padres,pinnacle,alternate_totals,Over,7.5,1.88
2026-09-25T01:41:49Z,closing,a44be11545d471429fd459d4c5740006,2026-09-25T02:11:00Z,Los Angeles Dodgers,San Diego Padres,pinnacle,alternate_totals,Over,6.0,1.43
2026-09-25T01:41:49Z,closing,a44be11545d471429fd459d4c5740006,2026-09-25T02:11:00Z,Los Angeles Dodgers,San Diego Padres,pinnacle,alternate_totals,Over,6.5,1.55
2026-09-25T01:41:49Z,closing,a44be11545d471429fd459d4c5740006,2026-09-25T02:11:00Z,Los Angeles Dodgers,San Diego Padres,pinnacle,alternate_totals,Over,7.0,1.67
2026-09-25T01:41:49Z,closing,a44be11545d471429fd459d4c5740006,2026-09-25T02:11:00Z,Los Angeles Dodgers,San Diego Padres,pinnacle,alternate_totals,Over,8.0,2.04
2026-09-25T01:41:49Z,closing,a44be11545d471429fd459d4c5740006,2026-09-25T02:11:00Z,Los Angeles Dodgers,San Diego Padres,pinnacle,alternate_totals,Over,8.5,2.22
2026-09-25T01:41:49Z,closing,a44be11545d471429fd459d4c5740006,2026-09-25T02:11:00Z,Los Angeles Dodgers,San Diego Padres,pinnacle,alternate_totals,Over,9.0,2.59
2026-09-25T01:41:49Z,closing,a44be11545d471429fd459d4c5740006,2026-09-25T02:11:00Z,Los Angeles Dodgers,San Diego Padres,pinnacle,alternate_totals,Under,7.5,2.02
2026-09-25T01:41:49Z,closing,a44be11545d471429fd459d4c5740006,2026-09-25T02:11:00Z,Los Angeles Dodgers,San Diego Padres,pinnacle,alternate_totals,Under,6.0,2.92
2026-09-25T01:41:49Z,closing,a44be11545d471429fd459d4c5740006,2026-09-25T02:11:00Z,Los Angeles Dodgers,San Diego Padres,pinnacle,alternate_totals,Under,6.5,2.56
2026-09-25T01:41:49Z,closing,a44be11545d471429fd459d4c5740006,2026-09-25T02:11:00Z,Los Angeles Dodgers,San Diego Padres,pinnacle,alternate_totals,Under,7.0,2.3
2026-09-25T01:41:49Z,closing,a44be11545d471429fd459d4c5740006,2026-09-25T02:11:00Z,Los Angeles Dodgers,San Diego Padres,pinnacle,alternate_totals,Under,8.0,1.84
2026-09-25T01:41:49Z,closing,a44be11545d471429fd459d4c5740006,2026-09-25T02:11:00Z,Los Angeles Dodgers,San Diego Padres,pinnacle,alternate_totals,Under,8.5,1.71
2026-09-25T01:41:49Z,closing,a44be11545d471429fd459d4c5740006,2026-09-25T02:11:00Z,Los Angeles Dodgers,San Diego Padres,pinnacle,alternate_totals,Under,9.0,1.52
2026-09-25T01:41:49Z,closing,a44be11545d471429fd459d4c5740006,2026-09-25T02:11:00Z,Los Angeles Dodgers,San Diego Padres,betrivers,alternate_spreads,Los Angeles Dodgers,-2.0,2.6
2026-09-25T01:41:49Z,closing,a44be11545d471429fd459d4c5740006,2026-09-25T02:11:00Z,Los Angeles Dodgers,San Diego Padres,betrivers,alternate_spreads,Los Angeles Dodgers,-3.0,3.6
2026-09-25T01:41:49Z,closing,a44be11545d471429fd459d4c5740006,2026-09-25T02:11:00Z,Los Angeles Dodgers,San Diego Padres,betrivers,alternate_spreads,Los Angeles Dodgers,-2.5,2.95
2026-09-25T01:41:49Z,closing,a44be11545d471429fd459d4c5740006,2026-09-25T02:11:00Z,Los Angeles Dodgers,San Diego Padres,betrivers,alternate_spreads,Los Angeles Dodgers,-1.5,2.2
2026-09-25T01:41:49Z,closing,a44be11545d471429fd459d4c5740006,2026-09-25T02:11:00Z,Los Angeles Dodgers,San Diego Padres,betrivers,alternate_spreads,San Diego Padres,2.0,1.5
2026-09-25T01:41:49Z,closing,a44be11545d471429fd459d4c5740006,2026-09-25T02:11:00Z,Los Angeles Dodgers,San Diego Padres,betrivers,alternate_spreads,San Diego Padres,3.0,1.3
2026-09-25T01:41:49Z,closing,a44be11545d471429fd459d4c5740006,2026-09-25T02:11:00Z,Los Angeles Dodgers,San Diego Padres,betrivers,alternate_spreads,San Diego Padres,2.5,1.42
2026-09-25T01:41:49Z,closing,a44be11545d471429fd459d4c5740006,2026-09-25T02:11:00Z,Los Angeles Dodgers,San Diego Padres,betrivers,alternate_spreads,San Diego Padres,1.5,1.68
2026-09-25T01:41:49Z,closing,a44be11545d471429fd459d4c5740006,2026-09-25T02:11:00Z,Los Angeles Dodgers,San Diego Padres,betrivers,alternate_totals,Over,10.5,3.4
2026-09-25T01:41:49Z,closing,a44be11545d471429fd459d4c5740006,2026-09-25T02:11:00Z,Los Angeles Dodgers,San Diego Padres,betrivers,alternate_totals,Over,7.5,1.85
2026-09-25T01:41:49Z,closing,a44be11545d471429fd459d4c5740006,2026-09-25T02:11:00Z,Los Angeles Dodgers,San Diego Padres,betrivers,alternate_totals,Over,9.5,2.8
2026-09-25T01:41:49Z,closing,a44be11545d471429fd459d4c5740006,2026-09-25T02:11:00Z,Los Angeles Dodgers,San Diego Padres,betrivers,alternate_totals,Over,8.5,2.17
2026-09-25T01:41:49Z,closing,a44be11545d471429fd459d4c5740006,2026-09-25T02:11:00Z,Los Angeles Dodgers,San Diego Padres,betrivers,alternate_totals,Over,6.5,1.51
2026-09-25T01:41:49Z,closing,a44be11545d471429fd459d4c5740006,2026-09-25T02:11:00Z,Los Angeles Dodgers,San Diego Padres,betrivers,alternate_totals,Over,12.0,4.7
2026-09-25T01:41:49Z,closing,a44be11545d471429fd459d4c5740006,2026-09-25T02:11:00Z,Los Angeles Dodgers,San Diego Padres,betrivers,alternate_totals,Over,11.0,3.8
2026-09-25T01:41:49Z,closing,a44be11545d471429fd459d4c5740006,2026-09-25T02:11:00Z,Los Angeles Dodgers,San Diego Padres,betrivers,alternate_totals,Over,5.5,1.36
2026-09-25T01:41:49Z,closing,a44be11545d471429fd459d4c5740006,2026-09-25T02:11:00Z,Los Angeles Dodgers,San Diego Padres,betrivers,alternate_totals,Over,11.5,4.4
2026-09-25T01:41:49Z,closing,a44be11545d471429fd459d4c5740006,2026-09-25T02:11:00Z,Los Angeles Dodgers,San Diego Padres,betrivers,alternate_totals,Over,6.0,1.36
2026-09-25T01:41:49Z,closing,a44be11545d471429fd459d4c5740006,2026-09-25T02:11:00Z,Los Angeles Dodgers,San Diego Padres,betrivers,alternate_totals,Over,9.0,2.4
2026-09-25T01:41:49Z,closing,a44be11545d471429fd459d4c5740006,2026-09-25T02:11:00Z,Los Angeles Dodgers,San Diego Padres,betrivers,alternate_totals,Over,8.0,1.93
2026-09-25T01:41:49Z,closing,a44be11545d471429fd459d4c5740006,2026-09-25T02:11:00Z,Los Angeles Dodgers,San Diego Padres,betrivers,alternate_totals,Over,10.0,3.0
2026-09-25T01:41:49Z,closing,a44be11545d471429fd459d4c5740006,2026-09-25T02:11:00Z,Los Angeles Dodgers,San Diego Padres,betrivers,alternate_totals,Over,7.0,1.6
2026-09-25T01:41:49Z,closing,a44be11545d471429fd459d4c5740006,2026-09-25T02:11:00Z,Los Angeles Dodgers,San Diego Padres,betrivers,alternate_totals,Under,10.5,1.33
2026-09-25T01:41:49Z,closing,a44be11545d471429fd459d4c5740006,2026-09-25T02:11:00Z,Los Angeles Dodgers,San Diego Padres,betrivers,alternate_totals,Under,7.5,1.96
2026-09-25T01:41:49Z,closing,a44be11545d471429fd459d4c5740006,2026-09-25T02:11:00Z,Los Angeles Dodgers,San Diego Padres,betrivers,alternate_totals,Under,9.5,1.44
2026-09-25T01:41:49Z,closing,a44be11545d471429fd459d4c5740006,2026-09-25T02:11:00Z,Los Angeles Dodgers,San Diego Padres,betrivers,alternate_totals,Under,8.5,1.71
2026-09-25T01:41:49Z,closing,a44be11545d471429fd459d4c5740006,2026-09-25T02:11:00Z,Los Angeles Dodgers,San Diego Padres,betrivers,alternate_totals,Under,6.5,2.55
2026-09-25T01:41:49Z,closing,a44be11545d471429fd459d4c5740006,2026-09-25T02:11:00Z,Los Angeles Dodgers,San Diego Padres,betrivers,alternate_totals,Under,12.0,1.14
2026-09-25T01:41:49Z,closing,a44be11545d471429fd459d4c5740006,2026-09-25T02:11:00Z,Los Angeles Dodgers,San Diego Padres,betrivers,alternate_totals,Under,11.0,1.21
2026-09-25T01:41:49Z,closing,a44be11545d471429fd459d4c5740006,2026-09-25T02:11:00Z,Los Angeles Dodgers,San Diego Padres,betrivers,alternate_totals,Under,5.5,3.2
2026-09-25T01:41:49Z,closing,a44be11545d471429fd459d4c5740006,2026-09-25T02:11:00Z,Los Angeles Dodgers,San Diego Padres,betrivers,alternate_totals,Under,11.5,1.21
2026-09-25T01:41:49Z,closing,a44be11545d471429fd459d4c5740006,2026-09-25T02:11:00Z,Los Angeles Dodgers,San Diego Padres,betrivers,alternate_totals,Under,6.0,2.8
2026-09-25T01:41:49Z,closing,a44be11545d471429fd459d4c5740006,2026-09-25T02:11:00Z,Los Angeles Dodgers,San Diego Padres,betrivers,alternate_totals,Under,9.0,1.49
2026-09-25T01:41:49Z,closing,a44be11545d471429fd459d4c5740006,2026-09-25T02:11:00Z,Los Angeles Dodgers,San Diego Padres,betrivers,alternate_totals,Under,8.0,1.76
2026-09-25T01:41:49Z,closing,a44be11545d471429fd459d4c5740006,2026-09-25T02:11:00Z,Los Angeles Dodgers,San Diego Padres,betrivers,alternate_totals,Under,10.0,1.33
2026-09-25T01:41:49Z,closing,a44be11545d471429fd459d4c5740006,2026-09-25T02:11:00Z,Los Angeles Dodgers,San Diego Padres,betrivers,alternate_totals,Under,7.0,2.17
2026-09-25T01:41:49Z,closing,a44be11545d471429fd459d4c5740006,2026-09-25T02:11:00Z,Los Angeles Dodgers,San Diego Padres,coolbet,alternate_spreads,Los Angeles Dodgers,2.5,1.22
2026-09-25T01:41:49Z,closing,a44be11545d471429fd459d4c5740006,2026-09-25T02:11:00Z,Los Angeles Dodgers,San Diego Padres,coolbet,alternate_spreads,Los Angeles Dodgers,-3.5,3.7
2026-09-25T01:41:49Z,closing,a44be11545d471429fd459d4c5740006,2026-09-25T02:11:00Z,Los Angeles Dodgers,San Diego Padres,coolbet,alternate_spreads,Los Angeles Dodgers,1.5,1.35
2026-09-25T01:41:49Z,closing,a44be11545d471429fd459d4c5740006,2026-09-25T02:11:00Z,Los Angeles Dodgers,San Diego Padres,coolbet,alternate_spreads,Los Angeles Dodgers,-2.5,2.85
2026-09-25T01:41:49Z,closing,a44be11545d471429fd459d4c5740006,2026-09-25T02:11:00Z,Los Angeles Dodgers,San Diego Padres,coolbet,alternate_spreads,Los Angeles Dodgers,-1.5,2.23
2026-09-25T01:41:49Z,closing,a44be11545d471429fd459d4c5740006,2026-09-25T02:11:00Z,Los Angeles Dodgers,San Diego Padres,coolbet,alternate_spreads,San Diego Padres,-2.5,4.3
2026-09-25T01:41:49Z,closing,a44be11545d471429fd459d4c5740006,2026-09-25T02:11:00Z,Los Angeles Dodgers,San Diego Padres,coolbet,alternate_spreads,San Diego Padres,3.5,1.28
2026-09-25T01:41:49Z,closing,a44be11545d471429fd459d4c5740006,2026-09-25T02:11:00Z,Los Angeles Dodgers,San Diego Padres,coolbet,alternate_spreads,San Diego Padres,-1.5,3.2
2026-09-25T01:41:49Z,closing,a44be11545d471429fd459d4c5740006,2026-09-25T02:11:00Z,Los Angeles Dodgers,San Diego Padres,coolbet,alternate_spreads,San Diego Padres,2.5,1.43
2026-09-25T01:41:49Z,closing,a44be11545d471429fd459d4c5740006,2026-09-25T02:11:00Z,Los Angeles Dodgers,San Diego Padres,coolbet,alternate_spreads,San Diego Padres,1.5,1.66
2026-09-25T01:41:49Z,closing,a44be11545d471429fd459d4c5740006,2026-09-25T02:11:00Z,Los Angeles Dodgers,San Diego Padres,coolbet,alternate_totals,Over,7.5,1.82
2026-09-25T01:41:49Z,closing,a44be11545d471429fd459d4c5740006,2026-09-25T02:11:00Z,Los Angeles Dodgers,San Diego Padres,coolbet,alternate_totals,Over,8.5,2.12
2026-09-25T01:41:49Z,closing,a44be11545d471429fd459d4c5740006,2026-09-25T02:11:00Z,Los Angeles Dodgers,San Diego Padres,coolbet,alternate_totals,Over,8.0,1.96
2026-09-25T01:41:49Z,closing,a44be11545d471429fd459d4c5740006,2026-09-25T02:11:00Z,Los Angeles Dodgers,San Diego Padres,coolbet,alternate_totals,Over,7.0,1.61
2026-09-25T01:41:49Z,closing,a44be11545d471429fd459d4c5740006,2026-09-25T02:11:00Z,Los Angeles Dodgers,San Diego Padres,coolbet,alternate_totals,Over,9.0,2.45
2026-09-25T01:41:49Z,closing,a44be11545d471429fd459d4c5740006,2026-09-25T02:11:00Z,Los Angeles Dodgers,San Diego Padres,coolbet,alternate_totals,Over,6.5,1.5
2026-09-25T01:41:49Z,closing,a44be11545d471429fd459d4c5740006,2026-09-25T02:11:00Z,Los Angeles Dodgers,San Diego Padres,coolbet,alternate_totals,Over,9.5,2.7
2026-09-25T01:41:49Z,closing,a44be11545d471429fd459d4c5740006,2026-09-25T02:11:00Z,Los Angeles Dodgers,San Diego Padres,coolbet,alternate_totals,Under,7.5,2.0
2026-09-25T01:41:49Z,closing,a44be11545d471429fd459d4c5740006,2026-09-25T02:11:00Z,Los Angeles Dodgers,San Diego Padres,coolbet,alternate_totals,Under,8.5,1.73
2026-09-25T01:41:49Z,closing,a44be11545d471429fd459d4c5740006,2026-09-25T02:11:00Z,Los Angeles Dodgers,San Diego Padres,coolbet,alternate_totals,Under,8.0,1.85
2026-09-25T01:41:49Z,closing,a44be11545d471429fd459d4c5740006,2026-09-25T02:11:00Z,Los Angeles Dodgers,San Diego Padres,coolbet,alternate_totals,Under,7.0,2.33
2026-09-25T01:41:49Z,closing,a44be11545d471429fd459d4c5740006,2026-09-25T02:11:00Z,Los Angeles Dodgers,San Diego Padres,coolbet,alternate_totals,Under,9.0,1.56
2026-09-25T01:41:49Z,closing,a44be11545d471429fd459d4c5740006,2026-09-25T02:11:00Z,Los Angeles Dodgers,San Diego Padres,coolbet,alternate_totals,Under,6.5,2.6
2026-09-25T01:41:49Z,closing,a44be11545d471429fd459d4c5740006,2026-09-25T02:11:00Z,Los Angeles Dodgers,San Diego Padres,coolbet,alternate_totals,Under,9.5,1.47
2026-09-25T07:14:12Z,scheduled,a85710fa5f6fd3a6a40fe17c4907c312,2026-09-25T17:06:00Z,Boston Red Sox,Chicago Cubs,fanduel,h2h,Boston Red Sox,,2.06
2026-09-25T07:14:12Z,scheduled,a85710fa5f6fd3a6a40fe17c4907c312,2026-09-25T17:06:00Z,Boston Red Sox,Chicago Cubs,fanduel,h2h,Chicago Cubs,,1.81
2026-09-25T07:14:12Z,scheduled,a85710fa5f6fd3a6a40fe17c4907c312,2026-09-25T17:06:00Z,Boston Red Sox,Chicago Cubs,fanduel,spreads,Boston Red Sox,1.5,1.55
2026-09-25T07:14:12Z,scheduled,a85710fa5f6fd3a6a40fe17c4907c312,2026-09-25T17:06:00Z,Boston Red Sox,Chicago Cubs,fanduel,spreads,Chicago Cubs,-1.5,2.5
2026-09-25T07:14:12Z,scheduled,a85710fa5f6fd3a6a40fe17c4907c312,2026-09-25T17:06:00Z,Boston Red Sox,Chicago Cubs,fanduel,totals,Over,6.5,1.93
2026-09-25T07:14:12Z,scheduled,a85710fa5f6fd3a6a40fe17c4907c312,2026-09-25T17:06:00Z,Boston Red Sox,Chicago Cubs,fanduel,totals,Under,6.5,1.89
2026-09-25T07:14:12Z,scheduled,a85710fa5f6fd3a6a40fe17c4907c312,2026-09-25T17:06:00Z,Boston Red Sox,Chicago Cubs,betsson,h2h,Boston Red Sox,,1.98
2026-09-25T07:14:12Z,scheduled,a85710fa5f6fd3a6a40fe17c4907c312,2026-09-25T17:06:00Z,Boston Red Sox,Chicago Cubs,betsson,h2h,Chicago Cubs,,1.83
2026-09-25T07:14:12Z,scheduled,a85710fa5f6fd3a6a40fe17c4907c312,2026-09-25T17:06:00Z,Boston Red Sox,Chicago Cubs,betsson,spreads,Boston Red Sox,1.5,1.53
2026-09-25T07:14:12Z,scheduled,a85710fa5f6fd3a6a40fe17c4907c312,2026-09-25T17:06:00Z,Boston Red Sox,Chicago Cubs,betsson,spreads,Chicago Cubs,-1.5,2.45
2026-09-25T07:14:12Z,scheduled,a85710fa5f6fd3a6a40fe17c4907c312,2026-09-25T17:06:00Z,Boston Red Sox,Chicago Cubs,betsson,totals,Over,6.5,1.86
2026-09-25T07:14:12Z,scheduled,a85710fa5f6fd3a6a40fe17c4907c312,2026-09-25T17:06:00Z,Boston Red Sox,Chicago Cubs,betsson,totals,Under,6.5,1.9
2026-09-25T07:14:12Z,scheduled,a85710fa5f6fd3a6a40fe17c4907c312,2026-09-25T17:06:00Z,Boston Red Sox,Chicago Cubs,coolbet,h2h,Boston Red Sox,,2.02
2026-09-25T07:14:12Z,scheduled,a85710fa5f6fd3a6a40fe17c4907c312,2026-09-25T17:06:00Z,Boston Red Sox,Chicago Cubs,coolbet,h2h,Chicago Cubs,,1.8
2026-09-25T07:14:12Z,scheduled,a85710fa5f6fd3a6a40fe17c4907c312,2026-09-25T17:06:00Z,Boston Red Sox,Chicago Cubs,coolbet,spreads,Boston Red Sox,1.5,1.54
2026-09-25T07:14:12Z,scheduled,a85710fa5f6fd3a6a40fe17c4907c312,2026-09-25T17:06:00Z,Boston Red Sox,Chicago Cubs,coolbet,spreads,Chicago Cubs,-1.5,2.5
2026-09-25T07:14:12Z,scheduled,a85710fa5f6fd3a6a40fe17c4907c312,2026-09-25T17:06:00Z,Boston Red Sox,Chicago Cubs,coolbet,totals,Over,6.5,1.92
2026-09-25T07:14:12Z,scheduled,a85710fa5f6fd3a6a40fe17c4907c312,2026-09-25T17:06:00Z,Boston Red Sox,Chicago Cubs,coolbet,totals,Under,6.5,1.89
2026-09-25T07:14:12Z,scheduled,a85710fa5f6fd3a6a40fe17c4907c312,2026-09-25T17:06:00Z,Boston Red Sox,Chicago Cubs,betmgm,h2h,Boston Red Sox,,2.0
2026-09-25T07:14:12Z,scheduled,a85710fa5f6fd3a6a40fe17c4907c312,2026-09-25T17:06:00Z,Boston Red Sox,Chicago Cubs,betmgm,h2h,Chicago Cubs,,1.83
2026-09-25T07:14:12Z,scheduled,a85710fa5f6fd3a6a40fe17c4907c312,2026-09-25T17:06:00Z,Boston Red Sox,Chicago Cubs,betmgm,spreads,Boston Red Sox,1.5,1.54
2026-09-25T07:14:12Z,scheduled,a85710fa5f6fd3a6a40fe17c4907c312,2026-09-25T17:06:00Z,Boston Red Sox,Chicago Cubs,betmgm,spreads,Chicago Cubs,-1.5,2.5
2026-09-25T07:14:12Z,scheduled,a85710fa5f6fd3a6a40fe17c4907c312,2026-09-25T17:06:00Z,Boston Red Sox,Chicago Cubs,betmgm,totals,Over,6.5,1.95
2026-09-25T07:14:12Z,scheduled,a85710fa5f6fd3a6a40fe17c4907c312,2026-09-25T17:06:00Z,Boston Red Sox,Chicago Cubs,betmgm,totals,Under,6.5,1.87
2026-09-25T07:14:12Z,scheduled,a85710fa5f6fd3a6a40fe17c4907c312,2026-09-25T17:06:00Z,Boston Red Sox,Chicago Cubs,draftkings,h2h,Boston Red Sox,,2.01
2026-09-25T07:14:12Z,scheduled,a85710fa5f6fd3a6a40fe17c4907c312,2026-09-25T17:06:00Z,Boston Red Sox,Chicago Cubs,draftkings,h2h,Chicago Cubs,,1.82
2026-09-25T07:14:12Z,scheduled,a85710fa5f6fd3a6a40fe17c4907c312,2026-09-25T17:06:00Z,Boston Red Sox,Chicago Cubs,draftkings,spreads,Boston Red Sox,1.5,1.57
2026-09-25T07:14:12Z,scheduled,a85710fa5f6fd3a6a40fe17c4907c312,2026-09-25T17:06:00Z,Boston Red Sox,Chicago Cubs,draftkings,spreads,Chicago Cubs,-1.5,2.45
2026-09-25T07:14:12Z,scheduled,a85710fa5f6fd3a6a40fe17c4907c312,2026-09-25T17:06:00Z,Boston Red Sox,Chicago Cubs,draftkings,totals,Over,6.5,1.97
2026-09-25T07:14:12Z,scheduled,a85710fa5f6fd3a6a40fe17c4907c312,2026-09-25T17:06:00Z,Boston Red Sox,Chicago Cubs,draftkings,totals,Under,6.5,1.85
2026-09-25T07:14:12Z,scheduled,a85710fa5f6fd3a6a40fe17c4907c312,2026-09-25T17:06:00Z,Boston Red Sox,Chicago Cubs,matchbook,h2h,Boston Red Sox,,2.08
2026-09-25T07:14:12Z,scheduled,a85710fa5f6fd3a6a40fe17c4907c312,2026-09-25T17:06:00Z,Boston Red Sox,Chicago Cubs,matchbook,h2h,Chicago Cubs,,1.85
2026-09-25T07:14:12Z,scheduled,a85710fa5f6fd3a6a40fe17c4907c312,2026-09-25T17:06:00Z,Boston Red Sox,Chicago Cubs,matchbook,h2h_lay,Boston Red Sox,,2.18
2026-09-25T07:14:12Z,scheduled,a85710fa5f6fd3a6a40fe17c4907c312,2026-09-25T17:06:00Z,Boston Red Sox,Chicago Cubs,matchbook,h2h_lay,Chicago Cubs,,1.93
2026-09-25T07:14:12Z,scheduled,a85710fa5f6fd3a6a40fe17c4907c312,2026-09-25T17:06:00Z,Boston Red Sox,Chicago Cubs,matchbook,spreads,Boston Red Sox,1.5,1.51
2026-09-25T07:14:12Z,scheduled,a85710fa5f6fd3a6a40fe17c4907c312,2026-09-25T17:06:00Z,Boston Red Sox,Chicago Cubs,matchbook,spreads,Chicago Cubs,-1.5,2.6
2026-09-25T07:14:12Z,scheduled,a85710fa5f6fd3a6a40fe17c4907c312,2026-09-25T17:06:00Z,Boston Red Sox,Chicago Cubs,matchbook,totals,Over,6.5,1.99
2026-09-25T07:14:12Z,scheduled,a85710fa5f6fd3a6a40fe17c4907c312,2026-09-25T17:06:00Z,Boston Red Sox,Chicago Cubs,matchbook,totals,Under,6.5,1.83
2026-09-25T07:14:12Z,scheduled,a85710fa5f6fd3a6a40fe17c4907c312,2026-09-25T17:06:00Z,Boston Red Sox,Chicago Cubs,betrivers,h2h,Boston Red Sox,,2.05
2026-09-25T07:14:12Z,scheduled,a85710fa5f6fd3a6a40fe17c4907c312,2026-09-25T17:06:00Z,Boston Red Sox,Chicago Cubs,betrivers,h2h,Chicago Cubs,,1.8
2026-09-25T07:14:12Z,scheduled,a85710fa5f6fd3a6a40fe17c4907c312,2026-09-25T17:06:00Z,Boston Red Sox,Chicago Cubs,betrivers,spreads,Boston Red Sox,1.5,1.55
2026-09-25T07:14:12Z,scheduled,a85710fa5f6fd3a6a40fe17c4907c312,2026-09-25T17:06:00Z,Boston Red Sox,Chicago Cubs,betrivers,spreads,Chicago Cubs,-1.5,2.48
2026-09-25T07:14:12Z,scheduled,a85710fa5f6fd3a6a40fe17c4907c312,2026-09-25T17:06:00Z,Boston Red Sox,Chicago Cubs,betrivers,totals,Over,6.5,1.94
2026-09-25T07:14:12Z,scheduled,a85710fa5f6fd3a6a40fe17c4907c312,2026-09-25T17:06:00Z,Boston Red Sox,Chicago Cubs,betrivers,totals,Under,6.5,1.87
2026-09-25T07:14:12Z,scheduled,a85710fa5f6fd3a6a40fe17c4907c312,2026-09-25T17:06:00Z,Boston Red Sox,Chicago Cubs,betfair_ex_eu,h2h,Boston Red Sox,,2.08
2026-09-25T07:14:12Z,scheduled,a85710fa5f6fd3a6a40fe17c4907c312,2026-09-25T17:06:00Z,Boston Red Sox,Chicago Cubs,betfair_ex_eu,h2h,Chicago Cubs,,1.85
2026-09-25T07:14:12Z,scheduled,a85710fa5f6fd3a6a40fe17c4907c312,2026-09-25T17:06:00Z,Boston Red Sox,Chicago Cubs,betfair_ex_eu,h2h_lay,Boston Red Sox,,2.18
2026-09-25T07:14:12Z,scheduled,a85710fa5f6fd3a6a40fe17c4907c312,2026-09-25T17:06:00Z,Boston Red Sox,Chicago Cubs,betfair_ex_eu,h2h_lay,Chicago Cubs,,1.93
2026-09-25T07:14:12Z,scheduled,d4b069a134ec3ae75f0a644498b793c6,2026-09-25T20:05:00Z,New York Yankees,Baltimore Orioles,draftkings,h2h,Baltimore Orioles,,2.19
2026-09-25T07:14:12Z,scheduled,d4b069a134ec3ae75f0a644498b793c6,2026-09-25T20:05:00Z,New York Yankees,Baltimore Orioles,draftkings,h2h,New York Yankees,,1.7
2026-09-25T07:14:12Z,scheduled,d4b069a134ec3ae75f0a644498b793c6,2026-09-25T20:05:00Z,New York Yankees,Baltimore Orioles,draftkings,spreads,Baltimore Orioles,1.5,1.49
2026-09-25T07:14:12Z,scheduled,d4b069a134ec3ae75f0a644498b793c6,2026-09-25T20:05:00Z,New York Yankees,Baltimore Orioles,draftkings,spreads,New York Yankees,-1.5,2.69
2026-09-25T07:14:12Z,scheduled,d4b069a134ec3ae75f0a644498b793c6,2026-09-25T20:05:00Z,New York Yankees,Baltimore Orioles,draftkings,totals,Over,6.5,1.87
2026-09-25T07:14:12Z,scheduled,d4b069a134ec3ae75f0a644498b793c6,2026-09-25T20:05:00Z,New York Yankees,Baltimore Orioles,draftkings,totals,Under,6.5,1.95
2026-09-25T07:14:12Z,scheduled,d4b069a134ec3ae75f0a644498b793c6,2026-09-25T20:05:00Z,New York Yankees,Baltimore Orioles,coolbet,h2h,Baltimore Orioles,,2.12
2026-09-25T07:14:12Z,scheduled,d4b069a134ec3ae75f0a644498b793c6,2026-09-25T20:05:00Z,New York Yankees,Baltimore Orioles,coolbet,h2h,New York Yankees,,1.73
2026-09-25T07:14:12Z,scheduled,d4b069a134ec3ae75f0a644498b793c6,2026-09-25T20:05:00Z,New York Yankees,Baltimore Orioles,coolbet,spreads,Baltimore Orioles,-1.5,2.78
2026-09-25T07:14:12Z,scheduled,d4b069a134ec3ae75f0a644498b793c6,2026-09-25T20:05:00Z,New York Yankees,Baltimore Orioles,coolbet,spreads,New York Yankees,1.5,1.45
2026-09-25T07:14:12Z,scheduled,d4b069a134ec3ae75f0a644498b793c6,2026-09-25T20:05:00Z,New York Yankees,Baltimore Orioles,coolbet,totals,Over,6.5,1.85
2026-09-25T07:14:12Z,scheduled,d4b069a134ec3ae75f0a644498b793c6,2026-09-25T20:05:00Z,New York Yankees,Baltimore Orioles,coolbet,totals,Under,6.5,1.96
2026-09-25T07:14:12Z,scheduled,d4b069a134ec3ae75f0a644498b793c6,2026-09-25T20:05:00Z,New York Yankees,Baltimore Orioles,fanduel,h2h,Baltimore Orioles,,2.14
2026-09-25T07:14:12Z,scheduled,d4b069a134ec3ae75f0a644498b793c6,2026-09-25T20:05:00Z,New York Yankees,Baltimore Orioles,fanduel,h2h,New York Yankees,,1.75
2026-09-25T07:14:12Z,scheduled,d4b069a134ec3ae75f0a644498b793c6,2026-09-25T20:05:00Z,New York Yankees,Baltimore Orioles,fanduel,spreads,Baltimore Orioles,1.5,1.45
2026-09-25T07:14:12Z,scheduled,d4b069a134ec3ae75f0a644498b793c6,2026-09-25T20:05:00Z,New York Yankees,Baltimore Orioles,fanduel,spreads,New York Yankees,-1.5,2.8
2026-09-25T07:14:12Z,scheduled,d4b069a134ec3ae75f0a644498b793c6,2026-09-25T20:05:00Z,New York Yankees,Baltimore Orioles,fanduel,totals,Over,6.5,1.83
2026-09-25T07:14:12Z,scheduled,d4b069a134ec3ae75f0a644498b793c6,2026-09-25T20:05:00Z,New York Yankees,Baltimore Orioles,fanduel,totals,Under,6.5,1.98
2026-09-25T07:14:12Z,scheduled,d4b069a134ec3ae75f0a644498b793c6,2026-09-25T20:05:00Z,New York Yankees,Baltimore Orioles,betrivers,h2h,Baltimore Orioles,,2.12
2026-09-25T07:14:12Z,scheduled,d4b069a134ec3ae75f0a644498b793c6,2026-09-25T20:05:00Z,New York Yankees,Baltimore Orioles,betrivers,h2h,New York Yankees,,1.74
2026-09-25T07:14:12Z,scheduled,d4b069a134ec3ae75f0a644498b793c6,2026-09-25T20:05:00Z,New York Yankees,Baltimore Orioles,betrivers,spreads,Baltimore Orioles,1.5,1.48
2026-09-25T07:14:12Z,scheduled,d4b069a134ec3ae75f0a644498b793c6,2026-09-25T20:05:00Z,New York Yankees,Baltimore Orioles,betrivers,spreads,New York Yankees,-1.5,2.7
2026-09-25T07:14:12Z,scheduled,d4b069a134ec3ae75f0a644498b793c6,2026-09-25T20:05:00Z,New York Yankees,Baltimore Orioles,betrivers,totals,Over,6.5,1.83
2026-09-25T07:14:12Z,scheduled,d4b069a134ec3ae75f0a644498b793c6,2026-09-25T20:05:00Z,New York Yankees,Baltimore Orioles,betrivers,totals,Under,6.5,1.97
2026-09-25T07:14:12Z,scheduled,d4b069a134ec3ae75f0a644498b793c6,2026-09-25T20:05:00Z,New York Yankees,Baltimore Orioles,betfair_ex_eu,h2h,Baltimore Orioles,,2.22
2026-09-25T07:14:12Z,scheduled,d4b069a134ec3ae75f0a644498b793c6,2026-09-25T20:05:00Z,New York Yankees,Baltimore Orioles,betfair_ex_eu,h2h,New York Yankees,,1.72
2026-09-25T07:14:12Z,scheduled,d4b069a134ec3ae75f0a644498b793c6,2026-09-25T20:05:00Z,New York Yankees,Baltimore Orioles,betfair_ex_eu,h2h_lay,Baltimore Orioles,,2.38
2026-09-25T07:14:12Z,scheduled,d4b069a134ec3ae75f0a644498b793c6,2026-09-25T20:05:00Z,New York Yankees,Baltimore Orioles,betfair_ex_eu,h2h_lay,New York Yankees,,1.82
2026-09-25T07:14:12Z,scheduled,c1c95aa0c77e6735bae6602eec2b42be,2026-09-25T22:06:00Z,Boston Red Sox,Chicago Cubs,fanduel,h2h,Boston Red Sox,,1.98
2026-09-25T07:14:12Z,scheduled,c1c95aa0c77e6735bae6602eec2b42be,2026-09-25T22:06:00Z,Boston Red Sox,Chicago Cubs,fanduel,h2h,Chicago Cubs,,1.86
2026-09-25T07:14:12Z,scheduled,c1c95aa0c77e6735bae6602eec2b42be,2026-09-25T22:06:00Z,Boston Red Sox,Chicago Cubs,fanduel,spreads,Boston Red Sox,1.5,1.51
2026-09-25T07:14:12Z,scheduled,c1c95aa0c77e6735bae6602eec2b42be,2026-09-25T22:06:00Z,Boston Red Sox,Chicago Cubs,fanduel,spreads,Chicago Cubs,-1.5,2.62
2026-09-25T07:14:12Z,scheduled,c1c95aa0c77e6735bae6602eec2b42be,2026-09-25T22:06:00Z,Boston Red Sox,Chicago Cubs,fanduel,totals,Over,6.5,1.88
2026-09-25T07:14:12Z,scheduled,c1c95aa0c77e6735bae6602eec2b42be,2026-09-25T22:06:00Z,Boston Red Sox,Chicago Cubs,fanduel,totals,Under,6.5,1.94
2026-09-25T07:14:12Z,scheduled,c1c95aa0c77e6735bae6602eec2b42be,2026-09-25T22:06:00Z,Boston Red Sox,Chicago Cubs,betsson,h2h,Boston Red Sox,,1.95
2026-09-25T07:14:12Z,scheduled,c1c95aa0c77e6735bae6602eec2b42be,2026-09-25T22:06:00Z,Boston Red Sox,Chicago Cubs,betsson,h2h,Chicago Cubs,,1.85
2026-09-25T07:14:12Z,scheduled,c1c95aa0c77e6735bae6602eec2b42be,2026-09-25T22:06:00Z,Boston Red Sox,Chicago Cubs,betsson,spreads,Boston Red Sox,1.5,1.49
2026-09-25T07:14:12Z,scheduled,c1c95aa0c77e6735bae6602eec2b42be,2026-09-25T22:06:00Z,Boston Red Sox,Chicago Cubs,betsson,spreads,Chicago Cubs,-1.5,2.54
2026-09-25T07:14:12Z,scheduled,c1c95aa0c77e6735bae6602eec2b42be,2026-09-25T22:06:00Z,Boston Red Sox,Chicago Cubs,betsson,totals,Over,6.5,1.86
2026-09-25T07:14:12Z,scheduled,c1c95aa0c77e6735bae6602eec2b42be,2026-09-25T22:06:00Z,Boston Red Sox,Chicago Cubs,betsson,totals,Under,6.5,1.9
2026-09-25T07:14:12Z,scheduled,c1c95aa0c77e6735bae6602eec2b42be,2026-09-25T22:06:00Z,Boston Red Sox,Chicago Cubs,betmgm,h2h,Boston Red Sox,,1.95
2026-09-25T07:14:12Z,scheduled,c1c95aa0c77e6735bae6602eec2b42be,2026-09-25T22:06:00Z,Boston Red Sox,Chicago Cubs,betmgm,h2h,Chicago Cubs,,1.87
2026-09-25T07:14:12Z,scheduled,c1c95aa0c77e6735bae6602eec2b42be,2026-09-25T22:06:00Z,Boston Red Sox,Chicago Cubs,betmgm,spreads,Boston Red Sox,1.5,1.53
2026-09-25T07:14:12Z,scheduled,c1c95aa0c77e6735bae6602eec2b42be,2026-09-25T22:06:00Z,Boston Red Sox,Chicago Cubs,betmgm,spreads,Chicago Cubs,-1.5,2.55
2026-09-25T07:14:12Z,scheduled,c1c95aa0c77e6735bae6602eec2b42be,2026-09-25T22:06:00Z,Boston Red Sox,Chicago Cubs,betmgm,totals,Over,6.5,1.95
2026-09-25T07:14:12Z,scheduled,c1c95aa0c77e6735bae6602eec2b42be,2026-09-25T22:06:00Z,Boston Red Sox,Chicago Cubs,betmgm,totals,Under,6.5,1.87
2026-09-25T07:14:12Z,scheduled,c1c95aa0c77e6735bae6602eec2b42be,2026-09-25T22:06:00Z,Boston Red Sox,Chicago Cubs,draftkings,h2h,Boston Red Sox,,1.95
2026-09-25T07:14:12Z,scheduled,c1c95aa0c77e6735bae6602eec2b42be,2026-09-25T22:06:00Z,Boston Red Sox,Chicago Cubs,draftkings,h2h,Chicago Cubs,,1.87
2026-09-25T07:14:12Z,scheduled,c1c95aa0c77e6735bae6602eec2b42be,2026-09-25T22:06:00Z,Boston Red Sox,Chicago Cubs,draftkings,spreads,Boston Red Sox,1.5,1.55
2026-09-25T07:14:12Z,scheduled,c1c95aa0c77e6735bae6602eec2b42be,2026-09-25T22:06:00Z,Boston Red Sox,Chicago Cubs,draftkings,spreads,Chicago Cubs,-1.5,2.5
2026-09-25T07:14:12Z,scheduled,c1c95aa0c77e6735bae6602eec2b42be,2026-09-25T22:06:00Z,Boston Red Sox,Chicago Cubs,draftkings,totals,Over,6.5,1.95
2026-09-25T07:14:12Z,scheduled,c1c95aa0c77e6735bae6602eec2b42be,2026-09-25T22:06:00Z,Boston Red Sox,Chicago Cubs,draftkings,totals,Under,6.5,1.87
2026-09-25T07:14:12Z,scheduled,c1c95aa0c77e6735bae6602eec2b42be,2026-09-25T22:06:00Z,Boston Red Sox,Chicago Cubs,coolbet,h2h,Boston Red Sox,,1.96
2026-09-25T07:14:12Z,scheduled,c1c95aa0c77e6735bae6602eec2b42be,2026-09-25T22:06:00Z,Boston Red Sox,Chicago Cubs,coolbet,h2h,Chicago Cubs,,1.85
2026-09-25T07:14:12Z,scheduled,c1c95aa0c77e6735bae6602eec2b42be,2026-09-25T22:06:00Z,Boston Red Sox,Chicago Cubs,coolbet,spreads,Boston Red Sox,1.5,1.52
2026-09-25T07:14:12Z,scheduled,c1c95aa0c77e6735bae6602eec2b42be,2026-09-25T22:06:00Z,Boston Red Sox,Chicago Cubs,coolbet,spreads,Chicago Cubs,-1.5,2.55
2026-09-25T07:14:12Z,scheduled,c1c95aa0c77e6735bae6602eec2b42be,2026-09-25T22:06:00Z,Boston Red Sox,Chicago Cubs,coolbet,totals,Over,6.5,1.92
2026-09-25T07:14:12Z,scheduled,c1c95aa0c77e6735bae6602eec2b42be,2026-09-25T22:06:00Z,Boston Red Sox,Chicago Cubs,coolbet,totals,Under,6.5,1.89
2026-09-25T07:14:12Z,scheduled,c1c95aa0c77e6735bae6602eec2b42be,2026-09-25T22:06:00Z,Boston Red Sox,Chicago Cubs,betrivers,h2h,Boston Red Sox,,1.96
2026-09-25T07:14:12Z,scheduled,c1c95aa0c77e6735bae6602eec2b42be,2026-09-25T22:06:00Z,Boston Red Sox,Chicago Cubs,betrivers,h2h,Chicago Cubs,,1.87
2026-09-25T07:14:12Z,scheduled,c1c95aa0c77e6735bae6602eec2b42be,2026-09-25T22:06:00Z,Boston Red Sox,Chicago Cubs,betrivers,spreads,Boston Red Sox,1.5,1.5
2026-09-25T07:14:12Z,scheduled,c1c95aa0c77e6735bae6602eec2b42be,2026-09-25T22:06:00Z,Boston Red Sox,Chicago Cubs,betrivers,spreads,Chicago Cubs,-1.5,2.6
2026-09-25T07:14:12Z,scheduled,c1c95aa0c77e6735bae6602eec2b42be,2026-09-25T22:06:00Z,Boston Red Sox,Chicago Cubs,betrivers,totals,Over,6.5,1.89
2026-09-25T07:14:12Z,scheduled,c1c95aa0c77e6735bae6602eec2b42be,2026-09-25T22:06:00Z,Boston Red Sox,Chicago Cubs,betrivers,totals,Under,6.5,1.92
2026-09-25T07:14:12Z,scheduled,c1c95aa0c77e6735bae6602eec2b42be,2026-09-25T22:06:00Z,Boston Red Sox,Chicago Cubs,betfair_ex_eu,h2h,Boston Red Sox,,1.98
2026-09-25T07:14:12Z,scheduled,c1c95aa0c77e6735bae6602eec2b42be,2026-09-25T22:06:00Z,Boston Red Sox,Chicago Cubs,betfair_ex_eu,h2h,Chicago Cubs,,1.87
2026-09-25T07:14:12Z,scheduled,c1c95aa0c77e6735bae6602eec2b42be,2026-09-25T22:06:00Z,Boston Red Sox,Chicago Cubs,betfair_ex_eu,h2h_lay,Boston Red Sox,,2.16
2026-09-25T07:14:12Z,scheduled,c1c95aa0c77e6735bae6602eec2b42be,2026-09-25T22:06:00Z,Boston Red Sox,Chicago Cubs,betfair_ex_eu,h2h_lay,Chicago Cubs,,2.02
2026-09-25T07:14:12Z,scheduled,c1c95aa0c77e6735bae6602eec2b42be,2026-09-25T22:06:00Z,Boston Red Sox,Chicago Cubs,matchbook,h2h,Boston Red Sox,,1.98
2026-09-25T07:14:12Z,scheduled,c1c95aa0c77e6735bae6602eec2b42be,2026-09-25T22:06:00Z,Boston Red Sox,Chicago Cubs,matchbook,h2h,Chicago Cubs,,1.87
2026-09-25T07:14:12Z,scheduled,c1c95aa0c77e6735bae6602eec2b42be,2026-09-25T22:06:00Z,Boston Red Sox,Chicago Cubs,matchbook,h2h_lay,Boston Red Sox,,2.16
2026-09-25T07:14:12Z,scheduled,c1c95aa0c77e6735bae6602eec2b42be,2026-09-25T22:06:00Z,Boston Red Sox,Chicago Cubs,matchbook,h2h_lay,Chicago Cubs,,2.02
2026-09-25T07:14:12Z,scheduled,3aa03f1c80c2ca97a49e0b7548d9e647,2026-09-25T22:41:00Z,Detroit Tigers,Pittsburgh Pirates,fanduel,h2h,Detroit Tigers,,1.93
2026-09-25T07:14:12Z,scheduled,3aa03f1c80c2ca97a49e0b7548d9e647,2026-09-25T22:41:00Z,Detroit Tigers,Pittsburgh Pirates,fanduel,h2h,Pittsburgh Pirates,,1.93
2026-09-25T07:14:12Z,scheduled,3aa03f1c80c2ca97a49e0b7548d9e647,2026-09-25T22:41:00Z,Detroit Tigers,Pittsburgh Pirates,fanduel,spreads,Detroit Tigers,1.5,1.52
2026-09-25T07:14:12Z,scheduled,3aa03f1c80c2ca97a49e0b7548d9e647,2026-09-25T22:41:00Z,Detroit Tigers,Pittsburgh Pirates,fanduel,spreads,Pittsburgh Pirates,-1.5,2.6
2026-09-25T07:14:12Z,scheduled,3aa03f1c80c2ca97a49e0b7548d9e647,2026-09-25T22:41:00Z,Detroit Tigers,Pittsburgh Pirates,fanduel,totals,Over,7.5,1.72
2026-09-25T07:14:12Z,scheduled,3aa03f1c80c2ca97a49e0b7548d9e647,2026-09-25T22:41:00Z,Detroit Tigers,Pittsburgh Pirates,fanduel,totals,Under,7.5,2.12
2026-09-25T07:14:12Z,scheduled,3aa03f1c80c2ca97a49e0b7548d9e647,2026-09-25T22:41:00Z,Detroit Tigers,Pittsburgh Pirates,coolbet,h2h,Detroit Tigers,,1.91
2026-09-25T07:14:12Z,scheduled,3aa03f1c80c2ca97a49e0b7548d9e647,2026-09-25T22:41:00Z,Detroit Tigers,Pittsburgh Pirates,coolbet,h2h,Pittsburgh Pirates,,1.91
2026-09-25T07:14:12Z,scheduled,3aa03f1c80c2ca97a49e0b7548d9e647,2026-09-25T22:41:00Z,Detroit Tigers,Pittsburgh Pirates,coolbet,spreads,Detroit Tigers,1.5,1.52
2026-09-25T07:14:12Z,scheduled,3aa03f1c80c2ca97a49e0b7548d9e647,2026-09-25T22:41:00Z,Detroit Tigers,Pittsburgh Pirates,coolbet,spreads,Pittsburgh Pirates,-1.5,2.55
2026-09-25T07:14:12Z,scheduled,3aa03f1c80c2ca97a49e0b7548d9e647,2026-09-25T22:41:00Z,Detroit Tigers,Pittsburgh Pirates,coolbet,totals,Over,8.0,1.95
2026-09-25T07:14:12Z,scheduled,3aa03f1c80c2ca97a49e0b7548d9e647,2026-09-25T22:41:00Z,Detroit Tigers,Pittsburgh Pirates,coolbet,totals,Under,8.0,1.87
2026-09-25T07:14:12Z,scheduled,3aa03f1c80c2ca97a49e0b7548d9e647,2026-09-25T22:41:00Z,Detroit Tigers,Pittsburgh Pirates,betsson,h2h,Detroit Tigers,,1.89
2026-09-25T07:14:12Z,scheduled,3aa03f1c80c2ca97a49e0b7548d9e647,2026-09-25T22:41:00Z,Detroit Tigers,Pittsburgh Pirates,betsson,h2h,Pittsburgh Pirates,,1.91
2026-09-25T07:14:12Z,scheduled,3aa03f1c80c2ca97a49e0b7548d9e647,2026-09-25T22:41:00Z,Detroit Tigers,Pittsburgh Pirates,betsson,spreads,Detroit Tigers,-1.5,2.75
2026-09-25T07:14:12Z,scheduled,3aa03f1c80c2ca97a49e0b7548d9e647,2026-09-25T22:41:00Z,Detroit Tigers,Pittsburgh Pirates,betsson,spreads,Pittsburgh Pirates,1.5,1.43
2026-09-25T07:14:12Z,scheduled,3aa03f1c80c2ca97a49e0b7548d9e647,2026-09-25T22:41:00Z,Detroit Tigers,Pittsburgh Pirates,betsson,totals,Over,8.0,1.9
2026-09-25T07:14:12Z,scheduled,3aa03f1c80c2ca97a49e0b7548d9e647,2026-09-25T22:41:00Z,Detroit Tigers,Pittsburgh Pirates,betsson,totals,Under,8.0,1.86
2026-09-25T07:14:12Z,scheduled,3aa03f1c80c2ca97a49e0b7548d9e647,2026-09-25T22:41:00Z,Detroit Tigers,Pittsburgh Pirates,draftkings,h2h,Detroit Tigers,,1.91
2026-09-25T07:14:12Z,scheduled,3aa03f1c80c2ca97a49e0b7548d9e647,2026-09-25T22:41:00Z,Detroit Tigers,Pittsburgh Pirates,draftkings,h2h,Pittsburgh Pirates,,1.92
2026-09-25T07:14:12Z,scheduled,3aa03f1c80c2ca97a49e0b7548d9e647,2026-09-25T22:41:00Z,Detroit Tigers,Pittsburgh Pirates,draftkings,spreads,Detroit Tigers,1.5,1.52
2026-09-25T07:14:12Z,scheduled,3aa03f1c80c2ca97a49e0b7548d9e647,2026-09-25T22:41:00Z,Detroit Tigers,Pittsburgh Pirates,draftkings,spreads,Pittsburgh Pirates,-1.5,2.58
2026-09-25T07:14:12Z,scheduled,3aa03f1c80c2ca97a49e0b7548d9e647,2026-09-25T22:41:00Z,Detroit Tigers,Pittsburgh Pirates,draftkings,totals,Over,8.0,1.98
2026-09-25T07:14:12Z,scheduled,3aa03f1c80c2ca97a49e0b7548d9e647,2026-09-25T22:41:00Z,Detroit Tigers,Pittsburgh Pirates,draftkings,totals,Under,8.0,1.85
2026-09-25T07:14:12Z,scheduled,3aa03f1c80c2ca97a49e0b7548d9e647,2026-09-25T22:41:00Z,Detroit Tigers,Pittsburgh Pirates,betmgm,h2h,Detroit Tigers,,1.91
2026-09-25T07:14:12Z,scheduled,3aa03f1c80c2ca97a49e0b7548d9e647,2026-09-25T22:41:00Z,Detroit Tigers,Pittsburgh Pirates,betmgm,h2h,Pittsburgh Pirates,,1.91
2026-09-25T07:14:12Z,scheduled,3aa03f1c80c2ca97a49e0b7548d9e647,2026-09-25T22:41:00Z,Detroit Tigers,Pittsburgh Pirates,betmgm,spreads,Detroit Tigers,1.5,1.53
2026-09-25T07:14:12Z,scheduled,3aa03f1c80c2ca97a49e0b7548d9e647,2026-09-25T22:41:00Z,Detroit Tigers,Pittsburgh Pirates,betmgm,spreads,Pittsburgh Pirates,-1.5,2.55
2026-09-25T07:14:12Z,scheduled,3aa03f1c80c2ca97a49e0b7548d9e647,2026-09-25T22:41:00Z,Detroit Tigers,Pittsburgh Pirates,betmgm,totals,Over,8.0,1.98
2026-09-25T07:14:12Z,scheduled,3aa03f1c80c2ca97a49e0b7548d9e647,2026-09-25T22:41:00Z,Detroit Tigers,Pittsburgh Pirates,betmgm,totals,Under,8.0,1.85
2026-09-25T07:14:12Z,scheduled,3aa03f1c80c2ca97a49e0b7548d9e647,2026-09-25T22:41:00Z,Detroit Tigers,Pittsburgh Pirates,matchbook,h2h,Detroit Tigers,,1.97
2026-09-25T07:14:12Z,scheduled,3aa03f1c80c2ca97a49e0b7548d9e647,2026-09-25T22:41:00Z,Detroit Tigers,Pittsburgh Pirates,matchbook,h2h,Pittsburgh Pirates,,1.97
2026-09-25T07:14:12Z,scheduled,3aa03f1c80c2ca97a49e0b7548d9e647,2026-09-25T22:41:00Z,Detroit Tigers,Pittsburgh Pirates,matchbook,h2h_lay,Detroit Tigers,,2.04
2026-09-25T07:14:12Z,scheduled,3aa03f1c80c2ca97a49e0b7548d9e647,2026-09-25T22:41:00Z,Detroit Tigers,Pittsburgh Pirates,matchbook,h2h_lay,Pittsburgh Pirates,,2.04
2026-09-25T07:14:12Z,scheduled,3aa03f1c80c2ca97a49e0b7548d9e647,2026-09-25T22:41:00Z,Detroit Tigers,Pittsburgh Pirates,matchbook,spreads,Detroit Tigers,1.5,1.53
2026-09-25T07:14:12Z,scheduled,3aa03f1c80c2ca97a49e0b7548d9e647,2026-09-25T22:41:00Z,Detroit Tigers,Pittsburgh Pirates,matchbook,spreads,Pittsburgh Pirates,-1.5,2.6
2026-09-25T07:14:12Z,scheduled,3aa03f1c80c2ca97a49e0b7548d9e647,2026-09-25T22:41:00Z,Detroit Tigers,Pittsburgh Pirates,matchbook,totals,Over,7.5,1.86
2026-09-25T07:14:12Z,scheduled,3aa03f1c80c2ca97a49e0b7548d9e647,2026-09-25T22:41:00Z,Detroit Tigers,Pittsburgh Pirates,matchbook,totals,Under,7.5,2.02
2026-09-25T07:14:12Z,scheduled,3aa03f1c80c2ca97a49e0b7548d9e647,2026-09-25T22:41:00Z,Detroit Tigers,Pittsburgh Pirates,betrivers,h2h,Detroit Tigers,,1.91
2026-09-25T07:14:12Z,scheduled,3aa03f1c80c2ca97a49e0b7548d9e647,2026-09-25T22:41:00Z,Detroit Tigers,Pittsburgh Pirates,betrivers,h2h,Pittsburgh Pirates,,1.93
2026-09-25T07:14:12Z,scheduled,3aa03f1c80c2ca97a49e0b7548d9e647,2026-09-25T22:41:00Z,Detroit Tigers,Pittsburgh Pirates,betrivers,spreads,Detroit Tigers,1.5,1.55
2026-09-25T07:14:12Z,scheduled,3aa03f1c80c2ca97a49e0b7548d9e647,2026-09-25T22:41:00Z,Detroit Tigers,Pittsburgh Pirates,betrivers,spreads,Pittsburgh Pirates,-1.5,2.48
2026-09-25T07:14:12Z,scheduled,3aa03f1c80c2ca97a49e0b7548d9e647,2026-09-25T22:41:00Z,Detroit Tigers,Pittsburgh Pirates,betrivers,totals,Over,8.0,1.88
2026-09-25T07:14:12Z,scheduled,3aa03f1c80c2ca97a49e0b7548d9e647,2026-09-25T22:41:00Z,Detroit Tigers,Pittsburgh Pirates,betrivers,totals,Under,8.0,1.8
2026-09-25T07:14:12Z,scheduled,3aa03f1c80c2ca97a49e0b7548d9e647,2026-09-25T22:41:00Z,Detroit Tigers,Pittsburgh Pirates,pinnacle,h2h,Detroit Tigers,,1.95
2026-09-25T07:14:12Z,scheduled,3aa03f1c80c2ca97a49e0b7548d9e647,2026-09-25T22:41:00Z,Detroit Tigers,Pittsburgh Pirates,pinnacle,h2h,Pittsburgh Pirates,,1.95
2026-09-25T07:14:12Z,scheduled,3aa03f1c80c2ca97a49e0b7548d9e647,2026-09-25T22:41:00Z,Detroit Tigers,Pittsburgh Pirates,pinnacle,spreads,Detroit Tigers,1.5,1.55
2026-09-25T07:14:12Z,scheduled,3aa03f1c80c2ca97a49e0b7548d9e647,2026-09-25T22:41:00Z,Detroit Tigers,Pittsburgh Pirates,pinnacle,spreads,Pittsburgh Pirates,-1.5,2.58
2026-09-25T07:14:12Z,scheduled,3aa03f1c80c2ca97a49e0b7548d9e647,2026-09-25T22:41:00Z,Detroit Tigers,Pittsburgh Pirates,pinnacle,totals,Over,8.0,2.01
2026-09-25T07:14:12Z,scheduled,3aa03f1c80c2ca97a49e0b7548d9e647,2026-09-25T22:41:00Z,Detroit Tigers,Pittsburgh Pirates,pinnacle,totals,Under,8.0,1.86
2026-09-25T07:14:12Z,scheduled,3aa03f1c80c2ca97a49e0b7548d9e647,2026-09-25T22:41:00Z,Detroit Tigers,Pittsburgh Pirates,betfair_ex_eu,h2h,Detroit Tigers,,1.97
2026-09-25T07:14:12Z,scheduled,3aa03f1c80c2ca97a49e0b7548d9e647,2026-09-25T22:41:00Z,Detroit Tigers,Pittsburgh Pirates,betfair_ex_eu,h2h,Pittsburgh Pirates,,1.97
2026-09-25T07:14:12Z,scheduled,3aa03f1c80c2ca97a49e0b7548d9e647,2026-09-25T22:41:00Z,Detroit Tigers,Pittsburgh Pirates,betfair_ex_eu,h2h_lay,Detroit Tigers,,2.04
2026-09-25T07:14:12Z,scheduled,3aa03f1c80c2ca97a49e0b7548d9e647,2026-09-25T22:41:00Z,Detroit Tigers,Pittsburgh Pirates,betfair_ex_eu,h2h_lay,Pittsburgh Pirates,,2.04
2026-09-25T07:14:12Z,scheduled,6e8b1f358bb5c3837f473e61ecb68650,2026-09-25T22:41:00Z,Philadelphia Phillies,Tampa Bay Rays,fanduel,h2h,Philadelphia Phillies,,1.6
2026-09-25T07:14:12Z,scheduled,6e8b1f358bb5c3837f473e61ecb68650,2026-09-25T22:41:00Z,Philadelphia Phillies,Tampa Bay Rays,fanduel,h2h,Tampa Bay Rays,,2.4
2026-09-25T07:14:12Z,scheduled,6e8b1f358bb5c3837f473e61ecb68650,2026-09-25T22:41:00Z,Philadelphia Phillies,Tampa Bay Rays,fanduel,spreads,Philadelphia Phillies,-1.5,2.46
2026-09-25T07:14:12Z,scheduled,6e8b1f358bb5c3837f473e61ecb68650,2026-09-25T22:41:00Z,Philadelphia Phillies,Tampa Bay Rays,fanduel,spreads,Tampa Bay Rays,1.5,1.57
2026-09-25T07:14:12Z,scheduled,6e8b1f358bb5c3837f473e61ecb68650,2026-09-25T22:41:00Z,Philadelphia Phillies,Tampa Bay Rays,fanduel,totals,Over,6.5,1.88
2026-09-25T07:14:12Z,scheduled,6e8b1f358bb5c3837f473e61ecb68650,2026-09-25T22:41:00Z,Philadelphia Phillies,Tampa Bay Rays,fanduel,totals,Under,6.5,1.94
2026-09-25T07:14:12Z,scheduled,6e8b1f358bb5c3837f473e61ecb68650,2026-09-25T22:41:00Z,Philadelphia Phillies,Tampa Bay Rays,coolbet,h2h,Philadelphia Phillies,,1.59
2026-09-25T07:14:12Z,scheduled,6e8b1f358bb5c3837f473e61ecb68650,2026-09-25T22:41:00Z,Philadelphia Phillies,Tampa Bay Rays,coolbet,h2h,Tampa Bay Rays,,2.37
2026-09-25T07:14:12Z,scheduled,6e8b1f358bb5c3837f473e61ecb68650,2026-09-25T22:41:00Z,Philadelphia Phillies,Tampa Bay Rays,coolbet,spreads,Philadelphia Phillies,-1.5,2.42
2026-09-25T07:14:12Z,scheduled,6e8b1f358bb5c3837f473e61ecb68650,2026-09-25T22:41:00Z,Philadelphia Phillies,Tampa Bay Rays,coolbet,spreads,Tampa Bay Rays,1.5,1.57
2026-09-25T07:14:12Z,scheduled,6e8b1f358bb5c3837f473e61ecb68650,2026-09-25T22:41:00Z,Philadelphia Phillies,Tampa Bay Rays,coolbet,totals,Over,6.5,1.85
2026-09-25T07:14:12Z,scheduled,6e8b1f358bb5c3837f473e61ecb68650,2026-09-25T22:41:00Z,Philadelphia Phillies,Tampa Bay Rays,coolbet,totals,Under,6.5,1.96
2026-09-25T07:14:12Z,scheduled,6e8b1f358bb5c3837f473e61ecb68650,2026-09-25T22:41:00Z,Philadelphia Phillies,Tampa Bay Rays,betsson,h2h,Philadelphia Phillies,,1.61
2026-09-25T07:14:12Z,scheduled,6e8b1f358bb5c3837f473e61ecb68650,2026-09-25T22:41:00Z,Philadelphia Phillies,Tampa Bay Rays,betsson,h2h,Tampa Bay Rays,,2.33
2026-09-25T07:14:12Z,scheduled,6e8b1f358bb5c3837f473e61ecb68650,2026-09-25T22:41:00Z,Philadelphia Phillies,Tampa Bay Rays,betsson,spreads,Philadelphia Phillies,-1.5,2.27
2026-09-25T07:14:12Z,scheduled,6e8b1f358bb5c3837f473e61ecb68650,2026-09-25T22:41:00Z,Philadelphia Phillies,Tampa Bay Rays,betsson,spreads,Tampa Bay Rays,1.5,1.6
2026-09-25T07:14:12Z,scheduled,6e8b1f358bb5c3837f473e61ecb68650,2026-09-25T22:41:00Z,Philadelphia Phillies,Tampa Bay Rays,betsson,totals,Over,6.5,1.8
2026-09-25T07:14:12Z,scheduled,6e8b1f358bb5c3837f473e61ecb68650,2026-09-25T22:41:00Z,Philadelphia Phillies,Tampa Bay Rays,betsson,totals,Under,6.5,1.97
2026-09-25T07:14:12Z,scheduled,6e8b1f358bb5c3837f473e61ecb68650,2026-09-25T22:41:00Z,Philadelphia Phillies,Tampa Bay Rays,draftkings,h2h,Philadelphia Phillies,,1.6
2026-09-25T07:14:12Z,scheduled,6e8b1f358bb5c3837f473e61ecb68650,2026-09-25T22:41:00Z,Philadelphia Phillies,Tampa Bay Rays,draftkings,h2h,Tampa Bay Rays,,2.37
2026-09-25T07:14:12Z,scheduled,6e8b1f358bb5c3837f473e61ecb68650,2026-09-25T22:41:00Z,Philadelphia Phillies,Tampa Bay Rays,draftkings,spreads,Philadelphia Phillies,-1.5,2.41
2026-09-25T07:14:12Z,scheduled,6e8b1f358bb5c3837f473e61ecb68650,2026-09-25T22:41:00Z,Philadelphia Phillies,Tampa Bay Rays,draftkings,spreads,Tampa Bay Rays,1.5,1.58
2026-09-25T07:14:12Z,scheduled,6e8b1f358bb5c3837f473e61ecb68650,2026-09-25T22:41:00Z,Philadelphia Phillies,Tampa Bay Rays,draftkings,totals,Over,6.5,1.87
2026-09-25T07:14:12Z,scheduled,6e8b1f358bb5c3837f473e61ecb68650,2026-09-25T22:41:00Z,Philadelphia Phillies,Tampa Bay Rays,draftkings,totals,Under,6.5,1.95
2026-09-25T07:14:12Z,scheduled,6e8b1f358bb5c3837f473e61ecb68650,2026-09-25T22:41:00Z,Philadelphia Phillies,Tampa Bay Rays,betrivers,h2h,Philadelphia Phillies,,1.62
2026-09-25T07:14:12Z,scheduled,6e8b1f358bb5c3837f473e61ecb68650,2026-09-25T22:41:00Z,Philadelphia Phillies,Tampa Bay Rays,betrivers,h2h,Tampa Bay Rays,,2.35
2026-09-25T07:14:12Z,scheduled,6e8b1f358bb5c3837f473e61ecb68650,2026-09-25T22:41:00Z,Philadelphia Phillies,Tampa Bay Rays,betrivers,spreads,Philadelphia Phillies,-1.5,2.2
2026-09-25T07:14:12Z,scheduled,6e8b1f358bb5c3837f473e61ecb68650,2026-09-25T22:41:00Z,Philadelphia Phillies,Tampa Bay Rays,betrivers,spreads,Tampa Bay Rays,1.5,1.68
2026-09-25T07:14:12Z,scheduled,6e8b1f358bb5c3837f473e61ecb68650,2026-09-25T22:41:00Z,Philadelphia Phillies,Tampa Bay Rays,betrivers,totals,Over,6.5,1.85
2026-09-25T07:14:12Z,scheduled,6e8b1f358bb5c3837f473e61ecb68650,2026-09-25T22:41:00Z,Philadelphia Phillies,Tampa Bay Rays,betrivers,totals,Under,6.5,1.95
2026-09-25T07:14:12Z,scheduled,6e8b1f358bb5c3837f473e61ecb68650,2026-09-25T22:41:00Z,Philadelphia Phillies,Tampa Bay Rays,betmgm,h2h,Philadelphia Phillies,,1.59
2026-09-25T07:14:12Z,scheduled,6e8b1f358bb5c3837f473e61ecb68650,2026-09-25T22:41:00Z,Philadelphia Phillies,Tampa Bay Rays,betmgm,h2h,Tampa Bay Rays,,2.4
2026-09-25T07:14:12Z,scheduled,6e8b1f358bb5c3837f473e61ecb68650,2026-09-25T22:41:00Z,Philadelphia Phillies,Tampa Bay Rays,betmgm,spreads,Philadelphia Phillies,-1.5,2.4
2026-09-25T07:14:12Z,scheduled,6e8b1f358bb5c3837f473e61ecb68650,2026-09-25T22:41:00Z,Philadelphia Phillies,Tampa Bay Rays,betmgm,spreads,Tampa Bay Rays,1.5,1.59
2026-09-25T07:14:12Z,scheduled,6e8b1f358bb5c3837f473e61ecb68650,2026-09-25T22:41:00Z,Philadelphia Phillies,Tampa Bay Rays,betmgm,totals,Over,6.5,1.87
2026-09-25T07:14:12Z,scheduled,6e8b1f358bb5c3837f473e61ecb68650,2026-09-25T22:41:00Z,Philadelphia Phillies,Tampa Bay Rays,betmgm,totals,Under,6.5,1.95
2026-09-25T07:14:12Z,scheduled,6e8b1f358bb5c3837f473e61ecb68650,2026-09-25T22:41:00Z,Philadelphia Phillies,Tampa Bay Rays,matchbook,h2h,Philadelphia Phillies,,1.62
2026-09-25T07:14:12Z,scheduled,6e8b1f358bb5c3837f473e61ecb68650,2026-09-25T22:41:00Z,Philadelphia Phillies,Tampa Bay Rays,matchbook,h2h,Tampa Bay Rays,,2.52
2026-09-25T07:14:12Z,scheduled,6e8b1f358bb5c3837f473e61ecb68650,2026-09-25T22:41:00Z,Philadelphia Phillies,Tampa Bay Rays,matchbook,h2h_lay,Philadelphia Phillies,,1.66
2026-09-25T07:14:12Z,scheduled,6e8b1f358bb5c3837f473e61ecb68650,2026-09-25T22:41:00Z,Philadelphia Phillies,Tampa Bay Rays,matchbook,h2h_lay,Tampa Bay Rays,,2.62
2026-09-25T07:14:12Z,scheduled,6e8b1f358bb5c3837f473e61ecb68650,2026-09-25T22:41:00Z,Philadelphia Phillies,Tampa Bay Rays,matchbook,spreads,Philadelphia Phillies,-1.5,2.44
2026-09-25T07:14:12Z,scheduled,6e8b1f358bb5c3837f473e61ecb68650,2026-09-25T22:41:00Z,Philadelphia Phillies,Tampa Bay Rays,matchbook,spreads,Tampa Bay Rays,1.5,1.6
2026-09-25T07:14:12Z,scheduled,6e8b1f358bb5c3837f473e61ecb68650,2026-09-25T22:41:00Z,Philadelphia Phillies,Tampa Bay Rays,matchbook,totals,Over,6.5,1.86
2026-09-25T07:14:12Z,scheduled,6e8b1f358bb5c3837f473e61ecb68650,2026-09-25T22:41:00Z,Philadelphia Phillies,Tampa Bay Rays,matchbook,totals,Under,6.5,2.02
2026-09-25T07:14:12Z,scheduled,6e8b1f358bb5c3837f473e61ecb68650,2026-09-25T22:41:00Z,Philadelphia Phillies,Tampa Bay Rays,pinnacle,h2h,Philadelphia Phillies,,1.61
2026-09-25T07:14:12Z,scheduled,6e8b1f358bb5c3837f473e61ecb68650,2026-09-25T22:41:00Z,Philadelphia Phillies,Tampa Bay Rays,pinnacle,h2h,Tampa Bay Rays,,2.48
2026-09-25T07:14:12Z,scheduled,6e8b1f358bb5c3837f473e61ecb68650,2026-09-25T22:41:00Z,Philadelphia Phillies,Tampa Bay Rays,pinnacle,spreads,Philadelphia Phillies,-1.5,2.45
2026-09-25T07:14:12Z,scheduled,6e8b1f358bb5c3837f473e61ecb68650,2026-09-25T22:41:00Z,Philadelphia Phillies,Tampa Bay Rays,pinnacle,spreads,Tampa Bay Rays,1.5,1.61
2026-09-25T07:14:12Z,scheduled,6e8b1f358bb5c3837f473e61ecb68650,2026-09-25T22:41:00Z,Philadelphia Phillies,Tampa Bay Rays,pinnacle,totals,Over,6.5,1.86
2026-09-25T07:14:12Z,scheduled,6e8b1f358bb5c3837f473e61ecb68650,2026-09-25T22:41:00Z,Philadelphia Phillies,Tampa Bay Rays,pinnacle,totals,Under,6.5,2.01
2026-09-25T07:14:12Z,scheduled,6e8b1f358bb5c3837f473e61ecb68650,2026-09-25T22:41:00Z,Philadelphia Phillies,Tampa Bay Rays,betfair_ex_eu,h2h,Philadelphia Phillies,,1.62
2026-09-25T07:14:12Z,scheduled,6e8b1f358bb5c3837f473e61ecb68650,2026-09-25T22:41:00Z,Philadelphia Phillies,Tampa Bay Rays,betfair_ex_eu,h2h,Tampa Bay Rays,,2.52
2026-09-25T07:14:12Z,scheduled,6e8b1f358bb5c3837f473e61ecb68650,2026-09-25T22:41:00Z,Philadelphia Phillies,Tampa Bay Rays,betfair_ex_eu,h2h_lay,Philadelphia Phillies,,1.66
2026-09-25T07:14:12Z,scheduled,6e8b1f358bb5c3837f473e61ecb68650,2026-09-25T22:41:00Z,Philadelphia Phillies,Tampa Bay Rays,betfair_ex_eu,h2h_lay,Tampa Bay Rays,,2.62
2026-09-25T07:14:12Z,scheduled,80d706190519a0e4956a64e84e72ed94,2026-09-25T22:46:00Z,Washington Nationals,New York Mets,fanduel,h2h,New York Mets,,1.75
2026-09-25T07:14:12Z,scheduled,80d706190519a0e4956a64e84e72ed94,2026-09-25T22:46:00Z,Washington Nationals,New York Mets,fanduel,h2h,Washington Nationals,,2.14
2026-09-25T07:14:12Z,scheduled,80d706190519a0e4956a64e84e72ed94,2026-09-25T22:46:00Z,Washington Nationals,New York Mets,fanduel,spreads,New York Mets,-1.5,2.28
2026-09-25T07:14:12Z,scheduled,80d706190519a0e4956a64e84e72ed94,2026-09-25T22:46:00Z,Washington Nationals,New York Mets,fanduel,spreads,Washington Nationals,1.5,1.65
2026-09-25T07:14:12Z,scheduled,80d706190519a0e4956a64e84e72ed94,2026-09-25T22:46:00Z,Washington Nationals,New York Mets,fanduel,totals,Over,8.5,2.04
2026-09-25T07:14:12Z,scheduled,80d706190519a0e4956a64e84e72ed94,2026-09-25T22:46:00Z,Washington Nationals,New York Mets,fanduel,totals,Under,8.5,1.78
2026-09-25T07:14:12Z,scheduled,80d706190519a0e4956a64e84e72ed94,2026-09-25T22:46:00Z,Washington Nationals,New York Mets,draftkings,h2h,New York Mets,,1.74
2026-09-25T07:14:12Z,scheduled,80d706190519a0e4956a64e84e72ed94,2026-09-25T22:46:00Z,Washington Nationals,New York Mets,draftkings,h2h,Washington Nationals,,2.13
2026-09-25T07:14:12Z,scheduled,80d706190519a0e4956a64e84e72ed94,2026-09-25T22:46:00Z,Washington Nationals,New York Mets,draftkings,spreads,New York Mets,-1.5,2.23
2026-09-25T07:14:12Z,scheduled,80d706190519a0e4956a64e84e72ed94,2026-09-25T22:46:00Z,Washington Nationals,New York Mets,draftkings,spreads,Washington Nationals,1.5,1.67
2026-09-25T07:14:12Z,scheduled,80d706190519a0e4956a64e84e72ed94,2026-09-25T22:46:00Z,Washington Nationals,New York Mets,draftkings,totals,Over,8.0,1.93
2026-09-25T07:14:12Z,scheduled,80d706190519a0e4956a64e84e72ed94,2026-09-25T22:46:00Z,Washington Nationals,New York Mets,draftkings,totals,Under,8.0,1.89
2026-09-25T07:14:12Z,scheduled,80d706190519a0e4956a64e84e72ed94,2026-09-25T22:46:00Z,Washington Nationals,New York Mets,betsson,h2h,New York Mets,,1.72
2026-09-25T07:14:12Z,scheduled,80d706190519a0e4956a64e84e72ed94,2026-09-25T22:46:00Z,Washington Nationals,New York Mets,betsson,h2h,Washington Nationals,,2.12
2026-09-25T07:14:12Z,scheduled,80d706190519a0e4956a64e84e72ed94,2026-09-25T22:46:00Z,Washington Nationals,New York Mets,betsson,spreads,New York Mets,-1.5,2.22
2026-09-25T07:14:12Z,scheduled,80d706190519a0e4956a64e84e72ed94,2026-09-25T22:46:00Z,Washington Nationals,New York Mets,betsson,spreads,Washington Nationals,1.5,1.63
2026-09-25T07:14:12Z,scheduled,80d706190519a0e4956a64e84e72ed94,2026-09-25T22:46:00Z,Washington Nationals,New York Mets,betsson,totals,Over,8.0,1.82
2026-09-25T07:14:12Z,scheduled,80d706190519a0e4956a64e84e72ed94,2026-09-25T22:46:00Z,Washington Nationals,New York Mets,betsson,totals,Under,8.0,1.95
2026-09-25T07:14:12Z,scheduled,80d706190519a0e4956a64e84e72ed94,2026-09-25T22:46:00Z,Washington Nationals,New York Mets,coolbet,h2h,New York Mets,,1.73
2026-09-25T07:14:12Z,scheduled,80d706190519a0e4956a64e84e72ed94,2026-09-25T22:46:00Z,Washington Nationals,New York Mets,coolbet,h2h,Washington Nationals,,2.12
2026-09-25T07:14:12Z,scheduled,80d706190519a0e4956a64e84e72ed94,2026-09-25T22:46:00Z,Washington Nationals,New York Mets,coolbet,spreads,New York Mets,-1.5,2.27
2026-09-25T07:14:12Z,scheduled,80d706190519a0e4956a64e84e72ed94,2026-09-25T22:46:00Z,Washington Nationals,New York Mets,coolbet,spreads,Washington Nationals,1.5,1.64
2026-09-25T07:14:12Z,scheduled,80d706190519a0e4956a64e84e72ed94,2026-09-25T22:46:00Z,Washington Nationals,New York Mets,coolbet,totals,Over,8.0,1.89
2026-09-25T07:14:12Z,scheduled,80d706190519a0e4956a64e84e72ed94,2026-09-25T22:46:00Z,Washington Nationals,New York Mets,coolbet,totals,Under,8.0,1.92
2026-09-25T07:14:12Z,scheduled,80d706190519a0e4956a64e84e72ed94,2026-09-25T22:46:00Z,Washington Nationals,New York Mets,betmgm,h2h,New York Mets,,1.71
2026-09-25T07:14:12Z,scheduled,80d706190519a0e4956a64e84e72ed94,2026-09-25T22:46:00Z,Washington Nationals,New York Mets,betmgm,h2h,Washington Nationals,,2.15
2026-09-25T07:14:12Z,scheduled,80d706190519a0e4956a64e84e72ed94,2026-09-25T22:46:00Z,Washington Nationals,New York Mets,betmgm,spreads,New York Mets,-1.5,2.25
2026-09-25T07:14:12Z,scheduled,80d706190519a0e4956a64e84e72ed94,2026-09-25T22:46:00Z,Washington Nationals,New York Mets,betmgm,spreads,Washington Nationals,1.5,1.65
2026-09-25T07:14:12Z,scheduled,80d706190519a0e4956a64e84e72ed94,2026-09-25T22:46:00Z,Washington Nationals,New York Mets,betmgm,totals,Over,8.0,1.91
2026-09-25T07:14:12Z,scheduled,80d706190519a0e4956a64e84e72ed94,2026-09-25T22:46:00Z,Washington Nationals,New York Mets,betmgm,totals,Under,8.0,1.91
2026-09-25T07:14:12Z,scheduled,80d706190519a0e4956a64e84e72ed94,2026-09-25T22:46:00Z,Washington Nationals,New York Mets,betrivers,h2h,New York Mets,,1.74
2026-09-25T07:14:12Z,scheduled,80d706190519a0e4956a64e84e72ed94,2026-09-25T22:46:00Z,Washington Nationals,New York Mets,betrivers,h2h,Washington Nationals,,2.14
2026-09-25T07:14:12Z,scheduled,80d706190519a0e4956a64e84e72ed94,2026-09-25T22:46:00Z,Washington Nationals,New York Mets,betrivers,spreads,New York Mets,-1.5,2.23
2026-09-25T07:14:12Z,scheduled,80d706190519a0e4956a64e84e72ed94,2026-09-25T22:46:00Z,Washington Nationals,New York Mets,betrivers,spreads,Washington Nationals,1.5,1.67
2026-09-25T07:14:12Z,scheduled,80d706190519a0e4956a64e84e72ed94,2026-09-25T22:46:00Z,Washington Nationals,New York Mets,betrivers,totals,Over,8.5,2.02
2026-09-25T07:14:12Z,scheduled,80d706190519a0e4956a64e84e72ed94,2026-09-25T22:46:00Z,Washington Nationals,New York Mets,betrivers,totals,Under,8.5,1.81
2026-09-25T07:14:12Z,scheduled,80d706190519a0e4956a64e84e72ed94,2026-09-25T22:46:00Z,Washington Nationals,New York Mets,betfair_ex_eu,h2h,New York Mets,,1.78
2026-09-25T07:14:12Z,scheduled,80d706190519a0e4956a64e84e72ed94,2026-09-25T22:46:00Z,Washington Nationals,New York Mets,betfair_ex_eu,h2h,Washington Nationals,,2.12
2026-09-25T07:14:12Z,scheduled,80d706190519a0e4956a64e84e72ed94,2026-09-25T22:46:00Z,Washington Nationals,New York Mets,betfair_ex_eu,h2h_lay,New York Mets,,1.89
2026-09-25T07:14:12Z,scheduled,80d706190519a0e4956a64e84e72ed94,2026-09-25T22:46:00Z,Washington Nationals,New York Mets,betfair_ex_eu,h2h_lay,Washington Nationals,,2.3
2026-09-25T07:14:12Z,scheduled,80d706190519a0e4956a64e84e72ed94,2026-09-25T22:46:00Z,Washington Nationals,New York Mets,matchbook,h2h,New York Mets,,1.76
2026-09-25T07:14:12Z,scheduled,80d706190519a0e4956a64e84e72ed94,2026-09-25T22:46:00Z,Washington Nationals,New York Mets,matchbook,h2h,Washington Nationals,,2.12
2026-09-25T07:14:12Z,scheduled,80d706190519a0e4956a64e84e72ed94,2026-09-25T22:46:00Z,Washington Nationals,New York Mets,matchbook,h2h_lay,New York Mets,,1.89
2026-09-25T07:14:12Z,scheduled,80d706190519a0e4956a64e84e72ed94,2026-09-25T22:46:00Z,Washington Nationals,New York Mets,matchbook,h2h_lay,Washington Nationals,,2.3
2026-09-25T07:14:12Z,scheduled,890be5ce6e3ea3d7c6f0b76bd9a0e45a,2026-09-25T23:08:00Z,Toronto Blue Jays,Cincinnati Reds,fanduel,h2h,Cincinnati Reds,,2.16
2026-09-25T07:14:12Z,scheduled,890be5ce6e3ea3d7c6f0b76bd9a0e45a,2026-09-25T23:08:00Z,Toronto Blue Jays,Cincinnati Reds,fanduel,h2h,Toronto Blue Jays,,1.74
2026-09-25T07:14:12Z,scheduled,890be5ce6e3ea3d7c6f0b76bd9a0e45a,2026-09-25T23:08:00Z,Toronto Blue Jays,Cincinnati Reds,fanduel,spreads,Cincinnati Reds,1.5,1.48
2026-09-25T07:14:12Z,scheduled,890be5ce6e3ea3d7c6f0b76bd9a0e45a,2026-09-25T23:08:00Z,Toronto Blue Jays,Cincinnati Reds,fanduel,spreads,Toronto Blue Jays,-1.5,2.72
2026-09-25T07:14:12Z,scheduled,890be5ce6e3ea3d7c6f0b76bd9a0e45a,2026-09-25T23:08:00Z,Toronto Blue Jays,Cincinnati Reds,fanduel,totals,Over,7.5,1.87
2026-09-25T07:14:12Z,scheduled,890be5ce6e3ea3d7c6f0b76bd9a0e45a,2026-09-25T23:08:00Z,Toronto Blue Jays,Cincinnati Reds,fanduel,totals,Under,7.5,1.95
2026-09-25T07:14:12Z,scheduled,890be5ce6e3ea3d7c6f0b76bd9a0e45a,2026-09-25T23:08:00Z,Toronto Blue Jays,Cincinnati Reds,draftkings,h2h,Cincinnati Reds,,2.13
2026-09-25T07:14:12Z,scheduled,890be5ce6e3ea3d7c6f0b76bd9a0e45a,2026-09-25T23:08:00Z,Toronto Blue Jays,Cincinnati Reds,draftkings,h2h,Toronto Blue Jays,,1.74
2026-09-25T07:14:12Z,scheduled,890be5ce6e3ea3d7c6f0b76bd9a0e45a,2026-09-25T23:08:00Z,Toronto Blue Jays,Cincinnati Reds,draftkings,spreads,Cincinnati Reds,1.5,1.51
2026-09-25T07:14:12Z,scheduled,890be5ce6e3ea3d7c6f0b76bd9a0e45a,2026-09-25T23:08:00Z,Toronto Blue Jays,Cincinnati Reds,draftkings,spreads,Toronto Blue Jays,-1.5,2.63
2026-09-25T07:14:12Z,scheduled,890be5ce6e3ea3d7c6f0b76bd9a0e45a,2026-09-25T23:08:00Z,Toronto Blue Jays,Cincinnati Reds,draftkings,totals,Over,7.5,1.89
2026-09-25T07:14:12Z,scheduled,890be5ce6e3ea3d7c6f0b76bd9a0e45a,2026-09-25T23:08:00Z,Toronto Blue Jays,Cincinnati Reds,draftkings,totals,Under,7.5,1.93
2026-09-25T07:14:12Z,scheduled,890be5ce6e3ea3d7c6f0b76bd9a0e45a,2026-09-25T23:08:00Z,Toronto Blue Jays,Cincinnati Reds,coolbet,h2h,Cincinnati Reds,,2.12
2026-09-25T07:14:12Z,scheduled,890be5ce6e3ea3d7c6f0b76bd9a0e45a,2026-09-25T23:08:00Z,Toronto Blue Jays,Cincinnati Reds,coolbet,h2h,Toronto Blue Jays,,1.73
2026-09-25T07:14:12Z,scheduled,890be5ce6e3ea3d7c6f0b76bd9a0e45a,2026-09-25T23:08:00Z,Toronto Blue Jays,Cincinnati Reds,coolbet,spreads,Cincinnati Reds,-1.5,2.67
2026-09-25T07:14:12Z,scheduled,890be5ce6e3ea3d7c6f0b76bd9a0e45a,2026-09-25T23:08:00Z,Toronto Blue Jays,Cincinnati Reds,coolbet,spreads,Toronto Blue Jays,1.5,1.48
2026-09-25T07:14:12Z,scheduled,890be5ce6e3ea3d7c6f0b76bd9a0e45a,2026-09-25T23:08:00Z,Toronto Blue Jays,Cincinnati Reds,coolbet,totals,Over,7.5,1.89
2026-09-25T07:14:12Z,scheduled,890be5ce6e3ea3d7c6f0b76bd9a0e45a,2026-09-25T23:08:00Z,Toronto Blue Jays,Cincinnati Reds,coolbet,totals,Under,7.5,1.92
2026-09-25T07:14:12Z,scheduled,890be5ce6e3ea3d7c6f0b76bd9a0e45a,2026-09-25T23:08:00Z,Toronto Blue Jays,Cincinnati Reds,betsson,h2h,Cincinnati Reds,,2.12
2026-09-25T07:14:12Z,scheduled,890be5ce6e3ea3d7c6f0b76bd9a0e45a,2026-09-25T23:08:00Z,Toronto Blue Jays,Cincinnati Reds,betsson,h2h,Toronto Blue Jays,,1.72
2026-09-25T07:14:12Z,scheduled,890be5ce6e3ea3d7c6f0b76bd9a0e45a,2026-09-25T23:08:00Z,Toronto Blue Jays,Cincinnati Reds,betsson,spreads,Cincinnati Reds,1.5,1.53
2026-09-25T07:14:12Z,scheduled,890be5ce6e3ea3d7c6f0b76bd9a0e45a,2026-09-25T23:08:00Z,Toronto Blue Jays,Cincinnati Reds,betsson,spreads,Toronto Blue Jays,-1.5,2.45
2026-09-25T07:14:12Z,scheduled,890be5ce6e3ea3d7c6f0b76bd9a0e45a,2026-09-25T23:08:00Z,Toronto Blue Jays,Cincinnati Reds,betsson,totals,Over,7.5,1.8
2026-09-25T07:14:12Z,scheduled,890be5ce6e3ea3d7c6f0b76bd9a0e45a,2026-09-25T23:08:00Z,Toronto Blue Jays,Cincinnati Reds,betsson,totals,Under,7.5,1.97
2026-09-25T07:14:12Z,scheduled,890be5ce6e3ea3d7c6f0b76bd9a0e45a,2026-09-25T23:08:00Z,Toronto Blue Jays,Cincinnati Reds,betmgm,h2h,Cincinnati Reds,,2.15
2026-09-25T07:14:12Z,scheduled,890be5ce6e3ea3d7c6f0b76bd9a0e45a,2026-09-25T23:08:00Z,Toronto Blue Jays,Cincinnati Reds,betmgm,h2h,Toronto Blue Jays,,1.71
2026-09-25T07:14:12Z,scheduled,890be5ce6e3ea3d7c6f0b76bd9a0e45a,2026-09-25T23:08:00Z,Toronto Blue Jays,Cincinnati Reds,betmgm,spreads,Cincinnati Reds,1.5,1.48
2026-09-25T07:14:12Z,scheduled,890be5ce6e3ea3d7c6f0b76bd9a0e45a,2026-09-25T23:08:00Z,Toronto Blue Jays,Cincinnati Reds,betmgm,spreads,Toronto Blue Jays,-1.5,2.7
2026-09-25T07:14:12Z,scheduled,890be5ce6e3ea3d7c6f0b76bd9a0e45a,2026-09-25T23:08:00Z,Toronto Blue Jays,Cincinnati Reds,betmgm,totals,Over,7.5,1.87
2026-09-25T07:14:12Z,scheduled,890be5ce6e3ea3d7c6f0b76bd9a0e45a,2026-09-25T23:08:00Z,Toronto Blue Jays,Cincinnati Reds,betmgm,totals,Under,7.5,1.95
2026-09-25T07:14:12Z,scheduled,890be5ce6e3ea3d7c6f0b76bd9a0e45a,2026-09-25T23:08:00Z,Toronto Blue Jays,Cincinnati Reds,betrivers,h2h,Cincinnati Reds,,2.14
2026-09-25T07:14:12Z,scheduled,890be5ce6e3ea3d7c6f0b76bd9a0e45a,2026-09-25T23:08:00Z,Toronto Blue Jays,Cincinnati Reds,betrivers,h2h,Toronto Blue Jays,,1.74
2026-09-25T07:14:12Z,scheduled,890be5ce6e3ea3d7c6f0b76bd9a0e45a,2026-09-25T23:08:00Z,Toronto Blue Jays,Cincinnati Reds,betrivers,spreads,Cincinnati Reds,1.5,1.53
2026-09-25T07:14:12Z,scheduled,890be5ce6e3ea3d7c6f0b76bd9a0e45a,2026-09-25T23:08:00Z,Toronto Blue Jays,Cincinnati Reds,betrivers,spreads,Toronto Blue Jays,-1.5,2.55
2026-09-25T07:14:12Z,scheduled,890be5ce6e3ea3d7c6f0b76bd9a0e45a,2026-09-25T23:08:00Z,Toronto Blue Jays,Cincinnati Reds,betrivers,totals,Over,7.5,1.87
2026-09-25T07:14:12Z,scheduled,890be5ce6e3ea3d7c6f0b76bd9a0e45a,2026-09-25T23:08:00Z,Toronto Blue Jays,Cincinnati Reds,betrivers,totals,Under,7.5,1.94
2026-09-25T07:14:12Z,scheduled,890be5ce6e3ea3d7c6f0b76bd9a0e45a,2026-09-25T23:08:00Z,Toronto Blue Jays,Cincinnati Reds,betfair_ex_eu,h2h,Cincinnati Reds,,2.14
2026-09-25T07:14:12Z,scheduled,890be5ce6e3ea3d7c6f0b76bd9a0e45a,2026-09-25T23:08:00Z,Toronto Blue Jays,Cincinnati Reds,betfair_ex_eu,h2h,Toronto Blue Jays,,1.76
2026-09-25T07:14:12Z,scheduled,890be5ce6e3ea3d7c6f0b76bd9a0e45a,2026-09-25T23:08:00Z,Toronto Blue Jays,Cincinnati Reds,betfair_ex_eu,h2h_lay,Cincinnati Reds,,2.34
2026-09-25T07:14:12Z,scheduled,890be5ce6e3ea3d7c6f0b76bd9a0e45a,2026-09-25T23:08:00Z,Toronto Blue Jays,Cincinnati Reds,betfair_ex_eu,h2h_lay,Toronto Blue Jays,,1.88
2026-09-25T07:14:12Z,scheduled,890be5ce6e3ea3d7c6f0b76bd9a0e45a,2026-09-25T23:08:00Z,Toronto Blue Jays,Cincinnati Reds,matchbook,h2h,Cincinnati Reds,,2.12
2026-09-25T07:14:12Z,scheduled,890be5ce6e3ea3d7c6f0b76bd9a0e45a,2026-09-25T23:08:00Z,Toronto Blue Jays,Cincinnati Reds,matchbook,h2h,Toronto Blue Jays,,1.74
2026-09-25T07:14:12Z,scheduled,890be5ce6e3ea3d7c6f0b76bd9a0e45a,2026-09-25T23:08:00Z,Toronto Blue Jays,Cincinnati Reds,matchbook,h2h_lay,Cincinnati Reds,,2.36
2026-09-25T07:14:12Z,scheduled,890be5ce6e3ea3d7c6f0b76bd9a0e45a,2026-09-25T23:08:00Z,Toronto Blue Jays,Cincinnati Reds,matchbook,h2h_lay,Toronto Blue Jays,,1.9
2026-09-25T07:14:12Z,scheduled,2d3d378044cc538b0a3d77acaacd15a1,2026-09-25T23:11:00Z,Miami Marlins,Atlanta Braves,fanduel,h2h,Atlanta Braves,,1.81
2026-09-25T07:14:12Z,scheduled,2d3d378044cc538b0a3d77acaacd15a1,2026-09-25T23:11:00Z,Miami Marlins,Atlanta Braves,fanduel,h2h,Miami Marlins,,2.06
2026-09-25T07:14:12Z,scheduled,2d3d378044cc538b0a3d77acaacd15a1,2026-09-25T23:11:00Z,Miami Marlins,Atlanta Braves,fanduel,spreads,Atlanta Braves,-1.5,2.3
2026-09-25T07:14:12Z,scheduled,2d3d378044cc538b0a3d77acaacd15a1,2026-09-25T23:11:00Z,Miami Marlins,Atlanta Braves,fanduel,spreads,Miami Marlins,1.5,1.62
2026-09-25T07:14:12Z,scheduled,2d3d378044cc538b0a3d77acaacd15a1,2026-09-25T23:11:00Z,Miami Marlins,Atlanta Braves,fanduel,totals,Over,8.5,2.04
2026-09-25T07:14:12Z,scheduled,2d3d378044cc538b0a3d77acaacd15a1,2026-09-25T23:11:00Z,Miami Marlins,Atlanta Braves,fanduel,totals,Under,8.5,1.78
2026-09-25T07:14:12Z,scheduled,2d3d378044cc538b0a3d77acaacd15a1,2026-09-25T23:11:00Z,Miami Marlins,Atlanta Braves,draftkings,h2h,Atlanta Braves,,1.79
2026-09-25T07:14:12Z,scheduled,2d3d378044cc538b0a3d77acaacd15a1,2026-09-25T23:11:00Z,Miami Marlins,Atlanta Braves,draftkings,h2h,Miami Marlins,,2.04
2026-09-25T07:14:12Z,scheduled,2d3d378044cc538b0a3d77acaacd15a1,2026-09-25T23:11:00Z,Miami Marlins,Atlanta Braves,draftkings,spreads,Atlanta Braves,-1.5,2.35
2026-09-25T07:14:12Z,scheduled,2d3d378044cc538b0a3d77acaacd15a1,2026-09-25T23:11:00Z,Miami Marlins,Atlanta Braves,draftkings,spreads,Miami Marlins,1.5,1.61
2026-09-25T07:14:12Z,scheduled,2d3d378044cc538b0a3d77acaacd15a1,2026-09-25T23:11:00Z,Miami Marlins,Atlanta Braves,draftkings,totals,Over,8.0,1.88
2026-09-25T07:14:12Z,scheduled,2d3d378044cc538b0a3d77acaacd15a1,2026-09-25T23:11:00Z,Miami Marlins,Atlanta Braves,draftkings,totals,Under,8.0,1.94
2026-09-25T07:14:12Z,scheduled,2d3d378044cc538b0a3d77acaacd15a1,2026-09-25T23:11:00Z,Miami Marlins,Atlanta Braves,betsson,h2h,Atlanta Braves,,1.78
2026-09-25T07:14:12Z,scheduled,2d3d378044cc538b0a3d77acaacd15a1,2026-09-25T23:11:00Z,Miami Marlins,Atlanta Braves,betsson,h2h,Miami Marlins,,2.03
2026-09-25T07:14:12Z,scheduled,2d3d378044cc538b0a3d77acaacd15a1,2026-09-25T23:11:00Z,Miami Marlins,Atlanta Braves,betsson,spreads,Atlanta Braves,-1.5,2.27
2026-09-25T07:14:12Z,scheduled,2d3d378044cc538b0a3d77acaacd15a1,2026-09-25T23:11:00Z,Miami Marlins,Atlanta Braves,betsson,spreads,Miami Marlins,1.5,1.6
2026-09-25T07:14:12Z,scheduled,2d3d378044cc538b0a3d77acaacd15a1,2026-09-25T23:11:00Z,Miami Marlins,Atlanta Braves,betsson,totals,Over,8.0,1.8
2026-09-25T07:14:12Z,scheduled,2d3d378044cc538b0a3d77acaacd15a1,2026-09-25T23:11:00Z,Miami Marlins,Atlanta Braves,betsson,totals,Under,8.0,1.97
2026-09-25T07:14:12Z,scheduled,2d3d378044cc538b0a3d77acaacd15a1,2026-09-25T23:11:00Z,Miami Marlins,Atlanta Braves,coolbet,h2h,Atlanta Braves,,1.8
2026-09-25T07:14:12Z,scheduled,2d3d378044cc538b0a3d77acaacd15a1,2026-09-25T23:11:00Z,Miami Marlins,Atlanta Braves,coolbet,h2h,Miami Marlins,,2.02
2026-09-25T07:14:12Z,scheduled,2d3d378044cc538b0a3d77acaacd15a1,2026-09-25T23:11:00Z,Miami Marlins,Atlanta Braves,coolbet,spreads,Atlanta Braves,-1.5,2.33
2026-09-25T07:14:12Z,scheduled,2d3d378044cc538b0a3d77acaacd15a1,2026-09-25T23:11:00Z,Miami Marlins,Atlanta Braves,coolbet,spreads,Miami Marlins,1.5,1.61
2026-09-25T07:14:12Z,scheduled,2d3d378044cc538b0a3d77acaacd15a1,2026-09-25T23:11:00Z,Miami Marlins,Atlanta Braves,coolbet,totals,Over,8.0,1.89
2026-09-25T07:14:12Z,scheduled,2d3d378044cc538b0a3d77acaacd15a1,2026-09-25T23:11:00Z,Miami Marlins,Atlanta Braves,coolbet,totals,Under,8.0,1.92
2026-09-25T07:14:12Z,scheduled,2d3d378044cc538b0a3d77acaacd15a1,2026-09-25T23:11:00Z,Miami Marlins,Atlanta Braves,betmgm,h2h,Atlanta Braves,,1.8
2026-09-25T07:14:12Z,scheduled,2d3d378044cc538b0a3d77acaacd15a1,2026-09-25T23:11:00Z,Miami Marlins,Atlanta Braves,betmgm,h2h,Miami Marlins,,2.05
2026-09-25T07:14:12Z,scheduled,2d3d378044cc538b0a3d77acaacd15a1,2026-09-25T23:11:00Z,Miami Marlins,Atlanta Braves,betmgm,spreads,Atlanta Braves,-1.5,2.35
2026-09-25T07:14:12Z,scheduled,2d3d378044cc538b0a3d77acaacd15a1,2026-09-25T23:11:00Z,Miami Marlins,Atlanta Braves,betmgm,spreads,Miami Marlins,1.5,1.61
2026-09-25T07:14:12Z,scheduled,2d3d378044cc538b0a3d77acaacd15a1,2026-09-25T23:11:00Z,Miami Marlins,Atlanta Braves,betmgm,totals,Over,8.0,1.87
2026-09-25T07:14:12Z,scheduled,2d3d378044cc538b0a3d77acaacd15a1,2026-09-25T23:11:00Z,Miami Marlins,Atlanta Braves,betmgm,totals,Under,8.0,1.95
2026-09-25T07:14:12Z,scheduled,2d3d378044cc538b0a3d77acaacd15a1,2026-09-25T23:11:00Z,Miami Marlins,Atlanta Braves,betrivers,h2h,Atlanta Braves,,1.81
2026-09-25T07:14:12Z,scheduled,2d3d378044cc538b0a3d77acaacd15a1,2026-09-25T23:11:00Z,Miami Marlins,Atlanta Braves,betrivers,h2h,Miami Marlins,,2.05
2026-09-25T07:14:12Z,scheduled,2d3d378044cc538b0a3d77acaacd15a1,2026-09-25T23:11:00Z,Miami Marlins,Atlanta Braves,betrivers,spreads,Atlanta Braves,-1.5,2.33
2026-09-25T07:14:12Z,scheduled,2d3d378044cc538b0a3d77acaacd15a1,2026-09-25T23:11:00Z,Miami Marlins,Atlanta Braves,betrivers,spreads,Miami Marlins,1.5,1.61
2026-09-25T07:14:12Z,scheduled,2d3d378044cc538b0a3d77acaacd15a1,2026-09-25T23:11:00Z,Miami Marlins,Atlanta Braves,betrivers,totals,Over,8.5,2.0
2026-09-25T07:14:12Z,scheduled,2d3d378044cc538b0a3d77acaacd15a1,2026-09-25T23:11:00Z,Miami Marlins,Atlanta Braves,betrivers,totals,Under,8.5,1.82
2026-09-25T07:14:12Z,scheduled,2d3d378044cc538b0a3d77acaacd15a1,2026-09-25T23:11:00Z,Miami Marlins,Atlanta Braves,betfair_ex_eu,h2h,Atlanta Braves,,1.84
2026-09-25T07:14:12Z,scheduled,2d3d378044cc538b0a3d77acaacd15a1,2026-09-25T23:11:00Z,Miami Marlins,Atlanta Braves,betfair_ex_eu,h2h,Miami Marlins,,2.06
2026-09-25T07:14:12Z,scheduled,2d3d378044cc538b0a3d77acaacd15a1,2026-09-25T23:11:00Z,Miami Marlins,Atlanta Braves,betfair_ex_eu,h2h_lay,Atlanta Braves,,1.94
2026-09-25T07:14:12Z,scheduled,2d3d378044cc538b0a3d77acaacd15a1,2026-09-25T23:11:00Z,Miami Marlins,Atlanta Braves,betfair_ex_eu,h2h_lay,Miami Marlins,,2.22
2026-09-25T07:14:12Z,scheduled,2d3d378044cc538b0a3d77acaacd15a1,2026-09-25T23:11:00Z,Miami Marlins,Atlanta Braves,matchbook,h2h,Atlanta Braves,,1.83
2026-09-25T07:14:12Z,scheduled,2d3d378044cc538b0a3d77acaacd15a1,2026-09-25T23:11:00Z,Miami Marlins,Atlanta Braves,matchbook,h2h,Miami Marlins,,2.06
2026-09-25T07:14:12Z,scheduled,2d3d378044cc538b0a3d77acaacd15a1,2026-09-25T23:11:00Z,Miami Marlins,Atlanta Braves,matchbook,h2h_lay,Atlanta Braves,,1.94
2026-09-25T07:14:12Z,scheduled,2d3d378044cc538b0a3d77acaacd15a1,2026-09-25T23:11:00Z,Miami Marlins,Atlanta Braves,matchbook,h2h_lay,Miami Marlins,,2.24
2026-09-25T07:14:12Z,scheduled,b6829a3017da7786aceea335c5c36bb3,2026-09-25T23:40:00Z,Chicago White Sox,Colorado Rockies,draftkings,h2h,Chicago White Sox,,1.43
2026-09-25T07:14:12Z,scheduled,b6829a3017da7786aceea335c5c36bb3,2026-09-25T23:40:00Z,Chicago White Sox,Colorado Rockies,draftkings,h2h,Colorado Rockies,,2.87
2026-09-25T07:14:12Z,scheduled,b6829a3017da7786aceea335c5c36bb3,2026-09-25T23:40:00Z,Chicago White Sox,Colorado Rockies,draftkings,spreads,Chicago White Sox,-1.5,1.94
2026-09-25T07:14:12Z,scheduled,b6829a3017da7786aceea335c5c36bb3,2026-09-25T23:40:00Z,Chicago White Sox,Colorado Rockies,draftkings,spreads,Colorado Rockies,1.5,1.88
2026-09-25T07:14:12Z,scheduled,b6829a3017da7786aceea335c5c36bb3,2026-09-25T23:40:00Z,Chicago White Sox,Colorado Rockies,draftkings,totals,Over,8.0,1.87
2026-09-25T07:14:12Z,scheduled,b6829a3017da7786aceea335c5c36bb3,2026-09-25T23:40:00Z,Chicago White Sox,Colorado Rockies,draftkings,totals,Under,8.0,1.95
2026-09-25T07:14:12Z,scheduled,b6829a3017da7786aceea335c5c36bb3,2026-09-25T23:40:00Z,Chicago White Sox,Colorado Rockies,betsson,h2h,Chicago White Sox,,1.44
2026-09-25T07:14:12Z,scheduled,b6829a3017da7786aceea335c5c36bb3,2026-09-25T23:40:00Z,Chicago White Sox,Colorado Rockies,betsson,h2h,Colorado Rockies,,2.78
2026-09-25T07:14:12Z,scheduled,b6829a3017da7786aceea335c5c36bb3,2026-09-25T23:40:00Z,Chicago White Sox,Colorado Rockies,betsson,spreads,Chicago White Sox,-1.5,1.93
2026-09-25T07:14:12Z,scheduled,b6829a3017da7786aceea335c5c36bb3,2026-09-25T23:40:00Z,Chicago White Sox,Colorado Rockies,betsson,spreads,Colorado Rockies,1.5,1.83
2026-09-25T07:14:12Z,scheduled,b6829a3017da7786aceea335c5c36bb3,2026-09-25T23:40:00Z,Chicago White Sox,Colorado Rockies,betsson,totals,Over,8.5,1.95
2026-09-25T07:14:12Z,scheduled,b6829a3017da7786aceea335c5c36bb3,2026-09-25T23:40:00Z,Chicago White Sox,Colorado Rockies,betsson,totals,Under,8.5,1.82
2026-09-25T07:14:12Z,scheduled,b6829a3017da7786aceea335c5c36bb3,2026-09-25T23:40:00Z,Chicago White Sox,Colorado Rockies,fanduel,h2h,Chicago White Sox,,1.43
2026-09-25T07:14:12Z,scheduled,b6829a3017da7786aceea335c5c36bb3,2026-09-25T23:40:00Z,Chicago White Sox,Colorado Rockies,fanduel,h2h,Colorado Rockies,,2.94
2026-09-25T07:14:12Z,scheduled,b6829a3017da7786aceea335c5c36bb3,2026-09-25T23:40:00Z,Chicago White Sox,Colorado Rockies,fanduel,spreads,Chicago White Sox,-1.5,2.0
2026-09-25T07:14:12Z,scheduled,b6829a3017da7786aceea335c5c36bb3,2026-09-25T23:40:00Z,Chicago White Sox,Colorado Rockies,fanduel,spreads,Colorado Rockies,1.5,1.83
2026-09-25T07:14:12Z,scheduled,b6829a3017da7786aceea335c5c36bb3,2026-09-25T23:40:00Z,Chicago White Sox,Colorado Rockies,fanduel,totals,Over,8.5,2.1
2026-09-25T07:14:12Z,scheduled,b6829a3017da7786aceea335c5c36bb3,2026-09-25T23:40:00Z,Chicago White Sox,Colorado Rockies,fanduel,totals,Under,8.5,1.75
2026-09-25T07:14:12Z,scheduled,b6829a3017da7786aceea335c5c36bb3,2026-09-25T23:40:00Z,Chicago White Sox,Colorado Rockies,coolbet,h2h,Chicago White Sox,,1.43
2026-09-25T07:14:12Z,scheduled,b6829a3017da7786aceea335c5c36bb3,2026-09-25T23:40:00Z,Chicago White Sox,Colorado Rockies,coolbet,h2h,Colorado Rockies,,2.85
2026-09-25T07:14:12Z,scheduled,b6829a3017da7786aceea335c5c36bb3,2026-09-25T23:40:00Z,Chicago White Sox,Colorado Rockies,coolbet,spreads,Chicago White Sox,-1.5,2.0
2026-09-25T07:14:12Z,scheduled,b6829a3017da7786aceea335c5c36bb3,2026-09-25T23:40:00Z,Chicago White Sox,Colorado Rockies,coolbet,spreads,Colorado Rockies,1.5,1.82
2026-09-25T07:14:12Z,scheduled,b6829a3017da7786aceea335c5c36bb3,2026-09-25T23:40:00Z,Chicago White Sox,Colorado Rockies,coolbet,totals,Over,8.0,1.87
2026-09-25T07:14:12Z,scheduled,b6829a3017da7786aceea335c5c36bb3,2026-09-25T23:40:00Z,Chicago White Sox,Colorado Rockies,coolbet,totals,Under,8.0,1.95
2026-09-25T07:14:12Z,scheduled,b6829a3017da7786aceea335c5c36bb3,2026-09-25T23:40:00Z,Chicago White Sox,Colorado Rockies,betmgm,h2h,Chicago White Sox,,1.44
2026-09-25T07:14:12Z,scheduled,b6829a3017da7786aceea335c5c36bb3,2026-09-25T23:40:00Z,Chicago White Sox,Colorado Rockies,betmgm,h2h,Colorado Rockies,,2.85
2026-09-25T07:14:12Z,scheduled,b6829a3017da7786aceea335c5c36bb3,2026-09-25T23:40:00Z,Chicago White Sox,Colorado Rockies,betmgm,spreads,Chicago White Sox,-1.5,1.95
2026-09-25T07:14:12Z,scheduled,b6829a3017da7786aceea335c5c36bb3,2026-09-25T23:40:00Z,Chicago White Sox,Colorado Rockies,betmgm,spreads,Colorado Rockies,1.5,1.87
2026-09-25T07:14:12Z,scheduled,b6829a3017da7786aceea335c5c36bb3,2026-09-25T23:40:00Z,Chicago White Sox,Colorado Rockies,betmgm,totals,Over,8.0,1.91
2026-09-25T07:14:12Z,scheduled,b6829a3017da7786aceea335c5c36bb3,2026-09-25T23:40:00Z,Chicago White Sox,Colorado Rockies,betmgm,totals,Under,8.0,1.91
2026-09-25T07:14:12Z,scheduled,b6829a3017da7786aceea335c5c36bb3,2026-09-25T23:40:00Z,Chicago White Sox,Colorado Rockies,matchbook,h2h,Chicago White Sox,,1.47
2026-09-25T07:14:12Z,scheduled,b6829a3017da7786aceea335c5c36bb3,2026-09-25T23:40:00Z,Chicago White Sox,Colorado Rockies,matchbook,h2h,Colorado Rockies,,2.98
2026-09-25T07:14:12Z,scheduled,b6829a3017da7786aceea335c5c36bb3,2026-09-25T23:40:00Z,Chicago White Sox,Colorado Rockies,matchbook,h2h_lay,Chicago White Sox,,1.51
2026-09-25T07:14:12Z,scheduled,b6829a3017da7786aceea335c5c36bb3,2026-09-25T23:40:00Z,Chicago White Sox,Colorado Rockies,matchbook,h2h_lay,Colorado Rockies,,3.1
2026-09-25T07:14:12Z,scheduled,b6829a3017da7786aceea335c5c36bb3,2026-09-25T23:40:00Z,Chicago White Sox,Colorado Rockies,matchbook,spreads,Chicago White Sox,-1.5,1.99
2026-09-25T07:14:12Z,scheduled,b6829a3017da7786aceea335c5c36bb3,2026-09-25T23:40:00Z,Chicago White Sox,Colorado Rockies,matchbook,spreads,Colorado Rockies,1.5,1.89
2026-09-25T07:14:12Z,scheduled,b6829a3017da7786aceea335c5c36bb3,2026-09-25T23:40:00Z,Chicago White Sox,Colorado Rockies,matchbook,totals,Over,8.5,2.02
2026-09-25T07:14:12Z,scheduled,b6829a3017da7786aceea335c5c36bb3,2026-09-25T23:40:00Z,Chicago White Sox,Colorado Rockies,matchbook,totals,Under,8.5,1.85
2026-09-25T07:14:12Z,scheduled,b6829a3017da7786aceea335c5c36bb3,2026-09-25T23:40:00Z,Chicago White Sox,Colorado Rockies,pinnacle,h2h,Chicago White Sox,,1.46
2026-09-25T07:14:12Z,scheduled,b6829a3017da7786aceea335c5c36bb3,2026-09-25T23:40:00Z,Chicago White Sox,Colorado Rockies,pinnacle,h2h,Colorado Rockies,,2.91
2026-09-25T07:14:12Z,scheduled,b6829a3017da7786aceea335c5c36bb3,2026-09-25T23:40:00Z,Chicago White Sox,Colorado Rockies,pinnacle,spreads,Chicago White Sox,-1.5,2.01
2026-09-25T07:14:12Z,scheduled,b6829a3017da7786aceea335c5c36bb3,2026-09-25T23:40:00Z,Chicago White Sox,Colorado Rockies,pinnacle,spreads,Colorado Rockies,1.5,1.88
2026-09-25T07:14:12Z,scheduled,b6829a3017da7786aceea335c5c36bb3,2026-09-25T23:40:00Z,Chicago White Sox,Colorado Rockies,pinnacle,totals,Over,8.0,1.87
2026-09-25T07:14:12Z,scheduled,b6829a3017da7786aceea335c5c36bb3,2026-09-25T23:40:00Z,Chicago White Sox,Colorado Rockies,pinnacle,totals,Under,8.0,2.0
2026-09-25T07:14:12Z,scheduled,b6829a3017da7786aceea335c5c36bb3,2026-09-25T23:40:00Z,Chicago White Sox,Colorado Rockies,betrivers,h2h,Chicago White Sox,,1.5
2026-09-25T07:14:12Z,scheduled,b6829a3017da7786aceea335c5c36bb3,2026-09-25T23:40:00Z,Chicago White Sox,Colorado Rockies,betrivers,h2h,Colorado Rockies,,2.63
2026-09-25T07:14:12Z,scheduled,b6829a3017da7786aceea335c5c36bb3,2026-09-25T23:40:00Z,Chicago White Sox,Colorado Rockies,betrivers,spreads,Chicago White Sox,-1.5,1.88
2026-09-25T07:14:12Z,scheduled,b6829a3017da7786aceea335c5c36bb3,2026-09-25T23:40:00Z,Chicago White Sox,Colorado Rockies,betrivers,spreads,Colorado Rockies,1.5,1.93
2026-09-25T07:14:12Z,scheduled,b6829a3017da7786aceea335c5c36bb3,2026-09-25T23:40:00Z,Chicago White Sox,Colorado Rockies,betrivers,totals,Over,8.0,1.8
2026-09-25T07:14:12Z,scheduled,b6829a3017da7786aceea335c5c36bb3,2026-09-25T23:40:00Z,Chicago White Sox,Colorado Rockies,betrivers,totals,Under,8.0,1.88
2026-09-25T07:14:12Z,scheduled,b6829a3017da7786aceea335c5c36bb3,2026-09-25T23:40:00Z,Chicago White Sox,Colorado Rockies,betfair_ex_eu,h2h,Chicago White Sox,,1.47
2026-09-25T07:14:12Z,scheduled,b6829a3017da7786aceea335c5c36bb3,2026-09-25T23:40:00Z,Chicago White Sox,Colorado Rockies,betfair_ex_eu,h2h,Colorado Rockies,,3.0
2026-09-25T07:14:12Z,scheduled,b6829a3017da7786aceea335c5c36bb3,2026-09-25T23:40:00Z,Chicago White Sox,Colorado Rockies,betfair_ex_eu,h2h_lay,Chicago White Sox,,1.5
2026-09-25T07:14:12Z,scheduled,b6829a3017da7786aceea335c5c36bb3,2026-09-25T23:40:00Z,Chicago White Sox,Colorado Rockies,betfair_ex_eu,h2h_lay,Colorado Rockies,,3.1
2026-09-25T07:14:12Z,scheduled,7bd30076728c7fcf1f893c1d269a60af,2026-09-25T23:41:00Z,Kansas City Royals,Cleveland Guardians,fanduel,h2h,Cleveland Guardians,,1.7
2026-09-25T07:14:12Z,scheduled,7bd30076728c7fcf1f893c1d269a60af,2026-09-25T23:41:00Z,Kansas City Royals,Cleveland Guardians,fanduel,h2h,Kansas City Royals,,2.2
2026-09-25T07:14:12Z,scheduled,7bd30076728c7fcf1f893c1d269a60af,2026-09-25T23:41:00Z,Kansas City Royals,Cleveland Guardians,fanduel,spreads,Cleveland Guardians,-1.5,2.22
2026-09-25T07:14:12Z,scheduled,7bd30076728c7fcf1f893c1d269a60af,2026-09-25T23:41:00Z,Kansas City Royals,Cleveland Guardians,fanduel,spreads,Kansas City Royals,1.5,1.68
2026-09-25T07:14:12Z,scheduled,7bd30076728c7fcf1f893c1d269a60af,2026-09-25T23:41:00Z,Kansas City Royals,Cleveland Guardians,fanduel,totals,Over,7.5,1.82
2026-09-25T07:14:12Z,scheduled,7bd30076728c7fcf1f893c1d269a60af,2026-09-25T23:41:00Z,Kansas City Royals,Cleveland Guardians,fanduel,totals,Under,7.5,2.0
2026-09-25T07:14:12Z,scheduled,7bd30076728c7fcf1f893c1d269a60af,2026-09-25T23:41:00Z,Kansas City Royals,Cleveland Guardians,betsson,h2h,Cleveland Guardians,,1.69
2026-09-25T07:14:12Z,scheduled,7bd30076728c7fcf1f893c1d269a60af,2026-09-25T23:41:00Z,Kansas City Royals,Cleveland Guardians,betsson,h2h,Kansas City Royals,,2.16
2026-09-25T07:14:12Z,scheduled,7bd30076728c7fcf1f893c1d269a60af,2026-09-25T23:41:00Z,Kansas City Royals,Cleveland Guardians,betsson,spreads,Cleveland Guardians,-1.5,2.17
2026-09-25T07:14:12Z,scheduled,7bd30076728c7fcf1f893c1d269a60af,2026-09-25T23:41:00Z,Kansas City Royals,Cleveland Guardians,betsson,spreads,Kansas City Royals,1.5,1.66
2026-09-25T07:14:12Z,scheduled,7bd30076728c7fcf1f893c1d269a60af,2026-09-25T23:41:00Z,Kansas City Royals,Cleveland Guardians,betsson,totals,Over,7.5,1.8
2026-09-25T07:14:12Z,scheduled,7bd30076728c7fcf1f893c1d269a60af,2026-09-25T23:41:00Z,Kansas City Royals,Cleveland Guardians,betsson,totals,Under,7.5,1.97
2026-09-25T07:14:12Z,scheduled,7bd30076728c7fcf1f893c1d269a60af,2026-09-25T23:41:00Z,Kansas City Royals,Cleveland Guardians,draftkings,h2h,Cleveland Guardians,,1.7
2026-09-25T07:14:12Z,scheduled,7bd30076728c7fcf1f893c1d269a60af,2026-09-25T23:41:00Z,Kansas City Royals,Cleveland Guardians,draftkings,h2h,Kansas City Royals,,2.18
2026-09-25T07:14:12Z,scheduled,7bd30076728c7fcf1f893c1d269a60af,2026-09-25T23:41:00Z,Kansas City Royals,Cleveland Guardians,draftkings,spreads,Cleveland Guardians,-1.5,2.23
2026-09-25T07:14:12Z,scheduled,7bd30076728c7fcf1f893c1d269a60af,2026-09-25T23:41:00Z,Kansas City Royals,Cleveland Guardians,draftkings,spreads,Kansas City Royals,1.5,1.67
2026-09-25T07:14:12Z,scheduled,7bd30076728c7fcf1f893c1d269a60af,2026-09-25T23:41:00Z,Kansas City Royals,Cleveland Guardians,draftkings,totals,Over,7.5,1.88
2026-09-25T07:14:12Z,scheduled,7bd30076728c7fcf1f893c1d269a60af,2026-09-25T23:41:00Z,Kansas City Royals,Cleveland Guardians,draftkings,totals,Under,7.5,1.95
2026-09-25T07:14:12Z,scheduled,7bd30076728c7fcf1f893c1d269a60af,2026-09-25T23:41:00Z,Kansas City Royals,Cleveland Guardians,coolbet,h2h,Cleveland Guardians,,1.7
2026-09-25T07:14:12Z,scheduled,7bd30076728c7fcf1f893c1d269a60af,2026-09-25T23:41:00Z,Kansas City Royals,Cleveland Guardians,coolbet,h2h,Kansas City Royals,,2.17
2026-09-25T07:14:12Z,scheduled,7bd30076728c7fcf1f893c1d269a60af,2026-09-25T23:41:00Z,Kansas City Royals,Cleveland Guardians,coolbet,spreads,Cleveland Guardians,-1.5,2.2
2026-09-25T07:14:12Z,scheduled,7bd30076728c7fcf1f893c1d269a60af,2026-09-25T23:41:00Z,Kansas City Royals,Cleveland Guardians,coolbet,spreads,Kansas City Royals,1.5,1.68
2026-09-25T07:14:12Z,scheduled,7bd30076728c7fcf1f893c1d269a60af,2026-09-25T23:41:00Z,Kansas City Royals,Cleveland Guardians,coolbet,totals,Over,7.5,1.82
2026-09-25T07:14:12Z,scheduled,7bd30076728c7fcf1f893c1d269a60af,2026-09-25T23:41:00Z,Kansas City Royals,Cleveland Guardians,coolbet,totals,Under,7.5,2.0
2026-09-25T07:14:12Z,scheduled,7bd30076728c7fcf1f893c1d269a60af,2026-09-25T23:41:00Z,Kansas City Royals,Cleveland Guardians,matchbook,h2h,Cleveland Guardians,,1.76
2026-09-25T07:14:12Z,scheduled,7bd30076728c7fcf1f893c1d269a60af,2026-09-25T23:41:00Z,Kansas City Royals,Cleveland Guardians,matchbook,h2h,Kansas City Royals,,2.24
2026-09-25T07:14:12Z,scheduled,7bd30076728c7fcf1f893c1d269a60af,2026-09-25T23:41:00Z,Kansas City Royals,Cleveland Guardians,matchbook,h2h_lay,Cleveland Guardians,,1.8
2026-09-25T07:14:12Z,scheduled,7bd30076728c7fcf1f893c1d269a60af,2026-09-25T23:41:00Z,Kansas City Royals,Cleveland Guardians,matchbook,h2h_lay,Kansas City Royals,,2.32
2026-09-25T07:14:12Z,scheduled,7bd30076728c7fcf1f893c1d269a60af,2026-09-25T23:41:00Z,Kansas City Royals,Cleveland Guardians,matchbook,spreads,Cleveland Guardians,-1.5,2.28
2026-09-25T07:14:12Z,scheduled,7bd30076728c7fcf1f893c1d269a60af,2026-09-25T23:41:00Z,Kansas City Royals,Cleveland Guardians,matchbook,spreads,Kansas City Royals,1.5,1.69
2026-09-25T07:14:12Z,scheduled,7bd30076728c7fcf1f893c1d269a60af,2026-09-25T23:41:00Z,Kansas City Royals,Cleveland Guardians,matchbook,totals,Over,7.5,1.93
2026-09-25T07:14:12Z,scheduled,7bd30076728c7fcf1f893c1d269a60af,2026-09-25T23:41:00Z,Kansas City Royals,Cleveland Guardians,matchbook,totals,Under,7.5,1.96
2026-09-25T07:14:12Z,scheduled,7bd30076728c7fcf1f893c1d269a60af,2026-09-25T23:41:00Z,Kansas City Royals,Cleveland Guardians,betmgm,h2h,Cleveland Guardians,,1.69
2026-09-25T07:14:12Z,scheduled,7bd30076728c7fcf1f893c1d269a60af,2026-09-25T23:41:00Z,Kansas City Royals,Cleveland Guardians,betmgm,h2h,Kansas City Royals,,2.18
2026-09-25T07:14:12Z,scheduled,7bd30076728c7fcf1f893c1d269a60af,2026-09-25T23:41:00Z,Kansas City Royals,Cleveland Guardians,betmgm,spreads,Cleveland Guardians,-1.5,2.2
2026-09-25T07:14:12Z,scheduled,7bd30076728c7fcf1f893c1d269a60af,2026-09-25T23:41:00Z,Kansas City Royals,Cleveland Guardians,betmgm,spreads,Kansas City Royals,1.5,1.69
2026-09-25T07:14:12Z,scheduled,7bd30076728c7fcf1f893c1d269a60af,2026-09-25T23:41:00Z,Kansas City Royals,Cleveland Guardians,betmgm,totals,Over,7.5,1.85
2026-09-25T07:14:12Z,scheduled,7bd30076728c7fcf1f893c1d269a60af,2026-09-25T23:41:00Z,Kansas City Royals,Cleveland Guardians,betmgm,totals,Under,7.5,1.98
2026-09-25T07:14:12Z,scheduled,7bd30076728c7fcf1f893c1d269a60af,2026-09-25T23:41:00Z,Kansas City Royals,Cleveland Guardians,pinnacle,h2h,Cleveland Guardians,,1.75
2026-09-25T07:14:12Z,scheduled,7bd30076728c7fcf1f893c1d269a60af,2026-09-25T23:41:00Z,Kansas City Royals,Cleveland Guardians,pinnacle,h2h,Kansas City Royals,,2.21
2026-09-25T07:14:12Z,scheduled,7bd30076728c7fcf1f893c1d269a60af,2026-09-25T23:41:00Z,Kansas City Royals,Cleveland Guardians,pinnacle,spreads,Cleveland Guardians,-1.5,2.29
2026-09-25T07:14:12Z,scheduled,7bd30076728c7fcf1f893c1d269a60af,2026-09-25T23:41:00Z,Kansas City Royals,Cleveland Guardians,pinnacle,spreads,Kansas City Royals,1.5,1.69
2026-09-25T07:14:12Z,scheduled,7bd30076728c7fcf1f893c1d269a60af,2026-09-25T23:41:00Z,Kansas City Royals,Cleveland Guardians,pinnacle,totals,Over,7.5,1.91
2026-09-25T07:14:12Z,scheduled,7bd30076728c7fcf1f893c1d269a60af,2026-09-25T23:41:00Z,Kansas City Royals,Cleveland Guardians,pinnacle,totals,Under,7.5,1.96
2026-09-25T07:14:12Z,scheduled,7bd30076728c7fcf1f893c1d269a60af,2026-09-25T23:41:00Z,Kansas City Royals,Cleveland Guardians,betfair_ex_eu,h2h,Cleveland Guardians,,1.75
2026-09-25T07:14:12Z,scheduled,7bd30076728c7fcf1f893c1d269a60af,2026-09-25T23:41:00Z,Kansas City Royals,Cleveland Guardians,betfair_ex_eu,h2h,Kansas City Royals,,2.24
2026-09-25T07:14:12Z,scheduled,7bd30076728c7fcf1f893c1d269a60af,2026-09-25T23:41:00Z,Kansas City Royals,Cleveland Guardians,betfair_ex_eu,h2h_lay,Cleveland Guardians,,1.8
2026-09-25T07:14:12Z,scheduled,7bd30076728c7fcf1f893c1d269a60af,2026-09-25T23:41:00Z,Kansas City Royals,Cleveland Guardians,betfair_ex_eu,h2h_lay,Kansas City Royals,,2.34
2026-09-25T07:14:12Z,scheduled,12c52c4f4de763e9a171ffac0f4f02ef,2026-09-25T23:41:00Z,Milwaukee Brewers,St. Louis Cardinals,fanduel,h2h,Milwaukee Brewers,,1.58
2026-09-25T07:14:12Z,scheduled,12c52c4f4de763e9a171ffac0f4f02ef,2026-09-25T23:41:00Z,Milwaukee Brewers,St. Louis Cardinals,fanduel,h2h,St. Louis Cardinals,,2.44
2026-09-25T07:14:12Z,scheduled,12c52c4f4de763e9a171ffac0f4f02ef,2026-09-25T23:41:00Z,Milwaukee Brewers,St. Louis Cardinals,fanduel,spreads,Milwaukee Brewers,-1.5,2.3
2026-09-25T07:14:12Z,scheduled,12c52c4f4de763e9a171ffac0f4f02ef,2026-09-25T23:41:00Z,Milwaukee Brewers,St. Louis Cardinals,fanduel,spreads,St. Louis Cardinals,1.5,1.64
2026-09-25T07:14:12Z,scheduled,12c52c4f4de763e9a171ffac0f4f02ef,2026-09-25T23:41:00Z,Milwaukee Brewers,St. Louis Cardinals,fanduel,totals,Over,7.5,1.7
2026-09-25T07:14:12Z,scheduled,12c52c4f4de763e9a171ffac0f4f02ef,2026-09-25T23:41:00Z,Milwaukee Brewers,St. Louis Cardinals,fanduel,totals,Under,7.5,2.16
2026-09-25T07:14:12Z,scheduled,12c52c4f4de763e9a171ffac0f4f02ef,2026-09-25T23:41:00Z,Milwaukee Brewers,St. Louis Cardinals,coolbet,h2h,Milwaukee Brewers,,1.55
2026-09-25T07:14:12Z,scheduled,12c52c4f4de763e9a171ffac0f4f02ef,2026-09-25T23:41:00Z,Milwaukee Brewers,St. Louis Cardinals,coolbet,h2h,St. Louis Cardinals,,2.47
2026-09-25T07:14:12Z,scheduled,12c52c4f4de763e9a171ffac0f4f02ef,2026-09-25T23:41:00Z,Milwaukee Brewers,St. Louis Cardinals,coolbet,spreads,Milwaukee Brewers,-1.5,2.2
2026-09-25T07:14:12Z,scheduled,12c52c4f4de763e9a171ffac0f4f02ef,2026-09-25T23:41:00Z,Milwaukee Brewers,St. Louis Cardinals,coolbet,spreads,St. Louis Cardinals,1.5,1.68
2026-09-25T07:14:12Z,scheduled,12c52c4f4de763e9a171ffac0f4f02ef,2026-09-25T23:41:00Z,Milwaukee Brewers,St. Louis Cardinals,coolbet,totals,Over,8.0,1.87
2026-09-25T07:14:12Z,scheduled,12c52c4f4de763e9a171ffac0f4f02ef,2026-09-25T23:41:00Z,Milwaukee Brewers,St. Louis Cardinals,coolbet,totals,Under,8.0,1.95
2026-09-25T07:14:12Z,scheduled,12c52c4f4de763e9a171ffac0f4f02ef,2026-09-25T23:41:00Z,Milwaukee Brewers,St. Louis Cardinals,betsson,h2h,Milwaukee Brewers,,1.54
2026-09-25T07:14:12Z,scheduled,12c52c4f4de763e9a171ffac0f4f02ef,2026-09-25T23:41:00Z,Milwaukee Brewers,St. Louis Cardinals,betsson,h2h,St. Louis Cardinals,,2.48
2026-09-25T07:14:12Z,scheduled,12c52c4f4de763e9a171ffac0f4f02ef,2026-09-25T23:41:00Z,Milwaukee Brewers,St. Louis Cardinals,betsson,spreads,Milwaukee Brewers,-1.5,2.11
2026-09-25T07:14:12Z,scheduled,12c52c4f4de763e9a171ffac0f4f02ef,2026-09-25T23:41:00Z,Milwaukee Brewers,St. Louis Cardinals,betsson,spreads,St. Louis Cardinals,1.5,1.69
2026-09-25T07:14:12Z,scheduled,12c52c4f4de763e9a171ffac0f4f02ef,2026-09-25T23:41:00Z,Milwaukee Brewers,St. Louis Cardinals,betsson,totals,Over,8.0,1.8
2026-09-25T07:14:12Z,scheduled,12c52c4f4de763e9a171ffac0f4f02ef,2026-09-25T23:41:00Z,Milwaukee Brewers,St. Louis Cardinals,betsson,totals,Under,8.0,1.97
2026-09-25T07:14:12Z,scheduled,12c52c4f4de763e9a171ffac0f4f02ef,2026-09-25T23:41:00Z,Milwaukee Brewers,St. Louis Cardinals,draftkings,h2h,Milwaukee Brewers,,1.54
2026-09-25T07:14:12Z,scheduled,12c52c4f4de763e9a171ffac0f4f02ef,2026-09-25T23:41:00Z,Milwaukee Brewers,St. Louis Cardinals,draftkings,h2h,St. Louis Cardinals,,2.51
2026-09-25T07:14:12Z,scheduled,12c52c4f4de763e9a171ffac0f4f02ef,2026-09-25T23:41:00Z,Milwaukee Brewers,St. Louis Cardinals,draftkings,spreads,Milwaukee Brewers,-1.5,2.19
2026-09-25T07:14:12Z,scheduled,12c52c4f4de763e9a171ffac0f4f02ef,2026-09-25T23:41:00Z,Milwaukee Brewers,St. Louis Cardinals,draftkings,spreads,St. Louis Cardinals,1.5,1.7
2026-09-25T07:14:12Z,scheduled,12c52c4f4de763e9a171ffac0f4f02ef,2026-09-25T23:41:00Z,Milwaukee Brewers,St. Louis Cardinals,draftkings,totals,Over,8.0,1.87
2026-09-25T07:14:12Z,scheduled,12c52c4f4de763e9a171ffac0f4f02ef,2026-09-25T23:41:00Z,Milwaukee Brewers,St. Louis Cardinals,draftkings,totals,Under,8.0,1.95
2026-09-25T07:14:12Z,scheduled,12c52c4f4de763e9a171ffac0f4f02ef,2026-09-25T23:41:00Z,Milwaukee Brewers,St. Louis Cardinals,betmgm,h2h,Milwaukee Brewers,,1.54
2026-09-25T07:14:12Z,scheduled,12c52c4f4de763e9a171ffac0f4f02ef,2026-09-25T23:41:00Z,Milwaukee Brewers,St. Louis Cardinals,betmgm,h2h,St. Louis Cardinals,,2.5
2026-09-25T07:14:12Z,scheduled,12c52c4f4de763e9a171ffac0f4f02ef,2026-09-25T23:41:00Z,Milwaukee Brewers,St. Louis Cardinals,betmgm,spreads,Milwaukee Brewers,-1.5,2.2
2026-09-25T07:14:12Z,scheduled,12c52c4f4de763e9a171ffac0f4f02ef,2026-09-25T23:41:00Z,Milwaukee Brewers,St. Louis Cardinals,betmgm,spreads,St. Louis Cardinals,1.5,1.69
2026-09-25T07:14:12Z,scheduled,12c52c4f4de763e9a171ffac0f4f02ef,2026-09-25T23:41:00Z,Milwaukee Brewers,St. Louis Cardinals,betmgm,totals,Over,8.0,1.87
2026-09-25T07:14:12Z,scheduled,12c52c4f4de763e9a171ffac0f4f02ef,2026-09-25T23:41:00Z,Milwaukee Brewers,St. Louis Cardinals,betmgm,totals,Under,8.0,1.95
2026-09-25T07:14:12Z,scheduled,12c52c4f4de763e9a171ffac0f4f02ef,2026-09-25T23:41:00Z,Milwaukee Brewers,St. Louis Cardinals,matchbook,h2h,Milwaukee Brewers,,1.59
2026-09-25T07:14:12Z,scheduled,12c52c4f4de763e9a171ffac0f4f02ef,2026-09-25T23:41:00Z,Milwaukee Brewers,St. Louis Cardinals,matchbook,h2h,St. Louis Cardinals,,2.6
2026-09-25T07:14:12Z,scheduled,12c52c4f4de763e9a171ffac0f4f02ef,2026-09-25T23:41:00Z,Milwaukee Brewers,St. Louis Cardinals,matchbook,h2h_lay,Milwaukee Brewers,,1.63
2026-09-25T07:14:12Z,scheduled,12c52c4f4de763e9a171ffac0f4f02ef,2026-09-25T23:41:00Z,Milwaukee Brewers,St. Louis Cardinals,matchbook,h2h_lay,St. Louis Cardinals,,2.72
2026-09-25T07:14:12Z,scheduled,12c52c4f4de763e9a171ffac0f4f02ef,2026-09-25T23:41:00Z,Milwaukee Brewers,St. Louis Cardinals,matchbook,spreads,Milwaukee Brewers,-1.5,2.2
2026-09-25T07:14:12Z,scheduled,12c52c4f4de763e9a171ffac0f4f02ef,2026-09-25T23:41:00Z,Milwaukee Brewers,St. Louis Cardinals,matchbook,spreads,St. Louis Cardinals,1.5,1.75
2026-09-25T07:14:12Z,scheduled,12c52c4f4de763e9a171ffac0f4f02ef,2026-09-25T23:41:00Z,Milwaukee Brewers,St. Louis Cardinals,matchbook,totals,Over,7.5,1.8
2026-09-25T07:14:12Z,scheduled,12c52c4f4de763e9a171ffac0f4f02ef,2026-09-25T23:41:00Z,Milwaukee Brewers,St. Louis Cardinals,matchbook,totals,Under,7.5,2.1
2026-09-25T07:14:12Z,scheduled,12c52c4f4de763e9a171ffac0f4f02ef,2026-09-25T23:41:00Z,Milwaukee Brewers,St. Louis Cardinals,pinnacle,h2h,Milwaukee Brewers,,1.56
2026-09-25T07:14:12Z,scheduled,12c52c4f4de763e9a171ffac0f4f02ef,2026-09-25T23:41:00Z,Milwaukee Brewers,St. Louis Cardinals,pinnacle,h2h,St. Louis Cardinals,,2.58
2026-09-25T07:14:12Z,scheduled,12c52c4f4de763e9a171ffac0f4f02ef,2026-09-25T23:41:00Z,Milwaukee Brewers,St. Louis Cardinals,pinnacle,spreads,Milwaukee Brewers,-1.5,2.21
2026-09-25T07:14:12Z,scheduled,12c52c4f4de763e9a171ffac0f4f02ef,2026-09-25T23:41:00Z,Milwaukee Brewers,St. Louis Cardinals,pinnacle,spreads,St. Louis Cardinals,1.5,1.73
2026-09-25T07:14:12Z,scheduled,12c52c4f4de763e9a171ffac0f4f02ef,2026-09-25T23:41:00Z,Milwaukee Brewers,St. Louis Cardinals,pinnacle,totals,Over,8.0,1.93
2026-09-25T07:14:12Z,scheduled,12c52c4f4de763e9a171ffac0f4f02ef,2026-09-25T23:41:00Z,Milwaukee Brewers,St. Louis Cardinals,pinnacle,totals,Under,8.0,1.94
2026-09-25T07:14:12Z,scheduled,12c52c4f4de763e9a171ffac0f4f02ef,2026-09-25T23:41:00Z,Milwaukee Brewers,St. Louis Cardinals,betrivers,h2h,Milwaukee Brewers,,1.56
2026-09-25T07:14:12Z,scheduled,12c52c4f4de763e9a171ffac0f4f02ef,2026-09-25T23:41:00Z,Milwaukee Brewers,St. Louis Cardinals,betrivers,h2h,St. Louis Cardinals,,2.48
2026-09-25T07:14:12Z,scheduled,12c52c4f4de763e9a171ffac0f4f02ef,2026-09-25T23:41:00Z,Milwaukee Brewers,St. Louis Cardinals,betrivers,spreads,Milwaukee Brewers,-1.5,2.06
2026-09-25T07:14:12Z,scheduled,12c52c4f4de763e9a171ffac0f4f02ef,2026-09-25T23:41:00Z,Milwaukee Brewers,St. Louis Cardinals,betrivers,spreads,St. Louis Cardinals,1.5,1.78
2026-09-25T07:14:12Z,scheduled,12c52c4f4de763e9a171ffac0f4f02ef,2026-09-25T23:41:00Z,Milwaukee Brewers,St. Louis Cardinals,betrivers,totals,Over,8.0,1.82
2026-09-25T07:14:12Z,scheduled,12c52c4f4de763e9a171ffac0f4f02ef,2026-09-25T23:41:00Z,Milwaukee Brewers,St. Louis Cardinals,betrivers,totals,Under,8.0,1.87
2026-09-25T07:14:12Z,scheduled,12c52c4f4de763e9a171ffac0f4f02ef,2026-09-25T23:41:00Z,Milwaukee Brewers,St. Louis Cardinals,betfair_ex_eu,h2h,Milwaukee Brewers,,1.6
2026-09-25T07:14:12Z,scheduled,12c52c4f4de763e9a171ffac0f4f02ef,2026-09-25T23:41:00Z,Milwaukee Brewers,St. Louis Cardinals,betfair_ex_eu,h2h,St. Louis Cardinals,,2.58
2026-09-25T07:14:12Z,scheduled,12c52c4f4de763e9a171ffac0f4f02ef,2026-09-25T23:41:00Z,Milwaukee Brewers,St. Louis Cardinals,betfair_ex_eu,h2h_lay,Milwaukee Brewers,,1.63
2026-09-25T07:14:12Z,scheduled,12c52c4f4de763e9a171ffac0f4f02ef,2026-09-25T23:41:00Z,Milwaukee Brewers,St. Louis Cardinals,betfair_ex_eu,h2h_lay,St. Louis Cardinals,,2.7
2026-09-25T07:14:12Z,scheduled,9f08a9d734982153de27326c32e8be0e,2026-09-26T00:11:00Z,Minnesota Twins,Texas Rangers,fanduel,h2h,Minnesota Twins,,1.93
2026-09-25T07:14:12Z,scheduled,9f08a9d734982153de27326c32e8be0e,2026-09-26T00:11:00Z,Minnesota Twins,Texas Rangers,fanduel,h2h,Texas Rangers,,1.93
2026-09-25T07:14:12Z,scheduled,9f08a9d734982153de27326c32e8be0e,2026-09-26T00:11:00Z,Minnesota Twins,Texas Rangers,fanduel,spreads,Minnesota Twins,1.5,1.52
2026-09-25T07:14:12Z,scheduled,9f08a9d734982153de27326c32e8be0e,2026-09-26T00:11:00Z,Minnesota Twins,Texas Rangers,fanduel,spreads,Texas Rangers,-1.5,2.6
2026-09-25T07:14:12Z,scheduled,9f08a9d734982153de27326c32e8be0e,2026-09-26T00:11:00Z,Minnesota Twins,Texas Rangers,fanduel,totals,Over,7.5,1.87
2026-09-25T07:14:12Z,scheduled,9f08a9d734982153de27326c32e8be0e,2026-09-26T00:11:00Z,Minnesota Twins,Texas Rangers,fanduel,totals,Under,7.5,1.95
2026-09-25T07:14:12Z,scheduled,9f08a9d734982153de27326c32e8be0e,2026-09-26T00:11:00Z,Minnesota Twins,Texas Rangers,draftkings,h2h,Minnesota Twins,,1.93
2026-09-25T07:14:12Z,scheduled,9f08a9d734982153de27326c32e8be0e,2026-09-26T00:11:00Z,Minnesota Twins,Texas Rangers,draftkings,h2h,Texas Rangers,,1.89
2026-09-25T07:14:12Z,scheduled,9f08a9d734982153de27326c32e8be0e,2026-09-26T00:11:00Z,Minnesota Twins,Texas Rangers,draftkings,spreads,Minnesota Twins,1.5,1.53
2026-09-25T07:14:12Z,scheduled,9f08a9d734982153de27326c32e8be0e,2026-09-26T00:11:00Z,Minnesota Twins,Texas Rangers,draftkings,spreads,Texas Rangers,-1.5,2.53
2026-09-25T07:14:12Z,scheduled,9f08a9d734982153de27326c32e8be0e,2026-09-26T00:11:00Z,Minnesota Twins,Texas Rangers,draftkings,totals,Over,7.5,1.87
2026-09-25T07:14:12Z,scheduled,9f08a9d734982153de27326c32e8be0e,2026-09-26T00:11:00Z,Minnesota Twins,Texas Rangers,draftkings,totals,Under,7.5,1.95
2026-09-25T07:14:12Z,scheduled,9f08a9d734982153de27326c32e8be0e,2026-09-26T00:11:00Z,Minnesota Twins,Texas Rangers,betsson,h2h,Minnesota Twins,,1.9
2026-09-25T07:14:12Z,scheduled,9f08a9d734982153de27326c32e8be0e,2026-09-26T00:11:00Z,Minnesota Twins,Texas Rangers,betsson,h2h,Texas Rangers,,1.9
2026-09-25T07:14:12Z,scheduled,9f08a9d734982153de27326c32e8be0e,2026-09-26T00:11:00Z,Minnesota Twins,Texas Rangers,betsson,spreads,Minnesota Twins,-1.5,2.75
2026-09-25T07:14:12Z,scheduled,9f08a9d734982153de27326c32e8be0e,2026-09-26T00:11:00Z,Minnesota Twins,Texas Rangers,betsson,spreads,Texas Rangers,1.5,1.43
2026-09-25T07:14:12Z,scheduled,9f08a9d734982153de27326c32e8be0e,2026-09-26T00:11:00Z,Minnesota Twins,Texas Rangers,betsson,totals,Over,8.0,1.95
2026-09-25T07:14:12Z,scheduled,9f08a9d734982153de27326c32e8be0e,2026-09-26T00:11:00Z,Minnesota Twins,Texas Rangers,betsson,totals,Under,8.0,1.82
2026-09-25T07:14:12Z,scheduled,9f08a9d734982153de27326c32e8be0e,2026-09-26T00:11:00Z,Minnesota Twins,Texas Rangers,coolbet,h2h,Minnesota Twins,,1.92
2026-09-25T07:14:12Z,scheduled,9f08a9d734982153de27326c32e8be0e,2026-09-26T00:11:00Z,Minnesota Twins,Texas Rangers,coolbet,h2h,Texas Rangers,,1.89
2026-09-25T07:14:12Z,scheduled,9f08a9d734982153de27326c32e8be0e,2026-09-26T00:11:00Z,Minnesota Twins,Texas Rangers,coolbet,spreads,Minnesota Twins,1.5,1.52
2026-09-25T07:14:12Z,scheduled,9f08a9d734982153de27326c32e8be0e,2026-09-26T00:11:00Z,Minnesota Twins,Texas Rangers,coolbet,spreads,Texas Rangers,-1.5,2.55
2026-09-25T07:14:12Z,scheduled,9f08a9d734982153de27326c32e8be0e,2026-09-26T00:11:00Z,Minnesota Twins,Texas Rangers,coolbet,totals,Over,7.5,1.85
2026-09-25T07:14:12Z,scheduled,9f08a9d734982153de27326c32e8be0e,2026-09-26T00:11:00Z,Minnesota Twins,Texas Rangers,coolbet,totals,Under,7.5,1.96
2026-09-25T07:14:12Z,scheduled,9f08a9d734982153de27326c32e8be0e,2026-09-26T00:11:00Z,Minnesota Twins,Texas Rangers,matchbook,h2h,Minnesota Twins,,2.0
2026-09-25T07:14:12Z,scheduled,9f08a9d734982153de27326c32e8be0e,2026-09-26T00:11:00Z,Minnesota Twins,Texas Rangers,matchbook,h2h,Texas Rangers,,1.94
2026-09-25T07:14:12Z,scheduled,9f08a9d734982153de27326c32e8be0e,2026-09-26T00:11:00Z,Minnesota Twins,Texas Rangers,matchbook,h2h_lay,Minnesota Twins,,2.06
2026-09-25T07:14:12Z,scheduled,9f08a9d734982153de27326c32e8be0e,2026-09-26T00:11:00Z,Minnesota Twins,Texas Rangers,matchbook,h2h_lay,Texas Rangers,,2.0
2026-09-25T07:14:12Z,scheduled,9f08a9d734982153de27326c32e8be0e,2026-09-26T00:11:00Z,Minnesota Twins,Texas Rangers,matchbook,spreads,Minnesota Twins,1.5,1.54
2026-09-25T07:14:12Z,scheduled,9f08a9d734982153de27326c32e8be0e,2026-09-26T00:11:00Z,Minnesota Twins,Texas Rangers,matchbook,spreads,Texas Rangers,-1.5,2.52
2026-09-25T07:14:12Z,scheduled,9f08a9d734982153de27326c32e8be0e,2026-09-26T00:11:00Z,Minnesota Twins,Texas Rangers,matchbook,totals,Over,7.5,1.92
2026-09-25T07:14:12Z,scheduled,9f08a9d734982153de27326c32e8be0e,2026-09-26T00:11:00Z,Minnesota Twins,Texas Rangers,matchbook,totals,Under,7.5,1.97
2026-09-25T07:14:12Z,scheduled,9f08a9d734982153de27326c32e8be0e,2026-09-26T00:11:00Z,Minnesota Twins,Texas Rangers,pinnacle,h2h,Minnesota Twins,,2.0
2026-09-25T07:14:12Z,scheduled,9f08a9d734982153de27326c32e8be0e,2026-09-26T00:11:00Z,Minnesota Twins,Texas Rangers,pinnacle,h2h,Texas Rangers,,1.91
2026-09-25T07:14:12Z,scheduled,9f08a9d734982153de27326c32e8be0e,2026-09-26T00:11:00Z,Minnesota Twins,Texas Rangers,pinnacle,spreads,Minnesota Twins,-1.5,3.04
2026-09-25T07:14:12Z,scheduled,9f08a9d734982153de27326c32e8be0e,2026-09-26T00:11:00Z,Minnesota Twins,Texas Rangers,pinnacle,spreads,Texas Rangers,1.5,1.42
2026-09-25T07:14:12Z,scheduled,9f08a9d734982153de27326c32e8be0e,2026-09-26T00:11:00Z,Minnesota Twins,Texas Rangers,pinnacle,totals,Over,7.5,1.92
2026-09-25T07:14:12Z,scheduled,9f08a9d734982153de27326c32e8be0e,2026-09-26T00:11:00Z,Minnesota Twins,Texas Rangers,pinnacle,totals,Under,7.5,1.95
2026-09-25T07:14:12Z,scheduled,9f08a9d734982153de27326c32e8be0e,2026-09-26T00:11:00Z,Minnesota Twins,Texas Rangers,betmgm,h2h,Minnesota Twins,,1.91
2026-09-25T07:14:12Z,scheduled,9f08a9d734982153de27326c32e8be0e,2026-09-26T00:11:00Z,Minnesota Twins,Texas Rangers,betmgm,h2h,Texas Rangers,,1.91
2026-09-25T07:14:12Z,scheduled,9f08a9d734982153de27326c32e8be0e,2026-09-26T00:11:00Z,Minnesota Twins,Texas Rangers,betmgm,totals,Over,7.5,1.87
2026-09-25T07:14:12Z,scheduled,9f08a9d734982153de27326c32e8be0e,2026-09-26T00:11:00Z,Minnesota Twins,Texas Rangers,betmgm,totals,Under,7.5,1.95
2026-09-25T07:14:12Z,scheduled,9f08a9d734982153de27326c32e8be0e,2026-09-26T00:11:00Z,Minnesota Twins,Texas Rangers,betrivers,h2h,Minnesota Twins,,1.93
2026-09-25T07:14:12Z,scheduled,9f08a9d734982153de27326c32e8be0e,2026-09-26T00:11:00Z,Minnesota Twins,Texas Rangers,betrivers,h2h,Texas Rangers,,1.91
2026-09-25T07:14:12Z,scheduled,9f08a9d734982153de27326c32e8be0e,2026-09-26T00:11:00Z,Minnesota Twins,Texas Rangers,betrivers,spreads,Minnesota Twins,1.5,1.53
2026-09-25T07:14:12Z,scheduled,9f08a9d734982153de27326c32e8be0e,2026-09-26T00:11:00Z,Minnesota Twins,Texas Rangers,betrivers,spreads,Texas Rangers,-1.5,2.5
2026-09-25T07:14:12Z,scheduled,9f08a9d734982153de27326c32e8be0e,2026-09-26T00:11:00Z,Minnesota Twins,Texas Rangers,betrivers,totals,Over,7.5,1.88
2026-09-25T07:14:12Z,scheduled,9f08a9d734982153de27326c32e8be0e,2026-09-26T00:11:00Z,Minnesota Twins,Texas Rangers,betrivers,totals,Under,7.5,1.93
2026-09-25T07:14:12Z,scheduled,9f08a9d734982153de27326c32e8be0e,2026-09-26T00:11:00Z,Minnesota Twins,Texas Rangers,betfair_ex_eu,h2h,Minnesota Twins,,2.0
2026-09-25T07:14:12Z,scheduled,9f08a9d734982153de27326c32e8be0e,2026-09-26T00:11:00Z,Minnesota Twins,Texas Rangers,betfair_ex_eu,h2h,Texas Rangers,,1.94
2026-09-25T07:14:12Z,scheduled,9f08a9d734982153de27326c32e8be0e,2026-09-26T00:11:00Z,Minnesota Twins,Texas Rangers,betfair_ex_eu,h2h_lay,Minnesota Twins,,2.06
2026-09-25T07:14:12Z,scheduled,9f08a9d734982153de27326c32e8be0e,2026-09-26T00:11:00Z,Minnesota Twins,Texas Rangers,betfair_ex_eu,h2h_lay,Texas Rangers,,2.0
2026-09-25T07:14:12Z,scheduled,eb8b9160f66fc6d5f6bd58bf4a888011,2026-09-26T01:41:00Z,San Diego Padres,Arizona Diamondbacks,fanduel,h2h,Arizona Diamondbacks,,2.12
2026-09-25T07:14:12Z,scheduled,eb8b9160f66fc6d5f6bd58bf4a888011,2026-09-26T01:41:00Z,San Diego Padres,Arizona Diamondbacks,fanduel,h2h,San Diego Padres,,1.76
2026-09-25T07:14:12Z,scheduled,eb8b9160f66fc6d5f6bd58bf4a888011,2026-09-26T01:41:00Z,San Diego Padres,Arizona Diamondbacks,fanduel,spreads,Arizona Diamondbacks,1.5,1.48
2026-09-25T07:14:12Z,scheduled,eb8b9160f66fc6d5f6bd58bf4a888011,2026-09-26T01:41:00Z,San Diego Padres,Arizona Diamondbacks,fanduel,spreads,San Diego Padres,-1.5,2.72
2026-09-25T07:14:12Z,scheduled,eb8b9160f66fc6d5f6bd58bf4a888011,2026-09-26T01:41:00Z,San Diego Padres,Arizona Diamondbacks,fanduel,totals,Over,7.5,1.93
2026-09-25T07:14:12Z,scheduled,eb8b9160f66fc6d5f6bd58bf4a888011,2026-09-26T01:41:00Z,San Diego Padres,Arizona Diamondbacks,fanduel,totals,Under,7.5,1.89
2026-09-25T07:14:12Z,scheduled,eb8b9160f66fc6d5f6bd58bf4a888011,2026-09-26T01:41:00Z,San Diego Padres,Arizona Diamondbacks,betsson,h2h,Arizona Diamondbacks,,2.12
2026-09-25T07:14:12Z,scheduled,eb8b9160f66fc6d5f6bd58bf4a888011,2026-09-26T01:41:00Z,San Diego Padres,Arizona Diamondbacks,betsson,h2h,San Diego Padres,,1.72
2026-09-25T07:14:12Z,scheduled,eb8b9160f66fc6d5f6bd58bf4a888011,2026-09-26T01:41:00Z,San Diego Padres,Arizona Diamondbacks,betsson,spreads,Arizona Diamondbacks,1.5,1.53
2026-09-25T07:14:12Z,scheduled,eb8b9160f66fc6d5f6bd58bf4a888011,2026-09-26T01:41:00Z,San Diego Padres,Arizona Diamondbacks,betsson,spreads,San Diego Padres,-1.5,2.45
2026-09-25T07:14:12Z,scheduled,eb8b9160f66fc6d5f6bd58bf4a888011,2026-09-26T01:41:00Z,San Diego Padres,Arizona Diamondbacks,betsson,totals,Over,7.5,1.97
2026-09-25T07:14:12Z,scheduled,eb8b9160f66fc6d5f6bd58bf4a888011,2026-09-26T01:41:00Z,San Diego Padres,Arizona Diamondbacks,betsson,totals,Under,7.5,1.8
2026-09-25T07:14:12Z,scheduled,eb8b9160f66fc6d5f6bd58bf4a888011,2026-09-26T01:41:00Z,San Diego Padres,Arizona Diamondbacks,draftkings,h2h,Arizona Diamondbacks,,2.18
2026-09-25T07:14:12Z,scheduled,eb8b9160f66fc6d5f6bd58bf4a888011,2026-09-26T01:41:00Z,San Diego Padres,Arizona Diamondbacks,draftkings,h2h,San Diego Padres,,1.7
2026-09-25T07:14:12Z,scheduled,eb8b9160f66fc6d5f6bd58bf4a888011,2026-09-26T01:41:00Z,San Diego Padres,Arizona Diamondbacks,draftkings,spreads,Arizona Diamondbacks,1.5,1.52
2026-09-25T07:14:12Z,scheduled,eb8b9160f66fc6d5f6bd58bf4a888011,2026-09-26T01:41:00Z,San Diego Padres,Arizona Diamondbacks,draftkings,spreads,San Diego Padres,-1.5,2.59
2026-09-25T07:14:12Z,scheduled,eb8b9160f66fc6d5f6bd58bf4a888011,2026-09-26T01:41:00Z,San Diego Padres,Arizona Diamondbacks,draftkings,totals,Over,7.0,1.84
2026-09-25T07:14:12Z,scheduled,eb8b9160f66fc6d5f6bd58bf4a888011,2026-09-26T01:41:00Z,San Diego Padres,Arizona Diamondbacks,draftkings,totals,Under,7.0,1.99
2026-09-25T07:14:12Z,scheduled,eb8b9160f66fc6d5f6bd58bf4a888011,2026-09-26T01:41:00Z,San Diego Padres,Arizona Diamondbacks,coolbet,h2h,Arizona Diamondbacks,,2.12
2026-09-25T07:14:12Z,scheduled,eb8b9160f66fc6d5f6bd58bf4a888011,2026-09-26T01:41:00Z,San Diego Padres,Arizona Diamondbacks,coolbet,h2h,San Diego Padres,,1.73
2026-09-25T07:14:12Z,scheduled,eb8b9160f66fc6d5f6bd58bf4a888011,2026-09-26T01:41:00Z,San Diego Padres,Arizona Diamondbacks,coolbet,spreads,Arizona Diamondbacks,1.5,1.48
2026-09-25T07:14:12Z,scheduled,eb8b9160f66fc6d5f6bd58bf4a888011,2026-09-26T01:41:00Z,San Diego Padres,Arizona Diamondbacks,coolbet,spreads,San Diego Padres,-1.5,2.67
2026-09-25T07:14:12Z,scheduled,eb8b9160f66fc6d5f6bd58bf4a888011,2026-09-26T01:41:00Z,San Diego Padres,Arizona Diamondbacks,coolbet,totals,Over,7.5,2.0
2026-09-25T07:14:12Z,scheduled,eb8b9160f66fc6d5f6bd58bf4a888011,2026-09-26T01:41:00Z,San Diego Padres,Arizona Diamondbacks,coolbet,totals,Under,7.5,1.82
2026-09-25T07:14:12Z,scheduled,eb8b9160f66fc6d5f6bd58bf4a888011,2026-09-26T01:41:00Z,San Diego Padres,Arizona Diamondbacks,betmgm,h2h,Arizona Diamondbacks,,2.15
2026-09-25T07:14:12Z,scheduled,eb8b9160f66fc6d5f6bd58bf4a888011,2026-09-26T01:41:00Z,San Diego Padres,Arizona Diamondbacks,betmgm,h2h,San Diego Padres,,1.71
2026-09-25T07:14:12Z,scheduled,eb8b9160f66fc6d5f6bd58bf4a888011,2026-09-26T01:41:00Z,San Diego Padres,Arizona Diamondbacks,betmgm,spreads,Arizona Diamondbacks,1.5,1.5
2026-09-25T07:14:12Z,scheduled,eb8b9160f66fc6d5f6bd58bf4a888011,2026-09-26T01:41:00Z,San Diego Padres,Arizona Diamondbacks,betmgm,spreads,San Diego Padres,-1.5,2.65
2026-09-25T07:14:12Z,scheduled,eb8b9160f66fc6d5f6bd58bf4a888011,2026-09-26T01:41:00Z,San Diego Padres,Arizona Diamondbacks,betmgm,totals,Over,7.5,2.0
2026-09-25T07:14:12Z,scheduled,eb8b9160f66fc6d5f6bd58bf4a888011,2026-09-26T01:41:00Z,San Diego Padres,Arizona Diamondbacks,betmgm,totals,Under,7.5,1.83
2026-09-25T07:14:12Z,scheduled,eb8b9160f66fc6d5f6bd58bf4a888011,2026-09-26T01:41:00Z,San Diego Padres,Arizona Diamondbacks,betrivers,h2h,Arizona Diamondbacks,,2.14
2026-09-25T07:14:12Z,scheduled,eb8b9160f66fc6d5f6bd58bf4a888011,2026-09-26T01:41:00Z,San Diego Padres,Arizona Diamondbacks,betrivers,h2h,San Diego Padres,,1.74
2026-09-25T07:14:12Z,scheduled,eb8b9160f66fc6d5f6bd58bf4a888011,2026-09-26T01:41:00Z,San Diego Padres,Arizona Diamondbacks,betrivers,spreads,Arizona Diamondbacks,1.5,1.51
2026-09-25T07:14:12Z,scheduled,eb8b9160f66fc6d5f6bd58bf4a888011,2026-09-26T01:41:00Z,San Diego Padres,Arizona Diamondbacks,betrivers,spreads,San Diego Padres,-1.5,2.55
2026-09-25T07:14:12Z,scheduled,eb8b9160f66fc6d5f6bd58bf4a888011,2026-09-26T01:41:00Z,San Diego Padres,Arizona Diamondbacks,betrivers,totals,Over,7.5,1.95
2026-09-25T07:14:12Z,scheduled,eb8b9160f66fc6d5f6bd58bf4a888011,2026-09-26T01:41:00Z,San Diego Padres,Arizona Diamondbacks,betrivers,totals,Under,7.5,1.85
2026-09-25T07:14:12Z,scheduled,eb8b9160f66fc6d5f6bd58bf4a888011,2026-09-26T01:41:00Z,San Diego Padres,Arizona Diamondbacks,betfair_ex_eu,h2h,Arizona Diamondbacks,,2.16
2026-09-25T07:14:12Z,scheduled,eb8b9160f66fc6d5f6bd58bf4a888011,2026-09-26T01:41:00Z,San Diego Padres,Arizona Diamondbacks,betfair_ex_eu,h2h,San Diego Padres,,1.79
2026-09-25T07:14:12Z,scheduled,eb8b9160f66fc6d5f6bd58bf4a888011,2026-09-26T01:41:00Z,San Diego Padres,Arizona Diamondbacks,betfair_ex_eu,h2h_lay,Arizona Diamondbacks,,2.34
2026-09-25T07:14:12Z,scheduled,eb8b9160f66fc6d5f6bd58bf4a888011,2026-09-26T01:41:00Z,San Diego Padres,Arizona Diamondbacks,betfair_ex_eu,h2h_lay,San Diego Padres,,1.86
2026-09-25T07:14:12Z,scheduled,eb8b9160f66fc6d5f6bd58bf4a888011,2026-09-26T01:41:00Z,San Diego Padres,Arizona Diamondbacks,matchbook,h2h,Arizona Diamondbacks,,2.16
2026-09-25T07:14:12Z,scheduled,eb8b9160f66fc6d5f6bd58bf4a888011,2026-09-26T01:41:00Z,San Diego Padres,Arizona Diamondbacks,matchbook,h2h,San Diego Padres,,1.75
2026-09-25T07:14:12Z,scheduled,eb8b9160f66fc6d5f6bd58bf4a888011,2026-09-26T01:41:00Z,San Diego Padres,Arizona Diamondbacks,matchbook,h2h_lay,Arizona Diamondbacks,,2.34
2026-09-25T07:14:12Z,scheduled,eb8b9160f66fc6d5f6bd58bf4a888011,2026-09-26T01:41:00Z,San Diego Padres,Arizona Diamondbacks,matchbook,h2h_lay,San Diego Padres,,1.86
2026-09-25T07:14:12Z,scheduled,60b3d02ac77cf6a81e234358cfe187bb,2026-09-26T02:11:00Z,Seattle Mariners,Los Angeles Angels,fanduel,h2h,Los Angeles Angels,,2.12
2026-09-25T07:14:12Z,scheduled,60b3d02ac77cf6a81e234358cfe187bb,2026-09-26T02:11:00Z,Seattle Mariners,Los Angeles Angels,fanduel,h2h,Seattle Mariners,,1.76
2026-09-25T07:14:12Z,scheduled,60b3d02ac77cf6a81e234358cfe187bb,2026-09-26T02:11:00Z,Seattle Mariners,Los Angeles Angels,fanduel,spreads,Los Angeles Angels,1.5,1.45
2026-09-25T07:14:12Z,scheduled,60b3d02ac77cf6a81e234358cfe187bb,2026-09-26T02:11:00Z,Seattle Mariners,Los Angeles Angels,fanduel,spreads,Seattle Mariners,-1.5,2.8
2026-09-25T07:14:12Z,scheduled,60b3d02ac77cf6a81e234358cfe187bb,2026-09-26T02:11:00Z,Seattle Mariners,Los Angeles Angels,fanduel,totals,Over,6.5,1.72
2026-09-25T07:14:12Z,scheduled,60b3d02ac77cf6a81e234358cfe187bb,2026-09-26T02:11:00Z,Seattle Mariners,Los Angeles Angels,fanduel,totals,Under,6.5,2.12
2026-09-25T07:14:12Z,scheduled,60b3d02ac77cf6a81e234358cfe187bb,2026-09-26T02:11:00Z,Seattle Mariners,Los Angeles Angels,coolbet,h2h,Los Angeles Angels,,2.1
2026-09-25T07:14:12Z,scheduled,60b3d02ac77cf6a81e234358cfe187bb,2026-09-26T02:11:00Z,Seattle Mariners,Los Angeles Angels,coolbet,h2h,Seattle Mariners,,1.75
2026-09-25T07:14:12Z,scheduled,60b3d02ac77cf6a81e234358cfe187bb,2026-09-26T02:11:00Z,Seattle Mariners,Los Angeles Angels,coolbet,spreads,Los Angeles Angels,1.5,1.47
2026-09-25T07:14:12Z,scheduled,60b3d02ac77cf6a81e234358cfe187bb,2026-09-26T02:11:00Z,Seattle Mariners,Los Angeles Angels,coolbet,spreads,Seattle Mariners,-1.5,2.7
2026-09-25T07:14:12Z,scheduled,60b3d02ac77cf6a81e234358cfe187bb,2026-09-26T02:11:00Z,Seattle Mariners,Los Angeles Angels,coolbet,totals,Over,7.0,1.96
2026-09-25T07:14:12Z,scheduled,60b3d02ac77cf6a81e234358cfe187bb,2026-09-26T02:11:00Z,Seattle Mariners,Los Angeles Angels,coolbet,totals,Under,7.0,1.85
2026-09-25T07:14:12Z,scheduled,60b3d02ac77cf6a81e234358cfe187bb,2026-09-26T02:11:00Z,Seattle Mariners,Los Angeles Angels,betsson,h2h,Los Angeles Angels,,2.12
2026-09-25T07:14:12Z,scheduled,60b3d02ac77cf6a81e234358cfe187bb,2026-09-26T02:11:00Z,Seattle Mariners,Los Angeles Angels,betsson,h2h,Seattle Mariners,,1.72
2026-09-25T07:14:12Z,scheduled,60b3d02ac77cf6a81e234358cfe187bb,2026-09-26T02:11:00Z,Seattle Mariners,Los Angeles Angels,betsson,spreads,Los Angeles Angels,1.5,1.49
2026-09-25T07:14:12Z,scheduled,60b3d02ac77cf6a81e234358cfe187bb,2026-09-26T02:11:00Z,Seattle Mariners,Los Angeles Angels,betsson,spreads,Seattle Mariners,-1.5,2.54
2026-09-25T07:14:12Z,scheduled,60b3d02ac77cf6a81e234358cfe187bb,2026-09-26T02:11:00Z,Seattle Mariners,Los Angeles Angels,betsson,totals,Over,7.0,1.9
2026-09-25T07:14:12Z,scheduled,60b3d02ac77cf6a81e234358cfe187bb,2026-09-26T02:11:00Z,Seattle Mariners,Los Angeles Angels,betsson,totals,Under,7.0,1.86
2026-09-25T07:14:12Z,scheduled,60b3d02ac77cf6a81e234358cfe187bb,2026-09-26T02:11:00Z,Seattle Mariners,Los Angeles Angels,draftkings,h2h,Los Angeles Angels,,2.12
2026-09-25T07:14:12Z,scheduled,60b3d02ac77cf6a81e234358cfe187bb,2026-09-26T02:11:00Z,Seattle Mariners,Los Angeles Angels,draftkings,h2h,Seattle Mariners,,1.74
2026-09-25T07:14:12Z,scheduled,60b3d02ac77cf6a81e234358cfe187bb,2026-09-26T02:11:00Z,Seattle Mariners,Los Angeles Angels,draftkings,spreads,Los Angeles Angels,1.5,1.48
2026-09-25T07:14:12Z,scheduled,60b3d02ac77cf6a81e234358cfe187bb,2026-09-26T02:11:00Z,Seattle Mariners,Los Angeles Angels,draftkings,spreads,Seattle Mariners,-1.5,2.69
2026-09-25T07:14:12Z,scheduled,60b3d02ac77cf6a81e234358cfe187bb,2026-09-26T02:11:00Z,Seattle Mariners,Los Angeles Angels,draftkings,totals,Over,7.0,2.0
2026-09-25T07:14:12Z,scheduled,60b3d02ac77cf6a81e234358cfe187bb,2026-09-26T02:11:00Z,Seattle Mariners,Los Angeles Angels,draftkings,totals,Under,7.0,1.83
2026-09-25T07:14:12Z,scheduled,60b3d02ac77cf6a81e234358cfe187bb,2026-09-26T02:11:00Z,Seattle Mariners,Los Angeles Angels,betmgm,h2h,Los Angeles Angels,,2.1
2026-09-25T07:14:12Z,scheduled,60b3d02ac77cf6a81e234358cfe187bb,2026-09-26T02:11:00Z,Seattle Mariners,Los Angeles Angels,betmgm,h2h,Seattle Mariners,,1.74
2026-09-25T07:14:12Z,scheduled,60b3d02ac77cf6a81e234358cfe187bb,2026-09-26T02:11:00Z,Seattle Mariners,Los Angeles Angels,betmgm,spreads,Los Angeles Angels,1.5,1.5
2026-09-25T07:14:12Z,scheduled,60b3d02ac77cf6a81e234358cfe187bb,2026-09-26T02:11:00Z,Seattle Mariners,Los Angeles Angels,betmgm,spreads,Seattle Mariners,-1.5,2.65
2026-09-25T07:14:12Z,scheduled,60b3d02ac77cf6a81e234358cfe187bb,2026-09-26T02:11:00Z,Seattle Mariners,Los Angeles Angels,betmgm,totals,Over,7.0,1.98
2026-09-25T07:14:12Z,scheduled,60b3d02ac77cf6a81e234358cfe187bb,2026-09-26T02:11:00Z,Seattle Mariners,Los Angeles Angels,betmgm,totals,Under,7.0,1.85
2026-09-25T07:14:12Z,scheduled,60b3d02ac77cf6a81e234358cfe187bb,2026-09-26T02:11:00Z,Seattle Mariners,Los Angeles Angels,pinnacle,h2h,Los Angeles Angels,,2.18
2026-09-25T07:14:12Z,scheduled,60b3d02ac77cf6a81e234358cfe187bb,2026-09-26T02:11:00Z,Seattle Mariners,Los Angeles Angels,pinnacle,h2h,Seattle Mariners,,1.76
2026-09-25T07:14:12Z,scheduled,60b3d02ac77cf6a81e234358cfe187bb,2026-09-26T02:11:00Z,Seattle Mariners,Los Angeles Angels,pinnacle,spreads,Los Angeles Angels,1.5,1.52
2026-09-25T07:14:12Z,scheduled,60b3d02ac77cf6a81e234358cfe187bb,2026-09-26T02:11:00Z,Seattle Mariners,Los Angeles Angels,pinnacle,spreads,Seattle Mariners,-1.5,2.69
2026-09-25T07:14:12Z,scheduled,60b3d02ac77cf6a81e234358cfe187bb,2026-09-26T02:11:00Z,Seattle Mariners,Los Angeles Angels,pinnacle,totals,Over,7.0,2.04
2026-09-25T07:14:12Z,scheduled,60b3d02ac77cf6a81e234358cfe187bb,2026-09-26T02:11:00Z,Seattle Mariners,Los Angeles Angels,pinnacle,totals,Under,7.0,1.84
2026-09-25T07:14:12Z,scheduled,60b3d02ac77cf6a81e234358cfe187bb,2026-09-26T02:11:00Z,Seattle Mariners,Los Angeles Angels,matchbook,h2h,Los Angeles Angels,,2.2
2026-09-25T07:14:12Z,scheduled,60b3d02ac77cf6a81e234358cfe187bb,2026-09-26T02:11:00Z,Seattle Mariners,Los Angeles Angels,matchbook,h2h,Seattle Mariners,,1.78
2026-09-25T07:14:12Z,scheduled,60b3d02ac77cf6a81e234358cfe187bb,2026-09-26T02:11:00Z,Seattle Mariners,Los Angeles Angels,matchbook,h2h_lay,Los Angeles Angels,,2.32
2026-09-25T07:14:12Z,scheduled,60b3d02ac77cf6a81e234358cfe187bb,2026-09-26T02:11:00Z,Seattle Mariners,Los Angeles Angels,matchbook,h2h_lay,Seattle Mariners,,1.83
2026-09-25T07:14:12Z,scheduled,60b3d02ac77cf6a81e234358cfe187bb,2026-09-26T02:11:00Z,Seattle Mariners,Los Angeles Angels,matchbook,spreads,Los Angeles Angels,1.5,1.53
2026-09-25T07:14:12Z,scheduled,60b3d02ac77cf6a81e234358cfe187bb,2026-09-26T02:11:00Z,Seattle Mariners,Los Angeles Angels,matchbook,spreads,Seattle Mariners,-1.5,2.66
2026-09-25T07:14:12Z,scheduled,60b3d02ac77cf6a81e234358cfe187bb,2026-09-26T02:11:00Z,Seattle Mariners,Los Angeles Angels,matchbook,totals,Over,6.5,1.81
2026-09-25T07:14:12Z,scheduled,60b3d02ac77cf6a81e234358cfe187bb,2026-09-26T02:11:00Z,Seattle Mariners,Los Angeles Angels,matchbook,totals,Under,6.5,2.1
2026-09-25T07:14:12Z,scheduled,60b3d02ac77cf6a81e234358cfe187bb,2026-09-26T02:11:00Z,Seattle Mariners,Los Angeles Angels,betrivers,h2h,Los Angeles Angels,,2.1
2026-09-25T07:14:12Z,scheduled,60b3d02ac77cf6a81e234358cfe187bb,2026-09-26T02:11:00Z,Seattle Mariners,Los Angeles Angels,betrivers,h2h,Seattle Mariners,,1.76
2026-09-25T07:14:12Z,scheduled,60b3d02ac77cf6a81e234358cfe187bb,2026-09-26T02:11:00Z,Seattle Mariners,Los Angeles Angels,betrivers,spreads,Los Angeles Angels,1.5,1.49
2026-09-25T07:14:12Z,scheduled,60b3d02ac77cf6a81e234358cfe187bb,2026-09-26T02:11:00Z,Seattle Mariners,Los Angeles Angels,betrivers,spreads,Seattle Mariners,-1.5,2.65
2026-09-25T07:14:12Z,scheduled,60b3d02ac77cf6a81e234358cfe187bb,2026-09-26T02:11:00Z,Seattle Mariners,Los Angeles Angels,betrivers,totals,Over,7.0,1.87
2026-09-25T07:14:12Z,scheduled,60b3d02ac77cf6a81e234358cfe187bb,2026-09-26T02:11:00Z,Seattle Mariners,Los Angeles Angels,betrivers,totals,Under,7.0,1.81
2026-09-25T07:14:12Z,scheduled,60b3d02ac77cf6a81e234358cfe187bb,2026-09-26T02:11:00Z,Seattle Mariners,Los Angeles Angels,betfair_ex_eu,h2h,Los Angeles Angels,,2.2
2026-09-25T07:14:12Z,scheduled,60b3d02ac77cf6a81e234358cfe187bb,2026-09-26T02:11:00Z,Seattle Mariners,Los Angeles Angels,betfair_ex_eu,h2h,Seattle Mariners,,1.79
2026-09-25T07:14:12Z,scheduled,60b3d02ac77cf6a81e234358cfe187bb,2026-09-26T02:11:00Z,Seattle Mariners,Los Angeles Angels,betfair_ex_eu,h2h_lay,Los Angeles Angels,,2.3
2026-09-25T07:14:12Z,scheduled,60b3d02ac77cf6a81e234358cfe187bb,2026-09-26T02:11:00Z,Seattle Mariners,Los Angeles Angels,betfair_ex_eu,h2h_lay,Seattle Mariners,,1.83
2026-09-25T07:14:12Z,scheduled,e47efe97f629cae0287ca6f3ea6d6794,2026-09-26T02:16:00Z,San Francisco Giants,Los Angeles Dodgers,fanduel,h2h,Los Angeles Dodgers,,1.27
2026-09-25T07:14:12Z,scheduled,e47efe97f629cae0287ca6f3ea6d6794,2026-09-26T02:16:00Z,San Francisco Giants,Los Angeles Dodgers,fanduel,h2h,San Francisco Giants,,4.0
2026-09-25T07:14:12Z,scheduled,e47efe97f629cae0287ca6f3ea6d6794,2026-09-26T02:16:00Z,San Francisco Giants,Los Angeles Dodgers,fanduel,spreads,Los Angeles Dodgers,-1.5,1.5
2026-09-25T07:14:12Z,scheduled,e47efe97f629cae0287ca6f3ea6d6794,2026-09-26T02:16:00Z,San Francisco Giants,Los Angeles Dodgers,fanduel,spreads,San Francisco Giants,1.5,2.64
2026-09-25T07:14:12Z,scheduled,e47efe97f629cae0287ca6f3ea6d6794,2026-09-26T02:16:00Z,San Francisco Giants,Los Angeles Dodgers,fanduel,totals,Over,7.5,2.08
2026-09-25T07:14:12Z,scheduled,e47efe97f629cae0287ca6f3ea6d6794,2026-09-26T02:16:00Z,San Francisco Giants,Los Angeles Dodgers,fanduel,totals,Under,7.5,1.76
2026-09-25T07:14:12Z,scheduled,e47efe97f629cae0287ca6f3ea6d6794,2026-09-26T02:16:00Z,San Francisco Giants,Los Angeles Dodgers,coolbet,h2h,Los Angeles Dodgers,,1.25
2026-09-25T07:14:12Z,scheduled,e47efe97f629cae0287ca6f3ea6d6794,2026-09-26T02:16:00Z,San Francisco Giants,Los Angeles Dodgers,coolbet,h2h,San Francisco Giants,,4.0
2026-09-25T07:14:12Z,scheduled,e47efe97f629cae0287ca6f3ea6d6794,2026-09-26T02:16:00Z,San Francisco Giants,Los Angeles Dodgers,coolbet,spreads,Los Angeles Dodgers,-2.5,1.82
2026-09-25T07:14:12Z,scheduled,e47efe97f629cae0287ca6f3ea6d6794,2026-09-26T02:16:00Z,San Francisco Giants,Los Angeles Dodgers,coolbet,spreads,San Francisco Giants,2.5,2.0
2026-09-25T07:14:12Z,scheduled,e47efe97f629cae0287ca6f3ea6d6794,2026-09-26T02:16:00Z,San Francisco Giants,Los Angeles Dodgers,coolbet,totals,Over,7.0,1.85
2026-09-25T07:14:12Z,scheduled,e47efe97f629cae0287ca6f3ea6d6794,2026-09-26T02:16:00Z,San Francisco Giants,Los Angeles Dodgers,coolbet,totals,Under,7.0,1.96
2026-09-25T07:14:12Z,scheduled,e47efe97f629cae0287ca6f3ea6d6794,2026-09-26T02:16:00Z,San Francisco Giants,Los Angeles Dodgers,betsson,h2h,Los Angeles Dodgers,,1.27
2026-09-25T07:14:12Z,scheduled,e47efe97f629cae0287ca6f3ea6d6794,2026-09-26T02:16:00Z,San Francisco Giants,Los Angeles Dodgers,betsson,h2h,San Francisco Giants,,3.76
2026-09-25T07:14:12Z,scheduled,e47efe97f629cae0287ca6f3ea6d6794,2026-09-26T02:16:00Z,San Francisco Giants,Los Angeles Dodgers,betsson,spreads,Los Angeles Dodgers,-1.5,1.53
2026-09-25T07:14:12Z,scheduled,e47efe97f629cae0287ca6f3ea6d6794,2026-09-26T02:16:00Z,San Francisco Giants,Los Angeles Dodgers,betsson,spreads,San Francisco Giants,1.5,2.45
2026-09-25T07:14:12Z,scheduled,e47efe97f629cae0287ca6f3ea6d6794,2026-09-26T02:16:00Z,San Francisco Giants,Los Angeles Dodgers,betsson,totals,Over,7.5,1.97
2026-09-25T07:14:12Z,scheduled,e47efe97f629cae0287ca6f3ea6d6794,2026-09-26T02:16:00Z,San Francisco Giants,Los Angeles Dodgers,betsson,totals,Under,7.5,1.8
2026-09-25T07:14:12Z,scheduled,e47efe97f629cae0287ca6f3ea6d6794,2026-09-26T02:16:00Z,San Francisco Giants,Los Angeles Dodgers,draftkings,h2h,Los Angeles Dodgers,,1.26
2026-09-25T07:14:12Z,scheduled,e47efe97f629cae0287ca6f3ea6d6794,2026-09-26T02:16:00Z,San Francisco Giants,Los Angeles Dodgers,draftkings,h2h,San Francisco Giants,,4.0
2026-09-25T07:14:12Z,scheduled,e47efe97f629cae0287ca6f3ea6d6794,2026-09-26T02:16:00Z,San Francisco Giants,Los Angeles Dodgers,draftkings,spreads,Los Angeles Dodgers,-1.5,1.46
2026-09-25T07:14:12Z,scheduled,e47efe97f629cae0287ca6f3ea6d6794,2026-09-26T02:16:00Z,San Francisco Giants,Los Angeles Dodgers,draftkings,spreads,San Francisco Giants,1.5,2.76
2026-09-25T07:14:12Z,scheduled,e47efe97f629cae0287ca6f3ea6d6794,2026-09-26T02:16:00Z,San Francisco Giants,Los Angeles Dodgers,draftkings,totals,Over,7.5,2.02
2026-09-25T07:14:12Z,scheduled,e47efe97f629cae0287ca6f3ea6d6794,2026-09-26T02:16:00Z,San Francisco Giants,Los Angeles Dodgers,draftkings,totals,Under,7.5,1.81
2026-09-25T07:14:12Z,scheduled,e47efe97f629cae0287ca6f3ea6d6794,2026-09-26T02:16:00Z,San Francisco Giants,Los Angeles Dodgers,betmgm,h2h,Los Angeles Dodgers,,1.27
2026-09-25T07:14:12Z,scheduled,e47efe97f629cae0287ca6f3ea6d6794,2026-09-26T02:16:00Z,San Francisco Giants,Los Angeles Dodgers,betmgm,h2h,San Francisco Giants,,3.9
2026-09-25T07:14:12Z,scheduled,e47efe97f629cae0287ca6f3ea6d6794,2026-09-26T02:16:00Z,San Francisco Giants,Los Angeles Dodgers,betmgm,spreads,Los Angeles Dodgers,-2.5,1.74
2026-09-25T07:14:12Z,scheduled,e47efe97f629cae0287ca6f3ea6d6794,2026-09-26T02:16:00Z,San Francisco Giants,Los Angeles Dodgers,betmgm,spreads,San Francisco Giants,2.5,2.1
2026-09-25T07:14:12Z,scheduled,e47efe97f629cae0287ca6f3ea6d6794,2026-09-26T02:16:00Z,San Francisco Giants,Los Angeles Dodgers,betmgm,totals,Over,7.5,2.05
2026-09-25T07:14:12Z,scheduled,e47efe97f629cae0287ca6f3ea6d6794,2026-09-26T02:16:00Z,San Francisco Giants,Los Angeles Dodgers,betmgm,totals,Under,7.5,1.8
2026-09-25T07:14:12Z,scheduled,e47efe97f629cae0287ca6f3ea6d6794,2026-09-26T02:16:00Z,San Francisco Giants,Los Angeles Dodgers,betfair_ex_eu,h2h,Los Angeles Dodgers,,1.27
2026-09-25T07:14:12Z,scheduled,e47efe97f629cae0287ca6f3ea6d6794,2026-09-26T02:16:00Z,San Francisco Giants,Los Angeles Dodgers,betfair_ex_eu,h2h,San Francisco Giants,,4.0
2026-09-25T07:14:12Z,scheduled,e47efe97f629cae0287ca6f3ea6d6794,2026-09-26T02:16:00Z,San Francisco Giants,Los Angeles Dodgers,betfair_ex_eu,h2h_lay,Los Angeles Dodgers,,1.33
2026-09-25T07:14:12Z,scheduled,e47efe97f629cae0287ca6f3ea6d6794,2026-09-26T02:16:00Z,San Francisco Giants,Los Angeles Dodgers,betfair_ex_eu,h2h_lay,San Francisco Giants,,4.7
2026-09-25T07:14:12Z,scheduled,e47efe97f629cae0287ca6f3ea6d6794,2026-09-26T02:16:00Z,San Francisco Giants,Los Angeles Dodgers,betrivers,h2h,Los Angeles Dodgers,,1.26
2026-09-25T07:14:12Z,scheduled,e47efe97f629cae0287ca6f3ea6d6794,2026-09-26T02:16:00Z,San Francisco Giants,Los Angeles Dodgers,betrivers,h2h,San Francisco Giants,,4.0
2026-09-25T07:14:12Z,scheduled,e47efe97f629cae0287ca6f3ea6d6794,2026-09-26T02:16:00Z,San Francisco Giants,Los Angeles Dodgers,betrivers,spreads,Los Angeles Dodgers,-1.5,1.5
2026-09-25T07:14:12Z,scheduled,e47efe97f629cae0287ca6f3ea6d6794,2026-09-26T02:16:00Z,San Francisco Giants,Los Angeles Dodgers,betrivers,spreads,San Francisco Giants,1.5,2.6
2026-09-25T07:14:12Z,scheduled,e47efe97f629cae0287ca6f3ea6d6794,2026-09-26T02:16:00Z,San Francisco Giants,Los Angeles Dodgers,betrivers,totals,Over,7.5,2.02
2026-09-25T07:14:12Z,scheduled,e47efe97f629cae0287ca6f3ea6d6794,2026-09-26T02:16:00Z,San Francisco Giants,Los Angeles Dodgers,betrivers,totals,Under,7.5,1.81
2026-09-25T07:14:12Z,scheduled,e47efe97f629cae0287ca6f3ea6d6794,2026-09-26T02:16:00Z,San Francisco Giants,Los Angeles Dodgers,matchbook,h2h,Los Angeles Dodgers,,1.27
2026-09-25T07:14:12Z,scheduled,e47efe97f629cae0287ca6f3ea6d6794,2026-09-26T02:16:00Z,San Francisco Giants,Los Angeles Dodgers,matchbook,h2h,San Francisco Giants,,4.0
2026-09-25T07:14:12Z,scheduled,e47efe97f629cae0287ca6f3ea6d6794,2026-09-26T02:16:00Z,San Francisco Giants,Los Angeles Dodgers,matchbook,h2h_lay,Los Angeles Dodgers,,1.33
2026-09-25T07:14:12Z,scheduled,e47efe97f629cae0287ca6f3ea6d6794,2026-09-26T02:16:00Z,San Francisco Giants,Los Angeles Dodgers,matchbook,h2h_lay,San Francisco Giants,,4.7
2026-09-25T15:14:34Z,scheduled,a85710fa5f6fd3a6a40fe17c4907c312,2026-09-25T17:06:00Z,Boston Red Sox,Chicago Cubs,fanduel,h2h,Boston Red Sox,,2.08
2026-09-25T15:14:34Z,scheduled,a85710fa5f6fd3a6a40fe17c4907c312,2026-09-25T17:06:00Z,Boston Red Sox,Chicago Cubs,fanduel,h2h,Chicago Cubs,,1.79
2026-09-25T15:14:34Z,scheduled,a85710fa5f6fd3a6a40fe17c4907c312,2026-09-25T17:06:00Z,Boston Red Sox,Chicago Cubs,fanduel,spreads,Boston Red Sox,1.5,1.6
2026-09-25T15:14:34Z,scheduled,a85710fa5f6fd3a6a40fe17c4907c312,2026-09-25T17:06:00Z,Boston Red Sox,Chicago Cubs,fanduel,spreads,Chicago Cubs,-1.5,2.38
2026-09-25T15:14:34Z,scheduled,a85710fa5f6fd3a6a40fe17c4907c312,2026-09-25T17:06:00Z,Boston Red Sox,Chicago Cubs,fanduel,totals,Over,6.5,1.89
2026-09-25T15:14:34Z,scheduled,a85710fa5f6fd3a6a40fe17c4907c312,2026-09-25T17:06:00Z,Boston Red Sox,Chicago Cubs,fanduel,totals,Under,6.5,1.93
2026-09-25T15:14:34Z,scheduled,a85710fa5f6fd3a6a40fe17c4907c312,2026-09-25T17:06:00Z,Boston Red Sox,Chicago Cubs,betsson,h2h,Boston Red Sox,,2.03
2026-09-25T15:14:34Z,scheduled,a85710fa5f6fd3a6a40fe17c4907c312,2026-09-25T17:06:00Z,Boston Red Sox,Chicago Cubs,betsson,h2h,Chicago Cubs,,1.78
2026-09-25T15:14:34Z,scheduled,a85710fa5f6fd3a6a40fe17c4907c312,2026-09-25T17:06:00Z,Boston Red Sox,Chicago Cubs,betsson,spreads,Boston Red Sox,1.5,1.54
2026-09-25T15:14:34Z,scheduled,a85710fa5f6fd3a6a40fe17c4907c312,2026-09-25T17:06:00Z,Boston Red Sox,Chicago Cubs,betsson,spreads,Chicago Cubs,-1.5,2.42
2026-09-25T15:14:34Z,scheduled,a85710fa5f6fd3a6a40fe17c4907c312,2026-09-25T17:06:00Z,Boston Red Sox,Chicago Cubs,betsson,totals,Over,6.5,1.83
2026-09-25T15:14:34Z,scheduled,a85710fa5f6fd3a6a40fe17c4907c312,2026-09-25T17:06:00Z,Boston Red Sox,Chicago Cubs,betsson,totals,Under,6.5,1.93
2026-09-25T15:14:34Z,scheduled,a85710fa5f6fd3a6a40fe17c4907c312,2026-09-25T17:06:00Z,Boston Red Sox,Chicago Cubs,coolbet,h2h,Boston Red Sox,,2.02
2026-09-25T15:14:34Z,scheduled,a85710fa5f6fd3a6a40fe17c4907c312,2026-09-25T17:06:00Z,Boston Red Sox,Chicago Cubs,coolbet,h2h,Chicago Cubs,,1.8
2026-09-25T15:14:34Z,scheduled,a85710fa5f6fd3a6a40fe17c4907c312,2026-09-25T17:06:00Z,Boston Red Sox,Chicago Cubs,coolbet,spreads,Boston Red Sox,1.5,1.57
2026-09-25T15:14:34Z,scheduled,a85710fa5f6fd3a6a40fe17c4907c312,2026-09-25T17:06:00Z,Boston Red Sox,Chicago Cubs,coolbet,spreads,Chicago Cubs,-1.5,2.42
2026-09-25T15:14:34Z,scheduled,a85710fa5f6fd3a6a40fe17c4907c312,2026-09-25T17:06:00Z,Boston Red Sox,Chicago Cubs,coolbet,totals,Over,6.5,1.92
2026-09-25T15:14:34Z,scheduled,a85710fa5f6fd3a6a40fe17c4907c312,2026-09-25T17:06:00Z,Boston Red Sox,Chicago Cubs,coolbet,totals,Under,6.5,1.89
2026-09-25T15:14:34Z,scheduled,a85710fa5f6fd3a6a40fe17c4907c312,2026-09-25T17:06:00Z,Boston Red Sox,Chicago Cubs,betmgm,h2h,Boston Red Sox,,2.05
2026-09-25T15:14:34Z,scheduled,a85710fa5f6fd3a6a40fe17c4907c312,2026-09-25T17:06:00Z,Boston Red Sox,Chicago Cubs,betmgm,h2h,Chicago Cubs,,1.77
2026-09-25T15:14:34Z,scheduled,a85710fa5f6fd3a6a40fe17c4907c312,2026-09-25T17:06:00Z,Boston Red Sox,Chicago Cubs,betmgm,spreads,Boston Red Sox,1.5,1.61
2026-09-25T15:14:34Z,scheduled,a85710fa5f6fd3a6a40fe17c4907c312,2026-09-25T17:06:00Z,Boston Red Sox,Chicago Cubs,betmgm,spreads,Chicago Cubs,-1.5,2.35
2026-09-25T15:14:34Z,scheduled,a85710fa5f6fd3a6a40fe17c4907c312,2026-09-25T17:06:00Z,Boston Red Sox,Chicago Cubs,betmgm,totals,Over,6.5,1.91
2026-09-25T15:14:34Z,scheduled,a85710fa5f6fd3a6a40fe17c4907c312,2026-09-25T17:06:00Z,Boston Red Sox,Chicago Cubs,betmgm,totals,Under,6.5,1.91
2026-09-25T15:14:34Z,scheduled,a85710fa5f6fd3a6a40fe17c4907c312,2026-09-25T17:06:00Z,Boston Red Sox,Chicago Cubs,draftkings,h2h,Boston Red Sox,,2.05
2026-09-25T15:14:34Z,scheduled,a85710fa5f6fd3a6a40fe17c4907c312,2026-09-25T17:06:00Z,Boston Red Sox,Chicago Cubs,draftkings,h2h,Chicago Cubs,,1.79
2026-09-25T15:14:34Z,scheduled,a85710fa5f6fd3a6a40fe17c4907c312,2026-09-25T17:06:00Z,Boston Red Sox,Chicago Cubs,draftkings,spreads,Boston Red Sox,1.5,1.61
2026-09-25T15:14:34Z,scheduled,a85710fa5f6fd3a6a40fe17c4907c312,2026-09-25T17:06:00Z,Boston Red Sox,Chicago Cubs,draftkings,spreads,Chicago Cubs,-1.5,2.36
2026-09-25T15:14:34Z,scheduled,a85710fa5f6fd3a6a40fe17c4907c312,2026-09-25T17:06:00Z,Boston Red Sox,Chicago Cubs,draftkings,totals,Over,6.5,1.92
2026-09-25T15:14:34Z,scheduled,a85710fa5f6fd3a6a40fe17c4907c312,2026-09-25T17:06:00Z,Boston Red Sox,Chicago Cubs,draftkings,totals,Under,6.5,1.91
2026-09-25T15:14:34Z,scheduled,a85710fa5f6fd3a6a40fe17c4907c312,2026-09-25T17:06:00Z,Boston Red Sox,Chicago Cubs,matchbook,h2h,Boston Red Sox,,2.1
2026-09-25T15:14:34Z,scheduled,a85710fa5f6fd3a6a40fe17c4907c312,2026-09-25T17:06:00Z,Boston Red Sox,Chicago Cubs,matchbook,h2h,Chicago Cubs,,1.87
2026-09-25T15:14:34Z,scheduled,a85710fa5f6fd3a6a40fe17c4907c312,2026-09-25T17:06:00Z,Boston Red Sox,Chicago Cubs,matchbook,h2h_lay,Boston Red Sox,,2.16
2026-09-25T15:14:34Z,scheduled,a85710fa5f6fd3a6a40fe17c4907c312,2026-09-25T17:06:00Z,Boston Red Sox,Chicago Cubs,matchbook,h2h_lay,Chicago Cubs,,1.91
2026-09-25T15:14:34Z,scheduled,a85710fa5f6fd3a6a40fe17c4907c312,2026-09-25T17:06:00Z,Boston Red Sox,Chicago Cubs,matchbook,spreads,Boston Red Sox,1.5,1.61
2026-09-25T15:14:34Z,scheduled,a85710fa5f6fd3a6a40fe17c4907c312,2026-09-25T17:06:00Z,Boston Red Sox,Chicago Cubs,matchbook,spreads,Chicago Cubs,-1.5,2.48
2026-09-25T15:14:34Z,scheduled,a85710fa5f6fd3a6a40fe17c4907c312,2026-09-25T17:06:00Z,Boston Red Sox,Chicago Cubs,matchbook,totals,Over,6.5,1.92
2026-09-25T15:14:34Z,scheduled,a85710fa5f6fd3a6a40fe17c4907c312,2026-09-25T17:06:00Z,Boston Red Sox,Chicago Cubs,matchbook,totals,Under,6.5,2.0
2026-09-25T15:14:34Z,scheduled,a85710fa5f6fd3a6a40fe17c4907c312,2026-09-25T17:06:00Z,Boston Red Sox,Chicago Cubs,betrivers,h2h,Boston Red Sox,,2.08
2026-09-25T15:14:34Z,scheduled,a85710fa5f6fd3a6a40fe17c4907c312,2026-09-25T17:06:00Z,Boston Red Sox,Chicago Cubs,betrivers,h2h,Chicago Cubs,,1.77
2026-09-25T15:14:34Z,scheduled,a85710fa5f6fd3a6a40fe17c4907c312,2026-09-25T17:06:00Z,Boston Red Sox,Chicago Cubs,betrivers,spreads,Boston Red Sox,1.5,1.62
2026-09-25T15:14:34Z,scheduled,a85710fa5f6fd3a6a40fe17c4907c312,2026-09-25T17:06:00Z,Boston Red Sox,Chicago Cubs,betrivers,spreads,Chicago Cubs,-1.5,2.33
2026-09-25T15:14:34Z,scheduled,a85710fa5f6fd3a6a40fe17c4907c312,2026-09-25T17:06:00Z,Boston Red Sox,Chicago Cubs,betrivers,totals,Over,6.5,1.97
2026-09-25T15:14:34Z,scheduled,a85710fa5f6fd3a6a40fe17c4907c312,2026-09-25T17:06:00Z,Boston Red Sox,Chicago Cubs,betrivers,totals,Under,6.5,1.83
2026-09-25T15:14:34Z,scheduled,a85710fa5f6fd3a6a40fe17c4907c312,2026-09-25T17:06:00Z,Boston Red Sox,Chicago Cubs,betfair_ex_eu,h2h,Boston Red Sox,,2.1
2026-09-25T15:14:34Z,scheduled,a85710fa5f6fd3a6a40fe17c4907c312,2026-09-25T17:06:00Z,Boston Red Sox,Chicago Cubs,betfair_ex_eu,h2h,Chicago Cubs,,1.87
2026-09-25T15:14:34Z,scheduled,a85710fa5f6fd3a6a40fe17c4907c312,2026-09-25T17:06:00Z,Boston Red Sox,Chicago Cubs,betfair_ex_eu,h2h_lay,Boston Red Sox,,2.16
2026-09-25T15:14:34Z,scheduled,a85710fa5f6fd3a6a40fe17c4907c312,2026-09-25T17:06:00Z,Boston Red Sox,Chicago Cubs,betfair_ex_eu,h2h_lay,Chicago Cubs,,1.91
2026-09-25T15:14:34Z,scheduled,a85710fa5f6fd3a6a40fe17c4907c312,2026-09-25T17:06:00Z,Boston Red Sox,Chicago Cubs,pinnacle,h2h,Boston Red Sox,,2.09
2026-09-25T15:14:34Z,scheduled,a85710fa5f6fd3a6a40fe17c4907c312,2026-09-25T17:06:00Z,Boston Red Sox,Chicago Cubs,pinnacle,h2h,Chicago Cubs,,1.85
2026-09-25T15:14:34Z,scheduled,a85710fa5f6fd3a6a40fe17c4907c312,2026-09-25T17:06:00Z,Boston Red Sox,Chicago Cubs,pinnacle,spreads,Boston Red Sox,1.5,1.62
2026-09-25T15:14:34Z,scheduled,a85710fa5f6fd3a6a40fe17c4907c312,2026-09-25T17:06:00Z,Boston Red Sox,Chicago Cubs,pinnacle,spreads,Chicago Cubs,-1.5,2.45
2026-09-25T15:14:34Z,scheduled,a85710fa5f6fd3a6a40fe17c4907c312,2026-09-25T17:06:00Z,Boston Red Sox,Chicago Cubs,pinnacle,totals,Over,6.5,1.93
2026-09-25T15:14:34Z,scheduled,a85710fa5f6fd3a6a40fe17c4907c312,2026-09-25T17:06:00Z,Boston Red Sox,Chicago Cubs,pinnacle,totals,Under,6.5,1.96
2026-09-25T15:14:34Z,scheduled,d4b069a134ec3ae75f0a644498b793c6,2026-09-25T20:05:00Z,New York Yankees,Baltimore Orioles,draftkings,h2h,Baltimore Orioles,,2.02
2026-09-25T15:14:34Z,scheduled,d4b069a134ec3ae75f0a644498b793c6,2026-09-25T20:05:00Z,New York Yankees,Baltimore Orioles,draftkings,h2h,New York Yankees,,1.81
2026-09-25T15:14:34Z,scheduled,d4b069a134ec3ae75f0a644498b793c6,2026-09-25T20:05:00Z,New York Yankees,Baltimore Orioles,draftkings,spreads,Baltimore Orioles,1.5,1.46
2026-09-25T15:14:34Z,scheduled,d4b069a134ec3ae75f0a644498b793c6,2026-09-25T20:05:00Z,New York Yankees,Baltimore Orioles,draftkings,spreads,New York Yankees,-1.5,2.79
2026-09-25T15:14:34Z,scheduled,d4b069a134ec3ae75f0a644498b793c6,2026-09-25T20:05:00Z,New York Yankees,Baltimore Orioles,draftkings,totals,Over,6.5,1.79
2026-09-25T15:14:34Z,scheduled,d4b069a134ec3ae75f0a644498b793c6,2026-09-25T20:05:00Z,New York Yankees,Baltimore Orioles,draftkings,totals,Under,6.5,2.04
2026-09-25T15:14:34Z,scheduled,d4b069a134ec3ae75f0a644498b793c6,2026-09-25T20:05:00Z,New York Yankees,Baltimore Orioles,coolbet,h2h,Baltimore Orioles,,2.02
2026-09-25T15:14:34Z,scheduled,d4b069a134ec3ae75f0a644498b793c6,2026-09-25T20:05:00Z,New York Yankees,Baltimore Orioles,coolbet,h2h,New York Yankees,,1.8
2026-09-25T15:14:34Z,scheduled,d4b069a134ec3ae75f0a644498b793c6,2026-09-25T20:05:00Z,New York Yankees,Baltimore Orioles,coolbet,spreads,Baltimore Orioles,-1.5,2.7
2026-09-25T15:14:34Z,scheduled,d4b069a134ec3ae75f0a644498b793c6,2026-09-25T20:05:00Z,New York Yankees,Baltimore Orioles,coolbet,spreads,New York Yankees,1.5,1.47
2026-09-25T15:14:34Z,scheduled,d4b069a134ec3ae75f0a644498b793c6,2026-09-25T20:05:00Z,New York Yankees,Baltimore Orioles,coolbet,totals,Over,6.5,1.8
2026-09-25T15:14:34Z,scheduled,d4b069a134ec3ae75f0a644498b793c6,2026-09-25T20:05:00Z,New York Yankees,Baltimore Orioles,coolbet,totals,Under,6.5,2.02
2026-09-25T15:14:34Z,scheduled,d4b069a134ec3ae75f0a644498b793c6,2026-09-25T20:05:00Z,New York Yankees,Baltimore Orioles,fanduel,h2h,Baltimore Orioles,,2.02
2026-09-25T15:14:34Z,scheduled,d4b069a134ec3ae75f0a644498b793c6,2026-09-25T20:05:00Z,New York Yankees,Baltimore Orioles,fanduel,h2h,New York Yankees,,1.83
2026-09-25T15:14:34Z,scheduled,d4b069a134ec3ae75f0a644498b793c6,2026-09-25T20:05:00Z,New York Yankees,Baltimore Orioles,fanduel,spreads,Baltimore Orioles,-1.5,2.88
2026-09-25T15:14:34Z,scheduled,d4b069a134ec3ae75f0a644498b793c6,2026-09-25T20:05:00Z,New York Yankees,Baltimore Orioles,fanduel,spreads,New York Yankees,1.5,1.43
2026-09-25T15:14:34Z,scheduled,d4b069a134ec3ae75f0a644498b793c6,2026-09-25T20:05:00Z,New York Yankees,Baltimore Orioles,fanduel,totals,Over,6.5,1.81
2026-09-25T15:14:34Z,scheduled,d4b069a134ec3ae75f0a644498b793c6,2026-09-25T20:05:00Z,New York Yankees,Baltimore Orioles,fanduel,totals,Under,6.5,2.02
2026-09-25T15:14:34Z,scheduled,d4b069a134ec3ae75f0a644498b793c6,2026-09-25T20:05:00Z,New York Yankees,Baltimore Orioles,betrivers,h2h,Baltimore Orioles,,2.05
2026-09-25T15:14:34Z,scheduled,d4b069a134ec3ae75f0a644498b793c6,2026-09-25T20:05:00Z,New York Yankees,Baltimore Orioles,betrivers,h2h,New York Yankees,,1.81
2026-09-25T15:14:34Z,scheduled,d4b069a134ec3ae75f0a644498b793c6,2026-09-25T20:05:00Z,New York Yankees,Baltimore Orioles,betrivers,spreads,Baltimore Orioles,1.5,1.49
2026-09-25T15:14:34Z,scheduled,d4b069a134ec3ae75f0a644498b793c6,2026-09-25T20:05:00Z,New York Yankees,Baltimore Orioles,betrivers,spreads,New York Yankees,-1.5,2.65
2026-09-25T15:14:34Z,scheduled,d4b069a134ec3ae75f0a644498b793c6,2026-09-25T20:05:00Z,New York Yankees,Baltimore Orioles,betrivers,totals,Over,6.5,1.82
2026-09-25T15:14:34Z,scheduled,d4b069a134ec3ae75f0a644498b793c6,2026-09-25T20:05:00Z,New York Yankees,Baltimore Orioles,betrivers,totals,Under,6.5,2.0
2026-09-25T15:14:34Z,scheduled,d4b069a134ec3ae75f0a644498b793c6,2026-09-25T20:05:00Z,New York Yankees,Baltimore Orioles,betfair_ex_eu,h2h,Baltimore Orioles,,2.08
2026-09-25T15:14:34Z,scheduled,d4b069a134ec3ae75f0a644498b793c6,2026-09-25T20:05:00Z,New York Yankees,Baltimore Orioles,betfair_ex_eu,h2h,New York Yankees,,1.89
2026-09-25T15:14:34Z,scheduled,d4b069a134ec3ae75f0a644498b793c6,2026-09-25T20:05:00Z,New York Yankees,Baltimore Orioles,betfair_ex_eu,h2h_lay,Baltimore Orioles,,2.12
2026-09-25T15:14:34Z,scheduled,d4b069a134ec3ae75f0a644498b793c6,2026-09-25T20:05:00Z,New York Yankees,Baltimore Orioles,betfair_ex_eu,h2h_lay,New York Yankees,,1.91
2026-09-25T15:14:34Z,scheduled,d4b069a134ec3ae75f0a644498b793c6,2026-09-25T20:05:00Z,New York Yankees,Baltimore Orioles,betmgm,h2h,Baltimore Orioles,,2.0
2026-09-25T15:14:34Z,scheduled,d4b069a134ec3ae75f0a644498b793c6,2026-09-25T20:05:00Z,New York Yankees,Baltimore Orioles,betmgm,h2h,New York Yankees,,1.83
2026-09-25T15:14:34Z,scheduled,d4b069a134ec3ae75f0a644498b793c6,2026-09-25T20:05:00Z,New York Yankees,Baltimore Orioles,betmgm,spreads,Baltimore Orioles,-1.5,2.7
2026-09-25T15:14:34Z,scheduled,d4b069a134ec3ae75f0a644498b793c6,2026-09-25T20:05:00Z,New York Yankees,Baltimore Orioles,betmgm,spreads,New York Yankees,1.5,1.48
2026-09-25T15:14:34Z,scheduled,d4b069a134ec3ae75f0a644498b793c6,2026-09-25T20:05:00Z,New York Yankees,Baltimore Orioles,betmgm,totals,Over,7.0,2.0
2026-09-25T15:14:34Z,scheduled,d4b069a134ec3ae75f0a644498b793c6,2026-09-25T20:05:00Z,New York Yankees,Baltimore Orioles,betmgm,totals,Under,7.0,1.77
2026-09-25T15:14:34Z,scheduled,d4b069a134ec3ae75f0a644498b793c6,2026-09-25T20:05:00Z,New York Yankees,Baltimore Orioles,betsson,h2h,Baltimore Orioles,,1.98
2026-09-25T15:14:34Z,scheduled,d4b069a134ec3ae75f0a644498b793c6,2026-09-25T20:05:00Z,New York Yankees,Baltimore Orioles,betsson,h2h,New York Yankees,,1.83
2026-09-25T15:14:34Z,scheduled,d4b069a134ec3ae75f0a644498b793c6,2026-09-25T20:05:00Z,New York Yankees,Baltimore Orioles,betsson,spreads,Baltimore Orioles,1.5,1.43
2026-09-25T15:14:34Z,scheduled,d4b069a134ec3ae75f0a644498b793c6,2026-09-25T20:05:00Z,New York Yankees,Baltimore Orioles,betsson,spreads,New York Yankees,-1.5,2.75
2026-09-25T15:14:34Z,scheduled,d4b069a134ec3ae75f0a644498b793c6,2026-09-25T20:05:00Z,New York Yankees,Baltimore Orioles,betsson,totals,Over,7.0,1.97
2026-09-25T15:14:34Z,scheduled,d4b069a134ec3ae75f0a644498b793c6,2026-09-25T20:05:00Z,New York Yankees,Baltimore Orioles,betsson,totals,Under,7.0,1.8
2026-09-25T15:14:34Z,scheduled,d4b069a134ec3ae75f0a644498b793c6,2026-09-25T20:05:00Z,New York Yankees,Baltimore Orioles,matchbook,h2h,Baltimore Orioles,,2.1
2026-09-25T15:14:34Z,scheduled,d4b069a134ec3ae75f0a644498b793c6,2026-09-25T20:05:00Z,New York Yankees,Baltimore Orioles,matchbook,h2h,New York Yankees,,1.86
2026-09-25T15:14:34Z,scheduled,d4b069a134ec3ae75f0a644498b793c6,2026-09-25T20:05:00Z,New York Yankees,Baltimore Orioles,matchbook,h2h_lay,Baltimore Orioles,,2.16
2026-09-25T15:14:34Z,scheduled,d4b069a134ec3ae75f0a644498b793c6,2026-09-25T20:05:00Z,New York Yankees,Baltimore Orioles,matchbook,h2h_lay,New York Yankees,,1.91
2026-09-25T15:14:34Z,scheduled,d4b069a134ec3ae75f0a644498b793c6,2026-09-25T20:05:00Z,New York Yankees,Baltimore Orioles,matchbook,spreads,Baltimore Orioles,1.5,1.49
2026-09-25T15:14:34Z,scheduled,d4b069a134ec3ae75f0a644498b793c6,2026-09-25T20:05:00Z,New York Yankees,Baltimore Orioles,matchbook,spreads,New York Yankees,-1.5,2.88
2026-09-25T15:14:34Z,scheduled,d4b069a134ec3ae75f0a644498b793c6,2026-09-25T20:05:00Z,New York Yankees,Baltimore Orioles,matchbook,totals,Over,6.5,1.86
2026-09-25T15:14:34Z,scheduled,d4b069a134ec3ae75f0a644498b793c6,2026-09-25T20:05:00Z,New York Yankees,Baltimore Orioles,matchbook,totals,Under,6.5,2.04
2026-09-25T15:14:34Z,scheduled,d4b069a134ec3ae75f0a644498b793c6,2026-09-25T20:05:00Z,New York Yankees,Baltimore Orioles,pinnacle,h2h,Baltimore Orioles,,2.08
2026-09-25T15:14:34Z,scheduled,d4b069a134ec3ae75f0a644498b793c6,2026-09-25T20:05:00Z,New York Yankees,Baltimore Orioles,pinnacle,h2h,New York Yankees,,1.85
2026-09-25T15:14:34Z,scheduled,d4b069a134ec3ae75f0a644498b793c6,2026-09-25T20:05:00Z,New York Yankees,Baltimore Orioles,pinnacle,spreads,Baltimore Orioles,1.5,1.48
2026-09-25T15:14:34Z,scheduled,d4b069a134ec3ae75f0a644498b793c6,2026-09-25T20:05:00Z,New York Yankees,Baltimore Orioles,pinnacle,spreads,New York Yankees,-1.5,2.85
2026-09-25T15:14:34Z,scheduled,d4b069a134ec3ae75f0a644498b793c6,2026-09-25T20:05:00Z,New York Yankees,Baltimore Orioles,pinnacle,totals,Over,6.5,1.84
2026-09-25T15:14:34Z,scheduled,d4b069a134ec3ae75f0a644498b793c6,2026-09-25T20:05:00Z,New York Yankees,Baltimore Orioles,pinnacle,totals,Under,6.5,2.06
2026-09-25T15:14:34Z,scheduled,c1c95aa0c77e6735bae6602eec2b42be,2026-09-25T21:36:00Z,Boston Red Sox,Chicago Cubs,fanduel,h2h,Boston Red Sox,,1.98
2026-09-25T15:14:34Z,scheduled,c1c95aa0c77e6735bae6602eec2b42be,2026-09-25T21:36:00Z,Boston Red Sox,Chicago Cubs,fanduel,h2h,Chicago Cubs,,1.86
2026-09-25T15:14:34Z,scheduled,c1c95aa0c77e6735bae6602eec2b42be,2026-09-25T21:36:00Z,Boston Red Sox,Chicago Cubs,fanduel,spreads,Boston Red Sox,1.5,1.55
2026-09-25T15:14:34Z,scheduled,c1c95aa0c77e6735bae6602eec2b42be,2026-09-25T21:36:00Z,Boston Red Sox,Chicago Cubs,fanduel,spreads,Chicago Cubs,-1.5,2.5
2026-09-25T15:14:34Z,scheduled,c1c95aa0c77e6735bae6602eec2b42be,2026-09-25T21:36:00Z,Boston Red Sox,Chicago Cubs,fanduel,totals,Over,6.5,1.98
2026-09-25T15:14:34Z,scheduled,c1c95aa0c77e6735bae6602eec2b42be,2026-09-25T21:36:00Z,Boston Red Sox,Chicago Cubs,fanduel,totals,Under,6.5,1.83
2026-09-25T15:14:34Z,scheduled,c1c95aa0c77e6735bae6602eec2b42be,2026-09-25T21:36:00Z,Boston Red Sox,Chicago Cubs,betsson,h2h,Boston Red Sox,,1.92
2026-09-25T15:14:34Z,scheduled,c1c95aa0c77e6735bae6602eec2b42be,2026-09-25T21:36:00Z,Boston Red Sox,Chicago Cubs,betsson,h2h,Chicago Cubs,,1.88
2026-09-25T15:14:34Z,scheduled,c1c95aa0c77e6735bae6602eec2b42be,2026-09-25T21:36:00Z,Boston Red Sox,Chicago Cubs,betsson,spreads,Boston Red Sox,1.5,1.48
2026-09-25T15:14:34Z,scheduled,c1c95aa0c77e6735bae6602eec2b42be,2026-09-25T21:36:00Z,Boston Red Sox,Chicago Cubs,betsson,spreads,Chicago Cubs,-1.5,2.56
2026-09-25T15:14:34Z,scheduled,c1c95aa0c77e6735bae6602eec2b42be,2026-09-25T21:36:00Z,Boston Red Sox,Chicago Cubs,betsson,totals,Over,6.5,1.88
2026-09-25T15:14:34Z,scheduled,c1c95aa0c77e6735bae6602eec2b42be,2026-09-25T21:36:00Z,Boston Red Sox,Chicago Cubs,betsson,totals,Under,6.5,1.88
2026-09-25T15:14:34Z,scheduled,c1c95aa0c77e6735bae6602eec2b42be,2026-09-25T21:36:00Z,Boston Red Sox,Chicago Cubs,betmgm,h2h,Boston Red Sox,,1.95
2026-09-25T15:14:34Z,scheduled,c1c95aa0c77e6735bae6602eec2b42be,2026-09-25T21:36:00Z,Boston Red Sox,Chicago Cubs,betmgm,h2h,Chicago Cubs,,1.87
2026-09-25T15:14:34Z,scheduled,c1c95aa0c77e6735bae6602eec2b42be,2026-09-25T21:36:00Z,Boston Red Sox,Chicago Cubs,betmgm,spreads,Boston Red Sox,1.5,1.54
2026-09-25T15:14:34Z,scheduled,c1c95aa0c77e6735bae6602eec2b42be,2026-09-25T21:36:00Z,Boston Red Sox,Chicago Cubs,betmgm,spreads,Chicago Cubs,-1.5,2.5
2026-09-25T15:14:34Z,scheduled,c1c95aa0c77e6735bae6602eec2b42be,2026-09-25T21:36:00Z,Boston Red Sox,Chicago Cubs,betmgm,totals,Over,6.5,1.98
2026-09-25T15:14:34Z,scheduled,c1c95aa0c77e6735bae6602eec2b42be,2026-09-25T21:36:00Z,Boston Red Sox,Chicago Cubs,betmgm,totals,Under,6.5,1.85
2026-09-25T15:14:34Z,scheduled,c1c95aa0c77e6735bae6602eec2b42be,2026-09-25T21:36:00Z,Boston Red Sox,Chicago Cubs,draftkings,h2h,Boston Red Sox,,1.95
2026-09-25T15:14:34Z,scheduled,c1c95aa0c77e6735bae6602eec2b42be,2026-09-25T21:36:00Z,Boston Red Sox,Chicago Cubs,draftkings,h2h,Chicago Cubs,,1.87
2026-09-25T15:14:34Z,scheduled,c1c95aa0c77e6735bae6602eec2b42be,2026-09-25T21:36:00Z,Boston Red Sox,Chicago Cubs,draftkings,spreads,Boston Red Sox,1.5,1.53
2026-09-25T15:14:34Z,scheduled,c1c95aa0c77e6735bae6602eec2b42be,2026-09-25T21:36:00Z,Boston Red Sox,Chicago Cubs,draftkings,spreads,Chicago Cubs,-1.5,2.54
2026-09-25T15:14:34Z,scheduled,c1c95aa0c77e6735bae6602eec2b42be,2026-09-25T21:36:00Z,Boston Red Sox,Chicago Cubs,draftkings,totals,Over,6.5,1.93
2026-09-25T15:14:34Z,scheduled,c1c95aa0c77e6735bae6602eec2b42be,2026-09-25T21:36:00Z,Boston Red Sox,Chicago Cubs,draftkings,totals,Under,6.5,1.89
2026-09-25T15:14:34Z,scheduled,c1c95aa0c77e6735bae6602eec2b42be,2026-09-25T21:36:00Z,Boston Red Sox,Chicago Cubs,coolbet,h2h,Boston Red Sox,,1.95
2026-09-25T15:14:34Z,scheduled,c1c95aa0c77e6735bae6602eec2b42be,2026-09-25T21:36:00Z,Boston Red Sox,Chicago Cubs,coolbet,h2h,Chicago Cubs,,1.87
2026-09-25T15:14:34Z,scheduled,c1c95aa0c77e6735bae6602eec2b42be,2026-09-25T21:36:00Z,Boston Red Sox,Chicago Cubs,coolbet,spreads,Boston Red Sox,1.5,1.52
2026-09-25T15:14:34Z,scheduled,c1c95aa0c77e6735bae6602eec2b42be,2026-09-25T21:36:00Z,Boston Red Sox,Chicago Cubs,coolbet,spreads,Chicago Cubs,-1.5,2.55
2026-09-25T15:14:34Z,scheduled,c1c95aa0c77e6735bae6602eec2b42be,2026-09-25T21:36:00Z,Boston Red Sox,Chicago Cubs,coolbet,totals,Over,6.5,1.92
2026-09-25T15:14:34Z,scheduled,c1c95aa0c77e6735bae6602eec2b42be,2026-09-25T21:36:00Z,Boston Red Sox,Chicago Cubs,coolbet,totals,Under,6.5,1.89
2026-09-25T15:14:34Z,scheduled,c1c95aa0c77e6735bae6602eec2b42be,2026-09-25T21:36:00Z,Boston Red Sox,Chicago Cubs,betrivers,h2h,Boston Red Sox,,1.97
2026-09-25T15:14:34Z,scheduled,c1c95aa0c77e6735bae6602eec2b42be,2026-09-25T21:36:00Z,Boston Red Sox,Chicago Cubs,betrivers,h2h,Chicago Cubs,,1.85
2026-09-25T15:14:34Z,scheduled,c1c95aa0c77e6735bae6602eec2b42be,2026-09-25T21:36:00Z,Boston Red Sox,Chicago Cubs,betrivers,spreads,Boston Red Sox,1.5,1.51
2026-09-25T15:14:34Z,scheduled,c1c95aa0c77e6735bae6602eec2b42be,2026-09-25T21:36:00Z,Boston Red Sox,Chicago Cubs,betrivers,spreads,Chicago Cubs,-1.5,2.55
2026-09-25T15:14:34Z,scheduled,c1c95aa0c77e6735bae6602eec2b42be,2026-09-25T21:36:00Z,Boston Red Sox,Chicago Cubs,betrivers,totals,Over,6.5,1.88
2026-09-25T15:14:34Z,scheduled,c1c95aa0c77e6735bae6602eec2b42be,2026-09-25T21:36:00Z,Boston Red Sox,Chicago Cubs,betrivers,totals,Under,6.5,1.93
2026-09-25T15:14:34Z,scheduled,c1c95aa0c77e6735bae6602eec2b42be,2026-09-25T21:36:00Z,Boston Red Sox,Chicago Cubs,betfair_ex_eu,h2h,Boston Red Sox,,2.04
2026-09-25T15:14:34Z,scheduled,c1c95aa0c77e6735bae6602eec2b42be,2026-09-25T21:36:00Z,Boston Red Sox,Chicago Cubs,betfair_ex_eu,h2h,Chicago Cubs,,1.94
2026-09-25T15:14:34Z,scheduled,c1c95aa0c77e6735bae6602eec2b42be,2026-09-25T21:36:00Z,Boston Red Sox,Chicago Cubs,betfair_ex_eu,h2h_lay,Boston Red Sox,,2.08
2026-09-25T15:14:34Z,scheduled,c1c95aa0c77e6735bae6602eec2b42be,2026-09-25T21:36:00Z,Boston Red Sox,Chicago Cubs,betfair_ex_eu,h2h_lay,Chicago Cubs,,1.97
2026-09-25T15:14:34Z,scheduled,c1c95aa0c77e6735bae6602eec2b42be,2026-09-25T21:36:00Z,Boston Red Sox,Chicago Cubs,matchbook,h2h,Boston Red Sox,,2.04
2026-09-25T15:14:34Z,scheduled,c1c95aa0c77e6735bae6602eec2b42be,2026-09-25T21:36:00Z,Boston Red Sox,Chicago Cubs,matchbook,h2h,Chicago Cubs,,1.94
2026-09-25T15:14:34Z,scheduled,c1c95aa0c77e6735bae6602eec2b42be,2026-09-25T21:36:00Z,Boston Red Sox,Chicago Cubs,matchbook,h2h_lay,Boston Red Sox,,2.08
2026-09-25T15:14:34Z,scheduled,c1c95aa0c77e6735bae6602eec2b42be,2026-09-25T21:36:00Z,Boston Red Sox,Chicago Cubs,matchbook,h2h_lay,Chicago Cubs,,1.97
2026-09-25T15:14:34Z,scheduled,c1c95aa0c77e6735bae6602eec2b42be,2026-09-25T21:36:00Z,Boston Red Sox,Chicago Cubs,matchbook,spreads,Boston Red Sox,1.5,1.55
2026-09-25T15:14:34Z,scheduled,c1c95aa0c77e6735bae6602eec2b42be,2026-09-25T21:36:00Z,Boston Red Sox,Chicago Cubs,matchbook,spreads,Chicago Cubs,-1.5,2.68
2026-09-25T15:14:34Z,scheduled,c1c95aa0c77e6735bae6602eec2b42be,2026-09-25T21:36:00Z,Boston Red Sox,Chicago Cubs,matchbook,totals,Over,6.5,1.96
2026-09-25T15:14:34Z,scheduled,c1c95aa0c77e6735bae6602eec2b42be,2026-09-25T21:36:00Z,Boston Red Sox,Chicago Cubs,matchbook,totals,Under,6.5,1.94
2026-09-25T15:14:34Z,scheduled,c1c95aa0c77e6735bae6602eec2b42be,2026-09-25T21:36:00Z,Boston Red Sox,Chicago Cubs,pinnacle,h2h,Boston Red Sox,,2.01
2026-09-25T15:14:34Z,scheduled,c1c95aa0c77e6735bae6602eec2b42be,2026-09-25T21:36:00Z,Boston Red Sox,Chicago Cubs,pinnacle,h2h,Chicago Cubs,,1.92
2026-09-25T15:14:34Z,scheduled,c1c95aa0c77e6735bae6602eec2b42be,2026-09-25T21:36:00Z,Boston Red Sox,Chicago Cubs,pinnacle,spreads,Boston Red Sox,1.5,1.53
2026-09-25T15:14:34Z,scheduled,c1c95aa0c77e6735bae6602eec2b42be,2026-09-25T21:36:00Z,Boston Red Sox,Chicago Cubs,pinnacle,spreads,Chicago Cubs,-1.5,2.67
2026-09-25T15:14:34Z,scheduled,c1c95aa0c77e6735bae6602eec2b42be,2026-09-25T21:36:00Z,Boston Red Sox,Chicago Cubs,pinnacle,totals,Over,6.5,1.96
2026-09-25T15:14:34Z,scheduled,c1c95aa0c77e6735bae6602eec2b42be,2026-09-25T21:36:00Z,Boston Red Sox,Chicago Cubs,pinnacle,totals,Under,6.5,1.93
2026-09-25T15:14:34Z,scheduled,3aa03f1c80c2ca97a49e0b7548d9e647,2026-09-25T22:41:00Z,Detroit Tigers,Pittsburgh Pirates,fanduel,h2h,Detroit Tigers,,1.93
2026-09-25T15:14:34Z,scheduled,3aa03f1c80c2ca97a49e0b7548d9e647,2026-09-25T22:41:00Z,Detroit Tigers,Pittsburgh Pirates,fanduel,h2h,Pittsburgh Pirates,,1.93
2026-09-25T15:14:34Z,scheduled,3aa03f1c80c2ca97a49e0b7548d9e647,2026-09-25T22:41:00Z,Detroit Tigers,Pittsburgh Pirates,fanduel,spreads,Detroit Tigers,1.5,1.5
2026-09-25T15:14:34Z,scheduled,3aa03f1c80c2ca97a49e0b7548d9e647,2026-09-25T22:41:00Z,Detroit Tigers,Pittsburgh Pirates,fanduel,spreads,Pittsburgh Pirates,-1.5,2.64
2026-09-25T15:14:34Z,scheduled,3aa03f1c80c2ca97a49e0b7548d9e647,2026-09-25T22:41:00Z,Detroit Tigers,Pittsburgh Pirates,fanduel,totals,Over,7.5,1.78
2026-09-25T15:14:34Z,scheduled,3aa03f1c80c2ca97a49e0b7548d9e647,2026-09-25T22:41:00Z,Detroit Tigers,Pittsburgh Pirates,fanduel,totals,Under,7.5,2.04
2026-09-25T15:14:34Z,scheduled,3aa03f1c80c2ca97a49e0b7548d9e647,2026-09-25T22:41:00Z,Detroit Tigers,Pittsburgh Pirates,coolbet,h2h,Detroit Tigers,,1.91
2026-09-25T15:14:34Z,scheduled,3aa03f1c80c2ca97a49e0b7548d9e647,2026-09-25T22:41:00Z,Detroit Tigers,Pittsburgh Pirates,coolbet,h2h,Pittsburgh Pirates,,1.91
2026-09-25T15:14:34Z,scheduled,3aa03f1c80c2ca97a49e0b7548d9e647,2026-09-25T22:41:00Z,Detroit Tigers,Pittsburgh Pirates,coolbet,spreads,Detroit Tigers,1.5,1.52
2026-09-25T15:14:34Z,scheduled,3aa03f1c80c2ca97a49e0b7548d9e647,2026-09-25T22:41:00Z,Detroit Tigers,Pittsburgh Pirates,coolbet,spreads,Pittsburgh Pirates,-1.5,2.55
2026-09-25T15:14:34Z,scheduled,3aa03f1c80c2ca97a49e0b7548d9e647,2026-09-25T22:41:00Z,Detroit Tigers,Pittsburgh Pirates,coolbet,totals,Over,8.0,1.95
2026-09-25T15:14:34Z,scheduled,3aa03f1c80c2ca97a49e0b7548d9e647,2026-09-25T22:41:00Z,Detroit Tigers,Pittsburgh Pirates,coolbet,totals,Under,8.0,1.87
2026-09-25T15:14:34Z,scheduled,3aa03f1c80c2ca97a49e0b7548d9e647,2026-09-25T22:41:00Z,Detroit Tigers,Pittsburgh Pirates,betsson,h2h,Detroit Tigers,,1.84
2026-09-25T15:14:34Z,scheduled,3aa03f1c80c2ca97a49e0b7548d9e647,2026-09-25T22:41:00Z,Detroit Tigers,Pittsburgh Pirates,betsson,h2h,Pittsburgh Pirates,,1.97
2026-09-25T15:14:34Z,scheduled,3aa03f1c80c2ca97a49e0b7548d9e647,2026-09-25T22:41:00Z,Detroit Tigers,Pittsburgh Pirates,betsson,spreads,Detroit Tigers,-1.5,2.65
2026-09-25T15:14:34Z,scheduled,3aa03f1c80c2ca97a49e0b7548d9e647,2026-09-25T22:41:00Z,Detroit Tigers,Pittsburgh Pirates,betsson,spreads,Pittsburgh Pirates,1.5,1.46
2026-09-25T15:14:34Z,scheduled,3aa03f1c80c2ca97a49e0b7548d9e647,2026-09-25T22:41:00Z,Detroit Tigers,Pittsburgh Pirates,betsson,totals,Over,8.0,1.9
2026-09-25T15:14:34Z,scheduled,3aa03f1c80c2ca97a49e0b7548d9e647,2026-09-25T22:41:00Z,Detroit Tigers,Pittsburgh Pirates,betsson,totals,Under,8.0,1.86
2026-09-25T15:14:34Z,scheduled,3aa03f1c80c2ca97a49e0b7548d9e647,2026-09-25T22:41:00Z,Detroit Tigers,Pittsburgh Pirates,draftkings,h2h,Detroit Tigers,,1.92
2026-09-25T15:14:34Z,scheduled,3aa03f1c80c2ca97a49e0b7548d9e647,2026-09-25T22:41:00Z,Detroit Tigers,Pittsburgh Pirates,draftkings,h2h,Pittsburgh Pirates,,1.91
2026-09-25T15:14:34Z,scheduled,3aa03f1c80c2ca97a49e0b7548d9e647,2026-09-25T22:41:00Z,Detroit Tigers,Pittsburgh Pirates,draftkings,spreads,Detroit Tigers,1.5,1.55
2026-09-25T15:14:34Z,scheduled,3aa03f1c80c2ca97a49e0b7548d9e647,2026-09-25T22:41:00Z,Detroit Tigers,Pittsburgh Pirates,draftkings,spreads,Pittsburgh Pirates,-1.5,2.51
2026-09-25T15:14:34Z,scheduled,3aa03f1c80c2ca97a49e0b7548d9e647,2026-09-25T22:41:00Z,Detroit Tigers,Pittsburgh Pirates,draftkings,totals,Over,8.0,1.99
2026-09-25T15:14:34Z,scheduled,3aa03f1c80c2ca97a49e0b7548d9e647,2026-09-25T22:41:00Z,Detroit Tigers,Pittsburgh Pirates,draftkings,totals,Under,8.0,1.84
2026-09-25T15:14:34Z,scheduled,3aa03f1c80c2ca97a49e0b7548d9e647,2026-09-25T22:41:00Z,Detroit Tigers,Pittsburgh Pirates,betmgm,h2h,Detroit Tigers,,1.91
2026-09-25T15:14:34Z,scheduled,3aa03f1c80c2ca97a49e0b7548d9e647,2026-09-25T22:41:00Z,Detroit Tigers,Pittsburgh Pirates,betmgm,h2h,Pittsburgh Pirates,,1.91
2026-09-25T15:14:34Z,scheduled,3aa03f1c80c2ca97a49e0b7548d9e647,2026-09-25T22:41:00Z,Detroit Tigers,Pittsburgh Pirates,betmgm,spreads,Detroit Tigers,1.5,1.53
2026-09-25T15:14:34Z,scheduled,3aa03f1c80c2ca97a49e0b7548d9e647,2026-09-25T22:41:00Z,Detroit Tigers,Pittsburgh Pirates,betmgm,spreads,Pittsburgh Pirates,-1.5,2.55
2026-09-25T15:14:34Z,scheduled,3aa03f1c80c2ca97a49e0b7548d9e647,2026-09-25T22:41:00Z,Detroit Tigers,Pittsburgh Pirates,betmgm,totals,Over,8.0,1.95
2026-09-25T15:14:34Z,scheduled,3aa03f1c80c2ca97a49e0b7548d9e647,2026-09-25T22:41:00Z,Detroit Tigers,Pittsburgh Pirates,betmgm,totals,Under,8.0,1.87
2026-09-25T15:14:34Z,scheduled,3aa03f1c80c2ca97a49e0b7548d9e647,2026-09-25T22:41:00Z,Detroit Tigers,Pittsburgh Pirates,matchbook,h2h,Detroit Tigers,,1.99
2026-09-25T15:14:34Z,scheduled,3aa03f1c80c2ca97a49e0b7548d9e647,2026-09-25T22:41:00Z,Detroit Tigers,Pittsburgh Pirates,matchbook,h2h,Pittsburgh Pirates,,2.0
2026-09-25T15:14:34Z,scheduled,3aa03f1c80c2ca97a49e0b7548d9e647,2026-09-25T22:41:00Z,Detroit Tigers,Pittsburgh Pirates,matchbook,h2h_lay,Detroit Tigers,,2.0
2026-09-25T15:14:34Z,scheduled,3aa03f1c80c2ca97a49e0b7548d9e647,2026-09-25T22:41:00Z,Detroit Tigers,Pittsburgh Pirates,matchbook,h2h_lay,Pittsburgh Pirates,,2.02
2026-09-25T15:14:34Z,scheduled,3aa03f1c80c2ca97a49e0b7548d9e647,2026-09-25T22:41:00Z,Detroit Tigers,Pittsburgh Pirates,matchbook,spreads,Detroit Tigers,1.5,1.56
2026-09-25T15:14:34Z,scheduled,3aa03f1c80c2ca97a49e0b7548d9e647,2026-09-25T22:41:00Z,Detroit Tigers,Pittsburgh Pirates,matchbook,spreads,Pittsburgh Pirates,-1.5,2.62
2026-09-25T15:14:34Z,scheduled,3aa03f1c80c2ca97a49e0b7548d9e647,2026-09-25T22:41:00Z,Detroit Tigers,Pittsburgh Pirates,matchbook,totals,Over,7.5,1.88
2026-09-25T15:14:34Z,scheduled,3aa03f1c80c2ca97a49e0b7548d9e647,2026-09-25T22:41:00Z,Detroit Tigers,Pittsburgh Pirates,matchbook,totals,Under,7.5,2.04
2026-09-25T15:14:34Z,scheduled,3aa03f1c80c2ca97a49e0b7548d9e647,2026-09-25T22:41:00Z,Detroit Tigers,Pittsburgh Pirates,betrivers,h2h,Detroit Tigers,,1.94
2026-09-25T15:14:34Z,scheduled,3aa03f1c80c2ca97a49e0b7548d9e647,2026-09-25T22:41:00Z,Detroit Tigers,Pittsburgh Pirates,betrivers,h2h,Pittsburgh Pirates,,1.88
2026-09-25T15:14:34Z,scheduled,3aa03f1c80c2ca97a49e0b7548d9e647,2026-09-25T22:41:00Z,Detroit Tigers,Pittsburgh Pirates,betrivers,spreads,Detroit Tigers,1.5,1.57
2026-09-25T15:14:34Z,scheduled,3aa03f1c80c2ca97a49e0b7548d9e647,2026-09-25T22:41:00Z,Detroit Tigers,Pittsburgh Pirates,betrivers,spreads,Pittsburgh Pirates,-1.5,2.4
2026-09-25T15:14:34Z,scheduled,3aa03f1c80c2ca97a49e0b7548d9e647,2026-09-25T22:41:00Z,Detroit Tigers,Pittsburgh Pirates,betrivers,totals,Over,8.0,1.83
2026-09-25T15:14:34Z,scheduled,3aa03f1c80c2ca97a49e0b7548d9e647,2026-09-25T22:41:00Z,Detroit Tigers,Pittsburgh Pirates,betrivers,totals,Under,8.0,1.85
2026-09-25T15:14:34Z,scheduled,3aa03f1c80c2ca97a49e0b7548d9e647,2026-09-25T22:41:00Z,Detroit Tigers,Pittsburgh Pirates,pinnacle,h2h,Detroit Tigers,,1.95
2026-09-25T15:14:34Z,scheduled,3aa03f1c80c2ca97a49e0b7548d9e647,2026-09-25T22:41:00Z,Detroit Tigers,Pittsburgh Pirates,pinnacle,h2h,Pittsburgh Pirates,,1.97
2026-09-25T15:14:34Z,scheduled,3aa03f1c80c2ca97a49e0b7548d9e647,2026-09-25T22:41:00Z,Detroit Tigers,Pittsburgh Pirates,pinnacle,spreads,Detroit Tigers,-1.5,3.01
2026-09-25T15:14:34Z,scheduled,3aa03f1c80c2ca97a49e0b7548d9e647,2026-09-25T22:41:00Z,Detroit Tigers,Pittsburgh Pirates,pinnacle,spreads,Pittsburgh Pirates,1.5,1.44
2026-09-25T15:14:34Z,scheduled,3aa03f1c80c2ca97a49e0b7548d9e647,2026-09-25T22:41:00Z,Detroit Tigers,Pittsburgh Pirates,pinnacle,totals,Over,8.0,2.02
2026-09-25T15:14:34Z,scheduled,3aa03f1c80c2ca97a49e0b7548d9e647,2026-09-25T22:41:00Z,Detroit Tigers,Pittsburgh Pirates,pinnacle,totals,Under,8.0,1.87
2026-09-25T15:14:34Z,scheduled,3aa03f1c80c2ca97a49e0b7548d9e647,2026-09-25T22:41:00Z,Detroit Tigers,Pittsburgh Pirates,betfair_ex_eu,h2h,Detroit Tigers,,1.98
2026-09-25T15:14:34Z,scheduled,3aa03f1c80c2ca97a49e0b7548d9e647,2026-09-25T22:41:00Z,Detroit Tigers,Pittsburgh Pirates,betfair_ex_eu,h2h,Pittsburgh Pirates,,2.0
2026-09-25T15:14:34Z,scheduled,3aa03f1c80c2ca97a49e0b7548d9e647,2026-09-25T22:41:00Z,Detroit Tigers,Pittsburgh Pirates,betfair_ex_eu,h2h_lay,Detroit Tigers,,2.0
2026-09-25T15:14:34Z,scheduled,3aa03f1c80c2ca97a49e0b7548d9e647,2026-09-25T22:41:00Z,Detroit Tigers,Pittsburgh Pirates,betfair_ex_eu,h2h_lay,Pittsburgh Pirates,,2.02
2026-09-25T15:14:34Z,scheduled,6e8b1f358bb5c3837f473e61ecb68650,2026-09-25T22:41:00Z,Philadelphia Phillies,Tampa Bay Rays,fanduel,h2h,Philadelphia Phillies,,1.58
2026-09-25T15:14:34Z,scheduled,6e8b1f358bb5c3837f473e61ecb68650,2026-09-25T22:41:00Z,Philadelphia Phillies,Tampa Bay Rays,fanduel,h2h,Tampa Bay Rays,,2.44
2026-09-25T15:14:34Z,scheduled,6e8b1f358bb5c3837f473e61ecb68650,2026-09-25T22:41:00Z,Philadelphia Phillies,Tampa Bay Rays,fanduel,spreads,Philadelphia Phillies,-1.5,2.34
2026-09-25T15:14:34Z,scheduled,6e8b1f358bb5c3837f473e61ecb68650,2026-09-25T22:41:00Z,Philadelphia Phillies,Tampa Bay Rays,fanduel,spreads,Tampa Bay Rays,1.5,1.62
2026-09-25T15:14:34Z,scheduled,6e8b1f358bb5c3837f473e61ecb68650,2026-09-25T22:41:00Z,Philadelphia Phillies,Tampa Bay Rays,fanduel,totals,Over,6.5,1.85
2026-09-25T15:14:34Z,scheduled,6e8b1f358bb5c3837f473e61ecb68650,2026-09-25T22:41:00Z,Philadelphia Phillies,Tampa Bay Rays,fanduel,totals,Under,6.5,1.96
2026-09-25T15:14:34Z,scheduled,6e8b1f358bb5c3837f473e61ecb68650,2026-09-25T22:41:00Z,Philadelphia Phillies,Tampa Bay Rays,coolbet,h2h,Philadelphia Phillies,,1.57
2026-09-25T15:14:34Z,scheduled,6e8b1f358bb5c3837f473e61ecb68650,2026-09-25T22:41:00Z,Philadelphia Phillies,Tampa Bay Rays,coolbet,h2h,Tampa Bay Rays,,2.42
2026-09-25T15:14:34Z,scheduled,6e8b1f358bb5c3837f473e61ecb68650,2026-09-25T22:41:00Z,Philadelphia Phillies,Tampa Bay Rays,coolbet,spreads,Philadelphia Phillies,-1.5,2.35
2026-09-25T15:14:34Z,scheduled,6e8b1f358bb5c3837f473e61ecb68650,2026-09-25T22:41:00Z,Philadelphia Phillies,Tampa Bay Rays,coolbet,spreads,Tampa Bay Rays,1.5,1.6
2026-09-25T15:14:34Z,scheduled,6e8b1f358bb5c3837f473e61ecb68650,2026-09-25T22:41:00Z,Philadelphia Phillies,Tampa Bay Rays,coolbet,totals,Over,6.5,1.85
2026-09-25T15:14:34Z,scheduled,6e8b1f358bb5c3837f473e61ecb68650,2026-09-25T22:41:00Z,Philadelphia Phillies,Tampa Bay Rays,coolbet,totals,Under,6.5,1.96
2026-09-25T15:14:34Z,scheduled,6e8b1f358bb5c3837f473e61ecb68650,2026-09-25T22:41:00Z,Philadelphia Phillies,Tampa Bay Rays,betsson,h2h,Philadelphia Phillies,,1.56
2026-09-25T15:14:34Z,scheduled,6e8b1f358bb5c3837f473e61ecb68650,2026-09-25T22:41:00Z,Philadelphia Phillies,Tampa Bay Rays,betsson,h2h,Tampa Bay Rays,,2.42
2026-09-25T15:14:34Z,scheduled,6e8b1f358bb5c3837f473e61ecb68650,2026-09-25T22:41:00Z,Philadelphia Phillies,Tampa Bay Rays,betsson,spreads,Philadelphia Phillies,-1.5,2.27
2026-09-25T15:14:34Z,scheduled,6e8b1f358bb5c3837f473e61ecb68650,2026-09-25T22:41:00Z,Philadelphia Phillies,Tampa Bay Rays,betsson,spreads,Tampa Bay Rays,1.5,1.6
2026-09-25T15:14:34Z,scheduled,6e8b1f358bb5c3837f473e61ecb68650,2026-09-25T22:41:00Z,Philadelphia Phillies,Tampa Bay Rays,betsson,totals,Over,6.5,1.79
2026-09-25T15:14:34Z,scheduled,6e8b1f358bb5c3837f473e61ecb68650,2026-09-25T22:41:00Z,Philadelphia Phillies,Tampa Bay Rays,betsson,totals,Under,6.5,1.98
2026-09-25T15:14:34Z,scheduled,6e8b1f358bb5c3837f473e61ecb68650,2026-09-25T22:41:00Z,Philadelphia Phillies,Tampa Bay Rays,draftkings,h2h,Philadelphia Phillies,,1.57
2026-09-25T15:14:34Z,scheduled,6e8b1f358bb5c3837f473e61ecb68650,2026-09-25T22:41:00Z,Philadelphia Phillies,Tampa Bay Rays,draftkings,h2h,Tampa Bay Rays,,2.44
2026-09-25T15:14:34Z,scheduled,6e8b1f358bb5c3837f473e61ecb68650,2026-09-25T22:41:00Z,Philadelphia Phillies,Tampa Bay Rays,draftkings,spreads,Philadelphia Phillies,-1.5,2.35
2026-09-25T15:14:34Z,scheduled,6e8b1f358bb5c3837f473e61ecb68650,2026-09-25T22:41:00Z,Philadelphia Phillies,Tampa Bay Rays,draftkings,spreads,Tampa Bay Rays,1.5,1.61
2026-09-25T15:14:34Z,scheduled,6e8b1f358bb5c3837f473e61ecb68650,2026-09-25T22:41:00Z,Philadelphia Phillies,Tampa Bay Rays,draftkings,totals,Over,6.5,1.88
2026-09-25T15:14:34Z,scheduled,6e8b1f358bb5c3837f473e61ecb68650,2026-09-25T22:41:00Z,Philadelphia Phillies,Tampa Bay Rays,draftkings,totals,Under,6.5,1.95
2026-09-25T15:14:34Z,scheduled,6e8b1f358bb5c3837f473e61ecb68650,2026-09-25T22:41:00Z,Philadelphia Phillies,Tampa Bay Rays,betrivers,h2h,Philadelphia Phillies,,1.64
2026-09-25T15:14:34Z,scheduled,6e8b1f358bb5c3837f473e61ecb68650,2026-09-25T22:41:00Z,Philadelphia Phillies,Tampa Bay Rays,betrivers,h2h,Tampa Bay Rays,,2.3
2026-09-25T15:14:34Z,scheduled,6e8b1f358bb5c3837f473e61ecb68650,2026-09-25T22:41:00Z,Philadelphia Phillies,Tampa Bay Rays,betrivers,spreads,Philadelphia Phillies,-1.5,2.25
2026-09-25T15:14:34Z,scheduled,6e8b1f358bb5c3837f473e61ecb68650,2026-09-25T22:41:00Z,Philadelphia Phillies,Tampa Bay Rays,betrivers,spreads,Tampa Bay Rays,1.5,1.66
2026-09-25T15:14:34Z,scheduled,6e8b1f358bb5c3837f473e61ecb68650,2026-09-25T22:41:00Z,Philadelphia Phillies,Tampa Bay Rays,betrivers,totals,Over,6.5,1.88
2026-09-25T15:14:34Z,scheduled,6e8b1f358bb5c3837f473e61ecb68650,2026-09-25T22:41:00Z,Philadelphia Phillies,Tampa Bay Rays,betrivers,totals,Under,6.5,1.93
2026-09-25T15:14:34Z,scheduled,6e8b1f358bb5c3837f473e61ecb68650,2026-09-25T22:41:00Z,Philadelphia Phillies,Tampa Bay Rays,betmgm,h2h,Philadelphia Phillies,,1.57
2026-09-25T15:14:34Z,scheduled,6e8b1f358bb5c3837f473e61ecb68650,2026-09-25T22:41:00Z,Philadelphia Phillies,Tampa Bay Rays,betmgm,h2h,Tampa Bay Rays,,2.45
2026-09-25T15:14:34Z,scheduled,6e8b1f358bb5c3837f473e61ecb68650,2026-09-25T22:41:00Z,Philadelphia Phillies,Tampa Bay Rays,betmgm,spreads,Philadelphia Phillies,-1.5,2.35
2026-09-25T15:14:34Z,scheduled,6e8b1f358bb5c3837f473e61ecb68650,2026-09-25T22:41:00Z,Philadelphia Phillies,Tampa Bay Rays,betmgm,spreads,Tampa Bay Rays,1.5,1.62
2026-09-25T15:14:34Z,scheduled,6e8b1f358bb5c3837f473e61ecb68650,2026-09-25T22:41:00Z,Philadelphia Phillies,Tampa Bay Rays,betmgm,totals,Over,6.5,1.85
2026-09-25T15:14:34Z,scheduled,6e8b1f358bb5c3837f473e61ecb68650,2026-09-25T22:41:00Z,Philadelphia Phillies,Tampa Bay Rays,betmgm,totals,Under,6.5,1.98
2026-09-25T15:14:34Z,scheduled,6e8b1f358bb5c3837f473e61ecb68650,2026-09-25T22:41:00Z,Philadelphia Phillies,Tampa Bay Rays,matchbook,h2h,Philadelphia Phillies,,1.62
2026-09-25T15:14:34Z,scheduled,6e8b1f358bb5c3837f473e61ecb68650,2026-09-25T22:41:00Z,Philadelphia Phillies,Tampa Bay Rays,matchbook,h2h,Tampa Bay Rays,,2.58
2026-09-25T15:14:34Z,scheduled,6e8b1f358bb5c3837f473e61ecb68650,2026-09-25T22:41:00Z,Philadelphia Phillies,Tampa Bay Rays,matchbook,h2h_lay,Philadelphia Phillies,,1.64
2026-09-25T15:14:34Z,scheduled,6e8b1f358bb5c3837f473e61ecb68650,2026-09-25T22:41:00Z,Philadelphia Phillies,Tampa Bay Rays,matchbook,h2h_lay,Tampa Bay Rays,,2.62
2026-09-25T15:14:34Z,scheduled,6e8b1f358bb5c3837f473e61ecb68650,2026-09-25T22:41:00Z,Philadelphia Phillies,Tampa Bay Rays,matchbook,spreads,Philadelphia Phillies,-1.5,2.46
2026-09-25T15:14:34Z,scheduled,6e8b1f358bb5c3837f473e61ecb68650,2026-09-25T22:41:00Z,Philadelphia Phillies,Tampa Bay Rays,matchbook,spreads,Tampa Bay Rays,1.5,1.66
2026-09-25T15:14:34Z,scheduled,6e8b1f358bb5c3837f473e61ecb68650,2026-09-25T22:41:00Z,Philadelphia Phillies,Tampa Bay Rays,matchbook,totals,Over,6.5,1.9
2026-09-25T15:14:34Z,scheduled,6e8b1f358bb5c3837f473e61ecb68650,2026-09-25T22:41:00Z,Philadelphia Phillies,Tampa Bay Rays,matchbook,totals,Under,6.5,2.02
2026-09-25T15:14:34Z,scheduled,6e8b1f358bb5c3837f473e61ecb68650,2026-09-25T22:41:00Z,Philadelphia Phillies,Tampa Bay Rays,pinnacle,h2h,Philadelphia Phillies,,1.6
2026-09-25T15:14:34Z,scheduled,6e8b1f358bb5c3837f473e61ecb68650,2026-09-25T22:41:00Z,Philadelphia Phillies,Tampa Bay Rays,pinnacle,h2h,Tampa Bay Rays,,2.53
2026-09-25T15:14:34Z,scheduled,6e8b1f358bb5c3837f473e61ecb68650,2026-09-25T22:41:00Z,Philadelphia Phillies,Tampa Bay Rays,pinnacle,spreads,Philadelphia Phillies,-1.5,2.44
2026-09-25T15:14:34Z,scheduled,6e8b1f358bb5c3837f473e61ecb68650,2026-09-25T22:41:00Z,Philadelphia Phillies,Tampa Bay Rays,pinnacle,spreads,Tampa Bay Rays,1.5,1.62
2026-09-25T15:14:34Z,scheduled,6e8b1f358bb5c3837f473e61ecb68650,2026-09-25T22:41:00Z,Philadelphia Phillies,Tampa Bay Rays,pinnacle,totals,Over,6.5,1.87
2026-09-25T15:14:34Z,scheduled,6e8b1f358bb5c3837f473e61ecb68650,2026-09-25T22:41:00Z,Philadelphia Phillies,Tampa Bay Rays,pinnacle,totals,Under,6.5,2.02
2026-09-25T15:14:34Z,scheduled,6e8b1f358bb5c3837f473e61ecb68650,2026-09-25T22:41:00Z,Philadelphia Phillies,Tampa Bay Rays,betfair_ex_eu,h2h,Philadelphia Phillies,,1.62
2026-09-25T15:14:34Z,scheduled,6e8b1f358bb5c3837f473e61ecb68650,2026-09-25T22:41:00Z,Philadelphia Phillies,Tampa Bay Rays,betfair_ex_eu,h2h,Tampa Bay Rays,,2.58
2026-09-25T15:14:34Z,scheduled,6e8b1f358bb5c3837f473e61ecb68650,2026-09-25T22:41:00Z,Philadelphia Phillies,Tampa Bay Rays,betfair_ex_eu,h2h_lay,Philadelphia Phillies,,1.64
2026-09-25T15:14:34Z,scheduled,6e8b1f358bb5c3837f473e61ecb68650,2026-09-25T22:41:00Z,Philadelphia Phillies,Tampa Bay Rays,betfair_ex_eu,h2h_lay,Tampa Bay Rays,,2.62
2026-09-25T15:14:34Z,scheduled,80d706190519a0e4956a64e84e72ed94,2026-09-25T22:46:00Z,Washington Nationals,New York Mets,fanduel,h2h,New York Mets,,1.86
2026-09-25T15:14:34Z,scheduled,80d706190519a0e4956a64e84e72ed94,2026-09-25T22:46:00Z,Washington Nationals,New York Mets,fanduel,h2h,Washington Nationals,,1.98
2026-09-25T15:14:34Z,scheduled,80d706190519a0e4956a64e84e72ed94,2026-09-25T22:46:00Z,Washington Nationals,New York Mets,fanduel,spreads,New York Mets,-1.5,2.46
2026-09-25T15:14:34Z,scheduled,80d706190519a0e4956a64e84e72ed94,2026-09-25T22:46:00Z,Washington Nationals,New York Mets,fanduel,spreads,Washington Nationals,1.5,1.56
2026-09-25T15:14:34Z,scheduled,80d706190519a0e4956a64e84e72ed94,2026-09-25T22:46:00Z,Washington Nationals,New York Mets,fanduel,totals,Over,7.5,1.78
2026-09-25T15:14:34Z,scheduled,80d706190519a0e4956a64e84e72ed94,2026-09-25T22:46:00Z,Washington Nationals,New York Mets,fanduel,totals,Under,7.5,2.04
2026-09-25T15:14:34Z,scheduled,80d706190519a0e4956a64e84e72ed94,2026-09-25T22:46:00Z,Washington Nationals,New York Mets,draftkings,h2h,New York Mets,,1.88
2026-09-25T15:14:34Z,scheduled,80d706190519a0e4956a64e84e72ed94,2026-09-25T22:46:00Z,Washington Nationals,New York Mets,draftkings,h2h,Washington Nationals,,1.95
2026-09-25T15:14:34Z,scheduled,80d706190519a0e4956a64e84e72ed94,2026-09-25T22:46:00Z,Washington Nationals,New York Mets,draftkings,spreads,New York Mets,-1.5,2.48
2026-09-25T15:14:34Z,scheduled,80d706190519a0e4956a64e84e72ed94,2026-09-25T22:46:00Z,Washington Nationals,New York Mets,draftkings,spreads,Washington Nationals,1.5,1.56
2026-09-25T15:14:34Z,scheduled,80d706190519a0e4956a64e84e72ed94,2026-09-25T22:46:00Z,Washington Nationals,New York Mets,draftkings,totals,Over,8.0,1.95
2026-09-25T15:14:34Z,scheduled,80d706190519a0e4956a64e84e72ed94,2026-09-25T22:46:00Z,Washington Nationals,New York Mets,draftkings,totals,Under,8.0,1.87
2026-09-25T15:14:34Z,scheduled,80d706190519a0e4956a64e84e72ed94,2026-09-25T22:46:00Z,Washington Nationals,New York Mets,betsson,h2h,New York Mets,,1.88
2026-09-25T15:14:34Z,scheduled,80d706190519a0e4956a64e84e72ed94,2026-09-25T22:46:00Z,Washington Nationals,New York Mets,betsson,h2h,Washington Nationals,,1.92
2026-09-25T15:14:34Z,scheduled,80d706190519a0e4956a64e84e72ed94,2026-09-25T22:46:00Z,Washington Nationals,New York Mets,betsson,spreads,New York Mets,-1.5,2.42
2026-09-25T15:14:34Z,scheduled,80d706190519a0e4956a64e84e72ed94,2026-09-25T22:46:00Z,Washington Nationals,New York Mets,betsson,spreads,Washington Nationals,1.5,1.54
2026-09-25T15:14:34Z,scheduled,80d706190519a0e4956a64e84e72ed94,2026-09-25T22:46:00Z,Washington Nationals,New York Mets,betsson,totals,Over,8.0,1.86
2026-09-25T15:14:34Z,scheduled,80d706190519a0e4956a64e84e72ed94,2026-09-25T22:46:00Z,Washington Nationals,New York Mets,betsson,totals,Under,8.0,1.9
2026-09-25T15:14:34Z,scheduled,80d706190519a0e4956a64e84e72ed94,2026-09-25T22:46:00Z,Washington Nationals,New York Mets,coolbet,h2h,New York Mets,,1.82
2026-09-25T15:14:34Z,scheduled,80d706190519a0e4956a64e84e72ed94,2026-09-25T22:46:00Z,Washington Nationals,New York Mets,coolbet,h2h,Washington Nationals,,2.0
2026-09-25T15:14:34Z,scheduled,80d706190519a0e4956a64e84e72ed94,2026-09-25T22:46:00Z,Washington Nationals,New York Mets,coolbet,spreads,New York Mets,-1.5,2.35
2026-09-25T15:14:34Z,scheduled,80d706190519a0e4956a64e84e72ed94,2026-09-25T22:46:00Z,Washington Nationals,New York Mets,coolbet,spreads,Washington Nationals,1.5,1.6
2026-09-25T15:14:34Z,scheduled,80d706190519a0e4956a64e84e72ed94,2026-09-25T22:46:00Z,Washington Nationals,New York Mets,coolbet,totals,Over,8.0,1.92
2026-09-25T15:14:34Z,scheduled,80d706190519a0e4956a64e84e72ed94,2026-09-25T22:46:00Z,Washington Nationals,New York Mets,coolbet,totals,Under,8.0,1.89
2026-09-25T15:14:34Z,scheduled,80d706190519a0e4956a64e84e72ed94,2026-09-25T22:46:00Z,Washington Nationals,New York Mets,betmgm,h2h,New York Mets,,1.91
2026-09-25T15:14:34Z,scheduled,80d706190519a0e4956a64e84e72ed94,2026-09-25T22:46:00Z,Washington Nationals,New York Mets,betmgm,h2h,Washington Nationals,,1.91
2026-09-25T15:14:34Z,scheduled,80d706190519a0e4956a64e84e72ed94,2026-09-25T22:46:00Z,Washington Nationals,New York Mets,betmgm,spreads,New York Mets,-1.5,2.45
2026-09-25T15:14:34Z,scheduled,80d706190519a0e4956a64e84e72ed94,2026-09-25T22:46:00Z,Washington Nationals,New York Mets,betmgm,spreads,Washington Nationals,1.5,1.56
2026-09-25T15:14:34Z,scheduled,80d706190519a0e4956a64e84e72ed94,2026-09-25T22:46:00Z,Washington Nationals,New York Mets,betmgm,totals,Over,8.0,1.98
2026-09-25T15:14:34Z,scheduled,80d706190519a0e4956a64e84e72ed94,2026-09-25T22:46:00Z,Washington Nationals,New York Mets,betmgm,totals,Under,8.0,1.85
2026-09-25T15:14:34Z,scheduled,80d706190519a0e4956a64e84e72ed94,2026-09-25T22:46:00Z,Washington Nationals,New York Mets,betrivers,h2h,New York Mets,,1.81
2026-09-25T15:14:34Z,scheduled,80d706190519a0e4956a64e84e72ed94,2026-09-25T22:46:00Z,Washington Nationals,New York Mets,betrivers,h2h,Washington Nationals,,2.04
2026-09-25T15:14:34Z,scheduled,80d706190519a0e4956a64e84e72ed94,2026-09-25T22:46:00Z,Washington Nationals,New York Mets,betrivers,spreads,New York Mets,-1.5,2.25
2026-09-25T15:14:34Z,scheduled,80d706190519a0e4956a64e84e72ed94,2026-09-25T22:46:00Z,Washington Nationals,New York Mets,betrivers,spreads,Washington Nationals,1.5,1.66
2026-09-25T15:14:34Z,scheduled,80d706190519a0e4956a64e84e72ed94,2026-09-25T22:46:00Z,Washington Nationals,New York Mets,betrivers,totals,Over,8.0,1.88
2026-09-25T15:14:34Z,scheduled,80d706190519a0e4956a64e84e72ed94,2026-09-25T22:46:00Z,Washington Nationals,New York Mets,betrivers,totals,Under,8.0,1.78
2026-09-25T15:14:34Z,scheduled,80d706190519a0e4956a64e84e72ed94,2026-09-25T22:46:00Z,Washington Nationals,New York Mets,betfair_ex_eu,h2h,New York Mets,,1.96
2026-09-25T15:14:34Z,scheduled,80d706190519a0e4956a64e84e72ed94,2026-09-25T22:46:00Z,Washington Nationals,New York Mets,betfair_ex_eu,h2h,Washington Nationals,,2.0
2026-09-25T15:14:34Z,scheduled,80d706190519a0e4956a64e84e72ed94,2026-09-25T22:46:00Z,Washington Nationals,New York Mets,betfair_ex_eu,h2h_lay,New York Mets,,2.0
2026-09-25T15:14:34Z,scheduled,80d706190519a0e4956a64e84e72ed94,2026-09-25T22:46:00Z,Washington Nationals,New York Mets,betfair_ex_eu,h2h_lay,Washington Nationals,,2.04
2026-09-25T15:14:34Z,scheduled,80d706190519a0e4956a64e84e72ed94,2026-09-25T22:46:00Z,Washington Nationals,New York Mets,matchbook,h2h,New York Mets,,1.96
2026-09-25T15:14:34Z,scheduled,80d706190519a0e4956a64e84e72ed94,2026-09-25T22:46:00Z,Washington Nationals,New York Mets,matchbook,h2h,Washington Nationals,,2.02
2026-09-25T15:14:34Z,scheduled,80d706190519a0e4956a64e84e72ed94,2026-09-25T22:46:00Z,Washington Nationals,New York Mets,matchbook,h2h_lay,New York Mets,,1.99
2026-09-25T15:14:34Z,scheduled,80d706190519a0e4956a64e84e72ed94,2026-09-25T22:46:00Z,Washington Nationals,New York Mets,matchbook,h2h_lay,Washington Nationals,,2.04
2026-09-25T15:14:34Z,scheduled,80d706190519a0e4956a64e84e72ed94,2026-09-25T22:46:00Z,Washington Nationals,New York Mets,matchbook,spreads,New York Mets,-1.5,2.5
2026-09-25T15:14:34Z,scheduled,80d706190519a0e4956a64e84e72ed94,2026-09-25T22:46:00Z,Washington Nationals,New York Mets,matchbook,spreads,Washington Nationals,1.5,1.6
2026-09-25T15:14:34Z,scheduled,80d706190519a0e4956a64e84e72ed94,2026-09-25T22:46:00Z,Washington Nationals,New York Mets,matchbook,totals,Over,7.5,1.83
2026-09-25T15:14:34Z,scheduled,80d706190519a0e4956a64e84e72ed94,2026-09-25T22:46:00Z,Washington Nationals,New York Mets,matchbook,totals,Under,7.5,2.08
2026-09-25T15:14:34Z,scheduled,80d706190519a0e4956a64e84e72ed94,2026-09-25T22:46:00Z,Washington Nationals,New York Mets,pinnacle,h2h,New York Mets,,1.85
2026-09-25T15:14:34Z,scheduled,80d706190519a0e4956a64e84e72ed94,2026-09-25T22:46:00Z,Washington Nationals,New York Mets,pinnacle,h2h,Washington Nationals,,2.06
2026-09-25T15:14:34Z,scheduled,80d706190519a0e4956a64e84e72ed94,2026-09-25T22:46:00Z,Washington Nationals,New York Mets,pinnacle,spreads,New York Mets,-1.5,2.42
2026-09-25T15:14:34Z,scheduled,80d706190519a0e4956a64e84e72ed94,2026-09-25T22:46:00Z,Washington Nationals,New York Mets,pinnacle,spreads,Washington Nationals,1.5,1.62
2026-09-25T15:14:34Z,scheduled,80d706190519a0e4956a64e84e72ed94,2026-09-25T22:46:00Z,Washington Nationals,New York Mets,pinnacle,totals,Over,8.0,1.98
2026-09-25T15:14:34Z,scheduled,80d706190519a0e4956a64e84e72ed94,2026-09-25T22:46:00Z,Washington Nationals,New York Mets,pinnacle,totals,Under,8.0,1.89
2026-09-25T15:14:34Z,scheduled,3fe14d478bc1ffac17198c460085ca70,2026-09-25T23:06:00Z,New York Yankees,Baltimore Orioles,fanduel,h2h,Baltimore Orioles,,2.1
2026-09-25T15:14:34Z,scheduled,3fe14d478bc1ffac17198c460085ca70,2026-09-25T23:06:00Z,New York Yankees,Baltimore Orioles,fanduel,h2h,New York Yankees,,1.77
2026-09-25T15:14:34Z,scheduled,3fe14d478bc1ffac17198c460085ca70,2026-09-25T23:06:00Z,New York Yankees,Baltimore Orioles,fanduel,spreads,Baltimore Orioles,1.5,1.45
2026-09-25T15:14:34Z,scheduled,3fe14d478bc1ffac17198c460085ca70,2026-09-25T23:06:00Z,New York Yankees,Baltimore Orioles,fanduel,spreads,New York Yankees,-1.5,2.8
2026-09-25T15:14:34Z,scheduled,3fe14d478bc1ffac17198c460085ca70,2026-09-25T23:06:00Z,New York Yankees,Baltimore Orioles,fanduel,totals,Over,6.5,1.85
2026-09-25T15:14:34Z,scheduled,3fe14d478bc1ffac17198c460085ca70,2026-09-25T23:06:00Z,New York Yankees,Baltimore Orioles,fanduel,totals,Under,6.5,1.96
2026-09-25T15:14:34Z,scheduled,3fe14d478bc1ffac17198c460085ca70,2026-09-25T23:06:00Z,New York Yankees,Baltimore Orioles,betfair_ex_eu,h2h,Baltimore Orioles,,2.14
2026-09-25T15:14:34Z,scheduled,3fe14d478bc1ffac17198c460085ca70,2026-09-25T23:06:00Z,New York Yankees,Baltimore Orioles,betfair_ex_eu,h2h,New York Yankees,,1.85
2026-09-25T15:14:34Z,scheduled,3fe14d478bc1ffac17198c460085ca70,2026-09-25T23:06:00Z,New York Yankees,Baltimore Orioles,betfair_ex_eu,h2h_lay,Baltimore Orioles,,2.18
2026-09-25T15:14:34Z,scheduled,3fe14d478bc1ffac17198c460085ca70,2026-09-25T23:06:00Z,New York Yankees,Baltimore Orioles,betfair_ex_eu,h2h_lay,New York Yankees,,1.87
2026-09-25T15:14:34Z,scheduled,3fe14d478bc1ffac17198c460085ca70,2026-09-25T23:06:00Z,New York Yankees,Baltimore Orioles,coolbet,h2h,Baltimore Orioles,,2.08
2026-09-25T15:14:34Z,scheduled,3fe14d478bc1ffac17198c460085ca70,2026-09-25T23:06:00Z,New York Yankees,Baltimore Orioles,coolbet,h2h,New York Yankees,,1.76
2026-09-25T15:14:34Z,scheduled,3fe14d478bc1ffac17198c460085ca70,2026-09-25T23:06:00Z,New York Yankees,Baltimore Orioles,coolbet,spreads,Baltimore Orioles,-1.5,2.78
2026-09-25T15:14:34Z,scheduled,3fe14d478bc1ffac17198c460085ca70,2026-09-25T23:06:00Z,New York Yankees,Baltimore Orioles,coolbet,spreads,New York Yankees,1.5,1.45
2026-09-25T15:14:34Z,scheduled,3fe14d478bc1ffac17198c460085ca70,2026-09-25T23:06:00Z,New York Yankees,Baltimore Orioles,coolbet,totals,Over,6.5,1.85
2026-09-25T15:14:34Z,scheduled,3fe14d478bc1ffac17198c460085ca70,2026-09-25T23:06:00Z,New York Yankees,Baltimore Orioles,coolbet,totals,Under,6.5,1.96
2026-09-25T15:14:34Z,scheduled,3fe14d478bc1ffac17198c460085ca70,2026-09-25T23:06:00Z,New York Yankees,Baltimore Orioles,matchbook,h2h,Baltimore Orioles,,2.12
2026-09-25T15:14:34Z,scheduled,3fe14d478bc1ffac17198c460085ca70,2026-09-25T23:06:00Z,New York Yankees,Baltimore Orioles,matchbook,h2h,New York Yankees,,1.8
2026-09-25T15:14:34Z,scheduled,3fe14d478bc1ffac17198c460085ca70,2026-09-25T23:06:00Z,New York Yankees,Baltimore Orioles,matchbook,h2h_lay,Baltimore Orioles,,2.26
2026-09-25T15:14:34Z,scheduled,3fe14d478bc1ffac17198c460085ca70,2026-09-25T23:06:00Z,New York Yankees,Baltimore Orioles,matchbook,h2h_lay,New York Yankees,,1.9
2026-09-25T15:14:34Z,scheduled,3fe14d478bc1ffac17198c460085ca70,2026-09-25T23:06:00Z,New York Yankees,Baltimore Orioles,matchbook,spreads,Baltimore Orioles,1.5,1.5
2026-09-25T15:14:34Z,scheduled,3fe14d478bc1ffac17198c460085ca70,2026-09-25T23:06:00Z,New York Yankees,Baltimore Orioles,matchbook,spreads,New York Yankees,-1.5,2.82
2026-09-25T15:14:34Z,scheduled,3fe14d478bc1ffac17198c460085ca70,2026-09-25T23:06:00Z,New York Yankees,Baltimore Orioles,matchbook,totals,Over,6.5,1.89
2026-09-25T15:14:34Z,scheduled,3fe14d478bc1ffac17198c460085ca70,2026-09-25T23:06:00Z,New York Yankees,Baltimore Orioles,matchbook,totals,Under,6.5,2.02
2026-09-25T15:14:34Z,scheduled,3fe14d478bc1ffac17198c460085ca70,2026-09-25T23:06:00Z,New York Yankees,Baltimore Orioles,betrivers,h2h,Baltimore Orioles,,2.18
2026-09-25T15:14:34Z,scheduled,3fe14d478bc1ffac17198c460085ca70,2026-09-25T23:06:00Z,New York Yankees,Baltimore Orioles,betrivers,h2h,New York Yankees,,1.71
2026-09-25T15:14:34Z,scheduled,3fe14d478bc1ffac17198c460085ca70,2026-09-25T23:06:00Z,New York Yankees,Baltimore Orioles,betrivers,spreads,Baltimore Orioles,1.5,1.5
2026-09-25T15:14:34Z,scheduled,3fe14d478bc1ffac17198c460085ca70,2026-09-25T23:06:00Z,New York Yankees,Baltimore Orioles,betrivers,spreads,New York Yankees,-1.5,2.6
2026-09-25T15:14:34Z,scheduled,3fe14d478bc1ffac17198c460085ca70,2026-09-25T23:06:00Z,New York Yankees,Baltimore Orioles,betrivers,totals,Over,6.5,1.78
2026-09-25T15:14:34Z,scheduled,3fe14d478bc1ffac17198c460085ca70,2026-09-25T23:06:00Z,New York Yankees,Baltimore Orioles,betrivers,totals,Under,6.5,2.06
2026-09-25T15:14:34Z,scheduled,3fe14d478bc1ffac17198c460085ca70,2026-09-25T23:06:00Z,New York Yankees,Baltimore Orioles,draftkings,h2h,Baltimore Orioles,,2.05
2026-09-25T15:14:34Z,scheduled,3fe14d478bc1ffac17198c460085ca70,2026-09-25T23:06:00Z,New York Yankees,Baltimore Orioles,draftkings,h2h,New York Yankees,,1.79
2026-09-25T15:14:34Z,scheduled,3fe14d478bc1ffac17198c460085ca70,2026-09-25T23:06:00Z,New York Yankees,Baltimore Orioles,draftkings,spreads,Baltimore Orioles,1.5,1.46
2026-09-25T15:14:34Z,scheduled,3fe14d478bc1ffac17198c460085ca70,2026-09-25T23:06:00Z,New York Yankees,Baltimore Orioles,draftkings,spreads,New York Yankees,-1.5,2.79
2026-09-25T15:14:34Z,scheduled,3fe14d478bc1ffac17198c460085ca70,2026-09-25T23:06:00Z,New York Yankees,Baltimore Orioles,draftkings,totals,Over,6.5,1.87
2026-09-25T15:14:34Z,scheduled,3fe14d478bc1ffac17198c460085ca70,2026-09-25T23:06:00Z,New York Yankees,Baltimore Orioles,draftkings,totals,Under,6.5,1.95
2026-09-25T15:14:34Z,scheduled,3fe14d478bc1ffac17198c460085ca70,2026-09-25T23:06:00Z,New York Yankees,Baltimore Orioles,betsson,h2h,Baltimore Orioles,,2.07
2026-09-25T15:14:34Z,scheduled,3fe14d478bc1ffac17198c460085ca70,2026-09-25T23:06:00Z,New York Yankees,Baltimore Orioles,betsson,h2h,New York Yankees,,1.76
2026-09-25T15:14:34Z,scheduled,3fe14d478bc1ffac17198c460085ca70,2026-09-25T23:06:00Z,New York Yankees,Baltimore Orioles,betsson,spreads,Baltimore Orioles,1.5,1.46
2026-09-25T15:14:34Z,scheduled,3fe14d478bc1ffac17198c460085ca70,2026-09-25T23:06:00Z,New York Yankees,Baltimore Orioles,betsson,spreads,New York Yankees,-1.5,2.65
2026-09-25T15:14:34Z,scheduled,3fe14d478bc1ffac17198c460085ca70,2026-09-25T23:06:00Z,New York Yankees,Baltimore Orioles,betsson,totals,Over,6.5,1.8
2026-09-25T15:14:34Z,scheduled,3fe14d478bc1ffac17198c460085ca70,2026-09-25T23:06:00Z,New York Yankees,Baltimore Orioles,betsson,totals,Under,6.5,1.97
2026-09-25T15:14:34Z,scheduled,3fe14d478bc1ffac17198c460085ca70,2026-09-25T23:06:00Z,New York Yankees,Baltimore Orioles,betmgm,h2h,Baltimore Orioles,,2.1
2026-09-25T15:14:34Z,scheduled,3fe14d478bc1ffac17198c460085ca70,2026-09-25T23:06:00Z,New York Yankees,Baltimore Orioles,betmgm,h2h,New York Yankees,,1.74
2026-09-25T15:14:34Z,scheduled,3fe14d478bc1ffac17198c460085ca70,2026-09-25T23:06:00Z,New York Yankees,Baltimore Orioles,betmgm,spreads,Baltimore Orioles,1.5,1.45
2026-09-25T15:14:34Z,scheduled,3fe14d478bc1ffac17198c460085ca70,2026-09-25T23:06:00Z,New York Yankees,Baltimore Orioles,betmgm,spreads,New York Yankees,-1.5,2.8
2026-09-25T15:14:34Z,scheduled,3fe14d478bc1ffac17198c460085ca70,2026-09-25T23:06:00Z,New York Yankees,Baltimore Orioles,betmgm,totals,Over,6.5,1.87
2026-09-25T15:14:34Z,scheduled,3fe14d478bc1ffac17198c460085ca70,2026-09-25T23:06:00Z,New York Yankees,Baltimore Orioles,betmgm,totals,Under,6.5,1.95
2026-09-25T15:14:34Z,scheduled,3fe14d478bc1ffac17198c460085ca70,2026-09-25T23:06:00Z,New York Yankees,Baltimore Orioles,pinnacle,h2h,Baltimore Orioles,,2.11
2026-09-25T15:14:34Z,scheduled,3fe14d478bc1ffac17198c460085ca70,2026-09-25T23:06:00Z,New York Yankees,Baltimore Orioles,pinnacle,h2h,New York Yankees,,1.81
2026-09-25T15:14:34Z,scheduled,3fe14d478bc1ffac17198c460085ca70,2026-09-25T23:06:00Z,New York Yankees,Baltimore Orioles,pinnacle,spreads,Baltimore Orioles,1.5,1.47
2026-09-25T15:14:34Z,scheduled,3fe14d478bc1ffac17198c460085ca70,2026-09-25T23:06:00Z,New York Yankees,Baltimore Orioles,pinnacle,spreads,New York Yankees,-1.5,2.83
2026-09-25T15:14:34Z,scheduled,3fe14d478bc1ffac17198c460085ca70,2026-09-25T23:06:00Z,New York Yankees,Baltimore Orioles,pinnacle,totals,Over,6.5,1.85
2026-09-25T15:14:34Z,scheduled,3fe14d478bc1ffac17198c460085ca70,2026-09-25T23:06:00Z,New York Yankees,Baltimore Orioles,pinnacle,totals,Under,6.5,2.03
2026-09-25T15:14:34Z,scheduled,890be5ce6e3ea3d7c6f0b76bd9a0e45a,2026-09-25T23:08:00Z,Toronto Blue Jays,Cincinnati Reds,fanduel,h2h,Cincinnati Reds,,2.2
2026-09-25T15:14:34Z,scheduled,890be5ce6e3ea3d7c6f0b76bd9a0e45a,2026-09-25T23:08:00Z,Toronto Blue Jays,Cincinnati Reds,fanduel,h2h,Toronto Blue Jays,,1.7
2026-09-25T15:14:34Z,scheduled,890be5ce6e3ea3d7c6f0b76bd9a0e45a,2026-09-25T23:08:00Z,Toronto Blue Jays,Cincinnati Reds,fanduel,spreads,Cincinnati Reds,1.5,1.52
2026-09-25T15:14:34Z,scheduled,890be5ce6e3ea3d7c6f0b76bd9a0e45a,2026-09-25T23:08:00Z,Toronto Blue Jays,Cincinnati Reds,fanduel,spreads,Toronto Blue Jays,-1.5,2.58
2026-09-25T15:14:34Z,scheduled,890be5ce6e3ea3d7c6f0b76bd9a0e45a,2026-09-25T23:08:00Z,Toronto Blue Jays,Cincinnati Reds,fanduel,totals,Over,7.5,1.85
2026-09-25T15:14:34Z,scheduled,890be5ce6e3ea3d7c6f0b76bd9a0e45a,2026-09-25T23:08:00Z,Toronto Blue Jays,Cincinnati Reds,fanduel,totals,Under,7.5,1.96
2026-09-25T15:14:34Z,scheduled,890be5ce6e3ea3d7c6f0b76bd9a0e45a,2026-09-25T23:08:00Z,Toronto Blue Jays,Cincinnati Reds,draftkings,h2h,Cincinnati Reds,,2.18
2026-09-25T15:14:34Z,scheduled,890be5ce6e3ea3d7c6f0b76bd9a0e45a,2026-09-25T23:08:00Z,Toronto Blue Jays,Cincinnati Reds,draftkings,h2h,Toronto Blue Jays,,1.7
2026-09-25T15:14:34Z,scheduled,890be5ce6e3ea3d7c6f0b76bd9a0e45a,2026-09-25T23:08:00Z,Toronto Blue Jays,Cincinnati Reds,draftkings,spreads,Cincinnati Reds,1.5,1.52
2026-09-25T15:14:34Z,scheduled,890be5ce6e3ea3d7c6f0b76bd9a0e45a,2026-09-25T23:08:00Z,Toronto Blue Jays,Cincinnati Reds,draftkings,spreads,Toronto Blue Jays,-1.5,2.58
2026-09-25T15:14:34Z,scheduled,890be5ce6e3ea3d7c6f0b76bd9a0e45a,2026-09-25T23:08:00Z,Toronto Blue Jays,Cincinnati Reds,draftkings,totals,Over,7.5,1.85
2026-09-25T15:14:34Z,scheduled,890be5ce6e3ea3d7c6f0b76bd9a0e45a,2026-09-25T23:08:00Z,Toronto Blue Jays,Cincinnati Reds,draftkings,totals,Under,7.5,1.98
2026-09-25T15:14:34Z,scheduled,890be5ce6e3ea3d7c6f0b76bd9a0e45a,2026-09-25T23:08:00Z,Toronto Blue Jays,Cincinnati Reds,coolbet,h2h,Cincinnati Reds,,2.15
2026-09-25T15:14:34Z,scheduled,890be5ce6e3ea3d7c6f0b76bd9a0e45a,2026-09-25T23:08:00Z,Toronto Blue Jays,Cincinnati Reds,coolbet,h2h,Toronto Blue Jays,,1.71
2026-09-25T15:14:34Z,scheduled,890be5ce6e3ea3d7c6f0b76bd9a0e45a,2026-09-25T23:08:00Z,Toronto Blue Jays,Cincinnati Reds,coolbet,spreads,Cincinnati Reds,1.5,1.52
2026-09-25T15:14:34Z,scheduled,890be5ce6e3ea3d7c6f0b76bd9a0e45a,2026-09-25T23:08:00Z,Toronto Blue Jays,Cincinnati Reds,coolbet,spreads,Toronto Blue Jays,-1.5,2.55
2026-09-25T15:14:34Z,scheduled,890be5ce6e3ea3d7c6f0b76bd9a0e45a,2026-09-25T23:08:00Z,Toronto Blue Jays,Cincinnati Reds,coolbet,totals,Over,7.5,1.85
2026-09-25T15:14:34Z,scheduled,890be5ce6e3ea3d7c6f0b76bd9a0e45a,2026-09-25T23:08:00Z,Toronto Blue Jays,Cincinnati Reds,coolbet,totals,Under,7.5,1.96
2026-09-25T15:14:34Z,scheduled,890be5ce6e3ea3d7c6f0b76bd9a0e45a,2026-09-25T23:08:00Z,Toronto Blue Jays,Cincinnati Reds,betsson,h2h,Cincinnati Reds,,2.16
2026-09-25T15:14:34Z,scheduled,890be5ce6e3ea3d7c6f0b76bd9a0e45a,2026-09-25T23:08:00Z,Toronto Blue Jays,Cincinnati Reds,betsson,h2h,Toronto Blue Jays,,1.69
2026-09-25T15:14:34Z,scheduled,890be5ce6e3ea3d7c6f0b76bd9a0e45a,2026-09-25T23:08:00Z,Toronto Blue Jays,Cincinnati Reds,betsson,spreads,Cincinnati Reds,1.5,1.54
2026-09-25T15:14:34Z,scheduled,890be5ce6e3ea3d7c6f0b76bd9a0e45a,2026-09-25T23:08:00Z,Toronto Blue Jays,Cincinnati Reds,betsson,spreads,Toronto Blue Jays,-1.5,2.42
2026-09-25T15:14:34Z,scheduled,890be5ce6e3ea3d7c6f0b76bd9a0e45a,2026-09-25T23:08:00Z,Toronto Blue Jays,Cincinnati Reds,betsson,totals,Over,8.0,1.9
2026-09-25T15:14:34Z,scheduled,890be5ce6e3ea3d7c6f0b76bd9a0e45a,2026-09-25T23:08:00Z,Toronto Blue Jays,Cincinnati Reds,betsson,totals,Under,8.0,1.86
2026-09-25T15:14:34Z,scheduled,890be5ce6e3ea3d7c6f0b76bd9a0e45a,2026-09-25T23:08:00Z,Toronto Blue Jays,Cincinnati Reds,betmgm,h2h,Cincinnati Reds,,2.18
2026-09-25T15:14:34Z,scheduled,890be5ce6e3ea3d7c6f0b76bd9a0e45a,2026-09-25T23:08:00Z,Toronto Blue Jays,Cincinnati Reds,betmgm,h2h,Toronto Blue Jays,,1.69
2026-09-25T15:14:34Z,scheduled,890be5ce6e3ea3d7c6f0b76bd9a0e45a,2026-09-25T23:08:00Z,Toronto Blue Jays,Cincinnati Reds,betmgm,spreads,Cincinnati Reds,1.5,1.53
2026-09-25T15:14:34Z,scheduled,890be5ce6e3ea3d7c6f0b76bd9a0e45a,2026-09-25T23:08:00Z,Toronto Blue Jays,Cincinnati Reds,betmgm,spreads,Toronto Blue Jays,-1.5,2.54
2026-09-25T15:14:34Z,scheduled,890be5ce6e3ea3d7c6f0b76bd9a0e45a,2026-09-25T23:08:00Z,Toronto Blue Jays,Cincinnati Reds,betmgm,totals,Over,7.5,1.85
2026-09-25T15:14:34Z,scheduled,890be5ce6e3ea3d7c6f0b76bd9a0e45a,2026-09-25T23:08:00Z,Toronto Blue Jays,Cincinnati Reds,betmgm,totals,Under,7.5,1.98
2026-09-25T15:14:34Z,scheduled,890be5ce6e3ea3d7c6f0b76bd9a0e45a,2026-09-25T23:08:00Z,Toronto Blue Jays,Cincinnati Reds,betrivers,h2h,Cincinnati Reds,,2.1
2026-09-25T15:14:34Z,scheduled,890be5ce6e3ea3d7c6f0b76bd9a0e45a,2026-09-25T23:08:00Z,Toronto Blue Jays,Cincinnati Reds,betrivers,h2h,Toronto Blue Jays,,1.76
2026-09-25T15:14:34Z,scheduled,890be5ce6e3ea3d7c6f0b76bd9a0e45a,2026-09-25T23:08:00Z,Toronto Blue Jays,Cincinnati Reds,betrivers,spreads,Cincinnati Reds,1.5,1.62
2026-09-25T15:14:34Z,scheduled,890be5ce6e3ea3d7c6f0b76bd9a0e45a,2026-09-25T23:08:00Z,Toronto Blue Jays,Cincinnati Reds,betrivers,spreads,Toronto Blue Jays,-1.5,2.32
2026-09-25T15:14:34Z,scheduled,890be5ce6e3ea3d7c6f0b76bd9a0e45a,2026-09-25T23:08:00Z,Toronto Blue Jays,Cincinnati Reds,betrivers,totals,Over,8.0,1.87
2026-09-25T15:14:34Z,scheduled,890be5ce6e3ea3d7c6f0b76bd9a0e45a,2026-09-25T23:08:00Z,Toronto Blue Jays,Cincinnati Reds,betrivers,totals,Under,8.0,1.81
2026-09-25T15:14:34Z,scheduled,890be5ce6e3ea3d7c6f0b76bd9a0e45a,2026-09-25T23:08:00Z,Toronto Blue Jays,Cincinnati Reds,betfair_ex_eu,h2h,Cincinnati Reds,,2.24
2026-09-25T15:14:34Z,scheduled,890be5ce6e3ea3d7c6f0b76bd9a0e45a,2026-09-25T23:08:00Z,Toronto Blue Jays,Cincinnati Reds,betfair_ex_eu,h2h,Toronto Blue Jays,,1.78
2026-09-25T15:14:34Z,scheduled,890be5ce6e3ea3d7c6f0b76bd9a0e45a,2026-09-25T23:08:00Z,Toronto Blue Jays,Cincinnati Reds,betfair_ex_eu,h2h_lay,Cincinnati Reds,,2.32
2026-09-25T15:14:34Z,scheduled,890be5ce6e3ea3d7c6f0b76bd9a0e45a,2026-09-25T23:08:00Z,Toronto Blue Jays,Cincinnati Reds,betfair_ex_eu,h2h_lay,Toronto Blue Jays,,1.8
2026-09-25T15:14:34Z,scheduled,890be5ce6e3ea3d7c6f0b76bd9a0e45a,2026-09-25T23:08:00Z,Toronto Blue Jays,Cincinnati Reds,matchbook,h2h,Cincinnati Reds,,2.24
2026-09-25T15:14:34Z,scheduled,890be5ce6e3ea3d7c6f0b76bd9a0e45a,2026-09-25T23:08:00Z,Toronto Blue Jays,Cincinnati Reds,matchbook,h2h,Toronto Blue Jays,,1.77
2026-09-25T15:14:34Z,scheduled,890be5ce6e3ea3d7c6f0b76bd9a0e45a,2026-09-25T23:08:00Z,Toronto Blue Jays,Cincinnati Reds,matchbook,h2h_lay,Cincinnati Reds,,2.3
2026-09-25T15:14:34Z,scheduled,890be5ce6e3ea3d7c6f0b76bd9a0e45a,2026-09-25T23:08:00Z,Toronto Blue Jays,Cincinnati Reds,matchbook,h2h_lay,Toronto Blue Jays,,1.81
2026-09-25T15:14:34Z,scheduled,890be5ce6e3ea3d7c6f0b76bd9a0e45a,2026-09-25T23:08:00Z,Toronto Blue Jays,Cincinnati Reds,matchbook,spreads,Cincinnati Reds,1.5,1.57
2026-09-25T15:14:34Z,scheduled,890be5ce6e3ea3d7c6f0b76bd9a0e45a,2026-09-25T23:08:00Z,Toronto Blue Jays,Cincinnati Reds,matchbook,spreads,Toronto Blue Jays,-1.5,2.58
2026-09-25T15:14:34Z,scheduled,890be5ce6e3ea3d7c6f0b76bd9a0e45a,2026-09-25T23:08:00Z,Toronto Blue Jays,Cincinnati Reds,matchbook,totals,Over,7.5,1.9
2026-09-25T15:14:34Z,scheduled,890be5ce6e3ea3d7c6f0b76bd9a0e45a,2026-09-25T23:08:00Z,Toronto Blue Jays,Cincinnati Reds,matchbook,totals,Under,7.5,2.0
2026-09-25T15:14:34Z,scheduled,890be5ce6e3ea3d7c6f0b76bd9a0e45a,2026-09-25T23:08:00Z,Toronto Blue Jays,Cincinnati Reds,pinnacle,h2h,Cincinnati Reds,,2.21
2026-09-25T15:14:34Z,scheduled,890be5ce6e3ea3d7c6f0b76bd9a0e45a,2026-09-25T23:08:00Z,Toronto Blue Jays,Cincinnati Reds,pinnacle,h2h,Toronto Blue Jays,,1.75
2026-09-25T15:14:34Z,scheduled,890be5ce6e3ea3d7c6f0b76bd9a0e45a,2026-09-25T23:08:00Z,Toronto Blue Jays,Cincinnati Reds,pinnacle,spreads,Cincinnati Reds,1.5,1.55
2026-09-25T15:14:34Z,scheduled,890be5ce6e3ea3d7c6f0b76bd9a0e45a,2026-09-25T23:08:00Z,Toronto Blue Jays,Cincinnati Reds,pinnacle,spreads,Toronto Blue Jays,-1.5,2.58
2026-09-25T15:14:34Z,scheduled,890be5ce6e3ea3d7c6f0b76bd9a0e45a,2026-09-25T23:08:00Z,Toronto Blue Jays,Cincinnati Reds,pinnacle,totals,Over,7.5,1.87
2026-09-25T15:14:34Z,scheduled,890be5ce6e3ea3d7c6f0b76bd9a0e45a,2026-09-25T23:08:00Z,Toronto Blue Jays,Cincinnati Reds,pinnacle,totals,Under,7.5,2.0
2026-09-25T15:14:34Z,scheduled,2d3d378044cc538b0a3d77acaacd15a1,2026-09-25T23:11:00Z,Miami Marlins,Atlanta Braves,fanduel,h2h,Atlanta Braves,,1.81
2026-09-25T15:14:34Z,scheduled,2d3d378044cc538b0a3d77acaacd15a1,2026-09-25T23:11:00Z,Miami Marlins,Atlanta Braves,fanduel,h2h,Miami Marlins,,2.06
2026-09-25T15:14:34Z,scheduled,2d3d378044cc538b0a3d77acaacd15a1,2026-09-25T23:11:00Z,Miami Marlins,Atlanta Braves,fanduel,spreads,Atlanta Braves,-1.5,2.4
2026-09-25T15:14:34Z,scheduled,2d3d378044cc538b0a3d77acaacd15a1,2026-09-25T23:11:00Z,Miami Marlins,Atlanta Braves,fanduel,spreads,Miami Marlins,1.5,1.59
2026-09-25T15:14:34Z,scheduled,2d3d378044cc538b0a3d77acaacd15a1,2026-09-25T23:11:00Z,Miami Marlins,Atlanta Braves,fanduel,totals,Over,8.5,2.04
2026-09-25T15:14:34Z,scheduled,2d3d378044cc538b0a3d77acaacd15a1,2026-09-25T23:11:00Z,Miami Marlins,Atlanta Braves,fanduel,totals,Under,8.5,1.78
2026-09-25T15:14:34Z,scheduled,2d3d378044cc538b0a3d77acaacd15a1,2026-09-25T23:11:00Z,Miami Marlins,Atlanta Braves,draftkings,h2h,Atlanta Braves,,1.8
2026-09-25T15:14:34Z,scheduled,2d3d378044cc538b0a3d77acaacd15a1,2026-09-25T23:11:00Z,Miami Marlins,Atlanta Braves,draftkings,h2h,Miami Marlins,,2.04
2026-09-25T15:14:34Z,scheduled,2d3d378044cc538b0a3d77acaacd15a1,2026-09-25T23:11:00Z,Miami Marlins,Atlanta Braves,draftkings,spreads,Atlanta Braves,-1.5,2.35
2026-09-25T15:14:34Z,scheduled,2d3d378044cc538b0a3d77acaacd15a1,2026-09-25T23:11:00Z,Miami Marlins,Atlanta Braves,draftkings,spreads,Miami Marlins,1.5,1.61
2026-09-25T15:14:34Z,scheduled,2d3d378044cc538b0a3d77acaacd15a1,2026-09-25T23:11:00Z,Miami Marlins,Atlanta Braves,draftkings,totals,Over,8.0,1.95
2026-09-25T15:14:34Z,scheduled,2d3d378044cc538b0a3d77acaacd15a1,2026-09-25T23:11:00Z,Miami Marlins,Atlanta Braves,draftkings,totals,Under,8.0,1.87
2026-09-25T15:14:34Z,scheduled,2d3d378044cc538b0a3d77acaacd15a1,2026-09-25T23:11:00Z,Miami Marlins,Atlanta Braves,betsson,h2h,Atlanta Braves,,1.78
2026-09-25T15:14:34Z,scheduled,2d3d378044cc538b0a3d77acaacd15a1,2026-09-25T23:11:00Z,Miami Marlins,Atlanta Braves,betsson,h2h,Miami Marlins,,2.03
2026-09-25T15:14:34Z,scheduled,2d3d378044cc538b0a3d77acaacd15a1,2026-09-25T23:11:00Z,Miami Marlins,Atlanta Braves,betsson,spreads,Atlanta Braves,-1.5,2.27
2026-09-25T15:14:34Z,scheduled,2d3d378044cc538b0a3d77acaacd15a1,2026-09-25T23:11:00Z,Miami Marlins,Atlanta Braves,betsson,spreads,Miami Marlins,1.5,1.6
2026-09-25T15:14:34Z,scheduled,2d3d378044cc538b0a3d77acaacd15a1,2026-09-25T23:11:00Z,Miami Marlins,Atlanta Braves,betsson,totals,Over,8.0,1.88
2026-09-25T15:14:34Z,scheduled,2d3d378044cc538b0a3d77acaacd15a1,2026-09-25T23:11:00Z,Miami Marlins,Atlanta Braves,betsson,totals,Under,8.0,1.88
2026-09-25T15:14:34Z,scheduled,2d3d378044cc538b0a3d77acaacd15a1,2026-09-25T23:11:00Z,Miami Marlins,Atlanta Braves,coolbet,h2h,Atlanta Braves,,1.8
2026-09-25T15:14:34Z,scheduled,2d3d378044cc538b0a3d77acaacd15a1,2026-09-25T23:11:00Z,Miami Marlins,Atlanta Braves,coolbet,h2h,Miami Marlins,,2.02
2026-09-25T15:14:34Z,scheduled,2d3d378044cc538b0a3d77acaacd15a1,2026-09-25T23:11:00Z,Miami Marlins,Atlanta Braves,coolbet,spreads,Atlanta Braves,-1.5,2.33
2026-09-25T15:14:34Z,scheduled,2d3d378044cc538b0a3d77acaacd15a1,2026-09-25T23:11:00Z,Miami Marlins,Atlanta Braves,coolbet,spreads,Miami Marlins,1.5,1.61
2026-09-25T15:14:34Z,scheduled,2d3d378044cc538b0a3d77acaacd15a1,2026-09-25T23:11:00Z,Miami Marlins,Atlanta Braves,coolbet,totals,Over,8.0,1.89
2026-09-25T15:14:34Z,scheduled,2d3d378044cc538b0a3d77acaacd15a1,2026-09-25T23:11:00Z,Miami Marlins,Atlanta Braves,coolbet,totals,Under,8.0,1.92
2026-09-25T15:14:34Z,scheduled,2d3d378044cc538b0a3d77acaacd15a1,2026-09-25T23:11:00Z,Miami Marlins,Atlanta Braves,betmgm,h2h,Atlanta Braves,,1.77
2026-09-25T15:14:34Z,scheduled,2d3d378044cc538b0a3d77acaacd15a1,2026-09-25T23:11:00Z,Miami Marlins,Atlanta Braves,betmgm,h2h,Miami Marlins,,2.05
2026-09-25T15:14:34Z,scheduled,2d3d378044cc538b0a3d77acaacd15a1,2026-09-25T23:11:00Z,Miami Marlins,Atlanta Braves,betmgm,spreads,Atlanta Braves,-1.5,2.35
2026-09-25T15:14:34Z,scheduled,2d3d378044cc538b0a3d77acaacd15a1,2026-09-25T23:11:00Z,Miami Marlins,Atlanta Braves,betmgm,spreads,Miami Marlins,1.5,1.62
2026-09-25T15:14:34Z,scheduled,2d3d378044cc538b0a3d77acaacd15a1,2026-09-25T23:11:00Z,Miami Marlins,Atlanta Braves,betmgm,totals,Over,8.0,1.91
2026-09-25T15:14:34Z,scheduled,2d3d378044cc538b0a3d77acaacd15a1,2026-09-25T23:11:00Z,Miami Marlins,Atlanta Braves,betmgm,totals,Under,8.0,1.91
2026-09-25T15:14:34Z,scheduled,2d3d378044cc538b0a3d77acaacd15a1,2026-09-25T23:11:00Z,Miami Marlins,Atlanta Braves,betrivers,h2h,Atlanta Braves,,1.82
2026-09-25T15:14:34Z,scheduled,2d3d378044cc538b0a3d77acaacd15a1,2026-09-25T23:11:00Z,Miami Marlins,Atlanta Braves,betrivers,h2h,Miami Marlins,,2.02
2026-09-25T15:14:34Z,scheduled,2d3d378044cc538b0a3d77acaacd15a1,2026-09-25T23:11:00Z,Miami Marlins,Atlanta Braves,betrivers,spreads,Atlanta Braves,-1.5,2.35
2026-09-25T15:14:34Z,scheduled,2d3d378044cc538b0a3d77acaacd15a1,2026-09-25T23:11:00Z,Miami Marlins,Atlanta Braves,betrivers,spreads,Miami Marlins,1.5,1.61
2026-09-25T15:14:34Z,scheduled,2d3d378044cc538b0a3d77acaacd15a1,2026-09-25T23:11:00Z,Miami Marlins,Atlanta Braves,betrivers,totals,Over,8.0,1.78
2026-09-25T15:14:34Z,scheduled,2d3d378044cc538b0a3d77acaacd15a1,2026-09-25T23:11:00Z,Miami Marlins,Atlanta Braves,betrivers,totals,Under,8.0,1.91
2026-09-25T15:14:34Z,scheduled,2d3d378044cc538b0a3d77acaacd15a1,2026-09-25T23:11:00Z,Miami Marlins,Atlanta Braves,betfair_ex_eu,h2h,Atlanta Braves,,1.88
2026-09-25T15:14:34Z,scheduled,2d3d378044cc538b0a3d77acaacd15a1,2026-09-25T23:11:00Z,Miami Marlins,Atlanta Braves,betfair_ex_eu,h2h,Miami Marlins,,2.12
2026-09-25T15:14:34Z,scheduled,2d3d378044cc538b0a3d77acaacd15a1,2026-09-25T23:11:00Z,Miami Marlins,Atlanta Braves,betfair_ex_eu,h2h_lay,Atlanta Braves,,1.9
2026-09-25T15:14:34Z,scheduled,2d3d378044cc538b0a3d77acaacd15a1,2026-09-25T23:11:00Z,Miami Marlins,Atlanta Braves,betfair_ex_eu,h2h_lay,Miami Marlins,,2.14
2026-09-25T15:14:34Z,scheduled,2d3d378044cc538b0a3d77acaacd15a1,2026-09-25T23:11:00Z,Miami Marlins,Atlanta Braves,matchbook,h2h,Atlanta Braves,,1.88
2026-09-25T15:14:34Z,scheduled,2d3d378044cc538b0a3d77acaacd15a1,2026-09-25T23:11:00Z,Miami Marlins,Atlanta Braves,matchbook,h2h,Miami Marlins,,2.12
2026-09-25T15:14:34Z,scheduled,2d3d378044cc538b0a3d77acaacd15a1,2026-09-25T23:11:00Z,Miami Marlins,Atlanta Braves,matchbook,h2h_lay,Atlanta Braves,,1.9
2026-09-25T15:14:34Z,scheduled,2d3d378044cc538b0a3d77acaacd15a1,2026-09-25T23:11:00Z,Miami Marlins,Atlanta Braves,matchbook,h2h_lay,Miami Marlins,,2.14
2026-09-25T15:14:34Z,scheduled,2d3d378044cc538b0a3d77acaacd15a1,2026-09-25T23:11:00Z,Miami Marlins,Atlanta Braves,matchbook,spreads,Atlanta Braves,-1.5,2.4
2026-09-25T15:14:34Z,scheduled,2d3d378044cc538b0a3d77acaacd15a1,2026-09-25T23:11:00Z,Miami Marlins,Atlanta Braves,matchbook,spreads,Miami Marlins,1.5,1.64
2026-09-25T15:14:34Z,scheduled,2d3d378044cc538b0a3d77acaacd15a1,2026-09-25T23:11:00Z,Miami Marlins,Atlanta Braves,matchbook,totals,Over,7.5,1.84
2026-09-25T15:14:34Z,scheduled,2d3d378044cc538b0a3d77acaacd15a1,2026-09-25T23:11:00Z,Miami Marlins,Atlanta Braves,matchbook,totals,Under,7.5,2.04
2026-09-25T15:14:34Z,scheduled,2d3d378044cc538b0a3d77acaacd15a1,2026-09-25T23:11:00Z,Miami Marlins,Atlanta Braves,pinnacle,h2h,Atlanta Braves,,1.82
2026-09-25T15:14:34Z,scheduled,2d3d378044cc538b0a3d77acaacd15a1,2026-09-25T23:11:00Z,Miami Marlins,Atlanta Braves,pinnacle,h2h,Miami Marlins,,2.11
2026-09-25T15:14:34Z,scheduled,2d3d378044cc538b0a3d77acaacd15a1,2026-09-25T23:11:00Z,Miami Marlins,Atlanta Braves,pinnacle,spreads,Atlanta Braves,-1.5,2.39
2026-09-25T15:14:34Z,scheduled,2d3d378044cc538b0a3d77acaacd15a1,2026-09-25T23:11:00Z,Miami Marlins,Atlanta Braves,pinnacle,spreads,Miami Marlins,1.5,1.64
2026-09-25T15:14:34Z,scheduled,2d3d378044cc538b0a3d77acaacd15a1,2026-09-25T23:11:00Z,Miami Marlins,Atlanta Braves,pinnacle,totals,Over,8.0,2.0
2026-09-25T15:14:34Z,scheduled,2d3d378044cc538b0a3d77acaacd15a1,2026-09-25T23:11:00Z,Miami Marlins,Atlanta Braves,pinnacle,totals,Under,8.0,1.87
2026-09-25T15:14:34Z,scheduled,b6829a3017da7786aceea335c5c36bb3,2026-09-25T23:40:00Z,Chicago White Sox,Colorado Rockies,draftkings,h2h,Chicago White Sox,,1.4
2026-09-25T15:14:34Z,scheduled,b6829a3017da7786aceea335c5c36bb3,2026-09-25T23:40:00Z,Chicago White Sox,Colorado Rockies,draftkings,h2h,Colorado Rockies,,3.04
2026-09-25T15:14:34Z,scheduled,b6829a3017da7786aceea335c5c36bb3,2026-09-25T23:40:00Z,Chicago White Sox,Colorado Rockies,draftkings,spreads,Chicago White Sox,-1.5,1.88
2026-09-25T15:14:34Z,scheduled,b6829a3017da7786aceea335c5c36bb3,2026-09-25T23:40:00Z,Chicago White Sox,Colorado Rockies,draftkings,spreads,Colorado Rockies,1.5,1.94
2026-09-25T15:14:34Z,scheduled,b6829a3017da7786aceea335c5c36bb3,2026-09-25T23:40:00Z,Chicago White Sox,Colorado Rockies,draftkings,totals,Over,8.0,1.93
2026-09-25T15:14:34Z,scheduled,b6829a3017da7786aceea335c5c36bb3,2026-09-25T23:40:00Z,Chicago White Sox,Colorado Rockies,draftkings,totals,Under,8.0,1.88
2026-09-25T15:14:34Z,scheduled,b6829a3017da7786aceea335c5c36bb3,2026-09-25T23:40:00Z,Chicago White Sox,Colorado Rockies,betsson,h2h,Chicago White Sox,,1.43
2026-09-25T15:14:34Z,scheduled,b6829a3017da7786aceea335c5c36bb3,2026-09-25T23:40:00Z,Chicago White Sox,Colorado Rockies,betsson,h2h,Colorado Rockies,,2.84
2026-09-25T15:14:34Z,scheduled,b6829a3017da7786aceea335c5c36bb3,2026-09-25T23:40:00Z,Chicago White Sox,Colorado Rockies,betsson,spreads,Chicago White Sox,-1.5,1.9
2026-09-25T15:14:34Z,scheduled,b6829a3017da7786aceea335c5c36bb3,2026-09-25T23:40:00Z,Chicago White Sox,Colorado Rockies,betsson,spreads,Colorado Rockies,1.5,1.86
2026-09-25T15:14:34Z,scheduled,b6829a3017da7786aceea335c5c36bb3,2026-09-25T23:40:00Z,Chicago White Sox,Colorado Rockies,betsson,totals,Over,8.0,1.86
2026-09-25T15:14:34Z,scheduled,b6829a3017da7786aceea335c5c36bb3,2026-09-25T23:40:00Z,Chicago White Sox,Colorado Rockies,betsson,totals,Under,8.0,1.9
2026-09-25T15:14:34Z,scheduled,b6829a3017da7786aceea335c5c36bb3,2026-09-25T23:40:00Z,Chicago White Sox,Colorado Rockies,fanduel,h2h,Chicago White Sox,,1.43
2026-09-25T15:14:34Z,scheduled,b6829a3017da7786aceea335c5c36bb3,2026-09-25T23:40:00Z,Chicago White Sox,Colorado Rockies,fanduel,h2h,Colorado Rockies,,2.94
2026-09-25T15:14:34Z,scheduled,b6829a3017da7786aceea335c5c36bb3,2026-09-25T23:40:00Z,Chicago White Sox,Colorado Rockies,fanduel,spreads,Chicago White Sox,-1.5,1.94
2026-09-25T15:14:34Z,scheduled,b6829a3017da7786aceea335c5c36bb3,2026-09-25T23:40:00Z,Chicago White Sox,Colorado Rockies,fanduel,spreads,Colorado Rockies,1.5,1.88
2026-09-25T15:14:34Z,scheduled,b6829a3017da7786aceea335c5c36bb3,2026-09-25T23:40:00Z,Chicago White Sox,Colorado Rockies,fanduel,totals,Over,8.5,2.08
2026-09-25T15:14:34Z,scheduled,b6829a3017da7786aceea335c5c36bb3,2026-09-25T23:40:00Z,Chicago White Sox,Colorado Rockies,fanduel,totals,Under,8.5,1.76
2026-09-25T15:14:34Z,scheduled,b6829a3017da7786aceea335c5c36bb3,2026-09-25T23:40:00Z,Chicago White Sox,Colorado Rockies,coolbet,h2h,Chicago White Sox,,1.41
2026-09-25T15:14:34Z,scheduled,b6829a3017da7786aceea335c5c36bb3,2026-09-25T23:40:00Z,Chicago White Sox,Colorado Rockies,coolbet,h2h,Colorado Rockies,,2.93
2026-09-25T15:14:34Z,scheduled,b6829a3017da7786aceea335c5c36bb3,2026-09-25T23:40:00Z,Chicago White Sox,Colorado Rockies,coolbet,spreads,Chicago White Sox,-1.5,1.91
2026-09-25T15:14:34Z,scheduled,b6829a3017da7786aceea335c5c36bb3,2026-09-25T23:40:00Z,Chicago White Sox,Colorado Rockies,coolbet,spreads,Colorado Rockies,1.5,1.91
2026-09-25T15:14:34Z,scheduled,b6829a3017da7786aceea335c5c36bb3,2026-09-25T23:40:00Z,Chicago White Sox,Colorado Rockies,coolbet,totals,Over,8.0,1.92
2026-09-25T15:14:34Z,scheduled,b6829a3017da7786aceea335c5c36bb3,2026-09-25T23:40:00Z,Chicago White Sox,Colorado Rockies,coolbet,totals,Under,8.0,1.89
2026-09-25T15:14:34Z,scheduled,b6829a3017da7786aceea335c5c36bb3,2026-09-25T23:40:00Z,Chicago White Sox,Colorado Rockies,betmgm,h2h,Chicago White Sox,,1.43
2026-09-25T15:14:34Z,scheduled,b6829a3017da7786aceea335c5c36bb3,2026-09-25T23:40:00Z,Chicago White Sox,Colorado Rockies,betmgm,h2h,Colorado Rockies,,2.9
2026-09-25T15:14:34Z,scheduled,b6829a3017da7786aceea335c5c36bb3,2026-09-25T23:40:00Z,Chicago White Sox,Colorado Rockies,betmgm,spreads,Chicago White Sox,-1.5,1.91
2026-09-25T15:14:34Z,scheduled,b6829a3017da7786aceea335c5c36bb3,2026-09-25T23:40:00Z,Chicago White Sox,Colorado Rockies,betmgm,spreads,Colorado Rockies,1.5,1.91
2026-09-25T15:14:34Z,scheduled,b6829a3017da7786aceea335c5c36bb3,2026-09-25T23:40:00Z,Chicago White Sox,Colorado Rockies,betmgm,totals,Over,8.0,1.95
2026-09-25T15:14:34Z,scheduled,b6829a3017da7786aceea335c5c36bb3,2026-09-25T23:40:00Z,Chicago White Sox,Colorado Rockies,betmgm,totals,Under,8.0,1.87
2026-09-25T15:14:34Z,scheduled,b6829a3017da7786aceea335c5c36bb3,2026-09-25T23:40:00Z,Chicago White Sox,Colorado Rockies,matchbook,h2h,Chicago White Sox,,1.47
2026-09-25T15:14:34Z,scheduled,b6829a3017da7786aceea335c5c36bb3,2026-09-25T23:40:00Z,Chicago White Sox,Colorado Rockies,matchbook,h2h,Colorado Rockies,,3.05
2026-09-25T15:14:34Z,scheduled,b6829a3017da7786aceea335c5c36bb3,2026-09-25T23:40:00Z,Chicago White Sox,Colorado Rockies,matchbook,h2h_lay,Chicago White Sox,,1.49
2026-09-25T15:14:34Z,scheduled,b6829a3017da7786aceea335c5c36bb3,2026-09-25T23:40:00Z,Chicago White Sox,Colorado Rockies,matchbook,h2h_lay,Colorado Rockies,,3.15
2026-09-25T15:14:34Z,scheduled,b6829a3017da7786aceea335c5c36bb3,2026-09-25T23:40:00Z,Chicago White Sox,Colorado Rockies,matchbook,spreads,Chicago White Sox,-1.5,2.02
2026-09-25T15:14:34Z,scheduled,b6829a3017da7786aceea335c5c36bb3,2026-09-25T23:40:00Z,Chicago White Sox,Colorado Rockies,matchbook,spreads,Colorado Rockies,1.5,1.91
2026-09-25T15:14:34Z,scheduled,b6829a3017da7786aceea335c5c36bb3,2026-09-25T23:40:00Z,Chicago White Sox,Colorado Rockies,matchbook,totals,Over,8.5,2.08
2026-09-25T15:14:34Z,scheduled,b6829a3017da7786aceea335c5c36bb3,2026-09-25T23:40:00Z,Chicago White Sox,Colorado Rockies,matchbook,totals,Under,8.5,1.84
2026-09-25T15:14:34Z,scheduled,b6829a3017da7786aceea335c5c36bb3,2026-09-25T23:40:00Z,Chicago White Sox,Colorado Rockies,pinnacle,h2h,Chicago White Sox,,1.45
2026-09-25T15:14:34Z,scheduled,b6829a3017da7786aceea335c5c36bb3,2026-09-25T23:40:00Z,Chicago White Sox,Colorado Rockies,pinnacle,h2h,Colorado Rockies,,2.99
2026-09-25T15:14:34Z,scheduled,b6829a3017da7786aceea335c5c36bb3,2026-09-25T23:40:00Z,Chicago White Sox,Colorado Rockies,pinnacle,spreads,Chicago White Sox,-1.5,2.0
2026-09-25T15:14:34Z,scheduled,b6829a3017da7786aceea335c5c36bb3,2026-09-25T23:40:00Z,Chicago White Sox,Colorado Rockies,pinnacle,spreads,Colorado Rockies,1.5,1.91
2026-09-25T15:14:34Z,scheduled,b6829a3017da7786aceea335c5c36bb3,2026-09-25T23:40:00Z,Chicago White Sox,Colorado Rockies,pinnacle,totals,Over,8.0,1.93
2026-09-25T15:14:34Z,scheduled,b6829a3017da7786aceea335c5c36bb3,2026-09-25T23:40:00Z,Chicago White Sox,Colorado Rockies,pinnacle,totals,Under,8.0,1.96
2026-09-25T15:14:34Z,scheduled,b6829a3017da7786aceea335c5c36bb3,2026-09-25T23:40:00Z,Chicago White Sox,Colorado Rockies,betrivers,h2h,Chicago White Sox,,1.47
2026-09-25T15:14:34Z,scheduled,b6829a3017da7786aceea335c5c36bb3,2026-09-25T23:40:00Z,Chicago White Sox,Colorado Rockies,betrivers,h2h,Colorado Rockies,,2.75
2026-09-25T15:14:34Z,scheduled,b6829a3017da7786aceea335c5c36bb3,2026-09-25T23:40:00Z,Chicago White Sox,Colorado Rockies,betrivers,spreads,Chicago White Sox,-1.5,1.82
2026-09-25T15:14:34Z,scheduled,b6829a3017da7786aceea335c5c36bb3,2026-09-25T23:40:00Z,Chicago White Sox,Colorado Rockies,betrivers,spreads,Colorado Rockies,1.5,2.0
2026-09-25T15:14:34Z,scheduled,b6829a3017da7786aceea335c5c36bb3,2026-09-25T23:40:00Z,Chicago White Sox,Colorado Rockies,betrivers,totals,Over,8.0,1.85
2026-09-25T15:14:34Z,scheduled,b6829a3017da7786aceea335c5c36bb3,2026-09-25T23:40:00Z,Chicago White Sox,Colorado Rockies,betrivers,totals,Under,8.0,1.83
2026-09-25T15:14:34Z,scheduled,b6829a3017da7786aceea335c5c36bb3,2026-09-25T23:40:00Z,Chicago White Sox,Colorado Rockies,betfair_ex_eu,h2h,Chicago White Sox,,1.47
2026-09-25T15:14:34Z,scheduled,b6829a3017da7786aceea335c5c36bb3,2026-09-25T23:40:00Z,Chicago White Sox,Colorado Rockies,betfair_ex_eu,h2h,Colorado Rockies,,3.05
2026-09-25T15:14:34Z,scheduled,b6829a3017da7786aceea335c5c36bb3,2026-09-25T23:40:00Z,Chicago White Sox,Colorado Rockies,betfair_ex_eu,h2h_lay,Chicago White Sox,,1.49
2026-09-25T15:14:34Z,scheduled,b6829a3017da7786aceea335c5c36bb3,2026-09-25T23:40:00Z,Chicago White Sox,Colorado Rockies,betfair_ex_eu,h2h_lay,Colorado Rockies,,3.15
2026-09-25T15:14:34Z,scheduled,7bd30076728c7fcf1f893c1d269a60af,2026-09-25T23:41:00Z,Kansas City Royals,Cleveland Guardians,fanduel,h2h,Cleveland Guardians,,1.7
2026-09-25T15:14:34Z,scheduled,7bd30076728c7fcf1f893c1d269a60af,2026-09-25T23:41:00Z,Kansas City Royals,Cleveland Guardians,fanduel,h2h,Kansas City Royals,,2.2
2026-09-25T15:14:34Z,scheduled,7bd30076728c7fcf1f893c1d269a60af,2026-09-25T23:41:00Z,Kansas City Royals,Cleveland Guardians,fanduel,spreads,Cleveland Guardians,-1.5,2.26
2026-09-25T15:14:34Z,scheduled,7bd30076728c7fcf1f893c1d269a60af,2026-09-25T23:41:00Z,Kansas City Royals,Cleveland Guardians,fanduel,spreads,Kansas City Royals,1.5,1.66
2026-09-25T15:14:34Z,scheduled,7bd30076728c7fcf1f893c1d269a60af,2026-09-25T23:41:00Z,Kansas City Royals,Cleveland Guardians,fanduel,totals,Over,7.5,2.06
2026-09-25T15:14:34Z,scheduled,7bd30076728c7fcf1f893c1d269a60af,2026-09-25T23:41:00Z,Kansas City Royals,Cleveland Guardians,fanduel,totals,Under,7.5,1.77
2026-09-25T15:14:34Z,scheduled,7bd30076728c7fcf1f893c1d269a60af,2026-09-25T23:41:00Z,Kansas City Royals,Cleveland Guardians,betsson,h2h,Cleveland Guardians,,1.72
2026-09-25T15:14:34Z,scheduled,7bd30076728c7fcf1f893c1d269a60af,2026-09-25T23:41:00Z,Kansas City Royals,Cleveland Guardians,betsson,h2h,Kansas City Royals,,2.12
2026-09-25T15:14:34Z,scheduled,7bd30076728c7fcf1f893c1d269a60af,2026-09-25T23:41:00Z,Kansas City Royals,Cleveland Guardians,betsson,spreads,Cleveland Guardians,-1.5,2.22
2026-09-25T15:14:34Z,scheduled,7bd30076728c7fcf1f893c1d269a60af,2026-09-25T23:41:00Z,Kansas City Royals,Cleveland Guardians,betsson,spreads,Kansas City Royals,1.5,1.63
2026-09-25T15:14:34Z,scheduled,7bd30076728c7fcf1f893c1d269a60af,2026-09-25T23:41:00Z,Kansas City Royals,Cleveland Guardians,betsson,totals,Over,7.5,1.97
2026-09-25T15:14:34Z,scheduled,7bd30076728c7fcf1f893c1d269a60af,2026-09-25T23:41:00Z,Kansas City Royals,Cleveland Guardians,betsson,totals,Under,7.5,1.8
2026-09-25T15:14:34Z,scheduled,7bd30076728c7fcf1f893c1d269a60af,2026-09-25T23:41:00Z,Kansas City Royals,Cleveland Guardians,draftkings,h2h,Cleveland Guardians,,1.69
2026-09-25T15:14:34Z,scheduled,7bd30076728c7fcf1f893c1d269a60af,2026-09-25T23:41:00Z,Kansas City Royals,Cleveland Guardians,draftkings,h2h,Kansas City Royals,,2.2
2026-09-25T15:14:34Z,scheduled,7bd30076728c7fcf1f893c1d269a60af,2026-09-25T23:41:00Z,Kansas City Royals,Cleveland Guardians,draftkings,spreads,Cleveland Guardians,-1.5,2.17
2026-09-25T15:14:34Z,scheduled,7bd30076728c7fcf1f893c1d269a60af,2026-09-25T23:41:00Z,Kansas City Royals,Cleveland Guardians,draftkings,spreads,Kansas City Royals,1.5,1.71
2026-09-25T15:14:34Z,scheduled,7bd30076728c7fcf1f893c1d269a60af,2026-09-25T23:41:00Z,Kansas City Royals,Cleveland Guardians,draftkings,totals,Over,7.0,1.85
2026-09-25T15:14:34Z,scheduled,7bd30076728c7fcf1f893c1d269a60af,2026-09-25T23:41:00Z,Kansas City Royals,Cleveland Guardians,draftkings,totals,Under,7.0,1.97
2026-09-25T15:14:34Z,scheduled,7bd30076728c7fcf1f893c1d269a60af,2026-09-25T23:41:00Z,Kansas City Royals,Cleveland Guardians,coolbet,h2h,Cleveland Guardians,,1.71
2026-09-25T15:14:34Z,scheduled,7bd30076728c7fcf1f893c1d269a60af,2026-09-25T23:41:00Z,Kansas City Royals,Cleveland Guardians,coolbet,h2h,Kansas City Royals,,2.15
2026-09-25T15:14:34Z,scheduled,7bd30076728c7fcf1f893c1d269a60af,2026-09-25T23:41:00Z,Kansas City Royals,Cleveland Guardians,coolbet,spreads,Cleveland Guardians,-1.5,2.23
2026-09-25T15:14:34Z,scheduled,7bd30076728c7fcf1f893c1d269a60af,2026-09-25T23:41:00Z,Kansas City Royals,Cleveland Guardians,coolbet,spreads,Kansas City Royals,1.5,1.66
2026-09-25T15:14:34Z,scheduled,7bd30076728c7fcf1f893c1d269a60af,2026-09-25T23:41:00Z,Kansas City Royals,Cleveland Guardians,coolbet,totals,Over,7.0,1.8
2026-09-25T15:14:34Z,scheduled,7bd30076728c7fcf1f893c1d269a60af,2026-09-25T23:41:00Z,Kansas City Royals,Cleveland Guardians,coolbet,totals,Under,7.0,2.02
2026-09-25T15:14:34Z,scheduled,7bd30076728c7fcf1f893c1d269a60af,2026-09-25T23:41:00Z,Kansas City Royals,Cleveland Guardians,matchbook,h2h,Cleveland Guardians,,1.77
2026-09-25T15:14:34Z,scheduled,7bd30076728c7fcf1f893c1d269a60af,2026-09-25T23:41:00Z,Kansas City Royals,Cleveland Guardians,matchbook,h2h,Kansas City Royals,,2.24
2026-09-25T15:14:34Z,scheduled,7bd30076728c7fcf1f893c1d269a60af,2026-09-25T23:41:00Z,Kansas City Royals,Cleveland Guardians,matchbook,h2h_lay,Cleveland Guardians,,1.81
2026-09-25T15:14:34Z,scheduled,7bd30076728c7fcf1f893c1d269a60af,2026-09-25T23:41:00Z,Kansas City Royals,Cleveland Guardians,matchbook,h2h_lay,Kansas City Royals,,2.3
2026-09-25T15:14:34Z,scheduled,7bd30076728c7fcf1f893c1d269a60af,2026-09-25T23:41:00Z,Kansas City Royals,Cleveland Guardians,matchbook,spreads,Cleveland Guardians,-1.5,2.34
2026-09-25T15:14:34Z,scheduled,7bd30076728c7fcf1f893c1d269a60af,2026-09-25T23:41:00Z,Kansas City Royals,Cleveland Guardians,matchbook,spreads,Kansas City Royals,1.5,1.69
2026-09-25T15:14:34Z,scheduled,7bd30076728c7fcf1f893c1d269a60af,2026-09-25T23:41:00Z,Kansas City Royals,Cleveland Guardians,matchbook,totals,Over,7.5,2.18
2026-09-25T15:14:34Z,scheduled,7bd30076728c7fcf1f893c1d269a60af,2026-09-25T23:41:00Z,Kansas City Royals,Cleveland Guardians,matchbook,totals,Under,7.5,1.77
2026-09-25T15:14:34Z,scheduled,7bd30076728c7fcf1f893c1d269a60af,2026-09-25T23:41:00Z,Kansas City Royals,Cleveland Guardians,betmgm,h2h,Cleveland Guardians,,1.69
2026-09-25T15:14:34Z,scheduled,7bd30076728c7fcf1f893c1d269a60af,2026-09-25T23:41:00Z,Kansas City Royals,Cleveland Guardians,betmgm,h2h,Kansas City Royals,,2.2
2026-09-25T15:14:34Z,scheduled,7bd30076728c7fcf1f893c1d269a60af,2026-09-25T23:41:00Z,Kansas City Royals,Cleveland Guardians,betmgm,spreads,Cleveland Guardians,-1.5,2.25
2026-09-25T15:14:34Z,scheduled,7bd30076728c7fcf1f893c1d269a60af,2026-09-25T23:41:00Z,Kansas City Royals,Cleveland Guardians,betmgm,spreads,Kansas City Royals,1.5,1.65
2026-09-25T15:14:34Z,scheduled,7bd30076728c7fcf1f893c1d269a60af,2026-09-25T23:41:00Z,Kansas City Royals,Cleveland Guardians,betmgm,totals,Over,7.0,1.8
2026-09-25T15:14:34Z,scheduled,7bd30076728c7fcf1f893c1d269a60af,2026-09-25T23:41:00Z,Kansas City Royals,Cleveland Guardians,betmgm,totals,Under,7.0,2.05
2026-09-25T15:14:34Z,scheduled,7bd30076728c7fcf1f893c1d269a60af,2026-09-25T23:41:00Z,Kansas City Royals,Cleveland Guardians,pinnacle,h2h,Cleveland Guardians,,1.76
2026-09-25T15:14:34Z,scheduled,7bd30076728c7fcf1f893c1d269a60af,2026-09-25T23:41:00Z,Kansas City Royals,Cleveland Guardians,pinnacle,h2h,Kansas City Royals,,2.21
2026-09-25T15:14:34Z,scheduled,7bd30076728c7fcf1f893c1d269a60af,2026-09-25T23:41:00Z,Kansas City Royals,Cleveland Guardians,pinnacle,spreads,Cleveland Guardians,-1.5,2.33
2026-09-25T15:14:34Z,scheduled,7bd30076728c7fcf1f893c1d269a60af,2026-09-25T23:41:00Z,Kansas City Royals,Cleveland Guardians,pinnacle,spreads,Kansas City Royals,1.5,1.68
2026-09-25T15:14:34Z,scheduled,7bd30076728c7fcf1f893c1d269a60af,2026-09-25T23:41:00Z,Kansas City Royals,Cleveland Guardians,pinnacle,totals,Over,7.0,1.86
2026-09-25T15:14:34Z,scheduled,7bd30076728c7fcf1f893c1d269a60af,2026-09-25T23:41:00Z,Kansas City Royals,Cleveland Guardians,pinnacle,totals,Under,7.0,2.03
2026-09-25T15:14:34Z,scheduled,7bd30076728c7fcf1f893c1d269a60af,2026-09-25T23:41:00Z,Kansas City Royals,Cleveland Guardians,betrivers,h2h,Cleveland Guardians,,1.78
2026-09-25T15:14:34Z,scheduled,7bd30076728c7fcf1f893c1d269a60af,2026-09-25T23:41:00Z,Kansas City Royals,Cleveland Guardians,betrivers,h2h,Kansas City Royals,,2.08
2026-09-25T15:14:34Z,scheduled,7bd30076728c7fcf1f893c1d269a60af,2026-09-25T23:41:00Z,Kansas City Royals,Cleveland Guardians,betrivers,spreads,Cleveland Guardians,-1.5,2.2
2026-09-25T15:14:34Z,scheduled,7bd30076728c7fcf1f893c1d269a60af,2026-09-25T23:41:00Z,Kansas City Royals,Cleveland Guardians,betrivers,spreads,Kansas City Royals,1.5,1.68
2026-09-25T15:14:34Z,scheduled,7bd30076728c7fcf1f893c1d269a60af,2026-09-25T23:41:00Z,Kansas City Royals,Cleveland Guardians,betrivers,totals,Over,7.5,1.93
2026-09-25T15:14:34Z,scheduled,7bd30076728c7fcf1f893c1d269a60af,2026-09-25T23:41:00Z,Kansas City Royals,Cleveland Guardians,betrivers,totals,Under,7.5,1.88
2026-09-25T15:14:34Z,scheduled,7bd30076728c7fcf1f893c1d269a60af,2026-09-25T23:41:00Z,Kansas City Royals,Cleveland Guardians,betfair_ex_eu,h2h,Cleveland Guardians,,1.77
2026-09-25T15:14:34Z,scheduled,7bd30076728c7fcf1f893c1d269a60af,2026-09-25T23:41:00Z,Kansas City Royals,Cleveland Guardians,betfair_ex_eu,h2h,Kansas City Royals,,2.24
2026-09-25T15:14:34Z,scheduled,7bd30076728c7fcf1f893c1d269a60af,2026-09-25T23:41:00Z,Kansas City Royals,Cleveland Guardians,betfair_ex_eu,h2h_lay,Cleveland Guardians,,1.81
2026-09-25T15:14:34Z,scheduled,7bd30076728c7fcf1f893c1d269a60af,2026-09-25T23:41:00Z,Kansas City Royals,Cleveland Guardians,betfair_ex_eu,h2h_lay,Kansas City Royals,,2.3
2026-09-25T15:14:34Z,scheduled,12c52c4f4de763e9a171ffac0f4f02ef,2026-09-25T23:41:00Z,Milwaukee Brewers,St. Louis Cardinals,fanduel,h2h,Milwaukee Brewers,,1.53
2026-09-25T15:14:34Z,scheduled,12c52c4f4de763e9a171ffac0f4f02ef,2026-09-25T23:41:00Z,Milwaukee Brewers,St. Louis Cardinals,fanduel,h2h,St. Louis Cardinals,,2.6
2026-09-25T15:14:34Z,scheduled,12c52c4f4de763e9a171ffac0f4f02ef,2026-09-25T23:41:00Z,Milwaukee Brewers,St. Louis Cardinals,fanduel,spreads,Milwaukee Brewers,-1.5,2.16
2026-09-25T15:14:34Z,scheduled,12c52c4f4de763e9a171ffac0f4f02ef,2026-09-25T23:41:00Z,Milwaukee Brewers,St. Louis Cardinals,fanduel,spreads,St. Louis Cardinals,1.5,1.71
2026-09-25T15:14:34Z,scheduled,12c52c4f4de763e9a171ffac0f4f02ef,2026-09-25T23:41:00Z,Milwaukee Brewers,St. Louis Cardinals,fanduel,totals,Over,7.5,1.78
2026-09-25T15:14:34Z,scheduled,12c52c4f4de763e9a171ffac0f4f02ef,2026-09-25T23:41:00Z,Milwaukee Brewers,St. Louis Cardinals,fanduel,totals,Under,7.5,2.04
2026-09-25T15:14:34Z,scheduled,12c52c4f4de763e9a171ffac0f4f02ef,2026-09-25T23:41:00Z,Milwaukee Brewers,St. Louis Cardinals,coolbet,h2h,Milwaukee Brewers,,1.53
2026-09-25T15:14:34Z,scheduled,12c52c4f4de763e9a171ffac0f4f02ef,2026-09-25T23:41:00Z,Milwaukee Brewers,St. Louis Cardinals,coolbet,h2h,St. Louis Cardinals,,2.52
2026-09-25T15:14:34Z,scheduled,12c52c4f4de763e9a171ffac0f4f02ef,2026-09-25T23:41:00Z,Milwaukee Brewers,St. Louis Cardinals,coolbet,spreads,Milwaukee Brewers,-1.5,2.15
2026-09-25T15:14:34Z,scheduled,12c52c4f4de763e9a171ffac0f4f02ef,2026-09-25T23:41:00Z,Milwaukee Brewers,St. Louis Cardinals,coolbet,spreads,St. Louis Cardinals,1.5,1.71
2026-09-25T15:14:34Z,scheduled,12c52c4f4de763e9a171ffac0f4f02ef,2026-09-25T23:41:00Z,Milwaukee Brewers,St. Louis Cardinals,coolbet,totals,Over,8.0,1.91
2026-09-25T15:14:34Z,scheduled,12c52c4f4de763e9a171ffac0f4f02ef,2026-09-25T23:41:00Z,Milwaukee Brewers,St. Louis Cardinals,coolbet,totals,Under,8.0,1.91
2026-09-25T15:14:34Z,scheduled,12c52c4f4de763e9a171ffac0f4f02ef,2026-09-25T23:41:00Z,Milwaukee Brewers,St. Louis Cardinals,betsson,h2h,Milwaukee Brewers,,1.54
2026-09-25T15:14:34Z,scheduled,12c52c4f4de763e9a171ffac0f4f02ef,2026-09-25T23:41:00Z,Milwaukee Brewers,St. Louis Cardinals,betsson,h2h,St. Louis Cardinals,,2.48
2026-09-25T15:14:34Z,scheduled,12c52c4f4de763e9a171ffac0f4f02ef,2026-09-25T23:41:00Z,Milwaukee Brewers,St. Louis Cardinals,betsson,spreads,Milwaukee Brewers,-1.5,2.11
2026-09-25T15:14:34Z,scheduled,12c52c4f4de763e9a171ffac0f4f02ef,2026-09-25T23:41:00Z,Milwaukee Brewers,St. Louis Cardinals,betsson,spreads,St. Louis Cardinals,1.5,1.69
2026-09-25T15:14:34Z,scheduled,12c52c4f4de763e9a171ffac0f4f02ef,2026-09-25T23:41:00Z,Milwaukee Brewers,St. Louis Cardinals,betsson,totals,Over,8.0,1.88
2026-09-25T15:14:34Z,scheduled,12c52c4f4de763e9a171ffac0f4f02ef,2026-09-25T23:41:00Z,Milwaukee Brewers,St. Louis Cardinals,betsson,totals,Under,8.0,1.88
2026-09-25T15:14:34Z,scheduled,12c52c4f4de763e9a171ffac0f4f02ef,2026-09-25T23:41:00Z,Milwaukee Brewers,St. Louis Cardinals,draftkings,h2h,Milwaukee Brewers,,1.52
2026-09-25T15:14:34Z,scheduled,12c52c4f4de763e9a171ffac0f4f02ef,2026-09-25T23:41:00Z,Milwaukee Brewers,St. Louis Cardinals,draftkings,h2h,St. Louis Cardinals,,2.58
2026-09-25T15:14:34Z,scheduled,12c52c4f4de763e9a171ffac0f4f02ef,2026-09-25T23:41:00Z,Milwaukee Brewers,St. Louis Cardinals,draftkings,spreads,Milwaukee Brewers,-1.5,2.19
2026-09-25T15:14:34Z,scheduled,12c52c4f4de763e9a171ffac0f4f02ef,2026-09-25T23:41:00Z,Milwaukee Brewers,St. Louis Cardinals,draftkings,spreads,St. Louis Cardinals,1.5,1.7
2026-09-25T15:14:34Z,scheduled,12c52c4f4de763e9a171ffac0f4f02ef,2026-09-25T23:41:00Z,Milwaukee Brewers,St. Louis Cardinals,draftkings,totals,Over,8.0,1.96
2026-09-25T15:14:34Z,scheduled,12c52c4f4de763e9a171ffac0f4f02ef,2026-09-25T23:41:00Z,Milwaukee Brewers,St. Louis Cardinals,draftkings,totals,Under,8.0,1.86
2026-09-25T15:14:34Z,scheduled,12c52c4f4de763e9a171ffac0f4f02ef,2026-09-25T23:41:00Z,Milwaukee Brewers,St. Louis Cardinals,betmgm,h2h,Milwaukee Brewers,,1.53
2026-09-25T15:14:34Z,scheduled,12c52c4f4de763e9a171ffac0f4f02ef,2026-09-25T23:41:00Z,Milwaukee Brewers,St. Louis Cardinals,betmgm,h2h,St. Louis Cardinals,,2.55
2026-09-25T15:14:34Z,scheduled,12c52c4f4de763e9a171ffac0f4f02ef,2026-09-25T23:41:00Z,Milwaukee Brewers,St. Louis Cardinals,betmgm,spreads,Milwaukee Brewers,-1.5,2.15
2026-09-25T15:14:34Z,scheduled,12c52c4f4de763e9a171ffac0f4f02ef,2026-09-25T23:41:00Z,Milwaukee Brewers,St. Louis Cardinals,betmgm,spreads,St. Louis Cardinals,1.5,1.71
2026-09-25T15:14:34Z,scheduled,12c52c4f4de763e9a171ffac0f4f02ef,2026-09-25T23:41:00Z,Milwaukee Brewers,St. Louis Cardinals,betmgm,totals,Over,8.0,1.98
2026-09-25T15:14:34Z,scheduled,12c52c4f4de763e9a171ffac0f4f02ef,2026-09-25T23:41:00Z,Milwaukee Brewers,St. Louis Cardinals,betmgm,totals,Under,8.0,1.85
2026-09-25T15:14:34Z,scheduled,12c52c4f4de763e9a171ffac0f4f02ef,2026-09-25T23:41:00Z,Milwaukee Brewers,St. Louis Cardinals,matchbook,h2h,Milwaukee Brewers,,1.58
2026-09-25T15:14:34Z,scheduled,12c52c4f4de763e9a171ffac0f4f02ef,2026-09-25T23:41:00Z,Milwaukee Brewers,St. Louis Cardinals,matchbook,h2h,St. Louis Cardinals,,2.68
2026-09-25T15:14:34Z,scheduled,12c52c4f4de763e9a171ffac0f4f02ef,2026-09-25T23:41:00Z,Milwaukee Brewers,St. Louis Cardinals,matchbook,h2h_lay,Milwaukee Brewers,,1.6
2026-09-25T15:14:34Z,scheduled,12c52c4f4de763e9a171ffac0f4f02ef,2026-09-25T23:41:00Z,Milwaukee Brewers,St. Louis Cardinals,matchbook,h2h_lay,St. Louis Cardinals,,2.7
2026-09-25T15:14:34Z,scheduled,12c52c4f4de763e9a171ffac0f4f02ef,2026-09-25T23:41:00Z,Milwaukee Brewers,St. Louis Cardinals,matchbook,spreads,Milwaukee Brewers,-1.5,2.2
2026-09-25T15:14:34Z,scheduled,12c52c4f4de763e9a171ffac0f4f02ef,2026-09-25T23:41:00Z,Milwaukee Brewers,St. Louis Cardinals,matchbook,spreads,St. Louis Cardinals,1.5,1.76
2026-09-25T15:14:34Z,scheduled,12c52c4f4de763e9a171ffac0f4f02ef,2026-09-25T23:41:00Z,Milwaukee Brewers,St. Louis Cardinals,matchbook,totals,Over,7.5,1.85
2026-09-25T15:14:34Z,scheduled,12c52c4f4de763e9a171ffac0f4f02ef,2026-09-25T23:41:00Z,Milwaukee Brewers,St. Louis Cardinals,matchbook,totals,Under,7.5,2.06
2026-09-25T15:14:34Z,scheduled,12c52c4f4de763e9a171ffac0f4f02ef,2026-09-25T23:41:00Z,Milwaukee Brewers,St. Louis Cardinals,pinnacle,h2h,Milwaukee Brewers,,1.57
2026-09-25T15:14:34Z,scheduled,12c52c4f4de763e9a171ffac0f4f02ef,2026-09-25T23:41:00Z,Milwaukee Brewers,St. Louis Cardinals,pinnacle,h2h,St. Louis Cardinals,,2.61
2026-09-25T15:14:34Z,scheduled,12c52c4f4de763e9a171ffac0f4f02ef,2026-09-25T23:41:00Z,Milwaukee Brewers,St. Louis Cardinals,pinnacle,spreads,Milwaukee Brewers,-1.5,2.22
2026-09-25T15:14:34Z,scheduled,12c52c4f4de763e9a171ffac0f4f02ef,2026-09-25T23:41:00Z,Milwaukee Brewers,St. Louis Cardinals,pinnacle,spreads,St. Louis Cardinals,1.5,1.74
2026-09-25T15:14:34Z,scheduled,12c52c4f4de763e9a171ffac0f4f02ef,2026-09-25T23:41:00Z,Milwaukee Brewers,St. Louis Cardinals,pinnacle,totals,Over,8.0,1.99
2026-09-25T15:14:34Z,scheduled,12c52c4f4de763e9a171ffac0f4f02ef,2026-09-25T23:41:00Z,Milwaukee Brewers,St. Louis Cardinals,pinnacle,totals,Under,8.0,1.9
2026-09-25T15:14:34Z,scheduled,12c52c4f4de763e9a171ffac0f4f02ef,2026-09-25T23:41:00Z,Milwaukee Brewers,St. Louis Cardinals,betrivers,h2h,Milwaukee Brewers,,1.55
2026-09-25T15:14:34Z,scheduled,12c52c4f4de763e9a171ffac0f4f02ef,2026-09-25T23:41:00Z,Milwaukee Brewers,St. Louis Cardinals,betrivers,h2h,St. Louis Cardinals,,2.5
2026-09-25T15:14:34Z,scheduled,12c52c4f4de763e9a171ffac0f4f02ef,2026-09-25T23:41:00Z,Milwaukee Brewers,St. Louis Cardinals,betrivers,spreads,Milwaukee Brewers,-1.5,2.04
2026-09-25T15:14:34Z,scheduled,12c52c4f4de763e9a171ffac0f4f02ef,2026-09-25T23:41:00Z,Milwaukee Brewers,St. Louis Cardinals,betrivers,spreads,St. Louis Cardinals,1.5,1.79
2026-09-25T15:14:34Z,scheduled,12c52c4f4de763e9a171ffac0f4f02ef,2026-09-25T23:41:00Z,Milwaukee Brewers,St. Louis Cardinals,betrivers,totals,Over,8.0,1.79
2026-09-25T15:14:34Z,scheduled,12c52c4f4de763e9a171ffac0f4f02ef,2026-09-25T23:41:00Z,Milwaukee Brewers,St. Louis Cardinals,betrivers,totals,Under,8.0,1.89
2026-09-25T15:14:34Z,scheduled,12c52c4f4de763e9a171ffac0f4f02ef,2026-09-25T23:41:00Z,Milwaukee Brewers,St. Louis Cardinals,betfair_ex_eu,h2h,Milwaukee Brewers,,1.58
2026-09-25T15:14:34Z,scheduled,12c52c4f4de763e9a171ffac0f4f02ef,2026-09-25T23:41:00Z,Milwaukee Brewers,St. Louis Cardinals,betfair_ex_eu,h2h,St. Louis Cardinals,,2.66
2026-09-25T15:14:34Z,scheduled,12c52c4f4de763e9a171ffac0f4f02ef,2026-09-25T23:41:00Z,Milwaukee Brewers,St. Louis Cardinals,betfair_ex_eu,h2h_lay,Milwaukee Brewers,,1.6
2026-09-25T15:14:34Z,scheduled,12c52c4f4de763e9a171ffac0f4f02ef,2026-09-25T23:41:00Z,Milwaukee Brewers,St. Louis Cardinals,betfair_ex_eu,h2h_lay,St. Louis Cardinals,,2.72
2026-09-25T15:14:34Z,scheduled,9f08a9d734982153de27326c32e8be0e,2026-09-26T00:11:00Z,Minnesota Twins,Texas Rangers,fanduel,h2h,Minnesota Twins,,1.94
2026-09-25T15:14:34Z,scheduled,9f08a9d734982153de27326c32e8be0e,2026-09-26T00:11:00Z,Minnesota Twins,Texas Rangers,fanduel,h2h,Texas Rangers,,1.91
2026-09-25T15:14:34Z,scheduled,9f08a9d734982153de27326c32e8be0e,2026-09-26T00:11:00Z,Minnesota Twins,Texas Rangers,fanduel,spreads,Minnesota Twins,1.5,1.52
2026-09-25T15:14:34Z,scheduled,9f08a9d734982153de27326c32e8be0e,2026-09-26T00:11:00Z,Minnesota Twins,Texas Rangers,fanduel,spreads,Texas Rangers,-1.5,2.6
2026-09-25T15:14:34Z,scheduled,9f08a9d734982153de27326c32e8be0e,2026-09-26T00:11:00Z,Minnesota Twins,Texas Rangers,fanduel,totals,Over,7.5,1.98
2026-09-25T15:14:34Z,scheduled,9f08a9d734982153de27326c32e8be0e,2026-09-26T00:11:00Z,Minnesota Twins,Texas Rangers,fanduel,totals,Under,7.5,1.83
2026-09-25T15:14:34Z,scheduled,9f08a9d734982153de27326c32e8be0e,2026-09-26T00:11:00Z,Minnesota Twins,Texas Rangers,draftkings,h2h,Minnesota Twins,,1.95
2026-09-25T15:14:34Z,scheduled,9f08a9d734982153de27326c32e8be0e,2026-09-26T00:11:00Z,Minnesota Twins,Texas Rangers,draftkings,h2h,Texas Rangers,,1.88
2026-09-25T15:14:34Z,scheduled,9f08a9d734982153de27326c32e8be0e,2026-09-26T00:11:00Z,Minnesota Twins,Texas Rangers,draftkings,spreads,Minnesota Twins,1.5,1.54
2026-09-25T15:14:34Z,scheduled,9f08a9d734982153de27326c32e8be0e,2026-09-26T00:11:00Z,Minnesota Twins,Texas Rangers,draftkings,spreads,Texas Rangers,-1.5,2.53
2026-09-25T15:14:34Z,scheduled,9f08a9d734982153de27326c32e8be0e,2026-09-26T00:11:00Z,Minnesota Twins,Texas Rangers,draftkings,totals,Over,7.0,1.84
2026-09-25T15:14:34Z,scheduled,9f08a9d734982153de27326c32e8be0e,2026-09-26T00:11:00Z,Minnesota Twins,Texas Rangers,draftkings,totals,Under,7.0,1.99
2026-09-25T15:14:34Z,scheduled,9f08a9d734982153de27326c32e8be0e,2026-09-26T00:11:00Z,Minnesota Twins,Texas Rangers,betsson,h2h,Minnesota Twins,,1.95
2026-09-25T15:14:34Z,scheduled,9f08a9d734982153de27326c32e8be0e,2026-09-26T00:11:00Z,Minnesota Twins,Texas Rangers,betsson,h2h,Texas Rangers,,1.85
2026-09-25T15:14:34Z,scheduled,9f08a9d734982153de27326c32e8be0e,2026-09-26T00:11:00Z,Minnesota Twins,Texas Rangers,betsson,spreads,Minnesota Twins,1.5,1.54
2026-09-25T15:14:34Z,scheduled,9f08a9d734982153de27326c32e8be0e,2026-09-26T00:11:00Z,Minnesota Twins,Texas Rangers,betsson,spreads,Texas Rangers,-1.5,2.42
2026-09-25T15:14:34Z,scheduled,9f08a9d734982153de27326c32e8be0e,2026-09-26T00:11:00Z,Minnesota Twins,Texas Rangers,betsson,totals,Over,7.5,1.97
2026-09-25T15:14:34Z,scheduled,9f08a9d734982153de27326c32e8be0e,2026-09-26T00:11:00Z,Minnesota Twins,Texas Rangers,betsson,totals,Under,7.5,1.8
2026-09-25T15:14:34Z,scheduled,9f08a9d734982153de27326c32e8be0e,2026-09-26T00:11:00Z,Minnesota Twins,Texas Rangers,coolbet,h2h,Minnesota Twins,,1.92
2026-09-25T15:14:34Z,scheduled,9f08a9d734982153de27326c32e8be0e,2026-09-26T00:11:00Z,Minnesota Twins,Texas Rangers,coolbet,h2h,Texas Rangers,,1.89
2026-09-25T15:14:34Z,scheduled,9f08a9d734982153de27326c32e8be0e,2026-09-26T00:11:00Z,Minnesota Twins,Texas Rangers,coolbet,spreads,Minnesota Twins,1.5,1.53
2026-09-25T15:14:34Z,scheduled,9f08a9d734982153de27326c32e8be0e,2026-09-26T00:11:00Z,Minnesota Twins,Texas Rangers,coolbet,spreads,Texas Rangers,-1.5,2.52
2026-09-25T15:14:34Z,scheduled,9f08a9d734982153de27326c32e8be0e,2026-09-26T00:11:00Z,Minnesota Twins,Texas Rangers,coolbet,totals,Over,7.0,1.8
2026-09-25T15:14:34Z,scheduled,9f08a9d734982153de27326c32e8be0e,2026-09-26T00:11:00Z,Minnesota Twins,Texas Rangers,coolbet,totals,Under,7.0,2.02
2026-09-25T15:14:34Z,scheduled,9f08a9d734982153de27326c32e8be0e,2026-09-26T00:11:00Z,Minnesota Twins,Texas Rangers,matchbook,h2h,Minnesota Twins,,2.06
2026-09-25T15:14:34Z,scheduled,9f08a9d734982153de27326c32e8be0e,2026-09-26T00:11:00Z,Minnesota Twins,Texas Rangers,matchbook,h2h,Texas Rangers,,1.92
2026-09-25T15:14:34Z,scheduled,9f08a9d734982153de27326c32e8be0e,2026-09-26T00:11:00Z,Minnesota Twins,Texas Rangers,matchbook,h2h_lay,Minnesota Twins,,2.08
2026-09-25T15:14:34Z,scheduled,9f08a9d734982153de27326c32e8be0e,2026-09-26T00:11:00Z,Minnesota Twins,Texas Rangers,matchbook,h2h_lay,Texas Rangers,,1.95
2026-09-25T15:14:34Z,scheduled,9f08a9d734982153de27326c32e8be0e,2026-09-26T00:11:00Z,Minnesota Twins,Texas Rangers,matchbook,spreads,Minnesota Twins,1.5,1.58
2026-09-25T15:14:34Z,scheduled,9f08a9d734982153de27326c32e8be0e,2026-09-26T00:11:00Z,Minnesota Twins,Texas Rangers,matchbook,spreads,Texas Rangers,-1.5,2.58
2026-09-25T15:14:34Z,scheduled,9f08a9d734982153de27326c32e8be0e,2026-09-26T00:11:00Z,Minnesota Twins,Texas Rangers,matchbook,totals,Over,7.5,2.1
2026-09-25T15:14:34Z,scheduled,9f08a9d734982153de27326c32e8be0e,2026-09-26T00:11:00Z,Minnesota Twins,Texas Rangers,matchbook,totals,Under,7.5,1.84
2026-09-25T15:14:34Z,scheduled,9f08a9d734982153de27326c32e8be0e,2026-09-26T00:11:00Z,Minnesota Twins,Texas Rangers,pinnacle,h2h,Minnesota Twins,,2.01
2026-09-25T15:14:34Z,scheduled,9f08a9d734982153de27326c32e8be0e,2026-09-26T00:11:00Z,Minnesota Twins,Texas Rangers,pinnacle,h2h,Texas Rangers,,1.92
2026-09-25T15:14:34Z,scheduled,9f08a9d734982153de27326c32e8be0e,2026-09-26T00:11:00Z,Minnesota Twins,Texas Rangers,pinnacle,spreads,Minnesota Twins,1.5,1.56
2026-09-25T15:14:34Z,scheduled,9f08a9d734982153de27326c32e8be0e,2026-09-26T00:11:00Z,Minnesota Twins,Texas Rangers,pinnacle,spreads,Texas Rangers,-1.5,2.59
2026-09-25T15:14:34Z,scheduled,9f08a9d734982153de27326c32e8be0e,2026-09-26T00:11:00Z,Minnesota Twins,Texas Rangers,pinnacle,totals,Over,7.0,1.83
2026-09-25T15:14:34Z,scheduled,9f08a9d734982153de27326c32e8be0e,2026-09-26T00:11:00Z,Minnesota Twins,Texas Rangers,pinnacle,totals,Under,7.0,2.07
2026-09-25T15:14:34Z,scheduled,9f08a9d734982153de27326c32e8be0e,2026-09-26T00:11:00Z,Minnesota Twins,Texas Rangers,betmgm,h2h,Minnesota Twins,,1.95
2026-09-25T15:14:34Z,scheduled,9f08a9d734982153de27326c32e8be0e,2026-09-26T00:11:00Z,Minnesota Twins,Texas Rangers,betmgm,h2h,Texas Rangers,,1.87
2026-09-25T15:14:34Z,scheduled,9f08a9d734982153de27326c32e8be0e,2026-09-26T00:11:00Z,Minnesota Twins,Texas Rangers,betmgm,totals,Over,7.5,2.0
2026-09-25T15:14:34Z,scheduled,9f08a9d734982153de27326c32e8be0e,2026-09-26T00:11:00Z,Minnesota Twins,Texas Rangers,betmgm,totals,Under,7.5,1.83
2026-09-25T15:14:34Z,scheduled,9f08a9d734982153de27326c32e8be0e,2026-09-26T00:11:00Z,Minnesota Twins,Texas Rangers,betrivers,h2h,Minnesota Twins,,1.97
2026-09-25T15:14:34Z,scheduled,9f08a9d734982153de27326c32e8be0e,2026-09-26T00:11:00Z,Minnesota Twins,Texas Rangers,betrivers,h2h,Texas Rangers,,1.85
2026-09-25T15:14:34Z,scheduled,9f08a9d734982153de27326c32e8be0e,2026-09-26T00:11:00Z,Minnesota Twins,Texas Rangers,betrivers,spreads,Minnesota Twins,1.5,1.6
2026-09-25T15:14:34Z,scheduled,9f08a9d734982153de27326c32e8be0e,2026-09-26T00:11:00Z,Minnesota Twins,Texas Rangers,betrivers,spreads,Texas Rangers,-1.5,2.38
2026-09-25T15:14:34Z,scheduled,9f08a9d734982153de27326c32e8be0e,2026-09-26T00:11:00Z,Minnesota Twins,Texas Rangers,betrivers,totals,Over,7.5,1.93
2026-09-25T15:14:34Z,scheduled,9f08a9d734982153de27326c32e8be0e,2026-09-26T00:11:00Z,Minnesota Twins,Texas Rangers,betrivers,totals,Under,7.5,1.88
2026-09-25T15:14:34Z,scheduled,9f08a9d734982153de27326c32e8be0e,2026-09-26T00:11:00Z,Minnesota Twins,Texas Rangers,betfair_ex_eu,h2h,Minnesota Twins,,2.04
2026-09-25T15:14:34Z,scheduled,9f08a9d734982153de27326c32e8be0e,2026-09-26T00:11:00Z,Minnesota Twins,Texas Rangers,betfair_ex_eu,h2h,Texas Rangers,,1.92
2026-09-25T15:14:34Z,scheduled,9f08a9d734982153de27326c32e8be0e,2026-09-26T00:11:00Z,Minnesota Twins,Texas Rangers,betfair_ex_eu,h2h_lay,Minnesota Twins,,2.08
2026-09-25T15:14:34Z,scheduled,9f08a9d734982153de27326c32e8be0e,2026-09-26T00:11:00Z,Minnesota Twins,Texas Rangers,betfair_ex_eu,h2h_lay,Texas Rangers,,1.96
2026-09-25T15:14:34Z,scheduled,eb8b9160f66fc6d5f6bd58bf4a888011,2026-09-26T01:41:00Z,San Diego Padres,Arizona Diamondbacks,fanduel,h2h,Arizona Diamondbacks,,2.14
2026-09-25T15:14:34Z,scheduled,eb8b9160f66fc6d5f6bd58bf4a888011,2026-09-26T01:41:00Z,San Diego Padres,Arizona Diamondbacks,fanduel,h2h,San Diego Padres,,1.75
2026-09-25T15:14:34Z,scheduled,eb8b9160f66fc6d5f6bd58bf4a888011,2026-09-26T01:41:00Z,San Diego Padres,Arizona Diamondbacks,fanduel,spreads,Arizona Diamondbacks,1.5,1.51
2026-09-25T15:14:34Z,scheduled,eb8b9160f66fc6d5f6bd58bf4a888011,2026-09-26T01:41:00Z,San Diego Padres,Arizona Diamondbacks,fanduel,spreads,San Diego Padres,-1.5,2.62
2026-09-25T15:14:34Z,scheduled,eb8b9160f66fc6d5f6bd58bf4a888011,2026-09-26T01:41:00Z,San Diego Padres,Arizona Diamondbacks,fanduel,totals,Over,7.5,1.91
2026-09-25T15:14:34Z,scheduled,eb8b9160f66fc6d5f6bd58bf4a888011,2026-09-26T01:41:00Z,San Diego Padres,Arizona Diamondbacks,fanduel,totals,Under,7.5,1.91
2026-09-25T15:14:34Z,scheduled,eb8b9160f66fc6d5f6bd58bf4a888011,2026-09-26T01:41:00Z,San Diego Padres,Arizona Diamondbacks,betsson,h2h,Arizona Diamondbacks,,2.12
2026-09-25T15:14:34Z,scheduled,eb8b9160f66fc6d5f6bd58bf4a888011,2026-09-26T01:41:00Z,San Diego Padres,Arizona Diamondbacks,betsson,h2h,San Diego Padres,,1.72
2026-09-25T15:14:34Z,scheduled,eb8b9160f66fc6d5f6bd58bf4a888011,2026-09-26T01:41:00Z,San Diego Padres,Arizona Diamondbacks,betsson,spreads,Arizona Diamondbacks,1.5,1.53
2026-09-25T15:14:34Z,scheduled,eb8b9160f66fc6d5f6bd58bf4a888011,2026-09-26T01:41:00Z,San Diego Padres,Arizona Diamondbacks,betsson,spreads,San Diego Padres,-1.5,2.45
2026-09-25T15:14:34Z,scheduled,eb8b9160f66fc6d5f6bd58bf4a888011,2026-09-26T01:41:00Z,San Diego Padres,Arizona Diamondbacks,betsson,totals,Over,8.0,1.93
2026-09-25T15:14:34Z,scheduled,eb8b9160f66fc6d5f6bd58bf4a888011,2026-09-26T01:41:00Z,San Diego Padres,Arizona Diamondbacks,betsson,totals,Under,8.0,1.83
2026-09-25T15:14:34Z,scheduled,eb8b9160f66fc6d5f6bd58bf4a888011,2026-09-26T01:41:00Z,San Diego Padres,Arizona Diamondbacks,draftkings,h2h,Arizona Diamondbacks,,2.14
2026-09-25T15:14:34Z,scheduled,eb8b9160f66fc6d5f6bd58bf4a888011,2026-09-26T01:41:00Z,San Diego Padres,Arizona Diamondbacks,draftkings,h2h,San Diego Padres,,1.73
2026-09-25T15:14:34Z,scheduled,eb8b9160f66fc6d5f6bd58bf4a888011,2026-09-26T01:41:00Z,San Diego Padres,Arizona Diamondbacks,draftkings,spreads,Arizona Diamondbacks,1.5,1.52
2026-09-25T15:14:34Z,scheduled,eb8b9160f66fc6d5f6bd58bf4a888011,2026-09-26T01:41:00Z,San Diego Padres,Arizona Diamondbacks,draftkings,spreads,San Diego Padres,-1.5,2.58
2026-09-25T15:14:34Z,scheduled,eb8b9160f66fc6d5f6bd58bf4a888011,2026-09-26T01:41:00Z,San Diego Padres,Arizona Diamondbacks,draftkings,totals,Over,7.5,1.9
2026-09-25T15:14:34Z,scheduled,eb8b9160f66fc6d5f6bd58bf4a888011,2026-09-26T01:41:00Z,San Diego Padres,Arizona Diamondbacks,draftkings,totals,Under,7.5,1.92
2026-09-25T15:14:34Z,scheduled,eb8b9160f66fc6d5f6bd58bf4a888011,2026-09-26T01:41:00Z,San Diego Padres,Arizona Diamondbacks,coolbet,h2h,Arizona Diamondbacks,,2.12
2026-09-25T15:14:34Z,scheduled,eb8b9160f66fc6d5f6bd58bf4a888011,2026-09-26T01:41:00Z,San Diego Padres,Arizona Diamondbacks,coolbet,h2h,San Diego Padres,,1.73
2026-09-25T15:14:34Z,scheduled,eb8b9160f66fc6d5f6bd58bf4a888011,2026-09-26T01:41:00Z,San Diego Padres,Arizona Diamondbacks,coolbet,spreads,Arizona Diamondbacks,1.5,1.5
2026-09-25T15:14:34Z,scheduled,eb8b9160f66fc6d5f6bd58bf4a888011,2026-09-26T01:41:00Z,San Diego Padres,Arizona Diamondbacks,coolbet,spreads,San Diego Padres,-1.5,2.6
2026-09-25T15:14:34Z,scheduled,eb8b9160f66fc6d5f6bd58bf4a888011,2026-09-26T01:41:00Z,San Diego Padres,Arizona Diamondbacks,coolbet,totals,Over,7.5,1.89
2026-09-25T15:14:34Z,scheduled,eb8b9160f66fc6d5f6bd58bf4a888011,2026-09-26T01:41:00Z,San Diego Padres,Arizona Diamondbacks,coolbet,totals,Under,7.5,1.92
2026-09-25T15:14:34Z,scheduled,eb8b9160f66fc6d5f6bd58bf4a888011,2026-09-26T01:41:00Z,San Diego Padres,Arizona Diamondbacks,betmgm,h2h,Arizona Diamondbacks,,2.15
2026-09-25T15:14:34Z,scheduled,eb8b9160f66fc6d5f6bd58bf4a888011,2026-09-26T01:41:00Z,San Diego Padres,Arizona Diamondbacks,betmgm,h2h,San Diego Padres,,1.71
2026-09-25T15:14:34Z,scheduled,eb8b9160f66fc6d5f6bd58bf4a888011,2026-09-26T01:41:00Z,San Diego Padres,Arizona Diamondbacks,betmgm,spreads,Arizona Diamondbacks,1.5,1.53
2026-09-25T15:14:34Z,scheduled,eb8b9160f66fc6d5f6bd58bf4a888011,2026-09-26T01:41:00Z,San Diego Padres,Arizona Diamondbacks,betmgm,spreads,San Diego Padres,-1.5,2.55
2026-09-25T15:14:34Z,scheduled,eb8b9160f66fc6d5f6bd58bf4a888011,2026-09-26T01:41:00Z,San Diego Padres,Arizona Diamondbacks,betmgm,totals,Over,7.5,1.91
2026-09-25T15:14:34Z,scheduled,eb8b9160f66fc6d5f6bd58bf4a888011,2026-09-26T01:41:00Z,San Diego Padres,Arizona Diamondbacks,betmgm,totals,Under,7.5,1.91
2026-09-25T15:14:34Z,scheduled,eb8b9160f66fc6d5f6bd58bf4a888011,2026-09-26T01:41:00Z,San Diego Padres,Arizona Diamondbacks,betrivers,h2h,Arizona Diamondbacks,,2.1
2026-09-25T15:14:34Z,scheduled,eb8b9160f66fc6d5f6bd58bf4a888011,2026-09-26T01:41:00Z,San Diego Padres,Arizona Diamondbacks,betrivers,h2h,San Diego Padres,,1.76
2026-09-25T15:14:34Z,scheduled,eb8b9160f66fc6d5f6bd58bf4a888011,2026-09-26T01:41:00Z,San Diego Padres,Arizona Diamondbacks,betrivers,spreads,Arizona Diamondbacks,1.5,1.55
2026-09-25T15:14:34Z,scheduled,eb8b9160f66fc6d5f6bd58bf4a888011,2026-09-26T01:41:00Z,San Diego Padres,Arizona Diamondbacks,betrivers,spreads,San Diego Padres,-1.5,2.48
2026-09-25T15:14:34Z,scheduled,eb8b9160f66fc6d5f6bd58bf4a888011,2026-09-26T01:41:00Z,San Diego Padres,Arizona Diamondbacks,betrivers,totals,Over,7.5,1.91
2026-09-25T15:14:34Z,scheduled,eb8b9160f66fc6d5f6bd58bf4a888011,2026-09-26T01:41:00Z,San Diego Padres,Arizona Diamondbacks,betrivers,totals,Under,7.5,1.89
2026-09-25T15:14:34Z,scheduled,eb8b9160f66fc6d5f6bd58bf4a888011,2026-09-26T01:41:00Z,San Diego Padres,Arizona Diamondbacks,betfair_ex_eu,h2h,Arizona Diamondbacks,,2.18
2026-09-25T15:14:34Z,scheduled,eb8b9160f66fc6d5f6bd58bf4a888011,2026-09-26T01:41:00Z,San Diego Padres,Arizona Diamondbacks,betfair_ex_eu,h2h,San Diego Padres,,1.8
2026-09-25T15:14:34Z,scheduled,eb8b9160f66fc6d5f6bd58bf4a888011,2026-09-26T01:41:00Z,San Diego Padres,Arizona Diamondbacks,betfair_ex_eu,h2h_lay,Arizona Diamondbacks,,2.24
2026-09-25T15:14:34Z,scheduled,eb8b9160f66fc6d5f6bd58bf4a888011,2026-09-26T01:41:00Z,San Diego Padres,Arizona Diamondbacks,betfair_ex_eu,h2h_lay,San Diego Padres,,1.85
2026-09-25T15:14:34Z,scheduled,eb8b9160f66fc6d5f6bd58bf4a888011,2026-09-26T01:41:00Z,San Diego Padres,Arizona Diamondbacks,matchbook,h2h,Arizona Diamondbacks,,2.18
2026-09-25T15:14:34Z,scheduled,eb8b9160f66fc6d5f6bd58bf4a888011,2026-09-26T01:41:00Z,San Diego Padres,Arizona Diamondbacks,matchbook,h2h,San Diego Padres,,1.8
2026-09-25T15:14:34Z,scheduled,eb8b9160f66fc6d5f6bd58bf4a888011,2026-09-26T01:41:00Z,San Diego Padres,Arizona Diamondbacks,matchbook,h2h_lay,Arizona Diamondbacks,,2.24
2026-09-25T15:14:34Z,scheduled,eb8b9160f66fc6d5f6bd58bf4a888011,2026-09-26T01:41:00Z,San Diego Padres,Arizona Diamondbacks,matchbook,h2h_lay,San Diego Padres,,1.85
2026-09-25T15:14:34Z,scheduled,eb8b9160f66fc6d5f6bd58bf4a888011,2026-09-26T01:41:00Z,San Diego Padres,Arizona Diamondbacks,matchbook,spreads,Arizona Diamondbacks,1.5,1.56
2026-09-25T15:14:34Z,scheduled,eb8b9160f66fc6d5f6bd58bf4a888011,2026-09-26T01:41:00Z,San Diego Padres,Arizona Diamondbacks,matchbook,spreads,San Diego Padres,-1.5,2.64
2026-09-25T15:14:34Z,scheduled,eb8b9160f66fc6d5f6bd58bf4a888011,2026-09-26T01:41:00Z,San Diego Padres,Arizona Diamondbacks,matchbook,totals,Over,7.5,1.9
2026-09-25T15:14:34Z,scheduled,eb8b9160f66fc6d5f6bd58bf4a888011,2026-09-26T01:41:00Z,San Diego Padres,Arizona Diamondbacks,matchbook,totals,Under,7.5,2.02
2026-09-25T15:14:34Z,scheduled,eb8b9160f66fc6d5f6bd58bf4a888011,2026-09-26T01:41:00Z,San Diego Padres,Arizona Diamondbacks,pinnacle,h2h,Arizona Diamondbacks,,2.18
2026-09-25T15:14:34Z,scheduled,eb8b9160f66fc6d5f6bd58bf4a888011,2026-09-26T01:41:00Z,San Diego Padres,Arizona Diamondbacks,pinnacle,h2h,San Diego Padres,,1.78
2026-09-25T15:14:34Z,scheduled,eb8b9160f66fc6d5f6bd58bf4a888011,2026-09-26T01:41:00Z,San Diego Padres,Arizona Diamondbacks,pinnacle,spreads,Arizona Diamondbacks,1.5,1.56
2026-09-25T15:14:34Z,scheduled,eb8b9160f66fc6d5f6bd58bf4a888011,2026-09-26T01:41:00Z,San Diego Padres,Arizona Diamondbacks,pinnacle,spreads,San Diego Padres,-1.5,2.6
2026-09-25T15:14:34Z,scheduled,eb8b9160f66fc6d5f6bd58bf4a888011,2026-09-26T01:41:00Z,San Diego Padres,Arizona Diamondbacks,pinnacle,totals,Over,7.5,1.88
2026-09-25T15:14:34Z,scheduled,eb8b9160f66fc6d5f6bd58bf4a888011,2026-09-26T01:41:00Z,San Diego Padres,Arizona Diamondbacks,pinnacle,totals,Under,7.5,2.02
2026-09-25T15:14:34Z,scheduled,de8bbf8d379bf416df612c557ddd338a,2026-09-26T01:41:00Z,Athletics,Houston Astros,fanduel,h2h,Athletics,,2.44
2026-09-25T15:14:34Z,scheduled,de8bbf8d379bf416df612c557ddd338a,2026-09-26T01:41:00Z,Athletics,Houston Astros,fanduel,h2h,Houston Astros,,1.58
2026-09-25T15:14:34Z,scheduled,de8bbf8d379bf416df612c557ddd338a,2026-09-26T01:41:00Z,Athletics,Houston Astros,fanduel,spreads,Athletics,1.5,1.88
2026-09-25T15:14:34Z,scheduled,de8bbf8d379bf416df612c557ddd338a,2026-09-26T01:41:00Z,Athletics,Houston Astros,fanduel,spreads,Houston Astros,-1.5,1.95
2026-09-25T15:14:34Z,scheduled,de8bbf8d379bf416df612c557ddd338a,2026-09-26T01:41:00Z,Athletics,Houston Astros,fanduel,totals,Over,9.5,2.04
2026-09-25T15:14:34Z,scheduled,de8bbf8d379bf416df612c557ddd338a,2026-09-26T01:41:00Z,Athletics,Houston Astros,fanduel,totals,Under,9.5,1.78
2026-09-25T15:14:34Z,scheduled,de8bbf8d379bf416df612c557ddd338a,2026-09-26T01:41:00Z,Athletics,Houston Astros,betfair_ex_eu,h2h,Athletics,,2.58
2026-09-25T15:14:34Z,scheduled,de8bbf8d379bf416df612c557ddd338a,2026-09-26T01:41:00Z,Athletics,Houston Astros,betfair_ex_eu,h2h,Houston Astros,,1.61
2026-09-25T15:14:34Z,scheduled,de8bbf8d379bf416df612c557ddd338a,2026-09-26T01:41:00Z,Athletics,Houston Astros,betfair_ex_eu,h2h_lay,Athletics,,2.64
2026-09-25T15:14:34Z,scheduled,de8bbf8d379bf416df612c557ddd338a,2026-09-26T01:41:00Z,Athletics,Houston Astros,betfair_ex_eu,h2h_lay,Houston Astros,,1.63
2026-09-25T15:14:34Z,scheduled,de8bbf8d379bf416df612c557ddd338a,2026-09-26T01:41:00Z,Athletics,Houston Astros,coolbet,h2h,Athletics,,2.45
2026-09-25T15:14:34Z,scheduled,de8bbf8d379bf416df612c557ddd338a,2026-09-26T01:41:00Z,Athletics,Houston Astros,coolbet,h2h,Houston Astros,,1.56
2026-09-25T15:14:34Z,scheduled,de8bbf8d379bf416df612c557ddd338a,2026-09-26T01:41:00Z,Athletics,Houston Astros,coolbet,spreads,Athletics,1.5,1.89
2026-09-25T15:14:34Z,scheduled,de8bbf8d379bf416df612c557ddd338a,2026-09-26T01:41:00Z,Athletics,Houston Astros,coolbet,spreads,Houston Astros,-1.5,1.92
2026-09-25T15:14:34Z,scheduled,de8bbf8d379bf416df612c557ddd338a,2026-09-26T01:41:00Z,Athletics,Houston Astros,coolbet,totals,Over,9.0,1.95
2026-09-25T15:14:34Z,scheduled,de8bbf8d379bf416df612c557ddd338a,2026-09-26T01:41:00Z,Athletics,Houston Astros,coolbet,totals,Under,9.0,1.87
2026-09-25T15:14:34Z,scheduled,de8bbf8d379bf416df612c557ddd338a,2026-09-26T01:41:00Z,Athletics,Houston Astros,betsson,h2h,Athletics,,2.42
2026-09-25T15:14:34Z,scheduled,de8bbf8d379bf416df612c557ddd338a,2026-09-26T01:41:00Z,Athletics,Houston Astros,betsson,h2h,Houston Astros,,1.56
2026-09-25T15:14:34Z,scheduled,de8bbf8d379bf416df612c557ddd338a,2026-09-26T01:41:00Z,Athletics,Houston Astros,betsson,spreads,Athletics,1.5,1.86
2026-09-25T15:14:34Z,scheduled,de8bbf8d379bf416df612c557ddd338a,2026-09-26T01:41:00Z,Athletics,Houston Astros,betsson,spreads,Houston Astros,-1.5,1.9
2026-09-25T15:14:34Z,scheduled,de8bbf8d379bf416df612c557ddd338a,2026-09-26T01:41:00Z,Athletics,Houston Astros,betsson,totals,Over,9.0,1.86
2026-09-25T15:14:34Z,scheduled,de8bbf8d379bf416df612c557ddd338a,2026-09-26T01:41:00Z,Athletics,Houston Astros,betsson,totals,Under,9.0,1.9
2026-09-25T15:14:34Z,scheduled,de8bbf8d379bf416df612c557ddd338a,2026-09-26T01:41:00Z,Athletics,Houston Astros,matchbook,h2h,Athletics,,2.6
2026-09-25T15:14:34Z,scheduled,de8bbf8d379bf416df612c557ddd338a,2026-09-26T01:41:00Z,Athletics,Houston Astros,matchbook,h2h,Houston Astros,,1.61
2026-09-25T15:14:34Z,scheduled,de8bbf8d379bf416df612c557ddd338a,2026-09-26T01:41:00Z,Athletics,Houston Astros,matchbook,h2h_lay,Athletics,,2.64
2026-09-25T15:14:34Z,scheduled,de8bbf8d379bf416df612c557ddd338a,2026-09-26T01:41:00Z,Athletics,Houston Astros,matchbook,h2h_lay,Houston Astros,,1.63
2026-09-25T15:14:34Z,scheduled,de8bbf8d379bf416df612c557ddd338a,2026-09-26T01:41:00Z,Athletics,Houston Astros,matchbook,spreads,Athletics,1.5,1.95
2026-09-25T15:14:34Z,scheduled,de8bbf8d379bf416df612c557ddd338a,2026-09-26T01:41:00Z,Athletics,Houston Astros,matchbook,spreads,Houston Astros,-1.5,1.97
2026-09-25T15:14:34Z,scheduled,de8bbf8d379bf416df612c557ddd338a,2026-09-26T01:41:00Z,Athletics,Houston Astros,matchbook,totals,Over,9.5,2.16
2026-09-25T15:14:34Z,scheduled,de8bbf8d379bf416df612c557ddd338a,2026-09-26T01:41:00Z,Athletics,Houston Astros,matchbook,totals,Under,9.5,1.79
2026-09-25T15:14:34Z,scheduled,de8bbf8d379bf416df612c557ddd338a,2026-09-26T01:41:00Z,Athletics,Houston Astros,betrivers,h2h,Athletics,,2.45
2026-09-25T15:14:34Z,scheduled,de8bbf8d379bf416df612c557ddd338a,2026-09-26T01:41:00Z,Athletics,Houston Astros,betrivers,h2h,Houston Astros,,1.56
2026-09-25T15:14:34Z,scheduled,de8bbf8d379bf416df612c557ddd338a,2026-09-26T01:41:00Z,Athletics,Houston Astros,betrivers,spreads,Athletics,1.5,1.93
2026-09-25T15:14:34Z,scheduled,de8bbf8d379bf416df612c557ddd338a,2026-09-26T01:41:00Z,Athletics,Houston Astros,betrivers,spreads,Houston Astros,-1.5,1.88
2026-09-25T15:14:34Z,scheduled,de8bbf8d379bf416df612c557ddd338a,2026-09-26T01:41:00Z,Athletics,Houston Astros,betrivers,totals,Over,9.0,1.87
2026-09-25T15:14:34Z,scheduled,de8bbf8d379bf416df612c557ddd338a,2026-09-26T01:41:00Z,Athletics,Houston Astros,betrivers,totals,Under,9.0,1.82
2026-09-25T15:14:34Z,scheduled,de8bbf8d379bf416df612c557ddd338a,2026-09-26T01:41:00Z,Athletics,Houston Astros,draftkings,h2h,Athletics,,2.49
2026-09-25T15:14:34Z,scheduled,de8bbf8d379bf416df612c557ddd338a,2026-09-26T01:41:00Z,Athletics,Houston Astros,draftkings,h2h,Houston Astros,,1.55
2026-09-25T15:14:34Z,scheduled,de8bbf8d379bf416df612c557ddd338a,2026-09-26T01:41:00Z,Athletics,Houston Astros,draftkings,spreads,Athletics,1.5,1.89
2026-09-25T15:14:34Z,scheduled,de8bbf8d379bf416df612c557ddd338a,2026-09-26T01:41:00Z,Athletics,Houston Astros,draftkings,spreads,Houston Astros,-1.5,1.93
2026-09-25T15:14:34Z,scheduled,de8bbf8d379bf416df612c557ddd338a,2026-09-26T01:41:00Z,Athletics,Houston Astros,draftkings,totals,Over,9.0,1.92
2026-09-25T15:14:34Z,scheduled,de8bbf8d379bf416df612c557ddd338a,2026-09-26T01:41:00Z,Athletics,Houston Astros,draftkings,totals,Under,9.0,1.9
2026-09-25T15:14:34Z,scheduled,de8bbf8d379bf416df612c557ddd338a,2026-09-26T01:41:00Z,Athletics,Houston Astros,betmgm,h2h,Athletics,,2.5
2026-09-25T15:14:34Z,scheduled,de8bbf8d379bf416df612c557ddd338a,2026-09-26T01:41:00Z,Athletics,Houston Astros,betmgm,h2h,Houston Astros,,1.54
2026-09-25T15:14:34Z,scheduled,de8bbf8d379bf416df612c557ddd338a,2026-09-26T01:41:00Z,Athletics,Houston Astros,betmgm,spreads,Athletics,1.5,1.87
2026-09-25T15:14:34Z,scheduled,de8bbf8d379bf416df612c557ddd338a,2026-09-26T01:41:00Z,Athletics,Houston Astros,betmgm,spreads,Houston Astros,-1.5,1.95
2026-09-25T15:14:34Z,scheduled,de8bbf8d379bf416df612c557ddd338a,2026-09-26T01:41:00Z,Athletics,Houston Astros,betmgm,totals,Over,9.0,1.85
2026-09-25T15:14:34Z,scheduled,de8bbf8d379bf416df612c557ddd338a,2026-09-26T01:41:00Z,Athletics,Houston Astros,betmgm,totals,Under,9.0,1.98
2026-09-25T15:14:34Z,scheduled,de8bbf8d379bf416df612c557ddd338a,2026-09-26T01:41:00Z,Athletics,Houston Astros,pinnacle,h2h,Athletics,,2.58
2026-09-25T15:14:34Z,scheduled,de8bbf8d379bf416df612c557ddd338a,2026-09-26T01:41:00Z,Athletics,Houston Astros,pinnacle,h2h,Houston Astros,,1.58
2026-09-25T15:14:34Z,scheduled,de8bbf8d379bf416df612c557ddd338a,2026-09-26T01:41:00Z,Athletics,Houston Astros,pinnacle,spreads,Athletics,1.5,1.94
2026-09-25T15:14:34Z,scheduled,de8bbf8d379bf416df612c557ddd338a,2026-09-26T01:41:00Z,Athletics,Houston Astros,pinnacle,spreads,Houston Astros,-1.5,1.96
2026-09-25T15:14:34Z,scheduled,de8bbf8d379bf416df612c557ddd338a,2026-09-26T01:41:00Z,Athletics,Houston Astros,pinnacle,totals,Over,9.0,1.95
2026-09-25T15:14:34Z,scheduled,de8bbf8d379bf416df612c557ddd338a,2026-09-26T01:41:00Z,Athletics,Houston Astros,pinnacle,totals,Under,9.0,1.93
2026-09-25T15:14:34Z,scheduled,60b3d02ac77cf6a81e234358cfe187bb,2026-09-26T02:11:00Z,Seattle Mariners,Los Angeles Angels,fanduel,h2h,Los Angeles Angels,,2.02
2026-09-25T15:14:34Z,scheduled,60b3d02ac77cf6a81e234358cfe187bb,2026-09-26T02:11:00Z,Seattle Mariners,Los Angeles Angels,fanduel,h2h,Seattle Mariners,,1.83
2026-09-25T15:14:34Z,scheduled,60b3d02ac77cf6a81e234358cfe187bb,2026-09-26T02:11:00Z,Seattle Mariners,Los Angeles Angels,fanduel,spreads,Los Angeles Angels,-1.5,2.88
2026-09-25T15:14:34Z,scheduled,60b3d02ac77cf6a81e234358cfe187bb,2026-09-26T02:11:00Z,Seattle Mariners,Los Angeles Angels,fanduel,spreads,Seattle Mariners,1.5,1.43
2026-09-25T15:14:34Z,scheduled,60b3d02ac77cf6a81e234358cfe187bb,2026-09-26T02:11:00Z,Seattle Mariners,Los Angeles Angels,fanduel,totals,Over,6.5,1.85
2026-09-25T15:14:34Z,scheduled,60b3d02ac77cf6a81e234358cfe187bb,2026-09-26T02:11:00Z,Seattle Mariners,Los Angeles Angels,fanduel,totals,Under,6.5,1.96
2026-09-25T15:14:34Z,scheduled,60b3d02ac77cf6a81e234358cfe187bb,2026-09-26T02:11:00Z,Seattle Mariners,Los Angeles Angels,coolbet,h2h,Los Angeles Angels,,2.02
2026-09-25T15:14:34Z,scheduled,60b3d02ac77cf6a81e234358cfe187bb,2026-09-26T02:11:00Z,Seattle Mariners,Los Angeles Angels,coolbet,h2h,Seattle Mariners,,1.8
2026-09-25T15:14:34Z,scheduled,60b3d02ac77cf6a81e234358cfe187bb,2026-09-26T02:11:00Z,Seattle Mariners,Los Angeles Angels,coolbet,spreads,Los Angeles Angels,-1.5,2.67
2026-09-25T15:14:34Z,scheduled,60b3d02ac77cf6a81e234358cfe187bb,2026-09-26T02:11:00Z,Seattle Mariners,Los Angeles Angels,coolbet,spreads,Seattle Mariners,1.5,1.48
2026-09-25T15:14:34Z,scheduled,60b3d02ac77cf6a81e234358cfe187bb,2026-09-26T02:11:00Z,Seattle Mariners,Los Angeles Angels,coolbet,totals,Over,6.5,1.8
2026-09-25T15:14:34Z,scheduled,60b3d02ac77cf6a81e234358cfe187bb,2026-09-26T02:11:00Z,Seattle Mariners,Los Angeles Angels,coolbet,totals,Under,6.5,2.02
2026-09-25T15:14:34Z,scheduled,60b3d02ac77cf6a81e234358cfe187bb,2026-09-26T02:11:00Z,Seattle Mariners,Los Angeles Angels,betsson,h2h,Los Angeles Angels,,1.98
2026-09-25T15:14:34Z,scheduled,60b3d02ac77cf6a81e234358cfe187bb,2026-09-26T02:11:00Z,Seattle Mariners,Los Angeles Angels,betsson,h2h,Seattle Mariners,,1.83
2026-09-25T15:14:34Z,scheduled,60b3d02ac77cf6a81e234358cfe187bb,2026-09-26T02:11:00Z,Seattle Mariners,Los Angeles Angels,betsson,spreads,Los Angeles Angels,1.5,1.43
2026-09-25T15:14:34Z,scheduled,60b3d02ac77cf6a81e234358cfe187bb,2026-09-26T02:11:00Z,Seattle Mariners,Los Angeles Angels,betsson,spreads,Seattle Mariners,-1.5,2.75
2026-09-25T15:14:34Z,scheduled,60b3d02ac77cf6a81e234358cfe187bb,2026-09-26T02:11:00Z,Seattle Mariners,Los Angeles Angels,betsson,totals,Over,7.0,1.97
2026-09-25T15:14:34Z,scheduled,60b3d02ac77cf6a81e234358cfe187bb,2026-09-26T02:11:00Z,Seattle Mariners,Los Angeles Angels,betsson,totals,Under,7.0,1.8
2026-09-25T15:14:34Z,scheduled,60b3d02ac77cf6a81e234358cfe187bb,2026-09-26T02:11:00Z,Seattle Mariners,Los Angeles Angels,draftkings,h2h,Los Angeles Angels,,2.0
2026-09-25T15:14:34Z,scheduled,60b3d02ac77cf6a81e234358cfe187bb,2026-09-26T02:11:00Z,Seattle Mariners,Los Angeles Angels,draftkings,h2h,Seattle Mariners,,1.83
2026-09-25T15:14:34Z,scheduled,60b3d02ac77cf6a81e234358cfe187bb,2026-09-26T02:11:00Z,Seattle Mariners,Los Angeles Angels,draftkings,spreads,Los Angeles Angels,1.5,1.45
2026-09-25T15:14:34Z,scheduled,60b3d02ac77cf6a81e234358cfe187bb,2026-09-26T02:11:00Z,Seattle Mariners,Los Angeles Angels,draftkings,spreads,Seattle Mariners,-1.5,2.82
2026-09-25T15:14:34Z,scheduled,60b3d02ac77cf6a81e234358cfe187bb,2026-09-26T02:11:00Z,Seattle Mariners,Los Angeles Angels,draftkings,totals,Over,6.5,1.85
2026-09-25T15:14:34Z,scheduled,60b3d02ac77cf6a81e234358cfe187bb,2026-09-26T02:11:00Z,Seattle Mariners,Los Angeles Angels,draftkings,totals,Under,6.5,1.98
2026-09-25T15:14:34Z,scheduled,60b3d02ac77cf6a81e234358cfe187bb,2026-09-26T02:11:00Z,Seattle Mariners,Los Angeles Angels,betmgm,h2h,Los Angeles Angels,,2.0
2026-09-25T15:14:34Z,scheduled,60b3d02ac77cf6a81e234358cfe187bb,2026-09-26T02:11:00Z,Seattle Mariners,Los Angeles Angels,betmgm,h2h,Seattle Mariners,,1.83
2026-09-25T15:14:34Z,scheduled,60b3d02ac77cf6a81e234358cfe187bb,2026-09-26T02:11:00Z,Seattle Mariners,Los Angeles Angels,betmgm,spreads,Los Angeles Angels,1.5,1.5
2026-09-25T15:14:34Z,scheduled,60b3d02ac77cf6a81e234358cfe187bb,2026-09-26T02:11:00Z,Seattle Mariners,Los Angeles Angels,betmgm,spreads,Seattle Mariners,-1.5,2.65
2026-09-25T15:14:34Z,scheduled,60b3d02ac77cf6a81e234358cfe187bb,2026-09-26T02:11:00Z,Seattle Mariners,Los Angeles Angels,betmgm,totals,Over,6.5,1.77
2026-09-25T15:14:34Z,scheduled,60b3d02ac77cf6a81e234358cfe187bb,2026-09-26T02:11:00Z,Seattle Mariners,Los Angeles Angels,betmgm,totals,Under,6.5,2.0
2026-09-25T15:14:34Z,scheduled,60b3d02ac77cf6a81e234358cfe187bb,2026-09-26T02:11:00Z,Seattle Mariners,Los Angeles Angels,pinnacle,h2h,Los Angeles Angels,,2.06
2026-09-25T15:14:34Z,scheduled,60b3d02ac77cf6a81e234358cfe187bb,2026-09-26T02:11:00Z,Seattle Mariners,Los Angeles Angels,pinnacle,h2h,Seattle Mariners,,1.87
2026-09-25T15:14:34Z,scheduled,60b3d02ac77cf6a81e234358cfe187bb,2026-09-26T02:11:00Z,Seattle Mariners,Los Angeles Angels,pinnacle,spreads,Los Angeles Angels,1.5,1.47
2026-09-25T15:14:34Z,scheduled,60b3d02ac77cf6a81e234358cfe187bb,2026-09-26T02:11:00Z,Seattle Mariners,Los Angeles Angels,pinnacle,spreads,Seattle Mariners,-1.5,2.87
2026-09-25T15:14:34Z,scheduled,60b3d02ac77cf6a81e234358cfe187bb,2026-09-26T02:11:00Z,Seattle Mariners,Los Angeles Angels,pinnacle,totals,Over,6.5,1.86
2026-09-25T15:14:34Z,scheduled,60b3d02ac77cf6a81e234358cfe187bb,2026-09-26T02:11:00Z,Seattle Mariners,Los Angeles Angels,pinnacle,totals,Under,6.5,2.03
2026-09-25T15:14:34Z,scheduled,60b3d02ac77cf6a81e234358cfe187bb,2026-09-26T02:11:00Z,Seattle Mariners,Los Angeles Angels,matchbook,h2h,Los Angeles Angels,,2.1
2026-09-25T15:14:34Z,scheduled,60b3d02ac77cf6a81e234358cfe187bb,2026-09-26T02:11:00Z,Seattle Mariners,Los Angeles Angels,matchbook,h2h,Seattle Mariners,,1.89
2026-09-25T15:14:34Z,scheduled,60b3d02ac77cf6a81e234358cfe187bb,2026-09-26T02:11:00Z,Seattle Mariners,Los Angeles Angels,matchbook,h2h_lay,Los Angeles Angels,,2.12
2026-09-25T15:14:34Z,scheduled,60b3d02ac77cf6a81e234358cfe187bb,2026-09-26T02:11:00Z,Seattle Mariners,Los Angeles Angels,matchbook,h2h_lay,Seattle Mariners,,1.9
2026-09-25T15:14:34Z,scheduled,60b3d02ac77cf6a81e234358cfe187bb,2026-09-26T02:11:00Z,Seattle Mariners,Los Angeles Angels,matchbook,spreads,Los Angeles Angels,1.5,1.45
2026-09-25T15:14:34Z,scheduled,60b3d02ac77cf6a81e234358cfe187bb,2026-09-26T02:11:00Z,Seattle Mariners,Los Angeles Angels,matchbook,spreads,Seattle Mariners,-1.5,2.8
2026-09-25T15:14:34Z,scheduled,60b3d02ac77cf6a81e234358cfe187bb,2026-09-26T02:11:00Z,Seattle Mariners,Los Angeles Angels,matchbook,totals,Over,6.5,1.88
2026-09-25T15:14:34Z,scheduled,60b3d02ac77cf6a81e234358cfe187bb,2026-09-26T02:11:00Z,Seattle Mariners,Los Angeles Angels,matchbook,totals,Under,6.5,2.06
2026-09-25T15:14:34Z,scheduled,60b3d02ac77cf6a81e234358cfe187bb,2026-09-26T02:11:00Z,Seattle Mariners,Los Angeles Angels,betrivers,h2h,Los Angeles Angels,,2.1
2026-09-25T15:14:34Z,scheduled,60b3d02ac77cf6a81e234358cfe187bb,2026-09-26T02:11:00Z,Seattle Mariners,Los Angeles Angels,betrivers,h2h,Seattle Mariners,,1.76
2026-09-25T15:14:34Z,scheduled,60b3d02ac77cf6a81e234358cfe187bb,2026-09-26T02:11:00Z,Seattle Mariners,Los Angeles Angels,betfair_ex_eu,h2h,Los Angeles Angels,,2.1
2026-09-25T15:14:34Z,scheduled,60b3d02ac77cf6a81e234358cfe187bb,2026-09-26T02:11:00Z,Seattle Mariners,Los Angeles Angels,betfair_ex_eu,h2h,Seattle Mariners,,1.89
2026-09-25T15:14:34Z,scheduled,60b3d02ac77cf6a81e234358cfe187bb,2026-09-26T02:11:00Z,Seattle Mariners,Los Angeles Angels,betfair_ex_eu,h2h_lay,Los Angeles Angels,,2.12
2026-09-25T15:14:34Z,scheduled,60b3d02ac77cf6a81e234358cfe187bb,2026-09-26T02:11:00Z,Seattle Mariners,Los Angeles Angels,betfair_ex_eu,h2h_lay,Seattle Mariners,,1.9
2026-09-25T15:14:34Z,scheduled,e47efe97f629cae0287ca6f3ea6d6794,2026-09-26T02:16:00Z,San Francisco Giants,Los Angeles Dodgers,fanduel,h2h,Los Angeles Dodgers,,1.29
2026-09-25T15:14:34Z,scheduled,e47efe97f629cae0287ca6f3ea6d6794,2026-09-26T02:16:00Z,San Francisco Giants,Los Angeles Dodgers,fanduel,h2h,San Francisco Giants,,3.8
2026-09-25T15:14:34Z,scheduled,e47efe97f629cae0287ca6f3ea6d6794,2026-09-26T02:16:00Z,San Francisco Giants,Los Angeles Dodgers,fanduel,spreads,Los Angeles Dodgers,-1.5,1.56
2026-09-25T15:14:34Z,scheduled,e47efe97f629cae0287ca6f3ea6d6794,2026-09-26T02:16:00Z,San Francisco Giants,Los Angeles Dodgers,fanduel,spreads,San Francisco Giants,1.5,2.46
2026-09-25T15:14:34Z,scheduled,e47efe97f629cae0287ca6f3ea6d6794,2026-09-26T02:16:00Z,San Francisco Giants,Los Angeles Dodgers,fanduel,totals,Over,7.5,2.0
2026-09-25T15:14:34Z,scheduled,e47efe97f629cae0287ca6f3ea6d6794,2026-09-26T02:16:00Z,San Francisco Giants,Los Angeles Dodgers,fanduel,totals,Under,7.5,1.82
2026-09-25T15:14:34Z,scheduled,e47efe97f629cae0287ca6f3ea6d6794,2026-09-26T02:16:00Z,San Francisco Giants,Los Angeles Dodgers,coolbet,h2h,Los Angeles Dodgers,,1.29
2026-09-25T15:14:34Z,scheduled,e47efe97f629cae0287ca6f3ea6d6794,2026-09-26T02:16:00Z,San Francisco Giants,Los Angeles Dodgers,coolbet,h2h,San Francisco Giants,,3.65
2026-09-25T15:14:34Z,scheduled,e47efe97f629cae0287ca6f3ea6d6794,2026-09-26T02:16:00Z,San Francisco Giants,Los Angeles Dodgers,coolbet,spreads,Los Angeles Dodgers,-2.5,1.91
2026-09-25T15:14:34Z,scheduled,e47efe97f629cae0287ca6f3ea6d6794,2026-09-26T02:16:00Z,San Francisco Giants,Los Angeles Dodgers,coolbet,spreads,San Francisco Giants,2.5,1.91
2026-09-25T15:14:34Z,scheduled,e47efe97f629cae0287ca6f3ea6d6794,2026-09-26T02:16:00Z,San Francisco Giants,Los Angeles Dodgers,coolbet,totals,Over,7.5,2.02
2026-09-25T15:14:34Z,scheduled,e47efe97f629cae0287ca6f3ea6d6794,2026-09-26T02:16:00Z,San Francisco Giants,Los Angeles Dodgers,coolbet,totals,Under,7.5,1.8
2026-09-25T15:14:34Z,scheduled,e47efe97f629cae0287ca6f3ea6d6794,2026-09-26T02:16:00Z,San Francisco Giants,Los Angeles Dodgers,betsson,h2h,Los Angeles Dodgers,,1.3
2026-09-25T15:14:34Z,scheduled,e47efe97f629cae0287ca6f3ea6d6794,2026-09-26T02:16:00Z,San Francisco Giants,Los Angeles Dodgers,betsson,h2h,San Francisco Giants,,3.52
2026-09-25T15:14:34Z,scheduled,e47efe97f629cae0287ca6f3ea6d6794,2026-09-26T02:16:00Z,San Francisco Giants,Los Angeles Dodgers,betsson,spreads,Los Angeles Dodgers,-1.5,1.58
2026-09-25T15:14:34Z,scheduled,e47efe97f629cae0287ca6f3ea6d6794,2026-09-26T02:16:00Z,San Francisco Giants,Los Angeles Dodgers,betsson,spreads,San Francisco Giants,1.5,2.32
2026-09-25T15:14:34Z,scheduled,e47efe97f629cae0287ca6f3ea6d6794,2026-09-26T02:16:00Z,San Francisco Giants,Los Angeles Dodgers,betsson,totals,Over,7.5,1.93
2026-09-25T15:14:34Z,scheduled,e47efe97f629cae0287ca6f3ea6d6794,2026-09-26T02:16:00Z,San Francisco Giants,Los Angeles Dodgers,betsson,totals,Under,7.5,1.83
2026-09-25T15:14:34Z,scheduled,e47efe97f629cae0287ca6f3ea6d6794,2026-09-26T02:16:00Z,San Francisco Giants,Los Angeles Dodgers,draftkings,h2h,Los Angeles Dodgers,,1.3
2026-09-25T15:14:34Z,scheduled,e47efe97f629cae0287ca6f3ea6d6794,2026-09-26T02:16:00Z,San Francisco Giants,Los Angeles Dodgers,draftkings,h2h,San Francisco Giants,,3.65
2026-09-25T15:14:34Z,scheduled,e47efe97f629cae0287ca6f3ea6d6794,2026-09-26T02:16:00Z,San Francisco Giants,Los Angeles Dodgers,draftkings,spreads,Los Angeles Dodgers,-1.5,1.56
2026-09-25T15:14:34Z,scheduled,e47efe97f629cae0287ca6f3ea6d6794,2026-09-26T02:16:00Z,San Francisco Giants,Los Angeles Dodgers,draftkings,spreads,San Francisco Giants,1.5,2.48
2026-09-25T15:14:34Z,scheduled,e47efe97f629cae0287ca6f3ea6d6794,2026-09-26T02:16:00Z,San Francisco Giants,Los Angeles Dodgers,draftkings,totals,Over,7.5,2.0
2026-09-25T15:14:34Z,scheduled,e47efe97f629cae0287ca6f3ea6d6794,2026-09-26T02:16:00Z,San Francisco Giants,Los Angeles Dodgers,draftkings,totals,Under,7.5,1.83
2026-09-25T15:14:34Z,scheduled,e47efe97f629cae0287ca6f3ea6d6794,2026-09-26T02:16:00Z,San Francisco Giants,Los Angeles Dodgers,betmgm,h2h,Los Angeles Dodgers,,1.31
2026-09-25T15:14:34Z,scheduled,e47efe97f629cae0287ca6f3ea6d6794,2026-09-26T02:16:00Z,San Francisco Giants,Los Angeles Dodgers,betmgm,h2h,San Francisco Giants,,3.6
2026-09-25T15:14:34Z,scheduled,e47efe97f629cae0287ca6f3ea6d6794,2026-09-26T02:16:00Z,San Francisco Giants,Los Angeles Dodgers,betmgm,spreads,Los Angeles Dodgers,-2.5,1.91
2026-09-25T15:14:34Z,scheduled,e47efe97f629cae0287ca6f3ea6d6794,2026-09-26T02:16:00Z,San Francisco Giants,Los Angeles Dodgers,betmgm,spreads,San Francisco Giants,2.5,1.91
2026-09-25T15:14:34Z,scheduled,e47efe97f629cae0287ca6f3ea6d6794,2026-09-26T02:16:00Z,San Francisco Giants,Los Angeles Dodgers,betmgm,totals,Over,7.5,2.0
2026-09-25T15:14:34Z,scheduled,e47efe97f629cae0287ca6f3ea6d6794,2026-09-26T02:16:00Z,San Francisco Giants,Los Angeles Dodgers,betmgm,totals,Under,7.5,1.83
2026-09-25T15:14:34Z,scheduled,e47efe97f629cae0287ca6f3ea6d6794,2026-09-26T02:16:00Z,San Francisco Giants,Los Angeles Dodgers,betfair_ex_eu,h2h,Los Angeles Dodgers,,1.34
2026-09-25T15:14:34Z,scheduled,e47efe97f629cae0287ca6f3ea6d6794,2026-09-26T02:16:00Z,San Francisco Giants,Los Angeles Dodgers,betfair_ex_eu,h2h,San Francisco Giants,,3.8
2026-09-25T15:14:34Z,scheduled,e47efe97f629cae0287ca6f3ea6d6794,2026-09-26T02:16:00Z,San Francisco Giants,Los Angeles Dodgers,betfair_ex_eu,h2h_lay,Los Angeles Dodgers,,1.36
2026-09-25T15:14:34Z,scheduled,e47efe97f629cae0287ca6f3ea6d6794,2026-09-26T02:16:00Z,San Francisco Giants,Los Angeles Dodgers,betfair_ex_eu,h2h_lay,San Francisco Giants,,3.9
2026-09-25T15:14:34Z,scheduled,e47efe97f629cae0287ca6f3ea6d6794,2026-09-26T02:16:00Z,San Francisco Giants,Los Angeles Dodgers,betrivers,h2h,Los Angeles Dodgers,,1.3
2026-09-25T15:14:34Z,scheduled,e47efe97f629cae0287ca6f3ea6d6794,2026-09-26T02:16:00Z,San Francisco Giants,Los Angeles Dodgers,betrivers,h2h,San Francisco Giants,,3.7
2026-09-25T15:14:34Z,scheduled,e47efe97f629cae0287ca6f3ea6d6794,2026-09-26T02:16:00Z,San Francisco Giants,Los Angeles Dodgers,betrivers,spreads,Los Angeles Dodgers,-1.5,1.56
2026-09-25T15:14:34Z,scheduled,e47efe97f629cae0287ca6f3ea6d6794,2026-09-26T02:16:00Z,San Francisco Giants,Los Angeles Dodgers,betrivers,spreads,San Francisco Giants,1.5,2.45
2026-09-25T15:14:34Z,scheduled,e47efe97f629cae0287ca6f3ea6d6794,2026-09-26T02:16:00Z,San Francisco Giants,Los Angeles Dodgers,betrivers,totals,Over,7.5,2.04
2026-09-25T15:14:34Z,scheduled,e47efe97f629cae0287ca6f3ea6d6794,2026-09-26T02:16:00Z,San Francisco Giants,Los Angeles Dodgers,betrivers,totals,Under,7.5,1.8
2026-09-25T15:14:34Z,scheduled,e47efe97f629cae0287ca6f3ea6d6794,2026-09-26T02:16:00Z,San Francisco Giants,Los Angeles Dodgers,matchbook,h2h,Los Angeles Dodgers,,1.34
2026-09-25T15:14:34Z,scheduled,e47efe97f629cae0287ca6f3ea6d6794,2026-09-26T02:16:00Z,San Francisco Giants,Los Angeles Dodgers,matchbook,h2h,San Francisco Giants,,3.85
2026-09-25T15:14:34Z,scheduled,e47efe97f629cae0287ca6f3ea6d6794,2026-09-26T02:16:00Z,San Francisco Giants,Los Angeles Dodgers,matchbook,h2h_lay,Los Angeles Dodgers,,1.35
2026-09-25T15:14:34Z,scheduled,e47efe97f629cae0287ca6f3ea6d6794,2026-09-26T02:16:00Z,San Francisco Giants,Los Angeles Dodgers,matchbook,h2h_lay,San Francisco Giants,,3.9
2026-09-25T15:14:34Z,scheduled,e47efe97f629cae0287ca6f3ea6d6794,2026-09-26T02:16:00Z,San Francisco Giants,Los Angeles Dodgers,matchbook,spreads,Los Angeles Dodgers,-1.5,1.6
2026-09-25T15:14:34Z,scheduled,e47efe97f629cae0287ca6f3ea6d6794,2026-09-26T02:16:00Z,San Francisco Giants,Los Angeles Dodgers,matchbook,spreads,San Francisco Giants,1.5,2.56
2026-09-25T15:14:34Z,scheduled,e47efe97f629cae0287ca6f3ea6d6794,2026-09-26T02:16:00Z,San Francisco Giants,Los Angeles Dodgers,matchbook,totals,Over,7.5,2.02
2026-09-25T15:14:34Z,scheduled,e47efe97f629cae0287ca6f3ea6d6794,2026-09-26T02:16:00Z,San Francisco Giants,Los Angeles Dodgers,matchbook,totals,Under,7.5,1.88
2026-09-25T15:14:34Z,scheduled,e47efe97f629cae0287ca6f3ea6d6794,2026-09-26T02:16:00Z,San Francisco Giants,Los Angeles Dodgers,pinnacle,h2h,Los Angeles Dodgers,,1.32
2026-09-25T15:14:34Z,scheduled,e47efe97f629cae0287ca6f3ea6d6794,2026-09-26T02:16:00Z,San Francisco Giants,Los Angeles Dodgers,pinnacle,h2h,San Francisco Giants,,3.73
2026-09-25T15:14:34Z,scheduled,e47efe97f629cae0287ca6f3ea6d6794,2026-09-26T02:16:00Z,San Francisco Giants,Los Angeles Dodgers,pinnacle,spreads,Los Angeles Dodgers,-1.5,1.58
2026-09-25T15:14:34Z,scheduled,e47efe97f629cae0287ca6f3ea6d6794,2026-09-26T02:16:00Z,San Francisco Giants,Los Angeles Dodgers,pinnacle,spreads,San Francisco Giants,1.5,2.54
2026-09-25T15:14:34Z,scheduled,e47efe97f629cae0287ca6f3ea6d6794,2026-09-26T02:16:00Z,San Francisco Giants,Los Angeles Dodgers,pinnacle,totals,Over,7.5,2.03
2026-09-25T15:14:34Z,scheduled,e47efe97f629cae0287ca6f3ea6d6794,2026-09-26T02:16:00Z,San Francisco Giants,Los Angeles Dodgers,pinnacle,totals,Under,7.5,1.87
2026-09-25T16:54:18Z,closing,a85710fa5f6fd3a6a40fe17c4907c312,2026-09-25T17:06:00Z,Boston Red Sox,Chicago Cubs,fanduel,h2h,Boston Red Sox,,2.02
2026-09-25T16:54:18Z,closing,a85710fa5f6fd3a6a40fe17c4907c312,2026-09-25T17:06:00Z,Boston Red Sox,Chicago Cubs,fanduel,h2h,Chicago Cubs,,1.83
2026-09-25T16:54:18Z,closing,a85710fa5f6fd3a6a40fe17c4907c312,2026-09-25T17:06:00Z,Boston Red Sox,Chicago Cubs,fanduel,spreads,Boston Red Sox,1.5,1.58
2026-09-25T16:54:18Z,closing,a85710fa5f6fd3a6a40fe17c4907c312,2026-09-25T17:06:00Z,Boston Red Sox,Chicago Cubs,fanduel,spreads,Chicago Cubs,-1.5,2.42
2026-09-25T16:54:18Z,closing,a85710fa5f6fd3a6a40fe17c4907c312,2026-09-25T17:06:00Z,Boston Red Sox,Chicago Cubs,fanduel,totals,Over,6.5,1.91
2026-09-25T16:54:18Z,closing,a85710fa5f6fd3a6a40fe17c4907c312,2026-09-25T17:06:00Z,Boston Red Sox,Chicago Cubs,fanduel,totals,Under,6.5,1.91
2026-09-25T16:54:18Z,closing,a85710fa5f6fd3a6a40fe17c4907c312,2026-09-25T17:06:00Z,Boston Red Sox,Chicago Cubs,betsson,h2h,Boston Red Sox,,2.02
2026-09-25T16:54:18Z,closing,a85710fa5f6fd3a6a40fe17c4907c312,2026-09-25T17:06:00Z,Boston Red Sox,Chicago Cubs,betsson,h2h,Chicago Cubs,,1.79
2026-09-25T16:54:18Z,closing,a85710fa5f6fd3a6a40fe17c4907c312,2026-09-25T17:06:00Z,Boston Red Sox,Chicago Cubs,betsson,spreads,Boston Red Sox,1.5,1.54
2026-09-25T16:54:18Z,closing,a85710fa5f6fd3a6a40fe17c4907c312,2026-09-25T17:06:00Z,Boston Red Sox,Chicago Cubs,betsson,spreads,Chicago Cubs,-1.5,2.42
2026-09-25T16:54:18Z,closing,a85710fa5f6fd3a6a40fe17c4907c312,2026-09-25T17:06:00Z,Boston Red Sox,Chicago Cubs,betsson,totals,Over,6.5,1.83
2026-09-25T16:54:18Z,closing,a85710fa5f6fd3a6a40fe17c4907c312,2026-09-25T17:06:00Z,Boston Red Sox,Chicago Cubs,betsson,totals,Under,6.5,1.93
2026-09-25T16:54:18Z,closing,a85710fa5f6fd3a6a40fe17c4907c312,2026-09-25T17:06:00Z,Boston Red Sox,Chicago Cubs,coolbet,h2h,Boston Red Sox,,2.02
2026-09-25T16:54:18Z,closing,a85710fa5f6fd3a6a40fe17c4907c312,2026-09-25T17:06:00Z,Boston Red Sox,Chicago Cubs,coolbet,h2h,Chicago Cubs,,1.8
2026-09-25T16:54:18Z,closing,a85710fa5f6fd3a6a40fe17c4907c312,2026-09-25T17:06:00Z,Boston Red Sox,Chicago Cubs,coolbet,spreads,Boston Red Sox,1.5,1.57
2026-09-25T16:54:18Z,closing,a85710fa5f6fd3a6a40fe17c4907c312,2026-09-25T17:06:00Z,Boston Red Sox,Chicago Cubs,coolbet,spreads,Chicago Cubs,-1.5,2.42
2026-09-25T16:54:18Z,closing,a85710fa5f6fd3a6a40fe17c4907c312,2026-09-25T17:06:00Z,Boston Red Sox,Chicago Cubs,coolbet,totals,Over,6.5,1.92
2026-09-25T16:54:18Z,closing,a85710fa5f6fd3a6a40fe17c4907c312,2026-09-25T17:06:00Z,Boston Red Sox,Chicago Cubs,coolbet,totals,Under,6.5,1.89
2026-09-25T16:54:18Z,closing,a85710fa5f6fd3a6a40fe17c4907c312,2026-09-25T17:06:00Z,Boston Red Sox,Chicago Cubs,betmgm,h2h,Boston Red Sox,,2.0
2026-09-25T16:54:18Z,closing,a85710fa5f6fd3a6a40fe17c4907c312,2026-09-25T17:06:00Z,Boston Red Sox,Chicago Cubs,betmgm,h2h,Chicago Cubs,,1.83
2026-09-25T16:54:18Z,closing,a85710fa5f6fd3a6a40fe17c4907c312,2026-09-25T17:06:00Z,Boston Red Sox,Chicago Cubs,betmgm,spreads,Boston Red Sox,1.5,1.59
2026-09-25T16:54:18Z,closing,a85710fa5f6fd3a6a40fe17c4907c312,2026-09-25T17:06:00Z,Boston Red Sox,Chicago Cubs,betmgm,spreads,Chicago Cubs,-1.5,2.4
2026-09-25T16:54:18Z,closing,a85710fa5f6fd3a6a40fe17c4907c312,2026-09-25T17:06:00Z,Boston Red Sox,Chicago Cubs,betmgm,totals,Over,6.5,1.91
2026-09-25T16:54:18Z,closing,a85710fa5f6fd3a6a40fe17c4907c312,2026-09-25T17:06:00Z,Boston Red Sox,Chicago Cubs,betmgm,totals,Under,6.5,1.91
2026-09-25T16:54:18Z,closing,a85710fa5f6fd3a6a40fe17c4907c312,2026-09-25T17:06:00Z,Boston Red Sox,Chicago Cubs,draftkings,h2h,Boston Red Sox,,2.02
2026-09-25T16:54:18Z,closing,a85710fa5f6fd3a6a40fe17c4907c312,2026-09-25T17:06:00Z,Boston Red Sox,Chicago Cubs,draftkings,h2h,Chicago Cubs,,1.81
2026-09-25T16:54:18Z,closing,a85710fa5f6fd3a6a40fe17c4907c312,2026-09-25T17:06:00Z,Boston Red Sox,Chicago Cubs,draftkings,spreads,Boston Red Sox,1.5,1.59
2026-09-25T16:54:18Z,closing,a85710fa5f6fd3a6a40fe17c4907c312,2026-09-25T17:06:00Z,Boston Red Sox,Chicago Cubs,draftkings,spreads,Chicago Cubs,-1.5,2.4
2026-09-25T16:54:18Z,closing,a85710fa5f6fd3a6a40fe17c4907c312,2026-09-25T17:06:00Z,Boston Red Sox,Chicago Cubs,draftkings,totals,Over,6.5,1.89
2026-09-25T16:54:18Z,closing,a85710fa5f6fd3a6a40fe17c4907c312,2026-09-25T17:06:00Z,Boston Red Sox,Chicago Cubs,draftkings,totals,Under,6.5,1.93
2026-09-25T16:54:18Z,closing,a85710fa5f6fd3a6a40fe17c4907c312,2026-09-25T17:06:00Z,Boston Red Sox,Chicago Cubs,matchbook,h2h,Boston Red Sox,,2.1
2026-09-25T16:54:18Z,closing,a85710fa5f6fd3a6a40fe17c4907c312,2026-09-25T17:06:00Z,Boston Red Sox,Chicago Cubs,matchbook,h2h,Chicago Cubs,,1.88
2026-09-25T16:54:18Z,closing,a85710fa5f6fd3a6a40fe17c4907c312,2026-09-25T17:06:00Z,Boston Red Sox,Chicago Cubs,matchbook,h2h_lay,Boston Red Sox,,2.14
2026-09-25T16:54:18Z,closing,a85710fa5f6fd3a6a40fe17c4907c312,2026-09-25T17:06:00Z,Boston Red Sox,Chicago Cubs,matchbook,h2h_lay,Chicago Cubs,,1.9
2026-09-25T16:54:18Z,closing,a85710fa5f6fd3a6a40fe17c4907c312,2026-09-25T17:06:00Z,Boston Red Sox,Chicago Cubs,matchbook,spreads,Boston Red Sox,1.5,1.61
2026-09-25T16:54:18Z,closing,a85710fa5f6fd3a6a40fe17c4907c312,2026-09-25T17:06:00Z,Boston Red Sox,Chicago Cubs,matchbook,spreads,Chicago Cubs,-1.5,2.48
2026-09-25T16:54:18Z,closing,a85710fa5f6fd3a6a40fe17c4907c312,2026-09-25T17:06:00Z,Boston Red Sox,Chicago Cubs,matchbook,totals,Over,6.5,1.92
2026-09-25T16:54:18Z,closing,a85710fa5f6fd3a6a40fe17c4907c312,2026-09-25T17:06:00Z,Boston Red Sox,Chicago Cubs,matchbook,totals,Under,6.5,2.0
2026-09-25T16:54:18Z,closing,a85710fa5f6fd3a6a40fe17c4907c312,2026-09-25T17:06:00Z,Boston Red Sox,Chicago Cubs,betrivers,h2h,Boston Red Sox,,2.05
2026-09-25T16:54:18Z,closing,a85710fa5f6fd3a6a40fe17c4907c312,2026-09-25T17:06:00Z,Boston Red Sox,Chicago Cubs,betrivers,h2h,Chicago Cubs,,1.81
2026-09-25T16:54:18Z,closing,a85710fa5f6fd3a6a40fe17c4907c312,2026-09-25T17:06:00Z,Boston Red Sox,Chicago Cubs,betrivers,spreads,Boston Red Sox,1.5,1.6
2026-09-25T16:54:18Z,closing,a85710fa5f6fd3a6a40fe17c4907c312,2026-09-25T17:06:00Z,Boston Red Sox,Chicago Cubs,betrivers,spreads,Chicago Cubs,-1.5,2.38
2026-09-25T16:54:18Z,closing,a85710fa5f6fd3a6a40fe17c4907c312,2026-09-25T17:06:00Z,Boston Red Sox,Chicago Cubs,betrivers,totals,Over,6.5,1.91
2026-09-25T16:54:18Z,closing,a85710fa5f6fd3a6a40fe17c4907c312,2026-09-25T17:06:00Z,Boston Red Sox,Chicago Cubs,betrivers,totals,Under,6.5,1.89
2026-09-25T16:54:18Z,closing,a85710fa5f6fd3a6a40fe17c4907c312,2026-09-25T17:06:00Z,Boston Red Sox,Chicago Cubs,betfair_ex_eu,h2h,Boston Red Sox,,2.1
2026-09-25T16:54:18Z,closing,a85710fa5f6fd3a6a40fe17c4907c312,2026-09-25T17:06:00Z,Boston Red Sox,Chicago Cubs,betfair_ex_eu,h2h,Chicago Cubs,,1.88
2026-09-25T16:54:18Z,closing,a85710fa5f6fd3a6a40fe17c4907c312,2026-09-25T17:06:00Z,Boston Red Sox,Chicago Cubs,betfair_ex_eu,h2h_lay,Boston Red Sox,,2.14
2026-09-25T16:54:18Z,closing,a85710fa5f6fd3a6a40fe17c4907c312,2026-09-25T17:06:00Z,Boston Red Sox,Chicago Cubs,betfair_ex_eu,h2h_lay,Chicago Cubs,,1.9
2026-09-25T16:54:18Z,closing,a85710fa5f6fd3a6a40fe17c4907c312,2026-09-25T17:06:00Z,Boston Red Sox,Chicago Cubs,pinnacle,h2h,Boston Red Sox,,2.09
2026-09-25T16:54:18Z,closing,a85710fa5f6fd3a6a40fe17c4907c312,2026-09-25T17:06:00Z,Boston Red Sox,Chicago Cubs,pinnacle,h2h,Chicago Cubs,,1.84
2026-09-25T16:54:18Z,closing,a85710fa5f6fd3a6a40fe17c4907c312,2026-09-25T17:06:00Z,Boston Red Sox,Chicago Cubs,pinnacle,spreads,Boston Red Sox,1.5,1.63
2026-09-25T16:54:18Z,closing,a85710fa5f6fd3a6a40fe17c4907c312,2026-09-25T17:06:00Z,Boston Red Sox,Chicago Cubs,pinnacle,spreads,Chicago Cubs,-1.5,2.43
2026-09-25T16:54:18Z,closing,a85710fa5f6fd3a6a40fe17c4907c312,2026-09-25T17:06:00Z,Boston Red Sox,Chicago Cubs,pinnacle,totals,Over,6.5,1.91
2026-09-25T16:54:18Z,closing,a85710fa5f6fd3a6a40fe17c4907c312,2026-09-25T17:06:00Z,Boston Red Sox,Chicago Cubs,pinnacle,totals,Under,6.5,1.98
2026-09-25T16:54:18Z,closing,a85710fa5f6fd3a6a40fe17c4907c312,2026-09-25T17:06:00Z,Boston Red Sox,Chicago Cubs,fanduel,alternate_spreads,Boston Red Sox,-8.5,18.0
2026-09-25T16:54:18Z,closing,a85710fa5f6fd3a6a40fe17c4907c312,2026-09-25T17:06:00Z,Boston Red Sox,Chicago Cubs,fanduel,alternate_spreads,Boston Red Sox,-7.5,16.0
2026-09-25T16:54:18Z,closing,a85710fa5f6fd3a6a40fe17c4907c312,2026-09-25T17:06:00Z,Boston Red Sox,Chicago Cubs,fanduel,alternate_spreads,Boston Red Sox,-6.5,14.0
2026-09-25T16:54:18Z,closing,a85710fa5f6fd3a6a40fe17c4907c312,2026-09-25T17:06:00Z,Boston Red Sox,Chicago Cubs,fanduel,alternate_spreads,Boston Red Sox,-5.5,11.6
2026-09-25T16:54:18Z,closing,a85710fa5f6fd3a6a40fe17c4907c312,2026-09-25T17:06:00Z,Boston Red Sox,Chicago Cubs,fanduel,alternate_spreads,Boston Red Sox,-4.5,9.0
2026-09-25T16:54:18Z,closing,a85710fa5f6fd3a6a40fe17c4907c312,2026-09-25T17:06:00Z,Boston Red Sox,Chicago Cubs,fanduel,alternate_spreads,Boston Red Sox,-3.5,6.4
2026-09-25T16:54:18Z,closing,a85710fa5f6fd3a6a40fe17c4907c312,2026-09-25T17:06:00Z,Boston Red Sox,Chicago Cubs,fanduel,alternate_spreads,Boston Red Sox,-2.5,4.5
2026-09-25T16:54:18Z,closing,a85710fa5f6fd3a6a40fe17c4907c312,2026-09-25T17:06:00Z,Boston Red Sox,Chicago Cubs,fanduel,alternate_spreads,Boston Red Sox,-1.5,3.2
2026-09-25T16:54:18Z,closing,a85710fa5f6fd3a6a40fe17c4907c312,2026-09-25T17:06:00Z,Boston Red Sox,Chicago Cubs,fanduel,alternate_spreads,Boston Red Sox,1.5,1.56
2026-09-25T16:54:18Z,closing,a85710fa5f6fd3a6a40fe17c4907c312,2026-09-25T17:06:00Z,Boston Red Sox,Chicago Cubs,fanduel,alternate_spreads,Boston Red Sox,2.5,1.31
2026-09-25T16:54:18Z,closing,a85710fa5f6fd3a6a40fe17c4907c312,2026-09-25T17:06:00Z,Boston Red Sox,Chicago Cubs,fanduel,alternate_spreads,Boston Red Sox,3.5,1.19
2026-09-25T16:54:18Z,closing,a85710fa5f6fd3a6a40fe17c4907c312,2026-09-25T17:06:00Z,Boston Red Sox,Chicago Cubs,fanduel,alternate_spreads,Boston Red Sox,4.5,1.11
2026-09-25T16:54:18Z,closing,a85710fa5f6fd3a6a40fe17c4907c312,2026-09-25T17:06:00Z,Boston Red Sox,Chicago Cubs,fanduel,alternate_spreads,Boston Red Sox,5.5,1.06
2026-09-25T16:54:18Z,closing,a85710fa5f6fd3a6a40fe17c4907c312,2026-09-25T17:06:00Z,Boston Red Sox,Chicago Cubs,fanduel,alternate_spreads,Boston Red Sox,6.5,1.03
2026-09-25T16:54:18Z,closing,a85710fa5f6fd3a6a40fe17c4907c312,2026-09-25T17:06:00Z,Boston Red Sox,Chicago Cubs,fanduel,alternate_spreads,Boston Red Sox,7.5,1.02
2026-09-25T16:54:18Z,closing,a85710fa5f6fd3a6a40fe17c4907c312,2026-09-25T17:06:00Z,Boston Red Sox,Chicago Cubs,fanduel,alternate_spreads,Chicago Cubs,5.5,1.03
2026-09-25T16:54:18Z,closing,a85710fa5f6fd3a6a40fe17c4907c312,2026-09-25T17:06:00Z,Boston Red Sox,Chicago Cubs,fanduel,alternate_spreads,Chicago Cubs,4.5,1.06
2026-09-25T16:54:18Z,closing,a85710fa5f6fd3a6a40fe17c4907c312,2026-09-25T17:06:00Z,Boston Red Sox,Chicago Cubs,fanduel,alternate_spreads,Chicago Cubs,3.5,1.11
2026-09-25T16:54:18Z,closing,a85710fa5f6fd3a6a40fe17c4907c312,2026-09-25T17:06:00Z,Boston Red Sox,Chicago Cubs,fanduel,alternate_spreads,Chicago Cubs,2.5,1.19
2026-09-25T16:54:18Z,closing,a85710fa5f6fd3a6a40fe17c4907c312,2026-09-25T17:06:00Z,Boston Red Sox,Chicago Cubs,fanduel,alternate_spreads,Chicago Cubs,1.5,1.34
2026-09-25T16:54:18Z,closing,a85710fa5f6fd3a6a40fe17c4907c312,2026-09-25T17:06:00Z,Boston Red Sox,Chicago Cubs,fanduel,alternate_spreads,Chicago Cubs,-1.5,2.4
2026-09-25T16:54:18Z,closing,a85710fa5f6fd3a6a40fe17c4907c312,2026-09-25T17:06:00Z,Boston Red Sox,Chicago Cubs,fanduel,alternate_spreads,Chicago Cubs,-2.5,3.35
2026-09-25T16:54:18Z,closing,a85710fa5f6fd3a6a40fe17c4907c312,2026-09-25T17:06:00Z,Boston Red Sox,Chicago Cubs,fanduel,alternate_spreads,Chicago Cubs,-3.5,4.6
2026-09-25T16:54:18Z,closing,a85710fa5f6fd3a6a40fe17c4907c312,2026-09-25T17:06:00Z,Boston Red Sox,Chicago Cubs,fanduel,alternate_spreads,Chicago Cubs,-4.5,6.2
2026-09-25T16:54:18Z,closing,a85710fa5f6fd3a6a40fe17c4907c312,2026-09-25T17:06:00Z,Boston Red Sox,Chicago Cubs,fanduel,alternate_spreads,Chicago Cubs,-5.5,8.5
2026-09-25T16:54:18Z,closing,a85710fa5f6fd3a6a40fe17c4907c312,2026-09-25T17:06:00Z,Boston Red Sox,Chicago Cubs,fanduel,alternate_spreads,Chicago Cubs,-6.5,11.0
2026-09-25T16:54:18Z,closing,a85710fa5f6fd3a6a40fe17c4907c312,2026-09-25T17:06:00Z,Boston Red Sox,Chicago Cubs,fanduel,alternate_spreads,Chicago Cubs,-7.5,13.0
2026-09-25T16:54:18Z,closing,a85710fa5f6fd3a6a40fe17c4907c312,2026-09-25T17:06:00Z,Boston Red Sox,Chicago Cubs,fanduel,alternate_spreads,Chicago Cubs,-8.5,15.0
2026-09-25T16:54:18Z,closing,a85710fa5f6fd3a6a40fe17c4907c312,2026-09-25T17:06:00Z,Boston Red Sox,Chicago Cubs,fanduel,alternate_totals,Over,2.5,1.05
2026-09-25T16:54:18Z,closing,a85710fa5f6fd3a6a40fe17c4907c312,2026-09-25T17:06:00Z,Boston Red Sox,Chicago Cubs,fanduel,alternate_totals,Over,3.5,1.19
2026-09-25T16:54:18Z,closing,a85710fa5f6fd3a6a40fe17c4907c312,2026-09-25T17:06:00Z,Boston Red Sox,Chicago Cubs,fanduel,alternate_totals,Over,4.5,1.3
2026-09-25T16:54:18Z,closing,a85710fa5f6fd3a6a40fe17c4907c312,2026-09-25T17:06:00Z,Boston Red Sox,Chicago Cubs,fanduel,alternate_totals,Over,5.5,1.61
2026-09-25T16:54:18Z,closing,a85710fa5f6fd3a6a40fe17c4907c312,2026-09-25T17:06:00Z,Boston Red Sox,Chicago Cubs,fanduel,alternate_totals,Over,6.5,1.88
2026-09-25T16:54:18Z,closing,a85710fa5f6fd3a6a40fe17c4907c312,2026-09-25T17:06:00Z,Boston Red Sox,Chicago Cubs,fanduel,alternate_totals,Over,7.5,2.52
2026-09-25T16:54:18Z,closing,a85710fa5f6fd3a6a40fe17c4907c312,2026-09-25T17:06:00Z,Boston Red Sox,Chicago Cubs,fanduel,alternate_totals,Over,8.5,3.15
2026-09-25T16:54:18Z,closing,a85710fa5f6fd3a6a40fe17c4907c312,2026-09-25T17:06:00Z,Boston Red Sox,Chicago Cubs,fanduel,alternate_totals,Over,9.5,4.3
2026-09-25T16:54:18Z,closing,a85710fa5f6fd3a6a40fe17c4907c312,2026-09-25T17:06:00Z,Boston Red Sox,Chicago Cubs,fanduel,alternate_totals,Over,10.5,5.5
2026-09-25T16:54:18Z,closing,a85710fa5f6fd3a6a40fe17c4907c312,2026-09-25T17:06:00Z,Boston Red Sox,Chicago Cubs,fanduel,alternate_totals,Over,11.5,7.8
2026-09-25T16:54:18Z,closing,a85710fa5f6fd3a6a40fe17c4907c312,2026-09-25T17:06:00Z,Boston Red Sox,Chicago Cubs,fanduel,alternate_totals,Over,12.5,9.7
2026-09-25T16:54:18Z,closing,a85710fa5f6fd3a6a40fe17c4907c312,2026-09-25T17:06:00Z,Boston Red Sox,Chicago Cubs,fanduel,alternate_totals,Over,13.5,13.0
2026-09-25T16:54:18Z,closing,a85710fa5f6fd3a6a40fe17c4907c312,2026-09-25T17:06:00Z,Boston Red Sox,Chicago Cubs,fanduel,alternate_totals,Over,14.5,16.0
2026-09-25T16:54:18Z,closing,a85710fa5f6fd3a6a40fe17c4907c312,2026-09-25T17:06:00Z,Boston Red Sox,Chicago Cubs,fanduel,alternate_totals,Under,1.5,15.0
2026-09-25T16:54:18Z,closing,a85710fa5f6fd3a6a40fe17c4907c312,2026-09-25T17:06:00Z,Boston Red Sox,Chicago Cubs,fanduel,alternate_totals,Under,2.5,9.7
2026-09-25T16:54:18Z,closing,a85710fa5f6fd3a6a40fe17c4907c312,2026-09-25T17:06:00Z,Boston Red Sox,Chicago Cubs,fanduel,alternate_totals,Under,3.5,4.6
2026-09-25T16:54:18Z,closing,a85710fa5f6fd3a6a40fe17c4907c312,2026-09-25T17:06:00Z,Boston Red Sox,Chicago Cubs,fanduel,alternate_totals,Under,4.5,3.4
2026-09-25T16:54:18Z,closing,a85710fa5f6fd3a6a40fe17c4907c312,2026-09-25T17:06:00Z,Boston Red Sox,Chicago Cubs,fanduel,alternate_totals,Under,5.5,2.28
2026-09-25T16:54:18Z,closing,a85710fa5f6fd3a6a40fe17c4907c312,2026-09-25T17:06:00Z,Boston Red Sox,Chicago Cubs,fanduel,alternate_totals,Under,6.5,1.88
2026-09-25T16:54:18Z,closing,a85710fa5f6fd3a6a40fe17c4907c312,2026-09-25T17:06:00Z,Boston Red Sox,Chicago Cubs,fanduel,alternate_totals,Under,7.5,1.51
2026-09-25T16:54:18Z,closing,a85710fa5f6fd3a6a40fe17c4907c312,2026-09-25T17:06:00Z,Boston Red Sox,Chicago Cubs,fanduel,alternate_totals,Under,8.5,1.34
2026-09-25T16:54:18Z,closing,a85710fa5f6fd3a6a40fe17c4907c312,2026-09-25T17:06:00Z,Boston Red Sox,Chicago Cubs,fanduel,alternate_totals,Under,9.5,1.21
2026-09-25T16:54:18Z,closing,a85710fa5f6fd3a6a40fe17c4907c312,2026-09-25T17:06:00Z,Boston Red Sox,Chicago Cubs,fanduel,alternate_totals,Under,10.5,1.14
2026-09-25T16:54:18Z,closing,a85710fa5f6fd3a6a40fe17c4907c312,2026-09-25T17:06:00Z,Boston Red Sox,Chicago Cubs,fanduel,alternate_totals,Under,11.5,1.07
2026-09-25T16:54:18Z,closing,a85710fa5f6fd3a6a40fe17c4907c312,2026-09-25T17:06:00Z,Boston Red Sox,Chicago Cubs,fanduel,alternate_totals,Under,12.5,1.04
2026-09-25T16:54:18Z,closing,a85710fa5f6fd3a6a40fe17c4907c312,2026-09-25T17:06:00Z,Boston Red Sox,Chicago Cubs,fanduel,alternate_totals,Under,13.5,1.02
2026-09-25T16:54:18Z,closing,a85710fa5f6fd3a6a40fe17c4907c312,2026-09-25T17:06:00Z,Boston Red Sox,Chicago Cubs,coolbet,alternate_spreads,Boston Red Sox,3.5,1.21
2026-09-25T16:54:18Z,closing,a85710fa5f6fd3a6a40fe17c4907c312,2026-09-25T17:06:00Z,Boston Red Sox,Chicago Cubs,coolbet,alternate_spreads,Boston Red Sox,-2.5,4.5
2026-09-25T16:54:18Z,closing,a85710fa5f6fd3a6a40fe17c4907c312,2026-09-25T17:06:00Z,Boston Red Sox,Chicago Cubs,coolbet,alternate_spreads,Boston Red Sox,-1.5,3.2
2026-09-25T16:54:18Z,closing,a85710fa5f6fd3a6a40fe17c4907c312,2026-09-25T17:06:00Z,Boston Red Sox,Chicago Cubs,coolbet,alternate_spreads,Boston Red Sox,2.5,1.35
2026-09-25T16:54:18Z,closing,a85710fa5f6fd3a6a40fe17c4907c312,2026-09-25T17:06:00Z,Boston Red Sox,Chicago Cubs,coolbet,alternate_spreads,Boston Red Sox,1.5,1.57
2026-09-25T16:54:18Z,closing,a85710fa5f6fd3a6a40fe17c4907c312,2026-09-25T17:06:00Z,Boston Red Sox,Chicago Cubs,coolbet,alternate_spreads,Chicago Cubs,-3.5,4.5
2026-09-25T16:54:18Z,closing,a85710fa5f6fd3a6a40fe17c4907c312,2026-09-25T17:06:00Z,Boston Red Sox,Chicago Cubs,coolbet,alternate_spreads,Chicago Cubs,2.5,1.21
2026-09-25T16:54:18Z,closing,a85710fa5f6fd3a6a40fe17c4907c312,2026-09-25T17:06:00Z,Boston Red Sox,Chicago Cubs,coolbet,alternate_spreads,Chicago Cubs,1.5,1.35
2026-09-25T16:54:18Z,closing,a85710fa5f6fd3a6a40fe17c4907c312,2026-09-25T17:06:00Z,Boston Red Sox,Chicago Cubs,coolbet,alternate_spreads,Chicago Cubs,-2.5,3.2
2026-09-25T16:54:18Z,closing,a85710fa5f6fd3a6a40fe17c4907c312,2026-09-25T17:06:00Z,Boston Red Sox,Chicago Cubs,coolbet,alternate_spreads,Chicago Cubs,-1.5,2.42
2026-09-25T16:54:18Z,closing,a85710fa5f6fd3a6a40fe17c4907c312,2026-09-25T17:06:00Z,Boston Red Sox,Chicago Cubs,coolbet,alternate_totals,Over,5.5,1.65
2026-09-25T16:54:18Z,closing,a85710fa5f6fd3a6a40fe17c4907c312,2026-09-25T17:06:00Z,Boston Red Sox,Chicago Cubs,coolbet,alternate_totals,Over,6.5,1.92
2026-09-25T16:54:18Z,closing,a85710fa5f6fd3a6a40fe17c4907c312,2026-09-25T17:06:00Z,Boston Red Sox,Chicago Cubs,coolbet,alternate_totals,Over,7.0,2.2
2026-09-25T16:54:18Z,closing,a85710fa5f6fd3a6a40fe17c4907c312,2026-09-25T17:06:00Z,Boston Red Sox,Chicago Cubs,coolbet,alternate_totals,Over,5.0,1.44
2026-09-25T16:54:18Z,closing,a85710fa5f6fd3a6a40fe17c4907c312,2026-09-25T17:06:00Z,Boston Red Sox,Chicago Cubs,coolbet,alternate_totals,Over,6.0,1.76
2026-09-25T16:54:18Z,closing,a85710fa5f6fd3a6a40fe17c4907c312,2026-09-25T17:06:00Z,Boston Red Sox,Chicago Cubs,coolbet,alternate_totals,Over,7.5,2.47
2026-09-25T16:54:18Z,closing,a85710fa5f6fd3a6a40fe17c4907c312,2026-09-25T17:06:00Z,Boston Red Sox,Chicago Cubs,coolbet,alternate_totals,Over,8.0,2.8
2026-09-25T16:54:18Z,closing,a85710fa5f6fd3a6a40fe17c4907c312,2026-09-25T17:06:00Z,Boston Red Sox,Chicago Cubs,coolbet,alternate_totals,Under,5.5,2.25
2026-09-25T16:54:18Z,closing,a85710fa5f6fd3a6a40fe17c4907c312,2026-09-25T17:06:00Z,Boston Red Sox,Chicago Cubs,coolbet,alternate_totals,Under,6.5,1.89
2026-09-25T16:54:18Z,closing,a85710fa5f6fd3a6a40fe17c4907c312,2026-09-25T17:06:00Z,Boston Red Sox,Chicago Cubs,coolbet,alternate_totals,Under,7.0,1.68
2026-09-25T16:54:18Z,closing,a85710fa5f6fd3a6a40fe17c4907c312,2026-09-25T17:06:00Z,Boston Red Sox,Chicago Cubs,coolbet,alternate_totals,Under,5.0,2.8
2026-09-25T16:54:18Z,closing,a85710fa5f6fd3a6a40fe17c4907c312,2026-09-25T17:06:00Z,Boston Red Sox,Chicago Cubs,coolbet,alternate_totals,Under,6.0,2.08
2026-09-25T16:54:18Z,closing,a85710fa5f6fd3a6a40fe17c4907c312,2026-09-25T17:06:00Z,Boston Red Sox,Chicago Cubs,coolbet,alternate_totals,Under,7.5,1.55
2026-09-25T16:54:18Z,closing,a85710fa5f6fd3a6a40fe17c4907c312,2026-09-25T17:06:00Z,Boston Red Sox,Chicago Cubs,coolbet,alternate_totals,Under,8.0,1.44
2026-09-25T16:54:18Z,closing,a85710fa5f6fd3a6a40fe17c4907c312,2026-09-25T17:06:00Z,Boston Red Sox,Chicago Cubs,betmgm,alternate_spreads,Boston Red Sox,-2.5,4.6
2026-09-25T16:54:18Z,closing,a85710fa5f6fd3a6a40fe17c4907c312,2026-09-25T17:06:00Z,Boston Red Sox,Chicago Cubs,betmgm,alternate_spreads,Boston Red Sox,-1.5,3.1
2026-09-25T16:54:18Z,closing,a85710fa5f6fd3a6a40fe17c4907c312,2026-09-25T17:06:00Z,Boston Red Sox,Chicago Cubs,betmgm,alternate_spreads,Boston Red Sox,1.5,1.59
2026-09-25T16:54:18Z,closing,a85710fa5f6fd3a6a40fe17c4907c312,2026-09-25T17:06:00Z,Boston Red Sox,Chicago Cubs,betmgm,alternate_spreads,Boston Red Sox,2.5,1.36
2026-09-25T16:54:18Z,closing,a85710fa5f6fd3a6a40fe17c4907c312,2026-09-25T17:06:00Z,Boston Red Sox,Chicago Cubs,betmgm,alternate_spreads,Boston Red Sox,3.5,1.25
2026-09-25T16:54:18Z,closing,a85710fa5f6fd3a6a40fe17c4907c312,2026-09-25T17:06:00Z,Boston Red Sox,Chicago Cubs,betmgm,alternate_spreads,Boston Red Sox,-3.5,6.5
2026-09-25T16:54:18Z,closing,a85710fa5f6fd3a6a40fe17c4907c312,2026-09-25T17:06:00Z,Boston Red Sox,Chicago Cubs,betmgm,alternate_spreads,Chicago Cubs,2.5,1.18
2026-09-25T16:54:18Z,closing,a85710fa5f6fd3a6a40fe17c4907c312,2026-09-25T17:06:00Z,Boston Red Sox,Chicago Cubs,betmgm,alternate_spreads,Chicago Cubs,1.5,1.34
2026-09-25T16:54:18Z,closing,a85710fa5f6fd3a6a40fe17c4907c312,2026-09-25T17:06:00Z,Boston Red Sox,Chicago Cubs,betmgm,alternate_spreads,Chicago Cubs,-1.5,2.4
2026-09-25T16:54:18Z,closing,a85710fa5f6fd3a6a40fe17c4907c312,2026-09-25T17:06:00Z,Boston Red Sox,Chicago Cubs,betmgm,alternate_spreads,Chicago Cubs,-2.5,3.0
2026-09-25T16:54:18Z,closing,a85710fa5f6fd3a6a40fe17c4907c312,2026-09-25T17:06:00Z,Boston Red Sox,Chicago Cubs,betmgm,alternate_spreads,Chicago Cubs,-3.5,3.8
2026-09-25T16:54:18Z,closing,a85710fa5f6fd3a6a40fe17c4907c312,2026-09-25T17:06:00Z,Boston Red Sox,Chicago Cubs,betmgm,alternate_spreads,Chicago Cubs,3.5,1.1
2026-09-25T16:54:18Z,closing,a85710fa5f6fd3a6a40fe17c4907c312,2026-09-25T17:06:00Z,Boston Red Sox,Chicago Cubs,betmgm,alternate_totals,Over,3.5,1.17
2026-09-25T16:54:18Z,closing,a85710fa5f6fd3a6a40fe17c4907c312,2026-09-25T17:06:00Z,Boston Red Sox,Chicago Cubs,betmgm,alternate_totals,Over,4.0,1.19
2026-09-25T16:54:18Z,closing,a85710fa5f6fd3a6a40fe17c4907c312,2026-09-25T17:06:00Z,Boston Red Sox,Chicago Cubs,betmgm,alternate_totals,Over,4.5,1.29
2026-09-25T16:54:18Z,closing,a85710fa5f6fd3a6a40fe17c4907c312,2026-09-25T17:06:00Z,Boston Red Sox,Chicago Cubs,betmgm,alternate_totals,Over,5.0,1.36
2026-09-25T16:54:18Z,closing,a85710fa5f6fd3a6a40fe17c4907c312,2026-09-25T17:06:00Z,Boston Red Sox,Chicago Cubs,betmgm,alternate_totals,Over,5.5,1.59
2026-09-25T16:54:18Z,closing,a85710fa5f6fd3a6a40fe17c4907c312,2026-09-25T17:06:00Z,Boston Red Sox,Chicago Cubs,betmgm,alternate_totals,Over,6.0,1.69
2026-09-25T16:54:18Z,closing,a85710fa5f6fd3a6a40fe17c4907c312,2026-09-25T17:06:00Z,Boston Red Sox,Chicago Cubs,betmgm,alternate_totals,Over,6.5,1.91
2026-09-25T16:54:18Z,closing,a85710fa5f6fd3a6a40fe17c4907c312,2026-09-25T17:06:00Z,Boston Red Sox,Chicago Cubs,betmgm,alternate_totals,Over,7.0,2.18
2026-09-25T16:54:18Z,closing,a85710fa5f6fd3a6a40fe17c4907c312,2026-09-25T17:06:00Z,Boston Red Sox,Chicago Cubs,betmgm,alternate_totals,Over,7.5,2.5
2026-09-25T16:54:18Z,closing,a85710fa5f6fd3a6a40fe17c4907c312,2026-09-25T17:06:00Z,Boston Red Sox,Chicago Cubs,betmgm,alternate_totals,Over,8.0,2.85
2026-09-25T16:54:18Z,closing,a85710fa5f6fd3a6a40fe17c4907c312,2026-09-25T17:06:00Z,Boston Red Sox,Chicago Cubs,betmgm,alternate_totals,Over,8.5,3.1
2026-09-25T16:54:18Z,closing,a85710fa5f6fd3a6a40fe17c4907c312,2026-09-25T17:06:00Z,Boston Red Sox,Chicago Cubs,betmgm,alternate_totals,Over,9.0,3.8
2026-09-25T16:54:18Z,closing,a85710fa5f6fd3a6a40fe17c4907c312,2026-09-25T17:06:00Z,Boston Red Sox,Chicago Cubs,betmgm,alternate_totals,Over,9.5,4.1
2026-09-25T16:54:18Z,closing,a85710fa5f6fd3a6a40fe17c4907c312,2026-09-25T17:06:00Z,Boston Red Sox,Chicago Cubs,betmgm,alternate_totals,Over,10.0,5.0
2026-09-25T16:54:18Z,closing,a85710fa5f6fd3a6a40fe17c4907c312,2026-09-25T17:06:00Z,Boston Red Sox,Chicago Cubs,betmgm,alternate_totals,Over,10.5,5.25
2026-09-25T16:54:18Z,closing,a85710fa5f6fd3a6a40fe17c4907c312,2026-09-25T17:06:00Z,Boston Red Sox,Chicago Cubs,betmgm,alternate_totals,Over,11.0,6.75
2026-09-25T16:54:18Z,closing,a85710fa5f6fd3a6a40fe17c4907c312,2026-09-25T17:06:00Z,Boston Red Sox,Chicago Cubs,betmgm,alternate_totals,Over,11.5,7.25
2026-09-25T16:54:18Z,closing,a85710fa5f6fd3a6a40fe17c4907c312,2026-09-25T17:06:00Z,Boston Red Sox,Chicago Cubs,betmgm,alternate_totals,Over,12.0,8.75
2026-09-25T16:54:18Z,closing,a85710fa5f6fd3a6a40fe17c4907c312,2026-09-25T17:06:00Z,Boston Red Sox,Chicago Cubs,betmgm,alternate_totals,Over,2.5,1.05
2026-09-25T16:54:18Z,closing,a85710fa5f6fd3a6a40fe17c4907c312,2026-09-25T17:06:00Z,Boston Red Sox,Chicago Cubs,betmgm,alternate_totals,Over,2.0,1.01
2026-09-25T16:54:18Z,closing,a85710fa5f6fd3a6a40fe17c4907c312,2026-09-25T17:06:00Z,Boston Red Sox,Chicago Cubs,betmgm,alternate_totals,Over,3.0,1.06
2026-09-25T16:54:18Z,closing,a85710fa5f6fd3a6a40fe17c4907c312,2026-09-25T17:06:00Z,Boston Red Sox,Chicago Cubs,betmgm,alternate_totals,Over,1.5,1.01
2026-09-25T16:54:18Z,closing,a85710fa5f6fd3a6a40fe17c4907c312,2026-09-25T17:06:00Z,Boston Red Sox,Chicago Cubs,betmgm,alternate_totals,Under,3.5,4.75
2026-09-25T16:54:18Z,closing,a85710fa5f6fd3a6a40fe17c4907c312,2026-09-25T17:06:00Z,Boston Red Sox,Chicago Cubs,betmgm,alternate_totals,Under,4.0,4.4
2026-09-25T16:54:18Z,closing,a85710fa5f6fd3a6a40fe17c4907c312,2026-09-25T17:06:00Z,Boston Red Sox,Chicago Cubs,betmgm,alternate_totals,Under,4.5,3.5
2026-09-25T16:54:18Z,closing,a85710fa5f6fd3a6a40fe17c4907c312,2026-09-25T17:06:00Z,Boston Red Sox,Chicago Cubs,betmgm,alternate_totals,Under,5.0,3.0
2026-09-25T16:54:18Z,closing,a85710fa5f6fd3a6a40fe17c4907c312,2026-09-25T17:06:00Z,Boston Red Sox,Chicago Cubs,betmgm,alternate_totals,Under,5.5,2.3
2026-09-25T16:54:18Z,closing,a85710fa5f6fd3a6a40fe17c4907c312,2026-09-25T17:06:00Z,Boston Red Sox,Chicago Cubs,betmgm,alternate_totals,Under,6.0,2.1
2026-09-25T16:54:18Z,closing,a85710fa5f6fd3a6a40fe17c4907c312,2026-09-25T17:06:00Z,Boston Red Sox,Chicago Cubs,betmgm,alternate_totals,Under,6.5,1.91
2026-09-25T16:54:18Z,closing,a85710fa5f6fd3a6a40fe17c4907c312,2026-09-25T17:06:00Z,Boston Red Sox,Chicago Cubs,betmgm,alternate_totals,Under,7.0,1.65
2026-09-25T16:54:18Z,closing,a85710fa5f6fd3a6a40fe17c4907c312,2026-09-25T17:06:00Z,Boston Red Sox,Chicago Cubs,betmgm,alternate_totals,Under,7.5,1.5
2026-09-25T16:54:18Z,closing,a85710fa5f6fd3a6a40fe17c4907c312,2026-09-25T17:06:00Z,Boston Red Sox,Chicago Cubs,betmgm,alternate_totals,Under,8.0,1.4
2026-09-25T16:54:18Z,closing,a85710fa5f6fd3a6a40fe17c4907c312,2026-09-25T17:06:00Z,Boston Red Sox,Chicago Cubs,betmgm,alternate_totals,Under,8.5,1.35
2026-09-25T16:54:18Z,closing,a85710fa5f6fd3a6a40fe17c4907c312,2026-09-25T17:06:00Z,Boston Red Sox,Chicago Cubs,betmgm,alternate_totals,Under,9.0,1.25
2026-09-25T16:54:18Z,closing,a85710fa5f6fd3a6a40fe17c4907c312,2026-09-25T17:06:00Z,Boston Red Sox,Chicago Cubs,betmgm,alternate_totals,Under,9.5,1.22
2026-09-25T16:54:18Z,closing,a85710fa5f6fd3a6a40fe17c4907c312,2026-09-25T17:06:00Z,Boston Red Sox,Chicago Cubs,betmgm,alternate_totals,Under,10.0,1.16
2026-09-25T16:54:18Z,closing,a85710fa5f6fd3a6a40fe17c4907c312,2026-09-25T17:06:00Z,Boston Red Sox,Chicago Cubs,betmgm,alternate_totals,Under,10.5,1.14
2026-09-25T16:54:18Z,closing,a85710fa5f6fd3a6a40fe17c4907c312,2026-09-25T17:06:00Z,Boston Red Sox,Chicago Cubs,betmgm,alternate_totals,Under,11.0,1.09
2026-09-25T16:54:18Z,closing,a85710fa5f6fd3a6a40fe17c4907c312,2026-09-25T17:06:00Z,Boston Red Sox,Chicago Cubs,betmgm,alternate_totals,Under,11.5,1.08
2026-09-25T16:54:18Z,closing,a85710fa5f6fd3a6a40fe17c4907c312,2026-09-25T17:06:00Z,Boston Red Sox,Chicago Cubs,betmgm,alternate_totals,Under,12.0,1.05
2026-09-25T16:54:18Z,closing,a85710fa5f6fd3a6a40fe17c4907c312,2026-09-25T17:06:00Z,Boston Red Sox,Chicago Cubs,betmgm,alternate_totals,Under,2.5,9.0
2026-09-25T16:54:18Z,closing,a85710fa5f6fd3a6a40fe17c4907c312,2026-09-25T17:06:00Z,Boston Red Sox,Chicago Cubs,betmgm,alternate_totals,Under,2.0,13.0
2026-09-25T16:54:18Z,closing,a85710fa5f6fd3a6a40fe17c4907c312,2026-09-25T17:06:00Z,Boston Red Sox,Chicago Cubs,betmgm,alternate_totals,Under,3.0,8.25
2026-09-25T16:54:18Z,closing,a85710fa5f6fd3a6a40fe17c4907c312,2026-09-25T17:06:00Z,Boston Red Sox,Chicago Cubs,betmgm,alternate_totals,Under,1.5,13.0
2026-09-25T16:54:18Z,closing,a85710fa5f6fd3a6a40fe17c4907c312,2026-09-25T17:06:00Z,Boston Red Sox,Chicago Cubs,draftkings,alternate_spreads,Boston Red Sox,5.5,1.04
2026-09-25T16:54:18Z,closing,a85710fa5f6fd3a6a40fe17c4907c312,2026-09-25T17:06:00Z,Boston Red Sox,Chicago Cubs,draftkings,alternate_spreads,Boston Red Sox,5.0,1.05
2026-09-25T16:54:18Z,closing,a85710fa5f6fd3a6a40fe17c4907c312,2026-09-25T17:06:00Z,Boston Red Sox,Chicago Cubs,draftkings,alternate_spreads,Boston Red Sox,4.5,1.1
2026-09-25T16:54:18Z,closing,a85710fa5f6fd3a6a40fe17c4907c312,2026-09-25T17:06:00Z,Boston Red Sox,Chicago Cubs,draftkings,alternate_spreads,Boston Red Sox,4.0,1.11
2026-09-25T16:54:18Z,closing,a85710fa5f6fd3a6a40fe17c4907c312,2026-09-25T17:06:00Z,Boston Red Sox,Chicago Cubs,draftkings,alternate_spreads,Boston Red Sox,3.5,1.19
2026-09-25T16:54:18Z,closing,a85710fa5f6fd3a6a40fe17c4907c312,2026-09-25T17:06:00Z,Boston Red Sox,Chicago Cubs,draftkings,alternate_spreads,Boston Red Sox,3.0,1.21
2026-09-25T16:54:18Z,closing,a85710fa5f6fd3a6a40fe17c4907c312,2026-09-25T17:06:00Z,Boston Red Sox,Chicago Cubs,draftkings,alternate_spreads,Boston Red Sox,2.5,1.33
2026-09-25T16:54:18Z,closing,a85710fa5f6fd3a6a40fe17c4907c312,2026-09-25T17:06:00Z,Boston Red Sox,Chicago Cubs,draftkings,alternate_spreads,Boston Red Sox,2.0,1.39
2026-09-25T16:54:18Z,closing,a85710fa5f6fd3a6a40fe17c4907c312,2026-09-25T17:06:00Z,Boston Red Sox,Chicago Cubs,draftkings,alternate_spreads,Boston Red Sox,1.0,1.74
2026-09-25T16:54:18Z,closing,a85710fa5f6fd3a6a40fe17c4907c312,2026-09-25T17:06:00Z,Boston Red Sox,Chicago Cubs,draftkings,alternate_spreads,Boston Red Sox,-1.0,2.62
2026-09-25T16:54:18Z,closing,a85710fa5f6fd3a6a40fe17c4907c312,2026-09-25T17:06:00Z,Boston Red Sox,Chicago Cubs,draftkings,alternate_spreads,Boston Red Sox,-1.5,3.17
2026-09-25T16:54:18Z,closing,a85710fa5f6fd3a6a40fe17c4907c312,2026-09-25T17:06:00Z,Boston Red Sox,Chicago Cubs,draftkings,alternate_spreads,Boston Red Sox,-2.0,4.3
2026-09-25T16:54:18Z,closing,a85710fa5f6fd3a6a40fe17c4907c312,2026-09-25T17:06:00Z,Boston Red Sox,Chicago Cubs,draftkings,alternate_spreads,Boston Red Sox,-2.5,4.72
2026-09-25T16:54:18Z,closing,a85710fa5f6fd3a6a40fe17c4907c312,2026-09-25T17:06:00Z,Boston Red Sox,Chicago Cubs,draftkings,alternate_spreads,Boston Red Sox,-3.0,6.7
2026-09-25T16:54:18Z,closing,a85710fa5f6fd3a6a40fe17c4907c312,2026-09-25T17:06:00Z,Boston Red Sox,Chicago Cubs,draftkings,alternate_spreads,Boston Red Sox,-3.5,7.1
2026-09-25T16:54:18Z,closing,a85710fa5f6fd3a6a40fe17c4907c312,2026-09-25T17:06:00Z,Boston Red Sox,Chicago Cubs,draftkings,alternate_spreads,Boston Red Sox,-4.0,9.8
2026-09-25T16:54:18Z,closing,a85710fa5f6fd3a6a40fe17c4907c312,2026-09-25T17:06:00Z,Boston Red Sox,Chicago Cubs,draftkings,alternate_spreads,Chicago Cubs,-5.5,9.4
2026-09-25T16:54:18Z,closing,a85710fa5f6fd3a6a40fe17c4907c312,2026-09-25T17:06:00Z,Boston Red Sox,Chicago Cubs,draftkings,alternate_spreads,Chicago Cubs,-5.0,9.1
2026-09-25T16:54:18Z,closing,a85710fa5f6fd3a6a40fe17c4907c312,2026-09-25T17:06:00Z,Boston Red Sox,Chicago Cubs,draftkings,alternate_spreads,Chicago Cubs,-4.5,6.57
2026-09-25T16:54:18Z,closing,a85710fa5f6fd3a6a40fe17c4907c312,2026-09-25T17:06:00Z,Boston Red Sox,Chicago Cubs,draftkings,alternate_spreads,Chicago Cubs,-4.0,6.22
2026-09-25T16:54:18Z,closing,a85710fa5f6fd3a6a40fe17c4907c312,2026-09-25T17:06:00Z,Boston Red Sox,Chicago Cubs,draftkings,alternate_spreads,Chicago Cubs,-3.5,4.53
2026-09-25T16:54:18Z,closing,a85710fa5f6fd3a6a40fe17c4907c312,2026-09-25T17:06:00Z,Boston Red Sox,Chicago Cubs,draftkings,alternate_spreads,Chicago Cubs,-3.0,4.18
2026-09-25T16:54:18Z,closing,a85710fa5f6fd3a6a40fe17c4907c312,2026-09-25T17:06:00Z,Boston Red Sox,Chicago Cubs,draftkings,alternate_spreads,Chicago Cubs,-2.5,3.22
2026-09-25T16:54:18Z,closing,a85710fa5f6fd3a6a40fe17c4907c312,2026-09-25T17:06:00Z,Boston Red Sox,Chicago Cubs,draftkings,alternate_spreads,Chicago Cubs,-2.0,2.88
2026-09-25T16:54:18Z,closing,a85710fa5f6fd3a6a40fe17c4907c312,2026-09-25T17:06:00Z,Boston Red Sox,Chicago Cubs,draftkings,alternate_spreads,Chicago Cubs,-1.0,2.05
2026-09-25T16:54:18Z,closing,a85710fa5f6fd3a6a40fe17c4907c312,2026-09-25T17:06:00Z,Boston Red Sox,Chicago Cubs,draftkings,alternate_spreads,Chicago Cubs,1.0,1.46
2026-09-25T16:54:18Z,closing,a85710fa5f6fd3a6a40fe17c4907c312,2026-09-25T17:06:00Z,Boston Red Sox,Chicago Cubs,draftkings,alternate_spreads,Chicago Cubs,1.5,1.34
2026-09-25T16:54:18Z,closing,a85710fa5f6fd3a6a40fe17c4907c312,2026-09-25T17:06:00Z,Boston Red Sox,Chicago Cubs,draftkings,alternate_spreads,Chicago Cubs,2.0,1.2
2026-09-25T16:54:18Z,closing,a85710fa5f6fd3a6a40fe17c4907c312,2026-09-25T17:06:00Z,Boston Red Sox,Chicago Cubs,draftkings,alternate_spreads,Chicago Cubs,2.5,1.17
2026-09-25T16:54:18Z,closing,a85710fa5f6fd3a6a40fe17c4907c312,2026-09-25T17:06:00Z,Boston Red Sox,Chicago Cubs,draftkings,alternate_spreads,Chicago Cubs,3.0,1.09
2026-09-25T16:54:18Z,closing,a85710fa5f6fd3a6a40fe17c4907c312,2026-09-25T17:06:00Z,Boston Red Sox,Chicago Cubs,draftkings,alternate_spreads,Chicago Cubs,3.5,1.08
2026-09-25T16:54:18Z,closing,a85710fa5f6fd3a6a40fe17c4907c312,2026-09-25T17:06:00Z,Boston Red Sox,Chicago Cubs,draftkings,alternate_spreads,Chicago Cubs,4.0,1.04
2026-09-25T16:54:18Z,closing,a85710fa5f6fd3a6a40fe17c4907c312,2026-09-25T17:06:00Z,Boston Red Sox,Chicago Cubs,draftkings,alternate_totals,Over,3.5,1.17
2026-09-25T16:54:18Z,closing,a85710fa5f6fd3a6a40fe17c4907c312,2026-09-25T17:06:00Z,Boston Red Sox,Chicago Cubs,draftkings,alternate_totals,Over,4.0,1.19
2026-09-25T16:54:18Z,closing,a85710fa5f6fd3a6a40fe17c4907c312,2026-09-25T17:06:00Z,Boston Red Sox,Chicago Cubs,draftkings,alternate_totals,Over,4.5,1.29
2026-09-25T16:54:18Z,closing,a85710fa5f6fd3a6a40fe17c4907c312,2026-09-25T17:06:00Z,Boston Red Sox,Chicago Cubs,draftkings,alternate_totals,Over,5.0,1.37
2026-09-25T16:54:18Z,closing,a85710fa5f6fd3a6a40fe17c4907c312,2026-09-25T17:06:00Z,Boston Red Sox,Chicago Cubs,draftkings,alternate_totals,Over,5.5,1.58
2026-09-25T16:54:18Z,closing,a85710fa5f6fd3a6a40fe17c4907c312,2026-09-25T17:06:00Z,Boston Red Sox,Chicago Cubs,draftkings,alternate_totals,Over,6.0,1.69
2026-09-25T16:54:18Z,closing,a85710fa5f6fd3a6a40fe17c4907c312,2026-09-25T17:06:00Z,Boston Red Sox,Chicago Cubs,draftkings,alternate_totals,Over,7.0,2.13
2026-09-25T16:54:18Z,closing,a85710fa5f6fd3a6a40fe17c4907c312,2026-09-25T17:06:00Z,Boston Red Sox,Chicago Cubs,draftkings,alternate_totals,Over,7.5,2.4
2026-09-25T16:54:18Z,closing,a85710fa5f6fd3a6a40fe17c4907c312,2026-09-25T17:06:00Z,Boston Red Sox,Chicago Cubs,draftkings,alternate_totals,Over,8.0,2.77
2026-09-25T16:54:18Z,closing,a85710fa5f6fd3a6a40fe17c4907c312,2026-09-25T17:06:00Z,Boston Red Sox,Chicago Cubs,draftkings,alternate_totals,Over,8.5,2.99
2026-09-25T16:54:18Z,closing,a85710fa5f6fd3a6a40fe17c4907c312,2026-09-25T17:06:00Z,Boston Red Sox,Chicago Cubs,draftkings,alternate_totals,Over,9.0,3.81
2026-09-25T16:54:18Z,closing,a85710fa5f6fd3a6a40fe17c4907c312,2026-09-25T17:06:00Z,Boston Red Sox,Chicago Cubs,draftkings,alternate_totals,Over,9.5,4.15
2026-09-25T16:54:18Z,closing,a85710fa5f6fd3a6a40fe17c4907c312,2026-09-25T17:06:00Z,Boston Red Sox,Chicago Cubs,draftkings,alternate_totals,Over,10.0,5.1
2026-09-25T16:54:18Z,closing,a85710fa5f6fd3a6a40fe17c4907c312,2026-09-25T17:06:00Z,Boston Red Sox,Chicago Cubs,draftkings,alternate_totals,Over,10.5,5.33
2026-09-25T16:54:18Z,closing,a85710fa5f6fd3a6a40fe17c4907c312,2026-09-25T17:06:00Z,Boston Red Sox,Chicago Cubs,draftkings,alternate_totals,Over,11.0,7.2
2026-09-25T16:54:18Z,closing,a85710fa5f6fd3a6a40fe17c4907c312,2026-09-25T17:06:00Z,Boston Red Sox,Chicago Cubs,draftkings,alternate_totals,Over,11.5,7.5
2026-09-25T16:54:18Z,closing,a85710fa5f6fd3a6a40fe17c4907c312,2026-09-25T17:06:00Z,Boston Red Sox,Chicago Cubs,draftkings,alternate_totals,Under,3.5,4.75
2026-09-25T16:54:18Z,closing,a85710fa5f6fd3a6a40fe17c4907c312,2026-09-25T17:06:00Z,Boston Red Sox,Chicago Cubs,draftkings,alternate_totals,Under,4.0,4.42
2026-09-25T16:54:18Z,closing,a85710fa5f6fd3a6a40fe17c4907c312,2026-09-25T17:06:00Z,Boston Red Sox,Chicago Cubs,draftkings,alternate_totals,Under,4.5,3.42
2026-09-25T16:54:18Z,closing,a85710fa5f6fd3a6a40fe17c4907c312,2026-09-25T17:06:00Z,Boston Red Sox,Chicago Cubs,draftkings,alternate_totals,Under,5.0,2.99
2026-09-25T16:54:18Z,closing,a85710fa5f6fd3a6a40fe17c4907c312,2026-09-25T17:06:00Z,Boston Red Sox,Chicago Cubs,draftkings,alternate_totals,Under,5.5,2.32
2026-09-25T16:54:18Z,closing,a85710fa5f6fd3a6a40fe17c4907c312,2026-09-25T17:06:00Z,Boston Red Sox,Chicago Cubs,draftkings,alternate_totals,Under,6.0,2.11
2026-09-25T16:54:18Z,closing,a85710fa5f6fd3a6a40fe17c4907c312,2026-09-25T17:06:00Z,Boston Red Sox,Chicago Cubs,draftkings,alternate_totals,Under,7.0,1.68
2026-09-25T16:54:18Z,closing,a85710fa5f6fd3a6a40fe17c4907c312,2026-09-25T17:06:00Z,Boston Red Sox,Chicago Cubs,draftkings,alternate_totals,Under,7.5,1.54
2026-09-25T16:54:18Z,closing,a85710fa5f6fd3a6a40fe17c4907c312,2026-09-25T17:06:00Z,Boston Red Sox,Chicago Cubs,draftkings,alternate_totals,Under,8.0,1.42
2026-09-25T16:54:18Z,closing,a85710fa5f6fd3a6a40fe17c4907c312,2026-09-25T17:06:00Z,Boston Red Sox,Chicago Cubs,draftkings,alternate_totals,Under,8.5,1.37
2026-09-25T16:54:18Z,closing,a85710fa5f6fd3a6a40fe17c4907c312,2026-09-25T17:06:00Z,Boston Red Sox,Chicago Cubs,draftkings,alternate_totals,Under,9.0,1.25
2026-09-25T16:54:18Z,closing,a85710fa5f6fd3a6a40fe17c4907c312,2026-09-25T17:06:00Z,Boston Red Sox,Chicago Cubs,draftkings,alternate_totals,Under,9.5,1.22
2026-09-25T16:54:18Z,closing,a85710fa5f6fd3a6a40fe17c4907c312,2026-09-25T17:06:00Z,Boston Red Sox,Chicago Cubs,draftkings,alternate_totals,Under,10.0,1.15
2026-09-25T16:54:18Z,closing,a85710fa5f6fd3a6a40fe17c4907c312,2026-09-25T17:06:00Z,Boston Red Sox,Chicago Cubs,draftkings,alternate_totals,Under,10.5,1.14
2026-09-25T16:54:18Z,closing,a85710fa5f6fd3a6a40fe17c4907c312,2026-09-25T17:06:00Z,Boston Red Sox,Chicago Cubs,draftkings,alternate_totals,Under,11.0,1.08
2026-09-25T16:54:18Z,closing,a85710fa5f6fd3a6a40fe17c4907c312,2026-09-25T17:06:00Z,Boston Red Sox,Chicago Cubs,draftkings,alternate_totals,Under,11.5,1.07
2026-09-25T16:54:18Z,closing,a85710fa5f6fd3a6a40fe17c4907c312,2026-09-25T17:06:00Z,Boston Red Sox,Chicago Cubs,betrivers,alternate_spreads,Boston Red Sox,2.0,1.43
2026-09-25T16:54:18Z,closing,a85710fa5f6fd3a6a40fe17c4907c312,2026-09-25T17:06:00Z,Boston Red Sox,Chicago Cubs,betrivers,alternate_spreads,Boston Red Sox,-2.0,3.95
2026-09-25T16:54:18Z,closing,a85710fa5f6fd3a6a40fe17c4907c312,2026-09-25T17:06:00Z,Boston Red Sox,Chicago Cubs,betrivers,alternate_spreads,Boston Red Sox,2.5,1.36
2026-09-25T16:54:18Z,closing,a85710fa5f6fd3a6a40fe17c4907c312,2026-09-25T17:06:00Z,Boston Red Sox,Chicago Cubs,betrivers,alternate_spreads,Boston Red Sox,1.5,1.6
2026-09-25T16:54:18Z,closing,a85710fa5f6fd3a6a40fe17c4907c312,2026-09-25T17:06:00Z,Boston Red Sox,Chicago Cubs,betrivers,alternate_spreads,Boston Red Sox,-1.5,3.05
2026-09-25T16:54:18Z,closing,a85710fa5f6fd3a6a40fe17c4907c312,2026-09-25T17:06:00Z,Boston Red Sox,Chicago Cubs,betrivers,alternate_spreads,Boston Red Sox,3.0,1.26
2026-09-25T16:54:18Z,closing,a85710fa5f6fd3a6a40fe17c4907c312,2026-09-25T17:06:00Z,Boston Red Sox,Chicago Cubs,betrivers,alternate_spreads,Chicago Cubs,-2.0,2.85
2026-09-25T16:54:18Z,closing,a85710fa5f6fd3a6a40fe17c4907c312,2026-09-25T17:06:00Z,Boston Red Sox,Chicago Cubs,betrivers,alternate_spreads,Chicago Cubs,2.0,1.25
2026-09-25T16:54:18Z,closing,a85710fa5f6fd3a6a40fe17c4907c312,2026-09-25T17:06:00Z,Boston Red Sox,Chicago Cubs,betrivers,alternate_spreads,Chicago Cubs,-2.5,3.15
2026-09-25T16:54:18Z,closing,a85710fa5f6fd3a6a40fe17c4907c312,2026-09-25T17:06:00Z,Boston Red Sox,Chicago Cubs,betrivers,alternate_spreads,Chicago Cubs,-1.5,2.38
2026-09-25T16:54:18Z,closing,a85710fa5f6fd3a6a40fe17c4907c312,2026-09-25T17:06:00Z,Boston Red Sox,Chicago Cubs,betrivers,alternate_spreads,Chicago Cubs,1.5,1.38
2026-09-25T16:54:18Z,closing,a85710fa5f6fd3a6a40fe17c4907c312,2026-09-25T17:06:00Z,Boston Red Sox,Chicago Cubs,betrivers,alternate_spreads,Chicago Cubs,-3.0,3.9
2026-09-25T16:54:18Z,closing,a85710fa5f6fd3a6a40fe17c4907c312,2026-09-25T17:06:00Z,Boston Red Sox,Chicago Cubs,betrivers,alternate_totals,Over,10.5,4.5
2026-09-25T16:54:18Z,closing,a85710fa5f6fd3a6a40fe17c4907c312,2026-09-25T17:06:00Z,Boston Red Sox,Chicago Cubs,betrivers,alternate_totals,Over,10.0,3.95
2026-09-25T16:54:18Z,closing,a85710fa5f6fd3a6a40fe17c4907c312,2026-09-25T17:06:00Z,Boston Red Sox,Chicago Cubs,betrivers,alternate_totals,Over,5.0,1.42
2026-09-25T16:54:18Z,closing,a85710fa5f6fd3a6a40fe17c4907c312,2026-09-25T17:06:00Z,Boston Red Sox,Chicago Cubs,betrivers,alternate_totals,Over,4.5,1.38
2026-09-25T16:54:18Z,closing,a85710fa5f6fd3a6a40fe17c4907c312,2026-09-25T17:06:00Z,Boston Red Sox,Chicago Cubs,betrivers,alternate_totals,Over,5.5,1.65
2026-09-25T16:54:18Z,closing,a85710fa5f6fd3a6a40fe17c4907c312,2026-09-25T17:06:00Z,Boston Red Sox,Chicago Cubs,betrivers,alternate_totals,Over,8.5,2.88
2026-09-25T16:54:18Z,closing,a85710fa5f6fd3a6a40fe17c4907c312,2026-09-25T17:06:00Z,Boston Red Sox,Chicago Cubs,betrivers,alternate_totals,Over,6.5,1.91
2026-09-25T16:54:18Z,closing,a85710fa5f6fd3a6a40fe17c4907c312,2026-09-25T17:06:00Z,Boston Red Sox,Chicago Cubs,betrivers,alternate_totals,Over,7.0,2.06
2026-09-25T16:54:18Z,closing,a85710fa5f6fd3a6a40fe17c4907c312,2026-09-25T17:06:00Z,Boston Red Sox,Chicago Cubs,betrivers,alternate_totals,Over,8.0,2.55
2026-09-25T16:54:18Z,closing,a85710fa5f6fd3a6a40fe17c4907c312,2026-09-25T17:06:00Z,Boston Red Sox,Chicago Cubs,betrivers,alternate_totals,Over,11.0,5.0
2026-09-25T16:54:18Z,closing,a85710fa5f6fd3a6a40fe17c4907c312,2026-09-25T17:06:00Z,Boston Red Sox,Chicago Cubs,betrivers,alternate_totals,Over,6.0,1.7
2026-09-25T16:54:18Z,closing,a85710fa5f6fd3a6a40fe17c4907c312,2026-09-25T17:06:00Z,Boston Red Sox,Chicago Cubs,betrivers,alternate_totals,Over,9.0,3.2
2026-09-25T16:54:18Z,closing,a85710fa5f6fd3a6a40fe17c4907c312,2026-09-25T17:06:00Z,Boston Red Sox,Chicago Cubs,betrivers,alternate_totals,Over,7.5,2.38
2026-09-25T16:54:18Z,closing,a85710fa5f6fd3a6a40fe17c4907c312,2026-09-25T17:06:00Z,Boston Red Sox,Chicago Cubs,betrivers,alternate_totals,Over,9.5,3.7
2026-09-25T16:54:18Z,closing,a85710fa5f6fd3a6a40fe17c4907c312,2026-09-25T17:06:00Z,Boston Red Sox,Chicago Cubs,betrivers,alternate_totals,Under,10.5,1.21
2026-09-25T16:54:18Z,closing,a85710fa5f6fd3a6a40fe17c4907c312,2026-09-25T17:06:00Z,Boston Red Sox,Chicago Cubs,betrivers,alternate_totals,Under,10.0,1.2
2026-09-25T16:54:18Z,closing,a85710fa5f6fd3a6a40fe17c4907c312,2026-09-25T17:06:00Z,Boston Red Sox,Chicago Cubs,betrivers,alternate_totals,Under,5.0,2.6
2026-09-25T16:54:18Z,closing,a85710fa5f6fd3a6a40fe17c4907c312,2026-09-25T17:06:00Z,Boston Red Sox,Chicago Cubs,betrivers,alternate_totals,Under,4.5,3.1
2026-09-25T16:54:18Z,closing,a85710fa5f6fd3a6a40fe17c4907c312,2026-09-25T17:06:00Z,Boston Red Sox,Chicago Cubs,betrivers,alternate_totals,Under,5.5,2.28
2026-09-25T16:54:18Z,closing,a85710fa5f6fd3a6a40fe17c4907c312,2026-09-25T17:06:00Z,Boston Red Sox,Chicago Cubs,betrivers,alternate_totals,Under,8.5,1.43
2026-09-25T16:54:18Z,closing,a85710fa5f6fd3a6a40fe17c4907c312,2026-09-25T17:06:00Z,Boston Red Sox,Chicago Cubs,betrivers,alternate_totals,Under,6.5,1.89
2026-09-25T16:54:18Z,closing,a85710fa5f6fd3a6a40fe17c4907c312,2026-09-25T17:06:00Z,Boston Red Sox,Chicago Cubs,betrivers,alternate_totals,Under,7.0,1.66
2026-09-25T16:54:18Z,closing,a85710fa5f6fd3a6a40fe17c4907c312,2026-09-25T17:06:00Z,Boston Red Sox,Chicago Cubs,betrivers,alternate_totals,Under,8.0,1.43
2026-09-25T16:54:18Z,closing,a85710fa5f6fd3a6a40fe17c4907c312,2026-09-25T17:06:00Z,Boston Red Sox,Chicago Cubs,betrivers,alternate_totals,Under,11.0,1.13
2026-09-25T16:54:18Z,closing,a85710fa5f6fd3a6a40fe17c4907c312,2026-09-25T17:06:00Z,Boston Red Sox,Chicago Cubs,betrivers,alternate_totals,Under,6.0,2.0
2026-09-25T16:54:18Z,closing,a85710fa5f6fd3a6a40fe17c4907c312,2026-09-25T17:06:00Z,Boston Red Sox,Chicago Cubs,betrivers,alternate_totals,Under,9.0,1.29
2026-09-25T16:54:18Z,closing,a85710fa5f6fd3a6a40fe17c4907c312,2026-09-25T17:06:00Z,Boston Red Sox,Chicago Cubs,betrivers,alternate_totals,Under,7.5,1.57
2026-09-25T16:54:18Z,closing,a85710fa5f6fd3a6a40fe17c4907c312,2026-09-25T17:06:00Z,Boston Red Sox,Chicago Cubs,betrivers,alternate_totals,Under,9.5,1.29
2026-09-25T16:54:18Z,closing,a85710fa5f6fd3a6a40fe17c4907c312,2026-09-25T17:06:00Z,Boston Red Sox,Chicago Cubs,pinnacle,alternate_spreads,Boston Red Sox,1.5,1.63
2026-09-25T16:54:18Z,closing,a85710fa5f6fd3a6a40fe17c4907c312,2026-09-25T17:06:00Z,Boston Red Sox,Chicago Cubs,pinnacle,alternate_spreads,Boston Red Sox,3.0,1.22
2026-09-25T16:54:18Z,closing,a85710fa5f6fd3a6a40fe17c4907c312,2026-09-25T17:06:00Z,Boston Red Sox,Chicago Cubs,pinnacle,alternate_spreads,Boston Red Sox,2.5,1.35
2026-09-25T16:54:18Z,closing,a85710fa5f6fd3a6a40fe17c4907c312,2026-09-25T17:06:00Z,Boston Red Sox,Chicago Cubs,pinnacle,alternate_spreads,Boston Red Sox,2.0,1.43
2026-09-25T16:54:18Z,closing,a85710fa5f6fd3a6a40fe17c4907c312,2026-09-25T17:06:00Z,Boston Red Sox,Chicago Cubs,pinnacle,alternate_spreads,Boston Red Sox,1.0,1.81
2026-09-25T16:54:18Z,closing,a85710fa5f6fd3a6a40fe17c4907c312,2026-09-25T17:06:00Z,Boston Red Sox,Chicago Cubs,pinnacle,alternate_spreads,Boston Red Sox,-1.0,2.8
2026-09-25T16:54:18Z,closing,a85710fa5f6fd3a6a40fe17c4907c312,2026-09-25T17:06:00Z,Boston Red Sox,Chicago Cubs,pinnacle,alternate_spreads,Boston Red Sox,-1.5,3.37
2026-09-25T16:54:18Z,closing,a85710fa5f6fd3a6a40fe17c4907c312,2026-09-25T17:06:00Z,Boston Red Sox,Chicago Cubs,pinnacle,alternate_spreads,Chicago Cubs,-1.5,2.43
2026-09-25T16:54:18Z,closing,a85710fa5f6fd3a6a40fe17c4907c312,2026-09-25T17:06:00Z,Boston Red Sox,Chicago Cubs,pinnacle,alternate_spreads,Chicago Cubs,-3.0,4.29
2026-09-25T16:54:18Z,closing,a85710fa5f6fd3a6a40fe17c4907c312,2026-09-25T17:06:00Z,Boston Red Sox,Chicago Cubs,pinnacle,alternate_spreads,Chicago Cubs,-2.5,3.34
2026-09-25T16:54:18Z,closing,a85710fa5f6fd3a6a40fe17c4907c312,2026-09-25T17:06:00Z,Boston Red Sox,Chicago Cubs,pinnacle,alternate_spreads,Chicago Cubs,-2.0,3.0
2026-09-25T16:54:18Z,closing,a85710fa5f6fd3a6a40fe17c4907c312,2026-09-25T17:06:00Z,Boston Red Sox,Chicago Cubs,pinnacle,alternate_spreads,Chicago Cubs,-1.0,2.1
2026-09-25T16:54:18Z,closing,a85710fa5f6fd3a6a40fe17c4907c312,2026-09-25T17:06:00Z,Boston Red Sox,Chicago Cubs,pinnacle,alternate_spreads,Chicago Cubs,1.0,1.47
2026-09-25T16:54:18Z,closing,a85710fa5f6fd3a6a40fe17c4907c312,2026-09-25T17:06:00Z,Boston Red Sox,Chicago Cubs,pinnacle,alternate_spreads,Chicago Cubs,1.5,1.33
2026-09-25T16:54:18Z,closing,a85710fa5f6fd3a6a40fe17c4907c312,2026-09-25T17:06:00Z,Boston Red Sox,Chicago Cubs,pinnacle,alternate_totals,Over,6.5,1.91
2026-09-25T16:54:18Z,closing,a85710fa5f6fd3a6a40fe17c4907c312,2026-09-25T17:06:00Z,Boston Red Sox,Chicago Cubs,pinnacle,alternate_totals,Over,5.0,1.4
2026-09-25T16:54:18Z,closing,a85710fa5f6fd3a6a40fe17c4907c312,2026-09-25T17:06:00Z,Boston Red Sox,Chicago Cubs,pinnacle,alternate_totals,Over,5.5,1.62
2026-09-25T16:54:18Z,closing,a85710fa5f6fd3a6a40fe17c4907c312,2026-09-25T17:06:00Z,Boston Red Sox,Chicago Cubs,pinnacle,alternate_totals,Over,6.0,1.74
2026-09-25T16:54:18Z,closing,a85710fa5f6fd3a6a40fe17c4907c312,2026-09-25T17:06:00Z,Boston Red Sox,Chicago Cubs,pinnacle,alternate_totals,Over,7.0,2.19
2026-09-25T16:54:18Z,closing,a85710fa5f6fd3a6a40fe17c4907c312,2026-09-25T17:06:00Z,Boston Red Sox,Chicago Cubs,pinnacle,alternate_totals,Over,7.5,2.49
2026-09-25T16:54:18Z,closing,a85710fa5f6fd3a6a40fe17c4907c312,2026-09-25T17:06:00Z,Boston Red Sox,Chicago Cubs,pinnacle,alternate_totals,Over,8.0,2.84
2026-09-25T16:54:18Z,closing,a85710fa5f6fd3a6a40fe17c4907c312,2026-09-25T17:06:00Z,Boston Red Sox,Chicago Cubs,pinnacle,alternate_totals,Under,6.5,1.98
2026-09-25T16:54:18Z,closing,a85710fa5f6fd3a6a40fe17c4907c312,2026-09-25T17:06:00Z,Boston Red Sox,Chicago Cubs,pinnacle,alternate_totals,Under,5.0,3.02
2026-09-25T16:54:18Z,closing,a85710fa5f6fd3a6a40fe17c4907c312,2026-09-25T17:06:00Z,Boston Red Sox,Chicago Cubs,pinnacle,alternate_totals,Under,5.5,2.39
2026-09-25T16:54:18Z,closing,a85710fa5f6fd3a6a40fe17c4907c312,2026-09-25T17:06:00Z,Boston Red Sox,Chicago Cubs,pinnacle,alternate_totals,Under,6.0,2.19
2026-09-25T16:54:18Z,closing,a85710fa5f6fd3a6a40fe17c4907c312,2026-09-25T17:06:00Z,Boston Red Sox,Chicago Cubs,pinnacle,alternate_totals,Under,7.0,1.73
2026-09-25T16:54:18Z,closing,a85710fa5f6fd3a6a40fe17c4907c312,2026-09-25T17:06:00Z,Boston Red Sox,Chicago Cubs,pinnacle,alternate_totals,Under,7.5,1.57
2026-09-25T16:54:18Z,closing,a85710fa5f6fd3a6a40fe17c4907c312,2026-09-25T17:06:00Z,Boston Red Sox,Chicago Cubs,pinnacle,alternate_totals,Under,8.0,1.45
2026-09-25T19:39:06Z,closing,d4b069a134ec3ae75f0a644498b793c6,2026-09-25T20:05:00Z,New York Yankees,Baltimore Orioles,draftkings,h2h,Baltimore Orioles,,1.92
2026-09-25T19:39:06Z,closing,d4b069a134ec3ae75f0a644498b793c6,2026-09-25T20:05:00Z,New York Yankees,Baltimore Orioles,draftkings,h2h,New York Yankees,,1.9
2026-09-25T19:39:06Z,closing,d4b069a134ec3ae75f0a644498b793c6,2026-09-25T20:05:00Z,New York Yankees,Baltimore Orioles,draftkings,spreads,Baltimore Orioles,-1.5,2.62
2026-09-25T19:39:06Z,closing,d4b069a134ec3ae75f0a644498b793c6,2026-09-25T20:05:00Z,New York Yankees,Baltimore Orioles,draftkings,spreads,New York Yankees,1.5,1.51
2026-09-25T19:39:06Z,closing,d4b069a134ec3ae75f0a644498b793c6,2026-09-25T20:05:00Z,New York Yankees,Baltimore Orioles,draftkings,totals,Over,7.0,1.93
2026-09-25T19:39:06Z,closing,d4b069a134ec3ae75f0a644498b793c6,2026-09-25T20:05:00Z,New York Yankees,Baltimore Orioles,draftkings,totals,Under,7.0,1.89
2026-09-25T19:39:06Z,closing,d4b069a134ec3ae75f0a644498b793c6,2026-09-25T20:05:00Z,New York Yankees,Baltimore Orioles,coolbet,h2h,Baltimore Orioles,,1.95
2026-09-25T19:39:06Z,closing,d4b069a134ec3ae75f0a644498b793c6,2026-09-25T20:05:00Z,New York Yankees,Baltimore Orioles,coolbet,h2h,New York Yankees,,1.87
2026-09-25T19:39:06Z,closing,d4b069a134ec3ae75f0a644498b793c6,2026-09-25T20:05:00Z,New York Yankees,Baltimore Orioles,coolbet,spreads,Baltimore Orioles,-1.5,2.67
2026-09-25T19:39:06Z,closing,d4b069a134ec3ae75f0a644498b793c6,2026-09-25T20:05:00Z,New York Yankees,Baltimore Orioles,coolbet,spreads,New York Yankees,1.5,1.48
2026-09-25T19:39:06Z,closing,d4b069a134ec3ae75f0a644498b793c6,2026-09-25T20:05:00Z,New York Yankees,Baltimore Orioles,coolbet,totals,Over,6.5,1.8
2026-09-25T19:39:06Z,closing,d4b069a134ec3ae75f0a644498b793c6,2026-09-25T20:05:00Z,New York Yankees,Baltimore Orioles,coolbet,totals,Under,6.5,2.02
2026-09-25T19:39:06Z,closing,d4b069a134ec3ae75f0a644498b793c6,2026-09-25T20:05:00Z,New York Yankees,Baltimore Orioles,fanduel,h2h,Baltimore Orioles,,1.94
2026-09-25T19:39:06Z,closing,d4b069a134ec3ae75f0a644498b793c6,2026-09-25T20:05:00Z,New York Yankees,Baltimore Orioles,fanduel,h2h,New York Yankees,,1.91
2026-09-25T19:39:06Z,closing,d4b069a134ec3ae75f0a644498b793c6,2026-09-25T20:05:00Z,New York Yankees,Baltimore Orioles,fanduel,spreads,Baltimore Orioles,-1.5,2.52
2026-09-25T19:39:06Z,closing,d4b069a134ec3ae75f0a644498b793c6,2026-09-25T20:05:00Z,New York Yankees,Baltimore Orioles,fanduel,spreads,New York Yankees,1.5,1.54
2026-09-25T19:39:06Z,closing,d4b069a134ec3ae75f0a644498b793c6,2026-09-25T20:05:00Z,New York Yankees,Baltimore Orioles,fanduel,totals,Over,6.5,1.78
2026-09-25T19:39:06Z,closing,d4b069a134ec3ae75f0a644498b793c6,2026-09-25T20:05:00Z,New York Yankees,Baltimore Orioles,fanduel,totals,Under,6.5,2.04
2026-09-25T19:39:06Z,closing,d4b069a134ec3ae75f0a644498b793c6,2026-09-25T20:05:00Z,New York Yankees,Baltimore Orioles,betrivers,h2h,Baltimore Orioles,,1.88
2026-09-25T19:39:06Z,closing,d4b069a134ec3ae75f0a644498b793c6,2026-09-25T20:05:00Z,New York Yankees,Baltimore Orioles,betrivers,h2h,New York Yankees,,1.94
2026-09-25T19:39:06Z,closing,d4b069a134ec3ae75f0a644498b793c6,2026-09-25T20:05:00Z,New York Yankees,Baltimore Orioles,betrivers,spreads,Baltimore Orioles,1.5,1.43
2026-09-25T19:39:06Z,closing,d4b069a134ec3ae75f0a644498b793c6,2026-09-25T20:05:00Z,New York Yankees,Baltimore Orioles,betrivers,spreads,New York Yankees,-1.5,2.88
2026-09-25T19:39:06Z,closing,d4b069a134ec3ae75f0a644498b793c6,2026-09-25T20:05:00Z,New York Yankees,Baltimore Orioles,betrivers,totals,Over,6.5,1.83
2026-09-25T19:39:06Z,closing,d4b069a134ec3ae75f0a644498b793c6,2026-09-25T20:05:00Z,New York Yankees,Baltimore Orioles,betrivers,totals,Under,6.5,1.97
2026-09-25T19:39:06Z,closing,d4b069a134ec3ae75f0a644498b793c6,2026-09-25T20:05:00Z,New York Yankees,Baltimore Orioles,betfair_ex_eu,h2h,Baltimore Orioles,,2.02
2026-09-25T19:39:06Z,closing,d4b069a134ec3ae75f0a644498b793c6,2026-09-25T20:05:00Z,New York Yankees,Baltimore Orioles,betfair_ex_eu,h2h,New York Yankees,,1.96
2026-09-25T19:39:06Z,closing,d4b069a134ec3ae75f0a644498b793c6,2026-09-25T20:05:00Z,New York Yankees,Baltimore Orioles,betfair_ex_eu,h2h_lay,Baltimore Orioles,,2.04
2026-09-25T19:39:06Z,closing,d4b069a134ec3ae75f0a644498b793c6,2026-09-25T20:05:00Z,New York Yankees,Baltimore Orioles,betfair_ex_eu,h2h_lay,New York Yankees,,1.99
2026-09-25T19:39:06Z,closing,d4b069a134ec3ae75f0a644498b793c6,2026-09-25T20:05:00Z,New York Yankees,Baltimore Orioles,betmgm,h2h,Baltimore Orioles,,1.91
2026-09-25T19:39:06Z,closing,d4b069a134ec3ae75f0a644498b793c6,2026-09-25T20:05:00Z,New York Yankees,Baltimore Orioles,betmgm,h2h,New York Yankees,,1.91
2026-09-25T19:39:06Z,closing,d4b069a134ec3ae75f0a644498b793c6,2026-09-25T20:05:00Z,New York Yankees,Baltimore Orioles,betmgm,spreads,Baltimore Orioles,-1.5,2.65
2026-09-25T19:39:06Z,closing,d4b069a134ec3ae75f0a644498b793c6,2026-09-25T20:05:00Z,New York Yankees,Baltimore Orioles,betmgm,spreads,New York Yankees,1.5,1.5
2026-09-25T19:39:06Z,closing,d4b069a134ec3ae75f0a644498b793c6,2026-09-25T20:05:00Z,New York Yankees,Baltimore Orioles,betmgm,totals,Over,6.5,1.8
2026-09-25T19:39:06Z,closing,d4b069a134ec3ae75f0a644498b793c6,2026-09-25T20:05:00Z,New York Yankees,Baltimore Orioles,betmgm,totals,Under,6.5,2.05
2026-09-25T19:39:06Z,closing,d4b069a134ec3ae75f0a644498b793c6,2026-09-25T20:05:00Z,New York Yankees,Baltimore Orioles,matchbook,h2h,Baltimore Orioles,,1.96
2026-09-25T19:39:06Z,closing,d4b069a134ec3ae75f0a644498b793c6,2026-09-25T20:05:00Z,New York Yankees,Baltimore Orioles,matchbook,h2h,New York Yankees,,2.0
2026-09-25T19:39:06Z,closing,d4b069a134ec3ae75f0a644498b793c6,2026-09-25T20:05:00Z,New York Yankees,Baltimore Orioles,matchbook,h2h_lay,Baltimore Orioles,,2.0
2026-09-25T19:39:06Z,closing,d4b069a134ec3ae75f0a644498b793c6,2026-09-25T20:05:00Z,New York Yankees,Baltimore Orioles,matchbook,h2h_lay,New York Yankees,,2.06
2026-09-25T19:39:06Z,closing,d4b069a134ec3ae75f0a644498b793c6,2026-09-25T20:05:00Z,New York Yankees,Baltimore Orioles,matchbook,spreads,Baltimore Orioles,-1.5,2.76
2026-09-25T19:39:06Z,closing,d4b069a134ec3ae75f0a644498b793c6,2026-09-25T20:05:00Z,New York Yankees,Baltimore Orioles,matchbook,spreads,New York Yankees,1.5,1.5
2026-09-25T19:39:06Z,closing,d4b069a134ec3ae75f0a644498b793c6,2026-09-25T20:05:00Z,New York Yankees,Baltimore Orioles,matchbook,totals,Over,6.5,1.8
2026-09-25T19:39:06Z,closing,d4b069a134ec3ae75f0a644498b793c6,2026-09-25T20:05:00Z,New York Yankees,Baltimore Orioles,matchbook,totals,Under,6.5,2.14
2026-09-25T19:39:06Z,closing,d4b069a134ec3ae75f0a644498b793c6,2026-09-25T20:05:00Z,New York Yankees,Baltimore Orioles,pinnacle,h2h,Baltimore Orioles,,1.95
2026-09-25T19:39:06Z,closing,d4b069a134ec3ae75f0a644498b793c6,2026-09-25T20:05:00Z,New York Yankees,Baltimore Orioles,pinnacle,h2h,New York Yankees,,1.97
2026-09-25T19:39:06Z,closing,d4b069a134ec3ae75f0a644498b793c6,2026-09-25T20:05:00Z,New York Yankees,Baltimore Orioles,pinnacle,spreads,Baltimore Orioles,1.5,1.44
2026-09-25T19:39:06Z,closing,d4b069a134ec3ae75f0a644498b793c6,2026-09-25T20:05:00Z,New York Yankees,Baltimore Orioles,pinnacle,spreads,New York Yankees,-1.5,3.02
2026-09-25T19:39:06Z,closing,d4b069a134ec3ae75f0a644498b793c6,2026-09-25T20:05:00Z,New York Yankees,Baltimore Orioles,pinnacle,totals,Over,7.0,2.03
2026-09-25T19:39:06Z,closing,d4b069a134ec3ae75f0a644498b793c6,2026-09-25T20:05:00Z,New York Yankees,Baltimore Orioles,pinnacle,totals,Under,7.0,1.87
2026-09-25T19:39:06Z,closing,d4b069a134ec3ae75f0a644498b793c6,2026-09-25T20:05:00Z,New York Yankees,Baltimore Orioles,draftkings,alternate_spreads,Baltimore Orioles,-5.0,9.5
2026-09-25T19:39:06Z,closing,d4b069a134ec3ae75f0a644498b793c6,2026-09-25T20:05:00Z,New York Yankees,Baltimore Orioles,draftkings,alternate_spreads,Baltimore Orioles,-4.5,7.1
2026-09-25T19:39:06Z,closing,d4b069a134ec3ae75f0a644498b793c6,2026-09-25T20:05:00Z,New York Yankees,Baltimore Orioles,draftkings,alternate_spreads,Baltimore Orioles,-4.0,6.78
2026-09-25T19:39:06Z,closing,d4b069a134ec3ae75f0a644498b793c6,2026-09-25T20:05:00Z,New York Yankees,Baltimore Orioles,draftkings,alternate_spreads,Baltimore Orioles,-3.5,5.02
2026-09-25T19:39:06Z,closing,d4b069a134ec3ae75f0a644498b793c6,2026-09-25T20:05:00Z,New York Yankees,Baltimore Orioles,draftkings,alternate_spreads,Baltimore Orioles,-3.0,4.68
2026-09-25T19:39:06Z,closing,d4b069a134ec3ae75f0a644498b793c6,2026-09-25T20:05:00Z,New York Yankees,Baltimore Orioles,draftkings,alternate_spreads,Baltimore Orioles,-2.5,3.57
2026-09-25T19:39:06Z,closing,d4b069a134ec3ae75f0a644498b793c6,2026-09-25T20:05:00Z,New York Yankees,Baltimore Orioles,draftkings,alternate_spreads,Baltimore Orioles,-2.0,3.22
2026-09-25T19:39:06Z,closing,d4b069a134ec3ae75f0a644498b793c6,2026-09-25T20:05:00Z,New York Yankees,Baltimore Orioles,draftkings,alternate_spreads,Baltimore Orioles,-1.0,2.23
2026-09-25T19:39:06Z,closing,d4b069a134ec3ae75f0a644498b793c6,2026-09-25T20:05:00Z,New York Yankees,Baltimore Orioles,draftkings,alternate_spreads,Baltimore Orioles,1.0,1.55
2026-09-25T19:39:06Z,closing,d4b069a134ec3ae75f0a644498b793c6,2026-09-25T20:05:00Z,New York Yankees,Baltimore Orioles,draftkings,alternate_spreads,Baltimore Orioles,1.5,1.4
2026-09-25T19:39:06Z,closing,d4b069a134ec3ae75f0a644498b793c6,2026-09-25T20:05:00Z,New York Yankees,Baltimore Orioles,draftkings,alternate_spreads,Baltimore Orioles,2.0,1.26
2026-09-25T19:39:06Z,closing,d4b069a134ec3ae75f0a644498b793c6,2026-09-25T20:05:00Z,New York Yankees,Baltimore Orioles,draftkings,alternate_spreads,Baltimore Orioles,2.5,1.22
2026-09-25T19:39:06Z,closing,d4b069a134ec3ae75f0a644498b793c6,2026-09-25T20:05:00Z,New York Yankees,Baltimore Orioles,draftkings,alternate_spreads,Baltimore Orioles,3.0,1.14
2026-09-25T19:39:06Z,closing,d4b069a134ec3ae75f0a644498b793c6,2026-09-25T20:05:00Z,New York Yankees,Baltimore Orioles,draftkings,alternate_spreads,Baltimore Orioles,3.5,1.12
2026-09-25T19:39:06Z,closing,d4b069a134ec3ae75f0a644498b793c6,2026-09-25T20:05:00Z,New York Yankees,Baltimore Orioles,draftkings,alternate_spreads,Baltimore Orioles,4.0,1.07
2026-09-25T19:39:06Z,closing,d4b069a134ec3ae75f0a644498b793c6,2026-09-25T20:05:00Z,New York Yankees,Baltimore Orioles,draftkings,alternate_spreads,Baltimore Orioles,4.5,1.06
2026-09-25T19:39:06Z,closing,d4b069a134ec3ae75f0a644498b793c6,2026-09-25T20:05:00Z,New York Yankees,Baltimore Orioles,draftkings,alternate_spreads,New York Yankees,5.0,1.04
2026-09-25T19:39:06Z,closing,d4b069a134ec3ae75f0a644498b793c6,2026-09-25T20:05:00Z,New York Yankees,Baltimore Orioles,draftkings,alternate_spreads,New York Yankees,4.5,1.08
2026-09-25T19:39:06Z,closing,d4b069a134ec3ae75f0a644498b793c6,2026-09-25T20:05:00Z,New York Yankees,Baltimore Orioles,draftkings,alternate_spreads,New York Yankees,4.0,1.09
2026-09-25T19:39:06Z,closing,d4b069a134ec3ae75f0a644498b793c6,2026-09-25T20:05:00Z,New York Yankees,Baltimore Orioles,draftkings,alternate_spreads,New York Yankees,3.5,1.16
2026-09-25T19:39:06Z,closing,d4b069a134ec3ae75f0a644498b793c6,2026-09-25T20:05:00Z,New York Yankees,Baltimore Orioles,draftkings,alternate_spreads,New York Yankees,3.0,1.18
2026-09-25T19:39:06Z,closing,d4b069a134ec3ae75f0a644498b793c6,2026-09-25T20:05:00Z,New York Yankees,Baltimore Orioles,draftkings,alternate_spreads,New York Yankees,2.5,1.28
2026-09-25T19:39:06Z,closing,d4b069a134ec3ae75f0a644498b793c6,2026-09-25T20:05:00Z,New York Yankees,Baltimore Orioles,draftkings,alternate_spreads,New York Yankees,2.0,1.33
2026-09-25T19:39:06Z,closing,d4b069a134ec3ae75f0a644498b793c6,2026-09-25T20:05:00Z,New York Yankees,Baltimore Orioles,draftkings,alternate_spreads,New York Yankees,1.0,1.62
2026-09-25T19:39:06Z,closing,d4b069a134ec3ae75f0a644498b793c6,2026-09-25T20:05:00Z,New York Yankees,Baltimore Orioles,draftkings,alternate_spreads,New York Yankees,-1.0,2.38
2026-09-25T19:39:06Z,closing,d4b069a134ec3ae75f0a644498b793c6,2026-09-25T20:05:00Z,New York Yankees,Baltimore Orioles,draftkings,alternate_spreads,New York Yankees,-1.5,2.87
2026-09-25T19:39:06Z,closing,d4b069a134ec3ae75f0a644498b793c6,2026-09-25T20:05:00Z,New York Yankees,Baltimore Orioles,draftkings,alternate_spreads,New York Yankees,-2.0,3.7
2026-09-25T19:39:06Z,closing,d4b069a134ec3ae75f0a644498b793c6,2026-09-25T20:05:00Z,New York Yankees,Baltimore Orioles,draftkings,alternate_spreads,New York Yankees,-2.5,4.06
2026-09-25T19:39:06Z,closing,d4b069a134ec3ae75f0a644498b793c6,2026-09-25T20:05:00Z,New York Yankees,Baltimore Orioles,draftkings,alternate_spreads,New York Yankees,-3.0,5.44
2026-09-25T19:39:06Z,closing,d4b069a134ec3ae75f0a644498b793c6,2026-09-25T20:05:00Z,New York Yankees,Baltimore Orioles,draftkings,alternate_spreads,New York Yankees,-3.5,5.78
2026-09-25T19:39:06Z,closing,d4b069a134ec3ae75f0a644498b793c6,2026-09-25T20:05:00Z,New York Yankees,Baltimore Orioles,draftkings,alternate_spreads,New York Yankees,-4.0,7.8
2026-09-25T19:39:06Z,closing,d4b069a134ec3ae75f0a644498b793c6,2026-09-25T20:05:00Z,New York Yankees,Baltimore Orioles,draftkings,alternate_spreads,New York Yankees,-4.5,8.1
2026-09-25T19:39:06Z,closing,d4b069a134ec3ae75f0a644498b793c6,2026-09-25T20:05:00Z,New York Yankees,Baltimore Orioles,draftkings,alternate_totals,Over,3.5,1.14
2026-09-25T19:39:06Z,closing,d4b069a134ec3ae75f0a644498b793c6,2026-09-25T20:05:00Z,New York Yankees,Baltimore Orioles,draftkings,alternate_totals,Over,4.0,1.15
2026-09-25T19:39:06Z,closing,d4b069a134ec3ae75f0a644498b793c6,2026-09-25T20:05:00Z,New York Yankees,Baltimore Orioles,draftkings,alternate_totals,Over,4.5,1.24
2026-09-25T19:39:06Z,closing,d4b069a134ec3ae75f0a644498b793c6,2026-09-25T20:05:00Z,New York Yankees,Baltimore Orioles,draftkings,alternate_totals,Over,5.0,1.29
2026-09-25T19:39:06Z,closing,d4b069a134ec3ae75f0a644498b793c6,2026-09-25T20:05:00Z,New York Yankees,Baltimore Orioles,draftkings,alternate_totals,Over,5.5,1.47
2026-09-25T19:39:06Z,closing,d4b069a134ec3ae75f0a644498b793c6,2026-09-25T20:05:00Z,New York Yankees,Baltimore Orioles,draftkings,alternate_totals,Over,6.0,1.55
2026-09-25T19:39:06Z,closing,d4b069a134ec3ae75f0a644498b793c6,2026-09-25T20:05:00Z,New York Yankees,Baltimore Orioles,draftkings,alternate_totals,Over,6.5,1.7
2026-09-25T19:39:06Z,closing,d4b069a134ec3ae75f0a644498b793c6,2026-09-25T20:05:00Z,New York Yankees,Baltimore Orioles,draftkings,alternate_totals,Over,7.5,2.15
2026-09-25T19:39:06Z,closing,d4b069a134ec3ae75f0a644498b793c6,2026-09-25T20:05:00Z,New York Yankees,Baltimore Orioles,draftkings,alternate_totals,Over,8.0,2.4
2026-09-25T19:39:06Z,closing,d4b069a134ec3ae75f0a644498b793c6,2026-09-25T20:05:00Z,New York Yankees,Baltimore Orioles,draftkings,alternate_totals,Over,8.5,2.59
2026-09-25T19:39:06Z,closing,d4b069a134ec3ae75f0a644498b793c6,2026-09-25T20:05:00Z,New York Yankees,Baltimore Orioles,draftkings,alternate_totals,Over,9.0,3.17
2026-09-25T19:39:06Z,closing,d4b069a134ec3ae75f0a644498b793c6,2026-09-25T20:05:00Z,New York Yankees,Baltimore Orioles,draftkings,alternate_totals,Over,9.5,3.48
2026-09-25T19:39:06Z,closing,d4b069a134ec3ae75f0a644498b793c6,2026-09-25T20:05:00Z,New York Yankees,Baltimore Orioles,draftkings,alternate_totals,Over,10.0,4.1
2026-09-25T19:39:06Z,closing,d4b069a134ec3ae75f0a644498b793c6,2026-09-25T20:05:00Z,New York Yankees,Baltimore Orioles,draftkings,alternate_totals,Over,10.5,4.3
2026-09-25T19:39:06Z,closing,d4b069a134ec3ae75f0a644498b793c6,2026-09-25T20:05:00Z,New York Yankees,Baltimore Orioles,draftkings,alternate_totals,Over,11.0,5.6
2026-09-25T19:39:06Z,closing,d4b069a134ec3ae75f0a644498b793c6,2026-09-25T20:05:00Z,New York Yankees,Baltimore Orioles,draftkings,alternate_totals,Over,11.5,5.9
2026-09-25T19:39:06Z,closing,d4b069a134ec3ae75f0a644498b793c6,2026-09-25T20:05:00Z,New York Yankees,Baltimore Orioles,draftkings,alternate_totals,Under,3.5,5.41
2026-09-25T19:39:06Z,closing,d4b069a134ec3ae75f0a644498b793c6,2026-09-25T20:05:00Z,New York Yankees,Baltimore Orioles,draftkings,alternate_totals,Under,4.0,5.09
2026-09-25T19:39:06Z,closing,d4b069a134ec3ae75f0a644498b793c6,2026-09-25T20:05:00Z,New York Yankees,Baltimore Orioles,draftkings,alternate_totals,Under,4.5,3.91
2026-09-25T19:39:06Z,closing,d4b069a134ec3ae75f0a644498b793c6,2026-09-25T20:05:00Z,New York Yankees,Baltimore Orioles,draftkings,alternate_totals,Under,5.0,3.47
2026-09-25T19:39:06Z,closing,d4b069a134ec3ae75f0a644498b793c6,2026-09-25T20:05:00Z,New York Yankees,Baltimore Orioles,draftkings,alternate_totals,Under,5.5,2.6
2026-09-25T19:39:06Z,closing,d4b069a134ec3ae75f0a644498b793c6,2026-09-25T20:05:00Z,New York Yankees,Baltimore Orioles,draftkings,alternate_totals,Under,6.0,2.38
2026-09-25T19:39:06Z,closing,d4b069a134ec3ae75f0a644498b793c6,2026-09-25T20:05:00Z,New York Yankees,Baltimore Orioles,draftkings,alternate_totals,Under,6.5,2.1
2026-09-25T19:39:06Z,closing,d4b069a134ec3ae75f0a644498b793c6,2026-09-25T20:05:00Z,New York Yankees,Baltimore Orioles,draftkings,alternate_totals,Under,7.5,1.67
2026-09-25T19:39:06Z,closing,d4b069a134ec3ae75f0a644498b793c6,2026-09-25T20:05:00Z,New York Yankees,Baltimore Orioles,draftkings,alternate_totals,Under,8.0,1.54
2026-09-25T19:39:06Z,closing,d4b069a134ec3ae75f0a644498b793c6,2026-09-25T20:05:00Z,New York Yankees,Baltimore Orioles,draftkings,alternate_totals,Under,8.5,1.47
2026-09-25T19:39:06Z,closing,d4b069a134ec3ae75f0a644498b793c6,2026-09-25T20:05:00Z,New York Yankees,Baltimore Orioles,draftkings,alternate_totals,Under,9.0,1.33
2026-09-25T19:39:06Z,closing,d4b069a134ec3ae75f0a644498b793c6,2026-09-25T20:05:00Z,New York Yankees,Baltimore Orioles,draftkings,alternate_totals,Under,9.5,1.29
2026-09-25T19:39:06Z,closing,d4b069a134ec3ae75f0a644498b793c6,2026-09-25T20:05:00Z,New York Yankees,Baltimore Orioles,draftkings,alternate_totals,Under,10.0,1.22
2026-09-25T19:39:06Z,closing,d4b069a134ec3ae75f0a644498b793c6,2026-09-25T20:05:00Z,New York Yankees,Baltimore Orioles,draftkings,alternate_totals,Under,10.5,1.2
2026-09-25T19:39:06Z,closing,d4b069a134ec3ae75f0a644498b793c6,2026-09-25T20:05:00Z,New York Yankees,Baltimore Orioles,draftkings,alternate_totals,Under,11.0,1.13
2026-09-25T19:39:06Z,closing,d4b069a134ec3ae75f0a644498b793c6,2026-09-25T20:05:00Z,New York Yankees,Baltimore Orioles,draftkings,alternate_totals,Under,11.5,1.12
2026-09-25T19:39:06Z,closing,d4b069a134ec3ae75f0a644498b793c6,2026-09-25T20:05:00Z,New York Yankees,Baltimore Orioles,coolbet,alternate_spreads,Baltimore Orioles,2.5,1.26
2026-09-25T19:39:06Z,closing,d4b069a134ec3ae75f0a644498b793c6,2026-09-25T20:05:00Z,New York Yankees,Baltimore Orioles,coolbet,alternate_spreads,Baltimore Orioles,-2.5,3.5
2026-09-25T19:39:06Z,closing,d4b069a134ec3ae75f0a644498b793c6,2026-09-25T20:05:00Z,New York Yankees,Baltimore Orioles,coolbet,alternate_spreads,Baltimore Orioles,-3.5,4.8
2026-09-25T19:39:06Z,closing,d4b069a134ec3ae75f0a644498b793c6,2026-09-25T20:05:00Z,New York Yankees,Baltimore Orioles,coolbet,alternate_spreads,Baltimore Orioles,-1.5,2.67
2026-09-25T19:39:06Z,closing,d4b069a134ec3ae75f0a644498b793c6,2026-09-25T20:05:00Z,New York Yankees,Baltimore Orioles,coolbet,alternate_spreads,Baltimore Orioles,1.5,1.44
2026-09-25T19:39:06Z,closing,d4b069a134ec3ae75f0a644498b793c6,2026-09-25T20:05:00Z,New York Yankees,Baltimore Orioles,coolbet,alternate_spreads,New York Yankees,-2.5,3.9
2026-09-25T19:39:06Z,closing,d4b069a134ec3ae75f0a644498b793c6,2026-09-25T20:05:00Z,New York Yankees,Baltimore Orioles,coolbet,alternate_spreads,New York Yankees,2.5,1.3
2026-09-25T19:39:06Z,closing,d4b069a134ec3ae75f0a644498b793c6,2026-09-25T20:05:00Z,New York Yankees,Baltimore Orioles,coolbet,alternate_spreads,New York Yankees,3.5,1.19
2026-09-25T19:39:06Z,closing,d4b069a134ec3ae75f0a644498b793c6,2026-09-25T20:05:00Z,New York Yankees,Baltimore Orioles,coolbet,alternate_spreads,New York Yankees,1.5,1.48
2026-09-25T19:39:06Z,closing,d4b069a134ec3ae75f0a644498b793c6,2026-09-25T20:05:00Z,New York Yankees,Baltimore Orioles,coolbet,alternate_spreads,New York Yankees,-1.5,2.8
2026-09-25T19:39:06Z,closing,d4b069a134ec3ae75f0a644498b793c6,2026-09-25T20:05:00Z,New York Yankees,Baltimore Orioles,coolbet,alternate_totals,Over,6.5,1.8
2026-09-25T19:39:06Z,closing,d4b069a134ec3ae75f0a644498b793c6,2026-09-25T20:05:00Z,New York Yankees,Baltimore Orioles,coolbet,alternate_totals,Over,7.0,2.02
2026-09-25T19:39:06Z,closing,d4b069a134ec3ae75f0a644498b793c6,2026-09-25T20:05:00Z,New York Yankees,Baltimore Orioles,coolbet,alternate_totals,Over,7.5,2.27
2026-09-25T19:39:06Z,closing,d4b069a134ec3ae75f0a644498b793c6,2026-09-25T20:05:00Z,New York Yankees,Baltimore Orioles,coolbet,alternate_totals,Over,6.0,1.65
2026-09-25T19:39:06Z,closing,d4b069a134ec3ae75f0a644498b793c6,2026-09-25T20:05:00Z,New York Yankees,Baltimore Orioles,coolbet,alternate_totals,Over,8.0,2.55
2026-09-25T19:39:06Z,closing,d4b069a134ec3ae75f0a644498b793c6,2026-09-25T20:05:00Z,New York Yankees,Baltimore Orioles,coolbet,alternate_totals,Over,5.5,1.56
2026-09-25T19:39:06Z,closing,d4b069a134ec3ae75f0a644498b793c6,2026-09-25T20:05:00Z,New York Yankees,Baltimore Orioles,coolbet,alternate_totals,Over,8.5,2.78
2026-09-25T19:39:06Z,closing,d4b069a134ec3ae75f0a644498b793c6,2026-09-25T20:05:00Z,New York Yankees,Baltimore Orioles,coolbet,alternate_totals,Under,6.5,2.02
2026-09-25T19:39:06Z,closing,d4b069a134ec3ae75f0a644498b793c6,2026-09-25T20:05:00Z,New York Yankees,Baltimore Orioles,coolbet,alternate_totals,Under,7.0,1.8
2026-09-25T19:39:06Z,closing,d4b069a134ec3ae75f0a644498b793c6,2026-09-25T20:05:00Z,New York Yankees,Baltimore Orioles,coolbet,alternate_totals,Under,7.5,1.64
2026-09-25T19:39:06Z,closing,d4b069a134ec3ae75f0a644498b793c6,2026-09-25T20:05:00Z,New York Yankees,Baltimore Orioles,coolbet,alternate_totals,Under,6.0,2.25
2026-09-25T19:39:06Z,closing,d4b069a134ec3ae75f0a644498b793c6,2026-09-25T20:05:00Z,New York Yankees,Baltimore Orioles,coolbet,alternate_totals,Under,8.0,1.52
2026-09-25T19:39:06Z,closing,d4b069a134ec3ae75f0a644498b793c6,2026-09-25T20:05:00Z,New York Yankees,Baltimore Orioles,coolbet,alternate_totals,Under,5.5,2.45
2026-09-25T19:39:06Z,closing,d4b069a134ec3ae75f0a644498b793c6,2026-09-25T20:05:00Z,New York Yankees,Baltimore Orioles,coolbet,alternate_totals,Under,8.5,1.45
2026-09-25T19:39:06Z,closing,d4b069a134ec3ae75f0a644498b793c6,2026-09-25T20:05:00Z,New York Yankees,Baltimore Orioles,fanduel,alternate_spreads,Baltimore Orioles,6.5,1.02
2026-09-25T19:39:06Z,closing,d4b069a134ec3ae75f0a644498b793c6,2026-09-25T20:05:00Z,New York Yankees,Baltimore Orioles,fanduel,alternate_spreads,Baltimore Orioles,5.5,1.03
2026-09-25T19:39:06Z,closing,d4b069a134ec3ae75f0a644498b793c6,2026-09-25T20:05:00Z,New York Yankees,Baltimore Orioles,fanduel,alternate_spreads,Baltimore Orioles,4.5,1.06
2026-09-25T19:39:06Z,closing,d4b069a134ec3ae75f0a644498b793c6,2026-09-25T20:05:00Z,New York Yankees,Baltimore Orioles,fanduel,alternate_spreads,Baltimore Orioles,3.5,1.11
2026-09-25T19:39:06Z,closing,d4b069a134ec3ae75f0a644498b793c6,2026-09-25T20:05:00Z,New York Yankees,Baltimore Orioles,fanduel,alternate_spreads,Baltimore Orioles,2.5,1.21
2026-09-25T19:39:06Z,closing,d4b069a134ec3ae75f0a644498b793c6,2026-09-25T20:05:00Z,New York Yankees,Baltimore Orioles,fanduel,alternate_spreads,Baltimore Orioles,1.5,1.38
2026-09-25T19:39:06Z,closing,d4b069a134ec3ae75f0a644498b793c6,2026-09-25T20:05:00Z,New York Yankees,Baltimore Orioles,fanduel,alternate_spreads,Baltimore Orioles,-1.5,2.48
2026-09-25T19:39:06Z,closing,d4b069a134ec3ae75f0a644498b793c6,2026-09-25T20:05:00Z,New York Yankees,Baltimore Orioles,fanduel,alternate_spreads,Baltimore Orioles,-2.5,3.4
2026-09-25T19:39:06Z,closing,d4b069a134ec3ae75f0a644498b793c6,2026-09-25T20:05:00Z,New York Yankees,Baltimore Orioles,fanduel,alternate_spreads,Baltimore Orioles,-3.5,4.7
2026-09-25T19:39:06Z,closing,d4b069a134ec3ae75f0a644498b793c6,2026-09-25T20:05:00Z,New York Yankees,Baltimore Orioles,fanduel,alternate_spreads,Baltimore Orioles,-4.5,6.6
2026-09-25T19:39:06Z,closing,d4b069a134ec3ae75f0a644498b793c6,2026-09-25T20:05:00Z,New York Yankees,Baltimore Orioles,fanduel,alternate_spreads,Baltimore Orioles,-5.5,8.5
2026-09-25T19:39:06Z,closing,d4b069a134ec3ae75f0a644498b793c6,2026-09-25T20:05:00Z,New York Yankees,Baltimore Orioles,fanduel,alternate_spreads,Baltimore Orioles,-6.5,11.0
2026-09-25T19:39:06Z,closing,d4b069a134ec3ae75f0a644498b793c6,2026-09-25T20:05:00Z,New York Yankees,Baltimore Orioles,fanduel,alternate_spreads,Baltimore Orioles,-7.5,13.0
2026-09-25T19:39:06Z,closing,d4b069a134ec3ae75f0a644498b793c6,2026-09-25T20:05:00Z,New York Yankees,Baltimore Orioles,fanduel,alternate_spreads,Baltimore Orioles,-8.5,15.0
2026-09-25T19:39:06Z,closing,d4b069a134ec3ae75f0a644498b793c6,2026-09-25T20:05:00Z,New York Yankees,Baltimore Orioles,fanduel,alternate_spreads,New York Yankees,-8.5,16.0
2026-09-25T19:39:06Z,closing,d4b069a134ec3ae75f0a644498b793c6,2026-09-25T20:05:00Z,New York Yankees,Baltimore Orioles,fanduel,alternate_spreads,New York Yankees,-7.5,15.0
2026-09-25T19:39:06Z,closing,d4b069a134ec3ae75f0a644498b793c6,2026-09-25T20:05:00Z,New York Yankees,Baltimore Orioles,fanduel,alternate_spreads,New York Yankees,-6.5,13.0
2026-09-25T19:39:06Z,closing,d4b069a134ec3ae75f0a644498b793c6,2026-09-25T20:05:00Z,New York Yankees,Baltimore Orioles,fanduel,alternate_spreads,New York Yankees,-5.5,11.0
2026-09-25T19:39:06Z,closing,d4b069a134ec3ae75f0a644498b793c6,2026-09-25T20:05:00Z,New York Yankees,Baltimore Orioles,fanduel,alternate_spreads,New York Yankees,-4.5,8.5
2026-09-25T19:39:06Z,closing,d4b069a134ec3ae75f0a644498b793c6,2026-09-25T20:05:00Z,New York Yankees,Baltimore Orioles,fanduel,alternate_spreads,New York Yankees,-3.5,6.2
2026-09-25T19:39:06Z,closing,d4b069a134ec3ae75f0a644498b793c6,2026-09-25T20:05:00Z,New York Yankees,Baltimore Orioles,fanduel,alternate_spreads,New York Yankees,-2.5,4.3
2026-09-25T19:39:06Z,closing,d4b069a134ec3ae75f0a644498b793c6,2026-09-25T20:05:00Z,New York Yankees,Baltimore Orioles,fanduel,alternate_spreads,New York Yankees,-1.5,3.0
2026-09-25T19:39:06Z,closing,d4b069a134ec3ae75f0a644498b793c6,2026-09-25T20:05:00Z,New York Yankees,Baltimore Orioles,fanduel,alternate_spreads,New York Yankees,1.5,1.52
2026-09-25T19:39:06Z,closing,d4b069a134ec3ae75f0a644498b793c6,2026-09-25T20:05:00Z,New York Yankees,Baltimore Orioles,fanduel,alternate_spreads,New York Yankees,2.5,1.3
2026-09-25T19:39:06Z,closing,d4b069a134ec3ae75f0a644498b793c6,2026-09-25T20:05:00Z,New York Yankees,Baltimore Orioles,fanduel,alternate_spreads,New York Yankees,3.5,1.18
2026-09-25T19:39:06Z,closing,d4b069a134ec3ae75f0a644498b793c6,2026-09-25T20:05:00Z,New York Yankees,Baltimore Orioles,fanduel,alternate_spreads,New York Yankees,4.5,1.1
2026-09-25T19:39:06Z,closing,d4b069a134ec3ae75f0a644498b793c6,2026-09-25T20:05:00Z,New York Yankees,Baltimore Orioles,fanduel,alternate_spreads,New York Yankees,5.5,1.06
2026-09-25T19:39:06Z,closing,d4b069a134ec3ae75f0a644498b793c6,2026-09-25T20:05:00Z,New York Yankees,Baltimore Orioles,fanduel,alternate_spreads,New York Yankees,6.5,1.03
2026-09-25T19:39:06Z,closing,d4b069a134ec3ae75f0a644498b793c6,2026-09-25T20:05:00Z,New York Yankees,Baltimore Orioles,fanduel,alternate_spreads,New York Yankees,7.5,1.02
2026-09-25T19:39:06Z,closing,d4b069a134ec3ae75f0a644498b793c6,2026-09-25T20:05:00Z,New York Yankees,Baltimore Orioles,fanduel,alternate_totals,Over,2.5,1.04
2026-09-25T19:39:06Z,closing,d4b069a134ec3ae75f0a644498b793c6,2026-09-25T20:05:00Z,New York Yankees,Baltimore Orioles,fanduel,alternate_totals,Over,3.5,1.15
2026-09-25T19:39:06Z,closing,d4b069a134ec3ae75f0a644498b793c6,2026-09-25T20:05:00Z,New York Yankees,Baltimore Orioles,fanduel,alternate_totals,Over,4.5,1.26
2026-09-25T19:39:06Z,closing,d4b069a134ec3ae75f0a644498b793c6,2026-09-25T20:05:00Z,New York Yankees,Baltimore Orioles,fanduel,alternate_totals,Over,5.5,1.53
2026-09-25T19:39:06Z,closing,d4b069a134ec3ae75f0a644498b793c6,2026-09-25T20:05:00Z,New York Yankees,Baltimore Orioles,fanduel,alternate_totals,Over,6.5,1.77
2026-09-25T19:39:06Z,closing,d4b069a134ec3ae75f0a644498b793c6,2026-09-25T20:05:00Z,New York Yankees,Baltimore Orioles,fanduel,alternate_totals,Over,7.5,2.34
2026-09-25T19:39:06Z,closing,d4b069a134ec3ae75f0a644498b793c6,2026-09-25T20:05:00Z,New York Yankees,Baltimore Orioles,fanduel,alternate_totals,Over,8.5,2.9
2026-09-25T19:39:06Z,closing,d4b069a134ec3ae75f0a644498b793c6,2026-09-25T20:05:00Z,New York Yankees,Baltimore Orioles,fanduel,alternate_totals,Over,9.5,3.9
2026-09-25T19:39:06Z,closing,d4b069a134ec3ae75f0a644498b793c6,2026-09-25T20:05:00Z,New York Yankees,Baltimore Orioles,fanduel,alternate_totals,Over,10.5,5.0
2026-09-25T19:39:06Z,closing,d4b069a134ec3ae75f0a644498b793c6,2026-09-25T20:05:00Z,New York Yankees,Baltimore Orioles,fanduel,alternate_totals,Over,11.5,7.0
2026-09-25T19:39:06Z,closing,d4b069a134ec3ae75f0a644498b793c6,2026-09-25T20:05:00Z,New York Yankees,Baltimore Orioles,fanduel,alternate_totals,Over,12.5,9.0
2026-09-25T19:39:06Z,closing,d4b069a134ec3ae75f0a644498b793c6,2026-09-25T20:05:00Z,New York Yankees,Baltimore Orioles,fanduel,alternate_totals,Over,13.5,12.0
2026-09-25T19:39:06Z,closing,d4b069a134ec3ae75f0a644498b793c6,2026-09-25T20:05:00Z,New York Yankees,Baltimore Orioles,fanduel,alternate_totals,Over,14.5,15.0
2026-09-25T19:39:06Z,closing,d4b069a134ec3ae75f0a644498b793c6,2026-09-25T20:05:00Z,New York Yankees,Baltimore Orioles,fanduel,alternate_totals,Over,15.5,18.0
2026-09-25T19:39:06Z,closing,d4b069a134ec3ae75f0a644498b793c6,2026-09-25T20:05:00Z,New York Yankees,Baltimore Orioles,fanduel,alternate_totals,Under,1.5,15.0
2026-09-25T19:39:06Z,closing,d4b069a134ec3ae75f0a644498b793c6,2026-09-25T20:05:00Z,New York Yankees,Baltimore Orioles,fanduel,alternate_totals,Under,2.5,10.0
2026-09-25T19:39:06Z,closing,d4b069a134ec3ae75f0a644498b793c6,2026-09-25T20:05:00Z,New York Yankees,Baltimore Orioles,fanduel,alternate_totals,Under,3.5,5.2
2026-09-25T19:39:06Z,closing,d4b069a134ec3ae75f0a644498b793c6,2026-09-25T20:05:00Z,New York Yankees,Baltimore Orioles,fanduel,alternate_totals,Under,4.5,3.8
2026-09-25T19:39:06Z,closing,d4b069a134ec3ae75f0a644498b793c6,2026-09-25T20:05:00Z,New York Yankees,Baltimore Orioles,fanduel,alternate_totals,Under,5.5,2.46
2026-09-25T19:39:06Z,closing,d4b069a134ec3ae75f0a644498b793c6,2026-09-25T20:05:00Z,New York Yankees,Baltimore Orioles,fanduel,alternate_totals,Under,6.5,2.0
2026-09-25T19:39:06Z,closing,d4b069a134ec3ae75f0a644498b793c6,2026-09-25T20:05:00Z,New York Yankees,Baltimore Orioles,fanduel,alternate_totals,Under,7.5,1.58
2026-09-25T19:39:06Z,closing,d4b069a134ec3ae75f0a644498b793c6,2026-09-25T20:05:00Z,New York Yankees,Baltimore Orioles,fanduel,alternate_totals,Under,8.5,1.4
2026-09-25T19:39:06Z,closing,d4b069a134ec3ae75f0a644498b793c6,2026-09-25T20:05:00Z,New York Yankees,Baltimore Orioles,fanduel,alternate_totals,Under,9.5,1.24
2026-09-25T19:39:06Z,closing,d4b069a134ec3ae75f0a644498b793c6,2026-09-25T20:05:00Z,New York Yankees,Baltimore Orioles,fanduel,alternate_totals,Under,10.5,1.16
2026-09-25T19:39:06Z,closing,d4b069a134ec3ae75f0a644498b793c6,2026-09-25T20:05:00Z,New York Yankees,Baltimore Orioles,fanduel,alternate_totals,Under,11.5,1.09
2026-09-25T19:39:06Z,closing,d4b069a134ec3ae75f0a644498b793c6,2026-09-25T20:05:00Z,New York Yankees,Baltimore Orioles,fanduel,alternate_totals,Under,12.5,1.06
2026-09-25T19:39:06Z,closing,d4b069a134ec3ae75f0a644498b793c6,2026-09-25T20:05:00Z,New York Yankees,Baltimore Orioles,fanduel,alternate_totals,Under,13.5,1.02
2026-09-25T19:39:06Z,closing,d4b069a134ec3ae75f0a644498b793c6,2026-09-25T20:05:00Z,New York Yankees,Baltimore Orioles,betrivers,alternate_spreads,Baltimore Orioles,-2.0,3.0
2026-09-25T19:39:06Z,closing,d4b069a134ec3ae75f0a644498b793c6,2026-09-25T20:05:00Z,New York Yankees,Baltimore Orioles,betrivers,alternate_spreads,Baltimore Orioles,1.5,1.43
2026-09-25T19:39:06Z,closing,d4b069a134ec3ae75f0a644498b793c6,2026-09-25T20:05:00Z,New York Yankees,Baltimore Orioles,betrivers,alternate_spreads,Baltimore Orioles,-1.5,2.48
2026-09-25T19:39:06Z,closing,d4b069a134ec3ae75f0a644498b793c6,2026-09-25T20:05:00Z,New York Yankees,Baltimore Orioles,betrivers,alternate_spreads,Baltimore Orioles,2.0,1.27
2026-09-25T19:39:06Z,closing,d4b069a134ec3ae75f0a644498b793c6,2026-09-25T20:05:00Z,New York Yankees,Baltimore Orioles,betrivers,alternate_spreads,New York Yankees,2.0,1.4
2026-09-25T19:39:06Z,closing,d4b069a134ec3ae75f0a644498b793c6,2026-09-25T20:05:00Z,New York Yankees,Baltimore Orioles,betrivers,alternate_spreads,New York Yankees,-1.5,2.88
2026-09-25T19:39:06Z,closing,d4b069a134ec3ae75f0a644498b793c6,2026-09-25T20:05:00Z,New York Yankees,Baltimore Orioles,betrivers,alternate_spreads,New York Yankees,1.5,1.55
2026-09-25T19:39:06Z,closing,d4b069a134ec3ae75f0a644498b793c6,2026-09-25T20:05:00Z,New York Yankees,Baltimore Orioles,betrivers,alternate_spreads,New York Yankees,-2.0,3.7
2026-09-25T19:39:06Z,closing,d4b069a134ec3ae75f0a644498b793c6,2026-09-25T20:05:00Z,New York Yankees,Baltimore Orioles,betrivers,alternate_totals,Over,10.5,4.35
2026-09-25T19:39:06Z,closing,d4b069a134ec3ae75f0a644498b793c6,2026-09-25T20:05:00Z,New York Yankees,Baltimore Orioles,betrivers,alternate_totals,Over,4.5,1.34
2026-09-25T19:39:06Z,closing,d4b069a134ec3ae75f0a644498b793c6,2026-09-25T20:05:00Z,New York Yankees,Baltimore Orioles,betrivers,alternate_totals,Over,9.0,3.05
2026-09-25T19:39:06Z,closing,d4b069a134ec3ae75f0a644498b793c6,2026-09-25T20:05:00Z,New York Yankees,Baltimore Orioles,betrivers,alternate_totals,Over,8.5,2.75
2026-09-25T19:39:06Z,closing,d4b069a134ec3ae75f0a644498b793c6,2026-09-25T20:05:00Z,New York Yankees,Baltimore Orioles,betrivers,alternate_totals,Over,7.5,2.3
2026-09-25T19:39:06Z,closing,d4b069a134ec3ae75f0a644498b793c6,2026-09-25T20:05:00Z,New York Yankees,Baltimore Orioles,betrivers,alternate_totals,Over,5.5,1.57
2026-09-25T19:39:06Z,closing,d4b069a134ec3ae75f0a644498b793c6,2026-09-25T20:05:00Z,New York Yankees,Baltimore Orioles,betrivers,alternate_totals,Over,9.5,3.55
2026-09-25T19:39:06Z,closing,d4b069a134ec3ae75f0a644498b793c6,2026-09-25T20:05:00Z,New York Yankees,Baltimore Orioles,betrivers,alternate_totals,Over,8.0,2.43
2026-09-25T19:39:06Z,closing,d4b069a134ec3ae75f0a644498b793c6,2026-09-25T20:05:00Z,New York Yankees,Baltimore Orioles,betrivers,alternate_totals,Over,5.0,1.38
2026-09-25T19:39:06Z,closing,d4b069a134ec3ae75f0a644498b793c6,2026-09-25T20:05:00Z,New York Yankees,Baltimore Orioles,betrivers,alternate_totals,Over,6.5,1.83
2026-09-25T19:39:06Z,closing,d4b069a134ec3ae75f0a644498b793c6,2026-09-25T20:05:00Z,New York Yankees,Baltimore Orioles,betrivers,alternate_totals,Over,11.0,4.8
2026-09-25T19:39:06Z,closing,d4b069a134ec3ae75f0a644498b793c6,2026-09-25T20:05:00Z,New York Yankees,Baltimore Orioles,betrivers,alternate_totals,Over,10.0,3.8
2026-09-25T19:39:06Z,closing,d4b069a134ec3ae75f0a644498b793c6,2026-09-25T20:05:00Z,New York Yankees,Baltimore Orioles,betrivers,alternate_totals,Over,6.0,1.64
2026-09-25T19:39:06Z,closing,d4b069a134ec3ae75f0a644498b793c6,2026-09-25T20:05:00Z,New York Yankees,Baltimore Orioles,betrivers,alternate_totals,Over,7.0,1.97
2026-09-25T19:39:06Z,closing,d4b069a134ec3ae75f0a644498b793c6,2026-09-25T20:05:00Z,New York Yankees,Baltimore Orioles,betrivers,alternate_totals,Under,10.5,1.22
2026-09-25T19:39:06Z,closing,d4b069a134ec3ae75f0a644498b793c6,2026-09-25T20:05:00Z,New York Yankees,Baltimore Orioles,betrivers,alternate_totals,Under,4.5,3.3
2026-09-25T19:39:06Z,closing,d4b069a134ec3ae75f0a644498b793c6,2026-09-25T20:05:00Z,New York Yankees,Baltimore Orioles,betrivers,alternate_totals,Under,9.0,1.32
2026-09-25T19:39:06Z,closing,d4b069a134ec3ae75f0a644498b793c6,2026-09-25T20:05:00Z,New York Yankees,Baltimore Orioles,betrivers,alternate_totals,Under,8.5,1.45
2026-09-25T19:39:06Z,closing,d4b069a134ec3ae75f0a644498b793c6,2026-09-25T20:05:00Z,New York Yankees,Baltimore Orioles,betrivers,alternate_totals,Under,7.5,1.63
2026-09-25T19:39:06Z,closing,d4b069a134ec3ae75f0a644498b793c6,2026-09-25T20:05:00Z,New York Yankees,Baltimore Orioles,betrivers,alternate_totals,Under,5.5,2.38
2026-09-25T19:39:06Z,closing,d4b069a134ec3ae75f0a644498b793c6,2026-09-25T20:05:00Z,New York Yankees,Baltimore Orioles,betrivers,alternate_totals,Under,9.5,1.3
2026-09-25T19:39:06Z,closing,d4b069a134ec3ae75f0a644498b793c6,2026-09-25T20:05:00Z,New York Yankees,Baltimore Orioles,betrivers,alternate_totals,Under,8.0,1.48
2026-09-25T19:39:06Z,closing,d4b069a134ec3ae75f0a644498b793c6,2026-09-25T20:05:00Z,New York Yankees,Baltimore Orioles,betrivers,alternate_totals,Under,5.0,2.75
2026-09-25T19:39:06Z,closing,d4b069a134ec3ae75f0a644498b793c6,2026-09-25T20:05:00Z,New York Yankees,Baltimore Orioles,betrivers,alternate_totals,Under,6.5,1.97
2026-09-25T19:39:06Z,closing,d4b069a134ec3ae75f0a644498b793c6,2026-09-25T20:05:00Z,New York Yankees,Baltimore Orioles,betrivers,alternate_totals,Under,11.0,1.13
2026-09-25T19:39:06Z,closing,d4b069a134ec3ae75f0a644498b793c6,2026-09-25T20:05:00Z,New York Yankees,Baltimore Orioles,betrivers,alternate_totals,Under,10.0,1.21
2026-09-25T19:39:06Z,closing,d4b069a134ec3ae75f0a644498b793c6,2026-09-25T20:05:00Z,New York Yankees,Baltimore Orioles,betrivers,alternate_totals,Under,6.0,2.1
2026-09-25T19:39:06Z,closing,d4b069a134ec3ae75f0a644498b793c6,2026-09-25T20:05:00Z,New York Yankees,Baltimore Orioles,betrivers,alternate_totals,Under,7.0,1.72
2026-09-25T19:39:06Z,closing,d4b069a134ec3ae75f0a644498b793c6,2026-09-25T20:05:00Z,New York Yankees,Baltimore Orioles,betmgm,alternate_spreads,Baltimore Orioles,2.5,1.2
2026-09-25T19:39:06Z,closing,d4b069a134ec3ae75f0a644498b793c6,2026-09-25T20:05:00Z,New York Yankees,Baltimore Orioles,betmgm,alternate_spreads,Baltimore Orioles,1.5,1.36
2026-09-25T19:39:06Z,closing,d4b069a134ec3ae75f0a644498b793c6,2026-09-25T20:05:00Z,New York Yankees,Baltimore Orioles,betmgm,alternate_spreads,Baltimore Orioles,-1.5,2.65
2026-09-25T19:39:06Z,closing,d4b069a134ec3ae75f0a644498b793c6,2026-09-25T20:05:00Z,New York Yankees,Baltimore Orioles,betmgm,alternate_spreads,Baltimore Orioles,-2.5,3.7
2026-09-25T19:39:06Z,closing,d4b069a134ec3ae75f0a644498b793c6,2026-09-25T20:05:00Z,New York Yankees,Baltimore Orioles,betmgm,alternate_spreads,Baltimore Orioles,3.5,1.11
2026-09-25T19:39:06Z,closing,d4b069a134ec3ae75f0a644498b793c6,2026-09-25T20:05:00Z,New York Yankees,Baltimore Orioles,betmgm,alternate_spreads,Baltimore Orioles,-3.5,5.0
2026-09-25T19:39:06Z,closing,d4b069a134ec3ae75f0a644498b793c6,2026-09-25T20:05:00Z,New York Yankees,Baltimore Orioles,betmgm,alternate_spreads,New York Yankees,-2.5,4.33
2026-09-25T19:39:06Z,closing,d4b069a134ec3ae75f0a644498b793c6,2026-09-25T20:05:00Z,New York Yankees,Baltimore Orioles,betmgm,alternate_spreads,New York Yankees,-1.5,3.0
2026-09-25T19:39:06Z,closing,d4b069a134ec3ae75f0a644498b793c6,2026-09-25T20:05:00Z,New York Yankees,Baltimore Orioles,betmgm,alternate_spreads,New York Yankees,1.5,1.5
2026-09-25T19:39:06Z,closing,d4b069a134ec3ae75f0a644498b793c6,2026-09-25T20:05:00Z,New York Yankees,Baltimore Orioles,betmgm,alternate_spreads,New York Yankees,2.5,1.27
2026-09-25T19:39:06Z,closing,d4b069a134ec3ae75f0a644498b793c6,2026-09-25T20:05:00Z,New York Yankees,Baltimore Orioles,betmgm,alternate_spreads,New York Yankees,-3.5,6.0
2026-09-25T19:39:06Z,closing,d4b069a134ec3ae75f0a644498b793c6,2026-09-25T20:05:00Z,New York Yankees,Baltimore Orioles,betmgm,alternate_spreads,New York Yankees,3.5,1.15
2026-09-25T19:39:06Z,closing,d4b069a134ec3ae75f0a644498b793c6,2026-09-25T20:05:00Z,New York Yankees,Baltimore Orioles,betmgm,alternate_totals,Over,3.5,1.15
2026-09-25T19:39:06Z,closing,d4b069a134ec3ae75f0a644498b793c6,2026-09-25T20:05:00Z,New York Yankees,Baltimore Orioles,betmgm,alternate_totals,Over,4.0,1.17
2026-09-25T19:39:06Z,closing,d4b069a134ec3ae75f0a644498b793c6,2026-09-25T20:05:00Z,New York Yankees,Baltimore Orioles,betmgm,alternate_totals,Over,4.5,1.27
2026-09-25T19:39:06Z,closing,d4b069a134ec3ae75f0a644498b793c6,2026-09-25T20:05:00Z,New York Yankees,Baltimore Orioles,betmgm,alternate_totals,Over,5.0,1.33
2026-09-25T19:39:06Z,closing,d4b069a134ec3ae75f0a644498b793c6,2026-09-25T20:05:00Z,New York Yankees,Baltimore Orioles,betmgm,alternate_totals,Over,5.5,1.5
2026-09-25T19:39:06Z,closing,d4b069a134ec3ae75f0a644498b793c6,2026-09-25T20:05:00Z,New York Yankees,Baltimore Orioles,betmgm,alternate_totals,Over,6.0,1.62
2026-09-25T19:39:06Z,closing,d4b069a134ec3ae75f0a644498b793c6,2026-09-25T20:05:00Z,New York Yankees,Baltimore Orioles,betmgm,alternate_totals,Over,6.5,1.8
2026-09-25T19:39:06Z,closing,d4b069a134ec3ae75f0a644498b793c6,2026-09-25T20:05:00Z,New York Yankees,Baltimore Orioles,betmgm,alternate_totals,Over,7.0,2.05
2026-09-25T19:39:06Z,closing,d4b069a134ec3ae75f0a644498b793c6,2026-09-25T20:05:00Z,New York Yankees,Baltimore Orioles,betmgm,alternate_totals,Over,7.5,2.35
2026-09-25T19:39:06Z,closing,d4b069a134ec3ae75f0a644498b793c6,2026-09-25T20:05:00Z,New York Yankees,Baltimore Orioles,betmgm,alternate_totals,Over,8.0,2.7
2026-09-25T19:39:06Z,closing,d4b069a134ec3ae75f0a644498b793c6,2026-09-25T20:05:00Z,New York Yankees,Baltimore Orioles,betmgm,alternate_totals,Over,8.5,2.85
2026-09-25T19:39:06Z,closing,d4b069a134ec3ae75f0a644498b793c6,2026-09-25T20:05:00Z,New York Yankees,Baltimore Orioles,betmgm,alternate_totals,Over,9.0,3.5
2026-09-25T19:39:06Z,closing,d4b069a134ec3ae75f0a644498b793c6,2026-09-25T20:05:00Z,New York Yankees,Baltimore Orioles,betmgm,alternate_totals,Over,9.5,3.9
2026-09-25T19:39:06Z,closing,d4b069a134ec3ae75f0a644498b793c6,2026-09-25T20:05:00Z,New York Yankees,Baltimore Orioles,betmgm,alternate_totals,Over,10.0,4.6
2026-09-25T19:39:06Z,closing,d4b069a134ec3ae75f0a644498b793c6,2026-09-25T20:05:00Z,New York Yankees,Baltimore Orioles,betmgm,alternate_totals,Over,10.5,4.75
2026-09-25T19:39:06Z,closing,d4b069a134ec3ae75f0a644498b793c6,2026-09-25T20:05:00Z,New York Yankees,Baltimore Orioles,betmgm,alternate_totals,Over,11.0,6.25
2026-09-25T19:39:06Z,closing,d4b069a134ec3ae75f0a644498b793c6,2026-09-25T20:05:00Z,New York Yankees,Baltimore Orioles,betmgm,alternate_totals,Over,11.5,6.5
2026-09-25T19:39:06Z,closing,d4b069a134ec3ae75f0a644498b793c6,2026-09-25T20:05:00Z,New York Yankees,Baltimore Orioles,betmgm,alternate_totals,Over,12.0,7.75
2026-09-25T19:39:06Z,closing,d4b069a134ec3ae75f0a644498b793c6,2026-09-25T20:05:00Z,New York Yankees,Baltimore Orioles,betmgm,alternate_totals,Over,2.0,1.01
2026-09-25T19:39:06Z,closing,d4b069a134ec3ae75f0a644498b793c6,2026-09-25T20:05:00Z,New York Yankees,Baltimore Orioles,betmgm,alternate_totals,Over,1.5,1.01
2026-09-25T19:39:06Z,closing,d4b069a134ec3ae75f0a644498b793c6,2026-09-25T20:05:00Z,New York Yankees,Baltimore Orioles,betmgm,alternate_totals,Over,3.0,1.05
2026-09-25T19:39:06Z,closing,d4b069a134ec3ae75f0a644498b793c6,2026-09-25T20:05:00Z,New York Yankees,Baltimore Orioles,betmgm,alternate_totals,Over,2.5,1.04
2026-09-25T19:39:06Z,closing,d4b069a134ec3ae75f0a644498b793c6,2026-09-25T20:05:00Z,New York Yankees,Baltimore Orioles,betmgm,alternate_totals,Under,3.5,5.0
2026-09-25T19:39:06Z,closing,d4b069a134ec3ae75f0a644498b793c6,2026-09-25T20:05:00Z,New York Yankees,Baltimore Orioles,betmgm,alternate_totals,Under,4.0,4.75
2026-09-25T19:39:06Z,closing,d4b069a134ec3ae75f0a644498b793c6,2026-09-25T20:05:00Z,New York Yankees,Baltimore Orioles,betmgm,alternate_totals,Under,4.5,3.7
2026-09-25T19:39:06Z,closing,d4b069a134ec3ae75f0a644498b793c6,2026-09-25T20:05:00Z,New York Yankees,Baltimore Orioles,betmgm,alternate_totals,Under,5.0,3.2
2026-09-25T19:39:06Z,closing,d4b069a134ec3ae75f0a644498b793c6,2026-09-25T20:05:00Z,New York Yankees,Baltimore Orioles,betmgm,alternate_totals,Under,5.5,2.5
2026-09-25T19:39:06Z,closing,d4b069a134ec3ae75f0a644498b793c6,2026-09-25T20:05:00Z,New York Yankees,Baltimore Orioles,betmgm,alternate_totals,Under,6.0,2.25
2026-09-25T19:39:06Z,closing,d4b069a134ec3ae75f0a644498b793c6,2026-09-25T20:05:00Z,New York Yankees,Baltimore Orioles,betmgm,alternate_totals,Under,6.5,2.05
2026-09-25T19:39:06Z,closing,d4b069a134ec3ae75f0a644498b793c6,2026-09-25T20:05:00Z,New York Yankees,Baltimore Orioles,betmgm,alternate_totals,Under,7.0,1.71
2026-09-25T19:39:06Z,closing,d4b069a134ec3ae75f0a644498b793c6,2026-09-25T20:05:00Z,New York Yankees,Baltimore Orioles,betmgm,alternate_totals,Under,7.5,1.56
2026-09-25T19:39:06Z,closing,d4b069a134ec3ae75f0a644498b793c6,2026-09-25T20:05:00Z,New York Yankees,Baltimore Orioles,betmgm,alternate_totals,Under,8.0,1.44
2026-09-25T19:39:06Z,closing,d4b069a134ec3ae75f0a644498b793c6,2026-09-25T20:05:00Z,New York Yankees,Baltimore Orioles,betmgm,alternate_totals,Under,8.5,1.4
2026-09-25T19:39:06Z,closing,d4b069a134ec3ae75f0a644498b793c6,2026-09-25T20:05:00Z,New York Yankees,Baltimore Orioles,betmgm,alternate_totals,Under,9.0,1.29
2026-09-25T19:39:06Z,closing,d4b069a134ec3ae75f0a644498b793c6,2026-09-25T20:05:00Z,New York Yankees,Baltimore Orioles,betmgm,alternate_totals,Under,9.5,1.24
2026-09-25T19:39:06Z,closing,d4b069a134ec3ae75f0a644498b793c6,2026-09-25T20:05:00Z,New York Yankees,Baltimore Orioles,betmgm,alternate_totals,Under,10.0,1.18
2026-09-25T19:39:06Z,closing,d4b069a134ec3ae75f0a644498b793c6,2026-09-25T20:05:00Z,New York Yankees,Baltimore Orioles,betmgm,alternate_totals,Under,10.5,1.17
2026-09-25T19:39:06Z,closing,d4b069a134ec3ae75f0a644498b793c6,2026-09-25T20:05:00Z,New York Yankees,Baltimore Orioles,betmgm,alternate_totals,Under,11.0,1.11
2026-09-25T19:39:06Z,closing,d4b069a134ec3ae75f0a644498b793c6,2026-09-25T20:05:00Z,New York Yankees,Baltimore Orioles,betmgm,alternate_totals,Under,11.5,1.1
2026-09-25T19:39:06Z,closing,d4b069a134ec3ae75f0a644498b793c6,2026-09-25T20:05:00Z,New York Yankees,Baltimore Orioles,betmgm,alternate_totals,Under,12.0,1.07
2026-09-25T19:39:06Z,closing,d4b069a134ec3ae75f0a644498b793c6,2026-09-25T20:05:00Z,New York Yankees,Baltimore Orioles,betmgm,alternate_totals,Under,2.0,13.5
2026-09-25T19:39:06Z,closing,d4b069a134ec3ae75f0a644498b793c6,2026-09-25T20:05:00Z,New York Yankees,Baltimore Orioles,betmgm,alternate_totals,Under,1.5,14.0
2026-09-25T19:39:06Z,closing,d4b069a134ec3ae75f0a644498b793c6,2026-09-25T20:05:00Z,New York Yankees,Baltimore Orioles,betmgm,alternate_totals,Under,3.0,8.75
2026-09-25T19:39:06Z,closing,d4b069a134ec3ae75f0a644498b793c6,2026-09-25T20:05:00Z,New York Yankees,Baltimore Orioles,betmgm,alternate_totals,Under,2.5,9.5
2026-09-25T19:39:06Z,closing,d4b069a134ec3ae75f0a644498b793c6,2026-09-25T20:05:00Z,New York Yankees,Baltimore Orioles,pinnacle,alternate_spreads,Baltimore Orioles,1.5,1.44
2026-09-25T19:39:06Z,closing,d4b069a134ec3ae75f0a644498b793c6,2026-09-25T20:05:00Z,New York Yankees,Baltimore Orioles,pinnacle,alternate_spreads,Baltimore Orioles,-1.5,2.71
2026-09-25T19:39:06Z,closing,d4b069a134ec3ae75f0a644498b793c6,2026-09-25T20:05:00Z,New York Yankees,Baltimore Orioles,pinnacle,alternate_spreads,Baltimore Orioles,-1.0,2.33
2026-09-25T19:39:06Z,closing,d4b069a134ec3ae75f0a644498b793c6,2026-09-25T20:05:00Z,New York Yankees,Baltimore Orioles,pinnacle,alternate_spreads,Baltimore Orioles,1.0,1.59
2026-09-25T19:39:06Z,closing,d4b069a134ec3ae75f0a644498b793c6,2026-09-25T20:05:00Z,New York Yankees,Baltimore Orioles,pinnacle,alternate_spreads,Baltimore Orioles,2.0,1.3
2026-09-25T19:39:06Z,closing,d4b069a134ec3ae75f0a644498b793c6,2026-09-25T20:05:00Z,New York Yankees,Baltimore Orioles,pinnacle,alternate_spreads,Baltimore Orioles,2.5,1.26
2026-09-25T19:39:06Z,closing,d4b069a134ec3ae75f0a644498b793c6,2026-09-25T20:05:00Z,New York Yankees,Baltimore Orioles,pinnacle,alternate_spreads,Baltimore Orioles,3.0,1.17
2026-09-25T19:39:06Z,closing,d4b069a134ec3ae75f0a644498b793c6,2026-09-25T20:05:00Z,New York Yankees,Baltimore Orioles,pinnacle,alternate_spreads,New York Yankees,-1.5,3.02
2026-09-25T19:39:06Z,closing,d4b069a134ec3ae75f0a644498b793c6,2026-09-25T20:05:00Z,New York Yankees,Baltimore Orioles,pinnacle,alternate_spreads,New York Yankees,1.5,1.49
2026-09-25T19:39:06Z,closing,d4b069a134ec3ae75f0a644498b793c6,2026-09-25T20:05:00Z,New York Yankees,Baltimore Orioles,pinnacle,alternate_spreads,New York Yankees,1.0,1.65
2026-09-25T19:39:06Z,closing,d4b069a134ec3ae75f0a644498b793c6,2026-09-25T20:05:00Z,New York Yankees,Baltimore Orioles,pinnacle,alternate_spreads,New York Yankees,-1.0,2.49
2026-09-25T19:39:06Z,closing,d4b069a134ec3ae75f0a644498b793c6,2026-09-25T20:05:00Z,New York Yankees,Baltimore Orioles,pinnacle,alternate_spreads,New York Yankees,-2.0,3.75
2026-09-25T19:39:06Z,closing,d4b069a134ec3ae75f0a644498b793c6,2026-09-25T20:05:00Z,New York Yankees,Baltimore Orioles,pinnacle,alternate_spreads,New York Yankees,-2.5,4.04
2026-09-25T19:39:06Z,closing,d4b069a134ec3ae75f0a644498b793c6,2026-09-25T20:05:00Z,New York Yankees,Baltimore Orioles,pinnacle,alternate_spreads,New York Yankees,-3.0,5.18
2026-09-25T19:39:06Z,closing,d4b069a134ec3ae75f0a644498b793c6,2026-09-25T20:05:00Z,New York Yankees,Baltimore Orioles,pinnacle,alternate_totals,Over,7.0,2.03
2026-09-25T19:39:06Z,closing,d4b069a134ec3ae75f0a644498b793c6,2026-09-25T20:05:00Z,New York Yankees,Baltimore Orioles,pinnacle,alternate_totals,Over,5.5,1.53
2026-09-25T19:39:06Z,closing,d4b069a134ec3ae75f0a644498b793c6,2026-09-25T20:05:00Z,New York Yankees,Baltimore Orioles,pinnacle,alternate_totals,Over,6.0,1.62
2026-09-25T19:39:06Z,closing,d4b069a134ec3ae75f0a644498b793c6,2026-09-25T20:05:00Z,New York Yankees,Baltimore Orioles,pinnacle,alternate_totals,Over,6.5,1.77
2026-09-25T19:39:06Z,closing,d4b069a134ec3ae75f0a644498b793c6,2026-09-25T20:05:00Z,New York Yankees,Baltimore Orioles,pinnacle,alternate_totals,Over,7.5,2.31
2026-09-25T19:39:06Z,closing,d4b069a134ec3ae75f0a644498b793c6,2026-09-25T20:05:00Z,New York Yankees,Baltimore Orioles,pinnacle,alternate_totals,Over,8.0,2.62
2026-09-25T19:39:06Z,closing,d4b069a134ec3ae75f0a644498b793c6,2026-09-25T20:05:00Z,New York Yankees,Baltimore Orioles,pinnacle,alternate_totals,Over,8.5,2.82
2026-09-25T19:39:06Z,closing,d4b069a134ec3ae75f0a644498b793c6,2026-09-25T20:05:00Z,New York Yankees,Baltimore Orioles,pinnacle,alternate_totals,Under,7.0,1.87
2026-09-25T19:39:06Z,closing,d4b069a134ec3ae75f0a644498b793c6,2026-09-25T20:05:00Z,New York Yankees,Baltimore Orioles,pinnacle,alternate_totals,Under,5.5,2.57
2026-09-25T19:39:06Z,closing,d4b069a134ec3ae75f0a644498b793c6,2026-09-25T20:05:00Z,New York Yankees,Baltimore Orioles,pinnacle,alternate_totals,Under,6.0,2.39
2026-09-25T19:39:06Z,closing,d4b069a134ec3ae75f0a644498b793c6,2026-09-25T20:05:00Z,New York Yankees,Baltimore Orioles,pinnacle,alternate_totals,Under,6.5,2.13
2026-09-25T19:39:06Z,closing,d4b069a134ec3ae75f0a644498b793c6,2026-09-25T20:05:00Z,New York Yankees,Baltimore Orioles,pinnacle,alternate_totals,Under,7.5,1.66
2026-09-25T19:39:06Z,closing,d4b069a134ec3ae75f0a644498b793c6,2026-09-25T20:05:00Z,New York Yankees,Baltimore Orioles,pinnacle,alternate_totals,Under,8.0,1.53
2026-09-25T19:39:06Z,closing,d4b069a134ec3ae75f0a644498b793c6,2026-09-25T20:05:00Z,New York Yankees,Baltimore Orioles,pinnacle,alternate_totals,Under,8.5,1.45
2026-09-25T21:11:21Z,closing,c1c95aa0c77e6735bae6602eec2b42be,2026-09-25T21:36:00Z,Boston Red Sox,Chicago Cubs,fanduel,h2h,Boston Red Sox,,2.0
2026-09-25T21:11:21Z,closing,c1c95aa0c77e6735bae6602eec2b42be,2026-09-25T21:36:00Z,Boston Red Sox,Chicago Cubs,fanduel,h2h,Chicago Cubs,,1.85
2026-09-25T21:11:21Z,closing,c1c95aa0c77e6735bae6602eec2b42be,2026-09-25T21:36:00Z,Boston Red Sox,Chicago Cubs,fanduel,spreads,Boston Red Sox,1.5,1.57
2026-09-25T21:11:21Z,closing,c1c95aa0c77e6735bae6602eec2b42be,2026-09-25T21:36:00Z,Boston Red Sox,Chicago Cubs,fanduel,spreads,Chicago Cubs,-1.5,2.46
2026-09-25T21:11:21Z,closing,c1c95aa0c77e6735bae6602eec2b42be,2026-09-25T21:36:00Z,Boston Red Sox,Chicago Cubs,fanduel,totals,Over,6.5,1.91
2026-09-25T21:11:21Z,closing,c1c95aa0c77e6735bae6602eec2b42be,2026-09-25T21:36:00Z,Boston Red Sox,Chicago Cubs,fanduel,totals,Under,6.5,1.91
2026-09-25T21:11:21Z,closing,c1c95aa0c77e6735bae6602eec2b42be,2026-09-25T21:36:00Z,Boston Red Sox,Chicago Cubs,betsson,h2h,Boston Red Sox,,1.98
2026-09-25T21:11:21Z,closing,c1c95aa0c77e6735bae6602eec2b42be,2026-09-25T21:36:00Z,Boston Red Sox,Chicago Cubs,betsson,h2h,Chicago Cubs,,1.83
2026-09-25T21:11:21Z,closing,c1c95aa0c77e6735bae6602eec2b42be,2026-09-25T21:36:00Z,Boston Red Sox,Chicago Cubs,betsson,spreads,Boston Red Sox,1.5,1.53
2026-09-25T21:11:21Z,closing,c1c95aa0c77e6735bae6602eec2b42be,2026-09-25T21:36:00Z,Boston Red Sox,Chicago Cubs,betsson,spreads,Chicago Cubs,-1.5,2.45
2026-09-25T21:11:21Z,closing,c1c95aa0c77e6735bae6602eec2b42be,2026-09-25T21:36:00Z,Boston Red Sox,Chicago Cubs,betsson,totals,Over,6.5,1.83
2026-09-25T21:11:21Z,closing,c1c95aa0c77e6735bae6602eec2b42be,2026-09-25T21:36:00Z,Boston Red Sox,Chicago Cubs,betsson,totals,Under,6.5,1.93
2026-09-25T21:11:21Z,closing,c1c95aa0c77e6735bae6602eec2b42be,2026-09-25T21:36:00Z,Boston Red Sox,Chicago Cubs,betmgm,h2h,Boston Red Sox,,2.0
2026-09-25T21:11:21Z,closing,c1c95aa0c77e6735bae6602eec2b42be,2026-09-25T21:36:00Z,Boston Red Sox,Chicago Cubs,betmgm,h2h,Chicago Cubs,,1.83
2026-09-25T21:11:21Z,closing,c1c95aa0c77e6735bae6602eec2b42be,2026-09-25T21:36:00Z,Boston Red Sox,Chicago Cubs,betmgm,spreads,Boston Red Sox,1.5,1.54
2026-09-25T21:11:21Z,closing,c1c95aa0c77e6735bae6602eec2b42be,2026-09-25T21:36:00Z,Boston Red Sox,Chicago Cubs,betmgm,spreads,Chicago Cubs,-1.5,2.5
2026-09-25T21:11:21Z,closing,c1c95aa0c77e6735bae6602eec2b42be,2026-09-25T21:36:00Z,Boston Red Sox,Chicago Cubs,betmgm,totals,Over,6.5,1.87
2026-09-25T21:11:21Z,closing,c1c95aa0c77e6735bae6602eec2b42be,2026-09-25T21:36:00Z,Boston Red Sox,Chicago Cubs,betmgm,totals,Under,6.5,1.95
2026-09-25T21:11:21Z,closing,c1c95aa0c77e6735bae6602eec2b42be,2026-09-25T21:36:00Z,Boston Red Sox,Chicago Cubs,draftkings,h2h,Boston Red Sox,,2.0
2026-09-25T21:11:21Z,closing,c1c95aa0c77e6735bae6602eec2b42be,2026-09-25T21:36:00Z,Boston Red Sox,Chicago Cubs,draftkings,h2h,Chicago Cubs,,1.83
2026-09-25T21:11:21Z,closing,c1c95aa0c77e6735bae6602eec2b42be,2026-09-25T21:36:00Z,Boston Red Sox,Chicago Cubs,draftkings,spreads,Boston Red Sox,1.5,1.54
2026-09-25T21:11:21Z,closing,c1c95aa0c77e6735bae6602eec2b42be,2026-09-25T21:36:00Z,Boston Red Sox,Chicago Cubs,draftkings,spreads,Chicago Cubs,-1.5,2.53
2026-09-25T21:11:21Z,closing,c1c95aa0c77e6735bae6602eec2b42be,2026-09-25T21:36:00Z,Boston Red Sox,Chicago Cubs,draftkings,totals,Over,6.5,1.89
2026-09-25T21:11:21Z,closing,c1c95aa0c77e6735bae6602eec2b42be,2026-09-25T21:36:00Z,Boston Red Sox,Chicago Cubs,draftkings,totals,Under,6.5,1.93
2026-09-25T21:11:21Z,closing,c1c95aa0c77e6735bae6602eec2b42be,2026-09-25T21:36:00Z,Boston Red Sox,Chicago Cubs,coolbet,h2h,Boston Red Sox,,2.0
2026-09-25T21:11:21Z,closing,c1c95aa0c77e6735bae6602eec2b42be,2026-09-25T21:36:00Z,Boston Red Sox,Chicago Cubs,coolbet,h2h,Chicago Cubs,,1.82
2026-09-25T21:11:21Z,closing,c1c95aa0c77e6735bae6602eec2b42be,2026-09-25T21:36:00Z,Boston Red Sox,Chicago Cubs,coolbet,spreads,Boston Red Sox,1.5,1.54
2026-09-25T21:11:21Z,closing,c1c95aa0c77e6735bae6602eec2b42be,2026-09-25T21:36:00Z,Boston Red Sox,Chicago Cubs,coolbet,spreads,Chicago Cubs,-1.5,2.5
2026-09-25T21:11:21Z,closing,c1c95aa0c77e6735bae6602eec2b42be,2026-09-25T21:36:00Z,Boston Red Sox,Chicago Cubs,coolbet,totals,Over,6.5,1.89
2026-09-25T21:11:21Z,closing,c1c95aa0c77e6735bae6602eec2b42be,2026-09-25T21:36:00Z,Boston Red Sox,Chicago Cubs,coolbet,totals,Under,6.5,1.92
2026-09-25T21:11:21Z,closing,c1c95aa0c77e6735bae6602eec2b42be,2026-09-25T21:36:00Z,Boston Red Sox,Chicago Cubs,betrivers,h2h,Boston Red Sox,,2.04
2026-09-25T21:11:21Z,closing,c1c95aa0c77e6735bae6602eec2b42be,2026-09-25T21:36:00Z,Boston Red Sox,Chicago Cubs,betrivers,h2h,Chicago Cubs,,1.81
2026-09-25T21:11:21Z,closing,c1c95aa0c77e6735bae6602eec2b42be,2026-09-25T21:36:00Z,Boston Red Sox,Chicago Cubs,betrivers,spreads,Boston Red Sox,1.5,1.56
2026-09-25T21:11:21Z,closing,c1c95aa0c77e6735bae6602eec2b42be,2026-09-25T21:36:00Z,Boston Red Sox,Chicago Cubs,betrivers,spreads,Chicago Cubs,-1.5,2.43
2026-09-25T21:11:21Z,closing,c1c95aa0c77e6735bae6602eec2b42be,2026-09-25T21:36:00Z,Boston Red Sox,Chicago Cubs,betrivers,totals,Over,6.5,1.92
2026-09-25T21:11:21Z,closing,c1c95aa0c77e6735bae6602eec2b42be,2026-09-25T21:36:00Z,Boston Red Sox,Chicago Cubs,betrivers,totals,Under,6.5,1.89
2026-09-25T21:11:21Z,closing,c1c95aa0c77e6735bae6602eec2b42be,2026-09-25T21:36:00Z,Boston Red Sox,Chicago Cubs,betfair_ex_eu,h2h,Boston Red Sox,,2.08
2026-09-25T21:11:21Z,closing,c1c95aa0c77e6735bae6602eec2b42be,2026-09-25T21:36:00Z,Boston Red Sox,Chicago Cubs,betfair_ex_eu,h2h,Chicago Cubs,,1.89
2026-09-25T21:11:21Z,closing,c1c95aa0c77e6735bae6602eec2b42be,2026-09-25T21:36:00Z,Boston Red Sox,Chicago Cubs,betfair_ex_eu,h2h_lay,Boston Red Sox,,2.14
2026-09-25T21:11:21Z,closing,c1c95aa0c77e6735bae6602eec2b42be,2026-09-25T21:36:00Z,Boston Red Sox,Chicago Cubs,betfair_ex_eu,h2h_lay,Chicago Cubs,,1.91
2026-09-25T21:11:21Z,closing,c1c95aa0c77e6735bae6602eec2b42be,2026-09-25T21:36:00Z,Boston Red Sox,Chicago Cubs,matchbook,h2h,Boston Red Sox,,2.08
2026-09-25T21:11:21Z,closing,c1c95aa0c77e6735bae6602eec2b42be,2026-09-25T21:36:00Z,Boston Red Sox,Chicago Cubs,matchbook,h2h,Chicago Cubs,,1.92
2026-09-25T21:11:21Z,closing,c1c95aa0c77e6735bae6602eec2b42be,2026-09-25T21:36:00Z,Boston Red Sox,Chicago Cubs,matchbook,h2h_lay,Boston Red Sox,,2.1
2026-09-25T21:11:21Z,closing,c1c95aa0c77e6735bae6602eec2b42be,2026-09-25T21:36:00Z,Boston Red Sox,Chicago Cubs,matchbook,h2h_lay,Chicago Cubs,,1.93
2026-09-25T21:11:21Z,closing,c1c95aa0c77e6735bae6602eec2b42be,2026-09-25T21:36:00Z,Boston Red Sox,Chicago Cubs,matchbook,spreads,Boston Red Sox,1.5,1.58
2026-09-25T21:11:21Z,closing,c1c95aa0c77e6735bae6602eec2b42be,2026-09-25T21:36:00Z,Boston Red Sox,Chicago Cubs,matchbook,spreads,Chicago Cubs,-1.5,2.66
2026-09-25T21:11:21Z,closing,c1c95aa0c77e6735bae6602eec2b42be,2026-09-25T21:36:00Z,Boston Red Sox,Chicago Cubs,matchbook,totals,Over,6.5,1.94
2026-09-25T21:11:21Z,closing,c1c95aa0c77e6735bae6602eec2b42be,2026-09-25T21:36:00Z,Boston Red Sox,Chicago Cubs,matchbook,totals,Under,6.5,1.96
2026-09-25T21:11:21Z,closing,c1c95aa0c77e6735bae6602eec2b42be,2026-09-25T21:36:00Z,Boston Red Sox,Chicago Cubs,pinnacle,h2h,Boston Red Sox,,2.06
2026-09-25T21:11:21Z,closing,c1c95aa0c77e6735bae6602eec2b42be,2026-09-25T21:36:00Z,Boston Red Sox,Chicago Cubs,pinnacle,h2h,Chicago Cubs,,1.87
2026-09-25T21:11:21Z,closing,c1c95aa0c77e6735bae6602eec2b42be,2026-09-25T21:36:00Z,Boston Red Sox,Chicago Cubs,pinnacle,spreads,Boston Red Sox,1.5,1.57
2026-09-25T21:11:21Z,closing,c1c95aa0c77e6735bae6602eec2b42be,2026-09-25T21:36:00Z,Boston Red Sox,Chicago Cubs,pinnacle,spreads,Chicago Cubs,-1.5,2.57
2026-09-25T21:11:21Z,closing,c1c95aa0c77e6735bae6602eec2b42be,2026-09-25T21:36:00Z,Boston Red Sox,Chicago Cubs,pinnacle,totals,Over,6.5,1.92
2026-09-25T21:11:21Z,closing,c1c95aa0c77e6735bae6602eec2b42be,2026-09-25T21:36:00Z,Boston Red Sox,Chicago Cubs,pinnacle,totals,Under,6.5,1.97
2026-09-25T21:11:21Z,closing,c1c95aa0c77e6735bae6602eec2b42be,2026-09-25T21:36:00Z,Boston Red Sox,Chicago Cubs,fanduel,alternate_spreads,Boston Red Sox,-8.5,18.0
2026-09-25T21:11:21Z,closing,c1c95aa0c77e6735bae6602eec2b42be,2026-09-25T21:36:00Z,Boston Red Sox,Chicago Cubs,fanduel,alternate_spreads,Boston Red Sox,-7.5,16.0
2026-09-25T21:11:21Z,closing,c1c95aa0c77e6735bae6602eec2b42be,2026-09-25T21:36:00Z,Boston Red Sox,Chicago Cubs,fanduel,alternate_spreads,Boston Red Sox,-6.5,14.0
2026-09-25T21:11:21Z,closing,c1c95aa0c77e6735bae6602eec2b42be,2026-09-25T21:36:00Z,Boston Red Sox,Chicago Cubs,fanduel,alternate_spreads,Boston Red Sox,-5.5,11.6
2026-09-25T21:11:21Z,closing,c1c95aa0c77e6735bae6602eec2b42be,2026-09-25T21:36:00Z,Boston Red Sox,Chicago Cubs,fanduel,alternate_spreads,Boston Red Sox,-4.5,9.3
2026-09-25T21:11:21Z,closing,c1c95aa0c77e6735bae6602eec2b42be,2026-09-25T21:36:00Z,Boston Red Sox,Chicago Cubs,fanduel,alternate_spreads,Boston Red Sox,-3.5,6.6
2026-09-25T21:11:21Z,closing,c1c95aa0c77e6735bae6602eec2b42be,2026-09-25T21:36:00Z,Boston Red Sox,Chicago Cubs,fanduel,alternate_spreads,Boston Red Sox,-2.5,4.5
2026-09-25T21:11:21Z,closing,c1c95aa0c77e6735bae6602eec2b42be,2026-09-25T21:36:00Z,Boston Red Sox,Chicago Cubs,fanduel,alternate_spreads,Boston Red Sox,-1.5,3.2
2026-09-25T21:11:21Z,closing,c1c95aa0c77e6735bae6602eec2b42be,2026-09-25T21:36:00Z,Boston Red Sox,Chicago Cubs,fanduel,alternate_spreads,Boston Red Sox,1.5,1.54
2026-09-25T21:11:21Z,closing,c1c95aa0c77e6735bae6602eec2b42be,2026-09-25T21:36:00Z,Boston Red Sox,Chicago Cubs,fanduel,alternate_spreads,Boston Red Sox,2.5,1.3
2026-09-25T21:11:21Z,closing,c1c95aa0c77e6735bae6602eec2b42be,2026-09-25T21:36:00Z,Boston Red Sox,Chicago Cubs,fanduel,alternate_spreads,Boston Red Sox,3.5,1.19
2026-09-25T21:11:21Z,closing,c1c95aa0c77e6735bae6602eec2b42be,2026-09-25T21:36:00Z,Boston Red Sox,Chicago Cubs,fanduel,alternate_spreads,Boston Red Sox,4.5,1.11
2026-09-25T21:11:21Z,closing,c1c95aa0c77e6735bae6602eec2b42be,2026-09-25T21:36:00Z,Boston Red Sox,Chicago Cubs,fanduel,alternate_spreads,Boston Red Sox,5.5,1.06
2026-09-25T21:11:21Z,closing,c1c95aa0c77e6735bae6602eec2b42be,2026-09-25T21:36:00Z,Boston Red Sox,Chicago Cubs,fanduel,alternate_spreads,Boston Red Sox,6.5,1.03
2026-09-25T21:11:21Z,closing,c1c95aa0c77e6735bae6602eec2b42be,2026-09-25T21:36:00Z,Boston Red Sox,Chicago Cubs,fanduel,alternate_spreads,Boston Red Sox,7.5,1.02
2026-09-25T21:11:21Z,closing,c1c95aa0c77e6735bae6602eec2b42be,2026-09-25T21:36:00Z,Boston Red Sox,Chicago Cubs,fanduel,alternate_spreads,Chicago Cubs,5.5,1.03
2026-09-25T21:11:21Z,closing,c1c95aa0c77e6735bae6602eec2b42be,2026-09-25T21:36:00Z,Boston Red Sox,Chicago Cubs,fanduel,alternate_spreads,Chicago Cubs,4.5,1.05
2026-09-25T21:11:21Z,closing,c1c95aa0c77e6735bae6602eec2b42be,2026-09-25T21:36:00Z,Boston Red Sox,Chicago Cubs,fanduel,alternate_spreads,Chicago Cubs,3.5,1.1
2026-09-25T21:11:21Z,closing,c1c95aa0c77e6735bae6602eec2b42be,2026-09-25T21:36:00Z,Boston Red Sox,Chicago Cubs,fanduel,alternate_spreads,Chicago Cubs,2.5,1.19
2026-09-25T21:11:21Z,closing,c1c95aa0c77e6735bae6602eec2b42be,2026-09-25T21:36:00Z,Boston Red Sox,Chicago Cubs,fanduel,alternate_spreads,Chicago Cubs,1.5,1.34
2026-09-25T21:11:21Z,closing,c1c95aa0c77e6735bae6602eec2b42be,2026-09-25T21:36:00Z,Boston Red Sox,Chicago Cubs,fanduel,alternate_spreads,Chicago Cubs,-1.5,2.42
2026-09-25T21:11:21Z,closing,c1c95aa0c77e6735bae6602eec2b42be,2026-09-25T21:36:00Z,Boston Red Sox,Chicago Cubs,fanduel,alternate_spreads,Chicago Cubs,-2.5,3.4
2026-09-25T21:11:21Z,closing,c1c95aa0c77e6735bae6602eec2b42be,2026-09-25T21:36:00Z,Boston Red Sox,Chicago Cubs,fanduel,alternate_spreads,Chicago Cubs,-3.5,4.6
2026-09-25T21:11:21Z,closing,c1c95aa0c77e6735bae6602eec2b42be,2026-09-25T21:36:00Z,Boston Red Sox,Chicago Cubs,fanduel,alternate_spreads,Chicago Cubs,-4.5,6.2
2026-09-25T21:11:21Z,closing,c1c95aa0c77e6735bae6602eec2b42be,2026-09-25T21:36:00Z,Boston Red Sox,Chicago Cubs,fanduel,alternate_spreads,Chicago Cubs,-5.5,8.5
2026-09-25T21:11:21Z,closing,c1c95aa0c77e6735bae6602eec2b42be,2026-09-25T21:36:00Z,Boston Red Sox,Chicago Cubs,fanduel,alternate_spreads,Chicago Cubs,-6.5,11.0
2026-09-25T21:11:21Z,closing,c1c95aa0c77e6735bae6602eec2b42be,2026-09-25T21:36:00Z,Boston Red Sox,Chicago Cubs,fanduel,alternate_spreads,Chicago Cubs,-7.5,13.0
2026-09-25T21:11:21Z,closing,c1c95aa0c77e6735bae6602eec2b42be,2026-09-25T21:36:00Z,Boston Red Sox,Chicago Cubs,fanduel,alternate_spreads,Chicago Cubs,-8.5,15.0
2026-09-25T21:11:21Z,closing,c1c95aa0c77e6735bae6602eec2b42be,2026-09-25T21:36:00Z,Boston Red Sox,Chicago Cubs,fanduel,alternate_totals,Over,2.5,1.03
2026-09-25T21:11:21Z,closing,c1c95aa0c77e6735bae6602eec2b42be,2026-09-25T21:36:00Z,Boston Red Sox,Chicago Cubs,fanduel,alternate_totals,Over,3.5,1.15
2026-09-25T21:11:21Z,closing,c1c95aa0c77e6735bae6602eec2b42be,2026-09-25T21:36:00Z,Boston Red Sox,Chicago Cubs,fanduel,alternate_totals,Over,4.5,1.27
2026-09-25T21:11:21Z,closing,c1c95aa0c77e6735bae6602eec2b42be,2026-09-25T21:36:00Z,Boston Red Sox,Chicago Cubs,fanduel,alternate_totals,Over,5.5,1.56
2026-09-25T21:11:21Z,closing,c1c95aa0c77e6735bae6602eec2b42be,2026-09-25T21:36:00Z,Boston Red Sox,Chicago Cubs,fanduel,alternate_totals,Over,6.5,1.82
2026-09-25T21:11:21Z,closing,c1c95aa0c77e6735bae6602eec2b42be,2026-09-25T21:36:00Z,Boston Red Sox,Chicago Cubs,fanduel,alternate_totals,Over,7.5,2.4
2026-09-25T21:11:21Z,closing,c1c95aa0c77e6735bae6602eec2b42be,2026-09-25T21:36:00Z,Boston Red Sox,Chicago Cubs,fanduel,alternate_totals,Over,8.5,2.96
2026-09-25T21:11:21Z,closing,c1c95aa0c77e6735bae6602eec2b42be,2026-09-25T21:36:00Z,Boston Red Sox,Chicago Cubs,fanduel,alternate_totals,Over,9.5,3.85
2026-09-25T21:11:21Z,closing,c1c95aa0c77e6735bae6602eec2b42be,2026-09-25T21:36:00Z,Boston Red Sox,Chicago Cubs,fanduel,alternate_totals,Over,10.5,4.9
2026-09-25T21:11:21Z,closing,c1c95aa0c77e6735bae6602eec2b42be,2026-09-25T21:36:00Z,Boston Red Sox,Chicago Cubs,fanduel,alternate_totals,Over,11.5,6.6
2026-09-25T21:11:21Z,closing,c1c95aa0c77e6735bae6602eec2b42be,2026-09-25T21:36:00Z,Boston Red Sox,Chicago Cubs,fanduel,alternate_totals,Over,12.5,8.0
2026-09-25T21:11:21Z,closing,c1c95aa0c77e6735bae6602eec2b42be,2026-09-25T21:36:00Z,Boston Red Sox,Chicago Cubs,fanduel,alternate_totals,Over,13.5,10.0
2026-09-25T21:11:21Z,closing,c1c95aa0c77e6735bae6602eec2b42be,2026-09-25T21:36:00Z,Boston Red Sox,Chicago Cubs,fanduel,alternate_totals,Over,14.5,12.0
2026-09-25T21:11:21Z,closing,c1c95aa0c77e6735bae6602eec2b42be,2026-09-25T21:36:00Z,Boston Red Sox,Chicago Cubs,fanduel,alternate_totals,Over,15.5,15.0
2026-09-25T21:11:21Z,closing,c1c95aa0c77e6735bae6602eec2b42be,2026-09-25T21:36:00Z,Boston Red Sox,Chicago Cubs,fanduel,alternate_totals,Over,16.5,16.0
2026-09-25T21:11:21Z,closing,c1c95aa0c77e6735bae6602eec2b42be,2026-09-25T21:36:00Z,Boston Red Sox,Chicago Cubs,fanduel,alternate_totals,Over,17.5,18.0
2026-09-25T21:11:21Z,closing,c1c95aa0c77e6735bae6602eec2b42be,2026-09-25T21:36:00Z,Boston Red Sox,Chicago Cubs,fanduel,alternate_totals,Over,18.5,18.0
2026-09-25T21:11:21Z,closing,c1c95aa0c77e6735bae6602eec2b42be,2026-09-25T21:36:00Z,Boston Red Sox,Chicago Cubs,fanduel,alternate_totals,Under,2.5,11.6
2026-09-25T21:11:21Z,closing,c1c95aa0c77e6735bae6602eec2b42be,2026-09-25T21:36:00Z,Boston Red Sox,Chicago Cubs,fanduel,alternate_totals,Under,3.5,5.2
2026-09-25T21:11:21Z,closing,c1c95aa0c77e6735bae6602eec2b42be,2026-09-25T21:36:00Z,Boston Red Sox,Chicago Cubs,fanduel,alternate_totals,Under,4.5,3.65
2026-09-25T21:11:21Z,closing,c1c95aa0c77e6735bae6602eec2b42be,2026-09-25T21:36:00Z,Boston Red Sox,Chicago Cubs,fanduel,alternate_totals,Under,5.5,2.4
2026-09-25T21:11:21Z,closing,c1c95aa0c77e6735bae6602eec2b42be,2026-09-25T21:36:00Z,Boston Red Sox,Chicago Cubs,fanduel,alternate_totals,Under,6.5,1.96
2026-09-25T21:11:21Z,closing,c1c95aa0c77e6735bae6602eec2b42be,2026-09-25T21:36:00Z,Boston Red Sox,Chicago Cubs,fanduel,alternate_totals,Under,7.5,1.56
2026-09-25T21:11:21Z,closing,c1c95aa0c77e6735bae6602eec2b42be,2026-09-25T21:36:00Z,Boston Red Sox,Chicago Cubs,fanduel,alternate_totals,Under,8.5,1.38
2026-09-25T21:11:21Z,closing,c1c95aa0c77e6735bae6602eec2b42be,2026-09-25T21:36:00Z,Boston Red Sox,Chicago Cubs,fanduel,alternate_totals,Under,9.5,1.25
2026-09-25T21:11:21Z,closing,c1c95aa0c77e6735bae6602eec2b42be,2026-09-25T21:36:00Z,Boston Red Sox,Chicago Cubs,fanduel,alternate_totals,Under,10.5,1.17
2026-09-25T21:11:21Z,closing,c1c95aa0c77e6735bae6602eec2b42be,2026-09-25T21:36:00Z,Boston Red Sox,Chicago Cubs,fanduel,alternate_totals,Under,11.5,1.1
2026-09-25T21:11:21Z,closing,c1c95aa0c77e6735bae6602eec2b42be,2026-09-25T21:36:00Z,Boston Red Sox,Chicago Cubs,fanduel,alternate_totals,Under,12.5,1.07
2026-09-25T21:11:21Z,closing,c1c95aa0c77e6735bae6602eec2b42be,2026-09-25T21:36:00Z,Boston Red Sox,Chicago Cubs,fanduel,alternate_totals,Under,13.5,1.04
2026-09-25T21:11:21Z,closing,c1c95aa0c77e6735bae6602eec2b42be,2026-09-25T21:36:00Z,Boston Red Sox,Chicago Cubs,fanduel,alternate_totals,Under,14.5,1.02
2026-09-25T21:11:21Z,closing,c1c95aa0c77e6735bae6602eec2b42be,2026-09-25T21:36:00Z,Boston Red Sox,Chicago Cubs,betmgm,alternate_spreads,Boston Red Sox,-2.5,4.5
2026-09-25T21:11:21Z,closing,c1c95aa0c77e6735bae6602eec2b42be,2026-09-25T21:36:00Z,Boston Red Sox,Chicago Cubs,betmgm,alternate_spreads,Boston Red Sox,-1.5,3.1
2026-09-25T21:11:21Z,closing,c1c95aa0c77e6735bae6602eec2b42be,2026-09-25T21:36:00Z,Boston Red Sox,Chicago Cubs,betmgm,alternate_spreads,Boston Red Sox,1.5,1.54
2026-09-25T21:11:21Z,closing,c1c95aa0c77e6735bae6602eec2b42be,2026-09-25T21:36:00Z,Boston Red Sox,Chicago Cubs,betmgm,alternate_spreads,Boston Red Sox,2.5,1.31
2026-09-25T21:11:21Z,closing,c1c95aa0c77e6735bae6602eec2b42be,2026-09-25T21:36:00Z,Boston Red Sox,Chicago Cubs,betmgm,alternate_spreads,Boston Red Sox,-3.5,6.25
2026-09-25T21:11:21Z,closing,c1c95aa0c77e6735bae6602eec2b42be,2026-09-25T21:36:00Z,Boston Red Sox,Chicago Cubs,betmgm,alternate_spreads,Boston Red Sox,3.5,1.18
2026-09-25T21:11:21Z,closing,c1c95aa0c77e6735bae6602eec2b42be,2026-09-25T21:36:00Z,Boston Red Sox,Chicago Cubs,betmgm,alternate_spreads,Chicago Cubs,2.5,1.19
2026-09-25T21:11:21Z,closing,c1c95aa0c77e6735bae6602eec2b42be,2026-09-25T21:36:00Z,Boston Red Sox,Chicago Cubs,betmgm,alternate_spreads,Chicago Cubs,1.5,1.34
2026-09-25T21:11:21Z,closing,c1c95aa0c77e6735bae6602eec2b42be,2026-09-25T21:36:00Z,Boston Red Sox,Chicago Cubs,betmgm,alternate_spreads,Chicago Cubs,-1.5,2.5
2026-09-25T21:11:21Z,closing,c1c95aa0c77e6735bae6602eec2b42be,2026-09-25T21:36:00Z,Boston Red Sox,Chicago Cubs,betmgm,alternate_spreads,Chicago Cubs,-2.5,3.4
2026-09-25T21:11:21Z,closing,c1c95aa0c77e6735bae6602eec2b42be,2026-09-25T21:36:00Z,Boston Red Sox,Chicago Cubs,betmgm,alternate_spreads,Chicago Cubs,3.5,1.1
2026-09-25T21:11:21Z,closing,c1c95aa0c77e6735bae6602eec2b42be,2026-09-25T21:36:00Z,Boston Red Sox,Chicago Cubs,betmgm,alternate_spreads,Chicago Cubs,-3.5,4.6
2026-09-25T21:11:21Z,closing,c1c95aa0c77e6735bae6602eec2b42be,2026-09-25T21:36:00Z,Boston Red Sox,Chicago Cubs,betmgm,alternate_totals,Over,3.5,1.16
2026-09-25T21:11:21Z,closing,c1c95aa0c77e6735bae6602eec2b42be,2026-09-25T21:36:00Z,Boston Red Sox,Chicago Cubs,betmgm,alternate_totals,Over,4.0,1.18
2026-09-25T21:11:21Z,closing,c1c95aa0c77e6735bae6602eec2b42be,2026-09-25T21:36:00Z,Boston Red Sox,Chicago Cubs,betmgm,alternate_totals,Over,4.5,1.27
2026-09-25T21:11:21Z,closing,c1c95aa0c77e6735bae6602eec2b42be,2026-09-25T21:36:00Z,Boston Red Sox,Chicago Cubs,betmgm,alternate_totals,Over,5.0,1.34
2026-09-25T21:11:21Z,closing,c1c95aa0c77e6735bae6602eec2b42be,2026-09-25T21:36:00Z,Boston Red Sox,Chicago Cubs,betmgm,alternate_totals,Over,5.5,1.56
2026-09-25T21:11:21Z,closing,c1c95aa0c77e6735bae6602eec2b42be,2026-09-25T21:36:00Z,Boston Red Sox,Chicago Cubs,betmgm,alternate_totals,Over,6.0,1.67
2026-09-25T21:11:21Z,closing,c1c95aa0c77e6735bae6602eec2b42be,2026-09-25T21:36:00Z,Boston Red Sox,Chicago Cubs,betmgm,alternate_totals,Over,6.5,1.87
2026-09-25T21:11:21Z,closing,c1c95aa0c77e6735bae6602eec2b42be,2026-09-25T21:36:00Z,Boston Red Sox,Chicago Cubs,betmgm,alternate_totals,Over,7.0,2.15
2026-09-25T21:11:21Z,closing,c1c95aa0c77e6735bae6602eec2b42be,2026-09-25T21:36:00Z,Boston Red Sox,Chicago Cubs,betmgm,alternate_totals,Over,7.5,2.45
2026-09-25T21:11:21Z,closing,c1c95aa0c77e6735bae6602eec2b42be,2026-09-25T21:36:00Z,Boston Red Sox,Chicago Cubs,betmgm,alternate_totals,Over,8.0,2.8
2026-09-25T21:11:21Z,closing,c1c95aa0c77e6735bae6602eec2b42be,2026-09-25T21:36:00Z,Boston Red Sox,Chicago Cubs,betmgm,alternate_totals,Over,8.5,3.0
2026-09-25T21:11:21Z,closing,c1c95aa0c77e6735bae6602eec2b42be,2026-09-25T21:36:00Z,Boston Red Sox,Chicago Cubs,betmgm,alternate_totals,Over,9.0,3.75
2026-09-25T21:11:21Z,closing,c1c95aa0c77e6735bae6602eec2b42be,2026-09-25T21:36:00Z,Boston Red Sox,Chicago Cubs,betmgm,alternate_totals,Over,9.5,4.1
2026-09-25T21:11:21Z,closing,c1c95aa0c77e6735bae6602eec2b42be,2026-09-25T21:36:00Z,Boston Red Sox,Chicago Cubs,betmgm,alternate_totals,Over,10.0,5.0
2026-09-25T21:11:21Z,closing,c1c95aa0c77e6735bae6602eec2b42be,2026-09-25T21:36:00Z,Boston Red Sox,Chicago Cubs,betmgm,alternate_totals,Over,10.5,5.0
2026-09-25T21:11:21Z,closing,c1c95aa0c77e6735bae6602eec2b42be,2026-09-25T21:36:00Z,Boston Red Sox,Chicago Cubs,betmgm,alternate_totals,Over,11.0,6.75
2026-09-25T21:11:21Z,closing,c1c95aa0c77e6735bae6602eec2b42be,2026-09-25T21:36:00Z,Boston Red Sox,Chicago Cubs,betmgm,alternate_totals,Over,11.5,7.0
2026-09-25T21:11:21Z,closing,c1c95aa0c77e6735bae6602eec2b42be,2026-09-25T21:36:00Z,Boston Red Sox,Chicago Cubs,betmgm,alternate_totals,Over,12.0,8.5
2026-09-25T21:11:21Z,closing,c1c95aa0c77e6735bae6602eec2b42be,2026-09-25T21:36:00Z,Boston Red Sox,Chicago Cubs,betmgm,alternate_totals,Over,3.0,1.05
2026-09-25T21:11:21Z,closing,c1c95aa0c77e6735bae6602eec2b42be,2026-09-25T21:36:00Z,Boston Red Sox,Chicago Cubs,betmgm,alternate_totals,Over,2.5,1.05
2026-09-25T21:11:21Z,closing,c1c95aa0c77e6735bae6602eec2b42be,2026-09-25T21:36:00Z,Boston Red Sox,Chicago Cubs,betmgm,alternate_totals,Over,2.0,1.01
2026-09-25T21:11:21Z,closing,c1c95aa0c77e6735bae6602eec2b42be,2026-09-25T21:36:00Z,Boston Red Sox,Chicago Cubs,betmgm,alternate_totals,Over,1.5,1.01
2026-09-25T21:11:21Z,closing,c1c95aa0c77e6735bae6602eec2b42be,2026-09-25T21:36:00Z,Boston Red Sox,Chicago Cubs,betmgm,alternate_totals,Under,3.5,5.0
2026-09-25T21:11:21Z,closing,c1c95aa0c77e6735bae6602eec2b42be,2026-09-25T21:36:00Z,Boston Red Sox,Chicago Cubs,betmgm,alternate_totals,Under,4.0,4.6
2026-09-25T21:11:21Z,closing,c1c95aa0c77e6735bae6602eec2b42be,2026-09-25T21:36:00Z,Boston Red Sox,Chicago Cubs,betmgm,alternate_totals,Under,4.5,3.7
2026-09-25T21:11:21Z,closing,c1c95aa0c77e6735bae6602eec2b42be,2026-09-25T21:36:00Z,Boston Red Sox,Chicago Cubs,betmgm,alternate_totals,Under,5.0,3.1
2026-09-25T21:11:21Z,closing,c1c95aa0c77e6735bae6602eec2b42be,2026-09-25T21:36:00Z,Boston Red Sox,Chicago Cubs,betmgm,alternate_totals,Under,5.5,2.35
2026-09-25T21:11:21Z,closing,c1c95aa0c77e6735bae6602eec2b42be,2026-09-25T21:36:00Z,Boston Red Sox,Chicago Cubs,betmgm,alternate_totals,Under,6.0,2.15
2026-09-25T21:11:21Z,closing,c1c95aa0c77e6735bae6602eec2b42be,2026-09-25T21:36:00Z,Boston Red Sox,Chicago Cubs,betmgm,alternate_totals,Under,6.5,1.95
2026-09-25T21:11:21Z,closing,c1c95aa0c77e6735bae6602eec2b42be,2026-09-25T21:36:00Z,Boston Red Sox,Chicago Cubs,betmgm,alternate_totals,Under,7.0,1.67
2026-09-25T21:11:21Z,closing,c1c95aa0c77e6735bae6602eec2b42be,2026-09-25T21:36:00Z,Boston Red Sox,Chicago Cubs,betmgm,alternate_totals,Under,7.5,1.53
2026-09-25T21:11:21Z,closing,c1c95aa0c77e6735bae6602eec2b42be,2026-09-25T21:36:00Z,Boston Red Sox,Chicago Cubs,betmgm,alternate_totals,Under,8.0,1.43
2026-09-25T21:11:21Z,closing,c1c95aa0c77e6735bae6602eec2b42be,2026-09-25T21:36:00Z,Boston Red Sox,Chicago Cubs,betmgm,alternate_totals,Under,8.5,1.36
2026-09-25T21:11:21Z,closing,c1c95aa0c77e6735bae6602eec2b42be,2026-09-25T21:36:00Z,Boston Red Sox,Chicago Cubs,betmgm,alternate_totals,Under,9.0,1.25
2026-09-25T21:11:21Z,closing,c1c95aa0c77e6735bae6602eec2b42be,2026-09-25T21:36:00Z,Boston Red Sox,Chicago Cubs,betmgm,alternate_totals,Under,9.5,1.22
2026-09-25T21:11:21Z,closing,c1c95aa0c77e6735bae6602eec2b42be,2026-09-25T21:36:00Z,Boston Red Sox,Chicago Cubs,betmgm,alternate_totals,Under,10.0,1.16
2026-09-25T21:11:21Z,closing,c1c95aa0c77e6735bae6602eec2b42be,2026-09-25T21:36:00Z,Boston Red Sox,Chicago Cubs,betmgm,alternate_totals,Under,10.5,1.15
2026-09-25T21:11:21Z,closing,c1c95aa0c77e6735bae6602eec2b42be,2026-09-25T21:36:00Z,Boston Red Sox,Chicago Cubs,betmgm,alternate_totals,Under,11.0,1.09
2026-09-25T21:11:21Z,closing,c1c95aa0c77e6735bae6602eec2b42be,2026-09-25T21:36:00Z,Boston Red Sox,Chicago Cubs,betmgm,alternate_totals,Under,11.5,1.09
2026-09-25T21:11:21Z,closing,c1c95aa0c77e6735bae6602eec2b42be,2026-09-25T21:36:00Z,Boston Red Sox,Chicago Cubs,betmgm,alternate_totals,Under,12.0,1.06
2026-09-25T21:11:21Z,closing,c1c95aa0c77e6735bae6602eec2b42be,2026-09-25T21:36:00Z,Boston Red Sox,Chicago Cubs,betmgm,alternate_totals,Under,3.0,8.75
2026-09-25T21:11:21Z,closing,c1c95aa0c77e6735bae6602eec2b42be,2026-09-25T21:36:00Z,Boston Red Sox,Chicago Cubs,betmgm,alternate_totals,Under,2.5,9.25
2026-09-25T21:11:21Z,closing,c1c95aa0c77e6735bae6602eec2b42be,2026-09-25T21:36:00Z,Boston Red Sox,Chicago Cubs,betmgm,alternate_totals,Under,2.0,13.0
2026-09-25T21:11:21Z,closing,c1c95aa0c77e6735bae6602eec2b42be,2026-09-25T21:36:00Z,Boston Red Sox,Chicago Cubs,betmgm,alternate_totals,Under,1.5,13.5
2026-09-25T21:11:21Z,closing,c1c95aa0c77e6735bae6602eec2b42be,2026-09-25T21:36:00Z,Boston Red Sox,Chicago Cubs,draftkings,alternate_spreads,Boston Red Sox,5.5,1.05
2026-09-25T21:11:21Z,closing,c1c95aa0c77e6735bae6602eec2b42be,2026-09-25T21:36:00Z,Boston Red Sox,Chicago Cubs,draftkings,alternate_spreads,Boston Red Sox,5.0,1.05
2026-09-25T21:11:21Z,closing,c1c95aa0c77e6735bae6602eec2b42be,2026-09-25T21:36:00Z,Boston Red Sox,Chicago Cubs,draftkings,alternate_spreads,Boston Red Sox,4.5,1.1
2026-09-25T21:11:21Z,closing,c1c95aa0c77e6735bae6602eec2b42be,2026-09-25T21:36:00Z,Boston Red Sox,Chicago Cubs,draftkings,alternate_spreads,Boston Red Sox,4.0,1.11
2026-09-25T21:11:21Z,closing,c1c95aa0c77e6735bae6602eec2b42be,2026-09-25T21:36:00Z,Boston Red Sox,Chicago Cubs,draftkings,alternate_spreads,Boston Red Sox,3.5,1.18
2026-09-25T21:11:21Z,closing,c1c95aa0c77e6735bae6602eec2b42be,2026-09-25T21:36:00Z,Boston Red Sox,Chicago Cubs,draftkings,alternate_spreads,Boston Red Sox,3.0,1.2
2026-09-25T21:11:21Z,closing,c1c95aa0c77e6735bae6602eec2b42be,2026-09-25T21:36:00Z,Boston Red Sox,Chicago Cubs,draftkings,alternate_spreads,Boston Red Sox,2.5,1.3
2026-09-25T21:11:21Z,closing,c1c95aa0c77e6735bae6602eec2b42be,2026-09-25T21:36:00Z,Boston Red Sox,Chicago Cubs,draftkings,alternate_spreads,Boston Red Sox,2.0,1.36
2026-09-25T21:11:21Z,closing,c1c95aa0c77e6735bae6602eec2b42be,2026-09-25T21:36:00Z,Boston Red Sox,Chicago Cubs,draftkings,alternate_spreads,Boston Red Sox,1.0,1.69
2026-09-25T21:11:21Z,closing,c1c95aa0c77e6735bae6602eec2b42be,2026-09-25T21:36:00Z,Boston Red Sox,Chicago Cubs,draftkings,alternate_spreads,Boston Red Sox,-1.0,2.68
2026-09-25T21:11:21Z,closing,c1c95aa0c77e6735bae6602eec2b42be,2026-09-25T21:36:00Z,Boston Red Sox,Chicago Cubs,draftkings,alternate_spreads,Boston Red Sox,-1.5,3.29
2026-09-25T21:11:21Z,closing,c1c95aa0c77e6735bae6602eec2b42be,2026-09-25T21:36:00Z,Boston Red Sox,Chicago Cubs,draftkings,alternate_spreads,Boston Red Sox,-2.0,4.4
2026-09-25T21:11:21Z,closing,c1c95aa0c77e6735bae6602eec2b42be,2026-09-25T21:36:00Z,Boston Red Sox,Chicago Cubs,draftkings,alternate_spreads,Boston Red Sox,-2.5,4.79
2026-09-25T21:11:21Z,closing,c1c95aa0c77e6735bae6602eec2b42be,2026-09-25T21:36:00Z,Boston Red Sox,Chicago Cubs,draftkings,alternate_spreads,Boston Red Sox,-3.0,6.64
2026-09-25T21:11:21Z,closing,c1c95aa0c77e6735bae6602eec2b42be,2026-09-25T21:36:00Z,Boston Red Sox,Chicago Cubs,draftkings,alternate_spreads,Boston Red Sox,-3.5,6.99
2026-09-25T21:11:21Z,closing,c1c95aa0c77e6735bae6602eec2b42be,2026-09-25T21:36:00Z,Boston Red Sox,Chicago Cubs,draftkings,alternate_spreads,Boston Red Sox,-4.0,9.7
2026-09-25T21:11:21Z,closing,c1c95aa0c77e6735bae6602eec2b42be,2026-09-25T21:36:00Z,Boston Red Sox,Chicago Cubs,draftkings,alternate_spreads,Chicago Cubs,-5.5,9.0
2026-09-25T21:11:21Z,closing,c1c95aa0c77e6735bae6602eec2b42be,2026-09-25T21:36:00Z,Boston Red Sox,Chicago Cubs,draftkings,alternate_spreads,Chicago Cubs,-5.0,8.7
2026-09-25T21:11:21Z,closing,c1c95aa0c77e6735bae6602eec2b42be,2026-09-25T21:36:00Z,Boston Red Sox,Chicago Cubs,draftkings,alternate_spreads,Chicago Cubs,-4.5,6.45
2026-09-25T21:11:21Z,closing,c1c95aa0c77e6735bae6602eec2b42be,2026-09-25T21:36:00Z,Boston Red Sox,Chicago Cubs,draftkings,alternate_spreads,Chicago Cubs,-4.0,6.14
2026-09-25T21:11:21Z,closing,c1c95aa0c77e6735bae6602eec2b42be,2026-09-25T21:36:00Z,Boston Red Sox,Chicago Cubs,draftkings,alternate_spreads,Chicago Cubs,-3.5,4.63
2026-09-25T21:11:21Z,closing,c1c95aa0c77e6735bae6602eec2b42be,2026-09-25T21:36:00Z,Boston Red Sox,Chicago Cubs,draftkings,alternate_spreads,Chicago Cubs,-3.0,4.31
2026-09-25T21:11:21Z,closing,c1c95aa0c77e6735bae6602eec2b42be,2026-09-25T21:36:00Z,Boston Red Sox,Chicago Cubs,draftkings,alternate_spreads,Chicago Cubs,-2.5,3.36
2026-09-25T21:11:21Z,closing,c1c95aa0c77e6735bae6602eec2b42be,2026-09-25T21:36:00Z,Boston Red Sox,Chicago Cubs,draftkings,alternate_spreads,Chicago Cubs,-2.0,3.03
2026-09-25T21:11:21Z,closing,c1c95aa0c77e6735bae6602eec2b42be,2026-09-25T21:36:00Z,Boston Red Sox,Chicago Cubs,draftkings,alternate_spreads,Chicago Cubs,-1.0,2.12
2026-09-25T21:11:21Z,closing,c1c95aa0c77e6735bae6602eec2b42be,2026-09-25T21:36:00Z,Boston Red Sox,Chicago Cubs,draftkings,alternate_spreads,Chicago Cubs,1.0,1.45
2026-09-25T21:11:21Z,closing,c1c95aa0c77e6735bae6602eec2b42be,2026-09-25T21:36:00Z,Boston Red Sox,Chicago Cubs,draftkings,alternate_spreads,Chicago Cubs,1.5,1.31
2026-09-25T21:11:21Z,closing,c1c95aa0c77e6735bae6602eec2b42be,2026-09-25T21:36:00Z,Boston Red Sox,Chicago Cubs,draftkings,alternate_spreads,Chicago Cubs,2.0,1.19
2026-09-25T21:11:21Z,closing,c1c95aa0c77e6735bae6602eec2b42be,2026-09-25T21:36:00Z,Boston Red Sox,Chicago Cubs,draftkings,alternate_spreads,Chicago Cubs,2.5,1.17
2026-09-25T21:11:21Z,closing,c1c95aa0c77e6735bae6602eec2b42be,2026-09-25T21:36:00Z,Boston Red Sox,Chicago Cubs,draftkings,alternate_spreads,Chicago Cubs,3.0,1.09
2026-09-25T21:11:21Z,closing,c1c95aa0c77e6735bae6602eec2b42be,2026-09-25T21:36:00Z,Boston Red Sox,Chicago Cubs,draftkings,alternate_spreads,Chicago Cubs,3.5,1.08
2026-09-25T21:11:21Z,closing,c1c95aa0c77e6735bae6602eec2b42be,2026-09-25T21:36:00Z,Boston Red Sox,Chicago Cubs,draftkings,alternate_spreads,Chicago Cubs,4.0,1.04
2026-09-25T21:11:21Z,closing,c1c95aa0c77e6735bae6602eec2b42be,2026-09-25T21:36:00Z,Boston Red Sox,Chicago Cubs,draftkings,alternate_totals,Over,3.5,1.19
2026-09-25T21:11:21Z,closing,c1c95aa0c77e6735bae6602eec2b42be,2026-09-25T21:36:00Z,Boston Red Sox,Chicago Cubs,draftkings,alternate_totals,Over,4.0,1.21
2026-09-25T21:11:21Z,closing,c1c95aa0c77e6735bae6602eec2b42be,2026-09-25T21:36:00Z,Boston Red Sox,Chicago Cubs,draftkings,alternate_totals,Over,4.5,1.31
2026-09-25T21:11:21Z,closing,c1c95aa0c77e6735bae6602eec2b42be,2026-09-25T21:36:00Z,Boston Red Sox,Chicago Cubs,draftkings,alternate_totals,Over,5.0,1.38
2026-09-25T21:11:21Z,closing,c1c95aa0c77e6735bae6602eec2b42be,2026-09-25T21:36:00Z,Boston Red Sox,Chicago Cubs,draftkings,alternate_totals,Over,5.5,1.59
2026-09-25T21:11:21Z,closing,c1c95aa0c77e6735bae6602eec2b42be,2026-09-25T21:36:00Z,Boston Red Sox,Chicago Cubs,draftkings,alternate_totals,Over,6.0,1.7
2026-09-25T21:11:21Z,closing,c1c95aa0c77e6735bae6602eec2b42be,2026-09-25T21:36:00Z,Boston Red Sox,Chicago Cubs,draftkings,alternate_totals,Over,7.0,2.15
2026-09-25T21:11:21Z,closing,c1c95aa0c77e6735bae6602eec2b42be,2026-09-25T21:36:00Z,Boston Red Sox,Chicago Cubs,draftkings,alternate_totals,Over,7.5,2.43
2026-09-25T21:11:21Z,closing,c1c95aa0c77e6735bae6602eec2b42be,2026-09-25T21:36:00Z,Boston Red Sox,Chicago Cubs,draftkings,alternate_totals,Over,8.0,2.75
2026-09-25T21:11:21Z,closing,c1c95aa0c77e6735bae6602eec2b42be,2026-09-25T21:36:00Z,Boston Red Sox,Chicago Cubs,draftkings,alternate_totals,Over,8.5,2.93
2026-09-25T21:11:21Z,closing,c1c95aa0c77e6735bae6602eec2b42be,2026-09-25T21:36:00Z,Boston Red Sox,Chicago Cubs,draftkings,alternate_totals,Over,9.0,3.68
2026-09-25T21:11:21Z,closing,c1c95aa0c77e6735bae6602eec2b42be,2026-09-25T21:36:00Z,Boston Red Sox,Chicago Cubs,draftkings,alternate_totals,Over,9.5,4.0
2026-09-25T21:11:21Z,closing,c1c95aa0c77e6735bae6602eec2b42be,2026-09-25T21:36:00Z,Boston Red Sox,Chicago Cubs,draftkings,alternate_totals,Over,10.0,4.81
2026-09-25T21:11:21Z,closing,c1c95aa0c77e6735bae6602eec2b42be,2026-09-25T21:36:00Z,Boston Red Sox,Chicago Cubs,draftkings,alternate_totals,Over,10.5,5.03
2026-09-25T21:11:21Z,closing,c1c95aa0c77e6735bae6602eec2b42be,2026-09-25T21:36:00Z,Boston Red Sox,Chicago Cubs,draftkings,alternate_totals,Over,11.0,6.79
2026-09-25T21:11:21Z,closing,c1c95aa0c77e6735bae6602eec2b42be,2026-09-25T21:36:00Z,Boston Red Sox,Chicago Cubs,draftkings,alternate_totals,Over,11.5,7.1
2026-09-25T21:11:21Z,closing,c1c95aa0c77e6735bae6602eec2b42be,2026-09-25T21:36:00Z,Boston Red Sox,Chicago Cubs,draftkings,alternate_totals,Under,3.5,4.53
2026-09-25T21:11:21Z,closing,c1c95aa0c77e6735bae6602eec2b42be,2026-09-25T21:36:00Z,Boston Red Sox,Chicago Cubs,draftkings,alternate_totals,Under,4.0,4.23
2026-09-25T21:11:21Z,closing,c1c95aa0c77e6735bae6602eec2b42be,2026-09-25T21:36:00Z,Boston Red Sox,Chicago Cubs,draftkings,alternate_totals,Under,4.5,3.35
2026-09-25T21:11:21Z,closing,c1c95aa0c77e6735bae6602eec2b42be,2026-09-25T21:36:00Z,Boston Red Sox,Chicago Cubs,draftkings,alternate_totals,Under,5.0,2.93
2026-09-25T21:11:21Z,closing,c1c95aa0c77e6735bae6602eec2b42be,2026-09-25T21:36:00Z,Boston Red Sox,Chicago Cubs,draftkings,alternate_totals,Under,5.5,2.29
2026-09-25T21:11:21Z,closing,c1c95aa0c77e6735bae6602eec2b42be,2026-09-25T21:36:00Z,Boston Red Sox,Chicago Cubs,draftkings,alternate_totals,Under,6.0,2.1
2026-09-25T21:11:21Z,closing,c1c95aa0c77e6735bae6602eec2b42be,2026-09-25T21:36:00Z,Boston Red Sox,Chicago Cubs,draftkings,alternate_totals,Under,7.0,1.67
2026-09-25T21:11:21Z,closing,c1c95aa0c77e6735bae6602eec2b42be,2026-09-25T21:36:00Z,Boston Red Sox,Chicago Cubs,draftkings,alternate_totals,Under,7.5,1.53
2026-09-25T21:11:21Z,closing,c1c95aa0c77e6735bae6602eec2b42be,2026-09-25T21:36:00Z,Boston Red Sox,Chicago Cubs,draftkings,alternate_totals,Under,8.0,1.43
2026-09-25T21:11:21Z,closing,c1c95aa0c77e6735bae6602eec2b42be,2026-09-25T21:36:00Z,Boston Red Sox,Chicago Cubs,draftkings,alternate_totals,Under,8.5,1.38
2026-09-25T21:11:21Z,closing,c1c95aa0c77e6735bae6602eec2b42be,2026-09-25T21:36:00Z,Boston Red Sox,Chicago Cubs,draftkings,alternate_totals,Under,9.0,1.26
2026-09-25T21:11:21Z,closing,c1c95aa0c77e6735bae6602eec2b42be,2026-09-25T21:36:00Z,Boston Red Sox,Chicago Cubs,draftkings,alternate_totals,Under,9.5,1.23
2026-09-25T21:11:21Z,closing,c1c95aa0c77e6735bae6602eec2b42be,2026-09-25T21:36:00Z,Boston Red Sox,Chicago Cubs,draftkings,alternate_totals,Under,10.0,1.17
2026-09-25T21:11:21Z,closing,c1c95aa0c77e6735bae6602eec2b42be,2026-09-25T21:36:00Z,Boston Red Sox,Chicago Cubs,draftkings,alternate_totals,Under,10.5,1.16
2026-09-25T21:11:21Z,closing,c1c95aa0c77e6735bae6602eec2b42be,2026-09-25T21:36:00Z,Boston Red Sox,Chicago Cubs,draftkings,alternate_totals,Under,11.0,1.09
2026-09-25T21:11:21Z,closing,c1c95aa0c77e6735bae6602eec2b42be,2026-09-25T21:36:00Z,Boston Red Sox,Chicago Cubs,draftkings,alternate_totals,Under,11.5,1.08
2026-09-25T21:11:21Z,closing,c1c95aa0c77e6735bae6602eec2b42be,2026-09-25T21:36:00Z,Boston Red Sox,Chicago Cubs,coolbet,alternate_spreads,Boston Red Sox,3.5,1.2
2026-09-25T21:11:21Z,closing,c1c95aa0c77e6735bae6602eec2b42be,2026-09-25T21:36:00Z,Boston Red Sox,Chicago Cubs,coolbet,alternate_spreads,Boston Red Sox,-1.5,3.07
2026-09-25T21:11:21Z,closing,c1c95aa0c77e6735bae6602eec2b42be,2026-09-25T21:36:00Z,Boston Red Sox,Chicago Cubs,coolbet,alternate_spreads,Boston Red Sox,2.5,1.33
2026-09-25T21:11:21Z,closing,c1c95aa0c77e6735bae6602eec2b42be,2026-09-25T21:36:00Z,Boston Red Sox,Chicago Cubs,coolbet,alternate_spreads,Boston Red Sox,1.5,1.54
2026-09-25T21:11:21Z,closing,c1c95aa0c77e6735bae6602eec2b42be,2026-09-25T21:36:00Z,Boston Red Sox,Chicago Cubs,coolbet,alternate_spreads,Boston Red Sox,-2.5,4.3
2026-09-25T21:11:21Z,closing,c1c95aa0c77e6735bae6602eec2b42be,2026-09-25T21:36:00Z,Boston Red Sox,Chicago Cubs,coolbet,alternate_spreads,Chicago Cubs,-3.5,4.6
2026-09-25T21:11:21Z,closing,c1c95aa0c77e6735bae6602eec2b42be,2026-09-25T21:36:00Z,Boston Red Sox,Chicago Cubs,coolbet,alternate_spreads,Chicago Cubs,1.5,1.38
2026-09-25T21:11:21Z,closing,c1c95aa0c77e6735bae6602eec2b42be,2026-09-25T21:36:00Z,Boston Red Sox,Chicago Cubs,coolbet,alternate_spreads,Chicago Cubs,-2.5,3.35
2026-09-25T21:11:21Z,closing,c1c95aa0c77e6735bae6602eec2b42be,2026-09-25T21:36:00Z,Boston Red Sox,Chicago Cubs,coolbet,alternate_spreads,Chicago Cubs,-1.5,2.5
2026-09-25T21:11:21Z,closing,c1c95aa0c77e6735bae6602eec2b42be,2026-09-25T21:36:00Z,Boston Red Sox,Chicago Cubs,coolbet,alternate_spreads,Chicago Cubs,2.5,1.22
2026-09-25T21:11:21Z,closing,c1c95aa0c77e6735bae6602eec2b42be,2026-09-25T21:36:00Z,Boston Red Sox,Chicago Cubs,coolbet,alternate_totals,Over,7.0,2.15
2026-09-25T21:11:21Z,closing,c1c95aa0c77e6735bae6602eec2b42be,2026-09-25T21:36:00Z,Boston Red Sox,Chicago Cubs,coolbet,alternate_totals,Over,6.0,1.73
2026-09-25T21:11:21Z,closing,c1c95aa0c77e6735bae6602eec2b42be,2026-09-25T21:36:00Z,Boston Red Sox,Chicago Cubs,coolbet,alternate_totals,Over,7.5,2.4
2026-09-25T21:11:21Z,closing,c1c95aa0c77e6735bae6602eec2b42be,2026-09-25T21:36:00Z,Boston Red Sox,Chicago Cubs,coolbet,alternate_totals,Over,5.0,1.41
2026-09-25T21:11:21Z,closing,c1c95aa0c77e6735bae6602eec2b42be,2026-09-25T21:36:00Z,Boston Red Sox,Chicago Cubs,coolbet,alternate_totals,Over,8.0,2.7
2026-09-25T21:11:21Z,closing,c1c95aa0c77e6735bae6602eec2b42be,2026-09-25T21:36:00Z,Boston Red Sox,Chicago Cubs,coolbet,alternate_totals,Over,5.5,1.62
2026-09-25T21:11:21Z,closing,c1c95aa0c77e6735bae6602eec2b42be,2026-09-25T21:36:00Z,Boston Red Sox,Chicago Cubs,coolbet,alternate_totals,Over,6.5,1.89
2026-09-25T21:11:21Z,closing,c1c95aa0c77e6735bae6602eec2b42be,2026-09-25T21:36:00Z,Boston Red Sox,Chicago Cubs,coolbet,alternate_totals,Under,7.0,1.71
2026-09-25T21:11:21Z,closing,c1c95aa0c77e6735bae6602eec2b42be,2026-09-25T21:36:00Z,Boston Red Sox,Chicago Cubs,coolbet,alternate_totals,Under,6.0,2.12
2026-09-25T21:11:21Z,closing,c1c95aa0c77e6735bae6602eec2b42be,2026-09-25T21:36:00Z,Boston Red Sox,Chicago Cubs,coolbet,alternate_totals,Under,7.5,1.58
2026-09-25T21:11:21Z,closing,c1c95aa0c77e6735bae6602eec2b42be,2026-09-25T21:36:00Z,Boston Red Sox,Chicago Cubs,coolbet,alternate_totals,Under,5.0,2.93
2026-09-25T21:11:21Z,closing,c1c95aa0c77e6735bae6602eec2b42be,2026-09-25T21:36:00Z,Boston Red Sox,Chicago Cubs,coolbet,alternate_totals,Under,8.0,1.47
2026-09-25T21:11:21Z,closing,c1c95aa0c77e6735bae6602eec2b42be,2026-09-25T21:36:00Z,Boston Red Sox,Chicago Cubs,coolbet,alternate_totals,Under,5.5,2.3
2026-09-25T21:11:21Z,closing,c1c95aa0c77e6735bae6602eec2b42be,2026-09-25T21:36:00Z,Boston Red Sox,Chicago Cubs,coolbet,alternate_totals,Under,6.5,1.92
2026-09-25T21:11:21Z,closing,c1c95aa0c77e6735bae6602eec2b42be,2026-09-25T21:36:00Z,Boston Red Sox,Chicago Cubs,betrivers,alternate_spreads,Boston Red Sox,-2.0,4.5
2026-09-25T21:11:21Z,closing,c1c95aa0c77e6735bae6602eec2b42be,2026-09-25T21:36:00Z,Boston Red Sox,Chicago Cubs,betrivers,alternate_spreads,Boston Red Sox,1.5,1.56
2026-09-25T21:11:21Z,closing,c1c95aa0c77e6735bae6602eec2b42be,2026-09-25T21:36:00Z,Boston Red Sox,Chicago Cubs,betrivers,alternate_spreads,Boston Red Sox,-1.5,3.35
2026-09-25T21:11:21Z,closing,c1c95aa0c77e6735bae6602eec2b42be,2026-09-25T21:36:00Z,Boston Red Sox,Chicago Cubs,betrivers,alternate_spreads,Boston Red Sox,2.0,1.4
2026-09-25T21:11:21Z,closing,c1c95aa0c77e6735bae6602eec2b42be,2026-09-25T21:36:00Z,Boston Red Sox,Chicago Cubs,betrivers,alternate_spreads,Chicago Cubs,2.0,1.21
2026-09-25T21:11:21Z,closing,c1c95aa0c77e6735bae6602eec2b42be,2026-09-25T21:36:00Z,Boston Red Sox,Chicago Cubs,betrivers,alternate_spreads,Chicago Cubs,-1.5,2.43
2026-09-25T21:11:21Z,closing,c1c95aa0c77e6735bae6602eec2b42be,2026-09-25T21:36:00Z,Boston Red Sox,Chicago Cubs,betrivers,alternate_spreads,Chicago Cubs,1.5,1.33
2026-09-25T21:11:21Z,closing,c1c95aa0c77e6735bae6602eec2b42be,2026-09-25T21:36:00Z,Boston Red Sox,Chicago Cubs,betrivers,alternate_spreads,Chicago Cubs,-2.0,3.0
2026-09-25T21:11:21Z,closing,c1c95aa0c77e6735bae6602eec2b42be,2026-09-25T21:36:00Z,Boston Red Sox,Chicago Cubs,betrivers,alternate_totals,Over,4.5,1.34
2026-09-25T21:11:21Z,closing,c1c95aa0c77e6735bae6602eec2b42be,2026-09-25T21:36:00Z,Boston Red Sox,Chicago Cubs,betrivers,alternate_totals,Over,10.0,4.4
2026-09-25T21:11:21Z,closing,c1c95aa0c77e6735bae6602eec2b42be,2026-09-25T21:36:00Z,Boston Red Sox,Chicago Cubs,betrivers,alternate_totals,Over,5.5,1.63
2026-09-25T21:11:21Z,closing,c1c95aa0c77e6735bae6602eec2b42be,2026-09-25T21:36:00Z,Boston Red Sox,Chicago Cubs,betrivers,alternate_totals,Over,8.5,3.05
2026-09-25T21:11:21Z,closing,c1c95aa0c77e6735bae6602eec2b42be,2026-09-25T21:36:00Z,Boston Red Sox,Chicago Cubs,betrivers,alternate_totals,Over,6.5,1.92
2026-09-25T21:11:21Z,closing,c1c95aa0c77e6735bae6602eec2b42be,2026-09-25T21:36:00Z,Boston Red Sox,Chicago Cubs,betrivers,alternate_totals,Over,7.5,2.5
2026-09-25T21:11:21Z,closing,c1c95aa0c77e6735bae6602eec2b42be,2026-09-25T21:36:00Z,Boston Red Sox,Chicago Cubs,betrivers,alternate_totals,Over,6.0,1.68
2026-09-25T21:11:21Z,closing,c1c95aa0c77e6735bae6602eec2b42be,2026-09-25T21:36:00Z,Boston Red Sox,Chicago Cubs,betrivers,alternate_totals,Over,9.0,3.5
2026-09-25T21:11:21Z,closing,c1c95aa0c77e6735bae6602eec2b42be,2026-09-25T21:36:00Z,Boston Red Sox,Chicago Cubs,betrivers,alternate_totals,Over,5.0,1.38
2026-09-25T21:11:21Z,closing,c1c95aa0c77e6735bae6602eec2b42be,2026-09-25T21:36:00Z,Boston Red Sox,Chicago Cubs,betrivers,alternate_totals,Over,9.5,4.1
2026-09-25T21:11:21Z,closing,c1c95aa0c77e6735bae6602eec2b42be,2026-09-25T21:36:00Z,Boston Red Sox,Chicago Cubs,betrivers,alternate_totals,Over,8.0,2.7
2026-09-25T21:11:21Z,closing,c1c95aa0c77e6735bae6602eec2b42be,2026-09-25T21:36:00Z,Boston Red Sox,Chicago Cubs,betrivers,alternate_totals,Over,7.0,2.12
2026-09-25T21:11:21Z,closing,c1c95aa0c77e6735bae6602eec2b42be,2026-09-25T21:36:00Z,Boston Red Sox,Chicago Cubs,betrivers,alternate_totals,Under,4.5,3.3
2026-09-25T21:11:21Z,closing,c1c95aa0c77e6735bae6602eec2b42be,2026-09-25T21:36:00Z,Boston Red Sox,Chicago Cubs,betrivers,alternate_totals,Under,10.0,1.16
2026-09-25T21:11:21Z,closing,c1c95aa0c77e6735bae6602eec2b42be,2026-09-25T21:36:00Z,Boston Red Sox,Chicago Cubs,betrivers,alternate_totals,Under,5.5,2.3
2026-09-25T21:11:21Z,closing,c1c95aa0c77e6735bae6602eec2b42be,2026-09-25T21:36:00Z,Boston Red Sox,Chicago Cubs,betrivers,alternate_totals,Under,8.5,1.38
2026-09-25T21:11:21Z,closing,c1c95aa0c77e6735bae6602eec2b42be,2026-09-25T21:36:00Z,Boston Red Sox,Chicago Cubs,betrivers,alternate_totals,Under,6.5,1.89
2026-09-25T21:11:21Z,closing,c1c95aa0c77e6735bae6602eec2b42be,2026-09-25T21:36:00Z,Boston Red Sox,Chicago Cubs,betrivers,alternate_totals,Under,7.5,1.54
2026-09-25T21:11:21Z,closing,c1c95aa0c77e6735bae6602eec2b42be,2026-09-25T21:36:00Z,Boston Red Sox,Chicago Cubs,betrivers,alternate_totals,Under,6.0,2.0
2026-09-25T21:11:21Z,closing,c1c95aa0c77e6735bae6602eec2b42be,2026-09-25T21:36:00Z,Boston Red Sox,Chicago Cubs,betrivers,alternate_totals,Under,9.0,1.25
2026-09-25T21:11:21Z,closing,c1c95aa0c77e6735bae6602eec2b42be,2026-09-25T21:36:00Z,Boston Red Sox,Chicago Cubs,betrivers,alternate_totals,Under,5.0,2.75
2026-09-25T21:11:21Z,closing,c1c95aa0c77e6735bae6602eec2b42be,2026-09-25T21:36:00Z,Boston Red Sox,Chicago Cubs,betrivers,alternate_totals,Under,9.5,1.24
2026-09-25T21:11:21Z,closing,c1c95aa0c77e6735bae6602eec2b42be,2026-09-25T21:36:00Z,Boston Red Sox,Chicago Cubs,betrivers,alternate_totals,Under,8.0,1.4
2026-09-25T21:11:21Z,closing,c1c95aa0c77e6735bae6602eec2b42be,2026-09-25T21:36:00Z,Boston Red Sox,Chicago Cubs,betrivers,alternate_totals,Under,7.0,1.63
2026-09-25T21:11:21Z,closing,c1c95aa0c77e6735bae6602eec2b42be,2026-09-25T21:36:00Z,Boston Red Sox,Chicago Cubs,pinnacle,alternate_spreads,Boston Red Sox,1.5,1.57
2026-09-25T21:11:21Z,closing,c1c95aa0c77e6735bae6602eec2b42be,2026-09-25T21:36:00Z,Boston Red Sox,Chicago Cubs,pinnacle,alternate_spreads,Boston Red Sox,3.0,1.2
2026-09-25T21:11:21Z,closing,c1c95aa0c77e6735bae6602eec2b42be,2026-09-25T21:36:00Z,Boston Red Sox,Chicago Cubs,pinnacle,alternate_spreads,Boston Red Sox,2.5,1.32
2026-09-25T21:11:21Z,closing,c1c95aa0c77e6735bae6602eec2b42be,2026-09-25T21:36:00Z,Boston Red Sox,Chicago Cubs,pinnacle,alternate_spreads,Boston Red Sox,2.0,1.38
2026-09-25T21:11:21Z,closing,c1c95aa0c77e6735bae6602eec2b42be,2026-09-25T21:36:00Z,Boston Red Sox,Chicago Cubs,pinnacle,alternate_spreads,Boston Red Sox,1.0,1.75
2026-09-25T21:11:21Z,closing,c1c95aa0c77e6735bae6602eec2b42be,2026-09-25T21:36:00Z,Boston Red Sox,Chicago Cubs,pinnacle,alternate_spreads,Boston Red Sox,-1.0,2.72
2026-09-25T21:11:21Z,closing,c1c95aa0c77e6735bae6602eec2b42be,2026-09-25T21:36:00Z,Boston Red Sox,Chicago Cubs,pinnacle,alternate_spreads,Boston Red Sox,-1.5,3.27
2026-09-25T21:11:21Z,closing,c1c95aa0c77e6735bae6602eec2b42be,2026-09-25T21:36:00Z,Boston Red Sox,Chicago Cubs,pinnacle,alternate_spreads,Chicago Cubs,-1.5,2.57
2026-09-25T21:11:21Z,closing,c1c95aa0c77e6735bae6602eec2b42be,2026-09-25T21:36:00Z,Boston Red Sox,Chicago Cubs,pinnacle,alternate_spreads,Chicago Cubs,-3.0,4.59
2026-09-25T21:11:21Z,closing,c1c95aa0c77e6735bae6602eec2b42be,2026-09-25T21:36:00Z,Boston Red Sox,Chicago Cubs,pinnacle,alternate_spreads,Chicago Cubs,-2.5,3.55
2026-09-25T21:11:21Z,closing,c1c95aa0c77e6735bae6602eec2b42be,2026-09-25T21:36:00Z,Boston Red Sox,Chicago Cubs,pinnacle,alternate_spreads,Chicago Cubs,-2.0,3.21
2026-09-25T21:11:21Z,closing,c1c95aa0c77e6735bae6602eec2b42be,2026-09-25T21:36:00Z,Boston Red Sox,Chicago Cubs,pinnacle,alternate_spreads,Chicago Cubs,-1.0,2.19
2026-09-25T21:11:21Z,closing,c1c95aa0c77e6735bae6602eec2b42be,2026-09-25T21:36:00Z,Boston Red Sox,Chicago Cubs,pinnacle,alternate_spreads,Chicago Cubs,1.0,1.5
2026-09-25T21:11:21Z,closing,c1c95aa0c77e6735bae6602eec2b42be,2026-09-25T21:36:00Z,Boston Red Sox,Chicago Cubs,pinnacle,alternate_spreads,Chicago Cubs,1.5,1.35
2026-09-25T21:11:21Z,closing,c1c95aa0c77e6735bae6602eec2b42be,2026-09-25T21:36:00Z,Boston Red Sox,Chicago Cubs,pinnacle,alternate_totals,Over,6.5,1.92
2026-09-25T21:11:21Z,closing,c1c95aa0c77e6735bae6602eec2b42be,2026-09-25T21:36:00Z,Boston Red Sox,Chicago Cubs,pinnacle,alternate_totals,Over,5.0,1.4
2026-09-25T21:11:21Z,closing,c1c95aa0c77e6735bae6602eec2b42be,2026-09-25T21:36:00Z,Boston Red Sox,Chicago Cubs,pinnacle,alternate_totals,Over,5.5,1.62
2026-09-25T21:11:21Z,closing,c1c95aa0c77e6735bae6602eec2b42be,2026-09-25T21:36:00Z,Boston Red Sox,Chicago Cubs,pinnacle,alternate_totals,Over,6.0,1.73
2026-09-25T21:11:21Z,closing,c1c95aa0c77e6735bae6602eec2b42be,2026-09-25T21:36:00Z,Boston Red Sox,Chicago Cubs,pinnacle,alternate_totals,Over,7.0,2.21
2026-09-25T21:11:21Z,closing,c1c95aa0c77e6735bae6602eec2b42be,2026-09-25T21:36:00Z,Boston Red Sox,Chicago Cubs,pinnacle,alternate_totals,Over,7.5,2.51
2026-09-25T21:11:21Z,closing,c1c95aa0c77e6735bae6602eec2b42be,2026-09-25T21:36:00Z,Boston Red Sox,Chicago Cubs,pinnacle,alternate_totals,Over,8.0,2.85
2026-09-25T21:11:21Z,closing,c1c95aa0c77e6735bae6602eec2b42be,2026-09-25T21:36:00Z,Boston Red Sox,Chicago Cubs,pinnacle,alternate_totals,Under,6.5,1.97
2026-09-25T21:11:21Z,closing,c1c95aa0c77e6735bae6602eec2b42be,2026-09-25T21:36:00Z,Boston Red Sox,Chicago Cubs,pinnacle,alternate_totals,Under,5.0,3.05
2026-09-25T21:11:21Z,closing,c1c95aa0c77e6735bae6602eec2b42be,2026-09-25T21:36:00Z,Boston Red Sox,Chicago Cubs,pinnacle,alternate_totals,Under,5.5,2.4
2026-09-25T21:11:21Z,closing,c1c95aa0c77e6735bae6602eec2b42be,2026-09-25T21:36:00Z,Boston Red Sox,Chicago Cubs,pinnacle,alternate_totals,Under,6.0,2.19
2026-09-25T21:11:21Z,closing,c1c95aa0c77e6735bae6602eec2b42be,2026-09-25T21:36:00Z,Boston Red Sox,Chicago Cubs,pinnacle,alternate_totals,Under,7.0,1.72
2026-09-25T21:11:21Z,closing,c1c95aa0c77e6735bae6602eec2b42be,2026-09-25T21:36:00Z,Boston Red Sox,Chicago Cubs,pinnacle,alternate_totals,Under,7.5,1.57
2026-09-25T21:11:21Z,closing,c1c95aa0c77e6735bae6602eec2b42be,2026-09-25T21:36:00Z,Boston Red Sox,Chicago Cubs,pinnacle,alternate_totals,Under,8.0,1.44
2026-09-25T21:13:17Z,scheduled,c1c95aa0c77e6735bae6602eec2b42be,2026-09-25T21:36:00Z,Boston Red Sox,Chicago Cubs,fanduel,h2h,Boston Red Sox,,2.0
2026-09-25T21:13:17Z,scheduled,c1c95aa0c77e6735bae6602eec2b42be,2026-09-25T21:36:00Z,Boston Red Sox,Chicago Cubs,fanduel,h2h,Chicago Cubs,,1.85
2026-09-25T21:13:17Z,scheduled,c1c95aa0c77e6735bae6602eec2b42be,2026-09-25T21:36:00Z,Boston Red Sox,Chicago Cubs,fanduel,spreads,Boston Red Sox,1.5,1.57
2026-09-25T21:13:17Z,scheduled,c1c95aa0c77e6735bae6602eec2b42be,2026-09-25T21:36:00Z,Boston Red Sox,Chicago Cubs,fanduel,spreads,Chicago Cubs,-1.5,2.46
2026-09-25T21:13:17Z,scheduled,c1c95aa0c77e6735bae6602eec2b42be,2026-09-25T21:36:00Z,Boston Red Sox,Chicago Cubs,fanduel,totals,Over,6.5,1.91
2026-09-25T21:13:17Z,scheduled,c1c95aa0c77e6735bae6602eec2b42be,2026-09-25T21:36:00Z,Boston Red Sox,Chicago Cubs,fanduel,totals,Under,6.5,1.91
2026-09-25T21:13:17Z,scheduled,c1c95aa0c77e6735bae6602eec2b42be,2026-09-25T21:36:00Z,Boston Red Sox,Chicago Cubs,betsson,h2h,Boston Red Sox,,1.95
2026-09-25T21:13:17Z,scheduled,c1c95aa0c77e6735bae6602eec2b42be,2026-09-25T21:36:00Z,Boston Red Sox,Chicago Cubs,betsson,h2h,Chicago Cubs,,1.85
2026-09-25T21:13:17Z,scheduled,c1c95aa0c77e6735bae6602eec2b42be,2026-09-25T21:36:00Z,Boston Red Sox,Chicago Cubs,betsson,spreads,Boston Red Sox,1.5,1.53
2026-09-25T21:13:17Z,scheduled,c1c95aa0c77e6735bae6602eec2b42be,2026-09-25T21:36:00Z,Boston Red Sox,Chicago Cubs,betsson,spreads,Chicago Cubs,-1.5,2.45
2026-09-25T21:13:17Z,scheduled,c1c95aa0c77e6735bae6602eec2b42be,2026-09-25T21:36:00Z,Boston Red Sox,Chicago Cubs,betsson,totals,Over,6.5,1.83
2026-09-25T21:13:17Z,scheduled,c1c95aa0c77e6735bae6602eec2b42be,2026-09-25T21:36:00Z,Boston Red Sox,Chicago Cubs,betsson,totals,Under,6.5,1.93
2026-09-25T21:13:17Z,scheduled,c1c95aa0c77e6735bae6602eec2b42be,2026-09-25T21:36:00Z,Boston Red Sox,Chicago Cubs,betmgm,h2h,Boston Red Sox,,1.98
2026-09-25T21:13:17Z,scheduled,c1c95aa0c77e6735bae6602eec2b42be,2026-09-25T21:36:00Z,Boston Red Sox,Chicago Cubs,betmgm,h2h,Chicago Cubs,,1.85
2026-09-25T21:13:17Z,scheduled,c1c95aa0c77e6735bae6602eec2b42be,2026-09-25T21:36:00Z,Boston Red Sox,Chicago Cubs,betmgm,spreads,Boston Red Sox,1.5,1.54
2026-09-25T21:13:17Z,scheduled,c1c95aa0c77e6735bae6602eec2b42be,2026-09-25T21:36:00Z,Boston Red Sox,Chicago Cubs,betmgm,spreads,Chicago Cubs,-1.5,2.5
2026-09-25T21:13:17Z,scheduled,c1c95aa0c77e6735bae6602eec2b42be,2026-09-25T21:36:00Z,Boston Red Sox,Chicago Cubs,betmgm,totals,Over,6.5,1.91
2026-09-25T21:13:17Z,scheduled,c1c95aa0c77e6735bae6602eec2b42be,2026-09-25T21:36:00Z,Boston Red Sox,Chicago Cubs,betmgm,totals,Under,6.5,1.91
2026-09-25T21:13:17Z,scheduled,c1c95aa0c77e6735bae6602eec2b42be,2026-09-25T21:36:00Z,Boston Red Sox,Chicago Cubs,draftkings,h2h,Boston Red Sox,,1.99
2026-09-25T21:13:17Z,scheduled,c1c95aa0c77e6735bae6602eec2b42be,2026-09-25T21:36:00Z,Boston Red Sox,Chicago Cubs,draftkings,h2h,Chicago Cubs,,1.84
2026-09-25T21:13:17Z,scheduled,c1c95aa0c77e6735bae6602eec2b42be,2026-09-25T21:36:00Z,Boston Red Sox,Chicago Cubs,draftkings,spreads,Boston Red Sox,1.5,1.54
2026-09-25T21:13:17Z,scheduled,c1c95aa0c77e6735bae6602eec2b42be,2026-09-25T21:36:00Z,Boston Red Sox,Chicago Cubs,draftkings,spreads,Chicago Cubs,-1.5,2.53
2026-09-25T21:13:17Z,scheduled,c1c95aa0c77e6735bae6602eec2b42be,2026-09-25T21:36:00Z,Boston Red Sox,Chicago Cubs,draftkings,totals,Over,6.5,1.89
2026-09-25T21:13:17Z,scheduled,c1c95aa0c77e6735bae6602eec2b42be,2026-09-25T21:36:00Z,Boston Red Sox,Chicago Cubs,draftkings,totals,Under,6.5,1.93
2026-09-25T21:13:17Z,scheduled,c1c95aa0c77e6735bae6602eec2b42be,2026-09-25T21:36:00Z,Boston Red Sox,Chicago Cubs,coolbet,h2h,Boston Red Sox,,2.0
2026-09-25T21:13:17Z,scheduled,c1c95aa0c77e6735bae6602eec2b42be,2026-09-25T21:36:00Z,Boston Red Sox,Chicago Cubs,coolbet,h2h,Chicago Cubs,,1.82
2026-09-25T21:13:17Z,scheduled,c1c95aa0c77e6735bae6602eec2b42be,2026-09-25T21:36:00Z,Boston Red Sox,Chicago Cubs,coolbet,spreads,Boston Red Sox,1.5,1.54
2026-09-25T21:13:17Z,scheduled,c1c95aa0c77e6735bae6602eec2b42be,2026-09-25T21:36:00Z,Boston Red Sox,Chicago Cubs,coolbet,spreads,Chicago Cubs,-1.5,2.5
2026-09-25T21:13:17Z,scheduled,c1c95aa0c77e6735bae6602eec2b42be,2026-09-25T21:36:00Z,Boston Red Sox,Chicago Cubs,coolbet,totals,Over,6.5,1.89
2026-09-25T21:13:17Z,scheduled,c1c95aa0c77e6735bae6602eec2b42be,2026-09-25T21:36:00Z,Boston Red Sox,Chicago Cubs,coolbet,totals,Under,6.5,1.92
2026-09-25T21:13:17Z,scheduled,c1c95aa0c77e6735bae6602eec2b42be,2026-09-25T21:36:00Z,Boston Red Sox,Chicago Cubs,betrivers,h2h,Boston Red Sox,,2.04
2026-09-25T21:13:17Z,scheduled,c1c95aa0c77e6735bae6602eec2b42be,2026-09-25T21:36:00Z,Boston Red Sox,Chicago Cubs,betrivers,h2h,Chicago Cubs,,1.81
2026-09-25T21:13:17Z,scheduled,c1c95aa0c77e6735bae6602eec2b42be,2026-09-25T21:36:00Z,Boston Red Sox,Chicago Cubs,betrivers,spreads,Boston Red Sox,1.5,1.56
2026-09-25T21:13:17Z,scheduled,c1c95aa0c77e6735bae6602eec2b42be,2026-09-25T21:36:00Z,Boston Red Sox,Chicago Cubs,betrivers,spreads,Chicago Cubs,-1.5,2.43
2026-09-25T21:13:17Z,scheduled,c1c95aa0c77e6735bae6602eec2b42be,2026-09-25T21:36:00Z,Boston Red Sox,Chicago Cubs,betrivers,totals,Over,6.5,1.92
2026-09-25T21:13:17Z,scheduled,c1c95aa0c77e6735bae6602eec2b42be,2026-09-25T21:36:00Z,Boston Red Sox,Chicago Cubs,betrivers,totals,Under,6.5,1.89
2026-09-25T21:13:17Z,scheduled,c1c95aa0c77e6735bae6602eec2b42be,2026-09-25T21:36:00Z,Boston Red Sox,Chicago Cubs,betfair_ex_eu,h2h,Boston Red Sox,,2.08
2026-09-25T21:13:17Z,scheduled,c1c95aa0c77e6735bae6602eec2b42be,2026-09-25T21:36:00Z,Boston Red Sox,Chicago Cubs,betfair_ex_eu,h2h,Chicago Cubs,,1.92
2026-09-25T21:13:17Z,scheduled,c1c95aa0c77e6735bae6602eec2b42be,2026-09-25T21:36:00Z,Boston Red Sox,Chicago Cubs,betfair_ex_eu,h2h_lay,Boston Red Sox,,2.1
2026-09-25T21:13:17Z,scheduled,c1c95aa0c77e6735bae6602eec2b42be,2026-09-25T21:36:00Z,Boston Red Sox,Chicago Cubs,betfair_ex_eu,h2h_lay,Chicago Cubs,,1.93
2026-09-25T21:13:17Z,scheduled,c1c95aa0c77e6735bae6602eec2b42be,2026-09-25T21:36:00Z,Boston Red Sox,Chicago Cubs,matchbook,h2h,Boston Red Sox,,2.08
2026-09-25T21:13:17Z,scheduled,c1c95aa0c77e6735bae6602eec2b42be,2026-09-25T21:36:00Z,Boston Red Sox,Chicago Cubs,matchbook,h2h,Chicago Cubs,,1.92
2026-09-25T21:13:17Z,scheduled,c1c95aa0c77e6735bae6602eec2b42be,2026-09-25T21:36:00Z,Boston Red Sox,Chicago Cubs,matchbook,h2h_lay,Boston Red Sox,,2.1
2026-09-25T21:13:17Z,scheduled,c1c95aa0c77e6735bae6602eec2b42be,2026-09-25T21:36:00Z,Boston Red Sox,Chicago Cubs,matchbook,h2h_lay,Chicago Cubs,,1.93
2026-09-25T21:13:17Z,scheduled,c1c95aa0c77e6735bae6602eec2b42be,2026-09-25T21:36:00Z,Boston Red Sox,Chicago Cubs,matchbook,spreads,Boston Red Sox,1.5,1.58
2026-09-25T21:13:17Z,scheduled,c1c95aa0c77e6735bae6602eec2b42be,2026-09-25T21:36:00Z,Boston Red Sox,Chicago Cubs,matchbook,spreads,Chicago Cubs,-1.5,2.66
2026-09-25T21:13:17Z,scheduled,c1c95aa0c77e6735bae6602eec2b42be,2026-09-25T21:36:00Z,Boston Red Sox,Chicago Cubs,matchbook,totals,Over,6.5,1.94
2026-09-25T21:13:17Z,scheduled,c1c95aa0c77e6735bae6602eec2b42be,2026-09-25T21:36:00Z,Boston Red Sox,Chicago Cubs,matchbook,totals,Under,6.5,1.96
2026-09-25T21:13:17Z,scheduled,c1c95aa0c77e6735bae6602eec2b42be,2026-09-25T21:36:00Z,Boston Red Sox,Chicago Cubs,pinnacle,h2h,Boston Red Sox,,2.06
2026-09-25T21:13:17Z,scheduled,c1c95aa0c77e6735bae6602eec2b42be,2026-09-25T21:36:00Z,Boston Red Sox,Chicago Cubs,pinnacle,h2h,Chicago Cubs,,1.87
2026-09-25T21:13:17Z,scheduled,c1c95aa0c77e6735bae6602eec2b42be,2026-09-25T21:36:00Z,Boston Red Sox,Chicago Cubs,pinnacle,spreads,Boston Red Sox,1.5,1.57
2026-09-25T21:13:17Z,scheduled,c1c95aa0c77e6735bae6602eec2b42be,2026-09-25T21:36:00Z,Boston Red Sox,Chicago Cubs,pinnacle,spreads,Chicago Cubs,-1.5,2.57
2026-09-25T21:13:17Z,scheduled,c1c95aa0c77e6735bae6602eec2b42be,2026-09-25T21:36:00Z,Boston Red Sox,Chicago Cubs,pinnacle,totals,Over,6.5,1.92
2026-09-25T21:13:17Z,scheduled,c1c95aa0c77e6735bae6602eec2b42be,2026-09-25T21:36:00Z,Boston Red Sox,Chicago Cubs,pinnacle,totals,Under,6.5,1.97
2026-09-25T21:13:17Z,scheduled,3aa03f1c80c2ca97a49e0b7548d9e647,2026-09-25T22:41:00Z,Detroit Tigers,Pittsburgh Pirates,fanduel,h2h,Detroit Tigers,,1.85
2026-09-25T21:13:17Z,scheduled,3aa03f1c80c2ca97a49e0b7548d9e647,2026-09-25T22:41:00Z,Detroit Tigers,Pittsburgh Pirates,fanduel,h2h,Pittsburgh Pirates,,2.0
2026-09-25T21:13:17Z,scheduled,3aa03f1c80c2ca97a49e0b7548d9e647,2026-09-25T22:41:00Z,Detroit Tigers,Pittsburgh Pirates,fanduel,spreads,Detroit Tigers,-1.5,2.68
2026-09-25T21:13:17Z,scheduled,3aa03f1c80c2ca97a49e0b7548d9e647,2026-09-25T22:41:00Z,Detroit Tigers,Pittsburgh Pirates,fanduel,spreads,Pittsburgh Pirates,1.5,1.49
2026-09-25T21:13:17Z,scheduled,3aa03f1c80c2ca97a49e0b7548d9e647,2026-09-25T22:41:00Z,Detroit Tigers,Pittsburgh Pirates,fanduel,totals,Over,7.5,1.78
2026-09-25T21:13:17Z,scheduled,3aa03f1c80c2ca97a49e0b7548d9e647,2026-09-25T22:41:00Z,Detroit Tigers,Pittsburgh Pirates,fanduel,totals,Under,7.5,2.04
2026-09-25T21:13:17Z,scheduled,3aa03f1c80c2ca97a49e0b7548d9e647,2026-09-25T22:41:00Z,Detroit Tigers,Pittsburgh Pirates,coolbet,h2h,Detroit Tigers,,1.85
2026-09-25T21:13:17Z,scheduled,3aa03f1c80c2ca97a49e0b7548d9e647,2026-09-25T22:41:00Z,Detroit Tigers,Pittsburgh Pirates,coolbet,h2h,Pittsburgh Pirates,,1.96
2026-09-25T21:13:17Z,scheduled,3aa03f1c80c2ca97a49e0b7548d9e647,2026-09-25T22:41:00Z,Detroit Tigers,Pittsburgh Pirates,coolbet,spreads,Detroit Tigers,1.5,1.52
2026-09-25T21:13:17Z,scheduled,3aa03f1c80c2ca97a49e0b7548d9e647,2026-09-25T22:41:00Z,Detroit Tigers,Pittsburgh Pirates,coolbet,spreads,Pittsburgh Pirates,-1.5,2.55
2026-09-25T21:13:17Z,scheduled,3aa03f1c80c2ca97a49e0b7548d9e647,2026-09-25T22:41:00Z,Detroit Tigers,Pittsburgh Pirates,coolbet,totals,Over,8.0,1.95
2026-09-25T21:13:17Z,scheduled,3aa03f1c80c2ca97a49e0b7548d9e647,2026-09-25T22:41:00Z,Detroit Tigers,Pittsburgh Pirates,coolbet,totals,Under,8.0,1.87
2026-09-25T21:13:17Z,scheduled,3aa03f1c80c2ca97a49e0b7548d9e647,2026-09-25T22:41:00Z,Detroit Tigers,Pittsburgh Pirates,betsson,h2h,Detroit Tigers,,1.78
2026-09-25T21:13:17Z,scheduled,3aa03f1c80c2ca97a49e0b7548d9e647,2026-09-25T22:41:00Z,Detroit Tigers,Pittsburgh Pirates,betsson,h2h,Pittsburgh Pirates,,2.03
2026-09-25T21:13:17Z,scheduled,3aa03f1c80c2ca97a49e0b7548d9e647,2026-09-25T22:41:00Z,Detroit Tigers,Pittsburgh Pirates,betsson,spreads,Detroit Tigers,-1.5,2.56
2026-09-25T21:13:17Z,scheduled,3aa03f1c80c2ca97a49e0b7548d9e647,2026-09-25T22:41:00Z,Detroit Tigers,Pittsburgh Pirates,betsson,spreads,Pittsburgh Pirates,1.5,1.48
2026-09-25T21:13:17Z,scheduled,3aa03f1c80c2ca97a49e0b7548d9e647,2026-09-25T22:41:00Z,Detroit Tigers,Pittsburgh Pirates,betsson,totals,Over,8.0,1.88
2026-09-25T21:13:17Z,scheduled,3aa03f1c80c2ca97a49e0b7548d9e647,2026-09-25T22:41:00Z,Detroit Tigers,Pittsburgh Pirates,betsson,totals,Under,8.0,1.88
2026-09-25T21:13:17Z,scheduled,3aa03f1c80c2ca97a49e0b7548d9e647,2026-09-25T22:41:00Z,Detroit Tigers,Pittsburgh Pirates,draftkings,h2h,Detroit Tigers,,1.84
2026-09-25T21:13:17Z,scheduled,3aa03f1c80c2ca97a49e0b7548d9e647,2026-09-25T22:41:00Z,Detroit Tigers,Pittsburgh Pirates,draftkings,h2h,Pittsburgh Pirates,,1.99
2026-09-25T21:13:17Z,scheduled,3aa03f1c80c2ca97a49e0b7548d9e647,2026-09-25T22:41:00Z,Detroit Tigers,Pittsburgh Pirates,draftkings,spreads,Detroit Tigers,1.5,1.5
2026-09-25T21:13:17Z,scheduled,3aa03f1c80c2ca97a49e0b7548d9e647,2026-09-25T22:41:00Z,Detroit Tigers,Pittsburgh Pirates,draftkings,spreads,Pittsburgh Pirates,-1.5,2.64
2026-09-25T21:13:17Z,scheduled,3aa03f1c80c2ca97a49e0b7548d9e647,2026-09-25T22:41:00Z,Detroit Tigers,Pittsburgh Pirates,draftkings,totals,Over,8.0,1.93
2026-09-25T21:13:17Z,scheduled,3aa03f1c80c2ca97a49e0b7548d9e647,2026-09-25T22:41:00Z,Detroit Tigers,Pittsburgh Pirates,draftkings,totals,Under,8.0,1.89
2026-09-25T21:13:17Z,scheduled,3aa03f1c80c2ca97a49e0b7548d9e647,2026-09-25T22:41:00Z,Detroit Tigers,Pittsburgh Pirates,betmgm,h2h,Detroit Tigers,,1.85
2026-09-25T21:13:17Z,scheduled,3aa03f1c80c2ca97a49e0b7548d9e647,2026-09-25T22:41:00Z,Detroit Tigers,Pittsburgh Pirates,betmgm,h2h,Pittsburgh Pirates,,1.98
2026-09-25T21:13:17Z,scheduled,3aa03f1c80c2ca97a49e0b7548d9e647,2026-09-25T22:41:00Z,Detroit Tigers,Pittsburgh Pirates,betmgm,spreads,Detroit Tigers,1.5,1.48
2026-09-25T21:13:17Z,scheduled,3aa03f1c80c2ca97a49e0b7548d9e647,2026-09-25T22:41:00Z,Detroit Tigers,Pittsburgh Pirates,betmgm,spreads,Pittsburgh Pirates,-1.5,2.7
2026-09-25T21:13:17Z,scheduled,3aa03f1c80c2ca97a49e0b7548d9e647,2026-09-25T22:41:00Z,Detroit Tigers,Pittsburgh Pirates,betmgm,totals,Over,8.0,1.95
2026-09-25T21:13:17Z,scheduled,3aa03f1c80c2ca97a49e0b7548d9e647,2026-09-25T22:41:00Z,Detroit Tigers,Pittsburgh Pirates,betmgm,totals,Under,8.0,1.87
2026-09-25T21:13:17Z,scheduled,3aa03f1c80c2ca97a49e0b7548d9e647,2026-09-25T22:41:00Z,Detroit Tigers,Pittsburgh Pirates,matchbook,h2h,Detroit Tigers,,1.92
2026-09-25T21:13:17Z,scheduled,3aa03f1c80c2ca97a49e0b7548d9e647,2026-09-25T22:41:00Z,Detroit Tigers,Pittsburgh Pirates,matchbook,h2h,Pittsburgh Pirates,,2.08
2026-09-25T21:13:17Z,scheduled,3aa03f1c80c2ca97a49e0b7548d9e647,2026-09-25T22:41:00Z,Detroit Tigers,Pittsburgh Pirates,matchbook,h2h_lay,Detroit Tigers,,1.93
2026-09-25T21:13:17Z,scheduled,3aa03f1c80c2ca97a49e0b7548d9e647,2026-09-25T22:41:00Z,Detroit Tigers,Pittsburgh Pirates,matchbook,h2h_lay,Pittsburgh Pirates,,2.1
2026-09-25T21:13:17Z,scheduled,3aa03f1c80c2ca97a49e0b7548d9e647,2026-09-25T22:41:00Z,Detroit Tigers,Pittsburgh Pirates,matchbook,spreads,Detroit Tigers,1.5,1.53
2026-09-25T21:13:17Z,scheduled,3aa03f1c80c2ca97a49e0b7548d9e647,2026-09-25T22:41:00Z,Detroit Tigers,Pittsburgh Pirates,matchbook,spreads,Pittsburgh Pirates,-1.5,2.7
2026-09-25T21:13:17Z,scheduled,3aa03f1c80c2ca97a49e0b7548d9e647,2026-09-25T22:41:00Z,Detroit Tigers,Pittsburgh Pirates,matchbook,totals,Over,7.5,1.84
2026-09-25T21:13:17Z,scheduled,3aa03f1c80c2ca97a49e0b7548d9e647,2026-09-25T22:41:00Z,Detroit Tigers,Pittsburgh Pirates,matchbook,totals,Under,7.5,2.06
2026-09-25T21:13:17Z,scheduled,3aa03f1c80c2ca97a49e0b7548d9e647,2026-09-25T22:41:00Z,Detroit Tigers,Pittsburgh Pirates,betrivers,h2h,Detroit Tigers,,1.88
2026-09-25T21:13:17Z,scheduled,3aa03f1c80c2ca97a49e0b7548d9e647,2026-09-25T22:41:00Z,Detroit Tigers,Pittsburgh Pirates,betrivers,h2h,Pittsburgh Pirates,,1.94
2026-09-25T21:13:17Z,scheduled,3aa03f1c80c2ca97a49e0b7548d9e647,2026-09-25T22:41:00Z,Detroit Tigers,Pittsburgh Pirates,betrivers,spreads,Detroit Tigers,1.5,1.55
2026-09-25T21:13:17Z,scheduled,3aa03f1c80c2ca97a49e0b7548d9e647,2026-09-25T22:41:00Z,Detroit Tigers,Pittsburgh Pirates,betrivers,spreads,Pittsburgh Pirates,-1.5,2.48
2026-09-25T21:13:17Z,scheduled,3aa03f1c80c2ca97a49e0b7548d9e647,2026-09-25T22:41:00Z,Detroit Tigers,Pittsburgh Pirates,betrivers,totals,Over,8.0,1.85
2026-09-25T21:13:17Z,scheduled,3aa03f1c80c2ca97a49e0b7548d9e647,2026-09-25T22:41:00Z,Detroit Tigers,Pittsburgh Pirates,betrivers,totals,Under,8.0,1.82
2026-09-25T21:13:17Z,scheduled,3aa03f1c80c2ca97a49e0b7548d9e647,2026-09-25T22:41:00Z,Detroit Tigers,Pittsburgh Pirates,pinnacle,h2h,Detroit Tigers,,1.89
2026-09-25T21:13:17Z,scheduled,3aa03f1c80c2ca97a49e0b7548d9e647,2026-09-25T22:41:00Z,Detroit Tigers,Pittsburgh Pirates,pinnacle,h2h,Pittsburgh Pirates,,2.03
2026-09-25T21:13:17Z,scheduled,3aa03f1c80c2ca97a49e0b7548d9e647,2026-09-25T22:41:00Z,Detroit Tigers,Pittsburgh Pirates,pinnacle,spreads,Detroit Tigers,-1.5,2.91
2026-09-25T21:13:17Z,scheduled,3aa03f1c80c2ca97a49e0b7548d9e647,2026-09-25T22:41:00Z,Detroit Tigers,Pittsburgh Pirates,pinnacle,spreads,Pittsburgh Pirates,1.5,1.46
2026-09-25T21:13:17Z,scheduled,3aa03f1c80c2ca97a49e0b7548d9e647,2026-09-25T22:41:00Z,Detroit Tigers,Pittsburgh Pirates,pinnacle,totals,Over,8.0,1.98
2026-09-25T21:13:17Z,scheduled,3aa03f1c80c2ca97a49e0b7548d9e647,2026-09-25T22:41:00Z,Detroit Tigers,Pittsburgh Pirates,pinnacle,totals,Under,8.0,1.91
2026-09-25T21:13:17Z,scheduled,3aa03f1c80c2ca97a49e0b7548d9e647,2026-09-25T22:41:00Z,Detroit Tigers,Pittsburgh Pirates,betfair_ex_eu,h2h,Detroit Tigers,,1.91
2026-09-25T21:13:17Z,scheduled,3aa03f1c80c2ca97a49e0b7548d9e647,2026-09-25T22:41:00Z,Detroit Tigers,Pittsburgh Pirates,betfair_ex_eu,h2h,Pittsburgh Pirates,,2.06
2026-09-25T21:13:17Z,scheduled,3aa03f1c80c2ca97a49e0b7548d9e647,2026-09-25T22:41:00Z,Detroit Tigers,Pittsburgh Pirates,betfair_ex_eu,h2h_lay,Detroit Tigers,,1.93
2026-09-25T21:13:17Z,scheduled,3aa03f1c80c2ca97a49e0b7548d9e647,2026-09-25T22:41:00Z,Detroit Tigers,Pittsburgh Pirates,betfair_ex_eu,h2h_lay,Pittsburgh Pirates,,2.1
2026-09-25T21:13:17Z,scheduled,6e8b1f358bb5c3837f473e61ecb68650,2026-09-25T22:41:00Z,Philadelphia Phillies,Tampa Bay Rays,fanduel,h2h,Philadelphia Phillies,,1.56
2026-09-25T21:13:17Z,scheduled,6e8b1f358bb5c3837f473e61ecb68650,2026-09-25T22:41:00Z,Philadelphia Phillies,Tampa Bay Rays,fanduel,h2h,Tampa Bay Rays,,2.5
2026-09-25T21:13:17Z,scheduled,6e8b1f358bb5c3837f473e61ecb68650,2026-09-25T22:41:00Z,Philadelphia Phillies,Tampa Bay Rays,fanduel,spreads,Philadelphia Phillies,-1.5,2.28
2026-09-25T21:13:17Z,scheduled,6e8b1f358bb5c3837f473e61ecb68650,2026-09-25T22:41:00Z,Philadelphia Phillies,Tampa Bay Rays,fanduel,spreads,Tampa Bay Rays,1.5,1.65
2026-09-25T21:13:17Z,scheduled,6e8b1f358bb5c3837f473e61ecb68650,2026-09-25T22:41:00Z,Philadelphia Phillies,Tampa Bay Rays,fanduel,totals,Over,6.5,1.85
2026-09-25T21:13:17Z,scheduled,6e8b1f358bb5c3837f473e61ecb68650,2026-09-25T22:41:00Z,Philadelphia Phillies,Tampa Bay Rays,fanduel,totals,Under,6.5,1.96
2026-09-25T21:13:17Z,scheduled,6e8b1f358bb5c3837f473e61ecb68650,2026-09-25T22:41:00Z,Philadelphia Phillies,Tampa Bay Rays,coolbet,h2h,Philadelphia Phillies,,1.55
2026-09-25T21:13:17Z,scheduled,6e8b1f358bb5c3837f473e61ecb68650,2026-09-25T22:41:00Z,Philadelphia Phillies,Tampa Bay Rays,coolbet,h2h,Tampa Bay Rays,,2.47
2026-09-25T21:13:17Z,scheduled,6e8b1f358bb5c3837f473e61ecb68650,2026-09-25T22:41:00Z,Philadelphia Phillies,Tampa Bay Rays,coolbet,spreads,Philadelphia Phillies,-1.5,2.27
2026-09-25T21:13:17Z,scheduled,6e8b1f358bb5c3837f473e61ecb68650,2026-09-25T22:41:00Z,Philadelphia Phillies,Tampa Bay Rays,coolbet,spreads,Tampa Bay Rays,1.5,1.64
2026-09-25T21:13:17Z,scheduled,6e8b1f358bb5c3837f473e61ecb68650,2026-09-25T22:41:00Z,Philadelphia Phillies,Tampa Bay Rays,coolbet,totals,Over,6.5,1.85
2026-09-25T21:13:17Z,scheduled,6e8b1f358bb5c3837f473e61ecb68650,2026-09-25T22:41:00Z,Philadelphia Phillies,Tampa Bay Rays,coolbet,totals,Under,6.5,1.96
2026-09-25T21:13:17Z,scheduled,6e8b1f358bb5c3837f473e61ecb68650,2026-09-25T22:41:00Z,Philadelphia Phillies,Tampa Bay Rays,betsson,h2h,Philadelphia Phillies,,1.56
2026-09-25T21:13:17Z,scheduled,6e8b1f358bb5c3837f473e61ecb68650,2026-09-25T22:41:00Z,Philadelphia Phillies,Tampa Bay Rays,betsson,h2h,Tampa Bay Rays,,2.42
2026-09-25T21:13:17Z,scheduled,6e8b1f358bb5c3837f473e61ecb68650,2026-09-25T22:41:00Z,Philadelphia Phillies,Tampa Bay Rays,betsson,spreads,Philadelphia Phillies,-1.5,2.22
2026-09-25T21:13:17Z,scheduled,6e8b1f358bb5c3837f473e61ecb68650,2026-09-25T22:41:00Z,Philadelphia Phillies,Tampa Bay Rays,betsson,spreads,Tampa Bay Rays,1.5,1.63
2026-09-25T21:13:17Z,scheduled,6e8b1f358bb5c3837f473e61ecb68650,2026-09-25T22:41:00Z,Philadelphia Phillies,Tampa Bay Rays,betsson,totals,Over,6.5,1.8
2026-09-25T21:13:17Z,scheduled,6e8b1f358bb5c3837f473e61ecb68650,2026-09-25T22:41:00Z,Philadelphia Phillies,Tampa Bay Rays,betsson,totals,Under,6.5,1.97
2026-09-25T21:13:17Z,scheduled,6e8b1f358bb5c3837f473e61ecb68650,2026-09-25T22:41:00Z,Philadelphia Phillies,Tampa Bay Rays,draftkings,h2h,Philadelphia Phillies,,1.55
2026-09-25T21:13:17Z,scheduled,6e8b1f358bb5c3837f473e61ecb68650,2026-09-25T22:41:00Z,Philadelphia Phillies,Tampa Bay Rays,draftkings,h2h,Tampa Bay Rays,,2.49
2026-09-25T21:13:17Z,scheduled,6e8b1f358bb5c3837f473e61ecb68650,2026-09-25T22:41:00Z,Philadelphia Phillies,Tampa Bay Rays,draftkings,spreads,Philadelphia Phillies,-1.5,2.34
2026-09-25T21:13:17Z,scheduled,6e8b1f358bb5c3837f473e61ecb68650,2026-09-25T22:41:00Z,Philadelphia Phillies,Tampa Bay Rays,draftkings,spreads,Tampa Bay Rays,1.5,1.62
2026-09-25T21:13:17Z,scheduled,6e8b1f358bb5c3837f473e61ecb68650,2026-09-25T22:41:00Z,Philadelphia Phillies,Tampa Bay Rays,draftkings,totals,Over,6.5,1.88
2026-09-25T21:13:17Z,scheduled,6e8b1f358bb5c3837f473e61ecb68650,2026-09-25T22:41:00Z,Philadelphia Phillies,Tampa Bay Rays,draftkings,totals,Under,6.5,1.95
2026-09-25T21:13:17Z,scheduled,6e8b1f358bb5c3837f473e61ecb68650,2026-09-25T22:41:00Z,Philadelphia Phillies,Tampa Bay Rays,betrivers,h2h,Philadelphia Phillies,,1.56
2026-09-25T21:13:17Z,scheduled,6e8b1f358bb5c3837f473e61ecb68650,2026-09-25T22:41:00Z,Philadelphia Phillies,Tampa Bay Rays,betrivers,h2h,Tampa Bay Rays,,2.45
2026-09-25T21:13:17Z,scheduled,6e8b1f358bb5c3837f473e61ecb68650,2026-09-25T22:41:00Z,Philadelphia Phillies,Tampa Bay Rays,betrivers,spreads,Philadelphia Phillies,-1.5,2.14
2026-09-25T21:13:17Z,scheduled,6e8b1f358bb5c3837f473e61ecb68650,2026-09-25T22:41:00Z,Philadelphia Phillies,Tampa Bay Rays,betrivers,spreads,Tampa Bay Rays,1.5,1.73
2026-09-25T21:13:17Z,scheduled,6e8b1f358bb5c3837f473e61ecb68650,2026-09-25T22:41:00Z,Philadelphia Phillies,Tampa Bay Rays,betrivers,totals,Over,6.5,1.85
2026-09-25T21:13:17Z,scheduled,6e8b1f358bb5c3837f473e61ecb68650,2026-09-25T22:41:00Z,Philadelphia Phillies,Tampa Bay Rays,betrivers,totals,Under,6.5,1.96
2026-09-25T21:13:17Z,scheduled,6e8b1f358bb5c3837f473e61ecb68650,2026-09-25T22:41:00Z,Philadelphia Phillies,Tampa Bay Rays,betmgm,h2h,Philadelphia Phillies,,1.54
2026-09-25T21:13:17Z,scheduled,6e8b1f358bb5c3837f473e61ecb68650,2026-09-25T22:41:00Z,Philadelphia Phillies,Tampa Bay Rays,betmgm,h2h,Tampa Bay Rays,,2.5
2026-09-25T21:13:17Z,scheduled,6e8b1f358bb5c3837f473e61ecb68650,2026-09-25T22:41:00Z,Philadelphia Phillies,Tampa Bay Rays,betmgm,spreads,Philadelphia Phillies,-1.5,2.25
2026-09-25T21:13:17Z,scheduled,6e8b1f358bb5c3837f473e61ecb68650,2026-09-25T22:41:00Z,Philadelphia Phillies,Tampa Bay Rays,betmgm,spreads,Tampa Bay Rays,1.5,1.65
2026-09-25T21:13:17Z,scheduled,6e8b1f358bb5c3837f473e61ecb68650,2026-09-25T22:41:00Z,Philadelphia Phillies,Tampa Bay Rays,betmgm,totals,Over,6.5,1.87
2026-09-25T21:13:17Z,scheduled,6e8b1f358bb5c3837f473e61ecb68650,2026-09-25T22:41:00Z,Philadelphia Phillies,Tampa Bay Rays,betmgm,totals,Under,6.5,1.95
2026-09-25T21:13:17Z,scheduled,6e8b1f358bb5c3837f473e61ecb68650,2026-09-25T22:41:00Z,Philadelphia Phillies,Tampa Bay Rays,matchbook,h2h,Philadelphia Phillies,,1.63
2026-09-25T21:13:17Z,scheduled,6e8b1f358bb5c3837f473e61ecb68650,2026-09-25T22:41:00Z,Philadelphia Phillies,Tampa Bay Rays,matchbook,h2h,Tampa Bay Rays,,2.58
2026-09-25T21:13:17Z,scheduled,6e8b1f358bb5c3837f473e61ecb68650,2026-09-25T22:41:00Z,Philadelphia Phillies,Tampa Bay Rays,matchbook,h2h_lay,Philadelphia Phillies,,1.64
2026-09-25T21:13:17Z,scheduled,6e8b1f358bb5c3837f473e61ecb68650,2026-09-25T22:41:00Z,Philadelphia Phillies,Tampa Bay Rays,matchbook,h2h_lay,Tampa Bay Rays,,2.6
2026-09-25T21:13:17Z,scheduled,6e8b1f358bb5c3837f473e61ecb68650,2026-09-25T22:41:00Z,Philadelphia Phillies,Tampa Bay Rays,matchbook,spreads,Philadelphia Phillies,-1.5,2.46
2026-09-25T21:13:17Z,scheduled,6e8b1f358bb5c3837f473e61ecb68650,2026-09-25T22:41:00Z,Philadelphia Phillies,Tampa Bay Rays,matchbook,spreads,Tampa Bay Rays,1.5,1.66
2026-09-25T21:13:17Z,scheduled,6e8b1f358bb5c3837f473e61ecb68650,2026-09-25T22:41:00Z,Philadelphia Phillies,Tampa Bay Rays,matchbook,totals,Over,6.5,1.94
2026-09-25T21:13:17Z,scheduled,6e8b1f358bb5c3837f473e61ecb68650,2026-09-25T22:41:00Z,Philadelphia Phillies,Tampa Bay Rays,matchbook,totals,Under,6.5,1.96
2026-09-25T21:13:17Z,scheduled,6e8b1f358bb5c3837f473e61ecb68650,2026-09-25T22:41:00Z,Philadelphia Phillies,Tampa Bay Rays,pinnacle,h2h,Philadelphia Phillies,,1.6
2026-09-25T21:13:17Z,scheduled,6e8b1f358bb5c3837f473e61ecb68650,2026-09-25T22:41:00Z,Philadelphia Phillies,Tampa Bay Rays,pinnacle,h2h,Tampa Bay Rays,,2.54
2026-09-25T21:13:17Z,scheduled,6e8b1f358bb5c3837f473e61ecb68650,2026-09-25T22:41:00Z,Philadelphia Phillies,Tampa Bay Rays,pinnacle,spreads,Philadelphia Phillies,-1.5,2.42
2026-09-25T21:13:17Z,scheduled,6e8b1f358bb5c3837f473e61ecb68650,2026-09-25T22:41:00Z,Philadelphia Phillies,Tampa Bay Rays,pinnacle,spreads,Tampa Bay Rays,1.5,1.63
2026-09-25T21:13:17Z,scheduled,6e8b1f358bb5c3837f473e61ecb68650,2026-09-25T22:41:00Z,Philadelphia Phillies,Tampa Bay Rays,pinnacle,totals,Over,6.5,1.9
2026-09-25T21:13:17Z,scheduled,6e8b1f358bb5c3837f473e61ecb68650,2026-09-25T22:41:00Z,Philadelphia Phillies,Tampa Bay Rays,pinnacle,totals,Under,6.5,1.98
2026-09-25T21:13:17Z,scheduled,6e8b1f358bb5c3837f473e61ecb68650,2026-09-25T22:41:00Z,Philadelphia Phillies,Tampa Bay Rays,betfair_ex_eu,h2h,Philadelphia Phillies,,1.62
2026-09-25T21:13:17Z,scheduled,6e8b1f358bb5c3837f473e61ecb68650,2026-09-25T22:41:00Z,Philadelphia Phillies,Tampa Bay Rays,betfair_ex_eu,h2h,Tampa Bay Rays,,2.56
2026-09-25T21:13:17Z,scheduled,6e8b1f358bb5c3837f473e61ecb68650,2026-09-25T22:41:00Z,Philadelphia Phillies,Tampa Bay Rays,betfair_ex_eu,h2h_lay,Philadelphia Phillies,,1.64
2026-09-25T21:13:17Z,scheduled,6e8b1f358bb5c3837f473e61ecb68650,2026-09-25T22:41:00Z,Philadelphia Phillies,Tampa Bay Rays,betfair_ex_eu,h2h_lay,Tampa Bay Rays,,2.62
2026-09-25T21:13:17Z,scheduled,80d706190519a0e4956a64e84e72ed94,2026-09-25T22:46:00Z,Washington Nationals,New York Mets,fanduel,h2h,New York Mets,,1.93
2026-09-25T21:13:17Z,scheduled,80d706190519a0e4956a64e84e72ed94,2026-09-25T22:46:00Z,Washington Nationals,New York Mets,fanduel,h2h,Washington Nationals,,1.93
2026-09-25T21:13:17Z,scheduled,80d706190519a0e4956a64e84e72ed94,2026-09-25T22:46:00Z,Washington Nationals,New York Mets,fanduel,spreads,New York Mets,-1.5,2.52
2026-09-25T21:13:17Z,scheduled,80d706190519a0e4956a64e84e72ed94,2026-09-25T22:46:00Z,Washington Nationals,New York Mets,fanduel,spreads,Washington Nationals,1.5,1.54
2026-09-25T21:13:17Z,scheduled,80d706190519a0e4956a64e84e72ed94,2026-09-25T22:46:00Z,Washington Nationals,New York Mets,fanduel,totals,Over,8.5,2.0
2026-09-25T21:13:17Z,scheduled,80d706190519a0e4956a64e84e72ed94,2026-09-25T22:46:00Z,Washington Nationals,New York Mets,fanduel,totals,Under,8.5,1.82
2026-09-25T21:13:17Z,scheduled,80d706190519a0e4956a64e84e72ed94,2026-09-25T22:46:00Z,Washington Nationals,New York Mets,draftkings,h2h,New York Mets,,1.93
2026-09-25T21:13:17Z,scheduled,80d706190519a0e4956a64e84e72ed94,2026-09-25T22:46:00Z,Washington Nationals,New York Mets,draftkings,h2h,Washington Nationals,,1.9
2026-09-25T21:13:17Z,scheduled,80d706190519a0e4956a64e84e72ed94,2026-09-25T22:46:00Z,Washington Nationals,New York Mets,draftkings,spreads,New York Mets,-1.5,2.52
2026-09-25T21:13:17Z,scheduled,80d706190519a0e4956a64e84e72ed94,2026-09-25T22:46:00Z,Washington Nationals,New York Mets,draftkings,spreads,Washington Nationals,1.5,1.54
2026-09-25T21:13:17Z,scheduled,80d706190519a0e4956a64e84e72ed94,2026-09-25T22:46:00Z,Washington Nationals,New York Mets,draftkings,totals,Over,8.5,1.95
2026-09-25T21:13:17Z,scheduled,80d706190519a0e4956a64e84e72ed94,2026-09-25T22:46:00Z,Washington Nationals,New York Mets,draftkings,totals,Under,8.5,1.88
2026-09-25T21:13:17Z,scheduled,80d706190519a0e4956a64e84e72ed94,2026-09-25T22:46:00Z,Washington Nationals,New York Mets,betsson,h2h,New York Mets,,1.9
2026-09-25T21:13:17Z,scheduled,80d706190519a0e4956a64e84e72ed94,2026-09-25T22:46:00Z,Washington Nationals,New York Mets,betsson,h2h,Washington Nationals,,1.9
2026-09-25T21:13:17Z,scheduled,80d706190519a0e4956a64e84e72ed94,2026-09-25T22:46:00Z,Washington Nationals,New York Mets,betsson,spreads,New York Mets,1.5,1.43
2026-09-25T21:13:17Z,scheduled,80d706190519a0e4956a64e84e72ed94,2026-09-25T22:46:00Z,Washington Nationals,New York Mets,betsson,spreads,Washington Nationals,-1.5,2.75
2026-09-25T21:13:17Z,scheduled,80d706190519a0e4956a64e84e72ed94,2026-09-25T22:46:00Z,Washington Nationals,New York Mets,betsson,totals,Over,8.5,1.9
2026-09-25T21:13:17Z,scheduled,80d706190519a0e4956a64e84e72ed94,2026-09-25T22:46:00Z,Washington Nationals,New York Mets,betsson,totals,Under,8.5,1.86
2026-09-25T21:13:17Z,scheduled,80d706190519a0e4956a64e84e72ed94,2026-09-25T22:46:00Z,Washington Nationals,New York Mets,coolbet,h2h,New York Mets,,1.91
2026-09-25T21:13:17Z,scheduled,80d706190519a0e4956a64e84e72ed94,2026-09-25T22:46:00Z,Washington Nationals,New York Mets,coolbet,h2h,Washington Nationals,,1.91
2026-09-25T21:13:17Z,scheduled,80d706190519a0e4956a64e84e72ed94,2026-09-25T22:46:00Z,Washington Nationals,New York Mets,coolbet,spreads,New York Mets,-1.5,2.5
2026-09-25T21:13:17Z,scheduled,80d706190519a0e4956a64e84e72ed94,2026-09-25T22:46:00Z,Washington Nationals,New York Mets,coolbet,spreads,Washington Nationals,1.5,1.54
2026-09-25T21:13:17Z,scheduled,80d706190519a0e4956a64e84e72ed94,2026-09-25T22:46:00Z,Washington Nationals,New York Mets,coolbet,totals,Over,8.0,1.85
2026-09-25T21:13:17Z,scheduled,80d706190519a0e4956a64e84e72ed94,2026-09-25T22:46:00Z,Washington Nationals,New York Mets,coolbet,totals,Under,8.0,1.96
2026-09-25T21:13:17Z,scheduled,80d706190519a0e4956a64e84e72ed94,2026-09-25T22:46:00Z,Washington Nationals,New York Mets,betmgm,h2h,New York Mets,,1.91
2026-09-25T21:13:17Z,scheduled,80d706190519a0e4956a64e84e72ed94,2026-09-25T22:46:00Z,Washington Nationals,New York Mets,betmgm,h2h,Washington Nationals,,1.91
2026-09-25T21:13:17Z,scheduled,80d706190519a0e4956a64e84e72ed94,2026-09-25T22:46:00Z,Washington Nationals,New York Mets,betmgm,spreads,New York Mets,-1.5,2.5
2026-09-25T21:13:17Z,scheduled,80d706190519a0e4956a64e84e72ed94,2026-09-25T22:46:00Z,Washington Nationals,New York Mets,betmgm,spreads,Washington Nationals,1.5,1.54
2026-09-25T21:13:17Z,scheduled,80d706190519a0e4956a64e84e72ed94,2026-09-25T22:46:00Z,Washington Nationals,New York Mets,betmgm,totals,Over,8.5,1.98
2026-09-25T21:13:17Z,scheduled,80d706190519a0e4956a64e84e72ed94,2026-09-25T22:46:00Z,Washington Nationals,New York Mets,betmgm,totals,Under,8.5,1.85
2026-09-25T21:13:17Z,scheduled,80d706190519a0e4956a64e84e72ed94,2026-09-25T22:46:00Z,Washington Nationals,New York Mets,betrivers,h2h,New York Mets,,1.93
2026-09-25T21:13:17Z,scheduled,80d706190519a0e4956a64e84e72ed94,2026-09-25T22:46:00Z,Washington Nationals,New York Mets,betrivers,h2h,Washington Nationals,,1.88
2026-09-25T21:13:17Z,scheduled,80d706190519a0e4956a64e84e72ed94,2026-09-25T22:46:00Z,Washington Nationals,New York Mets,betrivers,spreads,New York Mets,-1.5,2.45
2026-09-25T21:13:17Z,scheduled,80d706190519a0e4956a64e84e72ed94,2026-09-25T22:46:00Z,Washington Nationals,New York Mets,betrivers,spreads,Washington Nationals,1.5,1.56
2026-09-25T21:13:17Z,scheduled,80d706190519a0e4956a64e84e72ed94,2026-09-25T22:46:00Z,Washington Nationals,New York Mets,betrivers,totals,Over,8.0,1.78
2026-09-25T21:13:17Z,scheduled,80d706190519a0e4956a64e84e72ed94,2026-09-25T22:46:00Z,Washington Nationals,New York Mets,betrivers,totals,Under,8.0,1.89
2026-09-25T21:13:17Z,scheduled,80d706190519a0e4956a64e84e72ed94,2026-09-25T22:46:00Z,Washington Nationals,New York Mets,betfair_ex_eu,h2h,New York Mets,,2.02
2026-09-25T21:13:17Z,scheduled,80d706190519a0e4956a64e84e72ed94,2026-09-25T22:46:00Z,Washington Nationals,New York Mets,betfair_ex_eu,h2h,Washington Nationals,,1.97
2026-09-25T21:13:17Z,scheduled,80d706190519a0e4956a64e84e72ed94,2026-09-25T22:46:00Z,Washington Nationals,New York Mets,betfair_ex_eu,h2h_lay,New York Mets,,2.04
2026-09-25T21:13:17Z,scheduled,80d706190519a0e4956a64e84e72ed94,2026-09-25T22:46:00Z,Washington Nationals,New York Mets,betfair_ex_eu,h2h_lay,Washington Nationals,,1.99
2026-09-25T21:13:17Z,scheduled,80d706190519a0e4956a64e84e72ed94,2026-09-25T22:46:00Z,Washington Nationals,New York Mets,matchbook,h2h,New York Mets,,2.02
2026-09-25T21:13:17Z,scheduled,80d706190519a0e4956a64e84e72ed94,2026-09-25T22:46:00Z,Washington Nationals,New York Mets,matchbook,h2h,Washington Nationals,,1.97
2026-09-25T21:13:17Z,scheduled,80d706190519a0e4956a64e84e72ed94,2026-09-25T22:46:00Z,Washington Nationals,New York Mets,matchbook,h2h_lay,New York Mets,,2.04
2026-09-25T21:13:17Z,scheduled,80d706190519a0e4956a64e84e72ed94,2026-09-25T22:46:00Z,Washington Nationals,New York Mets,matchbook,h2h_lay,Washington Nationals,,1.99
2026-09-25T21:13:17Z,scheduled,80d706190519a0e4956a64e84e72ed94,2026-09-25T22:46:00Z,Washington Nationals,New York Mets,matchbook,spreads,New York Mets,-1.5,2.66
2026-09-25T21:13:17Z,scheduled,80d706190519a0e4956a64e84e72ed94,2026-09-25T22:46:00Z,Washington Nationals,New York Mets,matchbook,spreads,Washington Nationals,1.5,1.56
2026-09-25T21:13:17Z,scheduled,80d706190519a0e4956a64e84e72ed94,2026-09-25T22:46:00Z,Washington Nationals,New York Mets,matchbook,totals,Over,8.5,2.02
2026-09-25T21:13:17Z,scheduled,80d706190519a0e4956a64e84e72ed94,2026-09-25T22:46:00Z,Washington Nationals,New York Mets,matchbook,totals,Under,8.5,1.91
2026-09-25T21:13:17Z,scheduled,80d706190519a0e4956a64e84e72ed94,2026-09-25T22:46:00Z,Washington Nationals,New York Mets,pinnacle,h2h,New York Mets,,1.95
2026-09-25T21:13:17Z,scheduled,80d706190519a0e4956a64e84e72ed94,2026-09-25T22:46:00Z,Washington Nationals,New York Mets,pinnacle,h2h,Washington Nationals,,1.97
2026-09-25T21:13:17Z,scheduled,80d706190519a0e4956a64e84e72ed94,2026-09-25T22:46:00Z,Washington Nationals,New York Mets,pinnacle,spreads,New York Mets,-1.5,2.54
2026-09-25T21:13:17Z,scheduled,80d706190519a0e4956a64e84e72ed94,2026-09-25T22:46:00Z,Washington Nationals,New York Mets,pinnacle,spreads,Washington Nationals,1.5,1.58
2026-09-25T21:13:17Z,scheduled,80d706190519a0e4956a64e84e72ed94,2026-09-25T22:46:00Z,Washington Nationals,New York Mets,pinnacle,totals,Over,8.5,2.01
2026-09-25T21:13:17Z,scheduled,80d706190519a0e4956a64e84e72ed94,2026-09-25T22:46:00Z,Washington Nationals,New York Mets,pinnacle,totals,Under,8.5,1.88
2026-09-25T21:13:17Z,scheduled,3fe14d478bc1ffac17198c460085ca70,2026-09-25T23:05:00Z,New York Yankees,Baltimore Orioles,fanduel,h2h,Baltimore Orioles,,1.93
2026-09-25T21:13:17Z,scheduled,3fe14d478bc1ffac17198c460085ca70,2026-09-25T23:05:00Z,New York Yankees,Baltimore Orioles,fanduel,h2h,New York Yankees,,1.93
2026-09-25T21:13:17Z,scheduled,3fe14d478bc1ffac17198c460085ca70,2026-09-25T23:05:00Z,New York Yankees,Baltimore Orioles,fanduel,spreads,Baltimore Orioles,-1.5,2.64
2026-09-25T21:13:17Z,scheduled,3fe14d478bc1ffac17198c460085ca70,2026-09-25T23:05:00Z,New York Yankees,Baltimore Orioles,fanduel,spreads,New York Yankees,1.5,1.5
2026-09-25T21:13:17Z,scheduled,3fe14d478bc1ffac17198c460085ca70,2026-09-25T23:05:00Z,New York Yankees,Baltimore Orioles,fanduel,totals,Over,6.5,1.93
2026-09-25T21:13:17Z,scheduled,3fe14d478bc1ffac17198c460085ca70,2026-09-25T23:05:00Z,New York Yankees,Baltimore Orioles,fanduel,totals,Under,6.5,1.89
2026-09-25T21:13:17Z,scheduled,3fe14d478bc1ffac17198c460085ca70,2026-09-25T23:05:00Z,New York Yankees,Baltimore Orioles,betfair_ex_eu,h2h,Baltimore Orioles,,1.97
2026-09-25T21:13:17Z,scheduled,3fe14d478bc1ffac17198c460085ca70,2026-09-25T23:05:00Z,New York Yankees,Baltimore Orioles,betfair_ex_eu,h2h,New York Yankees,,2.02
2026-09-25T21:13:17Z,scheduled,3fe14d478bc1ffac17198c460085ca70,2026-09-25T23:05:00Z,New York Yankees,Baltimore Orioles,betfair_ex_eu,h2h_lay,Baltimore Orioles,,1.98
2026-09-25T21:13:17Z,scheduled,3fe14d478bc1ffac17198c460085ca70,2026-09-25T23:05:00Z,New York Yankees,Baltimore Orioles,betfair_ex_eu,h2h_lay,New York Yankees,,2.04
2026-09-25T21:13:17Z,scheduled,3fe14d478bc1ffac17198c460085ca70,2026-09-25T23:05:00Z,New York Yankees,Baltimore Orioles,coolbet,h2h,Baltimore Orioles,,1.95
2026-09-25T21:13:17Z,scheduled,3fe14d478bc1ffac17198c460085ca70,2026-09-25T23:05:00Z,New York Yankees,Baltimore Orioles,coolbet,h2h,New York Yankees,,1.87
2026-09-25T21:13:17Z,scheduled,3fe14d478bc1ffac17198c460085ca70,2026-09-25T23:05:00Z,New York Yankees,Baltimore Orioles,coolbet,spreads,Baltimore Orioles,-1.5,2.78
2026-09-25T21:13:17Z,scheduled,3fe14d478bc1ffac17198c460085ca70,2026-09-25T23:05:00Z,New York Yankees,Baltimore Orioles,coolbet,spreads,New York Yankees,1.5,1.45
2026-09-25T21:13:17Z,scheduled,3fe14d478bc1ffac17198c460085ca70,2026-09-25T23:05:00Z,New York Yankees,Baltimore Orioles,coolbet,totals,Over,6.5,1.95
2026-09-25T21:13:17Z,scheduled,3fe14d478bc1ffac17198c460085ca70,2026-09-25T23:05:00Z,New York Yankees,Baltimore Orioles,coolbet,totals,Under,6.5,1.87
2026-09-25T21:13:17Z,scheduled,3fe14d478bc1ffac17198c460085ca70,2026-09-25T23:05:00Z,New York Yankees,Baltimore Orioles,matchbook,h2h,Baltimore Orioles,,1.98
2026-09-25T21:13:17Z,scheduled,3fe14d478bc1ffac17198c460085ca70,2026-09-25T23:05:00Z,New York Yankees,Baltimore Orioles,matchbook,h2h,New York Yankees,,1.94
2026-09-25T21:13:17Z,scheduled,3fe14d478bc1ffac17198c460085ca70,2026-09-25T23:05:00Z,New York Yankees,Baltimore Orioles,matchbook,h2h_lay,Baltimore Orioles,,2.08
2026-09-25T21:13:17Z,scheduled,3fe14d478bc1ffac17198c460085ca70,2026-09-25T23:05:00Z,New York Yankees,Baltimore Orioles,matchbook,h2h_lay,New York Yankees,,2.04
2026-09-25T21:13:17Z,scheduled,3fe14d478bc1ffac17198c460085ca70,2026-09-25T23:05:00Z,New York Yankees,Baltimore Orioles,matchbook,spreads,Baltimore Orioles,-1.5,2.74
2026-09-25T21:13:17Z,scheduled,3fe14d478bc1ffac17198c460085ca70,2026-09-25T23:05:00Z,New York Yankees,Baltimore Orioles,matchbook,spreads,New York Yankees,1.5,1.47
2026-09-25T21:13:17Z,scheduled,3fe14d478bc1ffac17198c460085ca70,2026-09-25T23:05:00Z,New York Yankees,Baltimore Orioles,matchbook,totals,Over,6.5,2.0
2026-09-25T21:13:17Z,scheduled,3fe14d478bc1ffac17198c460085ca70,2026-09-25T23:05:00Z,New York Yankees,Baltimore Orioles,matchbook,totals,Under,6.5,1.88
2026-09-25T21:13:17Z,scheduled,3fe14d478bc1ffac17198c460085ca70,2026-09-25T23:05:00Z,New York Yankees,Baltimore Orioles,betrivers,h2h,Baltimore Orioles,,1.95
2026-09-25T21:13:17Z,scheduled,3fe14d478bc1ffac17198c460085ca70,2026-09-25T23:05:00Z,New York Yankees,Baltimore Orioles,betrivers,h2h,New York Yankees,,1.88
2026-09-25T21:13:17Z,scheduled,3fe14d478bc1ffac17198c460085ca70,2026-09-25T23:05:00Z,New York Yankees,Baltimore Orioles,betrivers,spreads,Baltimore Orioles,-1.5,2.7
2026-09-25T21:13:17Z,scheduled,3fe14d478bc1ffac17198c460085ca70,2026-09-25T23:05:00Z,New York Yankees,Baltimore Orioles,betrivers,spreads,New York Yankees,1.5,1.48
2026-09-25T21:13:17Z,scheduled,3fe14d478bc1ffac17198c460085ca70,2026-09-25T23:05:00Z,New York Yankees,Baltimore Orioles,betrivers,totals,Over,6.5,1.92
2026-09-25T21:13:17Z,scheduled,3fe14d478bc1ffac17198c460085ca70,2026-09-25T23:05:00Z,New York Yankees,Baltimore Orioles,betrivers,totals,Under,6.5,1.89
2026-09-25T21:13:17Z,scheduled,3fe14d478bc1ffac17198c460085ca70,2026-09-25T23:05:00Z,New York Yankees,Baltimore Orioles,draftkings,h2h,Baltimore Orioles,,1.93
2026-09-25T21:13:17Z,scheduled,3fe14d478bc1ffac17198c460085ca70,2026-09-25T23:05:00Z,New York Yankees,Baltimore Orioles,draftkings,h2h,New York Yankees,,1.88
2026-09-25T21:13:17Z,scheduled,3fe14d478bc1ffac17198c460085ca70,2026-09-25T23:05:00Z,New York Yankees,Baltimore Orioles,draftkings,spreads,Baltimore Orioles,-1.5,2.76
2026-09-25T21:13:17Z,scheduled,3fe14d478bc1ffac17198c460085ca70,2026-09-25T23:05:00Z,New York Yankees,Baltimore Orioles,draftkings,spreads,New York Yankees,1.5,1.46
2026-09-25T21:13:17Z,scheduled,3fe14d478bc1ffac17198c460085ca70,2026-09-25T23:05:00Z,New York Yankees,Baltimore Orioles,draftkings,totals,Over,6.5,1.91
2026-09-25T21:13:17Z,scheduled,3fe14d478bc1ffac17198c460085ca70,2026-09-25T23:05:00Z,New York Yankees,Baltimore Orioles,draftkings,totals,Under,6.5,1.91
2026-09-25T21:13:17Z,scheduled,3fe14d478bc1ffac17198c460085ca70,2026-09-25T23:05:00Z,New York Yankees,Baltimore Orioles,betsson,h2h,Baltimore Orioles,,1.94
2026-09-25T21:13:17Z,scheduled,3fe14d478bc1ffac17198c460085ca70,2026-09-25T23:05:00Z,New York Yankees,Baltimore Orioles,betsson,h2h,New York Yankees,,1.87
2026-09-25T21:13:17Z,scheduled,3fe14d478bc1ffac17198c460085ca70,2026-09-25T23:05:00Z,New York Yankees,Baltimore Orioles,betsson,spreads,Baltimore Orioles,1.5,1.4
2026-09-25T21:13:17Z,scheduled,3fe14d478bc1ffac17198c460085ca70,2026-09-25T23:05:00Z,New York Yankees,Baltimore Orioles,betsson,spreads,New York Yankees,-1.5,2.85
2026-09-25T21:13:17Z,scheduled,3fe14d478bc1ffac17198c460085ca70,2026-09-25T23:05:00Z,New York Yankees,Baltimore Orioles,betsson,totals,Over,6.5,1.86
2026-09-25T21:13:17Z,scheduled,3fe14d478bc1ffac17198c460085ca70,2026-09-25T23:05:00Z,New York Yankees,Baltimore Orioles,betsson,totals,Under,6.5,1.9
2026-09-25T21:13:17Z,scheduled,3fe14d478bc1ffac17198c460085ca70,2026-09-25T23:05:00Z,New York Yankees,Baltimore Orioles,betmgm,h2h,Baltimore Orioles,,1.95
2026-09-25T21:13:17Z,scheduled,3fe14d478bc1ffac17198c460085ca70,2026-09-25T23:05:00Z,New York Yankees,Baltimore Orioles,betmgm,h2h,New York Yankees,,1.87
2026-09-25T21:13:17Z,scheduled,3fe14d478bc1ffac17198c460085ca70,2026-09-25T23:05:00Z,New York Yankees,Baltimore Orioles,betmgm,spreads,Baltimore Orioles,1.5,1.48
2026-09-25T21:13:17Z,scheduled,3fe14d478bc1ffac17198c460085ca70,2026-09-25T23:05:00Z,New York Yankees,Baltimore Orioles,betmgm,spreads,New York Yankees,-1.5,2.7
2026-09-25T21:13:17Z,scheduled,3fe14d478bc1ffac17198c460085ca70,2026-09-25T23:05:00Z,New York Yankees,Baltimore Orioles,betmgm,totals,Over,6.5,1.95
2026-09-25T21:13:17Z,scheduled,3fe14d478bc1ffac17198c460085ca70,2026-09-25T23:05:00Z,New York Yankees,Baltimore Orioles,betmgm,totals,Under,6.5,1.87
2026-09-25T21:13:17Z,scheduled,3fe14d478bc1ffac17198c460085ca70,2026-09-25T23:05:00Z,New York Yankees,Baltimore Orioles,pinnacle,h2h,Baltimore Orioles,,1.96
2026-09-25T21:13:17Z,scheduled,3fe14d478bc1ffac17198c460085ca70,2026-09-25T23:05:00Z,New York Yankees,Baltimore Orioles,pinnacle,h2h,New York Yankees,,1.96
2026-09-25T21:13:17Z,scheduled,3fe14d478bc1ffac17198c460085ca70,2026-09-25T23:05:00Z,New York Yankees,Baltimore Orioles,pinnacle,spreads,Baltimore Orioles,1.5,1.41
2026-09-25T21:13:17Z,scheduled,3fe14d478bc1ffac17198c460085ca70,2026-09-25T23:05:00Z,New York Yankees,Baltimore Orioles,pinnacle,spreads,New York Yankees,-1.5,3.11
2026-09-25T21:13:17Z,scheduled,3fe14d478bc1ffac17198c460085ca70,2026-09-25T23:05:00Z,New York Yankees,Baltimore Orioles,pinnacle,totals,Over,6.5,1.99
2026-09-25T21:13:17Z,scheduled,3fe14d478bc1ffac17198c460085ca70,2026-09-25T23:05:00Z,New York Yankees,Baltimore Orioles,pinnacle,totals,Under,6.5,1.89
2026-09-25T21:13:17Z,scheduled,890be5ce6e3ea3d7c6f0b76bd9a0e45a,2026-09-25T23:08:00Z,Toronto Blue Jays,Cincinnati Reds,fanduel,h2h,Cincinnati Reds,,2.3
2026-09-25T21:13:17Z,scheduled,890be5ce6e3ea3d7c6f0b76bd9a0e45a,2026-09-25T23:08:00Z,Toronto Blue Jays,Cincinnati Reds,fanduel,h2h,Toronto Blue Jays,,1.65
2026-09-25T21:13:17Z,scheduled,890be5ce6e3ea3d7c6f0b76bd9a0e45a,2026-09-25T23:08:00Z,Toronto Blue Jays,Cincinnati Reds,fanduel,spreads,Cincinnati Reds,1.5,1.55
2026-09-25T21:13:17Z,scheduled,890be5ce6e3ea3d7c6f0b76bd9a0e45a,2026-09-25T23:08:00Z,Toronto Blue Jays,Cincinnati Reds,fanduel,spreads,Toronto Blue Jays,-1.5,2.5
2026-09-25T21:13:17Z,scheduled,890be5ce6e3ea3d7c6f0b76bd9a0e45a,2026-09-25T23:08:00Z,Toronto Blue Jays,Cincinnati Reds,fanduel,totals,Over,7.5,1.87
2026-09-25T21:13:17Z,scheduled,890be5ce6e3ea3d7c6f0b76bd9a0e45a,2026-09-25T23:08:00Z,Toronto Blue Jays,Cincinnati Reds,fanduel,totals,Under,7.5,1.95
2026-09-25T21:13:17Z,scheduled,890be5ce6e3ea3d7c6f0b76bd9a0e45a,2026-09-25T23:08:00Z,Toronto Blue Jays,Cincinnati Reds,draftkings,h2h,Cincinnati Reds,,2.3
2026-09-25T21:13:17Z,scheduled,890be5ce6e3ea3d7c6f0b76bd9a0e45a,2026-09-25T23:08:00Z,Toronto Blue Jays,Cincinnati Reds,draftkings,h2h,Toronto Blue Jays,,1.64
2026-09-25T21:13:17Z,scheduled,890be5ce6e3ea3d7c6f0b76bd9a0e45a,2026-09-25T23:08:00Z,Toronto Blue Jays,Cincinnati Reds,draftkings,spreads,Cincinnati Reds,1.5,1.59
2026-09-25T21:13:17Z,scheduled,890be5ce6e3ea3d7c6f0b76bd9a0e45a,2026-09-25T23:08:00Z,Toronto Blue Jays,Cincinnati Reds,draftkings,spreads,Toronto Blue Jays,-1.5,2.4
2026-09-25T21:13:17Z,scheduled,890be5ce6e3ea3d7c6f0b76bd9a0e45a,2026-09-25T23:08:00Z,Toronto Blue Jays,Cincinnati Reds,draftkings,totals,Over,7.5,1.89
2026-09-25T21:13:17Z,scheduled,890be5ce6e3ea3d7c6f0b76bd9a0e45a,2026-09-25T23:08:00Z,Toronto Blue Jays,Cincinnati Reds,draftkings,totals,Under,7.5,1.93
2026-09-25T21:13:17Z,scheduled,890be5ce6e3ea3d7c6f0b76bd9a0e45a,2026-09-25T23:08:00Z,Toronto Blue Jays,Cincinnati Reds,coolbet,h2h,Cincinnati Reds,,2.27
2026-09-25T21:13:17Z,scheduled,890be5ce6e3ea3d7c6f0b76bd9a0e45a,2026-09-25T23:08:00Z,Toronto Blue Jays,Cincinnati Reds,coolbet,h2h,Toronto Blue Jays,,1.64
2026-09-25T21:13:17Z,scheduled,890be5ce6e3ea3d7c6f0b76bd9a0e45a,2026-09-25T23:08:00Z,Toronto Blue Jays,Cincinnati Reds,coolbet,spreads,Cincinnati Reds,1.5,1.57
2026-09-25T21:13:17Z,scheduled,890be5ce6e3ea3d7c6f0b76bd9a0e45a,2026-09-25T23:08:00Z,Toronto Blue Jays,Cincinnati Reds,coolbet,spreads,Toronto Blue Jays,-1.5,2.42
2026-09-25T21:13:17Z,scheduled,890be5ce6e3ea3d7c6f0b76bd9a0e45a,2026-09-25T23:08:00Z,Toronto Blue Jays,Cincinnati Reds,coolbet,totals,Over,7.5,1.85
2026-09-25T21:13:17Z,scheduled,890be5ce6e3ea3d7c6f0b76bd9a0e45a,2026-09-25T23:08:00Z,Toronto Blue Jays,Cincinnati Reds,coolbet,totals,Under,7.5,1.96
2026-09-25T21:13:17Z,scheduled,890be5ce6e3ea3d7c6f0b76bd9a0e45a,2026-09-25T23:08:00Z,Toronto Blue Jays,Cincinnati Reds,betsson,h2h,Cincinnati Reds,,2.27
2026-09-25T21:13:17Z,scheduled,890be5ce6e3ea3d7c6f0b76bd9a0e45a,2026-09-25T23:08:00Z,Toronto Blue Jays,Cincinnati Reds,betsson,h2h,Toronto Blue Jays,,1.63
2026-09-25T21:13:17Z,scheduled,890be5ce6e3ea3d7c6f0b76bd9a0e45a,2026-09-25T23:08:00Z,Toronto Blue Jays,Cincinnati Reds,betsson,spreads,Cincinnati Reds,1.5,1.6
2026-09-25T21:13:17Z,scheduled,890be5ce6e3ea3d7c6f0b76bd9a0e45a,2026-09-25T23:08:00Z,Toronto Blue Jays,Cincinnati Reds,betsson,spreads,Toronto Blue Jays,-1.5,2.27
2026-09-25T21:13:17Z,scheduled,890be5ce6e3ea3d7c6f0b76bd9a0e45a,2026-09-25T23:08:00Z,Toronto Blue Jays,Cincinnati Reds,betsson,totals,Over,8.0,1.95
2026-09-25T21:13:17Z,scheduled,890be5ce6e3ea3d7c6f0b76bd9a0e45a,2026-09-25T23:08:00Z,Toronto Blue Jays,Cincinnati Reds,betsson,totals,Under,8.0,1.82
2026-09-25T21:13:17Z,scheduled,890be5ce6e3ea3d7c6f0b76bd9a0e45a,2026-09-25T23:08:00Z,Toronto Blue Jays,Cincinnati Reds,betmgm,h2h,Cincinnati Reds,,2.35
2026-09-25T21:13:17Z,scheduled,890be5ce6e3ea3d7c6f0b76bd9a0e45a,2026-09-25T23:08:00Z,Toronto Blue Jays,Cincinnati Reds,betmgm,h2h,Toronto Blue Jays,,1.62
2026-09-25T21:13:17Z,scheduled,890be5ce6e3ea3d7c6f0b76bd9a0e45a,2026-09-25T23:08:00Z,Toronto Blue Jays,Cincinnati Reds,betmgm,spreads,Cincinnati Reds,1.5,1.59
2026-09-25T21:13:17Z,scheduled,890be5ce6e3ea3d7c6f0b76bd9a0e45a,2026-09-25T23:08:00Z,Toronto Blue Jays,Cincinnati Reds,betmgm,spreads,Toronto Blue Jays,-1.5,2.4
2026-09-25T21:13:17Z,scheduled,890be5ce6e3ea3d7c6f0b76bd9a0e45a,2026-09-25T23:08:00Z,Toronto Blue Jays,Cincinnati Reds,betmgm,totals,Over,7.5,1.87
2026-09-25T21:13:17Z,scheduled,890be5ce6e3ea3d7c6f0b76bd9a0e45a,2026-09-25T23:08:00Z,Toronto Blue Jays,Cincinnati Reds,betmgm,totals,Under,7.5,1.95
2026-09-25T21:13:17Z,scheduled,890be5ce6e3ea3d7c6f0b76bd9a0e45a,2026-09-25T23:08:00Z,Toronto Blue Jays,Cincinnati Reds,betrivers,h2h,Cincinnati Reds,,2.23
2026-09-25T21:13:17Z,scheduled,890be5ce6e3ea3d7c6f0b76bd9a0e45a,2026-09-25T23:08:00Z,Toronto Blue Jays,Cincinnati Reds,betrivers,h2h,Toronto Blue Jays,,1.68
2026-09-25T21:13:17Z,scheduled,890be5ce6e3ea3d7c6f0b76bd9a0e45a,2026-09-25T23:08:00Z,Toronto Blue Jays,Cincinnati Reds,betrivers,spreads,Cincinnati Reds,1.5,1.7
2026-09-25T21:13:17Z,scheduled,890be5ce6e3ea3d7c6f0b76bd9a0e45a,2026-09-25T23:08:00Z,Toronto Blue Jays,Cincinnati Reds,betrivers,spreads,Toronto Blue Jays,-1.5,2.17
2026-09-25T21:13:17Z,scheduled,890be5ce6e3ea3d7c6f0b76bd9a0e45a,2026-09-25T23:08:00Z,Toronto Blue Jays,Cincinnati Reds,betrivers,totals,Over,8.0,1.85
2026-09-25T21:13:17Z,scheduled,890be5ce6e3ea3d7c6f0b76bd9a0e45a,2026-09-25T23:08:00Z,Toronto Blue Jays,Cincinnati Reds,betrivers,totals,Under,8.0,1.83
2026-09-25T21:13:17Z,scheduled,890be5ce6e3ea3d7c6f0b76bd9a0e45a,2026-09-25T23:08:00Z,Toronto Blue Jays,Cincinnati Reds,betfair_ex_eu,h2h,Cincinnati Reds,,2.46
2026-09-25T21:13:17Z,scheduled,890be5ce6e3ea3d7c6f0b76bd9a0e45a,2026-09-25T23:08:00Z,Toronto Blue Jays,Cincinnati Reds,betfair_ex_eu,h2h,Toronto Blue Jays,,1.66
2026-09-25T21:13:17Z,scheduled,890be5ce6e3ea3d7c6f0b76bd9a0e45a,2026-09-25T23:08:00Z,Toronto Blue Jays,Cincinnati Reds,betfair_ex_eu,h2h_lay,Cincinnati Reds,,2.5
2026-09-25T21:13:17Z,scheduled,890be5ce6e3ea3d7c6f0b76bd9a0e45a,2026-09-25T23:08:00Z,Toronto Blue Jays,Cincinnati Reds,betfair_ex_eu,h2h_lay,Toronto Blue Jays,,1.68
2026-09-25T21:13:17Z,scheduled,890be5ce6e3ea3d7c6f0b76bd9a0e45a,2026-09-25T23:08:00Z,Toronto Blue Jays,Cincinnati Reds,matchbook,h2h,Cincinnati Reds,,2.46
2026-09-25T21:13:17Z,scheduled,890be5ce6e3ea3d7c6f0b76bd9a0e45a,2026-09-25T23:08:00Z,Toronto Blue Jays,Cincinnati Reds,matchbook,h2h,Toronto Blue Jays,,1.66
2026-09-25T21:13:17Z,scheduled,890be5ce6e3ea3d7c6f0b76bd9a0e45a,2026-09-25T23:08:00Z,Toronto Blue Jays,Cincinnati Reds,matchbook,h2h_lay,Cincinnati Reds,,2.5
2026-09-25T21:13:17Z,scheduled,890be5ce6e3ea3d7c6f0b76bd9a0e45a,2026-09-25T23:08:00Z,Toronto Blue Jays,Cincinnati Reds,matchbook,h2h_lay,Toronto Blue Jays,,1.68
2026-09-25T21:13:17Z,scheduled,890be5ce6e3ea3d7c6f0b76bd9a0e45a,2026-09-25T23:08:00Z,Toronto Blue Jays,Cincinnati Reds,matchbook,spreads,Cincinnati Reds,1.5,1.65
2026-09-25T21:13:17Z,scheduled,890be5ce6e3ea3d7c6f0b76bd9a0e45a,2026-09-25T23:08:00Z,Toronto Blue Jays,Cincinnati Reds,matchbook,spreads,Toronto Blue Jays,-1.5,2.48
2026-09-25T21:13:17Z,scheduled,890be5ce6e3ea3d7c6f0b76bd9a0e45a,2026-09-25T23:08:00Z,Toronto Blue Jays,Cincinnati Reds,matchbook,totals,Over,7.5,1.94
2026-09-25T21:13:17Z,scheduled,890be5ce6e3ea3d7c6f0b76bd9a0e45a,2026-09-25T23:08:00Z,Toronto Blue Jays,Cincinnati Reds,matchbook,totals,Under,7.5,1.97
2026-09-25T21:13:17Z,scheduled,890be5ce6e3ea3d7c6f0b76bd9a0e45a,2026-09-25T23:08:00Z,Toronto Blue Jays,Cincinnati Reds,pinnacle,h2h,Cincinnati Reds,,2.39
2026-09-25T21:13:17Z,scheduled,890be5ce6e3ea3d7c6f0b76bd9a0e45a,2026-09-25T23:08:00Z,Toronto Blue Jays,Cincinnati Reds,pinnacle,h2h,Toronto Blue Jays,,1.66
2026-09-25T21:13:17Z,scheduled,890be5ce6e3ea3d7c6f0b76bd9a0e45a,2026-09-25T23:08:00Z,Toronto Blue Jays,Cincinnati Reds,pinnacle,spreads,Cincinnati Reds,1.5,1.61
2026-09-25T21:13:17Z,scheduled,890be5ce6e3ea3d7c6f0b76bd9a0e45a,2026-09-25T23:08:00Z,Toronto Blue Jays,Cincinnati Reds,pinnacle,spreads,Toronto Blue Jays,-1.5,2.47
2026-09-25T21:13:17Z,scheduled,890be5ce6e3ea3d7c6f0b76bd9a0e45a,2026-09-25T23:08:00Z,Toronto Blue Jays,Cincinnati Reds,pinnacle,totals,Over,7.5,1.92
2026-09-25T21:13:17Z,scheduled,890be5ce6e3ea3d7c6f0b76bd9a0e45a,2026-09-25T23:08:00Z,Toronto Blue Jays,Cincinnati Reds,pinnacle,totals,Under,7.5,1.97
2026-09-25T21:13:17Z,scheduled,2d3d378044cc538b0a3d77acaacd15a1,2026-09-25T23:11:00Z,Miami Marlins,Atlanta Braves,fanduel,h2h,Atlanta Braves,,1.85
2026-09-25T21:13:17Z,scheduled,2d3d378044cc538b0a3d77acaacd15a1,2026-09-25T23:11:00Z,Miami Marlins,Atlanta Braves,fanduel,h2h,Miami Marlins,,2.0
2026-09-25T21:13:17Z,scheduled,2d3d378044cc538b0a3d77acaacd15a1,2026-09-25T23:11:00Z,Miami Marlins,Atlanta Braves,fanduel,spreads,Atlanta Braves,-1.5,2.5
2026-09-25T21:13:17Z,scheduled,2d3d378044cc538b0a3d77acaacd15a1,2026-09-25T23:11:00Z,Miami Marlins,Atlanta Braves,fanduel,spreads,Miami Marlins,1.5,1.55
2026-09-25T21:13:17Z,scheduled,2d3d378044cc538b0a3d77acaacd15a1,2026-09-25T23:11:00Z,Miami Marlins,Atlanta Braves,fanduel,totals,Over,8.5,2.04
2026-09-25T21:13:17Z,scheduled,2d3d378044cc538b0a3d77acaacd15a1,2026-09-25T23:11:00Z,Miami Marlins,Atlanta Braves,fanduel,totals,Under,8.5,1.78
2026-09-25T21:13:17Z,scheduled,2d3d378044cc538b0a3d77acaacd15a1,2026-09-25T23:11:00Z,Miami Marlins,Atlanta Braves,draftkings,h2h,Atlanta Braves,,1.85
2026-09-25T21:13:17Z,scheduled,2d3d378044cc538b0a3d77acaacd15a1,2026-09-25T23:11:00Z,Miami Marlins,Atlanta Braves,draftkings,h2h,Miami Marlins,,1.98
2026-09-25T21:13:17Z,scheduled,2d3d378044cc538b0a3d77acaacd15a1,2026-09-25T23:11:00Z,Miami Marlins,Atlanta Braves,draftkings,spreads,Atlanta Braves,-1.5,2.43
2026-09-25T21:13:17Z,scheduled,2d3d378044cc538b0a3d77acaacd15a1,2026-09-25T23:11:00Z,Miami Marlins,Atlanta Braves,draftkings,spreads,Miami Marlins,1.5,1.57
2026-09-25T21:13:17Z,scheduled,2d3d378044cc538b0a3d77acaacd15a1,2026-09-25T23:11:00Z,Miami Marlins,Atlanta Braves,draftkings,totals,Over,8.0,1.91
2026-09-25T21:13:17Z,scheduled,2d3d378044cc538b0a3d77acaacd15a1,2026-09-25T23:11:00Z,Miami Marlins,Atlanta Braves,draftkings,totals,Under,8.0,1.91
2026-09-25T21:13:17Z,scheduled,2d3d378044cc538b0a3d77acaacd15a1,2026-09-25T23:11:00Z,Miami Marlins,Atlanta Braves,betsson,h2h,Atlanta Braves,,1.85
2026-09-25T21:13:17Z,scheduled,2d3d378044cc538b0a3d77acaacd15a1,2026-09-25T23:11:00Z,Miami Marlins,Atlanta Braves,betsson,h2h,Miami Marlins,,1.95
2026-09-25T21:13:17Z,scheduled,2d3d378044cc538b0a3d77acaacd15a1,2026-09-25T23:11:00Z,Miami Marlins,Atlanta Braves,betsson,spreads,Atlanta Braves,-1.5,2.36
2026-09-25T21:13:17Z,scheduled,2d3d378044cc538b0a3d77acaacd15a1,2026-09-25T23:11:00Z,Miami Marlins,Atlanta Braves,betsson,spreads,Miami Marlins,1.5,1.56
2026-09-25T21:13:17Z,scheduled,2d3d378044cc538b0a3d77acaacd15a1,2026-09-25T23:11:00Z,Miami Marlins,Atlanta Braves,betsson,totals,Over,8.0,1.86
2026-09-25T21:13:17Z,scheduled,2d3d378044cc538b0a3d77acaacd15a1,2026-09-25T23:11:00Z,Miami Marlins,Atlanta Braves,betsson,totals,Under,8.0,1.9
2026-09-25T21:13:17Z,scheduled,2d3d378044cc538b0a3d77acaacd15a1,2026-09-25T23:11:00Z,Miami Marlins,Atlanta Braves,coolbet,h2h,Atlanta Braves,,1.82
2026-09-25T21:13:17Z,scheduled,2d3d378044cc538b0a3d77acaacd15a1,2026-09-25T23:11:00Z,Miami Marlins,Atlanta Braves,coolbet,h2h,Miami Marlins,,2.0
2026-09-25T21:13:17Z,scheduled,2d3d378044cc538b0a3d77acaacd15a1,2026-09-25T23:11:00Z,Miami Marlins,Atlanta Braves,coolbet,spreads,Atlanta Braves,-1.5,2.42
2026-09-25T21:13:17Z,scheduled,2d3d378044cc538b0a3d77acaacd15a1,2026-09-25T23:11:00Z,Miami Marlins,Atlanta Braves,coolbet,spreads,Miami Marlins,1.5,1.57
2026-09-25T21:13:17Z,scheduled,2d3d378044cc538b0a3d77acaacd15a1,2026-09-25T23:11:00Z,Miami Marlins,Atlanta Braves,coolbet,totals,Over,8.0,1.95
2026-09-25T21:13:17Z,scheduled,2d3d378044cc538b0a3d77acaacd15a1,2026-09-25T23:11:00Z,Miami Marlins,Atlanta Braves,coolbet,totals,Under,8.0,1.87
2026-09-25T21:13:17Z,scheduled,2d3d378044cc538b0a3d77acaacd15a1,2026-09-25T23:11:00Z,Miami Marlins,Atlanta Braves,betmgm,h2h,Atlanta Braves,,1.85
2026-09-25T21:13:17Z,scheduled,2d3d378044cc538b0a3d77acaacd15a1,2026-09-25T23:11:00Z,Miami Marlins,Atlanta Braves,betmgm,h2h,Miami Marlins,,1.98
2026-09-25T21:13:17Z,scheduled,2d3d378044cc538b0a3d77acaacd15a1,2026-09-25T23:11:00Z,Miami Marlins,Atlanta Braves,betmgm,spreads,Atlanta Braves,-1.5,2.4
2026-09-25T21:13:17Z,scheduled,2d3d378044cc538b0a3d77acaacd15a1,2026-09-25T23:11:00Z,Miami Marlins,Atlanta Braves,betmgm,spreads,Miami Marlins,1.5,1.59
2026-09-25T21:13:17Z,scheduled,2d3d378044cc538b0a3d77acaacd15a1,2026-09-25T23:11:00Z,Miami Marlins,Atlanta Braves,betmgm,totals,Over,8.0,1.95
2026-09-25T21:13:17Z,scheduled,2d3d378044cc538b0a3d77acaacd15a1,2026-09-25T23:11:00Z,Miami Marlins,Atlanta Braves,betmgm,totals,Under,8.0,1.87
2026-09-25T21:13:17Z,scheduled,2d3d378044cc538b0a3d77acaacd15a1,2026-09-25T23:11:00Z,Miami Marlins,Atlanta Braves,betrivers,h2h,Atlanta Braves,,1.88
2026-09-25T21:13:17Z,scheduled,2d3d378044cc538b0a3d77acaacd15a1,2026-09-25T23:11:00Z,Miami Marlins,Atlanta Braves,betrivers,h2h,Miami Marlins,,1.95
2026-09-25T21:13:17Z,scheduled,2d3d378044cc538b0a3d77acaacd15a1,2026-09-25T23:11:00Z,Miami Marlins,Atlanta Braves,betrivers,spreads,Atlanta Braves,-1.5,2.35
2026-09-25T21:13:17Z,scheduled,2d3d378044cc538b0a3d77acaacd15a1,2026-09-25T23:11:00Z,Miami Marlins,Atlanta Braves,betrivers,spreads,Miami Marlins,1.5,1.6
2026-09-25T21:13:17Z,scheduled,2d3d378044cc538b0a3d77acaacd15a1,2026-09-25T23:11:00Z,Miami Marlins,Atlanta Braves,betrivers,totals,Over,8.0,1.8
2026-09-25T21:13:17Z,scheduled,2d3d378044cc538b0a3d77acaacd15a1,2026-09-25T23:11:00Z,Miami Marlins,Atlanta Braves,betrivers,totals,Under,8.0,1.88
2026-09-25T21:13:17Z,scheduled,2d3d378044cc538b0a3d77acaacd15a1,2026-09-25T23:11:00Z,Miami Marlins,Atlanta Braves,betfair_ex_eu,h2h,Atlanta Braves,,1.94
2026-09-25T21:13:17Z,scheduled,2d3d378044cc538b0a3d77acaacd15a1,2026-09-25T23:11:00Z,Miami Marlins,Atlanta Braves,betfair_ex_eu,h2h,Miami Marlins,,2.04
2026-09-25T21:13:17Z,scheduled,2d3d378044cc538b0a3d77acaacd15a1,2026-09-25T23:11:00Z,Miami Marlins,Atlanta Braves,betfair_ex_eu,h2h_lay,Atlanta Braves,,1.95
2026-09-25T21:13:17Z,scheduled,2d3d378044cc538b0a3d77acaacd15a1,2026-09-25T23:11:00Z,Miami Marlins,Atlanta Braves,betfair_ex_eu,h2h_lay,Miami Marlins,,2.06
2026-09-25T21:13:17Z,scheduled,2d3d378044cc538b0a3d77acaacd15a1,2026-09-25T23:11:00Z,Miami Marlins,Atlanta Braves,matchbook,h2h,Atlanta Braves,,1.94
2026-09-25T21:13:17Z,scheduled,2d3d378044cc538b0a3d77acaacd15a1,2026-09-25T23:11:00Z,Miami Marlins,Atlanta Braves,matchbook,h2h,Miami Marlins,,2.04
2026-09-25T21:13:17Z,scheduled,2d3d378044cc538b0a3d77acaacd15a1,2026-09-25T23:11:00Z,Miami Marlins,Atlanta Braves,matchbook,h2h_lay,Atlanta Braves,,1.95
2026-09-25T21:13:17Z,scheduled,2d3d378044cc538b0a3d77acaacd15a1,2026-09-25T23:11:00Z,Miami Marlins,Atlanta Braves,matchbook,h2h_lay,Miami Marlins,,2.06
2026-09-25T21:13:17Z,scheduled,2d3d378044cc538b0a3d77acaacd15a1,2026-09-25T23:11:00Z,Miami Marlins,Atlanta Braves,matchbook,spreads,Atlanta Braves,-1.5,2.54
2026-09-25T21:13:17Z,scheduled,2d3d378044cc538b0a3d77acaacd15a1,2026-09-25T23:11:00Z,Miami Marlins,Atlanta Braves,matchbook,spreads,Miami Marlins,1.5,1.6
2026-09-25T21:13:17Z,scheduled,2d3d378044cc538b0a3d77acaacd15a1,2026-09-25T23:11:00Z,Miami Marlins,Atlanta Braves,matchbook,totals,Over,8.5,2.12
2026-09-25T21:13:17Z,scheduled,2d3d378044cc538b0a3d77acaacd15a1,2026-09-25T23:11:00Z,Miami Marlins,Atlanta Braves,matchbook,totals,Under,8.5,1.82
2026-09-25T21:13:17Z,scheduled,2d3d378044cc538b0a3d77acaacd15a1,2026-09-25T23:11:00Z,Miami Marlins,Atlanta Braves,pinnacle,h2h,Atlanta Braves,,1.91
2026-09-25T21:13:17Z,scheduled,2d3d378044cc538b0a3d77acaacd15a1,2026-09-25T23:11:00Z,Miami Marlins,Atlanta Braves,pinnacle,h2h,Miami Marlins,,2.02
2026-09-25T21:13:17Z,scheduled,2d3d378044cc538b0a3d77acaacd15a1,2026-09-25T23:11:00Z,Miami Marlins,Atlanta Braves,pinnacle,spreads,Atlanta Braves,-1.5,2.51
2026-09-25T21:13:17Z,scheduled,2d3d378044cc538b0a3d77acaacd15a1,2026-09-25T23:11:00Z,Miami Marlins,Atlanta Braves,pinnacle,spreads,Miami Marlins,1.5,1.6
2026-09-25T21:13:17Z,scheduled,2d3d378044cc538b0a3d77acaacd15a1,2026-09-25T23:11:00Z,Miami Marlins,Atlanta Braves,pinnacle,totals,Over,8.0,1.97
2026-09-25T21:13:17Z,scheduled,2d3d378044cc538b0a3d77acaacd15a1,2026-09-25T23:11:00Z,Miami Marlins,Atlanta Braves,pinnacle,totals,Under,8.0,1.92
2026-09-25T21:13:17Z,scheduled,b6829a3017da7786aceea335c5c36bb3,2026-09-25T23:40:00Z,Chicago White Sox,Colorado Rockies,draftkings,h2h,Chicago White Sox,,1.4
2026-09-25T21:13:17Z,scheduled,b6829a3017da7786aceea335c5c36bb3,2026-09-25T23:40:00Z,Chicago White Sox,Colorado Rockies,draftkings,h2h,Colorado Rockies,,3.0
2026-09-25T21:13:17Z,scheduled,b6829a3017da7786aceea335c5c36bb3,2026-09-25T23:40:00Z,Chicago White Sox,Colorado Rockies,draftkings,spreads,Chicago White Sox,-1.5,1.88
2026-09-25T21:13:17Z,scheduled,b6829a3017da7786aceea335c5c36bb3,2026-09-25T23:40:00Z,Chicago White Sox,Colorado Rockies,draftkings,spreads,Colorado Rockies,1.5,1.94
2026-09-25T21:13:17Z,scheduled,b6829a3017da7786aceea335c5c36bb3,2026-09-25T23:40:00Z,Chicago White Sox,Colorado Rockies,draftkings,totals,Over,8.0,1.84
2026-09-25T21:13:17Z,scheduled,b6829a3017da7786aceea335c5c36bb3,2026-09-25T23:40:00Z,Chicago White Sox,Colorado Rockies,draftkings,totals,Under,8.0,1.98
2026-09-25T21:13:17Z,scheduled,b6829a3017da7786aceea335c5c36bb3,2026-09-25T23:40:00Z,Chicago White Sox,Colorado Rockies,betsson,h2h,Chicago White Sox,,1.42
2026-09-25T21:13:17Z,scheduled,b6829a3017da7786aceea335c5c36bb3,2026-09-25T23:40:00Z,Chicago White Sox,Colorado Rockies,betsson,h2h,Colorado Rockies,,2.89
2026-09-25T21:13:17Z,scheduled,b6829a3017da7786aceea335c5c36bb3,2026-09-25T23:40:00Z,Chicago White Sox,Colorado Rockies,betsson,spreads,Chicago White Sox,-1.5,1.87
2026-09-25T21:13:17Z,scheduled,b6829a3017da7786aceea335c5c36bb3,2026-09-25T23:40:00Z,Chicago White Sox,Colorado Rockies,betsson,spreads,Colorado Rockies,1.5,1.89
2026-09-25T21:13:17Z,scheduled,b6829a3017da7786aceea335c5c36bb3,2026-09-25T23:40:00Z,Chicago White Sox,Colorado Rockies,betsson,totals,Over,8.5,1.93
2026-09-25T21:13:17Z,scheduled,b6829a3017da7786aceea335c5c36bb3,2026-09-25T23:40:00Z,Chicago White Sox,Colorado Rockies,betsson,totals,Under,8.5,1.83
2026-09-25T21:13:17Z,scheduled,b6829a3017da7786aceea335c5c36bb3,2026-09-25T23:40:00Z,Chicago White Sox,Colorado Rockies,fanduel,h2h,Chicago White Sox,,1.43
2026-09-25T21:13:17Z,scheduled,b6829a3017da7786aceea335c5c36bb3,2026-09-25T23:40:00Z,Chicago White Sox,Colorado Rockies,fanduel,h2h,Colorado Rockies,,2.94
2026-09-25T21:13:17Z,scheduled,b6829a3017da7786aceea335c5c36bb3,2026-09-25T23:40:00Z,Chicago White Sox,Colorado Rockies,fanduel,spreads,Chicago White Sox,-1.5,1.91
2026-09-25T21:13:17Z,scheduled,b6829a3017da7786aceea335c5c36bb3,2026-09-25T23:40:00Z,Chicago White Sox,Colorado Rockies,fanduel,spreads,Colorado Rockies,1.5,1.91
2026-09-25T21:13:17Z,scheduled,b6829a3017da7786aceea335c5c36bb3,2026-09-25T23:40:00Z,Chicago White Sox,Colorado Rockies,fanduel,totals,Over,8.5,1.95
2026-09-25T21:13:17Z,scheduled,b6829a3017da7786aceea335c5c36bb3,2026-09-25T23:40:00Z,Chicago White Sox,Colorado Rockies,fanduel,totals,Under,8.5,1.87
2026-09-25T21:13:17Z,scheduled,b6829a3017da7786aceea335c5c36bb3,2026-09-25T23:40:00Z,Chicago White Sox,Colorado Rockies,coolbet,h2h,Chicago White Sox,,1.41
2026-09-25T21:13:17Z,scheduled,b6829a3017da7786aceea335c5c36bb3,2026-09-25T23:40:00Z,Chicago White Sox,Colorado Rockies,coolbet,h2h,Colorado Rockies,,2.93
2026-09-25T21:13:17Z,scheduled,b6829a3017da7786aceea335c5c36bb3,2026-09-25T23:40:00Z,Chicago White Sox,Colorado Rockies,coolbet,spreads,Chicago White Sox,-1.5,1.91
2026-09-25T21:13:17Z,scheduled,b6829a3017da7786aceea335c5c36bb3,2026-09-25T23:40:00Z,Chicago White Sox,Colorado Rockies,coolbet,spreads,Colorado Rockies,1.5,1.91
2026-09-25T21:13:17Z,scheduled,b6829a3017da7786aceea335c5c36bb3,2026-09-25T23:40:00Z,Chicago White Sox,Colorado Rockies,coolbet,totals,Over,8.5,1.96
2026-09-25T21:13:17Z,scheduled,b6829a3017da7786aceea335c5c36bb3,2026-09-25T23:40:00Z,Chicago White Sox,Colorado Rockies,coolbet,totals,Under,8.5,1.85
2026-09-25T21:13:17Z,scheduled,b6829a3017da7786aceea335c5c36bb3,2026-09-25T23:40:00Z,Chicago White Sox,Colorado Rockies,betmgm,h2h,Chicago White Sox,,1.4
2026-09-25T21:13:17Z,scheduled,b6829a3017da7786aceea335c5c36bb3,2026-09-25T23:40:00Z,Chicago White Sox,Colorado Rockies,betmgm,h2h,Colorado Rockies,,3.0
2026-09-25T21:13:17Z,scheduled,b6829a3017da7786aceea335c5c36bb3,2026-09-25T23:40:00Z,Chicago White Sox,Colorado Rockies,betmgm,spreads,Chicago White Sox,-1.5,1.87
2026-09-25T21:13:17Z,scheduled,b6829a3017da7786aceea335c5c36bb3,2026-09-25T23:40:00Z,Chicago White Sox,Colorado Rockies,betmgm,spreads,Colorado Rockies,1.5,1.95
2026-09-25T21:13:17Z,scheduled,b6829a3017da7786aceea335c5c36bb3,2026-09-25T23:40:00Z,Chicago White Sox,Colorado Rockies,betmgm,totals,Over,8.5,2.0
2026-09-25T21:13:17Z,scheduled,b6829a3017da7786aceea335c5c36bb3,2026-09-25T23:40:00Z,Chicago White Sox,Colorado Rockies,betmgm,totals,Under,8.5,1.83
2026-09-25T21:13:17Z,scheduled,b6829a3017da7786aceea335c5c36bb3,2026-09-25T23:40:00Z,Chicago White Sox,Colorado Rockies,matchbook,h2h,Chicago White Sox,,1.44
2026-09-25T21:13:17Z,scheduled,b6829a3017da7786aceea335c5c36bb3,2026-09-25T23:40:00Z,Chicago White Sox,Colorado Rockies,matchbook,h2h,Colorado Rockies,,3.15
2026-09-25T21:13:17Z,scheduled,b6829a3017da7786aceea335c5c36bb3,2026-09-25T23:40:00Z,Chicago White Sox,Colorado Rockies,matchbook,h2h_lay,Chicago White Sox,,1.46
2026-09-25T21:13:17Z,scheduled,b6829a3017da7786aceea335c5c36bb3,2026-09-25T23:40:00Z,Chicago White Sox,Colorado Rockies,matchbook,h2h_lay,Colorado Rockies,,3.25
2026-09-25T21:13:17Z,scheduled,b6829a3017da7786aceea335c5c36bb3,2026-09-25T23:40:00Z,Chicago White Sox,Colorado Rockies,matchbook,spreads,Chicago White Sox,-1.5,1.92
2026-09-25T21:13:17Z,scheduled,b6829a3017da7786aceea335c5c36bb3,2026-09-25T23:40:00Z,Chicago White Sox,Colorado Rockies,matchbook,spreads,Colorado Rockies,1.5,1.99
2026-09-25T21:13:17Z,scheduled,b6829a3017da7786aceea335c5c36bb3,2026-09-25T23:40:00Z,Chicago White Sox,Colorado Rockies,matchbook,totals,Over,8.5,2.08
2026-09-25T21:13:17Z,scheduled,b6829a3017da7786aceea335c5c36bb3,2026-09-25T23:40:00Z,Chicago White Sox,Colorado Rockies,matchbook,totals,Under,8.5,1.85
2026-09-25T21:13:17Z,scheduled,b6829a3017da7786aceea335c5c36bb3,2026-09-25T23:40:00Z,Chicago White Sox,Colorado Rockies,pinnacle,h2h,Chicago White Sox,,1.43
2026-09-25T21:13:17Z,scheduled,b6829a3017da7786aceea335c5c36bb3,2026-09-25T23:40:00Z,Chicago White Sox,Colorado Rockies,pinnacle,h2h,Colorado Rockies,,3.1
2026-09-25T21:13:17Z,scheduled,b6829a3017da7786aceea335c5c36bb3,2026-09-25T23:40:00Z,Chicago White Sox,Colorado Rockies,pinnacle,spreads,Chicago White Sox,-1.5,1.92
2026-09-25T21:13:17Z,scheduled,b6829a3017da7786aceea335c5c36bb3,2026-09-25T23:40:00Z,Chicago White Sox,Colorado Rockies,pinnacle,spreads,Colorado Rockies,1.5,1.98
2026-09-25T21:13:17Z,scheduled,b6829a3017da7786aceea335c5c36bb3,2026-09-25T23:40:00Z,Chicago White Sox,Colorado Rockies,pinnacle,totals,Over,8.0,1.88
2026-09-25T21:13:17Z,scheduled,b6829a3017da7786aceea335c5c36bb3,2026-09-25T23:40:00Z,Chicago White Sox,Colorado Rockies,pinnacle,totals,Under,8.0,2.01
2026-09-25T21:13:17Z,scheduled,b6829a3017da7786aceea335c5c36bb3,2026-09-25T23:40:00Z,Chicago White Sox,Colorado Rockies,betrivers,h2h,Chicago White Sox,,1.44
2026-09-25T21:13:17Z,scheduled,b6829a3017da7786aceea335c5c36bb3,2026-09-25T23:40:00Z,Chicago White Sox,Colorado Rockies,betrivers,h2h,Colorado Rockies,,2.8
2026-09-25T21:13:17Z,scheduled,b6829a3017da7786aceea335c5c36bb3,2026-09-25T23:40:00Z,Chicago White Sox,Colorado Rockies,betrivers,spreads,Chicago White Sox,-1.5,1.83
2026-09-25T21:13:17Z,scheduled,b6829a3017da7786aceea335c5c36bb3,2026-09-25T23:40:00Z,Chicago White Sox,Colorado Rockies,betrivers,spreads,Colorado Rockies,1.5,2.0
2026-09-25T21:13:17Z,scheduled,b6829a3017da7786aceea335c5c36bb3,2026-09-25T23:40:00Z,Chicago White Sox,Colorado Rockies,betrivers,totals,Over,8.5,1.91
2026-09-25T21:13:17Z,scheduled,b6829a3017da7786aceea335c5c36bb3,2026-09-25T23:40:00Z,Chicago White Sox,Colorado Rockies,betrivers,totals,Under,8.5,1.89
2026-09-25T21:13:17Z,scheduled,b6829a3017da7786aceea335c5c36bb3,2026-09-25T23:40:00Z,Chicago White Sox,Colorado Rockies,betfair_ex_eu,h2h,Chicago White Sox,,1.44
2026-09-25T21:13:17Z,scheduled,b6829a3017da7786aceea335c5c36bb3,2026-09-25T23:40:00Z,Chicago White Sox,Colorado Rockies,betfair_ex_eu,h2h,Colorado Rockies,,3.15
2026-09-25T21:13:17Z,scheduled,b6829a3017da7786aceea335c5c36bb3,2026-09-25T23:40:00Z,Chicago White Sox,Colorado Rockies,betfair_ex_eu,h2h_lay,Chicago White Sox,,1.46
2026-09-25T21:13:17Z,scheduled,b6829a3017da7786aceea335c5c36bb3,2026-09-25T23:40:00Z,Chicago White Sox,Colorado Rockies,betfair_ex_eu,h2h_lay,Colorado Rockies,,3.25
2026-09-25T21:13:17Z,scheduled,7bd30076728c7fcf1f893c1d269a60af,2026-09-25T23:41:00Z,Kansas City Royals,Cleveland Guardians,fanduel,h2h,Cleveland Guardians,,1.7
2026-09-25T21:13:17Z,scheduled,7bd30076728c7fcf1f893c1d269a60af,2026-09-25T23:41:00Z,Kansas City Royals,Cleveland Guardians,fanduel,h2h,Kansas City Royals,,2.2
2026-09-25T21:13:17Z,scheduled,7bd30076728c7fcf1f893c1d269a60af,2026-09-25T23:41:00Z,Kansas City Royals,Cleveland Guardians,fanduel,spreads,Cleveland Guardians,-1.5,2.28
2026-09-25T21:13:17Z,scheduled,7bd30076728c7fcf1f893c1d269a60af,2026-09-25T23:41:00Z,Kansas City Royals,Cleveland Guardians,fanduel,spreads,Kansas City Royals,1.5,1.65
2026-09-25T21:13:17Z,scheduled,7bd30076728c7fcf1f893c1d269a60af,2026-09-25T23:41:00Z,Kansas City Royals,Cleveland Guardians,fanduel,totals,Over,7.5,2.06
2026-09-25T21:13:17Z,scheduled,7bd30076728c7fcf1f893c1d269a60af,2026-09-25T23:41:00Z,Kansas City Royals,Cleveland Guardians,fanduel,totals,Under,7.5,1.77
2026-09-25T21:13:17Z,scheduled,7bd30076728c7fcf1f893c1d269a60af,2026-09-25T23:41:00Z,Kansas City Royals,Cleveland Guardians,betsson,h2h,Cleveland Guardians,,1.69
2026-09-25T21:13:17Z,scheduled,7bd30076728c7fcf1f893c1d269a60af,2026-09-25T23:41:00Z,Kansas City Royals,Cleveland Guardians,betsson,h2h,Kansas City Royals,,2.16
2026-09-25T21:13:17Z,scheduled,7bd30076728c7fcf1f893c1d269a60af,2026-09-25T23:41:00Z,Kansas City Royals,Cleveland Guardians,betsson,spreads,Cleveland Guardians,-1.5,2.22
2026-09-25T21:13:17Z,scheduled,7bd30076728c7fcf1f893c1d269a60af,2026-09-25T23:41:00Z,Kansas City Royals,Cleveland Guardians,betsson,spreads,Kansas City Royals,1.5,1.63
2026-09-25T21:13:17Z,scheduled,7bd30076728c7fcf1f893c1d269a60af,2026-09-25T23:41:00Z,Kansas City Royals,Cleveland Guardians,betsson,totals,Over,7.5,1.97
2026-09-25T21:13:17Z,scheduled,7bd30076728c7fcf1f893c1d269a60af,2026-09-25T23:41:00Z,Kansas City Royals,Cleveland Guardians,betsson,totals,Under,7.5,1.8
2026-09-25T21:13:17Z,scheduled,7bd30076728c7fcf1f893c1d269a60af,2026-09-25T23:41:00Z,Kansas City Royals,Cleveland Guardians,draftkings,h2h,Cleveland Guardians,,1.69
2026-09-25T21:13:17Z,scheduled,7bd30076728c7fcf1f893c1d269a60af,2026-09-25T23:41:00Z,Kansas City Royals,Cleveland Guardians,draftkings,h2h,Kansas City Royals,,2.2
2026-09-25T21:13:17Z,scheduled,7bd30076728c7fcf1f893c1d269a60af,2026-09-25T23:41:00Z,Kansas City Royals,Cleveland Guardians,draftkings,spreads,Cleveland Guardians,-1.5,2.31
2026-09-25T21:13:17Z,scheduled,7bd30076728c7fcf1f893c1d269a60af,2026-09-25T23:41:00Z,Kansas City Royals,Cleveland Guardians,draftkings,spreads,Kansas City Royals,1.5,1.63
2026-09-25T21:13:17Z,scheduled,7bd30076728c7fcf1f893c1d269a60af,2026-09-25T23:41:00Z,Kansas City Royals,Cleveland Guardians,draftkings,totals,Over,7.0,1.85
2026-09-25T21:13:17Z,scheduled,7bd30076728c7fcf1f893c1d269a60af,2026-09-25T23:41:00Z,Kansas City Royals,Cleveland Guardians,draftkings,totals,Under,7.0,1.97
2026-09-25T21:13:17Z,scheduled,7bd30076728c7fcf1f893c1d269a60af,2026-09-25T23:41:00Z,Kansas City Royals,Cleveland Guardians,coolbet,h2h,Cleveland Guardians,,1.7
2026-09-25T21:13:17Z,scheduled,7bd30076728c7fcf1f893c1d269a60af,2026-09-25T23:41:00Z,Kansas City Royals,Cleveland Guardians,coolbet,h2h,Kansas City Royals,,2.17
2026-09-25T21:13:17Z,scheduled,7bd30076728c7fcf1f893c1d269a60af,2026-09-25T23:41:00Z,Kansas City Royals,Cleveland Guardians,coolbet,spreads,Cleveland Guardians,-1.5,2.23
2026-09-25T21:13:17Z,scheduled,7bd30076728c7fcf1f893c1d269a60af,2026-09-25T23:41:00Z,Kansas City Royals,Cleveland Guardians,coolbet,spreads,Kansas City Royals,1.5,1.66
2026-09-25T21:13:17Z,scheduled,7bd30076728c7fcf1f893c1d269a60af,2026-09-25T23:41:00Z,Kansas City Royals,Cleveland Guardians,coolbet,totals,Over,7.0,1.85
2026-09-25T21:13:17Z,scheduled,7bd30076728c7fcf1f893c1d269a60af,2026-09-25T23:41:00Z,Kansas City Royals,Cleveland Guardians,coolbet,totals,Under,7.0,1.96
2026-09-25T21:13:17Z,scheduled,7bd30076728c7fcf1f893c1d269a60af,2026-09-25T23:41:00Z,Kansas City Royals,Cleveland Guardians,matchbook,h2h,Cleveland Guardians,,1.75
2026-09-25T21:13:17Z,scheduled,7bd30076728c7fcf1f893c1d269a60af,2026-09-25T23:41:00Z,Kansas City Royals,Cleveland Guardians,matchbook,h2h,Kansas City Royals,,2.3
2026-09-25T21:13:17Z,scheduled,7bd30076728c7fcf1f893c1d269a60af,2026-09-25T23:41:00Z,Kansas City Royals,Cleveland Guardians,matchbook,h2h_lay,Cleveland Guardians,,1.76
2026-09-25T21:13:17Z,scheduled,7bd30076728c7fcf1f893c1d269a60af,2026-09-25T23:41:00Z,Kansas City Royals,Cleveland Guardians,matchbook,h2h_lay,Kansas City Royals,,2.32
2026-09-25T21:13:17Z,scheduled,7bd30076728c7fcf1f893c1d269a60af,2026-09-25T23:41:00Z,Kansas City Royals,Cleveland Guardians,matchbook,spreads,Cleveland Guardians,-1.5,2.3
2026-09-25T21:13:17Z,scheduled,7bd30076728c7fcf1f893c1d269a60af,2026-09-25T23:41:00Z,Kansas City Royals,Cleveland Guardians,matchbook,spreads,Kansas City Royals,1.5,1.73
2026-09-25T21:13:17Z,scheduled,7bd30076728c7fcf1f893c1d269a60af,2026-09-25T23:41:00Z,Kansas City Royals,Cleveland Guardians,matchbook,totals,Over,7.5,2.2
2026-09-25T21:13:17Z,scheduled,7bd30076728c7fcf1f893c1d269a60af,2026-09-25T23:41:00Z,Kansas City Royals,Cleveland Guardians,matchbook,totals,Under,7.5,1.77
2026-09-25T21:13:17Z,scheduled,7bd30076728c7fcf1f893c1d269a60af,2026-09-25T23:41:00Z,Kansas City Royals,Cleveland Guardians,betmgm,h2h,Cleveland Guardians,,1.69
2026-09-25T21:13:17Z,scheduled,7bd30076728c7fcf1f893c1d269a60af,2026-09-25T23:41:00Z,Kansas City Royals,Cleveland Guardians,betmgm,h2h,Kansas City Royals,,2.18
2026-09-25T21:13:17Z,scheduled,7bd30076728c7fcf1f893c1d269a60af,2026-09-25T23:41:00Z,Kansas City Royals,Cleveland Guardians,betmgm,spreads,Cleveland Guardians,-1.5,2.25
2026-09-25T21:13:17Z,scheduled,7bd30076728c7fcf1f893c1d269a60af,2026-09-25T23:41:00Z,Kansas City Royals,Cleveland Guardians,betmgm,spreads,Kansas City Royals,1.5,1.65
2026-09-25T21:13:17Z,scheduled,7bd30076728c7fcf1f893c1d269a60af,2026-09-25T23:41:00Z,Kansas City Royals,Cleveland Guardians,betmgm,totals,Over,7.0,1.8
2026-09-25T21:13:17Z,scheduled,7bd30076728c7fcf1f893c1d269a60af,2026-09-25T23:41:00Z,Kansas City Royals,Cleveland Guardians,betmgm,totals,Under,7.0,2.05
2026-09-25T21:13:17Z,scheduled,7bd30076728c7fcf1f893c1d269a60af,2026-09-25T23:41:00Z,Kansas City Royals,Cleveland Guardians,pinnacle,h2h,Cleveland Guardians,,1.74
2026-09-25T21:13:17Z,scheduled,7bd30076728c7fcf1f893c1d269a60af,2026-09-25T23:41:00Z,Kansas City Royals,Cleveland Guardians,pinnacle,h2h,Kansas City Royals,,2.25
2026-09-25T21:13:17Z,scheduled,7bd30076728c7fcf1f893c1d269a60af,2026-09-25T23:41:00Z,Kansas City Royals,Cleveland Guardians,pinnacle,spreads,Cleveland Guardians,-1.5,2.29
2026-09-25T21:13:17Z,scheduled,7bd30076728c7fcf1f893c1d269a60af,2026-09-25T23:41:00Z,Kansas City Royals,Cleveland Guardians,pinnacle,spreads,Kansas City Royals,1.5,1.7
2026-09-25T21:13:17Z,scheduled,7bd30076728c7fcf1f893c1d269a60af,2026-09-25T23:41:00Z,Kansas City Royals,Cleveland Guardians,pinnacle,totals,Over,7.0,1.87
2026-09-25T21:13:17Z,scheduled,7bd30076728c7fcf1f893c1d269a60af,2026-09-25T23:41:00Z,Kansas City Royals,Cleveland Guardians,pinnacle,totals,Under,7.0,2.03
2026-09-25T21:13:17Z,scheduled,7bd30076728c7fcf1f893c1d269a60af,2026-09-25T23:41:00Z,Kansas City Royals,Cleveland Guardians,betrivers,h2h,Cleveland Guardians,,1.75
2026-09-25T21:13:17Z,scheduled,7bd30076728c7fcf1f893c1d269a60af,2026-09-25T23:41:00Z,Kansas City Royals,Cleveland Guardians,betrivers,h2h,Kansas City Royals,,2.12
2026-09-25T21:13:17Z,scheduled,7bd30076728c7fcf1f893c1d269a60af,2026-09-25T23:41:00Z,Kansas City Royals,Cleveland Guardians,betrivers,spreads,Cleveland Guardians,-1.5,2.18
2026-09-25T21:13:17Z,scheduled,7bd30076728c7fcf1f893c1d269a60af,2026-09-25T23:41:00Z,Kansas City Royals,Cleveland Guardians,betrivers,spreads,Kansas City Royals,1.5,1.7
2026-09-25T21:13:17Z,scheduled,7bd30076728c7fcf1f893c1d269a60af,2026-09-25T23:41:00Z,Kansas City Royals,Cleveland Guardians,betrivers,totals,Over,7.0,1.78
2026-09-25T21:13:17Z,scheduled,7bd30076728c7fcf1f893c1d269a60af,2026-09-25T23:41:00Z,Kansas City Royals,Cleveland Guardians,betrivers,totals,Under,7.0,1.89
2026-09-25T21:13:17Z,scheduled,7bd30076728c7fcf1f893c1d269a60af,2026-09-25T23:41:00Z,Kansas City Royals,Cleveland Guardians,betfair_ex_eu,h2h,Cleveland Guardians,,1.75
2026-09-25T21:13:17Z,scheduled,7bd30076728c7fcf1f893c1d269a60af,2026-09-25T23:41:00Z,Kansas City Royals,Cleveland Guardians,betfair_ex_eu,h2h,Kansas City Royals,,2.3
2026-09-25T21:13:17Z,scheduled,7bd30076728c7fcf1f893c1d269a60af,2026-09-25T23:41:00Z,Kansas City Royals,Cleveland Guardians,betfair_ex_eu,h2h_lay,Cleveland Guardians,,1.76
2026-09-25T21:13:17Z,scheduled,7bd30076728c7fcf1f893c1d269a60af,2026-09-25T23:41:00Z,Kansas City Royals,Cleveland Guardians,betfair_ex_eu,h2h_lay,Kansas City Royals,,2.34
2026-09-25T21:13:17Z,scheduled,12c52c4f4de763e9a171ffac0f4f02ef,2026-09-25T23:41:00Z,Milwaukee Brewers,St. Louis Cardinals,fanduel,h2h,Milwaukee Brewers,,1.51
2026-09-25T21:13:17Z,scheduled,12c52c4f4de763e9a171ffac0f4f02ef,2026-09-25T23:41:00Z,Milwaukee Brewers,St. Louis Cardinals,fanduel,h2h,St. Louis Cardinals,,2.64
2026-09-25T21:13:17Z,scheduled,12c52c4f4de763e9a171ffac0f4f02ef,2026-09-25T23:41:00Z,Milwaukee Brewers,St. Louis Cardinals,fanduel,spreads,Milwaukee Brewers,-1.5,2.16
2026-09-25T21:13:17Z,scheduled,12c52c4f4de763e9a171ffac0f4f02ef,2026-09-25T23:41:00Z,Milwaukee Brewers,St. Louis Cardinals,fanduel,spreads,St. Louis Cardinals,1.5,1.71
2026-09-25T21:13:17Z,scheduled,12c52c4f4de763e9a171ffac0f4f02ef,2026-09-25T23:41:00Z,Milwaukee Brewers,St. Louis Cardinals,fanduel,totals,Over,7.5,1.82
2026-09-25T21:13:17Z,scheduled,12c52c4f4de763e9a171ffac0f4f02ef,2026-09-25T23:41:00Z,Milwaukee Brewers,St. Louis Cardinals,fanduel,totals,Under,7.5,2.0
2026-09-25T21:13:17Z,scheduled,12c52c4f4de763e9a171ffac0f4f02ef,2026-09-25T23:41:00Z,Milwaukee Brewers,St. Louis Cardinals,coolbet,h2h,Milwaukee Brewers,,1.52
2026-09-25T21:13:17Z,scheduled,12c52c4f4de763e9a171ffac0f4f02ef,2026-09-25T23:41:00Z,Milwaukee Brewers,St. Louis Cardinals,coolbet,h2h,St. Louis Cardinals,,2.55
2026-09-25T21:13:17Z,scheduled,12c52c4f4de763e9a171ffac0f4f02ef,2026-09-25T23:41:00Z,Milwaukee Brewers,St. Louis Cardinals,coolbet,spreads,Milwaukee Brewers,-1.5,2.15
2026-09-25T21:13:17Z,scheduled,12c52c4f4de763e9a171ffac0f4f02ef,2026-09-25T23:41:00Z,Milwaukee Brewers,St. Louis Cardinals,coolbet,spreads,St. Louis Cardinals,1.5,1.71
2026-09-25T21:13:17Z,scheduled,12c52c4f4de763e9a171ffac0f4f02ef,2026-09-25T23:41:00Z,Milwaukee Brewers,St. Louis Cardinals,coolbet,totals,Over,8.0,1.96
2026-09-25T21:13:17Z,scheduled,12c52c4f4de763e9a171ffac0f4f02ef,2026-09-25T23:41:00Z,Milwaukee Brewers,St. Louis Cardinals,coolbet,totals,Under,8.0,1.85
2026-09-25T21:13:17Z,scheduled,12c52c4f4de763e9a171ffac0f4f02ef,2026-09-25T23:41:00Z,Milwaukee Brewers,St. Louis Cardinals,betsson,h2h,Milwaukee Brewers,,1.54
2026-09-25T21:13:17Z,scheduled,12c52c4f4de763e9a171ffac0f4f02ef,2026-09-25T23:41:00Z,Milwaukee Brewers,St. Louis Cardinals,betsson,h2h,St. Louis Cardinals,,2.48
2026-09-25T21:13:17Z,scheduled,12c52c4f4de763e9a171ffac0f4f02ef,2026-09-25T23:41:00Z,Milwaukee Brewers,St. Louis Cardinals,betsson,spreads,Milwaukee Brewers,-1.5,2.07
2026-09-25T21:13:17Z,scheduled,12c52c4f4de763e9a171ffac0f4f02ef,2026-09-25T23:41:00Z,Milwaukee Brewers,St. Louis Cardinals,betsson,spreads,St. Louis Cardinals,1.5,1.72
2026-09-25T21:13:17Z,scheduled,12c52c4f4de763e9a171ffac0f4f02ef,2026-09-25T23:41:00Z,Milwaukee Brewers,St. Louis Cardinals,betsson,totals,Over,8.0,1.9
2026-09-25T21:13:17Z,scheduled,12c52c4f4de763e9a171ffac0f4f02ef,2026-09-25T23:41:00Z,Milwaukee Brewers,St. Louis Cardinals,betsson,totals,Under,8.0,1.86
2026-09-25T21:13:17Z,scheduled,12c52c4f4de763e9a171ffac0f4f02ef,2026-09-25T23:41:00Z,Milwaukee Brewers,St. Louis Cardinals,draftkings,h2h,Milwaukee Brewers,,1.52
2026-09-25T21:13:17Z,scheduled,12c52c4f4de763e9a171ffac0f4f02ef,2026-09-25T23:41:00Z,Milwaukee Brewers,St. Louis Cardinals,draftkings,h2h,St. Louis Cardinals,,2.58
2026-09-25T21:13:17Z,scheduled,12c52c4f4de763e9a171ffac0f4f02ef,2026-09-25T23:41:00Z,Milwaukee Brewers,St. Louis Cardinals,draftkings,spreads,Milwaukee Brewers,-1.5,2.14
2026-09-25T21:13:17Z,scheduled,12c52c4f4de763e9a171ffac0f4f02ef,2026-09-25T23:41:00Z,Milwaukee Brewers,St. Louis Cardinals,draftkings,spreads,St. Louis Cardinals,1.5,1.73
2026-09-25T21:13:17Z,scheduled,12c52c4f4de763e9a171ffac0f4f02ef,2026-09-25T23:41:00Z,Milwaukee Brewers,St. Louis Cardinals,draftkings,totals,Over,8.0,1.94
2026-09-25T21:13:17Z,scheduled,12c52c4f4de763e9a171ffac0f4f02ef,2026-09-25T23:41:00Z,Milwaukee Brewers,St. Louis Cardinals,draftkings,totals,Under,8.0,1.88
2026-09-25T21:13:17Z,scheduled,12c52c4f4de763e9a171ffac0f4f02ef,2026-09-25T23:41:00Z,Milwaukee Brewers,St. Louis Cardinals,betmgm,h2h,Milwaukee Brewers,,1.53
2026-09-25T21:13:17Z,scheduled,12c52c4f4de763e9a171ffac0f4f02ef,2026-09-25T23:41:00Z,Milwaukee Brewers,St. Louis Cardinals,betmgm,h2h,St. Louis Cardinals,,2.55
2026-09-25T21:13:17Z,scheduled,12c52c4f4de763e9a171ffac0f4f02ef,2026-09-25T23:41:00Z,Milwaukee Brewers,St. Louis Cardinals,betmgm,spreads,Milwaukee Brewers,-1.5,2.1
2026-09-25T21:13:17Z,scheduled,12c52c4f4de763e9a171ffac0f4f02ef,2026-09-25T23:41:00Z,Milwaukee Brewers,St. Louis Cardinals,betmgm,spreads,St. Louis Cardinals,1.5,1.74
2026-09-25T21:13:17Z,scheduled,12c52c4f4de763e9a171ffac0f4f02ef,2026-09-25T23:41:00Z,Milwaukee Brewers,St. Louis Cardinals,betmgm,totals,Over,7.5,1.83
2026-09-25T21:13:17Z,scheduled,12c52c4f4de763e9a171ffac0f4f02ef,2026-09-25T23:41:00Z,Milwaukee Brewers,St. Louis Cardinals,betmgm,totals,Under,7.5,2.0
2026-09-25T21:13:17Z,scheduled,12c52c4f4de763e9a171ffac0f4f02ef,2026-09-25T23:41:00Z,Milwaukee Brewers,St. Louis Cardinals,matchbook,h2h,Milwaukee Brewers,,1.58
2026-09-25T21:13:17Z,scheduled,12c52c4f4de763e9a171ffac0f4f02ef,2026-09-25T23:41:00Z,Milwaukee Brewers,St. Louis Cardinals,matchbook,h2h,St. Louis Cardinals,,2.7
2026-09-25T21:13:17Z,scheduled,12c52c4f4de763e9a171ffac0f4f02ef,2026-09-25T23:41:00Z,Milwaukee Brewers,St. Louis Cardinals,matchbook,h2h_lay,Milwaukee Brewers,,1.59
2026-09-25T21:13:17Z,scheduled,12c52c4f4de763e9a171ffac0f4f02ef,2026-09-25T23:41:00Z,Milwaukee Brewers,St. Louis Cardinals,matchbook,h2h_lay,St. Louis Cardinals,,2.74
2026-09-25T21:13:17Z,scheduled,12c52c4f4de763e9a171ffac0f4f02ef,2026-09-25T23:41:00Z,Milwaukee Brewers,St. Louis Cardinals,matchbook,spreads,Milwaukee Brewers,-1.5,2.18
2026-09-25T21:13:17Z,scheduled,12c52c4f4de763e9a171ffac0f4f02ef,2026-09-25T23:41:00Z,Milwaukee Brewers,St. Louis Cardinals,matchbook,spreads,St. Louis Cardinals,1.5,1.77
2026-09-25T21:13:17Z,scheduled,12c52c4f4de763e9a171ffac0f4f02ef,2026-09-25T23:41:00Z,Milwaukee Brewers,St. Louis Cardinals,matchbook,totals,Over,7.5,1.89
2026-09-25T21:13:17Z,scheduled,12c52c4f4de763e9a171ffac0f4f02ef,2026-09-25T23:41:00Z,Milwaukee Brewers,St. Louis Cardinals,matchbook,totals,Under,7.5,2.02
2026-09-25T21:13:17Z,scheduled,12c52c4f4de763e9a171ffac0f4f02ef,2026-09-25T23:41:00Z,Milwaukee Brewers,St. Louis Cardinals,pinnacle,h2h,Milwaukee Brewers,,1.55
2026-09-25T21:13:17Z,scheduled,12c52c4f4de763e9a171ffac0f4f02ef,2026-09-25T23:41:00Z,Milwaukee Brewers,St. Louis Cardinals,pinnacle,h2h,St. Louis Cardinals,,2.66
2026-09-25T21:13:17Z,scheduled,12c52c4f4de763e9a171ffac0f4f02ef,2026-09-25T23:41:00Z,Milwaukee Brewers,St. Louis Cardinals,pinnacle,spreads,Milwaukee Brewers,-1.5,2.21
2026-09-25T21:13:17Z,scheduled,12c52c4f4de763e9a171ffac0f4f02ef,2026-09-25T23:41:00Z,Milwaukee Brewers,St. Louis Cardinals,pinnacle,spreads,St. Louis Cardinals,1.5,1.75
2026-09-25T21:13:17Z,scheduled,12c52c4f4de763e9a171ffac0f4f02ef,2026-09-25T23:41:00Z,Milwaukee Brewers,St. Louis Cardinals,pinnacle,totals,Over,7.5,1.87
2026-09-25T21:13:17Z,scheduled,12c52c4f4de763e9a171ffac0f4f02ef,2026-09-25T23:41:00Z,Milwaukee Brewers,St. Louis Cardinals,pinnacle,totals,Under,7.5,2.02
2026-09-25T21:13:17Z,scheduled,12c52c4f4de763e9a171ffac0f4f02ef,2026-09-25T23:41:00Z,Milwaukee Brewers,St. Louis Cardinals,betrivers,h2h,Milwaukee Brewers,,1.51
2026-09-25T21:13:17Z,scheduled,12c52c4f4de763e9a171ffac0f4f02ef,2026-09-25T23:41:00Z,Milwaukee Brewers,St. Louis Cardinals,betrivers,h2h,St. Louis Cardinals,,2.6
2026-09-25T21:13:17Z,scheduled,12c52c4f4de763e9a171ffac0f4f02ef,2026-09-25T23:41:00Z,Milwaukee Brewers,St. Louis Cardinals,betrivers,spreads,Milwaukee Brewers,-1.5,1.97
2026-09-25T21:13:17Z,scheduled,12c52c4f4de763e9a171ffac0f4f02ef,2026-09-25T23:41:00Z,Milwaukee Brewers,St. Louis Cardinals,betrivers,spreads,St. Louis Cardinals,1.5,1.83
2026-09-25T21:13:17Z,scheduled,12c52c4f4de763e9a171ffac0f4f02ef,2026-09-25T23:41:00Z,Milwaukee Brewers,St. Louis Cardinals,betrivers,totals,Over,8.0,1.8
2026-09-25T21:13:17Z,scheduled,12c52c4f4de763e9a171ffac0f4f02ef,2026-09-25T23:41:00Z,Milwaukee Brewers,St. Louis Cardinals,betrivers,totals,Under,8.0,1.88
2026-09-25T21:13:17Z,scheduled,12c52c4f4de763e9a171ffac0f4f02ef,2026-09-25T23:41:00Z,Milwaukee Brewers,St. Louis Cardinals,betfair_ex_eu,h2h,Milwaukee Brewers,,1.58
2026-09-25T21:13:17Z,scheduled,12c52c4f4de763e9a171ffac0f4f02ef,2026-09-25T23:41:00Z,Milwaukee Brewers,St. Louis Cardinals,betfair_ex_eu,h2h,St. Louis Cardinals,,2.7
2026-09-25T21:13:17Z,scheduled,12c52c4f4de763e9a171ffac0f4f02ef,2026-09-25T23:41:00Z,Milwaukee Brewers,St. Louis Cardinals,betfair_ex_eu,h2h_lay,Milwaukee Brewers,,1.59
2026-09-25T21:13:17Z,scheduled,12c52c4f4de763e9a171ffac0f4f02ef,2026-09-25T23:41:00Z,Milwaukee Brewers,St. Louis Cardinals,betfair_ex_eu,h2h_lay,St. Louis Cardinals,,2.74
2026-09-25T21:13:17Z,scheduled,9f08a9d734982153de27326c32e8be0e,2026-09-26T00:11:00Z,Minnesota Twins,Texas Rangers,fanduel,h2h,Minnesota Twins,,2.06
2026-09-25T21:13:17Z,scheduled,9f08a9d734982153de27326c32e8be0e,2026-09-26T00:11:00Z,Minnesota Twins,Texas Rangers,fanduel,h2h,Texas Rangers,,1.81
2026-09-25T21:13:17Z,scheduled,9f08a9d734982153de27326c32e8be0e,2026-09-26T00:11:00Z,Minnesota Twins,Texas Rangers,fanduel,spreads,Minnesota Twins,1.5,1.61
2026-09-25T21:13:17Z,scheduled,9f08a9d734982153de27326c32e8be0e,2026-09-26T00:11:00Z,Minnesota Twins,Texas Rangers,fanduel,spreads,Texas Rangers,-1.5,2.36
2026-09-25T21:13:17Z,scheduled,9f08a9d734982153de27326c32e8be0e,2026-09-26T00:11:00Z,Minnesota Twins,Texas Rangers,fanduel,totals,Over,7.5,1.98
2026-09-25T21:13:17Z,scheduled,9f08a9d734982153de27326c32e8be0e,2026-09-26T00:11:00Z,Minnesota Twins,Texas Rangers,fanduel,totals,Under,7.5,1.83
2026-09-25T21:13:17Z,scheduled,9f08a9d734982153de27326c32e8be0e,2026-09-26T00:11:00Z,Minnesota Twins,Texas Rangers,draftkings,h2h,Minnesota Twins,,2.04
2026-09-25T21:13:17Z,scheduled,9f08a9d734982153de27326c32e8be0e,2026-09-26T00:11:00Z,Minnesota Twins,Texas Rangers,draftkings,h2h,Texas Rangers,,1.79
2026-09-25T21:13:17Z,scheduled,9f08a9d734982153de27326c32e8be0e,2026-09-26T00:11:00Z,Minnesota Twins,Texas Rangers,draftkings,spreads,Minnesota Twins,1.5,1.58
2026-09-25T21:13:17Z,scheduled,9f08a9d734982153de27326c32e8be0e,2026-09-26T00:11:00Z,Minnesota Twins,Texas Rangers,draftkings,spreads,Texas Rangers,-1.5,2.42
2026-09-25T21:13:17Z,scheduled,9f08a9d734982153de27326c32e8be0e,2026-09-26T00:11:00Z,Minnesota Twins,Texas Rangers,draftkings,totals,Over,7.0,1.85
2026-09-25T21:13:17Z,scheduled,9f08a9d734982153de27326c32e8be0e,2026-09-26T00:11:00Z,Minnesota Twins,Texas Rangers,draftkings,totals,Under,7.0,1.98
2026-09-25T21:13:17Z,scheduled,9f08a9d734982153de27326c32e8be0e,2026-09-26T00:11:00Z,Minnesota Twins,Texas Rangers,betsson,h2h,Minnesota Twins,,1.98
2026-09-25T21:13:17Z,scheduled,9f08a9d734982153de27326c32e8be0e,2026-09-26T00:11:00Z,Minnesota Twins,Texas Rangers,betsson,h2h,Texas Rangers,,1.83
2026-09-25T21:13:17Z,scheduled,9f08a9d734982153de27326c32e8be0e,2026-09-26T00:11:00Z,Minnesota Twins,Texas Rangers,betsson,spreads,Minnesota Twins,1.5,1.54
2026-09-25T21:13:17Z,scheduled,9f08a9d734982153de27326c32e8be0e,2026-09-26T00:11:00Z,Minnesota Twins,Texas Rangers,betsson,spreads,Texas Rangers,-1.5,2.42
2026-09-25T21:13:17Z,scheduled,9f08a9d734982153de27326c32e8be0e,2026-09-26T00:11:00Z,Minnesota Twins,Texas Rangers,betsson,totals,Over,7.5,1.97
2026-09-25T21:13:17Z,scheduled,9f08a9d734982153de27326c32e8be0e,2026-09-26T00:11:00Z,Minnesota Twins,Texas Rangers,betsson,totals,Under,7.5,1.8
2026-09-25T21:13:17Z,scheduled,9f08a9d734982153de27326c32e8be0e,2026-09-26T00:11:00Z,Minnesota Twins,Texas Rangers,coolbet,h2h,Minnesota Twins,,2.0
2026-09-25T21:13:17Z,scheduled,9f08a9d734982153de27326c32e8be0e,2026-09-26T00:11:00Z,Minnesota Twins,Texas Rangers,coolbet,h2h,Texas Rangers,,1.82
2026-09-25T21:13:17Z,scheduled,9f08a9d734982153de27326c32e8be0e,2026-09-26T00:11:00Z,Minnesota Twins,Texas Rangers,coolbet,spreads,Minnesota Twins,1.5,1.56
2026-09-25T21:13:17Z,scheduled,9f08a9d734982153de27326c32e8be0e,2026-09-26T00:11:00Z,Minnesota Twins,Texas Rangers,coolbet,spreads,Texas Rangers,-1.5,2.45
2026-09-25T21:13:17Z,scheduled,9f08a9d734982153de27326c32e8be0e,2026-09-26T00:11:00Z,Minnesota Twins,Texas Rangers,coolbet,totals,Over,7.0,1.8
2026-09-25T21:13:17Z,scheduled,9f08a9d734982153de27326c32e8be0e,2026-09-26T00:11:00Z,Minnesota Twins,Texas Rangers,coolbet,totals,Under,7.0,2.02
2026-09-25T21:13:17Z,scheduled,9f08a9d734982153de27326c32e8be0e,2026-09-26T00:11:00Z,Minnesota Twins,Texas Rangers,matchbook,h2h,Minnesota Twins,,2.12
2026-09-25T21:13:17Z,scheduled,9f08a9d734982153de27326c32e8be0e,2026-09-26T00:11:00Z,Minnesota Twins,Texas Rangers,matchbook,h2h,Texas Rangers,,1.88
2026-09-25T21:13:17Z,scheduled,9f08a9d734982153de27326c32e8be0e,2026-09-26T00:11:00Z,Minnesota Twins,Texas Rangers,matchbook,h2h_lay,Minnesota Twins,,2.14
2026-09-25T21:13:17Z,scheduled,9f08a9d734982153de27326c32e8be0e,2026-09-26T00:11:00Z,Minnesota Twins,Texas Rangers,matchbook,h2h_lay,Texas Rangers,,1.9
2026-09-25T21:13:17Z,scheduled,9f08a9d734982153de27326c32e8be0e,2026-09-26T00:11:00Z,Minnesota Twins,Texas Rangers,matchbook,spreads,Minnesota Twins,1.5,1.61
2026-09-25T21:13:17Z,scheduled,9f08a9d734982153de27326c32e8be0e,2026-09-26T00:11:00Z,Minnesota Twins,Texas Rangers,matchbook,spreads,Texas Rangers,-1.5,2.52
2026-09-25T21:13:17Z,scheduled,9f08a9d734982153de27326c32e8be0e,2026-09-26T00:11:00Z,Minnesota Twins,Texas Rangers,matchbook,totals,Over,7.5,2.14
2026-09-25T21:13:17Z,scheduled,9f08a9d734982153de27326c32e8be0e,2026-09-26T00:11:00Z,Minnesota Twins,Texas Rangers,matchbook,totals,Under,7.5,1.84
2026-09-25T21:13:17Z,scheduled,9f08a9d734982153de27326c32e8be0e,2026-09-26T00:11:00Z,Minnesota Twins,Texas Rangers,pinnacle,h2h,Minnesota Twins,,2.12
2026-09-25T21:13:17Z,scheduled,9f08a9d734982153de27326c32e8be0e,2026-09-26T00:11:00Z,Minnesota Twins,Texas Rangers,pinnacle,h2h,Texas Rangers,,1.83
2026-09-25T21:13:17Z,scheduled,9f08a9d734982153de27326c32e8be0e,2026-09-26T00:11:00Z,Minnesota Twins,Texas Rangers,pinnacle,spreads,Minnesota Twins,1.5,1.61
2026-09-25T21:13:17Z,scheduled,9f08a9d734982153de27326c32e8be0e,2026-09-26T00:11:00Z,Minnesota Twins,Texas Rangers,pinnacle,spreads,Texas Rangers,-1.5,2.46
2026-09-25T21:13:17Z,scheduled,9f08a9d734982153de27326c32e8be0e,2026-09-26T00:11:00Z,Minnesota Twins,Texas Rangers,pinnacle,totals,Over,7.0,1.84
2026-09-25T21:13:17Z,scheduled,9f08a9d734982153de27326c32e8be0e,2026-09-26T00:11:00Z,Minnesota Twins,Texas Rangers,pinnacle,totals,Under,7.0,2.06
2026-09-25T21:13:17Z,scheduled,9f08a9d734982153de27326c32e8be0e,2026-09-26T00:11:00Z,Minnesota Twins,Texas Rangers,betmgm,h2h,Minnesota Twins,,2.05
2026-09-25T21:13:17Z,scheduled,9f08a9d734982153de27326c32e8be0e,2026-09-26T00:11:00Z,Minnesota Twins,Texas Rangers,betmgm,h2h,Texas Rangers,,1.8
2026-09-25T21:13:17Z,scheduled,9f08a9d734982153de27326c32e8be0e,2026-09-26T00:11:00Z,Minnesota Twins,Texas Rangers,betmgm,totals,Over,7.5,2.05
2026-09-25T21:13:17Z,scheduled,9f08a9d734982153de27326c32e8be0e,2026-09-26T00:11:00Z,Minnesota Twins,Texas Rangers,betmgm,totals,Under,7.5,1.77
2026-09-25T21:13:17Z,scheduled,9f08a9d734982153de27326c32e8be0e,2026-09-26T00:11:00Z,Minnesota Twins,Texas Rangers,betrivers,h2h,Minnesota Twins,,1.95
2026-09-25T21:13:17Z,scheduled,9f08a9d734982153de27326c32e8be0e,2026-09-26T00:11:00Z,Minnesota Twins,Texas Rangers,betrivers,h2h,Texas Rangers,,1.88
2026-09-25T21:13:17Z,scheduled,9f08a9d734982153de27326c32e8be0e,2026-09-26T00:11:00Z,Minnesota Twins,Texas Rangers,betrivers,spreads,Minnesota Twins,1.5,1.56
2026-09-25T21:13:17Z,scheduled,9f08a9d734982153de27326c32e8be0e,2026-09-26T00:11:00Z,Minnesota Twins,Texas Rangers,betrivers,spreads,Texas Rangers,-1.5,2.43
2026-09-25T21:13:17Z,scheduled,9f08a9d734982153de27326c32e8be0e,2026-09-26T00:11:00Z,Minnesota Twins,Texas Rangers,betrivers,totals,Over,7.0,1.81
2026-09-25T21:13:17Z,scheduled,9f08a9d734982153de27326c32e8be0e,2026-09-26T00:11:00Z,Minnesota Twins,Texas Rangers,betrivers,totals,Under,7.0,1.88
2026-09-25T21:13:17Z,scheduled,9f08a9d734982153de27326c32e8be0e,2026-09-26T00:11:00Z,Minnesota Twins,Texas Rangers,betfair_ex_eu,h2h,Minnesota Twins,,2.1
2026-09-25T21:13:17Z,scheduled,9f08a9d734982153de27326c32e8be0e,2026-09-26T00:11:00Z,Minnesota Twins,Texas Rangers,betfair_ex_eu,h2h,Texas Rangers,,1.88
2026-09-25T21:13:17Z,scheduled,9f08a9d734982153de27326c32e8be0e,2026-09-26T00:11:00Z,Minnesota Twins,Texas Rangers,betfair_ex_eu,h2h_lay,Minnesota Twins,,2.14
2026-09-25T21:13:17Z,scheduled,9f08a9d734982153de27326c32e8be0e,2026-09-26T00:11:00Z,Minnesota Twins,Texas Rangers,betfair_ex_eu,h2h_lay,Texas Rangers,,1.9
2026-09-25T21:13:17Z,scheduled,eb8b9160f66fc6d5f6bd58bf4a888011,2026-09-26T01:41:00Z,San Diego Padres,Arizona Diamondbacks,fanduel,h2h,Arizona Diamondbacks,,2.14
2026-09-25T21:13:17Z,scheduled,eb8b9160f66fc6d5f6bd58bf4a888011,2026-09-26T01:41:00Z,San Diego Padres,Arizona Diamondbacks,fanduel,h2h,San Diego Padres,,1.75
2026-09-25T21:13:17Z,scheduled,eb8b9160f66fc6d5f6bd58bf4a888011,2026-09-26T01:41:00Z,San Diego Padres,Arizona Diamondbacks,fanduel,spreads,Arizona Diamondbacks,1.5,1.52
2026-09-25T21:13:17Z,scheduled,eb8b9160f66fc6d5f6bd58bf4a888011,2026-09-26T01:41:00Z,San Diego Padres,Arizona Diamondbacks,fanduel,spreads,San Diego Padres,-1.5,2.6
2026-09-25T21:13:17Z,scheduled,eb8b9160f66fc6d5f6bd58bf4a888011,2026-09-26T01:41:00Z,San Diego Padres,Arizona Diamondbacks,fanduel,totals,Over,7.5,1.87
2026-09-25T21:13:17Z,scheduled,eb8b9160f66fc6d5f6bd58bf4a888011,2026-09-26T01:41:00Z,San Diego Padres,Arizona Diamondbacks,fanduel,totals,Under,7.5,1.95
2026-09-25T21:13:17Z,scheduled,eb8b9160f66fc6d5f6bd58bf4a888011,2026-09-26T01:41:00Z,San Diego Padres,Arizona Diamondbacks,betsson,h2h,Arizona Diamondbacks,,2.07
2026-09-25T21:13:17Z,scheduled,eb8b9160f66fc6d5f6bd58bf4a888011,2026-09-26T01:41:00Z,San Diego Padres,Arizona Diamondbacks,betsson,h2h,San Diego Padres,,1.76
2026-09-25T21:13:17Z,scheduled,eb8b9160f66fc6d5f6bd58bf4a888011,2026-09-26T01:41:00Z,San Diego Padres,Arizona Diamondbacks,betsson,spreads,Arizona Diamondbacks,1.5,1.53
2026-09-25T21:13:17Z,scheduled,eb8b9160f66fc6d5f6bd58bf4a888011,2026-09-26T01:41:00Z,San Diego Padres,Arizona Diamondbacks,betsson,spreads,San Diego Padres,-1.5,2.45
2026-09-25T21:13:17Z,scheduled,eb8b9160f66fc6d5f6bd58bf4a888011,2026-09-26T01:41:00Z,San Diego Padres,Arizona Diamondbacks,betsson,totals,Over,8.0,1.93
2026-09-25T21:13:17Z,scheduled,eb8b9160f66fc6d5f6bd58bf4a888011,2026-09-26T01:41:00Z,San Diego Padres,Arizona Diamondbacks,betsson,totals,Under,8.0,1.83
2026-09-25T21:13:17Z,scheduled,eb8b9160f66fc6d5f6bd58bf4a888011,2026-09-26T01:41:00Z,San Diego Padres,Arizona Diamondbacks,draftkings,h2h,Arizona Diamondbacks,,2.13
2026-09-25T21:13:17Z,scheduled,eb8b9160f66fc6d5f6bd58bf4a888011,2026-09-26T01:41:00Z,San Diego Padres,Arizona Diamondbacks,draftkings,h2h,San Diego Padres,,1.74
2026-09-25T21:13:17Z,scheduled,eb8b9160f66fc6d5f6bd58bf4a888011,2026-09-26T01:41:00Z,San Diego Padres,Arizona Diamondbacks,draftkings,spreads,Arizona Diamondbacks,1.5,1.52
2026-09-25T21:13:17Z,scheduled,eb8b9160f66fc6d5f6bd58bf4a888011,2026-09-26T01:41:00Z,San Diego Padres,Arizona Diamondbacks,draftkings,spreads,San Diego Padres,-1.5,2.58
2026-09-25T21:13:17Z,scheduled,eb8b9160f66fc6d5f6bd58bf4a888011,2026-09-26T01:41:00Z,San Diego Padres,Arizona Diamondbacks,draftkings,totals,Over,7.5,1.87
2026-09-25T21:13:17Z,scheduled,eb8b9160f66fc6d5f6bd58bf4a888011,2026-09-26T01:41:00Z,San Diego Padres,Arizona Diamondbacks,draftkings,totals,Under,7.5,1.95
2026-09-25T21:13:17Z,scheduled,eb8b9160f66fc6d5f6bd58bf4a888011,2026-09-26T01:41:00Z,San Diego Padres,Arizona Diamondbacks,coolbet,h2h,Arizona Diamondbacks,,2.12
2026-09-25T21:13:17Z,scheduled,eb8b9160f66fc6d5f6bd58bf4a888011,2026-09-26T01:41:00Z,San Diego Padres,Arizona Diamondbacks,coolbet,h2h,San Diego Padres,,1.73
2026-09-25T21:13:17Z,scheduled,eb8b9160f66fc6d5f6bd58bf4a888011,2026-09-26T01:41:00Z,San Diego Padres,Arizona Diamondbacks,coolbet,spreads,Arizona Diamondbacks,1.5,1.5
2026-09-25T21:13:17Z,scheduled,eb8b9160f66fc6d5f6bd58bf4a888011,2026-09-26T01:41:00Z,San Diego Padres,Arizona Diamondbacks,coolbet,spreads,San Diego Padres,-1.5,2.6
2026-09-25T21:13:17Z,scheduled,eb8b9160f66fc6d5f6bd58bf4a888011,2026-09-26T01:41:00Z,San Diego Padres,Arizona Diamondbacks,coolbet,totals,Over,7.5,1.89
2026-09-25T21:13:17Z,scheduled,eb8b9160f66fc6d5f6bd58bf4a888011,2026-09-26T01:41:00Z,San Diego Padres,Arizona Diamondbacks,coolbet,totals,Under,7.5,1.92
2026-09-25T21:13:17Z,scheduled,eb8b9160f66fc6d5f6bd58bf4a888011,2026-09-26T01:41:00Z,San Diego Padres,Arizona Diamondbacks,betmgm,h2h,Arizona Diamondbacks,,2.1
2026-09-25T21:13:17Z,scheduled,eb8b9160f66fc6d5f6bd58bf4a888011,2026-09-26T01:41:00Z,San Diego Padres,Arizona Diamondbacks,betmgm,h2h,San Diego Padres,,1.74
2026-09-25T21:13:17Z,scheduled,eb8b9160f66fc6d5f6bd58bf4a888011,2026-09-26T01:41:00Z,San Diego Padres,Arizona Diamondbacks,betmgm,spreads,Arizona Diamondbacks,1.5,1.53
2026-09-25T21:13:17Z,scheduled,eb8b9160f66fc6d5f6bd58bf4a888011,2026-09-26T01:41:00Z,San Diego Padres,Arizona Diamondbacks,betmgm,spreads,San Diego Padres,-1.5,2.55
2026-09-25T21:13:17Z,scheduled,eb8b9160f66fc6d5f6bd58bf4a888011,2026-09-26T01:41:00Z,San Diego Padres,Arizona Diamondbacks,betmgm,totals,Over,7.5,1.87
2026-09-25T21:13:17Z,scheduled,eb8b9160f66fc6d5f6bd58bf4a888011,2026-09-26T01:41:00Z,San Diego Padres,Arizona Diamondbacks,betmgm,totals,Under,7.5,1.95
2026-09-25T21:13:17Z,scheduled,eb8b9160f66fc6d5f6bd58bf4a888011,2026-09-26T01:41:00Z,San Diego Padres,Arizona Diamondbacks,betrivers,h2h,Arizona Diamondbacks,,2.1
2026-09-25T21:13:17Z,scheduled,eb8b9160f66fc6d5f6bd58bf4a888011,2026-09-26T01:41:00Z,San Diego Padres,Arizona Diamondbacks,betrivers,h2h,San Diego Padres,,1.76
2026-09-25T21:13:17Z,scheduled,eb8b9160f66fc6d5f6bd58bf4a888011,2026-09-26T01:41:00Z,San Diego Padres,Arizona Diamondbacks,betrivers,spreads,Arizona Diamondbacks,1.5,1.55
2026-09-25T21:13:17Z,scheduled,eb8b9160f66fc6d5f6bd58bf4a888011,2026-09-26T01:41:00Z,San Diego Padres,Arizona Diamondbacks,betrivers,spreads,San Diego Padres,-1.5,2.48
2026-09-25T21:13:17Z,scheduled,eb8b9160f66fc6d5f6bd58bf4a888011,2026-09-26T01:41:00Z,San Diego Padres,Arizona Diamondbacks,betrivers,totals,Over,7.5,1.91
2026-09-25T21:13:17Z,scheduled,eb8b9160f66fc6d5f6bd58bf4a888011,2026-09-26T01:41:00Z,San Diego Padres,Arizona Diamondbacks,betrivers,totals,Under,7.5,1.89
2026-09-25T21:13:17Z,scheduled,eb8b9160f66fc6d5f6bd58bf4a888011,2026-09-26T01:41:00Z,San Diego Padres,Arizona Diamondbacks,betfair_ex_eu,h2h,Arizona Diamondbacks,,2.16
2026-09-25T21:13:17Z,scheduled,eb8b9160f66fc6d5f6bd58bf4a888011,2026-09-26T01:41:00Z,San Diego Padres,Arizona Diamondbacks,betfair_ex_eu,h2h,San Diego Padres,,1.83
2026-09-25T21:13:17Z,scheduled,eb8b9160f66fc6d5f6bd58bf4a888011,2026-09-26T01:41:00Z,San Diego Padres,Arizona Diamondbacks,betfair_ex_eu,h2h_lay,Arizona Diamondbacks,,2.22
2026-09-25T21:13:17Z,scheduled,eb8b9160f66fc6d5f6bd58bf4a888011,2026-09-26T01:41:00Z,San Diego Padres,Arizona Diamondbacks,betfair_ex_eu,h2h_lay,San Diego Padres,,1.85
2026-09-25T21:13:17Z,scheduled,eb8b9160f66fc6d5f6bd58bf4a888011,2026-09-26T01:41:00Z,San Diego Padres,Arizona Diamondbacks,matchbook,h2h,Arizona Diamondbacks,,2.16
2026-09-25T21:13:17Z,scheduled,eb8b9160f66fc6d5f6bd58bf4a888011,2026-09-26T01:41:00Z,San Diego Padres,Arizona Diamondbacks,matchbook,h2h,San Diego Padres,,1.83
2026-09-25T21:13:17Z,scheduled,eb8b9160f66fc6d5f6bd58bf4a888011,2026-09-26T01:41:00Z,San Diego Padres,Arizona Diamondbacks,matchbook,h2h_lay,Arizona Diamondbacks,,2.22
2026-09-25T21:13:17Z,scheduled,eb8b9160f66fc6d5f6bd58bf4a888011,2026-09-26T01:41:00Z,San Diego Padres,Arizona Diamondbacks,matchbook,h2h_lay,San Diego Padres,,1.85
2026-09-25T21:13:17Z,scheduled,eb8b9160f66fc6d5f6bd58bf4a888011,2026-09-26T01:41:00Z,San Diego Padres,Arizona Diamondbacks,matchbook,spreads,Arizona Diamondbacks,1.5,1.55
2026-09-25T21:13:17Z,scheduled,eb8b9160f66fc6d5f6bd58bf4a888011,2026-09-26T01:41:00Z,San Diego Padres,Arizona Diamondbacks,matchbook,spreads,San Diego Padres,-1.5,2.7
2026-09-25T21:13:17Z,scheduled,eb8b9160f66fc6d5f6bd58bf4a888011,2026-09-26T01:41:00Z,San Diego Padres,Arizona Diamondbacks,matchbook,totals,Over,7.5,1.89
2026-09-25T21:13:17Z,scheduled,eb8b9160f66fc6d5f6bd58bf4a888011,2026-09-26T01:41:00Z,San Diego Padres,Arizona Diamondbacks,matchbook,totals,Under,7.5,2.04
2026-09-25T21:13:17Z,scheduled,eb8b9160f66fc6d5f6bd58bf4a888011,2026-09-26T01:41:00Z,San Diego Padres,Arizona Diamondbacks,pinnacle,h2h,Arizona Diamondbacks,,2.16
2026-09-25T21:13:17Z,scheduled,eb8b9160f66fc6d5f6bd58bf4a888011,2026-09-26T01:41:00Z,San Diego Padres,Arizona Diamondbacks,pinnacle,h2h,San Diego Padres,,1.79
2026-09-25T21:13:17Z,scheduled,eb8b9160f66fc6d5f6bd58bf4a888011,2026-09-26T01:41:00Z,San Diego Padres,Arizona Diamondbacks,pinnacle,spreads,Arizona Diamondbacks,1.5,1.55
2026-09-25T21:13:17Z,scheduled,eb8b9160f66fc6d5f6bd58bf4a888011,2026-09-26T01:41:00Z,San Diego Padres,Arizona Diamondbacks,pinnacle,spreads,San Diego Padres,-1.5,2.63
2026-09-25T21:13:17Z,scheduled,eb8b9160f66fc6d5f6bd58bf4a888011,2026-09-26T01:41:00Z,San Diego Padres,Arizona Diamondbacks,pinnacle,totals,Over,7.5,1.87
2026-09-25T21:13:17Z,scheduled,eb8b9160f66fc6d5f6bd58bf4a888011,2026-09-26T01:41:00Z,San Diego Padres,Arizona Diamondbacks,pinnacle,totals,Under,7.5,2.02
2026-09-25T21:13:17Z,scheduled,de8bbf8d379bf416df612c557ddd338a,2026-09-26T01:41:00Z,Athletics,Houston Astros,fanduel,h2h,Athletics,,2.52
2026-09-25T21:13:17Z,scheduled,de8bbf8d379bf416df612c557ddd338a,2026-09-26T01:41:00Z,Athletics,Houston Astros,fanduel,h2h,Houston Astros,,1.56
2026-09-25T21:13:17Z,scheduled,de8bbf8d379bf416df612c557ddd338a,2026-09-26T01:41:00Z,Athletics,Houston Astros,fanduel,spreads,Athletics,1.5,1.94
2026-09-25T21:13:17Z,scheduled,de8bbf8d379bf416df612c557ddd338a,2026-09-26T01:41:00Z,Athletics,Houston Astros,fanduel,spreads,Houston Astros,-1.5,1.88
2026-09-25T21:13:17Z,scheduled,de8bbf8d379bf416df612c557ddd338a,2026-09-26T01:41:00Z,Athletics,Houston Astros,fanduel,totals,Over,9.5,2.04
2026-09-25T21:13:17Z,scheduled,de8bbf8d379bf416df612c557ddd338a,2026-09-26T01:41:00Z,Athletics,Houston Astros,fanduel,totals,Under,9.5,1.78
2026-09-25T21:13:17Z,scheduled,de8bbf8d379bf416df612c557ddd338a,2026-09-26T01:41:00Z,Athletics,Houston Astros,betfair_ex_eu,h2h,Athletics,,2.66
2026-09-25T21:13:17Z,scheduled,de8bbf8d379bf416df612c557ddd338a,2026-09-26T01:41:00Z,Athletics,Houston Astros,betfair_ex_eu,h2h,Houston Astros,,1.59
2026-09-25T21:13:17Z,scheduled,de8bbf8d379bf416df612c557ddd338a,2026-09-26T01:41:00Z,Athletics,Houston Astros,betfair_ex_eu,h2h_lay,Athletics,,2.7
2026-09-25T21:13:17Z,scheduled,de8bbf8d379bf416df612c557ddd338a,2026-09-26T01:41:00Z,Athletics,Houston Astros,betfair_ex_eu,h2h_lay,Houston Astros,,1.6
2026-09-25T21:13:17Z,scheduled,de8bbf8d379bf416df612c557ddd338a,2026-09-26T01:41:00Z,Athletics,Houston Astros,coolbet,h2h,Athletics,,2.5
2026-09-25T21:13:17Z,scheduled,de8bbf8d379bf416df612c557ddd338a,2026-09-26T01:41:00Z,Athletics,Houston Astros,coolbet,h2h,Houston Astros,,1.54
2026-09-25T21:13:17Z,scheduled,de8bbf8d379bf416df612c557ddd338a,2026-09-26T01:41:00Z,Athletics,Houston Astros,coolbet,spreads,Athletics,1.5,1.92
2026-09-25T21:13:17Z,scheduled,de8bbf8d379bf416df612c557ddd338a,2026-09-26T01:41:00Z,Athletics,Houston Astros,coolbet,spreads,Houston Astros,-1.5,1.89
2026-09-25T21:13:17Z,scheduled,de8bbf8d379bf416df612c557ddd338a,2026-09-26T01:41:00Z,Athletics,Houston Astros,coolbet,totals,Over,9.0,1.89
2026-09-25T21:13:17Z,scheduled,de8bbf8d379bf416df612c557ddd338a,2026-09-26T01:41:00Z,Athletics,Houston Astros,coolbet,totals,Under,9.0,1.92
2026-09-25T21:13:17Z,scheduled,de8bbf8d379bf416df612c557ddd338a,2026-09-26T01:41:00Z,Athletics,Houston Astros,betsson,h2h,Athletics,,2.48
2026-09-25T21:13:17Z,scheduled,de8bbf8d379bf416df612c557ddd338a,2026-09-26T01:41:00Z,Athletics,Houston Astros,betsson,h2h,Houston Astros,,1.54
2026-09-25T21:13:17Z,scheduled,de8bbf8d379bf416df612c557ddd338a,2026-09-26T01:41:00Z,Athletics,Houston Astros,betsson,spreads,Athletics,1.5,1.87
2026-09-25T21:13:17Z,scheduled,de8bbf8d379bf416df612c557ddd338a,2026-09-26T01:41:00Z,Athletics,Houston Astros,betsson,spreads,Houston Astros,-1.5,1.89
2026-09-25T21:13:17Z,scheduled,de8bbf8d379bf416df612c557ddd338a,2026-09-26T01:41:00Z,Athletics,Houston Astros,betsson,totals,Over,9.0,1.86
2026-09-25T21:13:17Z,scheduled,de8bbf8d379bf416df612c557ddd338a,2026-09-26T01:41:00Z,Athletics,Houston Astros,betsson,totals,Under,9.0,1.9
2026-09-25T21:13:17Z,scheduled,de8bbf8d379bf416df612c557ddd338a,2026-09-26T01:41:00Z,Athletics,Houston Astros,matchbook,h2h,Athletics,,2.68
2026-09-25T21:13:17Z,scheduled,de8bbf8d379bf416df612c557ddd338a,2026-09-26T01:41:00Z,Athletics,Houston Astros,matchbook,h2h,Houston Astros,,1.59
2026-09-25T21:13:17Z,scheduled,de8bbf8d379bf416df612c557ddd338a,2026-09-26T01:41:00Z,Athletics,Houston Astros,matchbook,h2h_lay,Athletics,,2.7
2026-09-25T21:13:17Z,scheduled,de8bbf8d379bf416df612c557ddd338a,2026-09-26T01:41:00Z,Athletics,Houston Astros,matchbook,h2h_lay,Houston Astros,,1.6
2026-09-25T21:13:17Z,scheduled,de8bbf8d379bf416df612c557ddd338a,2026-09-26T01:41:00Z,Athletics,Houston Astros,matchbook,spreads,Athletics,1.5,1.97
2026-09-25T21:13:17Z,scheduled,de8bbf8d379bf416df612c557ddd338a,2026-09-26T01:41:00Z,Athletics,Houston Astros,matchbook,spreads,Houston Astros,-1.5,1.96
2026-09-25T21:13:17Z,scheduled,de8bbf8d379bf416df612c557ddd338a,2026-09-26T01:41:00Z,Athletics,Houston Astros,matchbook,totals,Over,9.5,2.16
2026-09-25T21:13:17Z,scheduled,de8bbf8d379bf416df612c557ddd338a,2026-09-26T01:41:00Z,Athletics,Houston Astros,matchbook,totals,Under,9.5,1.78
2026-09-25T21:13:17Z,scheduled,de8bbf8d379bf416df612c557ddd338a,2026-09-26T01:41:00Z,Athletics,Houston Astros,betrivers,h2h,Athletics,,2.5
2026-09-25T21:13:17Z,scheduled,de8bbf8d379bf416df612c557ddd338a,2026-09-26T01:41:00Z,Athletics,Houston Astros,betrivers,h2h,Houston Astros,,1.55
2026-09-25T21:13:17Z,scheduled,de8bbf8d379bf416df612c557ddd338a,2026-09-26T01:41:00Z,Athletics,Houston Astros,betrivers,spreads,Athletics,1.5,1.97
2026-09-25T21:13:17Z,scheduled,de8bbf8d379bf416df612c557ddd338a,2026-09-26T01:41:00Z,Athletics,Houston Astros,betrivers,spreads,Houston Astros,-1.5,1.83
2026-09-25T21:13:17Z,scheduled,de8bbf8d379bf416df612c557ddd338a,2026-09-26T01:41:00Z,Athletics,Houston Astros,betrivers,totals,Over,9.0,1.8
2026-09-25T21:13:17Z,scheduled,de8bbf8d379bf416df612c557ddd338a,2026-09-26T01:41:00Z,Athletics,Houston Astros,betrivers,totals,Under,9.0,1.87
2026-09-25T21:13:17Z,scheduled,de8bbf8d379bf416df612c557ddd338a,2026-09-26T01:41:00Z,Athletics,Houston Astros,draftkings,h2h,Athletics,,2.52
2026-09-25T21:13:17Z,scheduled,de8bbf8d379bf416df612c557ddd338a,2026-09-26T01:41:00Z,Athletics,Houston Astros,draftkings,h2h,Houston Astros,,1.54
2026-09-25T21:13:17Z,scheduled,de8bbf8d379bf416df612c557ddd338a,2026-09-26T01:41:00Z,Athletics,Houston Astros,draftkings,spreads,Athletics,1.5,1.9
2026-09-25T21:13:17Z,scheduled,de8bbf8d379bf416df612c557ddd338a,2026-09-26T01:41:00Z,Athletics,Houston Astros,draftkings,spreads,Houston Astros,-1.5,1.92
2026-09-25T21:13:17Z,scheduled,de8bbf8d379bf416df612c557ddd338a,2026-09-26T01:41:00Z,Athletics,Houston Astros,draftkings,totals,Over,9.0,1.92
2026-09-25T21:13:17Z,scheduled,de8bbf8d379bf416df612c557ddd338a,2026-09-26T01:41:00Z,Athletics,Houston Astros,draftkings,totals,Under,9.0,1.9
2026-09-25T21:13:17Z,scheduled,de8bbf8d379bf416df612c557ddd338a,2026-09-26T01:41:00Z,Athletics,Houston Astros,betmgm,h2h,Athletics,,2.5
2026-09-25T21:13:17Z,scheduled,de8bbf8d379bf416df612c557ddd338a,2026-09-26T01:41:00Z,Athletics,Houston Astros,betmgm,h2h,Houston Astros,,1.54
2026-09-25T21:13:17Z,scheduled,de8bbf8d379bf416df612c557ddd338a,2026-09-26T01:41:00Z,Athletics,Houston Astros,betmgm,spreads,Athletics,1.5,1.91
2026-09-25T21:13:17Z,scheduled,de8bbf8d379bf416df612c557ddd338a,2026-09-26T01:41:00Z,Athletics,Houston Astros,betmgm,spreads,Houston Astros,-1.5,1.91
2026-09-25T21:13:17Z,scheduled,de8bbf8d379bf416df612c557ddd338a,2026-09-26T01:41:00Z,Athletics,Houston Astros,betmgm,totals,Over,9.0,1.87
2026-09-25T21:13:17Z,scheduled,de8bbf8d379bf416df612c557ddd338a,2026-09-26T01:41:00Z,Athletics,Houston Astros,betmgm,totals,Under,9.0,1.95
2026-09-25T21:13:17Z,scheduled,de8bbf8d379bf416df612c557ddd338a,2026-09-26T01:41:00Z,Athletics,Houston Astros,pinnacle,h2h,Athletics,,2.58
2026-09-25T21:13:17Z,scheduled,de8bbf8d379bf416df612c557ddd338a,2026-09-26T01:41:00Z,Athletics,Houston Astros,pinnacle,h2h,Houston Astros,,1.58
2026-09-25T21:13:17Z,scheduled,de8bbf8d379bf416df612c557ddd338a,2026-09-26T01:41:00Z,Athletics,Houston Astros,pinnacle,spreads,Athletics,1.5,1.94
2026-09-25T21:13:17Z,scheduled,de8bbf8d379bf416df612c557ddd338a,2026-09-26T01:41:00Z,Athletics,Houston Astros,pinnacle,spreads,Houston Astros,-1.5,1.96
2026-09-25T21:13:17Z,scheduled,de8bbf8d379bf416df612c557ddd338a,2026-09-26T01:41:00Z,Athletics,Houston Astros,pinnacle,totals,Over,9.0,1.94
2026-09-25T21:13:17Z,scheduled,de8bbf8d379bf416df612c557ddd338a,2026-09-26T01:41:00Z,Athletics,Houston Astros,pinnacle,totals,Under,9.0,1.94
2026-09-25T21:13:17Z,scheduled,60b3d02ac77cf6a81e234358cfe187bb,2026-09-26T02:11:00Z,Seattle Mariners,Los Angeles Angels,fanduel,h2h,Los Angeles Angels,,2.02
2026-09-25T21:13:17Z,scheduled,60b3d02ac77cf6a81e234358cfe187bb,2026-09-26T02:11:00Z,Seattle Mariners,Los Angeles Angels,fanduel,h2h,Seattle Mariners,,1.83
2026-09-25T21:13:17Z,scheduled,60b3d02ac77cf6a81e234358cfe187bb,2026-09-26T02:11:00Z,Seattle Mariners,Los Angeles Angels,fanduel,spreads,Los Angeles Angels,-1.5,2.84
2026-09-25T21:13:17Z,scheduled,60b3d02ac77cf6a81e234358cfe187bb,2026-09-26T02:11:00Z,Seattle Mariners,Los Angeles Angels,fanduel,spreads,Seattle Mariners,1.5,1.44
2026-09-25T21:13:17Z,scheduled,60b3d02ac77cf6a81e234358cfe187bb,2026-09-26T02:11:00Z,Seattle Mariners,Los Angeles Angels,fanduel,totals,Over,6.5,1.85
2026-09-25T21:13:17Z,scheduled,60b3d02ac77cf6a81e234358cfe187bb,2026-09-26T02:11:00Z,Seattle Mariners,Los Angeles Angels,fanduel,totals,Under,6.5,1.96
2026-09-25T21:13:17Z,scheduled,60b3d02ac77cf6a81e234358cfe187bb,2026-09-26T02:11:00Z,Seattle Mariners,Los Angeles Angels,coolbet,h2h,Los Angeles Angels,,2.0
2026-09-25T21:13:17Z,scheduled,60b3d02ac77cf6a81e234358cfe187bb,2026-09-26T02:11:00Z,Seattle Mariners,Los Angeles Angels,coolbet,h2h,Seattle Mariners,,1.82
2026-09-25T21:13:17Z,scheduled,60b3d02ac77cf6a81e234358cfe187bb,2026-09-26T02:11:00Z,Seattle Mariners,Los Angeles Angels,coolbet,spreads,Los Angeles Angels,1.5,1.45
2026-09-25T21:13:17Z,scheduled,60b3d02ac77cf6a81e234358cfe187bb,2026-09-26T02:11:00Z,Seattle Mariners,Los Angeles Angels,coolbet,spreads,Seattle Mariners,-1.5,2.78
2026-09-25T21:13:17Z,scheduled,60b3d02ac77cf6a81e234358cfe187bb,2026-09-26T02:11:00Z,Seattle Mariners,Los Angeles Angels,coolbet,totals,Over,6.5,1.85
2026-09-25T21:13:17Z,scheduled,60b3d02ac77cf6a81e234358cfe187bb,2026-09-26T02:11:00Z,Seattle Mariners,Los Angeles Angels,coolbet,totals,Under,6.5,1.96
2026-09-25T21:13:17Z,scheduled,60b3d02ac77cf6a81e234358cfe187bb,2026-09-26T02:11:00Z,Seattle Mariners,Los Angeles Angels,betsson,h2h,Los Angeles Angels,,1.98
2026-09-25T21:13:17Z,scheduled,60b3d02ac77cf6a81e234358cfe187bb,2026-09-26T02:11:00Z,Seattle Mariners,Los Angeles Angels,betsson,h2h,Seattle Mariners,,1.83
2026-09-25T21:13:17Z,scheduled,60b3d02ac77cf6a81e234358cfe187bb,2026-09-26T02:11:00Z,Seattle Mariners,Los Angeles Angels,betsson,spreads,Los Angeles Angels,1.5,1.43
2026-09-25T21:13:17Z,scheduled,60b3d02ac77cf6a81e234358cfe187bb,2026-09-26T02:11:00Z,Seattle Mariners,Los Angeles Angels,betsson,spreads,Seattle Mariners,-1.5,2.75
2026-09-25T21:13:17Z,scheduled,60b3d02ac77cf6a81e234358cfe187bb,2026-09-26T02:11:00Z,Seattle Mariners,Los Angeles Angels,betsson,totals,Over,7.0,1.97
2026-09-25T21:13:17Z,scheduled,60b3d02ac77cf6a81e234358cfe187bb,2026-09-26T02:11:00Z,Seattle Mariners,Los Angeles Angels,betsson,totals,Under,7.0,1.8
2026-09-25T21:13:17Z,scheduled,60b3d02ac77cf6a81e234358cfe187bb,2026-09-26T02:11:00Z,Seattle Mariners,Los Angeles Angels,draftkings,h2h,Los Angeles Angels,,2.02
2026-09-25T21:13:17Z,scheduled,60b3d02ac77cf6a81e234358cfe187bb,2026-09-26T02:11:00Z,Seattle Mariners,Los Angeles Angels,draftkings,h2h,Seattle Mariners,,1.81
2026-09-25T21:13:17Z,scheduled,60b3d02ac77cf6a81e234358cfe187bb,2026-09-26T02:11:00Z,Seattle Mariners,Los Angeles Angels,draftkings,spreads,Los Angeles Angels,1.5,1.45
2026-09-25T21:13:17Z,scheduled,60b3d02ac77cf6a81e234358cfe187bb,2026-09-26T02:11:00Z,Seattle Mariners,Los Angeles Angels,draftkings,spreads,Seattle Mariners,-1.5,2.79
2026-09-25T21:13:17Z,scheduled,60b3d02ac77cf6a81e234358cfe187bb,2026-09-26T02:11:00Z,Seattle Mariners,Los Angeles Angels,draftkings,totals,Over,6.5,1.85
2026-09-25T21:13:17Z,scheduled,60b3d02ac77cf6a81e234358cfe187bb,2026-09-26T02:11:00Z,Seattle Mariners,Los Angeles Angels,draftkings,totals,Under,6.5,1.98
2026-09-25T21:13:17Z,scheduled,60b3d02ac77cf6a81e234358cfe187bb,2026-09-26T02:11:00Z,Seattle Mariners,Los Angeles Angels,betmgm,h2h,Los Angeles Angels,,2.0
2026-09-25T21:13:17Z,scheduled,60b3d02ac77cf6a81e234358cfe187bb,2026-09-26T02:11:00Z,Seattle Mariners,Los Angeles Angels,betmgm,h2h,Seattle Mariners,,1.83
2026-09-25T21:13:17Z,scheduled,60b3d02ac77cf6a81e234358cfe187bb,2026-09-26T02:11:00Z,Seattle Mariners,Los Angeles Angels,betmgm,spreads,Los Angeles Angels,1.5,1.5
2026-09-25T21:13:17Z,scheduled,60b3d02ac77cf6a81e234358cfe187bb,2026-09-26T02:11:00Z,Seattle Mariners,Los Angeles Angels,betmgm,spreads,Seattle Mariners,-1.5,2.65
2026-09-25T21:13:17Z,scheduled,60b3d02ac77cf6a81e234358cfe187bb,2026-09-26T02:11:00Z,Seattle Mariners,Los Angeles Angels,betmgm,totals,Over,6.5,1.8
2026-09-25T21:13:17Z,scheduled,60b3d02ac77cf6a81e234358cfe187bb,2026-09-26T02:11:00Z,Seattle Mariners,Los Angeles Angels,betmgm,totals,Under,6.5,2.05
2026-09-25T21:13:17Z,scheduled,60b3d02ac77cf6a81e234358cfe187bb,2026-09-26T02:11:00Z,Seattle Mariners,Los Angeles Angels,pinnacle,h2h,Los Angeles Angels,,2.05
2026-09-25T21:13:17Z,scheduled,60b3d02ac77cf6a81e234358cfe187bb,2026-09-26T02:11:00Z,Seattle Mariners,Los Angeles Angels,pinnacle,h2h,Seattle Mariners,,1.88
2026-09-25T21:13:17Z,scheduled,60b3d02ac77cf6a81e234358cfe187bb,2026-09-26T02:11:00Z,Seattle Mariners,Los Angeles Angels,pinnacle,spreads,Los Angeles Angels,1.5,1.47
2026-09-25T21:13:17Z,scheduled,60b3d02ac77cf6a81e234358cfe187bb,2026-09-26T02:11:00Z,Seattle Mariners,Los Angeles Angels,pinnacle,spreads,Seattle Mariners,-1.5,2.88
2026-09-25T21:13:17Z,scheduled,60b3d02ac77cf6a81e234358cfe187bb,2026-09-26T02:11:00Z,Seattle Mariners,Los Angeles Angels,pinnacle,totals,Over,6.5,1.87
2026-09-25T21:13:17Z,scheduled,60b3d02ac77cf6a81e234358cfe187bb,2026-09-26T02:11:00Z,Seattle Mariners,Los Angeles Angels,pinnacle,totals,Under,6.5,2.02
2026-09-25T21:13:17Z,scheduled,60b3d02ac77cf6a81e234358cfe187bb,2026-09-26T02:11:00Z,Seattle Mariners,Los Angeles Angels,matchbook,h2h,Los Angeles Angels,,2.08
2026-09-25T21:13:17Z,scheduled,60b3d02ac77cf6a81e234358cfe187bb,2026-09-26T02:11:00Z,Seattle Mariners,Los Angeles Angels,matchbook,h2h,Seattle Mariners,,1.9
2026-09-25T21:13:17Z,scheduled,60b3d02ac77cf6a81e234358cfe187bb,2026-09-26T02:11:00Z,Seattle Mariners,Los Angeles Angels,matchbook,h2h_lay,Los Angeles Angels,,2.12
2026-09-25T21:13:17Z,scheduled,60b3d02ac77cf6a81e234358cfe187bb,2026-09-26T02:11:00Z,Seattle Mariners,Los Angeles Angels,matchbook,h2h_lay,Seattle Mariners,,1.92
2026-09-25T21:13:17Z,scheduled,60b3d02ac77cf6a81e234358cfe187bb,2026-09-26T02:11:00Z,Seattle Mariners,Los Angeles Angels,matchbook,spreads,Los Angeles Angels,1.5,1.47
2026-09-25T21:13:17Z,scheduled,60b3d02ac77cf6a81e234358cfe187bb,2026-09-26T02:11:00Z,Seattle Mariners,Los Angeles Angels,matchbook,spreads,Seattle Mariners,-1.5,2.88
2026-09-25T21:13:17Z,scheduled,60b3d02ac77cf6a81e234358cfe187bb,2026-09-26T02:11:00Z,Seattle Mariners,Los Angeles Angels,matchbook,totals,Over,6.5,1.88
2026-09-25T21:13:17Z,scheduled,60b3d02ac77cf6a81e234358cfe187bb,2026-09-26T02:11:00Z,Seattle Mariners,Los Angeles Angels,matchbook,totals,Under,6.5,2.04
2026-09-25T21:13:17Z,scheduled,60b3d02ac77cf6a81e234358cfe187bb,2026-09-26T02:11:00Z,Seattle Mariners,Los Angeles Angels,betrivers,h2h,Los Angeles Angels,,2.05
2026-09-25T21:13:17Z,scheduled,60b3d02ac77cf6a81e234358cfe187bb,2026-09-26T02:11:00Z,Seattle Mariners,Los Angeles Angels,betrivers,h2h,Seattle Mariners,,1.8
2026-09-25T21:13:17Z,scheduled,60b3d02ac77cf6a81e234358cfe187bb,2026-09-26T02:11:00Z,Seattle Mariners,Los Angeles Angels,betrivers,spreads,Los Angeles Angels,1.5,1.5
2026-09-25T21:13:17Z,scheduled,60b3d02ac77cf6a81e234358cfe187bb,2026-09-26T02:11:00Z,Seattle Mariners,Los Angeles Angels,betrivers,spreads,Seattle Mariners,-1.5,2.6
2026-09-25T21:13:17Z,scheduled,60b3d02ac77cf6a81e234358cfe187bb,2026-09-26T02:11:00Z,Seattle Mariners,Los Angeles Angels,betrivers,totals,Over,6.5,1.88
2026-09-25T21:13:17Z,scheduled,60b3d02ac77cf6a81e234358cfe187bb,2026-09-26T02:11:00Z,Seattle Mariners,Los Angeles Angels,betrivers,totals,Under,6.5,1.93
2026-09-25T21:13:17Z,scheduled,60b3d02ac77cf6a81e234358cfe187bb,2026-09-26T02:11:00Z,Seattle Mariners,Los Angeles Angels,betfair_ex_eu,h2h,Los Angeles Angels,,2.08
2026-09-25T21:13:17Z,scheduled,60b3d02ac77cf6a81e234358cfe187bb,2026-09-26T02:11:00Z,Seattle Mariners,Los Angeles Angels,betfair_ex_eu,h2h,Seattle Mariners,,1.9
2026-09-25T21:13:17Z,scheduled,60b3d02ac77cf6a81e234358cfe187bb,2026-09-26T02:11:00Z,Seattle Mariners,Los Angeles Angels,betfair_ex_eu,h2h_lay,Los Angeles Angels,,2.12
2026-09-25T21:13:17Z,scheduled,60b3d02ac77cf6a81e234358cfe187bb,2026-09-26T02:11:00Z,Seattle Mariners,Los Angeles Angels,betfair_ex_eu,h2h_lay,Seattle Mariners,,1.92
2026-09-25T21:13:17Z,scheduled,e47efe97f629cae0287ca6f3ea6d6794,2026-09-26T02:16:00Z,San Francisco Giants,Los Angeles Dodgers,fanduel,h2h,Los Angeles Dodgers,,1.3
2026-09-25T21:13:17Z,scheduled,e47efe97f629cae0287ca6f3ea6d6794,2026-09-26T02:16:00Z,San Francisco Giants,Los Angeles Dodgers,fanduel,h2h,San Francisco Giants,,3.65
2026-09-25T21:13:17Z,scheduled,e47efe97f629cae0287ca6f3ea6d6794,2026-09-26T02:16:00Z,San Francisco Giants,Los Angeles Dodgers,fanduel,spreads,Los Angeles Dodgers,-1.5,1.59
2026-09-25T21:13:17Z,scheduled,e47efe97f629cae0287ca6f3ea6d6794,2026-09-26T02:16:00Z,San Francisco Giants,Los Angeles Dodgers,fanduel,spreads,San Francisco Giants,1.5,2.4
2026-09-25T21:13:17Z,scheduled,e47efe97f629cae0287ca6f3ea6d6794,2026-09-26T02:16:00Z,San Francisco Giants,Los Angeles Dodgers,fanduel,totals,Over,7.5,2.0
2026-09-25T21:13:17Z,scheduled,e47efe97f629cae0287ca6f3ea6d6794,2026-09-26T02:16:00Z,San Francisco Giants,Los Angeles Dodgers,fanduel,totals,Under,7.5,1.82
2026-09-25T21:13:17Z,scheduled,e47efe97f629cae0287ca6f3ea6d6794,2026-09-26T02:16:00Z,San Francisco Giants,Los Angeles Dodgers,coolbet,h2h,Los Angeles Dodgers,,1.3
2026-09-25T21:13:17Z,scheduled,e47efe97f629cae0287ca6f3ea6d6794,2026-09-26T02:16:00Z,San Francisco Giants,Los Angeles Dodgers,coolbet,h2h,San Francisco Giants,,3.55
2026-09-25T21:13:17Z,scheduled,e47efe97f629cae0287ca6f3ea6d6794,2026-09-26T02:16:00Z,San Francisco Giants,Los Angeles Dodgers,coolbet,spreads,Los Angeles Dodgers,-2.5,1.91
2026-09-25T21:13:17Z,scheduled,e47efe97f629cae0287ca6f3ea6d6794,2026-09-26T02:16:00Z,San Francisco Giants,Los Angeles Dodgers,coolbet,spreads,San Francisco Giants,2.5,1.91
2026-09-25T21:13:17Z,scheduled,e47efe97f629cae0287ca6f3ea6d6794,2026-09-26T02:16:00Z,San Francisco Giants,Los Angeles Dodgers,coolbet,totals,Over,7.5,1.96
2026-09-25T21:13:17Z,scheduled,e47efe97f629cae0287ca6f3ea6d6794,2026-09-26T02:16:00Z,San Francisco Giants,Los Angeles Dodgers,coolbet,totals,Under,7.5,1.85
2026-09-25T21:13:17Z,scheduled,e47efe97f629cae0287ca6f3ea6d6794,2026-09-26T02:16:00Z,San Francisco Giants,Los Angeles Dodgers,betsson,h2h,Los Angeles Dodgers,,1.3
2026-09-25T21:13:17Z,scheduled,e47efe97f629cae0287ca6f3ea6d6794,2026-09-26T02:16:00Z,San Francisco Giants,Los Angeles Dodgers,betsson,h2h,San Francisco Giants,,3.52
2026-09-25T21:13:17Z,scheduled,e47efe97f629cae0287ca6f3ea6d6794,2026-09-26T02:16:00Z,San Francisco Giants,Los Angeles Dodgers,betsson,spreads,Los Angeles Dodgers,-1.5,1.58
2026-09-25T21:13:17Z,scheduled,e47efe97f629cae0287ca6f3ea6d6794,2026-09-26T02:16:00Z,San Francisco Giants,Los Angeles Dodgers,betsson,spreads,San Francisco Giants,1.5,2.32
2026-09-25T21:13:17Z,scheduled,e47efe97f629cae0287ca6f3ea6d6794,2026-09-26T02:16:00Z,San Francisco Giants,Los Angeles Dodgers,betsson,totals,Over,7.5,1.9
2026-09-25T21:13:17Z,scheduled,e47efe97f629cae0287ca6f3ea6d6794,2026-09-26T02:16:00Z,San Francisco Giants,Los Angeles Dodgers,betsson,totals,Under,7.5,1.86
2026-09-25T21:13:17Z,scheduled,e47efe97f629cae0287ca6f3ea6d6794,2026-09-26T02:16:00Z,San Francisco Giants,Los Angeles Dodgers,draftkings,h2h,Los Angeles Dodgers,,1.3
2026-09-25T21:13:17Z,scheduled,e47efe97f629cae0287ca6f3ea6d6794,2026-09-26T02:16:00Z,San Francisco Giants,Los Angeles Dodgers,draftkings,h2h,San Francisco Giants,,3.64
2026-09-25T21:13:17Z,scheduled,e47efe97f629cae0287ca6f3ea6d6794,2026-09-26T02:16:00Z,San Francisco Giants,Los Angeles Dodgers,draftkings,spreads,Los Angeles Dodgers,-1.5,1.57
2026-09-25T21:13:17Z,scheduled,e47efe97f629cae0287ca6f3ea6d6794,2026-09-26T02:16:00Z,San Francisco Giants,Los Angeles Dodgers,draftkings,spreads,San Francisco Giants,1.5,2.44
2026-09-25T21:13:17Z,scheduled,e47efe97f629cae0287ca6f3ea6d6794,2026-09-26T02:16:00Z,San Francisco Giants,Los Angeles Dodgers,draftkings,totals,Over,7.5,1.97
2026-09-25T21:13:17Z,scheduled,e47efe97f629cae0287ca6f3ea6d6794,2026-09-26T02:16:00Z,San Francisco Giants,Los Angeles Dodgers,draftkings,totals,Under,7.5,1.85
2026-09-25T21:13:17Z,scheduled,e47efe97f629cae0287ca6f3ea6d6794,2026-09-26T02:16:00Z,San Francisco Giants,Los Angeles Dodgers,betmgm,h2h,Los Angeles Dodgers,,1.31
2026-09-25T21:13:17Z,scheduled,e47efe97f629cae0287ca6f3ea6d6794,2026-09-26T02:16:00Z,San Francisco Giants,Los Angeles Dodgers,betmgm,h2h,San Francisco Giants,,3.6
2026-09-25T21:13:17Z,scheduled,e47efe97f629cae0287ca6f3ea6d6794,2026-09-26T02:16:00Z,San Francisco Giants,Los Angeles Dodgers,betmgm,spreads,Los Angeles Dodgers,-2.5,1.91
2026-09-25T21:13:17Z,scheduled,e47efe97f629cae0287ca6f3ea6d6794,2026-09-26T02:16:00Z,San Francisco Giants,Los Angeles Dodgers,betmgm,spreads,San Francisco Giants,2.5,1.91
2026-09-25T21:13:17Z,scheduled,e47efe97f629cae0287ca6f3ea6d6794,2026-09-26T02:16:00Z,San Francisco Giants,Los Angeles Dodgers,betmgm,totals,Over,7.5,2.0
2026-09-25T21:13:17Z,scheduled,e47efe97f629cae0287ca6f3ea6d6794,2026-09-26T02:16:00Z,San Francisco Giants,Los Angeles Dodgers,betmgm,totals,Under,7.5,1.83
2026-09-25T21:13:17Z,scheduled,e47efe97f629cae0287ca6f3ea6d6794,2026-09-26T02:16:00Z,San Francisco Giants,Los Angeles Dodgers,betfair_ex_eu,h2h,Los Angeles Dodgers,,1.33
2026-09-25T21:13:17Z,scheduled,e47efe97f629cae0287ca6f3ea6d6794,2026-09-26T02:16:00Z,San Francisco Giants,Los Angeles Dodgers,betfair_ex_eu,h2h,San Francisco Giants,,3.85
2026-09-25T21:13:17Z,scheduled,e47efe97f629cae0287ca6f3ea6d6794,2026-09-26T02:16:00Z,San Francisco Giants,Los Angeles Dodgers,betfair_ex_eu,h2h_lay,Los Angeles Dodgers,,1.36
2026-09-25T21:13:17Z,scheduled,e47efe97f629cae0287ca6f3ea6d6794,2026-09-26T02:16:00Z,San Francisco Giants,Los Angeles Dodgers,betfair_ex_eu,h2h_lay,San Francisco Giants,,4.0
2026-09-25T21:13:17Z,scheduled,e47efe97f629cae0287ca6f3ea6d6794,2026-09-26T02:16:00Z,San Francisco Giants,Los Angeles Dodgers,betrivers,h2h,Los Angeles Dodgers,,1.33
2026-09-25T21:13:17Z,scheduled,e47efe97f629cae0287ca6f3ea6d6794,2026-09-26T02:16:00Z,San Francisco Giants,Los Angeles Dodgers,betrivers,h2h,San Francisco Giants,,3.45
2026-09-25T21:13:17Z,scheduled,e47efe97f629cae0287ca6f3ea6d6794,2026-09-26T02:16:00Z,San Francisco Giants,Los Angeles Dodgers,betrivers,spreads,Los Angeles Dodgers,-1.5,1.56
2026-09-25T21:13:17Z,scheduled,e47efe97f629cae0287ca6f3ea6d6794,2026-09-26T02:16:00Z,San Francisco Giants,Los Angeles Dodgers,betrivers,spreads,San Francisco Giants,1.5,2.45
2026-09-25T21:13:17Z,scheduled,e47efe97f629cae0287ca6f3ea6d6794,2026-09-26T02:16:00Z,San Francisco Giants,Los Angeles Dodgers,betrivers,totals,Over,7.5,1.97
2026-09-25T21:13:17Z,scheduled,e47efe97f629cae0287ca6f3ea6d6794,2026-09-26T02:16:00Z,San Francisco Giants,Los Angeles Dodgers,betrivers,totals,Under,7.5,1.85
2026-09-25T21:13:17Z,scheduled,e47efe97f629cae0287ca6f3ea6d6794,2026-09-26T02:16:00Z,San Francisco Giants,Los Angeles Dodgers,matchbook,h2h,Los Angeles Dodgers,,1.33
2026-09-25T21:13:17Z,scheduled,e47efe97f629cae0287ca6f3ea6d6794,2026-09-26T02:16:00Z,San Francisco Giants,Los Angeles Dodgers,matchbook,h2h,San Francisco Giants,,3.85
2026-09-25T21:13:17Z,scheduled,e47efe97f629cae0287ca6f3ea6d6794,2026-09-26T02:16:00Z,San Francisco Giants,Los Angeles Dodgers,matchbook,h2h_lay,Los Angeles Dodgers,,1.36
2026-09-25T21:13:17Z,scheduled,e47efe97f629cae0287ca6f3ea6d6794,2026-09-26T02:16:00Z,San Francisco Giants,Los Angeles Dodgers,matchbook,h2h_lay,San Francisco Giants,,4.1
2026-09-25T21:13:17Z,scheduled,e47efe97f629cae0287ca6f3ea6d6794,2026-09-26T02:16:00Z,San Francisco Giants,Los Angeles Dodgers,matchbook,spreads,Los Angeles Dodgers,-1.5,1.61
2026-09-25T21:13:17Z,scheduled,e47efe97f629cae0287ca6f3ea6d6794,2026-09-26T02:16:00Z,San Francisco Giants,Los Angeles Dodgers,matchbook,spreads,San Francisco Giants,1.5,2.5
2026-09-25T21:13:17Z,scheduled,e47efe97f629cae0287ca6f3ea6d6794,2026-09-26T02:16:00Z,San Francisco Giants,Los Angeles Dodgers,matchbook,totals,Over,7.5,2.0
2026-09-25T21:13:17Z,scheduled,e47efe97f629cae0287ca6f3ea6d6794,2026-09-26T02:16:00Z,San Francisco Giants,Los Angeles Dodgers,matchbook,totals,Under,7.5,1.91
2026-09-25T21:13:17Z,scheduled,e47efe97f629cae0287ca6f3ea6d6794,2026-09-26T02:16:00Z,San Francisco Giants,Los Angeles Dodgers,pinnacle,h2h,Los Angeles Dodgers,,1.33
2026-09-25T21:13:17Z,scheduled,e47efe97f629cae0287ca6f3ea6d6794,2026-09-26T02:16:00Z,San Francisco Giants,Los Angeles Dodgers,pinnacle,h2h,San Francisco Giants,,3.72
2026-09-25T21:13:17Z,scheduled,e47efe97f629cae0287ca6f3ea6d6794,2026-09-26T02:16:00Z,San Francisco Giants,Los Angeles Dodgers,pinnacle,spreads,Los Angeles Dodgers,-1.5,1.58
2026-09-25T21:13:17Z,scheduled,e47efe97f629cae0287ca6f3ea6d6794,2026-09-26T02:16:00Z,San Francisco Giants,Los Angeles Dodgers,pinnacle,spreads,San Francisco Giants,1.5,2.54
2026-09-25T21:13:17Z,scheduled,e47efe97f629cae0287ca6f3ea6d6794,2026-09-26T02:16:00Z,San Francisco Giants,Los Angeles Dodgers,pinnacle,totals,Over,7.5,2.0
2026-09-25T21:13:17Z,scheduled,e47efe97f629cae0287ca6f3ea6d6794,2026-09-26T02:16:00Z,San Francisco Giants,Los Angeles Dodgers,pinnacle,totals,Under,7.5,1.88
2026-09-25T21:13:17Z,scheduled,93809969d7d5e6b21cc1e8a6070121e9,2026-09-26T20:06:00Z,San Francisco Giants,Los Angeles Dodgers,fanduel,h2h,Los Angeles Dodgers,,1.3
2026-09-25T21:13:17Z,scheduled,93809969d7d5e6b21cc1e8a6070121e9,2026-09-26T20:06:00Z,San Francisco Giants,Los Angeles Dodgers,fanduel,h2h,San Francisco Giants,,3.7
2026-09-25T21:13:17Z,scheduled,93809969d7d5e6b21cc1e8a6070121e9,2026-09-26T20:06:00Z,San Francisco Giants,Los Angeles Dodgers,fanduel,spreads,Los Angeles Dodgers,-1.5,1.56
2026-09-25T21:13:17Z,scheduled,93809969d7d5e6b21cc1e8a6070121e9,2026-09-26T20:06:00Z,San Francisco Giants,Los Angeles Dodgers,fanduel,spreads,San Francisco Giants,1.5,2.46
2026-09-25T21:13:17Z,scheduled,93809969d7d5e6b21cc1e8a6070121e9,2026-09-26T20:06:00Z,San Francisco Giants,Los Angeles Dodgers,fanduel,totals,Over,7.5,2.04
2026-09-25T21:13:17Z,scheduled,93809969d7d5e6b21cc1e8a6070121e9,2026-09-26T20:06:00Z,San Francisco Giants,Los Angeles Dodgers,fanduel,totals,Under,7.5,1.78
2026-09-25T21:13:17Z,scheduled,93809969d7d5e6b21cc1e8a6070121e9,2026-09-26T20:06:00Z,San Francisco Giants,Los Angeles Dodgers,betsson,h2h,Los Angeles Dodgers,,1.3
2026-09-25T21:13:17Z,scheduled,93809969d7d5e6b21cc1e8a6070121e9,2026-09-26T20:06:00Z,San Francisco Giants,Los Angeles Dodgers,betsson,h2h,San Francisco Giants,,3.52
2026-09-25T21:13:17Z,scheduled,93809969d7d5e6b21cc1e8a6070121e9,2026-09-26T20:06:00Z,San Francisco Giants,Los Angeles Dodgers,betsson,spreads,Los Angeles Dodgers,-1.5,1.58
2026-09-25T21:13:17Z,scheduled,93809969d7d5e6b21cc1e8a6070121e9,2026-09-26T20:06:00Z,San Francisco Giants,Los Angeles Dodgers,betsson,spreads,San Francisco Giants,1.5,2.32
2026-09-25T21:13:17Z,scheduled,93809969d7d5e6b21cc1e8a6070121e9,2026-09-26T20:06:00Z,San Francisco Giants,Los Angeles Dodgers,betsson,totals,Over,7.5,1.9
2026-09-25T21:13:17Z,scheduled,93809969d7d5e6b21cc1e8a6070121e9,2026-09-26T20:06:00Z,San Francisco Giants,Los Angeles Dodgers,betsson,totals,Under,7.5,1.86
2026-09-25T21:13:17Z,scheduled,93809969d7d5e6b21cc1e8a6070121e9,2026-09-26T20:06:00Z,San Francisco Giants,Los Angeles Dodgers,draftkings,h2h,Los Angeles Dodgers,,1.3
2026-09-25T21:13:17Z,scheduled,93809969d7d5e6b21cc1e8a6070121e9,2026-09-26T20:06:00Z,San Francisco Giants,Los Angeles Dodgers,draftkings,h2h,San Francisco Giants,,3.6
2026-09-25T21:13:17Z,scheduled,93809969d7d5e6b21cc1e8a6070121e9,2026-09-26T20:06:00Z,San Francisco Giants,Los Angeles Dodgers,draftkings,spreads,Los Angeles Dodgers,-1.5,1.55
2026-09-25T21:13:17Z,scheduled,93809969d7d5e6b21cc1e8a6070121e9,2026-09-26T20:06:00Z,San Francisco Giants,Los Angeles Dodgers,draftkings,spreads,San Francisco Giants,1.5,2.49
2026-09-25T21:13:17Z,scheduled,93809969d7d5e6b21cc1e8a6070121e9,2026-09-26T20:06:00Z,San Francisco Giants,Los Angeles Dodgers,draftkings,totals,Over,7.5,1.98
2026-09-25T21:13:17Z,scheduled,93809969d7d5e6b21cc1e8a6070121e9,2026-09-26T20:06:00Z,San Francisco Giants,Los Angeles Dodgers,draftkings,totals,Under,7.5,1.85
2026-09-25T21:13:17Z,scheduled,b9398adf1faaf0c53a1212c75565dff6,2026-09-26T20:06:00Z,Washington Nationals,New York Mets,fanduel,h2h,New York Mets,,1.74
2026-09-25T21:13:17Z,scheduled,b9398adf1faaf0c53a1212c75565dff6,2026-09-26T20:06:00Z,Washington Nationals,New York Mets,fanduel,h2h,Washington Nationals,,2.16
2026-09-25T21:13:17Z,scheduled,b9398adf1faaf0c53a1212c75565dff6,2026-09-26T20:06:00Z,Washington Nationals,New York Mets,fanduel,spreads,New York Mets,-1.5,2.26
2026-09-25T21:13:17Z,scheduled,b9398adf1faaf0c53a1212c75565dff6,2026-09-26T20:06:00Z,Washington Nationals,New York Mets,fanduel,spreads,Washington Nationals,1.5,1.66
2026-09-25T21:13:17Z,scheduled,b9398adf1faaf0c53a1212c75565dff6,2026-09-26T20:06:00Z,Washington Nationals,New York Mets,fanduel,totals,Over,8.5,2.04
2026-09-25T21:13:17Z,scheduled,b9398adf1faaf0c53a1212c75565dff6,2026-09-26T20:06:00Z,Washington Nationals,New York Mets,fanduel,totals,Under,8.5,1.78
2026-09-25T21:13:17Z,scheduled,b9398adf1faaf0c53a1212c75565dff6,2026-09-26T20:06:00Z,Washington Nationals,New York Mets,betsson,h2h,New York Mets,,1.76
2026-09-25T21:13:17Z,scheduled,b9398adf1faaf0c53a1212c75565dff6,2026-09-26T20:06:00Z,Washington Nationals,New York Mets,betsson,h2h,Washington Nationals,,2.07
2026-09-25T21:13:17Z,scheduled,b9398adf1faaf0c53a1212c75565dff6,2026-09-26T20:06:00Z,Washington Nationals,New York Mets,betsson,spreads,New York Mets,-1.5,2.22
2026-09-25T21:13:17Z,scheduled,b9398adf1faaf0c53a1212c75565dff6,2026-09-26T20:06:00Z,Washington Nationals,New York Mets,betsson,spreads,Washington Nationals,1.5,1.63
2026-09-25T21:13:17Z,scheduled,b9398adf1faaf0c53a1212c75565dff6,2026-09-26T20:06:00Z,Washington Nationals,New York Mets,betsson,totals,Over,8.5,1.86
2026-09-25T21:13:17Z,scheduled,b9398adf1faaf0c53a1212c75565dff6,2026-09-26T20:06:00Z,Washington Nationals,New York Mets,betsson,totals,Under,8.5,1.9
2026-09-25T21:13:17Z,scheduled,b9398adf1faaf0c53a1212c75565dff6,2026-09-26T20:06:00Z,Washington Nationals,New York Mets,draftkings,h2h,New York Mets,,1.76
2026-09-25T21:13:17Z,scheduled,b9398adf1faaf0c53a1212c75565dff6,2026-09-26T20:06:00Z,Washington Nationals,New York Mets,draftkings,h2h,Washington Nationals,,2.09
2026-09-25T21:13:17Z,scheduled,b9398adf1faaf0c53a1212c75565dff6,2026-09-26T20:06:00Z,Washington Nationals,New York Mets,draftkings,spreads,New York Mets,-1.5,2.23
2026-09-25T21:13:17Z,scheduled,b9398adf1faaf0c53a1212c75565dff6,2026-09-26T20:06:00Z,Washington Nationals,New York Mets,draftkings,spreads,Washington Nationals,1.5,1.67
2026-09-25T21:13:17Z,scheduled,b9398adf1faaf0c53a1212c75565dff6,2026-09-26T20:06:00Z,Washington Nationals,New York Mets,draftkings,totals,Over,8.5,1.93
2026-09-25T21:13:17Z,scheduled,b9398adf1faaf0c53a1212c75565dff6,2026-09-26T20:06:00Z,Washington Nationals,New York Mets,draftkings,totals,Under,8.5,1.89
2026-09-25T21:13:17Z,scheduled,6b474c64214114311f42d90b1a674c02,2026-09-26T23:10:00Z,Kansas City Royals,Cleveland Guardians,draftkings,h2h,Cleveland Guardians,,1.76
2026-09-25T21:13:17Z,scheduled,6b474c64214114311f42d90b1a674c02,2026-09-26T23:10:00Z,Kansas City Royals,Cleveland Guardians,draftkings,h2h,Kansas City Royals,,2.09
2026-09-25T21:13:17Z,scheduled,6b474c64214114311f42d90b1a674c02,2026-09-26T23:10:00Z,Kansas City Royals,Cleveland Guardians,draftkings,totals,Over,8.0,1.87
2026-09-25T21:13:17Z,scheduled,6b474c64214114311f42d90b1a674c02,2026-09-26T23:10:00Z,Kansas City Royals,Cleveland Guardians,draftkings,totals,Under,8.0,1.95
2026-09-25T21:13:17Z,scheduled,6b474c64214114311f42d90b1a674c02,2026-09-26T23:10:00Z,Kansas City Royals,Cleveland Guardians,betsson,h2h,Cleveland Guardians,,1.76
2026-09-25T21:13:17Z,scheduled,6b474c64214114311f42d90b1a674c02,2026-09-26T23:10:00Z,Kansas City Royals,Cleveland Guardians,betsson,h2h,Kansas City Royals,,2.07
2026-09-25T21:13:17Z,scheduled,6b474c64214114311f42d90b1a674c02,2026-09-26T23:10:00Z,Kansas City Royals,Cleveland Guardians,betsson,spreads,Cleveland Guardians,-1.5,2.22
2026-09-25T21:13:17Z,scheduled,6b474c64214114311f42d90b1a674c02,2026-09-26T23:10:00Z,Kansas City Royals,Cleveland Guardians,betsson,spreads,Kansas City Royals,1.5,1.63
2026-09-25T21:13:17Z,scheduled,6b474c64214114311f42d90b1a674c02,2026-09-26T23:10:00Z,Kansas City Royals,Cleveland Guardians,betsson,totals,Over,8.5,1.93
2026-09-25T21:13:17Z,scheduled,6b474c64214114311f42d90b1a674c02,2026-09-26T23:10:00Z,Kansas City Royals,Cleveland Guardians,betsson,totals,Under,8.5,1.83
2026-09-25T21:13:17Z,scheduled,5e96347a5c09f2be46dc616aa404bf27,2026-09-26T23:11:00Z,Chicago White Sox,Colorado Rockies,fanduel,h2h,Chicago White Sox,,1.43
2026-09-25T21:13:17Z,scheduled,5e96347a5c09f2be46dc616aa404bf27,2026-09-26T23:11:00Z,Chicago White Sox,Colorado Rockies,fanduel,h2h,Colorado Rockies,,2.94
2026-09-25T21:13:17Z,scheduled,5e96347a5c09f2be46dc616aa404bf27,2026-09-26T23:11:00Z,Chicago White Sox,Colorado Rockies,fanduel,spreads,Chicago White Sox,-1.5,2.02
2026-09-25T21:13:17Z,scheduled,5e96347a5c09f2be46dc616aa404bf27,2026-09-26T23:11:00Z,Chicago White Sox,Colorado Rockies,fanduel,spreads,Colorado Rockies,1.5,1.82
2026-09-25T21:13:17Z,scheduled,5e96347a5c09f2be46dc616aa404bf27,2026-09-26T23:11:00Z,Chicago White Sox,Colorado Rockies,fanduel,totals,Over,8.5,2.1
2026-09-25T21:13:17Z,scheduled,5e96347a5c09f2be46dc616aa404bf27,2026-09-26T23:11:00Z,Chicago White Sox,Colorado Rockies,fanduel,totals,Under,8.5,1.75
2026-09-25T21:13:17Z,scheduled,5e96347a5c09f2be46dc616aa404bf27,2026-09-26T23:11:00Z,Chicago White Sox,Colorado Rockies,draftkings,h2h,Chicago White Sox,,1.42
2026-09-25T21:13:17Z,scheduled,5e96347a5c09f2be46dc616aa404bf27,2026-09-26T23:11:00Z,Chicago White Sox,Colorado Rockies,draftkings,h2h,Colorado Rockies,,2.93
2026-09-25T21:13:17Z,scheduled,5e96347a5c09f2be46dc616aa404bf27,2026-09-26T23:11:00Z,Chicago White Sox,Colorado Rockies,draftkings,spreads,Chicago White Sox,-1.5,1.93
2026-09-25T21:13:17Z,scheduled,5e96347a5c09f2be46dc616aa404bf27,2026-09-26T23:11:00Z,Chicago White Sox,Colorado Rockies,draftkings,spreads,Colorado Rockies,1.5,1.89
2026-09-25T21:13:17Z,scheduled,5e96347a5c09f2be46dc616aa404bf27,2026-09-26T23:11:00Z,Chicago White Sox,Colorado Rockies,draftkings,totals,Over,8.0,1.86
2026-09-25T21:13:17Z,scheduled,5e96347a5c09f2be46dc616aa404bf27,2026-09-26T23:11:00Z,Chicago White Sox,Colorado Rockies,draftkings,totals,Under,8.0,1.96
2026-09-25T21:13:17Z,scheduled,bff2944df94a062f85abadcd9aab1086,2026-09-26T23:11:00Z,Milwaukee Brewers,St. Louis Cardinals,fanduel,h2h,Milwaukee Brewers,,1.53
2026-09-25T21:13:17Z,scheduled,bff2944df94a062f85abadcd9aab1086,2026-09-26T23:11:00Z,Milwaukee Brewers,St. Louis Cardinals,fanduel,h2h,St. Louis Cardinals,,2.58
2026-09-25T21:13:17Z,scheduled,bff2944df94a062f85abadcd9aab1086,2026-09-26T23:11:00Z,Milwaukee Brewers,St. Louis Cardinals,fanduel,spreads,Milwaukee Brewers,-1.5,2.26
2026-09-25T21:13:17Z,scheduled,bff2944df94a062f85abadcd9aab1086,2026-09-26T23:11:00Z,Milwaukee Brewers,St. Louis Cardinals,fanduel,spreads,St. Louis Cardinals,1.5,1.66
2026-09-25T21:13:17Z,scheduled,bff2944df94a062f85abadcd9aab1086,2026-09-26T23:11:00Z,Milwaukee Brewers,St. Louis Cardinals,fanduel,totals,Over,7.5,1.82
2026-09-25T21:13:17Z,scheduled,bff2944df94a062f85abadcd9aab1086,2026-09-26T23:11:00Z,Milwaukee Brewers,St. Louis Cardinals,fanduel,totals,Under,7.5,2.0
2026-09-25T21:13:17Z,scheduled,bff2944df94a062f85abadcd9aab1086,2026-09-26T23:11:00Z,Milwaukee Brewers,St. Louis Cardinals,betsson,h2h,Milwaukee Brewers,,1.54
2026-09-25T21:13:17Z,scheduled,bff2944df94a062f85abadcd9aab1086,2026-09-26T23:11:00Z,Milwaukee Brewers,St. Louis Cardinals,betsson,h2h,St. Louis Cardinals,,2.48
2026-09-25T21:13:17Z,scheduled,bff2944df94a062f85abadcd9aab1086,2026-09-26T23:11:00Z,Milwaukee Brewers,St. Louis Cardinals,betsson,spreads,Milwaukee Brewers,-1.5,2.07
2026-09-25T21:13:17Z,scheduled,bff2944df94a062f85abadcd9aab1086,2026-09-26T23:11:00Z,Milwaukee Brewers,St. Louis Cardinals,betsson,spreads,St. Louis Cardinals,1.5,1.72
2026-09-25T21:13:17Z,scheduled,bff2944df94a062f85abadcd9aab1086,2026-09-26T23:11:00Z,Milwaukee Brewers,St. Louis Cardinals,betsson,totals,Over,8.0,1.95
2026-09-25T21:13:17Z,scheduled,bff2944df94a062f85abadcd9aab1086,2026-09-26T23:11:00Z,Milwaukee Brewers,St. Louis Cardinals,betsson,totals,Under,8.0,1.82
2026-09-25T21:13:17Z,scheduled,bff2944df94a062f85abadcd9aab1086,2026-09-26T23:11:00Z,Milwaukee Brewers,St. Louis Cardinals,draftkings,h2h,Milwaukee Brewers,,1.52
2026-09-25T21:13:17Z,scheduled,bff2944df94a062f85abadcd9aab1086,2026-09-26T23:11:00Z,Milwaukee Brewers,St. Louis Cardinals,draftkings,h2h,St. Louis Cardinals,,2.57
2026-09-25T21:13:17Z,scheduled,bff2944df94a062f85abadcd9aab1086,2026-09-26T23:11:00Z,Milwaukee Brewers,St. Louis Cardinals,draftkings,spreads,Milwaukee Brewers,-1.5,2.19
2026-09-25T21:13:17Z,scheduled,bff2944df94a062f85abadcd9aab1086,2026-09-26T23:11:00Z,Milwaukee Brewers,St. Louis Cardinals,draftkings,spreads,St. Louis Cardinals,1.5,1.7
2026-09-25T21:13:17Z,scheduled,bff2944df94a062f85abadcd9aab1086,2026-09-26T23:11:00Z,Milwaukee Brewers,St. Louis Cardinals,draftkings,totals,Over,7.5,1.88
2026-09-25T21:13:17Z,scheduled,bff2944df94a062f85abadcd9aab1086,2026-09-26T23:11:00Z,Milwaukee Brewers,St. Louis Cardinals,draftkings,totals,Under,7.5,1.94
2026-09-25T21:13:17Z,scheduled,a0fc8eb52d64679d94e7eaa311299d74,2026-09-27T00:40:00Z,San Diego Padres,Arizona Diamondbacks,draftkings,h2h,Arizona Diamondbacks,,2.04
2026-09-25T21:13:17Z,scheduled,a0fc8eb52d64679d94e7eaa311299d74,2026-09-27T00:40:00Z,San Diego Padres,Arizona Diamondbacks,draftkings,h2h,San Diego Padres,,1.8
2026-09-25T21:13:17Z,scheduled,a0fc8eb52d64679d94e7eaa311299d74,2026-09-27T00:40:00Z,San Diego Padres,Arizona Diamondbacks,draftkings,totals,Over,7.5,1.87
2026-09-25T21:13:17Z,scheduled,a0fc8eb52d64679d94e7eaa311299d74,2026-09-27T00:40:00Z,San Diego Padres,Arizona Diamondbacks,draftkings,totals,Under,7.5,1.95
2026-09-25T21:13:17Z,scheduled,eba81e8f90abe50ccdfcee55fe0080b8,2026-09-27T01:41:00Z,Seattle Mariners,Los Angeles Angels,fanduel,h2h,Los Angeles Angels,,2.66
2026-09-25T21:13:17Z,scheduled,eba81e8f90abe50ccdfcee55fe0080b8,2026-09-27T01:41:00Z,Seattle Mariners,Los Angeles Angels,fanduel,h2h,Seattle Mariners,,1.51
2026-09-25T21:13:17Z,scheduled,eba81e8f90abe50ccdfcee55fe0080b8,2026-09-27T01:41:00Z,Seattle Mariners,Los Angeles Angels,fanduel,spreads,Los Angeles Angels,1.5,1.7
2026-09-25T21:13:17Z,scheduled,eba81e8f90abe50ccdfcee55fe0080b8,2026-09-27T01:41:00Z,Seattle Mariners,Los Angeles Angels,fanduel,spreads,Seattle Mariners,-1.5,2.18
2026-09-25T21:13:17Z,scheduled,eba81e8f90abe50ccdfcee55fe0080b8,2026-09-27T01:41:00Z,Seattle Mariners,Los Angeles Angels,fanduel,totals,Over,7.5,1.91
2026-09-25T21:13:17Z,scheduled,eba81e8f90abe50ccdfcee55fe0080b8,2026-09-27T01:41:00Z,Seattle Mariners,Los Angeles Angels,fanduel,totals,Under,7.5,1.91
2026-09-25T21:13:17Z,scheduled,eba81e8f90abe50ccdfcee55fe0080b8,2026-09-27T01:41:00Z,Seattle Mariners,Los Angeles Angels,draftkings,h2h,Los Angeles Angels,,2.58
2026-09-25T21:13:17Z,scheduled,eba81e8f90abe50ccdfcee55fe0080b8,2026-09-27T01:41:00Z,Seattle Mariners,Los Angeles Angels,draftkings,h2h,Seattle Mariners,,1.52
2026-09-25T21:13:17Z,scheduled,eba81e8f90abe50ccdfcee55fe0080b8,2026-09-27T01:41:00Z,Seattle Mariners,Los Angeles Angels,draftkings,spreads,Los Angeles Angels,1.5,1.76
2026-09-25T21:13:17Z,scheduled,eba81e8f90abe50ccdfcee55fe0080b8,2026-09-27T01:41:00Z,Seattle Mariners,Los Angeles Angels,draftkings,spreads,Seattle Mariners,-1.5,2.09
2026-09-25T21:13:17Z,scheduled,eba81e8f90abe50ccdfcee55fe0080b8,2026-09-27T01:41:00Z,Seattle Mariners,Los Angeles Angels,draftkings,totals,Over,7.5,1.89
2026-09-25T21:13:17Z,scheduled,eba81e8f90abe50ccdfcee55fe0080b8,2026-09-27T01:41:00Z,Seattle Mariners,Los Angeles Angels,draftkings,totals,Under,7.5,1.93
2026-09-25T22:26:44Z,closing,3aa03f1c80c2ca97a49e0b7548d9e647,2026-09-25T22:41:00Z,Detroit Tigers,Pittsburgh Pirates,fanduel,h2h,Detroit Tigers,,1.85
2026-09-25T22:26:44Z,closing,3aa03f1c80c2ca97a49e0b7548d9e647,2026-09-25T22:41:00Z,Detroit Tigers,Pittsburgh Pirates,fanduel,h2h,Pittsburgh Pirates,,2.0
2026-09-25T22:26:44Z,closing,3aa03f1c80c2ca97a49e0b7548d9e647,2026-09-25T22:41:00Z,Detroit Tigers,Pittsburgh Pirates,fanduel,spreads,Detroit Tigers,-1.5,2.68
2026-09-25T22:26:44Z,closing,3aa03f1c80c2ca97a49e0b7548d9e647,2026-09-25T22:41:00Z,Detroit Tigers,Pittsburgh Pirates,fanduel,spreads,Pittsburgh Pirates,1.5,1.49
2026-09-25T22:26:44Z,closing,3aa03f1c80c2ca97a49e0b7548d9e647,2026-09-25T22:41:00Z,Detroit Tigers,Pittsburgh Pirates,fanduel,totals,Over,7.5,1.78
2026-09-25T22:26:44Z,closing,3aa03f1c80c2ca97a49e0b7548d9e647,2026-09-25T22:41:00Z,Detroit Tigers,Pittsburgh Pirates,fanduel,totals,Under,7.5,2.04
2026-09-25T22:26:44Z,closing,3aa03f1c80c2ca97a49e0b7548d9e647,2026-09-25T22:41:00Z,Detroit Tigers,Pittsburgh Pirates,coolbet,h2h,Detroit Tigers,,1.85
2026-09-25T22:26:44Z,closing,3aa03f1c80c2ca97a49e0b7548d9e647,2026-09-25T22:41:00Z,Detroit Tigers,Pittsburgh Pirates,coolbet,h2h,Pittsburgh Pirates,,1.96
2026-09-25T22:26:44Z,closing,3aa03f1c80c2ca97a49e0b7548d9e647,2026-09-25T22:41:00Z,Detroit Tigers,Pittsburgh Pirates,coolbet,spreads,Detroit Tigers,1.5,1.52
2026-09-25T22:26:44Z,closing,3aa03f1c80c2ca97a49e0b7548d9e647,2026-09-25T22:41:00Z,Detroit Tigers,Pittsburgh Pirates,coolbet,spreads,Pittsburgh Pirates,-1.5,2.55
2026-09-25T22:26:44Z,closing,3aa03f1c80c2ca97a49e0b7548d9e647,2026-09-25T22:41:00Z,Detroit Tigers,Pittsburgh Pirates,coolbet,totals,Over,8.0,1.95
2026-09-25T22:26:44Z,closing,3aa03f1c80c2ca97a49e0b7548d9e647,2026-09-25T22:41:00Z,Detroit Tigers,Pittsburgh Pirates,coolbet,totals,Under,8.0,1.87
2026-09-25T22:26:44Z,closing,3aa03f1c80c2ca97a49e0b7548d9e647,2026-09-25T22:41:00Z,Detroit Tigers,Pittsburgh Pirates,betsson,h2h,Detroit Tigers,,1.78
2026-09-25T22:26:44Z,closing,3aa03f1c80c2ca97a49e0b7548d9e647,2026-09-25T22:41:00Z,Detroit Tigers,Pittsburgh Pirates,betsson,h2h,Pittsburgh Pirates,,2.03
2026-09-25T22:26:44Z,closing,3aa03f1c80c2ca97a49e0b7548d9e647,2026-09-25T22:41:00Z,Detroit Tigers,Pittsburgh Pirates,betsson,spreads,Detroit Tigers,-1.5,2.56
2026-09-25T22:26:44Z,closing,3aa03f1c80c2ca97a49e0b7548d9e647,2026-09-25T22:41:00Z,Detroit Tigers,Pittsburgh Pirates,betsson,spreads,Pittsburgh Pirates,1.5,1.48
2026-09-25T22:26:44Z,closing,3aa03f1c80c2ca97a49e0b7548d9e647,2026-09-25T22:41:00Z,Detroit Tigers,Pittsburgh Pirates,betsson,totals,Over,8.0,1.86
2026-09-25T22:26:44Z,closing,3aa03f1c80c2ca97a49e0b7548d9e647,2026-09-25T22:41:00Z,Detroit Tigers,Pittsburgh Pirates,betsson,totals,Under,8.0,1.9
2026-09-25T22:26:44Z,closing,3aa03f1c80c2ca97a49e0b7548d9e647,2026-09-25T22:41:00Z,Detroit Tigers,Pittsburgh Pirates,draftkings,h2h,Detroit Tigers,,1.84
2026-09-25T22:26:44Z,closing,3aa03f1c80c2ca97a49e0b7548d9e647,2026-09-25T22:41:00Z,Detroit Tigers,Pittsburgh Pirates,draftkings,h2h,Pittsburgh Pirates,,1.99
2026-09-25T22:26:44Z,closing,3aa03f1c80c2ca97a49e0b7548d9e647,2026-09-25T22:41:00Z,Detroit Tigers,Pittsburgh Pirates,draftkings,spreads,Detroit Tigers,1.5,1.5
2026-09-25T22:26:44Z,closing,3aa03f1c80c2ca97a49e0b7548d9e647,2026-09-25T22:41:00Z,Detroit Tigers,Pittsburgh Pirates,draftkings,spreads,Pittsburgh Pirates,-1.5,2.64
2026-09-25T22:26:44Z,closing,3aa03f1c80c2ca97a49e0b7548d9e647,2026-09-25T22:41:00Z,Detroit Tigers,Pittsburgh Pirates,draftkings,totals,Over,8.0,1.93
2026-09-25T22:26:44Z,closing,3aa03f1c80c2ca97a49e0b7548d9e647,2026-09-25T22:41:00Z,Detroit Tigers,Pittsburgh Pirates,draftkings,totals,Under,8.0,1.89
2026-09-25T22:26:44Z,closing,3aa03f1c80c2ca97a49e0b7548d9e647,2026-09-25T22:41:00Z,Detroit Tigers,Pittsburgh Pirates,betmgm,h2h,Detroit Tigers,,1.83
2026-09-25T22:26:44Z,closing,3aa03f1c80c2ca97a49e0b7548d9e647,2026-09-25T22:41:00Z,Detroit Tigers,Pittsburgh Pirates,betmgm,h2h,Pittsburgh Pirates,,2.0
2026-09-25T22:26:44Z,closing,3aa03f1c80c2ca97a49e0b7548d9e647,2026-09-25T22:41:00Z,Detroit Tigers,Pittsburgh Pirates,betmgm,spreads,Detroit Tigers,1.5,1.5
2026-09-25T22:26:44Z,closing,3aa03f1c80c2ca97a49e0b7548d9e647,2026-09-25T22:41:00Z,Detroit Tigers,Pittsburgh Pirates,betmgm,spreads,Pittsburgh Pirates,-1.5,2.65
2026-09-25T22:26:44Z,closing,3aa03f1c80c2ca97a49e0b7548d9e647,2026-09-25T22:41:00Z,Detroit Tigers,Pittsburgh Pirates,betmgm,totals,Over,8.0,1.95
2026-09-25T22:26:44Z,closing,3aa03f1c80c2ca97a49e0b7548d9e647,2026-09-25T22:41:00Z,Detroit Tigers,Pittsburgh Pirates,betmgm,totals,Under,8.0,1.87
2026-09-25T22:26:44Z,closing,3aa03f1c80c2ca97a49e0b7548d9e647,2026-09-25T22:41:00Z,Detroit Tigers,Pittsburgh Pirates,matchbook,h2h,Detroit Tigers,,1.92
2026-09-25T22:26:44Z,closing,3aa03f1c80c2ca97a49e0b7548d9e647,2026-09-25T22:41:00Z,Detroit Tigers,Pittsburgh Pirates,matchbook,h2h,Pittsburgh Pirates,,2.06
2026-09-25T22:26:44Z,closing,3aa03f1c80c2ca97a49e0b7548d9e647,2026-09-25T22:41:00Z,Detroit Tigers,Pittsburgh Pirates,matchbook,h2h_lay,Detroit Tigers,,1.94
2026-09-25T22:26:44Z,closing,3aa03f1c80c2ca97a49e0b7548d9e647,2026-09-25T22:41:00Z,Detroit Tigers,Pittsburgh Pirates,matchbook,h2h_lay,Pittsburgh Pirates,,2.08
2026-09-25T22:26:44Z,closing,3aa03f1c80c2ca97a49e0b7548d9e647,2026-09-25T22:41:00Z,Detroit Tigers,Pittsburgh Pirates,matchbook,spreads,Detroit Tigers,1.5,1.53
2026-09-25T22:26:44Z,closing,3aa03f1c80c2ca97a49e0b7548d9e647,2026-09-25T22:41:00Z,Detroit Tigers,Pittsburgh Pirates,matchbook,spreads,Pittsburgh Pirates,-1.5,2.7
2026-09-25T22:26:44Z,closing,3aa03f1c80c2ca97a49e0b7548d9e647,2026-09-25T22:41:00Z,Detroit Tigers,Pittsburgh Pirates,matchbook,totals,Over,7.5,1.81
2026-09-25T22:26:44Z,closing,3aa03f1c80c2ca97a49e0b7548d9e647,2026-09-25T22:41:00Z,Detroit Tigers,Pittsburgh Pirates,matchbook,totals,Under,7.5,2.1
2026-09-25T22:26:44Z,closing,3aa03f1c80c2ca97a49e0b7548d9e647,2026-09-25T22:41:00Z,Detroit Tigers,Pittsburgh Pirates,betrivers,h2h,Detroit Tigers,,1.88
2026-09-25T22:26:44Z,closing,3aa03f1c80c2ca97a49e0b7548d9e647,2026-09-25T22:41:00Z,Detroit Tigers,Pittsburgh Pirates,betrivers,h2h,Pittsburgh Pirates,,1.94
2026-09-25T22:26:44Z,closing,3aa03f1c80c2ca97a49e0b7548d9e647,2026-09-25T22:41:00Z,Detroit Tigers,Pittsburgh Pirates,betrivers,spreads,Detroit Tigers,1.5,1.54
2026-09-25T22:26:44Z,closing,3aa03f1c80c2ca97a49e0b7548d9e647,2026-09-25T22:41:00Z,Detroit Tigers,Pittsburgh Pirates,betrivers,spreads,Pittsburgh Pirates,-1.5,2.5
2026-09-25T22:26:44Z,closing,3aa03f1c80c2ca97a49e0b7548d9e647,2026-09-25T22:41:00Z,Detroit Tigers,Pittsburgh Pirates,betrivers,totals,Over,8.0,1.87
2026-09-25T22:26:44Z,closing,3aa03f1c80c2ca97a49e0b7548d9e647,2026-09-25T22:41:00Z,Detroit Tigers,Pittsburgh Pirates,betrivers,totals,Under,8.0,1.81
2026-09-25T22:26:44Z,closing,3aa03f1c80c2ca97a49e0b7548d9e647,2026-09-25T22:41:00Z,Detroit Tigers,Pittsburgh Pirates,pinnacle,h2h,Detroit Tigers,,1.89
2026-09-25T22:26:44Z,closing,3aa03f1c80c2ca97a49e0b7548d9e647,2026-09-25T22:41:00Z,Detroit Tigers,Pittsburgh Pirates,pinnacle,h2h,Pittsburgh Pirates,,2.04
2026-09-25T22:26:44Z,closing,3aa03f1c80c2ca97a49e0b7548d9e647,2026-09-25T22:41:00Z,Detroit Tigers,Pittsburgh Pirates,pinnacle,spreads,Detroit Tigers,-1.5,2.9
2026-09-25T22:26:44Z,closing,3aa03f1c80c2ca97a49e0b7548d9e647,2026-09-25T22:41:00Z,Detroit Tigers,Pittsburgh Pirates,pinnacle,spreads,Pittsburgh Pirates,1.5,1.47
2026-09-25T22:26:44Z,closing,3aa03f1c80c2ca97a49e0b7548d9e647,2026-09-25T22:41:00Z,Detroit Tigers,Pittsburgh Pirates,pinnacle,totals,Over,8.0,1.93
2026-09-25T22:26:44Z,closing,3aa03f1c80c2ca97a49e0b7548d9e647,2026-09-25T22:41:00Z,Detroit Tigers,Pittsburgh Pirates,pinnacle,totals,Under,8.0,1.95
2026-09-25T22:26:44Z,closing,3aa03f1c80c2ca97a49e0b7548d9e647,2026-09-25T22:41:00Z,Detroit Tigers,Pittsburgh Pirates,betfair_ex_eu,h2h,Detroit Tigers,,1.92
2026-09-25T22:26:44Z,closing,3aa03f1c80c2ca97a49e0b7548d9e647,2026-09-25T22:41:00Z,Detroit Tigers,Pittsburgh Pirates,betfair_ex_eu,h2h,Pittsburgh Pirates,,2.06
2026-09-25T22:26:44Z,closing,3aa03f1c80c2ca97a49e0b7548d9e647,2026-09-25T22:41:00Z,Detroit Tigers,Pittsburgh Pirates,betfair_ex_eu,h2h_lay,Detroit Tigers,,1.93
2026-09-25T22:26:44Z,closing,3aa03f1c80c2ca97a49e0b7548d9e647,2026-09-25T22:41:00Z,Detroit Tigers,Pittsburgh Pirates,betfair_ex_eu,h2h_lay,Pittsburgh Pirates,,2.1
2026-09-25T22:26:44Z,closing,6e8b1f358bb5c3837f473e61ecb68650,2026-09-25T22:41:00Z,Philadelphia Phillies,Tampa Bay Rays,fanduel,h2h,Philadelphia Phillies,,1.56
2026-09-25T22:26:44Z,closing,6e8b1f358bb5c3837f473e61ecb68650,2026-09-25T22:41:00Z,Philadelphia Phillies,Tampa Bay Rays,fanduel,h2h,Tampa Bay Rays,,2.5
2026-09-25T22:26:44Z,closing,6e8b1f358bb5c3837f473e61ecb68650,2026-09-25T22:41:00Z,Philadelphia Phillies,Tampa Bay Rays,fanduel,spreads,Philadelphia Phillies,-1.5,2.32
2026-09-25T22:26:44Z,closing,6e8b1f358bb5c3837f473e61ecb68650,2026-09-25T22:41:00Z,Philadelphia Phillies,Tampa Bay Rays,fanduel,spreads,Tampa Bay Rays,1.5,1.62
2026-09-25T22:26:44Z,closing,6e8b1f358bb5c3837f473e61ecb68650,2026-09-25T22:41:00Z,Philadelphia Phillies,Tampa Bay Rays,fanduel,totals,Over,6.5,1.85
2026-09-25T22:26:44Z,closing,6e8b1f358bb5c3837f473e61ecb68650,2026-09-25T22:41:00Z,Philadelphia Phillies,Tampa Bay Rays,fanduel,totals,Under,6.5,1.96
2026-09-25T22:26:44Z,closing,6e8b1f358bb5c3837f473e61ecb68650,2026-09-25T22:41:00Z,Philadelphia Phillies,Tampa Bay Rays,coolbet,h2h,Philadelphia Phillies,,1.55
2026-09-25T22:26:44Z,closing,6e8b1f358bb5c3837f473e61ecb68650,2026-09-25T22:41:00Z,Philadelphia Phillies,Tampa Bay Rays,coolbet,h2h,Tampa Bay Rays,,2.47
2026-09-25T22:26:44Z,closing,6e8b1f358bb5c3837f473e61ecb68650,2026-09-25T22:41:00Z,Philadelphia Phillies,Tampa Bay Rays,coolbet,spreads,Philadelphia Phillies,-1.5,2.27
2026-09-25T22:26:44Z,closing,6e8b1f358bb5c3837f473e61ecb68650,2026-09-25T22:41:00Z,Philadelphia Phillies,Tampa Bay Rays,coolbet,spreads,Tampa Bay Rays,1.5,1.64
2026-09-25T22:26:44Z,closing,6e8b1f358bb5c3837f473e61ecb68650,2026-09-25T22:41:00Z,Philadelphia Phillies,Tampa Bay Rays,coolbet,totals,Over,6.5,1.85
2026-09-25T22:26:44Z,closing,6e8b1f358bb5c3837f473e61ecb68650,2026-09-25T22:41:00Z,Philadelphia Phillies,Tampa Bay Rays,coolbet,totals,Under,6.5,1.96
2026-09-25T22:26:44Z,closing,6e8b1f358bb5c3837f473e61ecb68650,2026-09-25T22:41:00Z,Philadelphia Phillies,Tampa Bay Rays,betsson,h2h,Philadelphia Phillies,,1.54
2026-09-25T22:26:44Z,closing,6e8b1f358bb5c3837f473e61ecb68650,2026-09-25T22:41:00Z,Philadelphia Phillies,Tampa Bay Rays,betsson,h2h,Tampa Bay Rays,,2.48
2026-09-25T22:26:44Z,closing,6e8b1f358bb5c3837f473e61ecb68650,2026-09-25T22:41:00Z,Philadelphia Phillies,Tampa Bay Rays,betsson,spreads,Philadelphia Phillies,-1.5,2.22
2026-09-25T22:26:44Z,closing,6e8b1f358bb5c3837f473e61ecb68650,2026-09-25T22:41:00Z,Philadelphia Phillies,Tampa Bay Rays,betsson,spreads,Tampa Bay Rays,1.5,1.63
2026-09-25T22:26:44Z,closing,6e8b1f358bb5c3837f473e61ecb68650,2026-09-25T22:41:00Z,Philadelphia Phillies,Tampa Bay Rays,betsson,totals,Over,6.5,1.8
2026-09-25T22:26:44Z,closing,6e8b1f358bb5c3837f473e61ecb68650,2026-09-25T22:41:00Z,Philadelphia Phillies,Tampa Bay Rays,betsson,totals,Under,6.5,1.97
2026-09-25T22:26:44Z,closing,6e8b1f358bb5c3837f473e61ecb68650,2026-09-25T22:41:00Z,Philadelphia Phillies,Tampa Bay Rays,draftkings,h2h,Philadelphia Phillies,,1.55
2026-09-25T22:26:44Z,closing,6e8b1f358bb5c3837f473e61ecb68650,2026-09-25T22:41:00Z,Philadelphia Phillies,Tampa Bay Rays,draftkings,h2h,Tampa Bay Rays,,2.49
2026-09-25T22:26:44Z,closing,6e8b1f358bb5c3837f473e61ecb68650,2026-09-25T22:41:00Z,Philadelphia Phillies,Tampa Bay Rays,draftkings,spreads,Philadelphia Phillies,-1.5,2.34
2026-09-25T22:26:44Z,closing,6e8b1f358bb5c3837f473e61ecb68650,2026-09-25T22:41:00Z,Philadelphia Phillies,Tampa Bay Rays,draftkings,spreads,Tampa Bay Rays,1.5,1.62
2026-09-25T22:26:44Z,closing,6e8b1f358bb5c3837f473e61ecb68650,2026-09-25T22:41:00Z,Philadelphia Phillies,Tampa Bay Rays,draftkings,totals,Over,6.5,1.88
2026-09-25T22:26:44Z,closing,6e8b1f358bb5c3837f473e61ecb68650,2026-09-25T22:41:00Z,Philadelphia Phillies,Tampa Bay Rays,draftkings,totals,Under,6.5,1.95
2026-09-25T22:26:44Z,closing,6e8b1f358bb5c3837f473e61ecb68650,2026-09-25T22:41:00Z,Philadelphia Phillies,Tampa Bay Rays,betrivers,h2h,Philadelphia Phillies,,1.56
2026-09-25T22:26:44Z,closing,6e8b1f358bb5c3837f473e61ecb68650,2026-09-25T22:41:00Z,Philadelphia Phillies,Tampa Bay Rays,betrivers,h2h,Tampa Bay Rays,,2.45
2026-09-25T22:26:44Z,closing,6e8b1f358bb5c3837f473e61ecb68650,2026-09-25T22:41:00Z,Philadelphia Phillies,Tampa Bay Rays,betrivers,spreads,Philadelphia Phillies,-1.5,2.15
2026-09-25T22:26:44Z,closing,6e8b1f358bb5c3837f473e61ecb68650,2026-09-25T22:41:00Z,Philadelphia Phillies,Tampa Bay Rays,betrivers,spreads,Tampa Bay Rays,1.5,1.72
2026-09-25T22:26:44Z,closing,6e8b1f358bb5c3837f473e61ecb68650,2026-09-25T22:41:00Z,Philadelphia Phillies,Tampa Bay Rays,betrivers,totals,Over,6.5,1.85
2026-09-25T22:26:44Z,closing,6e8b1f358bb5c3837f473e61ecb68650,2026-09-25T22:41:00Z,Philadelphia Phillies,Tampa Bay Rays,betrivers,totals,Under,6.5,1.96
2026-09-25T22:26:44Z,closing,6e8b1f358bb5c3837f473e61ecb68650,2026-09-25T22:41:00Z,Philadelphia Phillies,Tampa Bay Rays,betmgm,h2h,Philadelphia Phillies,,1.54
2026-09-25T22:26:44Z,closing,6e8b1f358bb5c3837f473e61ecb68650,2026-09-25T22:41:00Z,Philadelphia Phillies,Tampa Bay Rays,betmgm,h2h,Tampa Bay Rays,,2.5
2026-09-25T22:26:44Z,closing,6e8b1f358bb5c3837f473e61ecb68650,2026-09-25T22:41:00Z,Philadelphia Phillies,Tampa Bay Rays,betmgm,spreads,Philadelphia Phillies,-1.5,2.25
2026-09-25T22:26:44Z,closing,6e8b1f358bb5c3837f473e61ecb68650,2026-09-25T22:41:00Z,Philadelphia Phillies,Tampa Bay Rays,betmgm,spreads,Tampa Bay Rays,1.5,1.65
2026-09-25T22:26:44Z,closing,6e8b1f358bb5c3837f473e61ecb68650,2026-09-25T22:41:00Z,Philadelphia Phillies,Tampa Bay Rays,betmgm,totals,Over,6.5,1.87
2026-09-25T22:26:44Z,closing,6e8b1f358bb5c3837f473e61ecb68650,2026-09-25T22:41:00Z,Philadelphia Phillies,Tampa Bay Rays,betmgm,totals,Under,6.5,1.95
2026-09-25T22:26:44Z,closing,6e8b1f358bb5c3837f473e61ecb68650,2026-09-25T22:41:00Z,Philadelphia Phillies,Tampa Bay Rays,matchbook,h2h,Philadelphia Phillies,,1.63
2026-09-25T22:26:44Z,closing,6e8b1f358bb5c3837f473e61ecb68650,2026-09-25T22:41:00Z,Philadelphia Phillies,Tampa Bay Rays,matchbook,h2h,Tampa Bay Rays,,2.58
2026-09-25T22:26:44Z,closing,6e8b1f358bb5c3837f473e61ecb68650,2026-09-25T22:41:00Z,Philadelphia Phillies,Tampa Bay Rays,matchbook,h2h_lay,Philadelphia Phillies,,1.64
2026-09-25T22:26:44Z,closing,6e8b1f358bb5c3837f473e61ecb68650,2026-09-25T22:41:00Z,Philadelphia Phillies,Tampa Bay Rays,matchbook,h2h_lay,Tampa Bay Rays,,2.6
2026-09-25T22:26:44Z,closing,6e8b1f358bb5c3837f473e61ecb68650,2026-09-25T22:41:00Z,Philadelphia Phillies,Tampa Bay Rays,matchbook,spreads,Philadelphia Phillies,-1.5,2.44
2026-09-25T22:26:44Z,closing,6e8b1f358bb5c3837f473e61ecb68650,2026-09-25T22:41:00Z,Philadelphia Phillies,Tampa Bay Rays,matchbook,spreads,Tampa Bay Rays,1.5,1.67
2026-09-25T22:26:44Z,closing,6e8b1f358bb5c3837f473e61ecb68650,2026-09-25T22:41:00Z,Philadelphia Phillies,Tampa Bay Rays,matchbook,totals,Over,6.5,1.95
2026-09-25T22:26:44Z,closing,6e8b1f358bb5c3837f473e61ecb68650,2026-09-25T22:41:00Z,Philadelphia Phillies,Tampa Bay Rays,matchbook,totals,Under,6.5,1.96
2026-09-25T22:26:44Z,closing,6e8b1f358bb5c3837f473e61ecb68650,2026-09-25T22:41:00Z,Philadelphia Phillies,Tampa Bay Rays,pinnacle,h2h,Philadelphia Phillies,,1.59
2026-09-25T22:26:44Z,closing,6e8b1f358bb5c3837f473e61ecb68650,2026-09-25T22:41:00Z,Philadelphia Phillies,Tampa Bay Rays,pinnacle,h2h,Tampa Bay Rays,,2.56
2026-09-25T22:26:44Z,closing,6e8b1f358bb5c3837f473e61ecb68650,2026-09-25T22:41:00Z,Philadelphia Phillies,Tampa Bay Rays,pinnacle,spreads,Philadelphia Phillies,-1.5,2.4
2026-09-25T22:26:44Z,closing,6e8b1f358bb5c3837f473e61ecb68650,2026-09-25T22:41:00Z,Philadelphia Phillies,Tampa Bay Rays,pinnacle,spreads,Tampa Bay Rays,1.5,1.64
2026-09-25T22:26:44Z,closing,6e8b1f358bb5c3837f473e61ecb68650,2026-09-25T22:41:00Z,Philadelphia Phillies,Tampa Bay Rays,pinnacle,totals,Over,6.5,1.91
2026-09-25T22:26:44Z,closing,6e8b1f358bb5c3837f473e61ecb68650,2026-09-25T22:41:00Z,Philadelphia Phillies,Tampa Bay Rays,pinnacle,totals,Under,6.5,1.98
2026-09-25T22:26:44Z,closing,6e8b1f358bb5c3837f473e61ecb68650,2026-09-25T22:41:00Z,Philadelphia Phillies,Tampa Bay Rays,betfair_ex_eu,h2h,Philadelphia Phillies,,1.63
2026-09-25T22:26:44Z,closing,6e8b1f358bb5c3837f473e61ecb68650,2026-09-25T22:41:00Z,Philadelphia Phillies,Tampa Bay Rays,betfair_ex_eu,h2h,Tampa Bay Rays,,2.56
2026-09-25T22:26:44Z,closing,6e8b1f358bb5c3837f473e61ecb68650,2026-09-25T22:41:00Z,Philadelphia Phillies,Tampa Bay Rays,betfair_ex_eu,h2h_lay,Philadelphia Phillies,,1.64
2026-09-25T22:26:44Z,closing,6e8b1f358bb5c3837f473e61ecb68650,2026-09-25T22:41:00Z,Philadelphia Phillies,Tampa Bay Rays,betfair_ex_eu,h2h_lay,Tampa Bay Rays,,2.6
2026-09-25T22:26:44Z,closing,80d706190519a0e4956a64e84e72ed94,2026-09-25T22:46:00Z,Washington Nationals,New York Mets,fanduel,h2h,New York Mets,,1.96
2026-09-25T22:26:44Z,closing,80d706190519a0e4956a64e84e72ed94,2026-09-25T22:46:00Z,Washington Nationals,New York Mets,fanduel,h2h,Washington Nationals,,1.89
2026-09-25T22:26:44Z,closing,80d706190519a0e4956a64e84e72ed94,2026-09-25T22:46:00Z,Washington Nationals,New York Mets,fanduel,spreads,New York Mets,-1.5,2.46
2026-09-25T22:26:44Z,closing,80d706190519a0e4956a64e84e72ed94,2026-09-25T22:46:00Z,Washington Nationals,New York Mets,fanduel,spreads,Washington Nationals,1.5,1.56
2026-09-25T22:26:44Z,closing,80d706190519a0e4956a64e84e72ed94,2026-09-25T22:46:00Z,Washington Nationals,New York Mets,fanduel,totals,Over,8.5,1.83
2026-09-25T22:26:44Z,closing,80d706190519a0e4956a64e84e72ed94,2026-09-25T22:46:00Z,Washington Nationals,New York Mets,fanduel,totals,Under,8.5,1.98
2026-09-25T22:26:44Z,closing,80d706190519a0e4956a64e84e72ed94,2026-09-25T22:46:00Z,Washington Nationals,New York Mets,draftkings,h2h,New York Mets,,1.93
2026-09-25T22:26:44Z,closing,80d706190519a0e4956a64e84e72ed94,2026-09-25T22:46:00Z,Washington Nationals,New York Mets,draftkings,h2h,Washington Nationals,,1.89
2026-09-25T22:26:44Z,closing,80d706190519a0e4956a64e84e72ed94,2026-09-25T22:46:00Z,Washington Nationals,New York Mets,draftkings,spreads,New York Mets,-1.5,2.53
2026-09-25T22:26:44Z,closing,80d706190519a0e4956a64e84e72ed94,2026-09-25T22:46:00Z,Washington Nationals,New York Mets,draftkings,spreads,Washington Nationals,1.5,1.54
2026-09-25T22:26:44Z,closing,80d706190519a0e4956a64e84e72ed94,2026-09-25T22:46:00Z,Washington Nationals,New York Mets,draftkings,totals,Over,8.5,1.83
2026-09-25T22:26:44Z,closing,80d706190519a0e4956a64e84e72ed94,2026-09-25T22:46:00Z,Washington Nationals,New York Mets,draftkings,totals,Under,8.5,2.0
2026-09-25T22:26:44Z,closing,80d706190519a0e4956a64e84e72ed94,2026-09-25T22:46:00Z,Washington Nationals,New York Mets,betsson,h2h,New York Mets,,1.9
2026-09-25T22:26:44Z,closing,80d706190519a0e4956a64e84e72ed94,2026-09-25T22:46:00Z,Washington Nationals,New York Mets,betsson,h2h,Washington Nationals,,1.9
2026-09-25T22:26:44Z,closing,80d706190519a0e4956a64e84e72ed94,2026-09-25T22:46:00Z,Washington Nationals,New York Mets,betsson,spreads,New York Mets,1.5,1.43
2026-09-25T22:26:44Z,closing,80d706190519a0e4956a64e84e72ed94,2026-09-25T22:46:00Z,Washington Nationals,New York Mets,betsson,spreads,Washington Nationals,-1.5,2.75
2026-09-25T22:26:44Z,closing,80d706190519a0e4956a64e84e72ed94,2026-09-25T22:46:00Z,Washington Nationals,New York Mets,betsson,totals,Over,8.5,1.8
2026-09-25T22:26:44Z,closing,80d706190519a0e4956a64e84e72ed94,2026-09-25T22:46:00Z,Washington Nationals,New York Mets,betsson,totals,Under,8.5,1.97
2026-09-25T22:26:44Z,closing,80d706190519a0e4956a64e84e72ed94,2026-09-25T22:46:00Z,Washington Nationals,New York Mets,coolbet,h2h,New York Mets,,1.91
2026-09-25T22:26:44Z,closing,80d706190519a0e4956a64e84e72ed94,2026-09-25T22:46:00Z,Washington Nationals,New York Mets,coolbet,h2h,Washington Nationals,,1.91
2026-09-25T22:26:44Z,closing,80d706190519a0e4956a64e84e72ed94,2026-09-25T22:46:00Z,Washington Nationals,New York Mets,coolbet,spreads,New York Mets,-1.5,2.47
2026-09-25T22:26:44Z,closing,80d706190519a0e4956a64e84e72ed94,2026-09-25T22:46:00Z,Washington Nationals,New York Mets,coolbet,spreads,Washington Nationals,1.5,1.55
2026-09-25T22:26:44Z,closing,80d706190519a0e4956a64e84e72ed94,2026-09-25T22:46:00Z,Washington Nationals,New York Mets,coolbet,totals,Over,8.5,1.91
2026-09-25T22:26:44Z,closing,80d706190519a0e4956a64e84e72ed94,2026-09-25T22:46:00Z,Washington Nationals,New York Mets,coolbet,totals,Under,8.5,1.91
2026-09-25T22:26:44Z,closing,80d706190519a0e4956a64e84e72ed94,2026-09-25T22:46:00Z,Washington Nationals,New York Mets,betmgm,h2h,New York Mets,,1.91
2026-09-25T22:26:44Z,closing,80d706190519a0e4956a64e84e72ed94,2026-09-25T22:46:00Z,Washington Nationals,New York Mets,betmgm,h2h,Washington Nationals,,1.91
2026-09-25T22:26:44Z,closing,80d706190519a0e4956a64e84e72ed94,2026-09-25T22:46:00Z,Washington Nationals,New York Mets,betmgm,spreads,New York Mets,-1.5,2.5
2026-09-25T22:26:44Z,closing,80d706190519a0e4956a64e84e72ed94,2026-09-25T22:46:00Z,Washington Nationals,New York Mets,betmgm,spreads,Washington Nationals,1.5,1.54
2026-09-25T22:26:44Z,closing,80d706190519a0e4956a64e84e72ed94,2026-09-25T22:46:00Z,Washington Nationals,New York Mets,betmgm,totals,Over,8.5,1.83
2026-09-25T22:26:44Z,closing,80d706190519a0e4956a64e84e72ed94,2026-09-25T22:46:00Z,Washington Nationals,New York Mets,betmgm,totals,Under,8.5,2.0
2026-09-25T22:26:44Z,closing,80d706190519a0e4956a64e84e72ed94,2026-09-25T22:46:00Z,Washington Nationals,New York Mets,betrivers,h2h,New York Mets,,1.92
2026-09-25T22:26:44Z,closing,80d706190519a0e4956a64e84e72ed94,2026-09-25T22:46:00Z,Washington Nationals,New York Mets,betrivers,h2h,Washington Nationals,,1.92
2026-09-25T22:26:44Z,closing,80d706190519a0e4956a64e84e72ed94,2026-09-25T22:46:00Z,Washington Nationals,New York Mets,betrivers,spreads,New York Mets,-1.5,2.43
2026-09-25T22:26:44Z,closing,80d706190519a0e4956a64e84e72ed94,2026-09-25T22:46:00Z,Washington Nationals,New York Mets,betrivers,spreads,Washington Nationals,1.5,1.56
2026-09-25T22:26:44Z,closing,80d706190519a0e4956a64e84e72ed94,2026-09-25T22:46:00Z,Washington Nationals,New York Mets,betrivers,totals,Over,8.5,1.87
2026-09-25T22:26:44Z,closing,80d706190519a0e4956a64e84e72ed94,2026-09-25T22:46:00Z,Washington Nationals,New York Mets,betrivers,totals,Under,8.5,1.94
2026-09-25T22:26:44Z,closing,80d706190519a0e4956a64e84e72ed94,2026-09-25T22:46:00Z,Washington Nationals,New York Mets,betfair_ex_eu,h2h,New York Mets,,2.02
2026-09-25T22:26:44Z,closing,80d706190519a0e4956a64e84e72ed94,2026-09-25T22:46:00Z,Washington Nationals,New York Mets,betfair_ex_eu,h2h,Washington Nationals,,1.96
2026-09-25T22:26:44Z,closing,80d706190519a0e4956a64e84e72ed94,2026-09-25T22:46:00Z,Washington Nationals,New York Mets,betfair_ex_eu,h2h_lay,New York Mets,,2.06
2026-09-25T22:26:44Z,closing,80d706190519a0e4956a64e84e72ed94,2026-09-25T22:46:00Z,Washington Nationals,New York Mets,betfair_ex_eu,h2h_lay,Washington Nationals,,1.98
2026-09-25T22:26:44Z,closing,80d706190519a0e4956a64e84e72ed94,2026-09-25T22:46:00Z,Washington Nationals,New York Mets,matchbook,h2h,New York Mets,,2.02
2026-09-25T22:26:44Z,closing,80d706190519a0e4956a64e84e72ed94,2026-09-25T22:46:00Z,Washington Nationals,New York Mets,matchbook,h2h,Washington Nationals,,1.96
2026-09-25T22:26:44Z,closing,80d706190519a0e4956a64e84e72ed94,2026-09-25T22:46:00Z,Washington Nationals,New York Mets,matchbook,h2h_lay,New York Mets,,2.06
2026-09-25T22:26:44Z,closing,80d706190519a0e4956a64e84e72ed94,2026-09-25T22:46:00Z,Washington Nationals,New York Mets,matchbook,h2h_lay,Washington Nationals,,1.97
2026-09-25T22:26:44Z,closing,80d706190519a0e4956a64e84e72ed94,2026-09-25T22:46:00Z,Washington Nationals,New York Mets,matchbook,spreads,New York Mets,-1.5,2.66
2026-09-25T22:26:44Z,closing,80d706190519a0e4956a64e84e72ed94,2026-09-25T22:46:00Z,Washington Nationals,New York Mets,matchbook,spreads,Washington Nationals,1.5,1.55
2026-09-25T22:26:44Z,closing,80d706190519a0e4956a64e84e72ed94,2026-09-25T22:46:00Z,Washington Nationals,New York Mets,matchbook,totals,Over,8.5,1.87
2026-09-25T22:26:44Z,closing,80d706190519a0e4956a64e84e72ed94,2026-09-25T22:46:00Z,Washington Nationals,New York Mets,matchbook,totals,Under,8.5,2.04
2026-09-25T22:26:44Z,closing,80d706190519a0e4956a64e84e72ed94,2026-09-25T22:46:00Z,Washington Nationals,New York Mets,pinnacle,h2h,New York Mets,,1.97
2026-09-25T22:26:44Z,closing,80d706190519a0e4956a64e84e72ed94,2026-09-25T22:46:00Z,Washington Nationals,New York Mets,pinnacle,h2h,Washington Nationals,,1.95
2026-09-25T22:26:44Z,closing,80d706190519a0e4956a64e84e72ed94,2026-09-25T22:46:00Z,Washington Nationals,New York Mets,pinnacle,spreads,New York Mets,-1.5,2.55
2026-09-25T22:26:44Z,closing,80d706190519a0e4956a64e84e72ed94,2026-09-25T22:46:00Z,Washington Nationals,New York Mets,pinnacle,spreads,Washington Nationals,1.5,1.58
2026-09-25T22:26:44Z,closing,80d706190519a0e4956a64e84e72ed94,2026-09-25T22:46:00Z,Washington Nationals,New York Mets,pinnacle,totals,Over,8.5,1.86
2026-09-25T22:26:44Z,closing,80d706190519a0e4956a64e84e72ed94,2026-09-25T22:46:00Z,Washington Nationals,New York Mets,pinnacle,totals,Under,8.5,2.03
2026-09-25T22:26:44Z,closing,3aa03f1c80c2ca97a49e0b7548d9e647,2026-09-25T22:41:00Z,Detroit Tigers,Pittsburgh Pirates,fanduel,alternate_spreads,Detroit Tigers,-8.5,18.0
2026-09-25T22:26:44Z,closing,3aa03f1c80c2ca97a49e0b7548d9e647,2026-09-25T22:41:00Z,Detroit Tigers,Pittsburgh Pirates,fanduel,alternate_spreads,Detroit Tigers,-7.5,15.0
2026-09-25T22:26:44Z,closing,3aa03f1c80c2ca97a49e0b7548d9e647,2026-09-25T22:41:00Z,Detroit Tigers,Pittsburgh Pirates,fanduel,alternate_spreads,Detroit Tigers,-6.5,12.0
2026-09-25T22:26:44Z,closing,3aa03f1c80c2ca97a49e0b7548d9e647,2026-09-25T22:41:00Z,Detroit Tigers,Pittsburgh Pirates,fanduel,alternate_spreads,Detroit Tigers,-5.5,9.3
2026-09-25T22:26:44Z,closing,3aa03f1c80c2ca97a49e0b7548d9e647,2026-09-25T22:41:00Z,Detroit Tigers,Pittsburgh Pirates,fanduel,alternate_spreads,Detroit Tigers,-4.5,6.6
2026-09-25T22:26:44Z,closing,3aa03f1c80c2ca97a49e0b7548d9e647,2026-09-25T22:41:00Z,Detroit Tigers,Pittsburgh Pirates,fanduel,alternate_spreads,Detroit Tigers,-3.5,5.0
2026-09-25T22:26:44Z,closing,3aa03f1c80c2ca97a49e0b7548d9e647,2026-09-25T22:41:00Z,Detroit Tigers,Pittsburgh Pirates,fanduel,alternate_spreads,Detroit Tigers,-2.5,3.55
2026-09-25T22:26:44Z,closing,3aa03f1c80c2ca97a49e0b7548d9e647,2026-09-25T22:41:00Z,Detroit Tigers,Pittsburgh Pirates,fanduel,alternate_spreads,Detroit Tigers,-1.5,2.64
2026-09-25T22:26:44Z,closing,3aa03f1c80c2ca97a49e0b7548d9e647,2026-09-25T22:41:00Z,Detroit Tigers,Pittsburgh Pirates,fanduel,alternate_spreads,Detroit Tigers,1.5,1.47
2026-09-25T22:26:44Z,closing,3aa03f1c80c2ca97a49e0b7548d9e647,2026-09-25T22:41:00Z,Detroit Tigers,Pittsburgh Pirates,fanduel,alternate_spreads,Detroit Tigers,2.5,1.27
2026-09-25T22:26:44Z,closing,3aa03f1c80c2ca97a49e0b7548d9e647,2026-09-25T22:41:00Z,Detroit Tigers,Pittsburgh Pirates,fanduel,alternate_spreads,Detroit Tigers,3.5,1.15
2026-09-25T22:26:44Z,closing,3aa03f1c80c2ca97a49e0b7548d9e647,2026-09-25T22:41:00Z,Detroit Tigers,Pittsburgh Pirates,fanduel,alternate_spreads,Detroit Tigers,4.5,1.09
2026-09-25T22:26:44Z,closing,3aa03f1c80c2ca97a49e0b7548d9e647,2026-09-25T22:41:00Z,Detroit Tigers,Pittsburgh Pirates,fanduel,alternate_spreads,Detroit Tigers,5.5,1.05
2026-09-25T22:26:44Z,closing,3aa03f1c80c2ca97a49e0b7548d9e647,2026-09-25T22:41:00Z,Detroit Tigers,Pittsburgh Pirates,fanduel,alternate_spreads,Detroit Tigers,6.5,1.02
2026-09-25T22:26:44Z,closing,3aa03f1c80c2ca97a49e0b7548d9e647,2026-09-25T22:41:00Z,Detroit Tigers,Pittsburgh Pirates,fanduel,alternate_spreads,Pittsburgh Pirates,6.5,1.02
2026-09-25T22:26:44Z,closing,3aa03f1c80c2ca97a49e0b7548d9e647,2026-09-25T22:41:00Z,Detroit Tigers,Pittsburgh Pirates,fanduel,alternate_spreads,Pittsburgh Pirates,5.5,1.05
2026-09-25T22:26:44Z,closing,3aa03f1c80c2ca97a49e0b7548d9e647,2026-09-25T22:41:00Z,Detroit Tigers,Pittsburgh Pirates,fanduel,alternate_spreads,Pittsburgh Pirates,4.5,1.1
2026-09-25T22:26:44Z,closing,3aa03f1c80c2ca97a49e0b7548d9e647,2026-09-25T22:41:00Z,Detroit Tigers,Pittsburgh Pirates,fanduel,alternate_spreads,Pittsburgh Pirates,3.5,1.16
2026-09-25T22:26:44Z,closing,3aa03f1c80c2ca97a49e0b7548d9e647,2026-09-25T22:41:00Z,Detroit Tigers,Pittsburgh Pirates,fanduel,alternate_spreads,Pittsburgh Pirates,2.5,1.29
2026-09-25T22:26:44Z,closing,3aa03f1c80c2ca97a49e0b7548d9e647,2026-09-25T22:41:00Z,Detroit Tigers,Pittsburgh Pirates,fanduel,alternate_spreads,Pittsburgh Pirates,1.5,1.47
2026-09-25T22:26:44Z,closing,3aa03f1c80c2ca97a49e0b7548d9e647,2026-09-25T22:41:00Z,Detroit Tigers,Pittsburgh Pirates,fanduel,alternate_spreads,Pittsburgh Pirates,-1.5,2.64
2026-09-25T22:26:44Z,closing,3aa03f1c80c2ca97a49e0b7548d9e647,2026-09-25T22:41:00Z,Detroit Tigers,Pittsburgh Pirates,fanduel,alternate_spreads,Pittsburgh Pirates,-2.5,3.65
2026-09-25T22:26:44Z,closing,3aa03f1c80c2ca97a49e0b7548d9e647,2026-09-25T22:41:00Z,Detroit Tigers,Pittsburgh Pirates,fanduel,alternate_spreads,Pittsburgh Pirates,-3.5,5.0
2026-09-25T22:26:44Z,closing,3aa03f1c80c2ca97a49e0b7548d9e647,2026-09-25T22:41:00Z,Detroit Tigers,Pittsburgh Pirates,fanduel,alternate_spreads,Pittsburgh Pirates,-4.5,7.0
2026-09-25T22:26:44Z,closing,3aa03f1c80c2ca97a49e0b7548d9e647,2026-09-25T22:41:00Z,Detroit Tigers,Pittsburgh Pirates,fanduel,alternate_spreads,Pittsburgh Pirates,-5.5,9.7
2026-09-25T22:26:44Z,closing,3aa03f1c80c2ca97a49e0b7548d9e647,2026-09-25T22:41:00Z,Detroit Tigers,Pittsburgh Pirates,fanduel,alternate_spreads,Pittsburgh Pirates,-6.5,12.0
2026-09-25T22:26:44Z,closing,3aa03f1c80c2ca97a49e0b7548d9e647,2026-09-25T22:41:00Z,Detroit Tigers,Pittsburgh Pirates,fanduel,alternate_spreads,Pittsburgh Pirates,-7.5,16.0
2026-09-25T22:26:44Z,closing,3aa03f1c80c2ca97a49e0b7548d9e647,2026-09-25T22:41:00Z,Detroit Tigers,Pittsburgh Pirates,fanduel,alternate_spreads,Pittsburgh Pirates,-8.5,18.0
2026-09-25T22:26:44Z,closing,3aa03f1c80c2ca97a49e0b7548d9e647,2026-09-25T22:41:00Z,Detroit Tigers,Pittsburgh Pirates,fanduel,alternate_totals,Over,3.5,1.08
2026-09-25T22:26:44Z,closing,3aa03f1c80c2ca97a49e0b7548d9e647,2026-09-25T22:41:00Z,Detroit Tigers,Pittsburgh Pirates,fanduel,alternate_totals,Over,4.5,1.15
2026-09-25T22:26:44Z,closing,3aa03f1c80c2ca97a49e0b7548d9e647,2026-09-25T22:41:00Z,Detroit Tigers,Pittsburgh Pirates,fanduel,alternate_totals,Over,5.5,1.3
2026-09-25T22:26:44Z,closing,3aa03f1c80c2ca97a49e0b7548d9e647,2026-09-25T22:41:00Z,Detroit Tigers,Pittsburgh Pirates,fanduel,alternate_totals,Over,6.5,1.45
2026-09-25T22:26:44Z,closing,3aa03f1c80c2ca97a49e0b7548d9e647,2026-09-25T22:41:00Z,Detroit Tigers,Pittsburgh Pirates,fanduel,alternate_totals,Over,7.5,1.78
2026-09-25T22:26:44Z,closing,3aa03f1c80c2ca97a49e0b7548d9e647,2026-09-25T22:41:00Z,Detroit Tigers,Pittsburgh Pirates,fanduel,alternate_totals,Over,8.5,2.12
2026-09-25T22:26:44Z,closing,3aa03f1c80c2ca97a49e0b7548d9e647,2026-09-25T22:41:00Z,Detroit Tigers,Pittsburgh Pirates,fanduel,alternate_totals,Over,9.5,2.76
2026-09-25T22:26:44Z,closing,3aa03f1c80c2ca97a49e0b7548d9e647,2026-09-25T22:41:00Z,Detroit Tigers,Pittsburgh Pirates,fanduel,alternate_totals,Over,10.5,3.4
2026-09-25T22:26:44Z,closing,3aa03f1c80c2ca97a49e0b7548d9e647,2026-09-25T22:41:00Z,Detroit Tigers,Pittsburgh Pirates,fanduel,alternate_totals,Over,11.5,4.5
2026-09-25T22:26:44Z,closing,3aa03f1c80c2ca97a49e0b7548d9e647,2026-09-25T22:41:00Z,Detroit Tigers,Pittsburgh Pirates,fanduel,alternate_totals,Over,12.5,5.6
2026-09-25T22:26:44Z,closing,3aa03f1c80c2ca97a49e0b7548d9e647,2026-09-25T22:41:00Z,Detroit Tigers,Pittsburgh Pirates,fanduel,alternate_totals,Over,13.5,7.8
2026-09-25T22:26:44Z,closing,3aa03f1c80c2ca97a49e0b7548d9e647,2026-09-25T22:41:00Z,Detroit Tigers,Pittsburgh Pirates,fanduel,alternate_totals,Over,14.5,9.7
2026-09-25T22:26:44Z,closing,3aa03f1c80c2ca97a49e0b7548d9e647,2026-09-25T22:41:00Z,Detroit Tigers,Pittsburgh Pirates,fanduel,alternate_totals,Over,15.5,12.0
2026-09-25T22:26:44Z,closing,3aa03f1c80c2ca97a49e0b7548d9e647,2026-09-25T22:41:00Z,Detroit Tigers,Pittsburgh Pirates,fanduel,alternate_totals,Over,16.5,15.0
2026-09-25T22:26:44Z,closing,3aa03f1c80c2ca97a49e0b7548d9e647,2026-09-25T22:41:00Z,Detroit Tigers,Pittsburgh Pirates,fanduel,alternate_totals,Over,17.5,18.0
2026-09-25T22:26:44Z,closing,3aa03f1c80c2ca97a49e0b7548d9e647,2026-09-25T22:41:00Z,Detroit Tigers,Pittsburgh Pirates,fanduel,alternate_totals,Under,2.5,14.0
2026-09-25T22:26:44Z,closing,3aa03f1c80c2ca97a49e0b7548d9e647,2026-09-25T22:41:00Z,Detroit Tigers,Pittsburgh Pirates,fanduel,alternate_totals,Under,3.5,7.3
2026-09-25T22:26:44Z,closing,3aa03f1c80c2ca97a49e0b7548d9e647,2026-09-25T22:41:00Z,Detroit Tigers,Pittsburgh Pirates,fanduel,alternate_totals,Under,4.5,5.2
2026-09-25T22:26:44Z,closing,3aa03f1c80c2ca97a49e0b7548d9e647,2026-09-25T22:41:00Z,Detroit Tigers,Pittsburgh Pirates,fanduel,alternate_totals,Under,5.5,3.4
2026-09-25T22:26:44Z,closing,3aa03f1c80c2ca97a49e0b7548d9e647,2026-09-25T22:41:00Z,Detroit Tigers,Pittsburgh Pirates,fanduel,alternate_totals,Under,6.5,2.68
2026-09-25T22:26:44Z,closing,3aa03f1c80c2ca97a49e0b7548d9e647,2026-09-25T22:41:00Z,Detroit Tigers,Pittsburgh Pirates,fanduel,alternate_totals,Under,7.5,2.0
2026-09-25T22:26:44Z,closing,3aa03f1c80c2ca97a49e0b7548d9e647,2026-09-25T22:41:00Z,Detroit Tigers,Pittsburgh Pirates,fanduel,alternate_totals,Under,8.5,1.7
2026-09-25T22:26:44Z,closing,3aa03f1c80c2ca97a49e0b7548d9e647,2026-09-25T22:41:00Z,Detroit Tigers,Pittsburgh Pirates,fanduel,alternate_totals,Under,9.5,1.43
2026-09-25T22:26:44Z,closing,3aa03f1c80c2ca97a49e0b7548d9e647,2026-09-25T22:41:00Z,Detroit Tigers,Pittsburgh Pirates,fanduel,alternate_totals,Under,10.5,1.3
2026-09-25T22:26:44Z,closing,3aa03f1c80c2ca97a49e0b7548d9e647,2026-09-25T22:41:00Z,Detroit Tigers,Pittsburgh Pirates,fanduel,alternate_totals,Under,11.5,1.19
2026-09-25T22:26:44Z,closing,3aa03f1c80c2ca97a49e0b7548d9e647,2026-09-25T22:41:00Z,Detroit Tigers,Pittsburgh Pirates,fanduel,alternate_totals,Under,12.5,1.13
2026-09-25T22:26:44Z,closing,3aa03f1c80c2ca97a49e0b7548d9e647,2026-09-25T22:41:00Z,Detroit Tigers,Pittsburgh Pirates,fanduel,alternate_totals,Under,13.5,1.07
2026-09-25T22:26:44Z,closing,3aa03f1c80c2ca97a49e0b7548d9e647,2026-09-25T22:41:00Z,Detroit Tigers,Pittsburgh Pirates,fanduel,alternate_totals,Under,14.5,1.05
2026-09-25T22:26:44Z,closing,3aa03f1c80c2ca97a49e0b7548d9e647,2026-09-25T22:41:00Z,Detroit Tigers,Pittsburgh Pirates,fanduel,alternate_totals,Under,15.5,1.02
2026-09-25T22:26:44Z,closing,3aa03f1c80c2ca97a49e0b7548d9e647,2026-09-25T22:41:00Z,Detroit Tigers,Pittsburgh Pirates,coolbet,alternate_spreads,Detroit Tigers,-2.5,3.6
2026-09-25T22:26:44Z,closing,3aa03f1c80c2ca97a49e0b7548d9e647,2026-09-25T22:41:00Z,Detroit Tigers,Pittsburgh Pirates,coolbet,alternate_spreads,Detroit Tigers,-1.5,2.7
2026-09-25T22:26:44Z,closing,3aa03f1c80c2ca97a49e0b7548d9e647,2026-09-25T22:41:00Z,Detroit Tigers,Pittsburgh Pirates,coolbet,alternate_spreads,Detroit Tigers,1.5,1.52
2026-09-25T22:26:44Z,closing,3aa03f1c80c2ca97a49e0b7548d9e647,2026-09-25T22:41:00Z,Detroit Tigers,Pittsburgh Pirates,coolbet,alternate_spreads,Detroit Tigers,3.5,1.21
2026-09-25T22:26:44Z,closing,3aa03f1c80c2ca97a49e0b7548d9e647,2026-09-25T22:41:00Z,Detroit Tigers,Pittsburgh Pirates,coolbet,alternate_spreads,Detroit Tigers,2.5,1.33
2026-09-25T22:26:44Z,closing,3aa03f1c80c2ca97a49e0b7548d9e647,2026-09-25T22:41:00Z,Detroit Tigers,Pittsburgh Pirates,coolbet,alternate_spreads,Pittsburgh Pirates,2.5,1.29
2026-09-25T22:26:44Z,closing,3aa03f1c80c2ca97a49e0b7548d9e647,2026-09-25T22:41:00Z,Detroit Tigers,Pittsburgh Pirates,coolbet,alternate_spreads,Pittsburgh Pirates,1.5,1.47
2026-09-25T22:26:44Z,closing,3aa03f1c80c2ca97a49e0b7548d9e647,2026-09-25T22:41:00Z,Detroit Tigers,Pittsburgh Pirates,coolbet,alternate_spreads,Pittsburgh Pirates,-1.5,2.55
2026-09-25T22:26:44Z,closing,3aa03f1c80c2ca97a49e0b7548d9e647,2026-09-25T22:41:00Z,Detroit Tigers,Pittsburgh Pirates,coolbet,alternate_spreads,Pittsburgh Pirates,-3.5,4.5
2026-09-25T22:26:44Z,closing,3aa03f1c80c2ca97a49e0b7548d9e647,2026-09-25T22:41:00Z,Detroit Tigers,Pittsburgh Pirates,coolbet,alternate_spreads,Pittsburgh Pirates,-2.5,3.35
2026-09-25T22:26:44Z,closing,3aa03f1c80c2ca97a49e0b7548d9e647,2026-09-25T22:41:00Z,Detroit Tigers,Pittsburgh Pirates,coolbet,alternate_totals,Over,9.0,2.4
2026-09-25T22:26:44Z,closing,3aa03f1c80c2ca97a49e0b7548d9e647,2026-09-25T22:41:00Z,Detroit Tigers,Pittsburgh Pirates,coolbet,alternate_totals,Over,6.5,1.5
2026-09-25T22:26:44Z,closing,3aa03f1c80c2ca97a49e0b7548d9e647,2026-09-25T22:41:00Z,Detroit Tigers,Pittsburgh Pirates,coolbet,alternate_totals,Over,7.0,1.6
2026-09-25T22:26:44Z,closing,3aa03f1c80c2ca97a49e0b7548d9e647,2026-09-25T22:41:00Z,Detroit Tigers,Pittsburgh Pirates,coolbet,alternate_totals,Over,9.5,2.67
2026-09-25T22:26:44Z,closing,3aa03f1c80c2ca97a49e0b7548d9e647,2026-09-25T22:41:00Z,Detroit Tigers,Pittsburgh Pirates,coolbet,alternate_totals,Over,8.0,1.95
2026-09-25T22:26:44Z,closing,3aa03f1c80c2ca97a49e0b7548d9e647,2026-09-25T22:41:00Z,Detroit Tigers,Pittsburgh Pirates,coolbet,alternate_totals,Over,8.5,2.1
2026-09-25T22:26:44Z,closing,3aa03f1c80c2ca97a49e0b7548d9e647,2026-09-25T22:41:00Z,Detroit Tigers,Pittsburgh Pirates,coolbet,alternate_totals,Over,7.5,1.8
2026-09-25T22:26:44Z,closing,3aa03f1c80c2ca97a49e0b7548d9e647,2026-09-25T22:41:00Z,Detroit Tigers,Pittsburgh Pirates,coolbet,alternate_totals,Under,9.0,1.58
2026-09-25T22:26:44Z,closing,3aa03f1c80c2ca97a49e0b7548d9e647,2026-09-25T22:41:00Z,Detroit Tigers,Pittsburgh Pirates,coolbet,alternate_totals,Under,6.5,2.6
2026-09-25T22:26:44Z,closing,3aa03f1c80c2ca97a49e0b7548d9e647,2026-09-25T22:41:00Z,Detroit Tigers,Pittsburgh Pirates,coolbet,alternate_totals,Under,7.0,2.35
2026-09-25T22:26:44Z,closing,3aa03f1c80c2ca97a49e0b7548d9e647,2026-09-25T22:41:00Z,Detroit Tigers,Pittsburgh Pirates,coolbet,alternate_totals,Under,9.5,1.48
2026-09-25T22:26:44Z,closing,3aa03f1c80c2ca97a49e0b7548d9e647,2026-09-25T22:41:00Z,Detroit Tigers,Pittsburgh Pirates,coolbet,alternate_totals,Under,8.0,1.87
2026-09-25T22:26:44Z,closing,3aa03f1c80c2ca97a49e0b7548d9e647,2026-09-25T22:41:00Z,Detroit Tigers,Pittsburgh Pirates,coolbet,alternate_totals,Under,8.5,1.75
2026-09-25T22:26:44Z,closing,3aa03f1c80c2ca97a49e0b7548d9e647,2026-09-25T22:41:00Z,Detroit Tigers,Pittsburgh Pirates,coolbet,alternate_totals,Under,7.5,2.02
2026-09-25T22:26:44Z,closing,3aa03f1c80c2ca97a49e0b7548d9e647,2026-09-25T22:41:00Z,Detroit Tigers,Pittsburgh Pirates,draftkings,alternate_spreads,Detroit Tigers,4.5,1.1
2026-09-25T22:26:44Z,closing,3aa03f1c80c2ca97a49e0b7548d9e647,2026-09-25T22:41:00Z,Detroit Tigers,Pittsburgh Pirates,draftkings,alternate_spreads,Detroit Tigers,4.0,1.11
2026-09-25T22:26:44Z,closing,3aa03f1c80c2ca97a49e0b7548d9e647,2026-09-25T22:41:00Z,Detroit Tigers,Pittsburgh Pirates,draftkings,alternate_spreads,Detroit Tigers,3.5,1.17
2026-09-25T22:26:44Z,closing,3aa03f1c80c2ca97a49e0b7548d9e647,2026-09-25T22:41:00Z,Detroit Tigers,Pittsburgh Pirates,draftkings,alternate_spreads,Detroit Tigers,3.0,1.19
2026-09-25T22:26:44Z,closing,3aa03f1c80c2ca97a49e0b7548d9e647,2026-09-25T22:41:00Z,Detroit Tigers,Pittsburgh Pirates,draftkings,alternate_spreads,Detroit Tigers,2.5,1.29
2026-09-25T22:26:44Z,closing,3aa03f1c80c2ca97a49e0b7548d9e647,2026-09-25T22:41:00Z,Detroit Tigers,Pittsburgh Pirates,draftkings,alternate_spreads,Detroit Tigers,2.0,1.34
2026-09-25T22:26:44Z,closing,3aa03f1c80c2ca97a49e0b7548d9e647,2026-09-25T22:41:00Z,Detroit Tigers,Pittsburgh Pirates,draftkings,alternate_spreads,Detroit Tigers,1.0,1.6
2026-09-25T22:26:44Z,closing,3aa03f1c80c2ca97a49e0b7548d9e647,2026-09-25T22:41:00Z,Detroit Tigers,Pittsburgh Pirates,draftkings,alternate_spreads,Detroit Tigers,-1.0,2.25
2026-09-25T22:26:44Z,closing,3aa03f1c80c2ca97a49e0b7548d9e647,2026-09-25T22:41:00Z,Detroit Tigers,Pittsburgh Pirates,draftkings,alternate_spreads,Detroit Tigers,-1.5,2.7
2026-09-25T22:26:44Z,closing,3aa03f1c80c2ca97a49e0b7548d9e647,2026-09-25T22:41:00Z,Detroit Tigers,Pittsburgh Pirates,draftkings,alternate_spreads,Detroit Tigers,-2.0,3.31
2026-09-25T22:26:44Z,closing,3aa03f1c80c2ca97a49e0b7548d9e647,2026-09-25T22:41:00Z,Detroit Tigers,Pittsburgh Pirates,draftkings,alternate_spreads,Detroit Tigers,-2.5,3.61
2026-09-25T22:26:44Z,closing,3aa03f1c80c2ca97a49e0b7548d9e647,2026-09-25T22:41:00Z,Detroit Tigers,Pittsburgh Pirates,draftkings,alternate_spreads,Detroit Tigers,-3.0,4.58
2026-09-25T22:26:44Z,closing,3aa03f1c80c2ca97a49e0b7548d9e647,2026-09-25T22:41:00Z,Detroit Tigers,Pittsburgh Pirates,draftkings,alternate_spreads,Detroit Tigers,-3.5,4.87
2026-09-25T22:26:44Z,closing,3aa03f1c80c2ca97a49e0b7548d9e647,2026-09-25T22:41:00Z,Detroit Tigers,Pittsburgh Pirates,draftkings,alternate_spreads,Detroit Tigers,-4.0,6.3
2026-09-25T22:26:44Z,closing,3aa03f1c80c2ca97a49e0b7548d9e647,2026-09-25T22:41:00Z,Detroit Tigers,Pittsburgh Pirates,draftkings,alternate_spreads,Detroit Tigers,-4.5,6.58
2026-09-25T22:26:44Z,closing,3aa03f1c80c2ca97a49e0b7548d9e647,2026-09-25T22:41:00Z,Detroit Tigers,Pittsburgh Pirates,draftkings,alternate_spreads,Detroit Tigers,-5.0,8.5
2026-09-25T22:26:44Z,closing,3aa03f1c80c2ca97a49e0b7548d9e647,2026-09-25T22:41:00Z,Detroit Tigers,Pittsburgh Pirates,draftkings,alternate_spreads,Pittsburgh Pirates,-4.5,6.41
2026-09-25T22:26:44Z,closing,3aa03f1c80c2ca97a49e0b7548d9e647,2026-09-25T22:41:00Z,Detroit Tigers,Pittsburgh Pirates,draftkings,alternate_spreads,Pittsburgh Pirates,-4.0,6.13
2026-09-25T22:26:44Z,closing,3aa03f1c80c2ca97a49e0b7548d9e647,2026-09-25T22:41:00Z,Detroit Tigers,Pittsburgh Pirates,draftkings,alternate_spreads,Pittsburgh Pirates,-3.5,4.73
2026-09-25T22:26:44Z,closing,3aa03f1c80c2ca97a49e0b7548d9e647,2026-09-25T22:41:00Z,Detroit Tigers,Pittsburgh Pirates,draftkings,alternate_spreads,Pittsburgh Pirates,-3.0,4.42
2026-09-25T22:26:44Z,closing,3aa03f1c80c2ca97a49e0b7548d9e647,2026-09-25T22:41:00Z,Detroit Tigers,Pittsburgh Pirates,draftkings,alternate_spreads,Pittsburgh Pirates,-2.5,3.47
2026-09-25T22:26:44Z,closing,3aa03f1c80c2ca97a49e0b7548d9e647,2026-09-25T22:41:00Z,Detroit Tigers,Pittsburgh Pirates,draftkings,alternate_spreads,Pittsburgh Pirates,-2.0,3.15
2026-09-25T22:26:44Z,closing,3aa03f1c80c2ca97a49e0b7548d9e647,2026-09-25T22:41:00Z,Detroit Tigers,Pittsburgh Pirates,draftkings,alternate_spreads,Pittsburgh Pirates,-1.0,2.27
2026-09-25T22:26:44Z,closing,3aa03f1c80c2ca97a49e0b7548d9e647,2026-09-25T22:41:00Z,Detroit Tigers,Pittsburgh Pirates,draftkings,alternate_spreads,Pittsburgh Pirates,1.0,1.61
2026-09-25T22:26:44Z,closing,3aa03f1c80c2ca97a49e0b7548d9e647,2026-09-25T22:41:00Z,Detroit Tigers,Pittsburgh Pirates,draftkings,alternate_spreads,Pittsburgh Pirates,1.5,1.44
2026-09-25T22:26:44Z,closing,3aa03f1c80c2ca97a49e0b7548d9e647,2026-09-25T22:41:00Z,Detroit Tigers,Pittsburgh Pirates,draftkings,alternate_spreads,Pittsburgh Pirates,2.0,1.31
2026-09-25T22:26:44Z,closing,3aa03f1c80c2ca97a49e0b7548d9e647,2026-09-25T22:41:00Z,Detroit Tigers,Pittsburgh Pirates,draftkings,alternate_spreads,Pittsburgh Pirates,2.5,1.27
2026-09-25T22:26:44Z,closing,3aa03f1c80c2ca97a49e0b7548d9e647,2026-09-25T22:41:00Z,Detroit Tigers,Pittsburgh Pirates,draftkings,alternate_spreads,Pittsburgh Pirates,3.0,1.18
2026-09-25T22:26:44Z,closing,3aa03f1c80c2ca97a49e0b7548d9e647,2026-09-25T22:41:00Z,Detroit Tigers,Pittsburgh Pirates,draftkings,alternate_spreads,Pittsburgh Pirates,3.5,1.16
2026-09-25T22:26:44Z,closing,3aa03f1c80c2ca97a49e0b7548d9e647,2026-09-25T22:41:00Z,Detroit Tigers,Pittsburgh Pirates,draftkings,alternate_spreads,Pittsburgh Pirates,4.0,1.1
2026-09-25T22:26:44Z,closing,3aa03f1c80c2ca97a49e0b7548d9e647,2026-09-25T22:41:00Z,Detroit Tigers,Pittsburgh Pirates,draftkings,alternate_spreads,Pittsburgh Pirates,4.5,1.1
2026-09-25T22:26:44Z,closing,3aa03f1c80c2ca97a49e0b7548d9e647,2026-09-25T22:41:00Z,Detroit Tigers,Pittsburgh Pirates,draftkings,alternate_spreads,Pittsburgh Pirates,5.0,1.06
2026-09-25T22:26:44Z,closing,3aa03f1c80c2ca97a49e0b7548d9e647,2026-09-25T22:41:00Z,Detroit Tigers,Pittsburgh Pirates,draftkings,alternate_totals,Over,4.5,1.15
2026-09-25T22:26:44Z,closing,3aa03f1c80c2ca97a49e0b7548d9e647,2026-09-25T22:41:00Z,Detroit Tigers,Pittsburgh Pirates,draftkings,alternate_totals,Over,5.0,1.18
2026-09-25T22:26:44Z,closing,3aa03f1c80c2ca97a49e0b7548d9e647,2026-09-25T22:41:00Z,Detroit Tigers,Pittsburgh Pirates,draftkings,alternate_totals,Over,5.5,1.31
2026-09-25T22:26:44Z,closing,3aa03f1c80c2ca97a49e0b7548d9e647,2026-09-25T22:41:00Z,Detroit Tigers,Pittsburgh Pirates,draftkings,alternate_totals,Over,6.0,1.35
2026-09-25T22:26:44Z,closing,3aa03f1c80c2ca97a49e0b7548d9e647,2026-09-25T22:41:00Z,Detroit Tigers,Pittsburgh Pirates,draftkings,alternate_totals,Over,6.5,1.46
2026-09-25T22:26:44Z,closing,3aa03f1c80c2ca97a49e0b7548d9e647,2026-09-25T22:41:00Z,Detroit Tigers,Pittsburgh Pirates,draftkings,alternate_totals,Over,7.0,1.57
2026-09-25T22:26:44Z,closing,3aa03f1c80c2ca97a49e0b7548d9e647,2026-09-25T22:41:00Z,Detroit Tigers,Pittsburgh Pirates,draftkings,alternate_totals,Over,7.5,1.77
2026-09-25T22:26:44Z,closing,3aa03f1c80c2ca97a49e0b7548d9e647,2026-09-25T22:41:00Z,Detroit Tigers,Pittsburgh Pirates,draftkings,alternate_totals,Over,8.5,2.05
2026-09-25T22:26:44Z,closing,3aa03f1c80c2ca97a49e0b7548d9e647,2026-09-25T22:41:00Z,Detroit Tigers,Pittsburgh Pirates,draftkings,alternate_totals,Over,9.0,2.36
2026-09-25T22:26:44Z,closing,3aa03f1c80c2ca97a49e0b7548d9e647,2026-09-25T22:41:00Z,Detroit Tigers,Pittsburgh Pirates,draftkings,alternate_totals,Over,9.5,2.61
2026-09-25T22:26:44Z,closing,3aa03f1c80c2ca97a49e0b7548d9e647,2026-09-25T22:41:00Z,Detroit Tigers,Pittsburgh Pirates,draftkings,alternate_totals,Over,10.0,2.96
2026-09-25T22:26:44Z,closing,3aa03f1c80c2ca97a49e0b7548d9e647,2026-09-25T22:41:00Z,Detroit Tigers,Pittsburgh Pirates,draftkings,alternate_totals,Over,10.5,3.14
2026-09-25T22:26:44Z,closing,3aa03f1c80c2ca97a49e0b7548d9e647,2026-09-25T22:41:00Z,Detroit Tigers,Pittsburgh Pirates,draftkings,alternate_totals,Over,11.0,3.87
2026-09-25T22:26:44Z,closing,3aa03f1c80c2ca97a49e0b7548d9e647,2026-09-25T22:41:00Z,Detroit Tigers,Pittsburgh Pirates,draftkings,alternate_totals,Over,11.5,4.16
2026-09-25T22:26:44Z,closing,3aa03f1c80c2ca97a49e0b7548d9e647,2026-09-25T22:41:00Z,Detroit Tigers,Pittsburgh Pirates,draftkings,alternate_totals,Over,12.0,4.89
2026-09-25T22:26:44Z,closing,3aa03f1c80c2ca97a49e0b7548d9e647,2026-09-25T22:41:00Z,Detroit Tigers,Pittsburgh Pirates,draftkings,alternate_totals,Over,12.5,5.07
2026-09-25T22:26:44Z,closing,3aa03f1c80c2ca97a49e0b7548d9e647,2026-09-25T22:41:00Z,Detroit Tigers,Pittsburgh Pirates,draftkings,alternate_totals,Under,4.5,5.12
2026-09-25T22:26:44Z,closing,3aa03f1c80c2ca97a49e0b7548d9e647,2026-09-25T22:41:00Z,Detroit Tigers,Pittsburgh Pirates,draftkings,alternate_totals,Under,5.0,4.66
2026-09-25T22:26:44Z,closing,3aa03f1c80c2ca97a49e0b7548d9e647,2026-09-25T22:41:00Z,Detroit Tigers,Pittsburgh Pirates,draftkings,alternate_totals,Under,5.5,3.32
2026-09-25T22:26:44Z,closing,3aa03f1c80c2ca97a49e0b7548d9e647,2026-09-25T22:41:00Z,Detroit Tigers,Pittsburgh Pirates,draftkings,alternate_totals,Under,6.0,3.09
2026-09-25T22:26:44Z,closing,3aa03f1c80c2ca97a49e0b7548d9e647,2026-09-25T22:41:00Z,Detroit Tigers,Pittsburgh Pirates,draftkings,alternate_totals,Under,6.5,2.63
2026-09-25T22:26:44Z,closing,3aa03f1c80c2ca97a49e0b7548d9e647,2026-09-25T22:41:00Z,Detroit Tigers,Pittsburgh Pirates,draftkings,alternate_totals,Under,7.0,2.34
2026-09-25T22:26:44Z,closing,3aa03f1c80c2ca97a49e0b7548d9e647,2026-09-25T22:41:00Z,Detroit Tigers,Pittsburgh Pirates,draftkings,alternate_totals,Under,7.5,2.0
2026-09-25T22:26:44Z,closing,3aa03f1c80c2ca97a49e0b7548d9e647,2026-09-25T22:41:00Z,Detroit Tigers,Pittsburgh Pirates,draftkings,alternate_totals,Under,8.5,1.73
2026-09-25T22:26:44Z,closing,3aa03f1c80c2ca97a49e0b7548d9e647,2026-09-25T22:41:00Z,Detroit Tigers,Pittsburgh Pirates,draftkings,alternate_totals,Under,9.0,1.56
2026-09-25T22:26:44Z,closing,3aa03f1c80c2ca97a49e0b7548d9e647,2026-09-25T22:41:00Z,Detroit Tigers,Pittsburgh Pirates,draftkings,alternate_totals,Under,9.5,1.47
2026-09-25T22:26:44Z,closing,3aa03f1c80c2ca97a49e0b7548d9e647,2026-09-25T22:41:00Z,Detroit Tigers,Pittsburgh Pirates,draftkings,alternate_totals,Under,10.0,1.38
2026-09-25T22:26:44Z,closing,3aa03f1c80c2ca97a49e0b7548d9e647,2026-09-25T22:41:00Z,Detroit Tigers,Pittsburgh Pirates,draftkings,alternate_totals,Under,10.5,1.34
2026-09-25T22:26:44Z,closing,3aa03f1c80c2ca97a49e0b7548d9e647,2026-09-25T22:41:00Z,Detroit Tigers,Pittsburgh Pirates,draftkings,alternate_totals,Under,11.0,1.24
2026-09-25T22:26:44Z,closing,3aa03f1c80c2ca97a49e0b7548d9e647,2026-09-25T22:41:00Z,Detroit Tigers,Pittsburgh Pirates,draftkings,alternate_totals,Under,11.5,1.21
2026-09-25T22:26:44Z,closing,3aa03f1c80c2ca97a49e0b7548d9e647,2026-09-25T22:41:00Z,Detroit Tigers,Pittsburgh Pirates,draftkings,alternate_totals,Under,12.0,1.16
2026-09-25T22:26:44Z,closing,3aa03f1c80c2ca97a49e0b7548d9e647,2026-09-25T22:41:00Z,Detroit Tigers,Pittsburgh Pirates,draftkings,alternate_totals,Under,12.5,1.15
2026-09-25T22:26:44Z,closing,3aa03f1c80c2ca97a49e0b7548d9e647,2026-09-25T22:41:00Z,Detroit Tigers,Pittsburgh Pirates,betmgm,alternate_spreads,Detroit Tigers,-2.5,3.8
2026-09-25T22:26:44Z,closing,3aa03f1c80c2ca97a49e0b7548d9e647,2026-09-25T22:41:00Z,Detroit Tigers,Pittsburgh Pirates,betmgm,alternate_spreads,Detroit Tigers,-1.5,2.7
2026-09-25T22:26:44Z,closing,3aa03f1c80c2ca97a49e0b7548d9e647,2026-09-25T22:41:00Z,Detroit Tigers,Pittsburgh Pirates,betmgm,alternate_spreads,Detroit Tigers,1.5,1.5
2026-09-25T22:26:44Z,closing,3aa03f1c80c2ca97a49e0b7548d9e647,2026-09-25T22:41:00Z,Detroit Tigers,Pittsburgh Pirates,betmgm,alternate_spreads,Detroit Tigers,2.5,1.31
2026-09-25T22:26:44Z,closing,3aa03f1c80c2ca97a49e0b7548d9e647,2026-09-25T22:41:00Z,Detroit Tigers,Pittsburgh Pirates,betmgm,alternate_spreads,Detroit Tigers,3.5,1.19
2026-09-25T22:26:44Z,closing,3aa03f1c80c2ca97a49e0b7548d9e647,2026-09-25T22:41:00Z,Detroit Tigers,Pittsburgh Pirates,betmgm,alternate_spreads,Detroit Tigers,-3.5,5.25
2026-09-25T22:26:44Z,closing,3aa03f1c80c2ca97a49e0b7548d9e647,2026-09-25T22:41:00Z,Detroit Tigers,Pittsburgh Pirates,betmgm,alternate_spreads,Pittsburgh Pirates,2.5,1.25
2026-09-25T22:26:44Z,closing,3aa03f1c80c2ca97a49e0b7548d9e647,2026-09-25T22:41:00Z,Detroit Tigers,Pittsburgh Pirates,betmgm,alternate_spreads,Pittsburgh Pirates,1.5,1.44
2026-09-25T22:26:44Z,closing,3aa03f1c80c2ca97a49e0b7548d9e647,2026-09-25T22:41:00Z,Detroit Tigers,Pittsburgh Pirates,betmgm,alternate_spreads,Pittsburgh Pirates,-1.5,2.65
2026-09-25T22:26:44Z,closing,3aa03f1c80c2ca97a49e0b7548d9e647,2026-09-25T22:41:00Z,Detroit Tigers,Pittsburgh Pirates,betmgm,alternate_spreads,Pittsburgh Pirates,-2.5,3.4
2026-09-25T22:26:44Z,closing,3aa03f1c80c2ca97a49e0b7548d9e647,2026-09-25T22:41:00Z,Detroit Tigers,Pittsburgh Pirates,betmgm,alternate_spreads,Pittsburgh Pirates,-3.5,4.5
2026-09-25T22:26:44Z,closing,3aa03f1c80c2ca97a49e0b7548d9e647,2026-09-25T22:41:00Z,Detroit Tigers,Pittsburgh Pirates,betmgm,alternate_spreads,Pittsburgh Pirates,3.5,1.14
2026-09-25T22:26:44Z,closing,3aa03f1c80c2ca97a49e0b7548d9e647,2026-09-25T22:41:00Z,Detroit Tigers,Pittsburgh Pirates,betmgm,alternate_totals,Over,3.5,1.07
2026-09-25T22:26:44Z,closing,3aa03f1c80c2ca97a49e0b7548d9e647,2026-09-25T22:41:00Z,Detroit Tigers,Pittsburgh Pirates,betmgm,alternate_totals,Over,4.0,1.08
2026-09-25T22:26:44Z,closing,3aa03f1c80c2ca97a49e0b7548d9e647,2026-09-25T22:41:00Z,Detroit Tigers,Pittsburgh Pirates,betmgm,alternate_totals,Over,4.5,1.14
2026-09-25T22:26:44Z,closing,3aa03f1c80c2ca97a49e0b7548d9e647,2026-09-25T22:41:00Z,Detroit Tigers,Pittsburgh Pirates,betmgm,alternate_totals,Over,5.0,1.16
2026-09-25T22:26:44Z,closing,3aa03f1c80c2ca97a49e0b7548d9e647,2026-09-25T22:41:00Z,Detroit Tigers,Pittsburgh Pirates,betmgm,alternate_totals,Over,5.5,1.29
2026-09-25T22:26:44Z,closing,3aa03f1c80c2ca97a49e0b7548d9e647,2026-09-25T22:41:00Z,Detroit Tigers,Pittsburgh Pirates,betmgm,alternate_totals,Over,6.0,1.33
2026-09-25T22:26:44Z,closing,3aa03f1c80c2ca97a49e0b7548d9e647,2026-09-25T22:41:00Z,Detroit Tigers,Pittsburgh Pirates,betmgm,alternate_totals,Over,6.5,1.43
2026-09-25T22:26:44Z,closing,3aa03f1c80c2ca97a49e0b7548d9e647,2026-09-25T22:41:00Z,Detroit Tigers,Pittsburgh Pirates,betmgm,alternate_totals,Over,7.0,1.54
2026-09-25T22:26:44Z,closing,3aa03f1c80c2ca97a49e0b7548d9e647,2026-09-25T22:41:00Z,Detroit Tigers,Pittsburgh Pirates,betmgm,alternate_totals,Over,7.5,1.77
2026-09-25T22:26:44Z,closing,3aa03f1c80c2ca97a49e0b7548d9e647,2026-09-25T22:41:00Z,Detroit Tigers,Pittsburgh Pirates,betmgm,alternate_totals,Over,8.0,1.95
2026-09-25T22:26:44Z,closing,3aa03f1c80c2ca97a49e0b7548d9e647,2026-09-25T22:41:00Z,Detroit Tigers,Pittsburgh Pirates,betmgm,alternate_totals,Over,8.5,2.1
2026-09-25T22:26:44Z,closing,3aa03f1c80c2ca97a49e0b7548d9e647,2026-09-25T22:41:00Z,Detroit Tigers,Pittsburgh Pirates,betmgm,alternate_totals,Over,9.0,2.45
2026-09-25T22:26:44Z,closing,3aa03f1c80c2ca97a49e0b7548d9e647,2026-09-25T22:41:00Z,Detroit Tigers,Pittsburgh Pirates,betmgm,alternate_totals,Over,9.5,2.75
2026-09-25T22:26:44Z,closing,3aa03f1c80c2ca97a49e0b7548d9e647,2026-09-25T22:41:00Z,Detroit Tigers,Pittsburgh Pirates,betmgm,alternate_totals,Over,10.0,3.1
2026-09-25T22:26:44Z,closing,3aa03f1c80c2ca97a49e0b7548d9e647,2026-09-25T22:41:00Z,Detroit Tigers,Pittsburgh Pirates,betmgm,alternate_totals,Over,10.5,3.2
2026-09-25T22:26:44Z,closing,3aa03f1c80c2ca97a49e0b7548d9e647,2026-09-25T22:41:00Z,Detroit Tigers,Pittsburgh Pirates,betmgm,alternate_totals,Over,11.0,4.0
2026-09-25T22:26:44Z,closing,3aa03f1c80c2ca97a49e0b7548d9e647,2026-09-25T22:41:00Z,Detroit Tigers,Pittsburgh Pirates,betmgm,alternate_totals,Over,11.5,4.33
2026-09-25T22:26:44Z,closing,3aa03f1c80c2ca97a49e0b7548d9e647,2026-09-25T22:41:00Z,Detroit Tigers,Pittsburgh Pirates,betmgm,alternate_totals,Over,12.0,5.0
2026-09-25T22:26:44Z,closing,3aa03f1c80c2ca97a49e0b7548d9e647,2026-09-25T22:41:00Z,Detroit Tigers,Pittsburgh Pirates,betmgm,alternate_totals,Over,12.5,5.25
2026-09-25T22:26:44Z,closing,3aa03f1c80c2ca97a49e0b7548d9e647,2026-09-25T22:41:00Z,Detroit Tigers,Pittsburgh Pirates,betmgm,alternate_totals,Over,13.0,6.75
2026-09-25T22:26:44Z,closing,3aa03f1c80c2ca97a49e0b7548d9e647,2026-09-25T22:41:00Z,Detroit Tigers,Pittsburgh Pirates,betmgm,alternate_totals,Over,13.5,7.0
2026-09-25T22:26:44Z,closing,3aa03f1c80c2ca97a49e0b7548d9e647,2026-09-25T22:41:00Z,Detroit Tigers,Pittsburgh Pirates,betmgm,alternate_totals,Over,2.5,1.01
2026-09-25T22:26:44Z,closing,3aa03f1c80c2ca97a49e0b7548d9e647,2026-09-25T22:41:00Z,Detroit Tigers,Pittsburgh Pirates,betmgm,alternate_totals,Over,3.0,1.01
2026-09-25T22:26:44Z,closing,3aa03f1c80c2ca97a49e0b7548d9e647,2026-09-25T22:41:00Z,Detroit Tigers,Pittsburgh Pirates,betmgm,alternate_totals,Under,3.5,7.5
2026-09-25T22:26:44Z,closing,3aa03f1c80c2ca97a49e0b7548d9e647,2026-09-25T22:41:00Z,Detroit Tigers,Pittsburgh Pirates,betmgm,alternate_totals,Under,4.0,7.25
2026-09-25T22:26:44Z,closing,3aa03f1c80c2ca97a49e0b7548d9e647,2026-09-25T22:41:00Z,Detroit Tigers,Pittsburgh Pirates,betmgm,alternate_totals,Under,4.5,5.25
2026-09-25T22:26:44Z,closing,3aa03f1c80c2ca97a49e0b7548d9e647,2026-09-25T22:41:00Z,Detroit Tigers,Pittsburgh Pirates,betmgm,alternate_totals,Under,5.0,5.0
2026-09-25T22:26:44Z,closing,3aa03f1c80c2ca97a49e0b7548d9e647,2026-09-25T22:41:00Z,Detroit Tigers,Pittsburgh Pirates,betmgm,alternate_totals,Under,5.5,3.5
2026-09-25T22:26:44Z,closing,3aa03f1c80c2ca97a49e0b7548d9e647,2026-09-25T22:41:00Z,Detroit Tigers,Pittsburgh Pirates,betmgm,alternate_totals,Under,6.0,3.2
2026-09-25T22:26:44Z,closing,3aa03f1c80c2ca97a49e0b7548d9e647,2026-09-25T22:41:00Z,Detroit Tigers,Pittsburgh Pirates,betmgm,alternate_totals,Under,6.5,2.75
2026-09-25T22:26:44Z,closing,3aa03f1c80c2ca97a49e0b7548d9e647,2026-09-25T22:41:00Z,Detroit Tigers,Pittsburgh Pirates,betmgm,alternate_totals,Under,7.0,2.4
2026-09-25T22:26:44Z,closing,3aa03f1c80c2ca97a49e0b7548d9e647,2026-09-25T22:41:00Z,Detroit Tigers,Pittsburgh Pirates,betmgm,alternate_totals,Under,7.5,2.0
2026-09-25T22:26:44Z,closing,3aa03f1c80c2ca97a49e0b7548d9e647,2026-09-25T22:41:00Z,Detroit Tigers,Pittsburgh Pirates,betmgm,alternate_totals,Under,8.0,1.87
2026-09-25T22:26:44Z,closing,3aa03f1c80c2ca97a49e0b7548d9e647,2026-09-25T22:41:00Z,Detroit Tigers,Pittsburgh Pirates,betmgm,alternate_totals,Under,8.5,1.69
2026-09-25T22:26:44Z,closing,3aa03f1c80c2ca97a49e0b7548d9e647,2026-09-25T22:41:00Z,Detroit Tigers,Pittsburgh Pirates,betmgm,alternate_totals,Under,9.0,1.53
2026-09-25T22:26:44Z,closing,3aa03f1c80c2ca97a49e0b7548d9e647,2026-09-25T22:41:00Z,Detroit Tigers,Pittsburgh Pirates,betmgm,alternate_totals,Under,9.5,1.43
2026-09-25T22:26:44Z,closing,3aa03f1c80c2ca97a49e0b7548d9e647,2026-09-25T22:41:00Z,Detroit Tigers,Pittsburgh Pirates,betmgm,alternate_totals,Under,10.0,1.35
2026-09-25T22:26:44Z,closing,3aa03f1c80c2ca97a49e0b7548d9e647,2026-09-25T22:41:00Z,Detroit Tigers,Pittsburgh Pirates,betmgm,alternate_totals,Under,10.5,1.33
2026-09-25T22:26:44Z,closing,3aa03f1c80c2ca97a49e0b7548d9e647,2026-09-25T22:41:00Z,Detroit Tigers,Pittsburgh Pirates,betmgm,alternate_totals,Under,11.0,1.22
2026-09-25T22:26:44Z,closing,3aa03f1c80c2ca97a49e0b7548d9e647,2026-09-25T22:41:00Z,Detroit Tigers,Pittsburgh Pirates,betmgm,alternate_totals,Under,11.5,1.2
2026-09-25T22:26:44Z,closing,3aa03f1c80c2ca97a49e0b7548d9e647,2026-09-25T22:41:00Z,Detroit Tigers,Pittsburgh Pirates,betmgm,alternate_totals,Under,12.0,1.15
2026-09-25T22:26:44Z,closing,3aa03f1c80c2ca97a49e0b7548d9e647,2026-09-25T22:41:00Z,Detroit Tigers,Pittsburgh Pirates,betmgm,alternate_totals,Under,12.5,1.14
2026-09-25T22:26:44Z,closing,3aa03f1c80c2ca97a49e0b7548d9e647,2026-09-25T22:41:00Z,Detroit Tigers,Pittsburgh Pirates,betmgm,alternate_totals,Under,13.0,1.09
2026-09-25T22:26:44Z,closing,3aa03f1c80c2ca97a49e0b7548d9e647,2026-09-25T22:41:00Z,Detroit Tigers,Pittsburgh Pirates,betmgm,alternate_totals,Under,13.5,1.09
2026-09-25T22:26:44Z,closing,3aa03f1c80c2ca97a49e0b7548d9e647,2026-09-25T22:41:00Z,Detroit Tigers,Pittsburgh Pirates,betmgm,alternate_totals,Under,2.5,13.5
2026-09-25T22:26:44Z,closing,3aa03f1c80c2ca97a49e0b7548d9e647,2026-09-25T22:41:00Z,Detroit Tigers,Pittsburgh Pirates,betmgm,alternate_totals,Under,3.0,13.0
2026-09-25T22:26:44Z,closing,3aa03f1c80c2ca97a49e0b7548d9e647,2026-09-25T22:41:00Z,Detroit Tigers,Pittsburgh Pirates,betrivers,alternate_spreads,Detroit Tigers,3.0,1.26
2026-09-25T22:26:44Z,closing,3aa03f1c80c2ca97a49e0b7548d9e647,2026-09-25T22:41:00Z,Detroit Tigers,Pittsburgh Pirates,betrivers,alternate_spreads,Detroit Tigers,2.5,1.35
2026-09-25T22:26:44Z,closing,3aa03f1c80c2ca97a49e0b7548d9e647,2026-09-25T22:41:00Z,Detroit Tigers,Pittsburgh Pirates,betrivers,alternate_spreads,Detroit Tigers,1.5,1.54
2026-09-25T22:26:44Z,closing,3aa03f1c80c2ca97a49e0b7548d9e647,2026-09-25T22:41:00Z,Detroit Tigers,Pittsburgh Pirates,betrivers,alternate_spreads,Detroit Tigers,-1.5,2.65
2026-09-25T22:26:44Z,closing,3aa03f1c80c2ca97a49e0b7548d9e647,2026-09-25T22:41:00Z,Detroit Tigers,Pittsburgh Pirates,betrivers,alternate_spreads,Detroit Tigers,-2.0,3.25
2026-09-25T22:26:44Z,closing,3aa03f1c80c2ca97a49e0b7548d9e647,2026-09-25T22:41:00Z,Detroit Tigers,Pittsburgh Pirates,betrivers,alternate_spreads,Detroit Tigers,2.0,1.4
2026-09-25T22:26:44Z,closing,3aa03f1c80c2ca97a49e0b7548d9e647,2026-09-25T22:41:00Z,Detroit Tigers,Pittsburgh Pirates,betrivers,alternate_spreads,Pittsburgh Pirates,-3.0,3.95
2026-09-25T22:26:44Z,closing,3aa03f1c80c2ca97a49e0b7548d9e647,2026-09-25T22:41:00Z,Detroit Tigers,Pittsburgh Pirates,betrivers,alternate_spreads,Pittsburgh Pirates,-2.5,3.25
2026-09-25T22:26:44Z,closing,3aa03f1c80c2ca97a49e0b7548d9e647,2026-09-25T22:41:00Z,Detroit Tigers,Pittsburgh Pirates,betrivers,alternate_spreads,Pittsburgh Pirates,-1.5,2.5
2026-09-25T22:26:44Z,closing,3aa03f1c80c2ca97a49e0b7548d9e647,2026-09-25T22:41:00Z,Detroit Tigers,Pittsburgh Pirates,betrivers,alternate_spreads,Pittsburgh Pirates,1.5,1.49
2026-09-25T22:26:44Z,closing,3aa03f1c80c2ca97a49e0b7548d9e647,2026-09-25T22:41:00Z,Detroit Tigers,Pittsburgh Pirates,betrivers,alternate_spreads,Pittsburgh Pirates,2.0,1.35
2026-09-25T22:26:44Z,closing,3aa03f1c80c2ca97a49e0b7548d9e647,2026-09-25T22:41:00Z,Detroit Tigers,Pittsburgh Pirates,betrivers,alternate_spreads,Pittsburgh Pirates,-2.0,3.0
2026-09-25T22:26:44Z,closing,3aa03f1c80c2ca97a49e0b7548d9e647,2026-09-25T22:41:00Z,Detroit Tigers,Pittsburgh Pirates,betrivers,alternate_totals,Over,11.5,3.8
2026-09-25T22:26:44Z,closing,3aa03f1c80c2ca97a49e0b7548d9e647,2026-09-25T22:41:00Z,Detroit Tigers,Pittsburgh Pirates,betrivers,alternate_totals,Over,6.0,1.38
2026-09-25T22:26:44Z,closing,3aa03f1c80c2ca97a49e0b7548d9e647,2026-09-25T22:41:00Z,Detroit Tigers,Pittsburgh Pirates,betrivers,alternate_totals,Over,10.5,3.05
2026-09-25T22:26:44Z,closing,3aa03f1c80c2ca97a49e0b7548d9e647,2026-09-25T22:41:00Z,Detroit Tigers,Pittsburgh Pirates,betrivers,alternate_totals,Over,9.5,2.6
2026-09-25T22:26:44Z,closing,3aa03f1c80c2ca97a49e0b7548d9e647,2026-09-25T22:41:00Z,Detroit Tigers,Pittsburgh Pirates,betrivers,alternate_totals,Over,10.0,2.7
2026-09-25T22:26:44Z,closing,3aa03f1c80c2ca97a49e0b7548d9e647,2026-09-25T22:41:00Z,Detroit Tigers,Pittsburgh Pirates,betrivers,alternate_totals,Over,8.5,2.08
2026-09-25T22:26:44Z,closing,3aa03f1c80c2ca97a49e0b7548d9e647,2026-09-25T22:41:00Z,Detroit Tigers,Pittsburgh Pirates,betrivers,alternate_totals,Over,11.0,3.3
2026-09-25T22:26:44Z,closing,3aa03f1c80c2ca97a49e0b7548d9e647,2026-09-25T22:41:00Z,Detroit Tigers,Pittsburgh Pirates,betrivers,alternate_totals,Over,5.5,1.36
2026-09-25T22:26:44Z,closing,3aa03f1c80c2ca97a49e0b7548d9e647,2026-09-25T22:41:00Z,Detroit Tigers,Pittsburgh Pirates,betrivers,alternate_totals,Over,12.0,4.0
2026-09-25T22:26:44Z,closing,3aa03f1c80c2ca97a49e0b7548d9e647,2026-09-25T22:41:00Z,Detroit Tigers,Pittsburgh Pirates,betrivers,alternate_totals,Over,7.5,1.81
2026-09-25T22:26:44Z,closing,3aa03f1c80c2ca97a49e0b7548d9e647,2026-09-25T22:41:00Z,Detroit Tigers,Pittsburgh Pirates,betrivers,alternate_totals,Over,6.5,1.53
2026-09-25T22:26:44Z,closing,3aa03f1c80c2ca97a49e0b7548d9e647,2026-09-25T22:41:00Z,Detroit Tigers,Pittsburgh Pirates,betrivers,alternate_totals,Over,8.0,1.87
2026-09-25T22:26:44Z,closing,3aa03f1c80c2ca97a49e0b7548d9e647,2026-09-25T22:41:00Z,Detroit Tigers,Pittsburgh Pirates,betrivers,alternate_totals,Over,9.0,2.25
2026-09-25T22:26:44Z,closing,3aa03f1c80c2ca97a49e0b7548d9e647,2026-09-25T22:41:00Z,Detroit Tigers,Pittsburgh Pirates,betrivers,alternate_totals,Over,7.0,1.57
2026-09-25T22:26:44Z,closing,3aa03f1c80c2ca97a49e0b7548d9e647,2026-09-25T22:41:00Z,Detroit Tigers,Pittsburgh Pirates,betrivers,alternate_totals,Under,11.5,1.27
2026-09-25T22:26:44Z,closing,3aa03f1c80c2ca97a49e0b7548d9e647,2026-09-25T22:41:00Z,Detroit Tigers,Pittsburgh Pirates,betrivers,alternate_totals,Under,6.0,2.75
2026-09-25T22:26:44Z,closing,3aa03f1c80c2ca97a49e0b7548d9e647,2026-09-25T22:41:00Z,Detroit Tigers,Pittsburgh Pirates,betrivers,alternate_totals,Under,10.5,1.38
2026-09-25T22:26:44Z,closing,3aa03f1c80c2ca97a49e0b7548d9e647,2026-09-25T22:41:00Z,Detroit Tigers,Pittsburgh Pirates,betrivers,alternate_totals,Under,9.5,1.5
2026-09-25T22:26:44Z,closing,3aa03f1c80c2ca97a49e0b7548d9e647,2026-09-25T22:41:00Z,Detroit Tigers,Pittsburgh Pirates,betrivers,alternate_totals,Under,10.0,1.38
2026-09-25T22:26:44Z,closing,3aa03f1c80c2ca97a49e0b7548d9e647,2026-09-25T22:41:00Z,Detroit Tigers,Pittsburgh Pirates,betrivers,alternate_totals,Under,8.5,1.76
2026-09-25T22:26:44Z,closing,3aa03f1c80c2ca97a49e0b7548d9e647,2026-09-25T22:41:00Z,Detroit Tigers,Pittsburgh Pirates,betrivers,alternate_totals,Under,11.0,1.27
2026-09-25T22:26:44Z,closing,3aa03f1c80c2ca97a49e0b7548d9e647,2026-09-25T22:41:00Z,Detroit Tigers,Pittsburgh Pirates,betrivers,alternate_totals,Under,5.5,3.15
2026-09-25T22:26:44Z,closing,3aa03f1c80c2ca97a49e0b7548d9e647,2026-09-25T22:41:00Z,Detroit Tigers,Pittsburgh Pirates,betrivers,alternate_totals,Under,12.0,1.19
2026-09-25T22:26:44Z,closing,3aa03f1c80c2ca97a49e0b7548d9e647,2026-09-25T22:41:00Z,Detroit Tigers,Pittsburgh Pirates,betrivers,alternate_totals,Under,7.5,2.0
2026-09-25T22:26:44Z,closing,3aa03f1c80c2ca97a49e0b7548d9e647,2026-09-25T22:41:00Z,Detroit Tigers,Pittsburgh Pirates,betrivers,alternate_totals,Under,6.5,2.5
2026-09-25T22:26:44Z,closing,3aa03f1c80c2ca97a49e0b7548d9e647,2026-09-25T22:41:00Z,Detroit Tigers,Pittsburgh Pirates,betrivers,alternate_totals,Under,8.0,1.81
2026-09-25T22:26:44Z,closing,3aa03f1c80c2ca97a49e0b7548d9e647,2026-09-25T22:41:00Z,Detroit Tigers,Pittsburgh Pirates,betrivers,alternate_totals,Under,9.0,1.56
2026-09-25T22:26:44Z,closing,3aa03f1c80c2ca97a49e0b7548d9e647,2026-09-25T22:41:00Z,Detroit Tigers,Pittsburgh Pirates,betrivers,alternate_totals,Under,7.0,2.18
2026-09-25T22:26:44Z,closing,3aa03f1c80c2ca97a49e0b7548d9e647,2026-09-25T22:41:00Z,Detroit Tigers,Pittsburgh Pirates,pinnacle,alternate_spreads,Detroit Tigers,-1.5,2.9
2026-09-25T22:26:44Z,closing,3aa03f1c80c2ca97a49e0b7548d9e647,2026-09-25T22:41:00Z,Detroit Tigers,Pittsburgh Pirates,pinnacle,alternate_spreads,Detroit Tigers,1.5,1.51
2026-09-25T22:26:44Z,closing,3aa03f1c80c2ca97a49e0b7548d9e647,2026-09-25T22:41:00Z,Detroit Tigers,Pittsburgh Pirates,pinnacle,alternate_spreads,Detroit Tigers,1.0,1.65
2026-09-25T22:26:44Z,closing,3aa03f1c80c2ca97a49e0b7548d9e647,2026-09-25T22:41:00Z,Detroit Tigers,Pittsburgh Pirates,pinnacle,alternate_spreads,Detroit Tigers,-1.0,2.37
2026-09-25T22:26:44Z,closing,3aa03f1c80c2ca97a49e0b7548d9e647,2026-09-25T22:41:00Z,Detroit Tigers,Pittsburgh Pirates,pinnacle,alternate_spreads,Detroit Tigers,-2.0,3.62
2026-09-25T22:26:44Z,closing,3aa03f1c80c2ca97a49e0b7548d9e647,2026-09-25T22:41:00Z,Detroit Tigers,Pittsburgh Pirates,pinnacle,alternate_spreads,Detroit Tigers,-2.5,3.91
2026-09-25T22:26:44Z,closing,3aa03f1c80c2ca97a49e0b7548d9e647,2026-09-25T22:41:00Z,Detroit Tigers,Pittsburgh Pirates,pinnacle,alternate_spreads,Detroit Tigers,-3.0,5.0
2026-09-25T22:26:44Z,closing,3aa03f1c80c2ca97a49e0b7548d9e647,2026-09-25T22:41:00Z,Detroit Tigers,Pittsburgh Pirates,pinnacle,alternate_spreads,Pittsburgh Pirates,1.5,1.47
2026-09-25T22:26:44Z,closing,3aa03f1c80c2ca97a49e0b7548d9e647,2026-09-25T22:41:00Z,Detroit Tigers,Pittsburgh Pirates,pinnacle,alternate_spreads,Pittsburgh Pirates,-1.5,2.63
2026-09-25T22:26:44Z,closing,3aa03f1c80c2ca97a49e0b7548d9e647,2026-09-25T22:41:00Z,Detroit Tigers,Pittsburgh Pirates,pinnacle,alternate_spreads,Pittsburgh Pirates,-1.0,2.34
2026-09-25T22:26:44Z,closing,3aa03f1c80c2ca97a49e0b7548d9e647,2026-09-25T22:41:00Z,Detroit Tigers,Pittsburgh Pirates,pinnacle,alternate_spreads,Pittsburgh Pirates,1.0,1.65
2026-09-25T22:26:44Z,closing,3aa03f1c80c2ca97a49e0b7548d9e647,2026-09-25T22:41:00Z,Detroit Tigers,Pittsburgh Pirates,pinnacle,alternate_spreads,Pittsburgh Pirates,2.0,1.32
2026-09-25T22:26:44Z,closing,3aa03f1c80c2ca97a49e0b7548d9e647,2026-09-25T22:41:00Z,Detroit Tigers,Pittsburgh Pirates,pinnacle,alternate_spreads,Pittsburgh Pirates,2.5,1.27
2026-09-25T22:26:44Z,closing,3aa03f1c80c2ca97a49e0b7548d9e647,2026-09-25T22:41:00Z,Detroit Tigers,Pittsburgh Pirates,pinnacle,alternate_spreads,Pittsburgh Pirates,3.0,1.18
2026-09-25T22:26:44Z,closing,3aa03f1c80c2ca97a49e0b7548d9e647,2026-09-25T22:41:00Z,Detroit Tigers,Pittsburgh Pirates,pinnacle,alternate_totals,Over,8.0,1.93
2026-09-25T22:26:44Z,closing,3aa03f1c80c2ca97a49e0b7548d9e647,2026-09-25T22:41:00Z,Detroit Tigers,Pittsburgh Pirates,pinnacle,alternate_totals,Over,6.5,1.47
2026-09-25T22:26:44Z,closing,3aa03f1c80c2ca97a49e0b7548d9e647,2026-09-25T22:41:00Z,Detroit Tigers,Pittsburgh Pirates,pinnacle,alternate_totals,Over,7.0,1.58
2026-09-25T22:26:44Z,closing,3aa03f1c80c2ca97a49e0b7548d9e647,2026-09-25T22:41:00Z,Detroit Tigers,Pittsburgh Pirates,pinnacle,alternate_totals,Over,7.5,1.79
2026-09-25T22:26:44Z,closing,3aa03f1c80c2ca97a49e0b7548d9e647,2026-09-25T22:41:00Z,Detroit Tigers,Pittsburgh Pirates,pinnacle,alternate_totals,Over,8.5,2.09
2026-09-25T22:26:44Z,closing,3aa03f1c80c2ca97a49e0b7548d9e647,2026-09-25T22:41:00Z,Detroit Tigers,Pittsburgh Pirates,pinnacle,alternate_totals,Over,9.0,2.42
2026-09-25T22:26:44Z,closing,3aa03f1c80c2ca97a49e0b7548d9e647,2026-09-25T22:41:00Z,Detroit Tigers,Pittsburgh Pirates,pinnacle,alternate_totals,Over,9.5,2.68
2026-09-25T22:26:44Z,closing,3aa03f1c80c2ca97a49e0b7548d9e647,2026-09-25T22:41:00Z,Detroit Tigers,Pittsburgh Pirates,pinnacle,alternate_totals,Under,8.0,1.95
2026-09-25T22:26:44Z,closing,3aa03f1c80c2ca97a49e0b7548d9e647,2026-09-25T22:41:00Z,Detroit Tigers,Pittsburgh Pirates,pinnacle,alternate_totals,Under,6.5,2.75
2026-09-25T22:26:44Z,closing,3aa03f1c80c2ca97a49e0b7548d9e647,2026-09-25T22:41:00Z,Detroit Tigers,Pittsburgh Pirates,pinnacle,alternate_totals,Under,7.0,2.47
2026-09-25T22:26:44Z,closing,3aa03f1c80c2ca97a49e0b7548d9e647,2026-09-25T22:41:00Z,Detroit Tigers,Pittsburgh Pirates,pinnacle,alternate_totals,Under,7.5,2.11
2026-09-25T22:26:44Z,closing,3aa03f1c80c2ca97a49e0b7548d9e647,2026-09-25T22:41:00Z,Detroit Tigers,Pittsburgh Pirates,pinnacle,alternate_totals,Under,8.5,1.8
2026-09-25T22:26:44Z,closing,3aa03f1c80c2ca97a49e0b7548d9e647,2026-09-25T22:41:00Z,Detroit Tigers,Pittsburgh Pirates,pinnacle,alternate_totals,Under,9.0,1.61
2026-09-25T22:26:44Z,closing,3aa03f1c80c2ca97a49e0b7548d9e647,2026-09-25T22:41:00Z,Detroit Tigers,Pittsburgh Pirates,pinnacle,alternate_totals,Under,9.5,1.5
2026-09-25T22:26:44Z,closing,6e8b1f358bb5c3837f473e61ecb68650,2026-09-25T22:41:00Z,Philadelphia Phillies,Tampa Bay Rays,fanduel,alternate_spreads,Philadelphia Phillies,-8.5,16.0
2026-09-25T22:26:44Z,closing,6e8b1f358bb5c3837f473e61ecb68650,2026-09-25T22:41:00Z,Philadelphia Phillies,Tampa Bay Rays,fanduel,alternate_spreads,Philadelphia Phillies,-7.5,13.0
2026-09-25T22:26:44Z,closing,6e8b1f358bb5c3837f473e61ecb68650,2026-09-25T22:41:00Z,Philadelphia Phillies,Tampa Bay Rays,fanduel,alternate_spreads,Philadelphia Phillies,-6.5,11.0
2026-09-25T22:26:44Z,closing,6e8b1f358bb5c3837f473e61ecb68650,2026-09-25T22:41:00Z,Philadelphia Phillies,Tampa Bay Rays,fanduel,alternate_spreads,Philadelphia Phillies,-5.5,8.0
2026-09-25T22:26:44Z,closing,6e8b1f358bb5c3837f473e61ecb68650,2026-09-25T22:41:00Z,Philadelphia Phillies,Tampa Bay Rays,fanduel,alternate_spreads,Philadelphia Phillies,-4.5,6.0
2026-09-25T22:26:44Z,closing,6e8b1f358bb5c3837f473e61ecb68650,2026-09-25T22:41:00Z,Philadelphia Phillies,Tampa Bay Rays,fanduel,alternate_spreads,Philadelphia Phillies,-3.5,4.4
2026-09-25T22:26:44Z,closing,6e8b1f358bb5c3837f473e61ecb68650,2026-09-25T22:41:00Z,Philadelphia Phillies,Tampa Bay Rays,fanduel,alternate_spreads,Philadelphia Phillies,-2.5,3.2
2026-09-25T22:26:44Z,closing,6e8b1f358bb5c3837f473e61ecb68650,2026-09-25T22:41:00Z,Philadelphia Phillies,Tampa Bay Rays,fanduel,alternate_spreads,Philadelphia Phillies,-1.5,2.3
2026-09-25T22:26:44Z,closing,6e8b1f358bb5c3837f473e61ecb68650,2026-09-25T22:41:00Z,Philadelphia Phillies,Tampa Bay Rays,fanduel,alternate_spreads,Philadelphia Phillies,1.5,1.29
2026-09-25T22:26:44Z,closing,6e8b1f358bb5c3837f473e61ecb68650,2026-09-25T22:41:00Z,Philadelphia Phillies,Tampa Bay Rays,fanduel,alternate_spreads,Philadelphia Phillies,2.5,1.15
2026-09-25T22:26:44Z,closing,6e8b1f358bb5c3837f473e61ecb68650,2026-09-25T22:41:00Z,Philadelphia Phillies,Tampa Bay Rays,fanduel,alternate_spreads,Philadelphia Phillies,3.5,1.08
2026-09-25T22:26:44Z,closing,6e8b1f358bb5c3837f473e61ecb68650,2026-09-25T22:41:00Z,Philadelphia Phillies,Tampa Bay Rays,fanduel,alternate_spreads,Philadelphia Phillies,4.5,1.03
2026-09-25T22:26:44Z,closing,6e8b1f358bb5c3837f473e61ecb68650,2026-09-25T22:41:00Z,Philadelphia Phillies,Tampa Bay Rays,fanduel,alternate_spreads,Tampa Bay Rays,6.5,1.03
2026-09-25T22:26:44Z,closing,6e8b1f358bb5c3837f473e61ecb68650,2026-09-25T22:41:00Z,Philadelphia Phillies,Tampa Bay Rays,fanduel,alternate_spreads,Tampa Bay Rays,5.5,1.07
2026-09-25T22:26:44Z,closing,6e8b1f358bb5c3837f473e61ecb68650,2026-09-25T22:41:00Z,Philadelphia Phillies,Tampa Bay Rays,fanduel,alternate_spreads,Tampa Bay Rays,4.5,1.12
2026-09-25T22:26:44Z,closing,6e8b1f358bb5c3837f473e61ecb68650,2026-09-25T22:41:00Z,Philadelphia Phillies,Tampa Bay Rays,fanduel,alternate_spreads,Tampa Bay Rays,3.5,1.2
2026-09-25T22:26:44Z,closing,6e8b1f358bb5c3837f473e61ecb68650,2026-09-25T22:41:00Z,Philadelphia Phillies,Tampa Bay Rays,fanduel,alternate_spreads,Tampa Bay Rays,2.5,1.34
2026-09-25T22:26:44Z,closing,6e8b1f358bb5c3837f473e61ecb68650,2026-09-25T22:41:00Z,Philadelphia Phillies,Tampa Bay Rays,fanduel,alternate_spreads,Tampa Bay Rays,1.5,1.6
2026-09-25T22:26:44Z,closing,6e8b1f358bb5c3837f473e61ecb68650,2026-09-25T22:41:00Z,Philadelphia Phillies,Tampa Bay Rays,fanduel,alternate_spreads,Tampa Bay Rays,-1.5,3.5
2026-09-25T22:26:44Z,closing,6e8b1f358bb5c3837f473e61ecb68650,2026-09-25T22:41:00Z,Philadelphia Phillies,Tampa Bay Rays,fanduel,alternate_spreads,Tampa Bay Rays,-2.5,5.2
2026-09-25T22:26:44Z,closing,6e8b1f358bb5c3837f473e61ecb68650,2026-09-25T22:41:00Z,Philadelphia Phillies,Tampa Bay Rays,fanduel,alternate_spreads,Tampa Bay Rays,-3.5,7.3
2026-09-25T22:26:44Z,closing,6e8b1f358bb5c3837f473e61ecb68650,2026-09-25T22:41:00Z,Philadelphia Phillies,Tampa Bay Rays,fanduel,alternate_spreads,Tampa Bay Rays,-4.5,11.0
2026-09-25T22:26:44Z,closing,6e8b1f358bb5c3837f473e61ecb68650,2026-09-25T22:41:00Z,Philadelphia Phillies,Tampa Bay Rays,fanduel,alternate_spreads,Tampa Bay Rays,-5.5,14.0
2026-09-25T22:26:44Z,closing,6e8b1f358bb5c3837f473e61ecb68650,2026-09-25T22:41:00Z,Philadelphia Phillies,Tampa Bay Rays,fanduel,alternate_spreads,Tampa Bay Rays,-6.5,18.0
2026-09-25T22:26:44Z,closing,6e8b1f358bb5c3837f473e61ecb68650,2026-09-25T22:41:00Z,Philadelphia Phillies,Tampa Bay Rays,fanduel,alternate_totals,Over,2.5,1.04
2026-09-25T22:26:44Z,closing,6e8b1f358bb5c3837f473e61ecb68650,2026-09-25T22:41:00Z,Philadelphia Phillies,Tampa Bay Rays,fanduel,alternate_totals,Over,3.5,1.17
2026-09-25T22:26:44Z,closing,6e8b1f358bb5c3837f473e61ecb68650,2026-09-25T22:41:00Z,Philadelphia Phillies,Tampa Bay Rays,fanduel,alternate_totals,Over,4.5,1.29
2026-09-25T22:26:44Z,closing,6e8b1f358bb5c3837f473e61ecb68650,2026-09-25T22:41:00Z,Philadelphia Phillies,Tampa Bay Rays,fanduel,alternate_totals,Over,5.5,1.57
2026-09-25T22:26:44Z,closing,6e8b1f358bb5c3837f473e61ecb68650,2026-09-25T22:41:00Z,Philadelphia Phillies,Tampa Bay Rays,fanduel,alternate_totals,Over,6.5,1.83
2026-09-25T22:26:44Z,closing,6e8b1f358bb5c3837f473e61ecb68650,2026-09-25T22:41:00Z,Philadelphia Phillies,Tampa Bay Rays,fanduel,alternate_totals,Over,7.5,2.42
2026-09-25T22:26:44Z,closing,6e8b1f358bb5c3837f473e61ecb68650,2026-09-25T22:41:00Z,Philadelphia Phillies,Tampa Bay Rays,fanduel,alternate_totals,Over,8.5,3.0
2026-09-25T22:26:44Z,closing,6e8b1f358bb5c3837f473e61ecb68650,2026-09-25T22:41:00Z,Philadelphia Phillies,Tampa Bay Rays,fanduel,alternate_totals,Over,9.5,4.0
2026-09-25T22:26:44Z,closing,6e8b1f358bb5c3837f473e61ecb68650,2026-09-25T22:41:00Z,Philadelphia Phillies,Tampa Bay Rays,fanduel,alternate_totals,Over,10.5,5.0
2026-09-25T22:26:44Z,closing,6e8b1f358bb5c3837f473e61ecb68650,2026-09-25T22:41:00Z,Philadelphia Phillies,Tampa Bay Rays,fanduel,alternate_totals,Over,11.5,7.0
2026-09-25T22:26:44Z,closing,6e8b1f358bb5c3837f473e61ecb68650,2026-09-25T22:41:00Z,Philadelphia Phillies,Tampa Bay Rays,fanduel,alternate_totals,Over,12.5,9.0
2026-09-25T22:26:44Z,closing,6e8b1f358bb5c3837f473e61ecb68650,2026-09-25T22:41:00Z,Philadelphia Phillies,Tampa Bay Rays,fanduel,alternate_totals,Over,13.5,12.0
2026-09-25T22:26:44Z,closing,6e8b1f358bb5c3837f473e61ecb68650,2026-09-25T22:41:00Z,Philadelphia Phillies,Tampa Bay Rays,fanduel,alternate_totals,Over,14.5,15.0
2026-09-25T22:26:44Z,closing,6e8b1f358bb5c3837f473e61ecb68650,2026-09-25T22:41:00Z,Philadelphia Phillies,Tampa Bay Rays,fanduel,alternate_totals,Over,15.5,19.0
2026-09-25T22:26:44Z,closing,6e8b1f358bb5c3837f473e61ecb68650,2026-09-25T22:41:00Z,Philadelphia Phillies,Tampa Bay Rays,fanduel,alternate_totals,Under,1.5,16.0
2026-09-25T22:26:44Z,closing,6e8b1f358bb5c3837f473e61ecb68650,2026-09-25T22:41:00Z,Philadelphia Phillies,Tampa Bay Rays,fanduel,alternate_totals,Under,2.5,10.0
2026-09-25T22:26:44Z,closing,6e8b1f358bb5c3837f473e61ecb68650,2026-09-25T22:41:00Z,Philadelphia Phillies,Tampa Bay Rays,fanduel,alternate_totals,Under,3.5,4.7
2026-09-25T22:26:44Z,closing,6e8b1f358bb5c3837f473e61ecb68650,2026-09-25T22:41:00Z,Philadelphia Phillies,Tampa Bay Rays,fanduel,alternate_totals,Under,4.5,3.5
2026-09-25T22:26:44Z,closing,6e8b1f358bb5c3837f473e61ecb68650,2026-09-25T22:41:00Z,Philadelphia Phillies,Tampa Bay Rays,fanduel,alternate_totals,Under,5.5,2.36
2026-09-25T22:26:44Z,closing,6e8b1f358bb5c3837f473e61ecb68650,2026-09-25T22:41:00Z,Philadelphia Phillies,Tampa Bay Rays,fanduel,alternate_totals,Under,6.5,1.94
2026-09-25T22:26:44Z,closing,6e8b1f358bb5c3837f473e61ecb68650,2026-09-25T22:41:00Z,Philadelphia Phillies,Tampa Bay Rays,fanduel,alternate_totals,Under,7.5,1.54
2026-09-25T22:26:44Z,closing,6e8b1f358bb5c3837f473e61ecb68650,2026-09-25T22:41:00Z,Philadelphia Phillies,Tampa Bay Rays,fanduel,alternate_totals,Under,8.5,1.38
2026-09-25T22:26:44Z,closing,6e8b1f358bb5c3837f473e61ecb68650,2026-09-25T22:41:00Z,Philadelphia Phillies,Tampa Bay Rays,fanduel,alternate_totals,Under,9.5,1.23
2026-09-25T22:26:44Z,closing,6e8b1f358bb5c3837f473e61ecb68650,2026-09-25T22:41:00Z,Philadelphia Phillies,Tampa Bay Rays,fanduel,alternate_totals,Under,10.5,1.16
2026-09-25T22:26:44Z,closing,6e8b1f358bb5c3837f473e61ecb68650,2026-09-25T22:41:00Z,Philadelphia Phillies,Tampa Bay Rays,fanduel,alternate_totals,Under,11.5,1.09
2026-09-25T22:26:44Z,closing,6e8b1f358bb5c3837f473e61ecb68650,2026-09-25T22:41:00Z,Philadelphia Phillies,Tampa Bay Rays,fanduel,alternate_totals,Under,12.5,1.06
2026-09-25T22:26:44Z,closing,6e8b1f358bb5c3837f473e61ecb68650,2026-09-25T22:41:00Z,Philadelphia Phillies,Tampa Bay Rays,fanduel,alternate_totals,Under,13.5,1.02
2026-09-25T22:26:44Z,closing,6e8b1f358bb5c3837f473e61ecb68650,2026-09-25T22:41:00Z,Philadelphia Phillies,Tampa Bay Rays,coolbet,alternate_spreads,Philadelphia Phillies,2.5,1.19
2026-09-25T22:26:44Z,closing,6e8b1f358bb5c3837f473e61ecb68650,2026-09-25T22:41:00Z,Philadelphia Phillies,Tampa Bay Rays,coolbet,alternate_spreads,Philadelphia Phillies,-1.5,2.27
2026-09-25T22:26:44Z,closing,6e8b1f358bb5c3837f473e61ecb68650,2026-09-25T22:41:00Z,Philadelphia Phillies,Tampa Bay Rays,coolbet,alternate_spreads,Philadelphia Phillies,1.5,1.32
2026-09-25T22:26:44Z,closing,6e8b1f358bb5c3837f473e61ecb68650,2026-09-25T22:41:00Z,Philadelphia Phillies,Tampa Bay Rays,coolbet,alternate_spreads,Philadelphia Phillies,-2.5,3.03
2026-09-25T22:26:44Z,closing,6e8b1f358bb5c3837f473e61ecb68650,2026-09-25T22:41:00Z,Philadelphia Phillies,Tampa Bay Rays,coolbet,alternate_spreads,Philadelphia Phillies,-3.5,4.1
2026-09-25T22:26:44Z,closing,6e8b1f358bb5c3837f473e61ecb68650,2026-09-25T22:41:00Z,Philadelphia Phillies,Tampa Bay Rays,coolbet,alternate_spreads,Tampa Bay Rays,-2.5,4.8
2026-09-25T22:26:44Z,closing,6e8b1f358bb5c3837f473e61ecb68650,2026-09-25T22:41:00Z,Philadelphia Phillies,Tampa Bay Rays,coolbet,alternate_spreads,Tampa Bay Rays,1.5,1.64
2026-09-25T22:26:44Z,closing,6e8b1f358bb5c3837f473e61ecb68650,2026-09-25T22:41:00Z,Philadelphia Phillies,Tampa Bay Rays,coolbet,alternate_spreads,Tampa Bay Rays,-1.5,3.4
2026-09-25T22:26:44Z,closing,6e8b1f358bb5c3837f473e61ecb68650,2026-09-25T22:41:00Z,Philadelphia Phillies,Tampa Bay Rays,coolbet,alternate_spreads,Tampa Bay Rays,2.5,1.39
2026-09-25T22:26:44Z,closing,6e8b1f358bb5c3837f473e61ecb68650,2026-09-25T22:41:00Z,Philadelphia Phillies,Tampa Bay Rays,coolbet,alternate_spreads,Tampa Bay Rays,3.5,1.24
2026-09-25T22:26:44Z,closing,6e8b1f358bb5c3837f473e61ecb68650,2026-09-25T22:41:00Z,Philadelphia Phillies,Tampa Bay Rays,coolbet,alternate_totals,Over,6.0,1.7
2026-09-25T22:26:44Z,closing,6e8b1f358bb5c3837f473e61ecb68650,2026-09-25T22:41:00Z,Philadelphia Phillies,Tampa Bay Rays,coolbet,alternate_totals,Over,5.5,1.59
2026-09-25T22:26:44Z,closing,6e8b1f358bb5c3837f473e61ecb68650,2026-09-25T22:41:00Z,Philadelphia Phillies,Tampa Bay Rays,coolbet,alternate_totals,Over,5.0,1.4
2026-09-25T22:26:44Z,closing,6e8b1f358bb5c3837f473e61ecb68650,2026-09-25T22:41:00Z,Philadelphia Phillies,Tampa Bay Rays,coolbet,alternate_totals,Over,7.0,2.1
2026-09-25T22:26:44Z,closing,6e8b1f358bb5c3837f473e61ecb68650,2026-09-25T22:41:00Z,Philadelphia Phillies,Tampa Bay Rays,coolbet,alternate_totals,Over,8.0,2.67
2026-09-25T22:26:44Z,closing,6e8b1f358bb5c3837f473e61ecb68650,2026-09-25T22:41:00Z,Philadelphia Phillies,Tampa Bay Rays,coolbet,alternate_totals,Over,7.5,2.35
2026-09-25T22:26:44Z,closing,6e8b1f358bb5c3837f473e61ecb68650,2026-09-25T22:41:00Z,Philadelphia Phillies,Tampa Bay Rays,coolbet,alternate_totals,Over,6.5,1.85
2026-09-25T22:26:44Z,closing,6e8b1f358bb5c3837f473e61ecb68650,2026-09-25T22:41:00Z,Philadelphia Phillies,Tampa Bay Rays,coolbet,alternate_totals,Under,6.0,2.17
2026-09-25T22:26:44Z,closing,6e8b1f358bb5c3837f473e61ecb68650,2026-09-25T22:41:00Z,Philadelphia Phillies,Tampa Bay Rays,coolbet,alternate_totals,Under,5.5,2.37
2026-09-25T22:26:44Z,closing,6e8b1f358bb5c3837f473e61ecb68650,2026-09-25T22:41:00Z,Philadelphia Phillies,Tampa Bay Rays,coolbet,alternate_totals,Under,5.0,3.0
2026-09-25T22:26:44Z,closing,6e8b1f358bb5c3837f473e61ecb68650,2026-09-25T22:41:00Z,Philadelphia Phillies,Tampa Bay Rays,coolbet,alternate_totals,Under,7.0,1.75
2026-09-25T22:26:44Z,closing,6e8b1f358bb5c3837f473e61ecb68650,2026-09-25T22:41:00Z,Philadelphia Phillies,Tampa Bay Rays,coolbet,alternate_totals,Under,8.0,1.48
2026-09-25T22:26:44Z,closing,6e8b1f358bb5c3837f473e61ecb68650,2026-09-25T22:41:00Z,Philadelphia Phillies,Tampa Bay Rays,coolbet,alternate_totals,Under,7.5,1.6
2026-09-25T22:26:44Z,closing,6e8b1f358bb5c3837f473e61ecb68650,2026-09-25T22:41:00Z,Philadelphia Phillies,Tampa Bay Rays,coolbet,alternate_totals,Under,6.5,1.96
2026-09-25T22:26:44Z,closing,6e8b1f358bb5c3837f473e61ecb68650,2026-09-25T22:41:00Z,Philadelphia Phillies,Tampa Bay Rays,draftkings,alternate_spreads,Philadelphia Phillies,4.0,1.04
2026-09-25T22:26:44Z,closing,6e8b1f358bb5c3837f473e61ecb68650,2026-09-25T22:41:00Z,Philadelphia Phillies,Tampa Bay Rays,draftkings,alternate_spreads,Philadelphia Phillies,3.5,1.08
2026-09-25T22:26:44Z,closing,6e8b1f358bb5c3837f473e61ecb68650,2026-09-25T22:41:00Z,Philadelphia Phillies,Tampa Bay Rays,draftkings,alternate_spreads,Philadelphia Phillies,3.0,1.09
2026-09-25T22:26:44Z,closing,6e8b1f358bb5c3837f473e61ecb68650,2026-09-25T22:41:00Z,Philadelphia Phillies,Tampa Bay Rays,draftkings,alternate_spreads,Philadelphia Phillies,2.5,1.15
2026-09-25T22:26:44Z,closing,6e8b1f358bb5c3837f473e61ecb68650,2026-09-25T22:41:00Z,Philadelphia Phillies,Tampa Bay Rays,draftkings,alternate_spreads,Philadelphia Phillies,2.0,1.17
2026-09-25T22:26:44Z,closing,6e8b1f358bb5c3837f473e61ecb68650,2026-09-25T22:41:00Z,Philadelphia Phillies,Tampa Bay Rays,draftkings,alternate_spreads,Philadelphia Phillies,1.5,1.28
2026-09-25T22:26:44Z,closing,6e8b1f358bb5c3837f473e61ecb68650,2026-09-25T22:41:00Z,Philadelphia Phillies,Tampa Bay Rays,draftkings,alternate_spreads,Philadelphia Phillies,1.0,1.34
2026-09-25T22:26:44Z,closing,6e8b1f358bb5c3837f473e61ecb68650,2026-09-25T22:41:00Z,Philadelphia Phillies,Tampa Bay Rays,draftkings,alternate_spreads,Philadelphia Phillies,-1.0,1.82
2026-09-25T22:26:44Z,closing,6e8b1f358bb5c3837f473e61ecb68650,2026-09-25T22:41:00Z,Philadelphia Phillies,Tampa Bay Rays,draftkings,alternate_spreads,Philadelphia Phillies,-2.0,2.8
2026-09-25T22:26:44Z,closing,6e8b1f358bb5c3837f473e61ecb68650,2026-09-25T22:41:00Z,Philadelphia Phillies,Tampa Bay Rays,draftkings,alternate_spreads,Philadelphia Phillies,-2.5,3.13
2026-09-25T22:26:44Z,closing,6e8b1f358bb5c3837f473e61ecb68650,2026-09-25T22:41:00Z,Philadelphia Phillies,Tampa Bay Rays,draftkings,alternate_spreads,Philadelphia Phillies,-3.0,4.06
2026-09-25T22:26:44Z,closing,6e8b1f358bb5c3837f473e61ecb68650,2026-09-25T22:41:00Z,Philadelphia Phillies,Tampa Bay Rays,draftkings,alternate_spreads,Philadelphia Phillies,-3.5,4.41
2026-09-25T22:26:44Z,closing,6e8b1f358bb5c3837f473e61ecb68650,2026-09-25T22:41:00Z,Philadelphia Phillies,Tampa Bay Rays,draftkings,alternate_spreads,Philadelphia Phillies,-4.0,5.9
2026-09-25T22:26:44Z,closing,6e8b1f358bb5c3837f473e61ecb68650,2026-09-25T22:41:00Z,Philadelphia Phillies,Tampa Bay Rays,draftkings,alternate_spreads,Philadelphia Phillies,-4.5,6.23
2026-09-25T22:26:44Z,closing,6e8b1f358bb5c3837f473e61ecb68650,2026-09-25T22:41:00Z,Philadelphia Phillies,Tampa Bay Rays,draftkings,alternate_spreads,Philadelphia Phillies,-5.0,8.5
2026-09-25T22:26:44Z,closing,6e8b1f358bb5c3837f473e61ecb68650,2026-09-25T22:41:00Z,Philadelphia Phillies,Tampa Bay Rays,draftkings,alternate_spreads,Philadelphia Phillies,-5.5,8.8
2026-09-25T22:26:44Z,closing,6e8b1f358bb5c3837f473e61ecb68650,2026-09-25T22:41:00Z,Philadelphia Phillies,Tampa Bay Rays,draftkings,alternate_spreads,Tampa Bay Rays,-4.0,9.9
2026-09-25T22:26:44Z,closing,6e8b1f358bb5c3837f473e61ecb68650,2026-09-25T22:41:00Z,Philadelphia Phillies,Tampa Bay Rays,draftkings,alternate_spreads,Tampa Bay Rays,-3.5,7.2
2026-09-25T22:26:44Z,closing,6e8b1f358bb5c3837f473e61ecb68650,2026-09-25T22:41:00Z,Philadelphia Phillies,Tampa Bay Rays,draftkings,alternate_spreads,Tampa Bay Rays,-3.0,6.89
2026-09-25T22:26:44Z,closing,6e8b1f358bb5c3837f473e61ecb68650,2026-09-25T22:41:00Z,Philadelphia Phillies,Tampa Bay Rays,draftkings,alternate_spreads,Tampa Bay Rays,-2.5,5.11
2026-09-25T22:26:44Z,closing,6e8b1f358bb5c3837f473e61ecb68650,2026-09-25T22:41:00Z,Philadelphia Phillies,Tampa Bay Rays,draftkings,alternate_spreads,Tampa Bay Rays,-2.0,4.75
2026-09-25T22:26:44Z,closing,6e8b1f358bb5c3837f473e61ecb68650,2026-09-25T22:41:00Z,Philadelphia Phillies,Tampa Bay Rays,draftkings,alternate_spreads,Tampa Bay Rays,-1.5,3.57
2026-09-25T22:26:44Z,closing,6e8b1f358bb5c3837f473e61ecb68650,2026-09-25T22:41:00Z,Philadelphia Phillies,Tampa Bay Rays,draftkings,alternate_spreads,Tampa Bay Rays,-1.0,3.15
2026-09-25T22:26:44Z,closing,6e8b1f358bb5c3837f473e61ecb68650,2026-09-25T22:41:00Z,Philadelphia Phillies,Tampa Bay Rays,draftkings,alternate_spreads,Tampa Bay Rays,1.0,1.93
2026-09-25T22:26:44Z,closing,6e8b1f358bb5c3837f473e61ecb68650,2026-09-25T22:41:00Z,Philadelphia Phillies,Tampa Bay Rays,draftkings,alternate_spreads,Tampa Bay Rays,2.0,1.41
2026-09-25T22:26:44Z,closing,6e8b1f358bb5c3837f473e61ecb68650,2026-09-25T22:41:00Z,Philadelphia Phillies,Tampa Bay Rays,draftkings,alternate_spreads,Tampa Bay Rays,2.5,1.34
2026-09-25T22:26:44Z,closing,6e8b1f358bb5c3837f473e61ecb68650,2026-09-25T22:41:00Z,Philadelphia Phillies,Tampa Bay Rays,draftkings,alternate_spreads,Tampa Bay Rays,3.0,1.22
2026-09-25T22:26:44Z,closing,6e8b1f358bb5c3837f473e61ecb68650,2026-09-25T22:41:00Z,Philadelphia Phillies,Tampa Bay Rays,draftkings,alternate_spreads,Tampa Bay Rays,3.5,1.19
2026-09-25T22:26:44Z,closing,6e8b1f358bb5c3837f473e61ecb68650,2026-09-25T22:41:00Z,Philadelphia Phillies,Tampa Bay Rays,draftkings,alternate_spreads,Tampa Bay Rays,4.0,1.12
2026-09-25T22:26:44Z,closing,6e8b1f358bb5c3837f473e61ecb68650,2026-09-25T22:41:00Z,Philadelphia Phillies,Tampa Bay Rays,draftkings,alternate_spreads,Tampa Bay Rays,4.5,1.11
2026-09-25T22:26:44Z,closing,6e8b1f358bb5c3837f473e61ecb68650,2026-09-25T22:41:00Z,Philadelphia Phillies,Tampa Bay Rays,draftkings,alternate_spreads,Tampa Bay Rays,5.0,1.06
2026-09-25T22:26:44Z,closing,6e8b1f358bb5c3837f473e61ecb68650,2026-09-25T22:41:00Z,Philadelphia Phillies,Tampa Bay Rays,draftkings,alternate_spreads,Tampa Bay Rays,5.5,1.05
2026-09-25T22:26:44Z,closing,6e8b1f358bb5c3837f473e61ecb68650,2026-09-25T22:41:00Z,Philadelphia Phillies,Tampa Bay Rays,draftkings,alternate_totals,Over,3.5,1.18
2026-09-25T22:26:44Z,closing,6e8b1f358bb5c3837f473e61ecb68650,2026-09-25T22:41:00Z,Philadelphia Phillies,Tampa Bay Rays,draftkings,alternate_totals,Over,4.0,1.2
2026-09-25T22:26:44Z,closing,6e8b1f358bb5c3837f473e61ecb68650,2026-09-25T22:41:00Z,Philadelphia Phillies,Tampa Bay Rays,draftkings,alternate_totals,Over,4.5,1.29
2026-09-25T22:26:44Z,closing,6e8b1f358bb5c3837f473e61ecb68650,2026-09-25T22:41:00Z,Philadelphia Phillies,Tampa Bay Rays,draftkings,alternate_totals,Over,5.0,1.37
2026-09-25T22:26:44Z,closing,6e8b1f358bb5c3837f473e61ecb68650,2026-09-25T22:41:00Z,Philadelphia Phillies,Tampa Bay Rays,draftkings,alternate_totals,Over,5.5,1.58
2026-09-25T22:26:44Z,closing,6e8b1f358bb5c3837f473e61ecb68650,2026-09-25T22:41:00Z,Philadelphia Phillies,Tampa Bay Rays,draftkings,alternate_totals,Over,6.0,1.68
2026-09-25T22:26:44Z,closing,6e8b1f358bb5c3837f473e61ecb68650,2026-09-25T22:41:00Z,Philadelphia Phillies,Tampa Bay Rays,draftkings,alternate_totals,Over,7.0,2.12
2026-09-25T22:26:44Z,closing,6e8b1f358bb5c3837f473e61ecb68650,2026-09-25T22:41:00Z,Philadelphia Phillies,Tampa Bay Rays,draftkings,alternate_totals,Over,7.5,2.41
2026-09-25T22:26:44Z,closing,6e8b1f358bb5c3837f473e61ecb68650,2026-09-25T22:41:00Z,Philadelphia Phillies,Tampa Bay Rays,draftkings,alternate_totals,Over,8.0,2.74
2026-09-25T22:26:44Z,closing,6e8b1f358bb5c3837f473e61ecb68650,2026-09-25T22:41:00Z,Philadelphia Phillies,Tampa Bay Rays,draftkings,alternate_totals,Over,8.5,2.93
2026-09-25T22:26:44Z,closing,6e8b1f358bb5c3837f473e61ecb68650,2026-09-25T22:41:00Z,Philadelphia Phillies,Tampa Bay Rays,draftkings,alternate_totals,Over,9.0,3.75
2026-09-25T22:26:44Z,closing,6e8b1f358bb5c3837f473e61ecb68650,2026-09-25T22:41:00Z,Philadelphia Phillies,Tampa Bay Rays,draftkings,alternate_totals,Over,9.5,4.09
2026-09-25T22:26:44Z,closing,6e8b1f358bb5c3837f473e61ecb68650,2026-09-25T22:41:00Z,Philadelphia Phillies,Tampa Bay Rays,draftkings,alternate_totals,Over,10.0,4.9
2026-09-25T22:26:44Z,closing,6e8b1f358bb5c3837f473e61ecb68650,2026-09-25T22:41:00Z,Philadelphia Phillies,Tampa Bay Rays,draftkings,alternate_totals,Over,10.5,5.11
2026-09-25T22:26:44Z,closing,6e8b1f358bb5c3837f473e61ecb68650,2026-09-25T22:41:00Z,Philadelphia Phillies,Tampa Bay Rays,draftkings,alternate_totals,Over,11.0,6.86
2026-09-25T22:26:44Z,closing,6e8b1f358bb5c3837f473e61ecb68650,2026-09-25T22:41:00Z,Philadelphia Phillies,Tampa Bay Rays,draftkings,alternate_totals,Over,11.5,7.1
2026-09-25T22:26:44Z,closing,6e8b1f358bb5c3837f473e61ecb68650,2026-09-25T22:41:00Z,Philadelphia Phillies,Tampa Bay Rays,draftkings,alternate_totals,Under,3.5,4.69
2026-09-25T22:26:44Z,closing,6e8b1f358bb5c3837f473e61ecb68650,2026-09-25T22:41:00Z,Philadelphia Phillies,Tampa Bay Rays,draftkings,alternate_totals,Under,4.0,4.38
2026-09-25T22:26:44Z,closing,6e8b1f358bb5c3837f473e61ecb68650,2026-09-25T22:41:00Z,Philadelphia Phillies,Tampa Bay Rays,draftkings,alternate_totals,Under,4.5,3.43
2026-09-25T22:26:44Z,closing,6e8b1f358bb5c3837f473e61ecb68650,2026-09-25T22:41:00Z,Philadelphia Phillies,Tampa Bay Rays,draftkings,alternate_totals,Under,5.0,3.0
2026-09-25T22:26:44Z,closing,6e8b1f358bb5c3837f473e61ecb68650,2026-09-25T22:41:00Z,Philadelphia Phillies,Tampa Bay Rays,draftkings,alternate_totals,Under,5.5,2.32
2026-09-25T22:26:44Z,closing,6e8b1f358bb5c3837f473e61ecb68650,2026-09-25T22:41:00Z,Philadelphia Phillies,Tampa Bay Rays,draftkings,alternate_totals,Under,6.0,2.12
2026-09-25T22:26:44Z,closing,6e8b1f358bb5c3837f473e61ecb68650,2026-09-25T22:41:00Z,Philadelphia Phillies,Tampa Bay Rays,draftkings,alternate_totals,Under,7.0,1.68
2026-09-25T22:26:44Z,closing,6e8b1f358bb5c3837f473e61ecb68650,2026-09-25T22:41:00Z,Philadelphia Phillies,Tampa Bay Rays,draftkings,alternate_totals,Under,7.5,1.54
2026-09-25T22:26:44Z,closing,6e8b1f358bb5c3837f473e61ecb68650,2026-09-25T22:41:00Z,Philadelphia Phillies,Tampa Bay Rays,draftkings,alternate_totals,Under,8.0,1.43
2026-09-25T22:26:44Z,closing,6e8b1f358bb5c3837f473e61ecb68650,2026-09-25T22:41:00Z,Philadelphia Phillies,Tampa Bay Rays,draftkings,alternate_totals,Under,8.5,1.38
2026-09-25T22:26:44Z,closing,6e8b1f358bb5c3837f473e61ecb68650,2026-09-25T22:41:00Z,Philadelphia Phillies,Tampa Bay Rays,draftkings,alternate_totals,Under,9.0,1.25
2026-09-25T22:26:44Z,closing,6e8b1f358bb5c3837f473e61ecb68650,2026-09-25T22:41:00Z,Philadelphia Phillies,Tampa Bay Rays,draftkings,alternate_totals,Under,9.5,1.22
2026-09-25T22:26:44Z,closing,6e8b1f358bb5c3837f473e61ecb68650,2026-09-25T22:41:00Z,Philadelphia Phillies,Tampa Bay Rays,draftkings,alternate_totals,Under,10.0,1.16
2026-09-25T22:26:44Z,closing,6e8b1f358bb5c3837f473e61ecb68650,2026-09-25T22:41:00Z,Philadelphia Phillies,Tampa Bay Rays,draftkings,alternate_totals,Under,10.5,1.15
2026-09-25T22:26:44Z,closing,6e8b1f358bb5c3837f473e61ecb68650,2026-09-25T22:41:00Z,Philadelphia Phillies,Tampa Bay Rays,draftkings,alternate_totals,Under,11.0,1.09
2026-09-25T22:26:44Z,closing,6e8b1f358bb5c3837f473e61ecb68650,2026-09-25T22:41:00Z,Philadelphia Phillies,Tampa Bay Rays,draftkings,alternate_totals,Under,11.5,1.08
2026-09-25T22:26:44Z,closing,6e8b1f358bb5c3837f473e61ecb68650,2026-09-25T22:41:00Z,Philadelphia Phillies,Tampa Bay Rays,betrivers,alternate_spreads,Philadelphia Phillies,-1.5,2.15
2026-09-25T22:26:44Z,closing,6e8b1f358bb5c3837f473e61ecb68650,2026-09-25T22:41:00Z,Philadelphia Phillies,Tampa Bay Rays,betrivers,alternate_spreads,Philadelphia Phillies,-2.0,2.6
2026-09-25T22:26:44Z,closing,6e8b1f358bb5c3837f473e61ecb68650,2026-09-25T22:41:00Z,Philadelphia Phillies,Tampa Bay Rays,betrivers,alternate_spreads,Philadelphia Phillies,-2.5,2.9
2026-09-25T22:26:44Z,closing,6e8b1f358bb5c3837f473e61ecb68650,2026-09-25T22:41:00Z,Philadelphia Phillies,Tampa Bay Rays,betrivers,alternate_spreads,Philadelphia Phillies,-3.0,3.55
2026-09-25T22:26:44Z,closing,6e8b1f358bb5c3837f473e61ecb68650,2026-09-25T22:41:00Z,Philadelphia Phillies,Tampa Bay Rays,betrivers,alternate_spreads,Tampa Bay Rays,1.5,1.72
2026-09-25T22:26:44Z,closing,6e8b1f358bb5c3837f473e61ecb68650,2026-09-25T22:41:00Z,Philadelphia Phillies,Tampa Bay Rays,betrivers,alternate_spreads,Tampa Bay Rays,2.0,1.51
2026-09-25T22:26:44Z,closing,6e8b1f358bb5c3837f473e61ecb68650,2026-09-25T22:41:00Z,Philadelphia Phillies,Tampa Bay Rays,betrivers,alternate_spreads,Tampa Bay Rays,2.5,1.42
2026-09-25T22:26:44Z,closing,6e8b1f358bb5c3837f473e61ecb68650,2026-09-25T22:41:00Z,Philadelphia Phillies,Tampa Bay Rays,betrivers,alternate_spreads,Tampa Bay Rays,3.0,1.3
2026-09-25T22:26:44Z,closing,6e8b1f358bb5c3837f473e61ecb68650,2026-09-25T22:41:00Z,Philadelphia Phillies,Tampa Bay Rays,betrivers,alternate_totals,Over,9.5,3.55
2026-09-25T22:26:44Z,closing,6e8b1f358bb5c3837f473e61ecb68650,2026-09-25T22:41:00Z,Philadelphia Phillies,Tampa Bay Rays,betrivers,alternate_totals,Over,8.5,2.75
2026-09-25T22:26:44Z,closing,6e8b1f358bb5c3837f473e61ecb68650,2026-09-25T22:41:00Z,Philadelphia Phillies,Tampa Bay Rays,betrivers,alternate_totals,Over,7.0,1.97
2026-09-25T22:26:44Z,closing,6e8b1f358bb5c3837f473e61ecb68650,2026-09-25T22:41:00Z,Philadelphia Phillies,Tampa Bay Rays,betrivers,alternate_totals,Over,4.5,1.35
2026-09-25T22:26:44Z,closing,6e8b1f358bb5c3837f473e61ecb68650,2026-09-25T22:41:00Z,Philadelphia Phillies,Tampa Bay Rays,betrivers,alternate_totals,Over,10.5,4.3
2026-09-25T22:26:44Z,closing,6e8b1f358bb5c3837f473e61ecb68650,2026-09-25T22:41:00Z,Philadelphia Phillies,Tampa Bay Rays,betrivers,alternate_totals,Over,11.0,4.8
2026-09-25T22:26:44Z,closing,6e8b1f358bb5c3837f473e61ecb68650,2026-09-25T22:41:00Z,Philadelphia Phillies,Tampa Bay Rays,betrivers,alternate_totals,Over,5.5,1.6
2026-09-25T22:26:44Z,closing,6e8b1f358bb5c3837f473e61ecb68650,2026-09-25T22:41:00Z,Philadelphia Phillies,Tampa Bay Rays,betrivers,alternate_totals,Over,10.0,3.8
2026-09-25T22:26:44Z,closing,6e8b1f358bb5c3837f473e61ecb68650,2026-09-25T22:41:00Z,Philadelphia Phillies,Tampa Bay Rays,betrivers,alternate_totals,Over,8.0,2.45
2026-09-25T22:26:44Z,closing,6e8b1f358bb5c3837f473e61ecb68650,2026-09-25T22:41:00Z,Philadelphia Phillies,Tampa Bay Rays,betrivers,alternate_totals,Over,6.5,1.85
2026-09-25T22:26:44Z,closing,6e8b1f358bb5c3837f473e61ecb68650,2026-09-25T22:41:00Z,Philadelphia Phillies,Tampa Bay Rays,betrivers,alternate_totals,Over,6.0,1.65
2026-09-25T22:26:44Z,closing,6e8b1f358bb5c3837f473e61ecb68650,2026-09-25T22:41:00Z,Philadelphia Phillies,Tampa Bay Rays,betrivers,alternate_totals,Over,7.5,2.3
2026-09-25T22:26:44Z,closing,6e8b1f358bb5c3837f473e61ecb68650,2026-09-25T22:41:00Z,Philadelphia Phillies,Tampa Bay Rays,betrivers,alternate_totals,Over,9.0,3.05
2026-09-25T22:26:44Z,closing,6e8b1f358bb5c3837f473e61ecb68650,2026-09-25T22:41:00Z,Philadelphia Phillies,Tampa Bay Rays,betrivers,alternate_totals,Over,5.0,1.38
2026-09-25T22:26:44Z,closing,6e8b1f358bb5c3837f473e61ecb68650,2026-09-25T22:41:00Z,Philadelphia Phillies,Tampa Bay Rays,betrivers,alternate_totals,Under,9.5,1.3
2026-09-25T22:26:44Z,closing,6e8b1f358bb5c3837f473e61ecb68650,2026-09-25T22:41:00Z,Philadelphia Phillies,Tampa Bay Rays,betrivers,alternate_totals,Under,8.5,1.45
2026-09-25T22:26:44Z,closing,6e8b1f358bb5c3837f473e61ecb68650,2026-09-25T22:41:00Z,Philadelphia Phillies,Tampa Bay Rays,betrivers,alternate_totals,Under,7.0,1.71
2026-09-25T22:26:44Z,closing,6e8b1f358bb5c3837f473e61ecb68650,2026-09-25T22:41:00Z,Philadelphia Phillies,Tampa Bay Rays,betrivers,alternate_totals,Under,4.5,3.3
2026-09-25T22:26:44Z,closing,6e8b1f358bb5c3837f473e61ecb68650,2026-09-25T22:41:00Z,Philadelphia Phillies,Tampa Bay Rays,betrivers,alternate_totals,Under,10.5,1.22
2026-09-25T22:26:44Z,closing,6e8b1f358bb5c3837f473e61ecb68650,2026-09-25T22:41:00Z,Philadelphia Phillies,Tampa Bay Rays,betrivers,alternate_totals,Under,11.0,1.14
2026-09-25T22:26:44Z,closing,6e8b1f358bb5c3837f473e61ecb68650,2026-09-25T22:41:00Z,Philadelphia Phillies,Tampa Bay Rays,betrivers,alternate_totals,Under,5.5,2.38
2026-09-25T22:26:44Z,closing,6e8b1f358bb5c3837f473e61ecb68650,2026-09-25T22:41:00Z,Philadelphia Phillies,Tampa Bay Rays,betrivers,alternate_totals,Under,10.0,1.21
2026-09-25T22:26:44Z,closing,6e8b1f358bb5c3837f473e61ecb68650,2026-09-25T22:41:00Z,Philadelphia Phillies,Tampa Bay Rays,betrivers,alternate_totals,Under,8.0,1.48
2026-09-25T22:26:44Z,closing,6e8b1f358bb5c3837f473e61ecb68650,2026-09-25T22:41:00Z,Philadelphia Phillies,Tampa Bay Rays,betrivers,alternate_totals,Under,6.5,1.96
2026-09-25T22:26:44Z,closing,6e8b1f358bb5c3837f473e61ecb68650,2026-09-25T22:41:00Z,Philadelphia Phillies,Tampa Bay Rays,betrivers,alternate_totals,Under,6.0,2.08
2026-09-25T22:26:44Z,closing,6e8b1f358bb5c3837f473e61ecb68650,2026-09-25T22:41:00Z,Philadelphia Phillies,Tampa Bay Rays,betrivers,alternate_totals,Under,7.5,1.63
2026-09-25T22:26:44Z,closing,6e8b1f358bb5c3837f473e61ecb68650,2026-09-25T22:41:00Z,Philadelphia Phillies,Tampa Bay Rays,betrivers,alternate_totals,Under,9.0,1.32
2026-09-25T22:26:44Z,closing,6e8b1f358bb5c3837f473e61ecb68650,2026-09-25T22:41:00Z,Philadelphia Phillies,Tampa Bay Rays,betrivers,alternate_totals,Under,5.0,2.75
2026-09-25T22:26:44Z,closing,6e8b1f358bb5c3837f473e61ecb68650,2026-09-25T22:41:00Z,Philadelphia Phillies,Tampa Bay Rays,betmgm,alternate_spreads,Philadelphia Phillies,-2.5,3.1
2026-09-25T22:26:44Z,closing,6e8b1f358bb5c3837f473e61ecb68650,2026-09-25T22:41:00Z,Philadelphia Phillies,Tampa Bay Rays,betmgm,alternate_spreads,Philadelphia Phillies,-1.5,2.25
2026-09-25T22:26:44Z,closing,6e8b1f358bb5c3837f473e61ecb68650,2026-09-25T22:41:00Z,Philadelphia Phillies,Tampa Bay Rays,betmgm,alternate_spreads,Philadelphia Phillies,1.5,1.29
2026-09-25T22:26:44Z,closing,6e8b1f358bb5c3837f473e61ecb68650,2026-09-25T22:41:00Z,Philadelphia Phillies,Tampa Bay Rays,betmgm,alternate_spreads,Philadelphia Phillies,-4.5,5.75
2026-09-25T22:26:44Z,closing,6e8b1f358bb5c3837f473e61ecb68650,2026-09-25T22:41:00Z,Philadelphia Phillies,Tampa Bay Rays,betmgm,alternate_spreads,Philadelphia Phillies,-5.5,8.0
2026-09-25T22:26:44Z,closing,6e8b1f358bb5c3837f473e61ecb68650,2026-09-25T22:41:00Z,Philadelphia Phillies,Tampa Bay Rays,betmgm,alternate_spreads,Philadelphia Phillies,-3.5,4.25
2026-09-25T22:26:44Z,closing,6e8b1f358bb5c3837f473e61ecb68650,2026-09-25T22:41:00Z,Philadelphia Phillies,Tampa Bay Rays,betmgm,alternate_spreads,Tampa Bay Rays,2.5,1.35
2026-09-25T22:26:44Z,closing,6e8b1f358bb5c3837f473e61ecb68650,2026-09-25T22:41:00Z,Philadelphia Phillies,Tampa Bay Rays,betmgm,alternate_spreads,Tampa Bay Rays,1.5,1.65
2026-09-25T22:26:44Z,closing,6e8b1f358bb5c3837f473e61ecb68650,2026-09-25T22:41:00Z,Philadelphia Phillies,Tampa Bay Rays,betmgm,alternate_spreads,Tampa Bay Rays,-1.5,3.5
2026-09-25T22:26:44Z,closing,6e8b1f358bb5c3837f473e61ecb68650,2026-09-25T22:41:00Z,Philadelphia Phillies,Tampa Bay Rays,betmgm,alternate_spreads,Tampa Bay Rays,4.5,1.12
2026-09-25T22:26:44Z,closing,6e8b1f358bb5c3837f473e61ecb68650,2026-09-25T22:41:00Z,Philadelphia Phillies,Tampa Bay Rays,betmgm,alternate_spreads,Tampa Bay Rays,5.5,1.06
2026-09-25T22:26:44Z,closing,6e8b1f358bb5c3837f473e61ecb68650,2026-09-25T22:41:00Z,Philadelphia Phillies,Tampa Bay Rays,betmgm,alternate_spreads,Tampa Bay Rays,3.5,1.2
2026-09-25T22:26:44Z,closing,6e8b1f358bb5c3837f473e61ecb68650,2026-09-25T22:41:00Z,Philadelphia Phillies,Tampa Bay Rays,betmgm,alternate_totals,Over,3.5,1.17
2026-09-25T22:26:44Z,closing,6e8b1f358bb5c3837f473e61ecb68650,2026-09-25T22:41:00Z,Philadelphia Phillies,Tampa Bay Rays,betmgm,alternate_totals,Over,4.0,1.19
2026-09-25T22:26:44Z,closing,6e8b1f358bb5c3837f473e61ecb68650,2026-09-25T22:41:00Z,Philadelphia Phillies,Tampa Bay Rays,betmgm,alternate_totals,Over,4.5,1.29
2026-09-25T22:26:44Z,closing,6e8b1f358bb5c3837f473e61ecb68650,2026-09-25T22:41:00Z,Philadelphia Phillies,Tampa Bay Rays,betmgm,alternate_totals,Over,5.0,1.35
2026-09-25T22:26:44Z,closing,6e8b1f358bb5c3837f473e61ecb68650,2026-09-25T22:41:00Z,Philadelphia Phillies,Tampa Bay Rays,betmgm,alternate_totals,Over,5.5,1.57
2026-09-25T22:26:44Z,closing,6e8b1f358bb5c3837f473e61ecb68650,2026-09-25T22:41:00Z,Philadelphia Phillies,Tampa Bay Rays,betmgm,alternate_totals,Over,6.0,1.69
2026-09-25T22:26:44Z,closing,6e8b1f358bb5c3837f473e61ecb68650,2026-09-25T22:41:00Z,Philadelphia Phillies,Tampa Bay Rays,betmgm,alternate_totals,Over,6.5,1.87
2026-09-25T22:26:44Z,closing,6e8b1f358bb5c3837f473e61ecb68650,2026-09-25T22:41:00Z,Philadelphia Phillies,Tampa Bay Rays,betmgm,alternate_totals,Over,7.0,2.15
2026-09-25T22:26:44Z,closing,6e8b1f358bb5c3837f473e61ecb68650,2026-09-25T22:41:00Z,Philadelphia Phillies,Tampa Bay Rays,betmgm,alternate_totals,Over,7.5,2.45
2026-09-25T22:26:44Z,closing,6e8b1f358bb5c3837f473e61ecb68650,2026-09-25T22:41:00Z,Philadelphia Phillies,Tampa Bay Rays,betmgm,alternate_totals,Over,8.0,2.85
2026-09-25T22:26:44Z,closing,6e8b1f358bb5c3837f473e61ecb68650,2026-09-25T22:41:00Z,Philadelphia Phillies,Tampa Bay Rays,betmgm,alternate_totals,Over,8.5,3.1
2026-09-25T22:26:44Z,closing,6e8b1f358bb5c3837f473e61ecb68650,2026-09-25T22:41:00Z,Philadelphia Phillies,Tampa Bay Rays,betmgm,alternate_totals,Over,9.0,3.8
2026-09-25T22:26:44Z,closing,6e8b1f358bb5c3837f473e61ecb68650,2026-09-25T22:41:00Z,Philadelphia Phillies,Tampa Bay Rays,betmgm,alternate_totals,Over,9.5,4.2
2026-09-25T22:26:44Z,closing,6e8b1f358bb5c3837f473e61ecb68650,2026-09-25T22:41:00Z,Philadelphia Phillies,Tampa Bay Rays,betmgm,alternate_totals,Over,10.0,5.0
2026-09-25T22:26:44Z,closing,6e8b1f358bb5c3837f473e61ecb68650,2026-09-25T22:41:00Z,Philadelphia Phillies,Tampa Bay Rays,betmgm,alternate_totals,Over,10.5,5.25
2026-09-25T22:26:44Z,closing,6e8b1f358bb5c3837f473e61ecb68650,2026-09-25T22:41:00Z,Philadelphia Phillies,Tampa Bay Rays,betmgm,alternate_totals,Over,11.0,6.75
2026-09-25T22:26:44Z,closing,6e8b1f358bb5c3837f473e61ecb68650,2026-09-25T22:41:00Z,Philadelphia Phillies,Tampa Bay Rays,betmgm,alternate_totals,Over,11.5,7.0
2026-09-25T22:26:44Z,closing,6e8b1f358bb5c3837f473e61ecb68650,2026-09-25T22:41:00Z,Philadelphia Phillies,Tampa Bay Rays,betmgm,alternate_totals,Over,12.0,8.5
2026-09-25T22:26:44Z,closing,6e8b1f358bb5c3837f473e61ecb68650,2026-09-25T22:41:00Z,Philadelphia Phillies,Tampa Bay Rays,betmgm,alternate_totals,Over,2.0,1.01
2026-09-25T22:26:44Z,closing,6e8b1f358bb5c3837f473e61ecb68650,2026-09-25T22:41:00Z,Philadelphia Phillies,Tampa Bay Rays,betmgm,alternate_totals,Over,3.0,1.06
2026-09-25T22:26:44Z,closing,6e8b1f358bb5c3837f473e61ecb68650,2026-09-25T22:41:00Z,Philadelphia Phillies,Tampa Bay Rays,betmgm,alternate_totals,Over,1.5,1.01
2026-09-25T22:26:44Z,closing,6e8b1f358bb5c3837f473e61ecb68650,2026-09-25T22:41:00Z,Philadelphia Phillies,Tampa Bay Rays,betmgm,alternate_totals,Over,2.5,1.05
2026-09-25T22:26:44Z,closing,6e8b1f358bb5c3837f473e61ecb68650,2026-09-25T22:41:00Z,Philadelphia Phillies,Tampa Bay Rays,betmgm,alternate_totals,Under,3.5,4.75
2026-09-25T22:26:44Z,closing,6e8b1f358bb5c3837f473e61ecb68650,2026-09-25T22:41:00Z,Philadelphia Phillies,Tampa Bay Rays,betmgm,alternate_totals,Under,4.0,4.5
2026-09-25T22:26:44Z,closing,6e8b1f358bb5c3837f473e61ecb68650,2026-09-25T22:41:00Z,Philadelphia Phillies,Tampa Bay Rays,betmgm,alternate_totals,Under,4.5,3.5
2026-09-25T22:26:44Z,closing,6e8b1f358bb5c3837f473e61ecb68650,2026-09-25T22:41:00Z,Philadelphia Phillies,Tampa Bay Rays,betmgm,alternate_totals,Under,5.0,3.1
2026-09-25T22:26:44Z,closing,6e8b1f358bb5c3837f473e61ecb68650,2026-09-25T22:41:00Z,Philadelphia Phillies,Tampa Bay Rays,betmgm,alternate_totals,Under,5.5,2.35
2026-09-25T22:26:44Z,closing,6e8b1f358bb5c3837f473e61ecb68650,2026-09-25T22:41:00Z,Philadelphia Phillies,Tampa Bay Rays,betmgm,alternate_totals,Under,6.0,2.1
2026-09-25T22:26:44Z,closing,6e8b1f358bb5c3837f473e61ecb68650,2026-09-25T22:41:00Z,Philadelphia Phillies,Tampa Bay Rays,betmgm,alternate_totals,Under,6.5,1.95
2026-09-25T22:26:44Z,closing,6e8b1f358bb5c3837f473e61ecb68650,2026-09-25T22:41:00Z,Philadelphia Phillies,Tampa Bay Rays,betmgm,alternate_totals,Under,7.0,1.67
2026-09-25T22:26:44Z,closing,6e8b1f358bb5c3837f473e61ecb68650,2026-09-25T22:41:00Z,Philadelphia Phillies,Tampa Bay Rays,betmgm,alternate_totals,Under,7.5,1.53
2026-09-25T22:26:44Z,closing,6e8b1f358bb5c3837f473e61ecb68650,2026-09-25T22:41:00Z,Philadelphia Phillies,Tampa Bay Rays,betmgm,alternate_totals,Under,8.0,1.4
2026-09-25T22:26:44Z,closing,6e8b1f358bb5c3837f473e61ecb68650,2026-09-25T22:41:00Z,Philadelphia Phillies,Tampa Bay Rays,betmgm,alternate_totals,Under,8.5,1.35
2026-09-25T22:26:44Z,closing,6e8b1f358bb5c3837f473e61ecb68650,2026-09-25T22:41:00Z,Philadelphia Phillies,Tampa Bay Rays,betmgm,alternate_totals,Under,9.0,1.25
2026-09-25T22:26:44Z,closing,6e8b1f358bb5c3837f473e61ecb68650,2026-09-25T22:41:00Z,Philadelphia Phillies,Tampa Bay Rays,betmgm,alternate_totals,Under,9.5,1.21
2026-09-25T22:26:44Z,closing,6e8b1f358bb5c3837f473e61ecb68650,2026-09-25T22:41:00Z,Philadelphia Phillies,Tampa Bay Rays,betmgm,alternate_totals,Under,10.0,1.16
2026-09-25T22:26:44Z,closing,6e8b1f358bb5c3837f473e61ecb68650,2026-09-25T22:41:00Z,Philadelphia Phillies,Tampa Bay Rays,betmgm,alternate_totals,Under,10.5,1.14
2026-09-25T22:26:44Z,closing,6e8b1f358bb5c3837f473e61ecb68650,2026-09-25T22:41:00Z,Philadelphia Phillies,Tampa Bay Rays,betmgm,alternate_totals,Under,11.0,1.09
2026-09-25T22:26:44Z,closing,6e8b1f358bb5c3837f473e61ecb68650,2026-09-25T22:41:00Z,Philadelphia Phillies,Tampa Bay Rays,betmgm,alternate_totals,Under,11.5,1.08
2026-09-25T22:26:44Z,closing,6e8b1f358bb5c3837f473e61ecb68650,2026-09-25T22:41:00Z,Philadelphia Phillies,Tampa Bay Rays,betmgm,alternate_totals,Under,12.0,1.06
2026-09-25T22:26:44Z,closing,6e8b1f358bb5c3837f473e61ecb68650,2026-09-25T22:41:00Z,Philadelphia Phillies,Tampa Bay Rays,betmgm,alternate_totals,Under,2.0,13.0
2026-09-25T22:26:44Z,closing,6e8b1f358bb5c3837f473e61ecb68650,2026-09-25T22:41:00Z,Philadelphia Phillies,Tampa Bay Rays,betmgm,alternate_totals,Under,3.0,8.25
2026-09-25T22:26:44Z,closing,6e8b1f358bb5c3837f473e61ecb68650,2026-09-25T22:41:00Z,Philadelphia Phillies,Tampa Bay Rays,betmgm,alternate_totals,Under,1.5,13.5
2026-09-25T22:26:44Z,closing,6e8b1f358bb5c3837f473e61ecb68650,2026-09-25T22:41:00Z,Philadelphia Phillies,Tampa Bay Rays,betmgm,alternate_totals,Under,2.5,9.0
2026-09-25T22:26:44Z,closing,6e8b1f358bb5c3837f473e61ecb68650,2026-09-25T22:41:00Z,Philadelphia Phillies,Tampa Bay Rays,pinnacle,alternate_spreads,Philadelphia Phillies,-1.5,2.4
2026-09-25T22:26:44Z,closing,6e8b1f358bb5c3837f473e61ecb68650,2026-09-25T22:41:00Z,Philadelphia Phillies,Tampa Bay Rays,pinnacle,alternate_spreads,Philadelphia Phillies,1.5,1.31
2026-09-25T22:26:44Z,closing,6e8b1f358bb5c3837f473e61ecb68650,2026-09-25T22:41:00Z,Philadelphia Phillies,Tampa Bay Rays,pinnacle,alternate_spreads,Philadelphia Phillies,1.0,1.38
2026-09-25T22:26:44Z,closing,6e8b1f358bb5c3837f473e61ecb68650,2026-09-25T22:41:00Z,Philadelphia Phillies,Tampa Bay Rays,pinnacle,alternate_spreads,Philadelphia Phillies,-1.0,1.89
2026-09-25T22:26:44Z,closing,6e8b1f358bb5c3837f473e61ecb68650,2026-09-25T22:41:00Z,Philadelphia Phillies,Tampa Bay Rays,pinnacle,alternate_spreads,Philadelphia Phillies,-2.0,2.95
2026-09-25T22:26:44Z,closing,6e8b1f358bb5c3837f473e61ecb68650,2026-09-25T22:41:00Z,Philadelphia Phillies,Tampa Bay Rays,pinnacle,alternate_spreads,Philadelphia Phillies,-2.5,3.29
2026-09-25T22:26:44Z,closing,6e8b1f358bb5c3837f473e61ecb68650,2026-09-25T22:41:00Z,Philadelphia Phillies,Tampa Bay Rays,pinnacle,alternate_spreads,Philadelphia Phillies,-3.0,4.2
2026-09-25T22:26:44Z,closing,6e8b1f358bb5c3837f473e61ecb68650,2026-09-25T22:41:00Z,Philadelphia Phillies,Tampa Bay Rays,pinnacle,alternate_spreads,Tampa Bay Rays,1.5,1.64
2026-09-25T22:26:44Z,closing,6e8b1f358bb5c3837f473e61ecb68650,2026-09-25T22:41:00Z,Philadelphia Phillies,Tampa Bay Rays,pinnacle,alternate_spreads,Tampa Bay Rays,-1.5,3.51
2026-09-25T22:26:44Z,closing,6e8b1f358bb5c3837f473e61ecb68650,2026-09-25T22:41:00Z,Philadelphia Phillies,Tampa Bay Rays,pinnacle,alternate_spreads,Tampa Bay Rays,-1.0,3.16
2026-09-25T22:26:44Z,closing,6e8b1f358bb5c3837f473e61ecb68650,2026-09-25T22:41:00Z,Philadelphia Phillies,Tampa Bay Rays,pinnacle,alternate_spreads,Tampa Bay Rays,1.0,2.0
2026-09-25T22:26:44Z,closing,6e8b1f358bb5c3837f473e61ecb68650,2026-09-25T22:41:00Z,Philadelphia Phillies,Tampa Bay Rays,pinnacle,alternate_spreads,Tampa Bay Rays,2.0,1.44
2026-09-25T22:26:44Z,closing,6e8b1f358bb5c3837f473e61ecb68650,2026-09-25T22:41:00Z,Philadelphia Phillies,Tampa Bay Rays,pinnacle,alternate_spreads,Tampa Bay Rays,2.5,1.36
2026-09-25T22:26:44Z,closing,6e8b1f358bb5c3837f473e61ecb68650,2026-09-25T22:41:00Z,Philadelphia Phillies,Tampa Bay Rays,pinnacle,alternate_spreads,Tampa Bay Rays,3.0,1.23
2026-09-25T22:26:44Z,closing,6e8b1f358bb5c3837f473e61ecb68650,2026-09-25T22:41:00Z,Philadelphia Phillies,Tampa Bay Rays,pinnacle,alternate_totals,Over,6.5,1.91
2026-09-25T22:26:44Z,closing,6e8b1f358bb5c3837f473e61ecb68650,2026-09-25T22:41:00Z,Philadelphia Phillies,Tampa Bay Rays,pinnacle,alternate_totals,Over,5.0,1.38
2026-09-25T22:26:44Z,closing,6e8b1f358bb5c3837f473e61ecb68650,2026-09-25T22:41:00Z,Philadelphia Phillies,Tampa Bay Rays,pinnacle,alternate_totals,Over,5.5,1.61
2026-09-25T22:26:44Z,closing,6e8b1f358bb5c3837f473e61ecb68650,2026-09-25T22:41:00Z,Philadelphia Phillies,Tampa Bay Rays,pinnacle,alternate_totals,Over,6.0,1.72
2026-09-25T22:26:44Z,closing,6e8b1f358bb5c3837f473e61ecb68650,2026-09-25T22:41:00Z,Philadelphia Phillies,Tampa Bay Rays,pinnacle,alternate_totals,Over,7.0,2.18
2026-09-25T22:26:44Z,closing,6e8b1f358bb5c3837f473e61ecb68650,2026-09-25T22:41:00Z,Philadelphia Phillies,Tampa Bay Rays,pinnacle,alternate_totals,Over,7.5,2.47
2026-09-25T22:26:44Z,closing,6e8b1f358bb5c3837f473e61ecb68650,2026-09-25T22:41:00Z,Philadelphia Phillies,Tampa Bay Rays,pinnacle,alternate_totals,Over,8.0,2.79
2026-09-25T22:26:44Z,closing,6e8b1f358bb5c3837f473e61ecb68650,2026-09-25T22:41:00Z,Philadelphia Phillies,Tampa Bay Rays,pinnacle,alternate_totals,Under,6.5,1.98
2026-09-25T22:26:44Z,closing,6e8b1f358bb5c3837f473e61ecb68650,2026-09-25T22:41:00Z,Philadelphia Phillies,Tampa Bay Rays,pinnacle,alternate_totals,Under,5.0,3.11
2026-09-25T22:26:44Z,closing,6e8b1f358bb5c3837f473e61ecb68650,2026-09-25T22:41:00Z,Philadelphia Phillies,Tampa Bay Rays,pinnacle,alternate_totals,Under,5.5,2.41
2026-09-25T22:26:44Z,closing,6e8b1f358bb5c3837f473e61ecb68650,2026-09-25T22:41:00Z,Philadelphia Phillies,Tampa Bay Rays,pinnacle,alternate_totals,Under,6.0,2.2
2026-09-25T22:26:44Z,closing,6e8b1f358bb5c3837f473e61ecb68650,2026-09-25T22:41:00Z,Philadelphia Phillies,Tampa Bay Rays,pinnacle,alternate_totals,Under,7.0,1.74
2026-09-25T22:26:44Z,closing,6e8b1f358bb5c3837f473e61ecb68650,2026-09-25T22:41:00Z,Philadelphia Phillies,Tampa Bay Rays,pinnacle,alternate_totals,Under,7.5,1.58
2026-09-25T22:26:44Z,closing,6e8b1f358bb5c3837f473e61ecb68650,2026-09-25T22:41:00Z,Philadelphia Phillies,Tampa Bay Rays,pinnacle,alternate_totals,Under,8.0,1.46
2026-09-25T22:26:44Z,closing,80d706190519a0e4956a64e84e72ed94,2026-09-25T22:46:00Z,Washington Nationals,New York Mets,fanduel,alternate_spreads,New York Mets,6.5,1.02
2026-09-25T22:26:44Z,closing,80d706190519a0e4956a64e84e72ed94,2026-09-25T22:46:00Z,Washington Nationals,New York Mets,fanduel,alternate_spreads,New York Mets,5.5,1.04
2026-09-25T22:26:44Z,closing,80d706190519a0e4956a64e84e72ed94,2026-09-25T22:46:00Z,Washington Nationals,New York Mets,fanduel,alternate_spreads,New York Mets,4.5,1.08
2026-09-25T22:26:44Z,closing,80d706190519a0e4956a64e84e72ed94,2026-09-25T22:46:00Z,Washington Nationals,New York Mets,fanduel,alternate_spreads,New York Mets,3.5,1.14
2026-09-25T22:26:44Z,closing,80d706190519a0e4956a64e84e72ed94,2026-09-25T22:46:00Z,Washington Nationals,New York Mets,fanduel,alternate_spreads,New York Mets,2.5,1.25
2026-09-25T22:26:44Z,closing,80d706190519a0e4956a64e84e72ed94,2026-09-25T22:46:00Z,Washington Nationals,New York Mets,fanduel,alternate_spreads,New York Mets,1.5,1.42
2026-09-25T22:26:44Z,closing,80d706190519a0e4956a64e84e72ed94,2026-09-25T22:46:00Z,Washington Nationals,New York Mets,fanduel,alternate_spreads,New York Mets,-1.5,2.44
2026-09-25T22:26:44Z,closing,80d706190519a0e4956a64e84e72ed94,2026-09-25T22:46:00Z,Washington Nationals,New York Mets,fanduel,alternate_spreads,New York Mets,-2.5,3.2
2026-09-25T22:26:44Z,closing,80d706190519a0e4956a64e84e72ed94,2026-09-25T22:46:00Z,Washington Nationals,New York Mets,fanduel,alternate_spreads,New York Mets,-3.5,4.2
2026-09-25T22:26:44Z,closing,80d706190519a0e4956a64e84e72ed94,2026-09-25T22:46:00Z,Washington Nationals,New York Mets,fanduel,alternate_spreads,New York Mets,-4.5,5.5
2026-09-25T22:26:44Z,closing,80d706190519a0e4956a64e84e72ed94,2026-09-25T22:46:00Z,Washington Nationals,New York Mets,fanduel,alternate_spreads,New York Mets,-5.5,7.3
2026-09-25T22:26:44Z,closing,80d706190519a0e4956a64e84e72ed94,2026-09-25T22:46:00Z,Washington Nationals,New York Mets,fanduel,alternate_spreads,New York Mets,-6.5,9.7
2026-09-25T22:26:44Z,closing,80d706190519a0e4956a64e84e72ed94,2026-09-25T22:46:00Z,Washington Nationals,New York Mets,fanduel,alternate_spreads,New York Mets,-7.5,12.0
2026-09-25T22:26:44Z,closing,80d706190519a0e4956a64e84e72ed94,2026-09-25T22:46:00Z,Washington Nationals,New York Mets,fanduel,alternate_spreads,New York Mets,-8.5,15.0
2026-09-25T22:26:44Z,closing,80d706190519a0e4956a64e84e72ed94,2026-09-25T22:46:00Z,Washington Nationals,New York Mets,fanduel,alternate_spreads,Washington Nationals,-8.5,19.0
2026-09-25T22:26:44Z,closing,80d706190519a0e4956a64e84e72ed94,2026-09-25T22:46:00Z,Washington Nationals,New York Mets,fanduel,alternate_spreads,Washington Nationals,-7.5,16.0
2026-09-25T22:26:44Z,closing,80d706190519a0e4956a64e84e72ed94,2026-09-25T22:46:00Z,Washington Nationals,New York Mets,fanduel,alternate_spreads,Washington Nationals,-6.5,13.0
2026-09-25T22:26:44Z,closing,80d706190519a0e4956a64e84e72ed94,2026-09-25T22:46:00Z,Washington Nationals,New York Mets,fanduel,alternate_spreads,Washington Nationals,-5.5,10.0
2026-09-25T22:26:44Z,closing,80d706190519a0e4956a64e84e72ed94,2026-09-25T22:46:00Z,Washington Nationals,New York Mets,fanduel,alternate_spreads,Washington Nationals,-4.5,7.3
2026-09-25T22:26:44Z,closing,80d706190519a0e4956a64e84e72ed94,2026-09-25T22:46:00Z,Washington Nationals,New York Mets,fanduel,alternate_spreads,Washington Nationals,-3.5,5.4
2026-09-25T22:26:44Z,closing,80d706190519a0e4956a64e84e72ed94,2026-09-25T22:46:00Z,Washington Nationals,New York Mets,fanduel,alternate_spreads,Washington Nationals,-2.5,3.85
2026-09-25T22:26:44Z,closing,80d706190519a0e4956a64e84e72ed94,2026-09-25T22:46:00Z,Washington Nationals,New York Mets,fanduel,alternate_spreads,Washington Nationals,-1.5,2.82
2026-09-25T22:26:44Z,closing,80d706190519a0e4956a64e84e72ed94,2026-09-25T22:46:00Z,Washington Nationals,New York Mets,fanduel,alternate_spreads,Washington Nationals,1.5,1.54
2026-09-25T22:26:44Z,closing,80d706190519a0e4956a64e84e72ed94,2026-09-25T22:46:00Z,Washington Nationals,New York Mets,fanduel,alternate_spreads,Washington Nationals,2.5,1.34
2026-09-25T22:26:44Z,closing,80d706190519a0e4956a64e84e72ed94,2026-09-25T22:46:00Z,Washington Nationals,New York Mets,fanduel,alternate_spreads,Washington Nationals,3.5,1.22
2026-09-25T22:26:44Z,closing,80d706190519a0e4956a64e84e72ed94,2026-09-25T22:46:00Z,Washington Nationals,New York Mets,fanduel,alternate_spreads,Washington Nationals,4.5,1.14
2026-09-25T22:26:44Z,closing,80d706190519a0e4956a64e84e72ed94,2026-09-25T22:46:00Z,Washington Nationals,New York Mets,fanduel,alternate_spreads,Washington Nationals,5.5,1.08
2026-09-25T22:26:44Z,closing,80d706190519a0e4956a64e84e72ed94,2026-09-25T22:46:00Z,Washington Nationals,New York Mets,fanduel,alternate_spreads,Washington Nationals,6.5,1.05
2026-09-25T22:26:44Z,closing,80d706190519a0e4956a64e84e72ed94,2026-09-25T22:46:00Z,Washington Nationals,New York Mets,fanduel,alternate_spreads,Washington Nationals,7.5,1.02
2026-09-25T22:26:44Z,closing,80d706190519a0e4956a64e84e72ed94,2026-09-25T22:46:00Z,Washington Nationals,New York Mets,fanduel,alternate_totals,Over,3.5,1.05
2026-09-25T22:26:44Z,closing,80d706190519a0e4956a64e84e72ed94,2026-09-25T22:46:00Z,Washington Nationals,New York Mets,fanduel,alternate_totals,Over,4.5,1.11
2026-09-25T22:26:44Z,closing,80d706190519a0e4956a64e84e72ed94,2026-09-25T22:46:00Z,Washington Nationals,New York Mets,fanduel,alternate_totals,Over,5.5,1.23
2026-09-25T22:26:44Z,closing,80d706190519a0e4956a64e84e72ed94,2026-09-25T22:46:00Z,Washington Nationals,New York Mets,fanduel,alternate_totals,Over,6.5,1.34
2026-09-25T22:26:44Z,closing,80d706190519a0e4956a64e84e72ed94,2026-09-25T22:46:00Z,Washington Nationals,New York Mets,fanduel,alternate_totals,Over,7.5,1.58
2026-09-25T22:26:44Z,closing,80d706190519a0e4956a64e84e72ed94,2026-09-25T22:46:00Z,Washington Nationals,New York Mets,fanduel,alternate_totals,Over,8.5,1.82
2026-09-25T22:26:44Z,closing,80d706190519a0e4956a64e84e72ed94,2026-09-25T22:46:00Z,Washington Nationals,New York Mets,fanduel,alternate_totals,Over,9.5,2.3
2026-09-25T22:26:44Z,closing,80d706190519a0e4956a64e84e72ed94,2026-09-25T22:46:00Z,Washington Nationals,New York Mets,fanduel,alternate_totals,Over,10.5,2.76
2026-09-25T22:26:44Z,closing,80d706190519a0e4956a64e84e72ed94,2026-09-25T22:46:00Z,Washington Nationals,New York Mets,fanduel,alternate_totals,Over,11.5,3.55
2026-09-25T22:26:44Z,closing,80d706190519a0e4956a64e84e72ed94,2026-09-25T22:46:00Z,Washington Nationals,New York Mets,fanduel,alternate_totals,Over,12.5,4.4
2026-09-25T22:26:44Z,closing,80d706190519a0e4956a64e84e72ed94,2026-09-25T22:46:00Z,Washington Nationals,New York Mets,fanduel,alternate_totals,Over,13.5,5.7
2026-09-25T22:26:44Z,closing,80d706190519a0e4956a64e84e72ed94,2026-09-25T22:46:00Z,Washington Nationals,New York Mets,fanduel,alternate_totals,Over,14.5,7.3
2026-09-25T22:26:44Z,closing,80d706190519a0e4956a64e84e72ed94,2026-09-25T22:46:00Z,Washington Nationals,New York Mets,fanduel,alternate_totals,Over,15.5,9.7
2026-09-25T22:26:44Z,closing,80d706190519a0e4956a64e84e72ed94,2026-09-25T22:46:00Z,Washington Nationals,New York Mets,fanduel,alternate_totals,Over,16.5,11.6
2026-09-25T22:26:44Z,closing,80d706190519a0e4956a64e84e72ed94,2026-09-25T22:46:00Z,Washington Nationals,New York Mets,fanduel,alternate_totals,Over,17.5,14.0
2026-09-25T22:26:44Z,closing,80d706190519a0e4956a64e84e72ed94,2026-09-25T22:46:00Z,Washington Nationals,New York Mets,fanduel,alternate_totals,Over,18.5,16.0
2026-09-25T22:26:44Z,closing,80d706190519a0e4956a64e84e72ed94,2026-09-25T22:46:00Z,Washington Nationals,New York Mets,fanduel,alternate_totals,Under,2.5,16.0
2026-09-25T22:26:44Z,closing,80d706190519a0e4956a64e84e72ed94,2026-09-25T22:46:00Z,Washington Nationals,New York Mets,fanduel,alternate_totals,Under,3.5,9.3
2026-09-25T22:26:44Z,closing,80d706190519a0e4956a64e84e72ed94,2026-09-25T22:46:00Z,Washington Nationals,New York Mets,fanduel,alternate_totals,Under,4.5,6.4
2026-09-25T22:26:44Z,closing,80d706190519a0e4956a64e84e72ed94,2026-09-25T22:46:00Z,Washington Nationals,New York Mets,fanduel,alternate_totals,Under,5.5,4.0
2026-09-25T22:26:44Z,closing,80d706190519a0e4956a64e84e72ed94,2026-09-25T22:46:00Z,Washington Nationals,New York Mets,fanduel,alternate_totals,Under,6.5,3.2
2026-09-25T22:26:44Z,closing,80d706190519a0e4956a64e84e72ed94,2026-09-25T22:46:00Z,Washington Nationals,New York Mets,fanduel,alternate_totals,Under,7.5,2.34
2026-09-25T22:26:44Z,closing,80d706190519a0e4956a64e84e72ed94,2026-09-25T22:46:00Z,Washington Nationals,New York Mets,fanduel,alternate_totals,Under,8.5,1.96
2026-09-25T22:26:44Z,closing,80d706190519a0e4956a64e84e72ed94,2026-09-25T22:46:00Z,Washington Nationals,New York Mets,fanduel,alternate_totals,Under,9.5,1.6
2026-09-25T22:26:44Z,closing,80d706190519a0e4956a64e84e72ed94,2026-09-25T22:46:00Z,Washington Nationals,New York Mets,fanduel,alternate_totals,Under,10.5,1.43
2026-09-25T22:26:44Z,closing,80d706190519a0e4956a64e84e72ed94,2026-09-25T22:46:00Z,Washington Nationals,New York Mets,fanduel,alternate_totals,Under,11.5,1.29
2026-09-25T22:26:44Z,closing,80d706190519a0e4956a64e84e72ed94,2026-09-25T22:46:00Z,Washington Nationals,New York Mets,fanduel,alternate_totals,Under,12.5,1.21
2026-09-25T22:26:44Z,closing,80d706190519a0e4956a64e84e72ed94,2026-09-25T22:46:00Z,Washington Nationals,New York Mets,fanduel,alternate_totals,Under,13.5,1.13
2026-09-25T22:26:44Z,closing,80d706190519a0e4956a64e84e72ed94,2026-09-25T22:46:00Z,Washington Nationals,New York Mets,fanduel,alternate_totals,Under,14.5,1.08
2026-09-25T22:26:44Z,closing,80d706190519a0e4956a64e84e72ed94,2026-09-25T22:46:00Z,Washington Nationals,New York Mets,fanduel,alternate_totals,Under,15.5,1.05
2026-09-25T22:26:44Z,closing,80d706190519a0e4956a64e84e72ed94,2026-09-25T22:46:00Z,Washington Nationals,New York Mets,fanduel,alternate_totals,Under,16.5,1.03
2026-09-25T22:26:44Z,closing,80d706190519a0e4956a64e84e72ed94,2026-09-25T22:46:00Z,Washington Nationals,New York Mets,draftkings,alternate_spreads,New York Mets,-5.0,6.97
2026-09-25T22:26:44Z,closing,80d706190519a0e4956a64e84e72ed94,2026-09-25T22:46:00Z,Washington Nationals,New York Mets,draftkings,alternate_spreads,New York Mets,-4.5,5.48
2026-09-25T22:26:44Z,closing,80d706190519a0e4956a64e84e72ed94,2026-09-25T22:46:00Z,Washington Nationals,New York Mets,draftkings,alternate_spreads,New York Mets,-4.0,5.23
2026-09-25T22:26:44Z,closing,80d706190519a0e4956a64e84e72ed94,2026-09-25T22:46:00Z,Washington Nationals,New York Mets,draftkings,alternate_spreads,New York Mets,-3.5,4.2
2026-09-25T22:26:44Z,closing,80d706190519a0e4956a64e84e72ed94,2026-09-25T22:46:00Z,Washington Nationals,New York Mets,draftkings,alternate_spreads,New York Mets,-3.0,3.92
2026-09-25T22:26:44Z,closing,80d706190519a0e4956a64e84e72ed94,2026-09-25T22:46:00Z,Washington Nationals,New York Mets,draftkings,alternate_spreads,New York Mets,-2.5,3.18
2026-09-25T22:26:44Z,closing,80d706190519a0e4956a64e84e72ed94,2026-09-25T22:46:00Z,Washington Nationals,New York Mets,draftkings,alternate_spreads,New York Mets,-2.0,2.92
2026-09-25T22:26:44Z,closing,80d706190519a0e4956a64e84e72ed94,2026-09-25T22:46:00Z,Washington Nationals,New York Mets,draftkings,alternate_spreads,New York Mets,-1.0,2.18
2026-09-25T22:26:44Z,closing,80d706190519a0e4956a64e84e72ed94,2026-09-25T22:46:00Z,Washington Nationals,New York Mets,draftkings,alternate_spreads,New York Mets,1.0,1.6
2026-09-25T22:26:44Z,closing,80d706190519a0e4956a64e84e72ed94,2026-09-25T22:46:00Z,Washington Nationals,New York Mets,draftkings,alternate_spreads,New York Mets,1.5,1.45
2026-09-25T22:26:44Z,closing,80d706190519a0e4956a64e84e72ed94,2026-09-25T22:46:00Z,Washington Nationals,New York Mets,draftkings,alternate_spreads,New York Mets,2.0,1.32
2026-09-25T22:26:44Z,closing,80d706190519a0e4956a64e84e72ed94,2026-09-25T22:46:00Z,Washington Nationals,New York Mets,draftkings,alternate_spreads,New York Mets,2.5,1.28
2026-09-25T22:26:44Z,closing,80d706190519a0e4956a64e84e72ed94,2026-09-25T22:46:00Z,Washington Nationals,New York Mets,draftkings,alternate_spreads,New York Mets,3.0,1.2
2026-09-25T22:26:44Z,closing,80d706190519a0e4956a64e84e72ed94,2026-09-25T22:46:00Z,Washington Nationals,New York Mets,draftkings,alternate_spreads,New York Mets,3.5,1.18
2026-09-25T22:26:44Z,closing,80d706190519a0e4956a64e84e72ed94,2026-09-25T22:46:00Z,Washington Nationals,New York Mets,draftkings,alternate_spreads,New York Mets,4.0,1.12
2026-09-25T22:26:44Z,closing,80d706190519a0e4956a64e84e72ed94,2026-09-25T22:46:00Z,Washington Nationals,New York Mets,draftkings,alternate_spreads,New York Mets,4.5,1.11
2026-09-25T22:26:44Z,closing,80d706190519a0e4956a64e84e72ed94,2026-09-25T22:46:00Z,Washington Nationals,New York Mets,draftkings,alternate_spreads,Washington Nationals,5.0,1.09
2026-09-25T22:26:44Z,closing,80d706190519a0e4956a64e84e72ed94,2026-09-25T22:46:00Z,Washington Nationals,New York Mets,draftkings,alternate_spreads,Washington Nationals,4.5,1.13
2026-09-25T22:26:44Z,closing,80d706190519a0e4956a64e84e72ed94,2026-09-25T22:46:00Z,Washington Nationals,New York Mets,draftkings,alternate_spreads,Washington Nationals,4.0,1.14
2026-09-25T22:26:44Z,closing,80d706190519a0e4956a64e84e72ed94,2026-09-25T22:46:00Z,Washington Nationals,New York Mets,draftkings,alternate_spreads,Washington Nationals,3.5,1.21
2026-09-25T22:26:44Z,closing,80d706190519a0e4956a64e84e72ed94,2026-09-25T22:46:00Z,Washington Nationals,New York Mets,draftkings,alternate_spreads,Washington Nationals,3.0,1.24
2026-09-25T22:26:44Z,closing,80d706190519a0e4956a64e84e72ed94,2026-09-25T22:46:00Z,Washington Nationals,New York Mets,draftkings,alternate_spreads,Washington Nationals,2.5,1.33
2026-09-25T22:26:44Z,closing,80d706190519a0e4956a64e84e72ed94,2026-09-25T22:46:00Z,Washington Nationals,New York Mets,draftkings,alternate_spreads,Washington Nationals,2.0,1.38
2026-09-25T22:26:44Z,closing,80d706190519a0e4956a64e84e72ed94,2026-09-25T22:46:00Z,Washington Nationals,New York Mets,draftkings,alternate_spreads,Washington Nationals,1.0,1.65
2026-09-25T22:26:44Z,closing,80d706190519a0e4956a64e84e72ed94,2026-09-25T22:46:00Z,Washington Nationals,New York Mets,draftkings,alternate_spreads,Washington Nationals,-1.0,2.27
2026-09-25T22:26:44Z,closing,80d706190519a0e4956a64e84e72ed94,2026-09-25T22:46:00Z,Washington Nationals,New York Mets,draftkings,alternate_spreads,Washington Nationals,-1.5,2.67
2026-09-25T22:26:44Z,closing,80d706190519a0e4956a64e84e72ed94,2026-09-25T22:46:00Z,Washington Nationals,New York Mets,draftkings,alternate_spreads,Washington Nationals,-2.0,3.25
2026-09-25T22:26:44Z,closing,80d706190519a0e4956a64e84e72ed94,2026-09-25T22:46:00Z,Washington Nationals,New York Mets,draftkings,alternate_spreads,Washington Nationals,-2.5,3.53
2026-09-25T22:26:44Z,closing,80d706190519a0e4956a64e84e72ed94,2026-09-25T22:46:00Z,Washington Nationals,New York Mets,draftkings,alternate_spreads,Washington Nationals,-3.0,4.37
2026-09-25T22:26:44Z,closing,80d706190519a0e4956a64e84e72ed94,2026-09-25T22:46:00Z,Washington Nationals,New York Mets,draftkings,alternate_spreads,Washington Nationals,-3.5,4.63
2026-09-25T22:26:44Z,closing,80d706190519a0e4956a64e84e72ed94,2026-09-25T22:46:00Z,Washington Nationals,New York Mets,draftkings,alternate_spreads,Washington Nationals,-4.0,5.87
2026-09-25T22:26:44Z,closing,80d706190519a0e4956a64e84e72ed94,2026-09-25T22:46:00Z,Washington Nationals,New York Mets,draftkings,alternate_spreads,Washington Nationals,-4.5,6.13
2026-09-25T22:26:44Z,closing,80d706190519a0e4956a64e84e72ed94,2026-09-25T22:46:00Z,Washington Nationals,New York Mets,draftkings,alternate_totals,Over,5.5,1.25
2026-09-25T22:26:44Z,closing,80d706190519a0e4956a64e84e72ed94,2026-09-25T22:46:00Z,Washington Nationals,New York Mets,draftkings,alternate_totals,Over,6.0,1.28
2026-09-25T22:26:44Z,closing,80d706190519a0e4956a64e84e72ed94,2026-09-25T22:46:00Z,Washington Nationals,New York Mets,draftkings,alternate_totals,Over,6.5,1.37
2026-09-25T22:26:44Z,closing,80d706190519a0e4956a64e84e72ed94,2026-09-25T22:46:00Z,Washington Nationals,New York Mets,draftkings,alternate_totals,Over,7.0,1.44
2026-09-25T22:26:44Z,closing,80d706190519a0e4956a64e84e72ed94,2026-09-25T22:46:00Z,Washington Nationals,New York Mets,draftkings,alternate_totals,Over,7.5,1.59
2026-09-25T22:26:44Z,closing,80d706190519a0e4956a64e84e72ed94,2026-09-25T22:46:00Z,Washington Nationals,New York Mets,draftkings,alternate_totals,Over,8.0,1.68
2026-09-25T22:26:44Z,closing,80d706190519a0e4956a64e84e72ed94,2026-09-25T22:46:00Z,Washington Nationals,New York Mets,draftkings,alternate_totals,Over,9.0,2.0
2026-09-25T22:26:44Z,closing,80d706190519a0e4956a64e84e72ed94,2026-09-25T22:46:00Z,Washington Nationals,New York Mets,draftkings,alternate_totals,Over,9.5,2.22
2026-09-25T22:26:44Z,closing,80d706190519a0e4956a64e84e72ed94,2026-09-25T22:46:00Z,Washington Nationals,New York Mets,draftkings,alternate_totals,Over,10.0,2.44
2026-09-25T22:26:44Z,closing,80d706190519a0e4956a64e84e72ed94,2026-09-25T22:46:00Z,Washington Nationals,New York Mets,draftkings,alternate_totals,Over,10.5,2.6
2026-09-25T22:26:44Z,closing,80d706190519a0e4956a64e84e72ed94,2026-09-25T22:46:00Z,Washington Nationals,New York Mets,draftkings,alternate_totals,Over,11.0,3.04
2026-09-25T22:26:44Z,closing,80d706190519a0e4956a64e84e72ed94,2026-09-25T22:46:00Z,Washington Nationals,New York Mets,draftkings,alternate_totals,Over,11.5,3.28
2026-09-25T22:26:44Z,closing,80d706190519a0e4956a64e84e72ed94,2026-09-25T22:46:00Z,Washington Nationals,New York Mets,draftkings,alternate_totals,Over,12.0,3.74
2026-09-25T22:26:44Z,closing,80d706190519a0e4956a64e84e72ed94,2026-09-25T22:46:00Z,Washington Nationals,New York Mets,draftkings,alternate_totals,Over,12.5,3.91
2026-09-25T22:26:44Z,closing,80d706190519a0e4956a64e84e72ed94,2026-09-25T22:46:00Z,Washington Nationals,New York Mets,draftkings,alternate_totals,Over,13.0,4.87
2026-09-25T22:26:44Z,closing,80d706190519a0e4956a64e84e72ed94,2026-09-25T22:46:00Z,Washington Nationals,New York Mets,draftkings,alternate_totals,Over,13.5,5.13
2026-09-25T22:26:44Z,closing,80d706190519a0e4956a64e84e72ed94,2026-09-25T22:46:00Z,Washington Nationals,New York Mets,draftkings,alternate_totals,Under,5.5,3.8
2026-09-25T22:26:44Z,closing,80d706190519a0e4956a64e84e72ed94,2026-09-25T22:46:00Z,Washington Nationals,New York Mets,draftkings,alternate_totals,Under,6.0,3.56
2026-09-25T22:26:44Z,closing,80d706190519a0e4956a64e84e72ed94,2026-09-25T22:46:00Z,Washington Nationals,New York Mets,draftkings,alternate_totals,Under,6.5,2.99
2026-09-25T22:26:44Z,closing,80d706190519a0e4956a64e84e72ed94,2026-09-25T22:46:00Z,Washington Nationals,New York Mets,draftkings,alternate_totals,Under,7.0,2.72
2026-09-25T22:26:44Z,closing,80d706190519a0e4956a64e84e72ed94,2026-09-25T22:46:00Z,Washington Nationals,New York Mets,draftkings,alternate_totals,Under,7.5,2.3
2026-09-25T22:26:44Z,closing,80d706190519a0e4956a64e84e72ed94,2026-09-25T22:46:00Z,Washington Nationals,New York Mets,draftkings,alternate_totals,Under,8.0,2.14
2026-09-25T22:26:44Z,closing,80d706190519a0e4956a64e84e72ed94,2026-09-25T22:46:00Z,Washington Nationals,New York Mets,draftkings,alternate_totals,Under,9.0,1.77
2026-09-25T22:26:44Z,closing,80d706190519a0e4956a64e84e72ed94,2026-09-25T22:46:00Z,Washington Nationals,New York Mets,draftkings,alternate_totals,Under,9.5,1.63
2026-09-25T22:26:44Z,closing,80d706190519a0e4956a64e84e72ed94,2026-09-25T22:46:00Z,Washington Nationals,New York Mets,draftkings,alternate_totals,Under,10.0,1.53
2026-09-25T22:26:44Z,closing,80d706190519a0e4956a64e84e72ed94,2026-09-25T22:46:00Z,Washington Nationals,New York Mets,draftkings,alternate_totals,Under,10.5,1.47
2026-09-25T22:26:44Z,closing,80d706190519a0e4956a64e84e72ed94,2026-09-25T22:46:00Z,Washington Nationals,New York Mets,draftkings,alternate_totals,Under,11.0,1.36
2026-09-25T22:26:44Z,closing,80d706190519a0e4956a64e84e72ed94,2026-09-25T22:46:00Z,Washington Nationals,New York Mets,draftkings,alternate_totals,Under,11.5,1.32
2026-09-25T22:26:44Z,closing,80d706190519a0e4956a64e84e72ed94,2026-09-25T22:46:00Z,Washington Nationals,New York Mets,draftkings,alternate_totals,Under,12.0,1.25
2026-09-25T22:26:44Z,closing,80d706190519a0e4956a64e84e72ed94,2026-09-25T22:46:00Z,Washington Nationals,New York Mets,draftkings,alternate_totals,Under,12.5,1.24
2026-09-25T22:26:44Z,closing,80d706190519a0e4956a64e84e72ed94,2026-09-25T22:46:00Z,Washington Nationals,New York Mets,draftkings,alternate_totals,Under,13.0,1.16
2026-09-25T22:26:44Z,closing,80d706190519a0e4956a64e84e72ed94,2026-09-25T22:46:00Z,Washington Nationals,New York Mets,draftkings,alternate_totals,Under,13.5,1.15
2026-09-25T22:26:44Z,closing,80d706190519a0e4956a64e84e72ed94,2026-09-25T22:46:00Z,Washington Nationals,New York Mets,coolbet,alternate_spreads,New York Mets,-3.5,4.2
2026-09-25T22:26:44Z,closing,80d706190519a0e4956a64e84e72ed94,2026-09-25T22:46:00Z,Washington Nationals,New York Mets,coolbet,alternate_spreads,New York Mets,1.5,1.45
2026-09-25T22:26:44Z,closing,80d706190519a0e4956a64e84e72ed94,2026-09-25T22:46:00Z,Washington Nationals,New York Mets,coolbet,alternate_spreads,New York Mets,2.5,1.29
2026-09-25T22:26:44Z,closing,80d706190519a0e4956a64e84e72ed94,2026-09-25T22:46:00Z,Washington Nationals,New York Mets,coolbet,alternate_spreads,New York Mets,-1.5,2.47
2026-09-25T22:26:44Z,closing,80d706190519a0e4956a64e84e72ed94,2026-09-25T22:46:00Z,Washington Nationals,New York Mets,coolbet,alternate_spreads,New York Mets,-2.5,3.2
2026-09-25T22:26:44Z,closing,80d706190519a0e4956a64e84e72ed94,2026-09-25T22:46:00Z,Washington Nationals,New York Mets,coolbet,alternate_spreads,Washington Nationals,3.5,1.23
2026-09-25T22:26:44Z,closing,80d706190519a0e4956a64e84e72ed94,2026-09-25T22:46:00Z,Washington Nationals,New York Mets,coolbet,alternate_spreads,Washington Nationals,-1.5,2.78
2026-09-25T22:26:44Z,closing,80d706190519a0e4956a64e84e72ed94,2026-09-25T22:46:00Z,Washington Nationals,New York Mets,coolbet,alternate_spreads,Washington Nationals,-2.5,3.6
2026-09-25T22:26:44Z,closing,80d706190519a0e4956a64e84e72ed94,2026-09-25T22:46:00Z,Washington Nationals,New York Mets,coolbet,alternate_spreads,Washington Nationals,1.5,1.55
2026-09-25T22:26:44Z,closing,80d706190519a0e4956a64e84e72ed94,2026-09-25T22:46:00Z,Washington Nationals,New York Mets,coolbet,alternate_spreads,Washington Nationals,2.5,1.35
2026-09-25T22:26:44Z,closing,80d706190519a0e4956a64e84e72ed94,2026-09-25T22:46:00Z,Washington Nationals,New York Mets,coolbet,alternate_totals,Over,10.0,2.67
2026-09-25T22:26:44Z,closing,80d706190519a0e4956a64e84e72ed94,2026-09-25T22:46:00Z,Washington Nationals,New York Mets,coolbet,alternate_totals,Over,7.5,1.65
2026-09-25T22:26:44Z,closing,80d706190519a0e4956a64e84e72ed94,2026-09-25T22:46:00Z,Washington Nationals,New York Mets,coolbet,alternate_totals,Over,9.5,2.37
2026-09-25T22:26:44Z,closing,80d706190519a0e4956a64e84e72ed94,2026-09-25T22:46:00Z,Washington Nationals,New York Mets,coolbet,alternate_totals,Over,9.0,2.12
2026-09-25T22:26:44Z,closing,80d706190519a0e4956a64e84e72ed94,2026-09-25T22:46:00Z,Washington Nationals,New York Mets,coolbet,alternate_totals,Over,8.0,1.76
2026-09-25T22:26:44Z,closing,80d706190519a0e4956a64e84e72ed94,2026-09-25T22:46:00Z,Washington Nationals,New York Mets,coolbet,alternate_totals,Over,8.5,1.91
2026-09-25T22:26:44Z,closing,80d706190519a0e4956a64e84e72ed94,2026-09-25T22:46:00Z,Washington Nationals,New York Mets,coolbet,alternate_totals,Over,7.0,1.48
2026-09-25T22:26:44Z,closing,80d706190519a0e4956a64e84e72ed94,2026-09-25T22:46:00Z,Washington Nationals,New York Mets,coolbet,alternate_totals,Under,10.0,1.48
2026-09-25T22:26:44Z,closing,80d706190519a0e4956a64e84e72ed94,2026-09-25T22:46:00Z,Washington Nationals,New York Mets,coolbet,alternate_totals,Under,7.5,2.25
2026-09-25T22:26:44Z,closing,80d706190519a0e4956a64e84e72ed94,2026-09-25T22:46:00Z,Washington Nationals,New York Mets,coolbet,alternate_totals,Under,9.5,1.59
2026-09-25T22:26:44Z,closing,80d706190519a0e4956a64e84e72ed94,2026-09-25T22:46:00Z,Washington Nationals,New York Mets,coolbet,alternate_totals,Under,9.0,1.73
2026-09-25T22:26:44Z,closing,80d706190519a0e4956a64e84e72ed94,2026-09-25T22:46:00Z,Washington Nationals,New York Mets,coolbet,alternate_totals,Under,8.0,2.08
2026-09-25T22:26:44Z,closing,80d706190519a0e4956a64e84e72ed94,2026-09-25T22:46:00Z,Washington Nationals,New York Mets,coolbet,alternate_totals,Under,8.5,1.91
2026-09-25T22:26:44Z,closing,80d706190519a0e4956a64e84e72ed94,2026-09-25T22:46:00Z,Washington Nationals,New York Mets,coolbet,alternate_totals,Under,7.0,2.67
2026-09-25T22:26:44Z,closing,80d706190519a0e4956a64e84e72ed94,2026-09-25T22:46:00Z,Washington Nationals,New York Mets,betmgm,alternate_spreads,New York Mets,2.5,1.25
2026-09-25T22:26:44Z,closing,80d706190519a0e4956a64e84e72ed94,2026-09-25T22:46:00Z,Washington Nationals,New York Mets,betmgm,alternate_spreads,New York Mets,1.5,1.43
2026-09-25T22:26:44Z,closing,80d706190519a0e4956a64e84e72ed94,2026-09-25T22:46:00Z,Washington Nationals,New York Mets,betmgm,alternate_spreads,New York Mets,-1.5,2.5
2026-09-25T22:26:44Z,closing,80d706190519a0e4956a64e84e72ed94,2026-09-25T22:46:00Z,Washington Nationals,New York Mets,betmgm,alternate_spreads,New York Mets,-2.5,3.2
2026-09-25T22:26:44Z,closing,80d706190519a0e4956a64e84e72ed94,2026-09-25T22:46:00Z,Washington Nationals,New York Mets,betmgm,alternate_spreads,New York Mets,-3.5,4.2
2026-09-25T22:26:44Z,closing,80d706190519a0e4956a64e84e72ed94,2026-09-25T22:46:00Z,Washington Nationals,New York Mets,betmgm,alternate_spreads,New York Mets,3.5,1.15
2026-09-25T22:26:44Z,closing,80d706190519a0e4956a64e84e72ed94,2026-09-25T22:46:00Z,Washington Nationals,New York Mets,betmgm,alternate_spreads,Washington Nationals,-2.5,3.8
2026-09-25T22:26:44Z,closing,80d706190519a0e4956a64e84e72ed94,2026-09-25T22:46:00Z,Washington Nationals,New York Mets,betmgm,alternate_spreads,Washington Nationals,-1.5,2.75
2026-09-25T22:26:44Z,closing,80d706190519a0e4956a64e84e72ed94,2026-09-25T22:46:00Z,Washington Nationals,New York Mets,betmgm,alternate_spreads,Washington Nationals,1.5,1.54
2026-09-25T22:26:44Z,closing,80d706190519a0e4956a64e84e72ed94,2026-09-25T22:46:00Z,Washington Nationals,New York Mets,betmgm,alternate_spreads,Washington Nationals,2.5,1.33
2026-09-25T22:26:44Z,closing,80d706190519a0e4956a64e84e72ed94,2026-09-25T22:46:00Z,Washington Nationals,New York Mets,betmgm,alternate_spreads,Washington Nationals,3.5,1.21
2026-09-25T22:26:44Z,closing,80d706190519a0e4956a64e84e72ed94,2026-09-25T22:46:00Z,Washington Nationals,New York Mets,betmgm,alternate_spreads,Washington Nationals,-3.5,5.0
2026-09-25T22:26:44Z,closing,80d706190519a0e4956a64e84e72ed94,2026-09-25T22:46:00Z,Washington Nationals,New York Mets,betmgm,alternate_totals,Over,3.5,1.05
2026-09-25T22:26:44Z,closing,80d706190519a0e4956a64e84e72ed94,2026-09-25T22:46:00Z,Washington Nationals,New York Mets,betmgm,alternate_totals,Over,4.0,1.05
2026-09-25T22:26:44Z,closing,80d706190519a0e4956a64e84e72ed94,2026-09-25T22:46:00Z,Washington Nationals,New York Mets,betmgm,alternate_totals,Over,4.5,1.1
2026-09-25T22:26:44Z,closing,80d706190519a0e4956a64e84e72ed94,2026-09-25T22:46:00Z,Washington Nationals,New York Mets,betmgm,alternate_totals,Over,5.0,1.11
2026-09-25T22:26:44Z,closing,80d706190519a0e4956a64e84e72ed94,2026-09-25T22:46:00Z,Washington Nationals,New York Mets,betmgm,alternate_totals,Over,5.5,1.21
2026-09-25T22:26:44Z,closing,80d706190519a0e4956a64e84e72ed94,2026-09-25T22:46:00Z,Washington Nationals,New York Mets,betmgm,alternate_totals,Over,6.0,1.24
2026-09-25T22:26:44Z,closing,80d706190519a0e4956a64e84e72ed94,2026-09-25T22:46:00Z,Washington Nationals,New York Mets,betmgm,alternate_totals,Over,6.5,1.33
2026-09-25T22:26:44Z,closing,80d706190519a0e4956a64e84e72ed94,2026-09-25T22:46:00Z,Washington Nationals,New York Mets,betmgm,alternate_totals,Over,7.0,1.4
2026-09-25T22:26:44Z,closing,80d706190519a0e4956a64e84e72ed94,2026-09-25T22:46:00Z,Washington Nationals,New York Mets,betmgm,alternate_totals,Over,7.5,1.56
2026-09-25T22:26:44Z,closing,80d706190519a0e4956a64e84e72ed94,2026-09-25T22:46:00Z,Washington Nationals,New York Mets,betmgm,alternate_totals,Over,8.0,1.65
2026-09-25T22:26:44Z,closing,80d706190519a0e4956a64e84e72ed94,2026-09-25T22:46:00Z,Washington Nationals,New York Mets,betmgm,alternate_totals,Over,8.5,1.83
2026-09-25T22:26:44Z,closing,80d706190519a0e4956a64e84e72ed94,2026-09-25T22:46:00Z,Washington Nationals,New York Mets,betmgm,alternate_totals,Over,9.0,2.05
2026-09-25T22:26:44Z,closing,80d706190519a0e4956a64e84e72ed94,2026-09-25T22:46:00Z,Washington Nationals,New York Mets,betmgm,alternate_totals,Over,9.5,2.3
2026-09-25T22:26:44Z,closing,80d706190519a0e4956a64e84e72ed94,2026-09-25T22:46:00Z,Washington Nationals,New York Mets,betmgm,alternate_totals,Over,10.0,2.6
2026-09-25T22:26:44Z,closing,80d706190519a0e4956a64e84e72ed94,2026-09-25T22:46:00Z,Washington Nationals,New York Mets,betmgm,alternate_totals,Over,10.5,2.75
2026-09-25T22:26:44Z,closing,80d706190519a0e4956a64e84e72ed94,2026-09-25T22:46:00Z,Washington Nationals,New York Mets,betmgm,alternate_totals,Over,11.0,3.4
2026-09-25T22:26:44Z,closing,80d706190519a0e4956a64e84e72ed94,2026-09-25T22:46:00Z,Washington Nationals,New York Mets,betmgm,alternate_totals,Over,11.5,3.5
2026-09-25T22:26:44Z,closing,80d706190519a0e4956a64e84e72ed94,2026-09-25T22:46:00Z,Washington Nationals,New York Mets,betmgm,alternate_totals,Over,12.0,4.2
2026-09-25T22:26:44Z,closing,80d706190519a0e4956a64e84e72ed94,2026-09-25T22:46:00Z,Washington Nationals,New York Mets,betmgm,alternate_totals,Over,12.5,4.33
2026-09-25T22:26:44Z,closing,80d706190519a0e4956a64e84e72ed94,2026-09-25T22:46:00Z,Washington Nationals,New York Mets,betmgm,alternate_totals,Over,13.0,5.25
2026-09-25T22:26:44Z,closing,80d706190519a0e4956a64e84e72ed94,2026-09-25T22:46:00Z,Washington Nationals,New York Mets,betmgm,alternate_totals,Over,13.5,5.5
2026-09-25T22:26:44Z,closing,80d706190519a0e4956a64e84e72ed94,2026-09-25T22:46:00Z,Washington Nationals,New York Mets,betmgm,alternate_totals,Over,14.0,6.75
2026-09-25T22:26:44Z,closing,80d706190519a0e4956a64e84e72ed94,2026-09-25T22:46:00Z,Washington Nationals,New York Mets,betmgm,alternate_totals,Over,3.0,1.01
2026-09-25T22:26:44Z,closing,80d706190519a0e4956a64e84e72ed94,2026-09-25T22:46:00Z,Washington Nationals,New York Mets,betmgm,alternate_totals,Under,3.5,9.0
2026-09-25T22:26:44Z,closing,80d706190519a0e4956a64e84e72ed94,2026-09-25T22:46:00Z,Washington Nationals,New York Mets,betmgm,alternate_totals,Under,4.0,8.75
2026-09-25T22:26:44Z,closing,80d706190519a0e4956a64e84e72ed94,2026-09-25T22:46:00Z,Washington Nationals,New York Mets,betmgm,alternate_totals,Under,4.5,6.5
2026-09-25T22:26:44Z,closing,80d706190519a0e4956a64e84e72ed94,2026-09-25T22:46:00Z,Washington Nationals,New York Mets,betmgm,alternate_totals,Under,5.0,6.0
2026-09-25T22:26:44Z,closing,80d706190519a0e4956a64e84e72ed94,2026-09-25T22:46:00Z,Washington Nationals,New York Mets,betmgm,alternate_totals,Under,5.5,4.2
2026-09-25T22:26:44Z,closing,80d706190519a0e4956a64e84e72ed94,2026-09-25T22:46:00Z,Washington Nationals,New York Mets,betmgm,alternate_totals,Under,6.0,3.9
2026-09-25T22:26:44Z,closing,80d706190519a0e4956a64e84e72ed94,2026-09-25T22:46:00Z,Washington Nationals,New York Mets,betmgm,alternate_totals,Under,6.5,3.2
2026-09-25T22:26:44Z,closing,80d706190519a0e4956a64e84e72ed94,2026-09-25T22:46:00Z,Washington Nationals,New York Mets,betmgm,alternate_totals,Under,7.0,2.9
2026-09-25T22:26:44Z,closing,80d706190519a0e4956a64e84e72ed94,2026-09-25T22:46:00Z,Washington Nationals,New York Mets,betmgm,alternate_totals,Under,7.5,2.35
2026-09-25T22:26:44Z,closing,80d706190519a0e4956a64e84e72ed94,2026-09-25T22:46:00Z,Washington Nationals,New York Mets,betmgm,alternate_totals,Under,8.0,2.18
2026-09-25T22:26:44Z,closing,80d706190519a0e4956a64e84e72ed94,2026-09-25T22:46:00Z,Washington Nationals,New York Mets,betmgm,alternate_totals,Under,8.5,2.0
2026-09-25T22:26:44Z,closing,80d706190519a0e4956a64e84e72ed94,2026-09-25T22:46:00Z,Washington Nationals,New York Mets,betmgm,alternate_totals,Under,9.0,1.71
2026-09-25T22:26:44Z,closing,80d706190519a0e4956a64e84e72ed94,2026-09-25T22:46:00Z,Washington Nationals,New York Mets,betmgm,alternate_totals,Under,9.5,1.59
2026-09-25T22:26:44Z,closing,80d706190519a0e4956a64e84e72ed94,2026-09-25T22:46:00Z,Washington Nationals,New York Mets,betmgm,alternate_totals,Under,10.0,1.48
2026-09-25T22:26:44Z,closing,80d706190519a0e4956a64e84e72ed94,2026-09-25T22:46:00Z,Washington Nationals,New York Mets,betmgm,alternate_totals,Under,10.5,1.43
2026-09-25T22:26:44Z,closing,80d706190519a0e4956a64e84e72ed94,2026-09-25T22:46:00Z,Washington Nationals,New York Mets,betmgm,alternate_totals,Under,11.0,1.31
2026-09-25T22:26:44Z,closing,80d706190519a0e4956a64e84e72ed94,2026-09-25T22:46:00Z,Washington Nationals,New York Mets,betmgm,alternate_totals,Under,11.5,1.29
2026-09-25T22:26:44Z,closing,80d706190519a0e4956a64e84e72ed94,2026-09-25T22:46:00Z,Washington Nationals,New York Mets,betmgm,alternate_totals,Under,12.0,1.21
2026-09-25T22:26:44Z,closing,80d706190519a0e4956a64e84e72ed94,2026-09-25T22:46:00Z,Washington Nationals,New York Mets,betmgm,alternate_totals,Under,12.5,1.2
2026-09-25T22:26:44Z,closing,80d706190519a0e4956a64e84e72ed94,2026-09-25T22:46:00Z,Washington Nationals,New York Mets,betmgm,alternate_totals,Under,13.0,1.14
2026-09-25T22:26:44Z,closing,80d706190519a0e4956a64e84e72ed94,2026-09-25T22:46:00Z,Washington Nationals,New York Mets,betmgm,alternate_totals,Under,13.5,1.13
2026-09-25T22:26:44Z,closing,80d706190519a0e4956a64e84e72ed94,2026-09-25T22:46:00Z,Washington Nationals,New York Mets,betmgm,alternate_totals,Under,14.0,1.09
2026-09-25T22:26:44Z,closing,80d706190519a0e4956a64e84e72ed94,2026-09-25T22:46:00Z,Washington Nationals,New York Mets,betmgm,alternate_totals,Under,3.0,16.5
2026-09-25T22:26:44Z,closing,80d706190519a0e4956a64e84e72ed94,2026-09-25T22:46:00Z,Washington Nationals,New York Mets,betrivers,alternate_spreads,New York Mets,2.0,1.38
2026-09-25T22:26:44Z,closing,80d706190519a0e4956a64e84e72ed94,2026-09-25T22:46:00Z,Washington Nationals,New York Mets,betrivers,alternate_spreads,New York Mets,-2.0,2.85
2026-09-25T22:26:44Z,closing,80d706190519a0e4956a64e84e72ed94,2026-09-25T22:46:00Z,Washington Nationals,New York Mets,betrivers,alternate_spreads,New York Mets,-1.5,2.43
2026-09-25T22:26:44Z,closing,80d706190519a0e4956a64e84e72ed94,2026-09-25T22:46:00Z,Washington Nationals,New York Mets,betrivers,alternate_spreads,New York Mets,1.5,1.53
2026-09-25T22:26:44Z,closing,80d706190519a0e4956a64e84e72ed94,2026-09-25T22:46:00Z,Washington Nationals,New York Mets,betrivers,alternate_spreads,Washington Nationals,-2.0,3.05
2026-09-25T22:26:44Z,closing,80d706190519a0e4956a64e84e72ed94,2026-09-25T22:46:00Z,Washington Nationals,New York Mets,betrivers,alternate_spreads,Washington Nationals,2.0,1.43
2026-09-25T22:26:44Z,closing,80d706190519a0e4956a64e84e72ed94,2026-09-25T22:46:00Z,Washington Nationals,New York Mets,betrivers,alternate_spreads,Washington Nationals,1.5,1.56
2026-09-25T22:26:44Z,closing,80d706190519a0e4956a64e84e72ed94,2026-09-25T22:46:00Z,Washington Nationals,New York Mets,betrivers,alternate_spreads,Washington Nationals,-1.5,2.55
2026-09-25T22:26:44Z,closing,80d706190519a0e4956a64e84e72ed94,2026-09-25T22:46:00Z,Washington Nationals,New York Mets,betrivers,alternate_totals,Over,5.5,1.3
2026-09-25T22:26:44Z,closing,80d706190519a0e4956a64e84e72ed94,2026-09-25T22:46:00Z,Washington Nationals,New York Mets,betrivers,alternate_totals,Over,6.5,1.43
2026-09-25T22:26:44Z,closing,80d706190519a0e4956a64e84e72ed94,2026-09-25T22:46:00Z,Washington Nationals,New York Mets,betrivers,alternate_totals,Over,10.5,2.6
2026-09-25T22:26:44Z,closing,80d706190519a0e4956a64e84e72ed94,2026-09-25T22:46:00Z,Washington Nationals,New York Mets,betrivers,alternate_totals,Over,11.5,3.15
2026-09-25T22:26:44Z,closing,80d706190519a0e4956a64e84e72ed94,2026-09-25T22:46:00Z,Washington Nationals,New York Mets,betrivers,alternate_totals,Over,12.5,3.7
2026-09-25T22:26:44Z,closing,80d706190519a0e4956a64e84e72ed94,2026-09-25T22:46:00Z,Washington Nationals,New York Mets,betrivers,alternate_totals,Over,8.0,1.68
2026-09-25T22:26:44Z,closing,80d706190519a0e4956a64e84e72ed94,2026-09-25T22:46:00Z,Washington Nationals,New York Mets,betrivers,alternate_totals,Over,9.0,1.94
2026-09-25T22:26:44Z,closing,80d706190519a0e4956a64e84e72ed94,2026-09-25T22:46:00Z,Washington Nationals,New York Mets,betrivers,alternate_totals,Over,10.0,2.3
2026-09-25T22:26:44Z,closing,80d706190519a0e4956a64e84e72ed94,2026-09-25T22:46:00Z,Washington Nationals,New York Mets,betrivers,alternate_totals,Over,13.0,3.95
2026-09-25T22:26:44Z,closing,80d706190519a0e4956a64e84e72ed94,2026-09-25T22:46:00Z,Washington Nationals,New York Mets,betrivers,alternate_totals,Over,6.0,1.3
2026-09-25T22:26:44Z,closing,80d706190519a0e4956a64e84e72ed94,2026-09-25T22:46:00Z,Washington Nationals,New York Mets,betrivers,alternate_totals,Over,9.5,2.2
2026-09-25T22:26:44Z,closing,80d706190519a0e4956a64e84e72ed94,2026-09-25T22:46:00Z,Washington Nationals,New York Mets,betrivers,alternate_totals,Over,12.0,3.3
2026-09-25T22:26:44Z,closing,80d706190519a0e4956a64e84e72ed94,2026-09-25T22:46:00Z,Washington Nationals,New York Mets,betrivers,alternate_totals,Over,7.0,1.45
2026-09-25T22:26:44Z,closing,80d706190519a0e4956a64e84e72ed94,2026-09-25T22:46:00Z,Washington Nationals,New York Mets,betrivers,alternate_totals,Over,8.5,1.87
2026-09-25T22:26:44Z,closing,80d706190519a0e4956a64e84e72ed94,2026-09-25T22:46:00Z,Washington Nationals,New York Mets,betrivers,alternate_totals,Over,7.5,1.65
2026-09-25T22:26:44Z,closing,80d706190519a0e4956a64e84e72ed94,2026-09-25T22:46:00Z,Washington Nationals,New York Mets,betrivers,alternate_totals,Over,11.0,2.75
2026-09-25T22:26:44Z,closing,80d706190519a0e4956a64e84e72ed94,2026-09-25T22:46:00Z,Washington Nationals,New York Mets,betrivers,alternate_totals,Under,5.5,3.6
2026-09-25T22:26:44Z,closing,80d706190519a0e4956a64e84e72ed94,2026-09-25T22:46:00Z,Washington Nationals,New York Mets,betrivers,alternate_totals,Under,6.5,2.85
2026-09-25T22:26:44Z,closing,80d706190519a0e4956a64e84e72ed94,2026-09-25T22:46:00Z,Washington Nationals,New York Mets,betrivers,alternate_totals,Under,10.5,1.5
2026-09-25T22:26:44Z,closing,80d706190519a0e4956a64e84e72ed94,2026-09-25T22:46:00Z,Washington Nationals,New York Mets,betrivers,alternate_totals,Under,11.5,1.36
2026-09-25T22:26:44Z,closing,80d706190519a0e4956a64e84e72ed94,2026-09-25T22:46:00Z,Washington Nationals,New York Mets,betrivers,alternate_totals,Under,12.5,1.28
2026-09-25T22:26:44Z,closing,80d706190519a0e4956a64e84e72ed94,2026-09-25T22:46:00Z,Washington Nationals,New York Mets,betrivers,alternate_totals,Under,8.0,2.02
2026-09-25T22:26:44Z,closing,80d706190519a0e4956a64e84e72ed94,2026-09-25T22:46:00Z,Washington Nationals,New York Mets,betrivers,alternate_totals,Under,9.0,1.74
2026-09-25T22:26:44Z,closing,80d706190519a0e4956a64e84e72ed94,2026-09-25T22:46:00Z,Washington Nationals,New York Mets,betrivers,alternate_totals,Under,10.0,1.53
2026-09-25T22:26:44Z,closing,80d706190519a0e4956a64e84e72ed94,2026-09-25T22:46:00Z,Washington Nationals,New York Mets,betrivers,alternate_totals,Under,13.0,1.2
2026-09-25T22:26:44Z,closing,80d706190519a0e4956a64e84e72ed94,2026-09-25T22:46:00Z,Washington Nationals,New York Mets,betrivers,alternate_totals,Under,6.0,3.1
2026-09-25T22:26:44Z,closing,80d706190519a0e4956a64e84e72ed94,2026-09-25T22:46:00Z,Washington Nationals,New York Mets,betrivers,alternate_totals,Under,9.5,1.68
2026-09-25T22:26:44Z,closing,80d706190519a0e4956a64e84e72ed94,2026-09-25T22:46:00Z,Washington Nationals,New York Mets,betrivers,alternate_totals,Under,12.0,1.28
2026-09-25T22:26:44Z,closing,80d706190519a0e4956a64e84e72ed94,2026-09-25T22:46:00Z,Washington Nationals,New York Mets,betrivers,alternate_totals,Under,7.0,2.48
2026-09-25T22:26:44Z,closing,80d706190519a0e4956a64e84e72ed94,2026-09-25T22:46:00Z,Washington Nationals,New York Mets,betrivers,alternate_totals,Under,8.5,1.94
2026-09-25T22:26:44Z,closing,80d706190519a0e4956a64e84e72ed94,2026-09-25T22:46:00Z,Washington Nationals,New York Mets,betrivers,alternate_totals,Under,7.5,2.28
2026-09-25T22:26:44Z,closing,80d706190519a0e4956a64e84e72ed94,2026-09-25T22:46:00Z,Washington Nationals,New York Mets,betrivers,alternate_totals,Under,11.0,1.38
2026-09-25T22:26:44Z,closing,80d706190519a0e4956a64e84e72ed94,2026-09-25T22:46:00Z,Washington Nationals,New York Mets,pinnacle,alternate_spreads,New York Mets,-1.5,2.55
2026-09-25T22:26:44Z,closing,80d706190519a0e4956a64e84e72ed94,2026-09-25T22:46:00Z,Washington Nationals,New York Mets,pinnacle,alternate_spreads,New York Mets,-3.0,3.98
2026-09-25T22:26:44Z,closing,80d706190519a0e4956a64e84e72ed94,2026-09-25T22:46:00Z,Washington Nationals,New York Mets,pinnacle,alternate_spreads,New York Mets,-2.5,3.27
2026-09-25T22:26:44Z,closing,80d706190519a0e4956a64e84e72ed94,2026-09-25T22:46:00Z,Washington Nationals,New York Mets,pinnacle,alternate_spreads,New York Mets,-2.0,3.02
2026-09-25T22:26:44Z,closing,80d706190519a0e4956a64e84e72ed94,2026-09-25T22:46:00Z,Washington Nationals,New York Mets,pinnacle,alternate_spreads,New York Mets,-1.0,2.25
2026-09-25T22:26:44Z,closing,80d706190519a0e4956a64e84e72ed94,2026-09-25T22:46:00Z,Washington Nationals,New York Mets,pinnacle,alternate_spreads,New York Mets,1.0,1.59
2026-09-25T22:26:44Z,closing,80d706190519a0e4956a64e84e72ed94,2026-09-25T22:46:00Z,Washington Nationals,New York Mets,pinnacle,alternate_spreads,New York Mets,1.5,1.43
2026-09-25T22:26:44Z,closing,80d706190519a0e4956a64e84e72ed94,2026-09-25T22:46:00Z,Washington Nationals,New York Mets,pinnacle,alternate_spreads,Washington Nationals,1.5,1.58
2026-09-25T22:26:44Z,closing,80d706190519a0e4956a64e84e72ed94,2026-09-25T22:46:00Z,Washington Nationals,New York Mets,pinnacle,alternate_spreads,Washington Nationals,3.0,1.25
2026-09-25T22:26:44Z,closing,80d706190519a0e4956a64e84e72ed94,2026-09-25T22:46:00Z,Washington Nationals,New York Mets,pinnacle,alternate_spreads,Washington Nationals,2.5,1.36
2026-09-25T22:26:44Z,closing,80d706190519a0e4956a64e84e72ed94,2026-09-25T22:46:00Z,Washington Nationals,New York Mets,pinnacle,alternate_spreads,Washington Nationals,2.0,1.43
2026-09-25T22:26:44Z,closing,80d706190519a0e4956a64e84e72ed94,2026-09-25T22:46:00Z,Washington Nationals,New York Mets,pinnacle,alternate_spreads,Washington Nationals,1.0,1.71
2026-09-25T22:26:44Z,closing,80d706190519a0e4956a64e84e72ed94,2026-09-25T22:46:00Z,Washington Nationals,New York Mets,pinnacle,alternate_spreads,Washington Nationals,-1.0,2.45
2026-09-25T22:26:44Z,closing,80d706190519a0e4956a64e84e72ed94,2026-09-25T22:46:00Z,Washington Nationals,New York Mets,pinnacle,alternate_spreads,Washington Nationals,-1.5,2.91
2026-09-25T22:26:44Z,closing,80d706190519a0e4956a64e84e72ed94,2026-09-25T22:46:00Z,Washington Nationals,New York Mets,pinnacle,alternate_totals,Over,8.5,1.86
2026-09-25T22:26:44Z,closing,80d706190519a0e4956a64e84e72ed94,2026-09-25T22:46:00Z,Washington Nationals,New York Mets,pinnacle,alternate_totals,Over,7.0,1.46
2026-09-25T22:26:44Z,closing,80d706190519a0e4956a64e84e72ed94,2026-09-25T22:46:00Z,Washington Nationals,New York Mets,pinnacle,alternate_totals,Over,7.5,1.63
2026-09-25T22:26:44Z,closing,80d706190519a0e4956a64e84e72ed94,2026-09-25T22:46:00Z,Washington Nationals,New York Mets,pinnacle,alternate_totals,Over,8.0,1.72
2026-09-25T22:26:44Z,closing,80d706190519a0e4956a64e84e72ed94,2026-09-25T22:46:00Z,Washington Nationals,New York Mets,pinnacle,alternate_totals,Over,9.0,2.11
2026-09-25T22:26:44Z,closing,80d706190519a0e4956a64e84e72ed94,2026-09-25T22:46:00Z,Washington Nationals,New York Mets,pinnacle,alternate_totals,Over,9.5,2.39
2026-09-25T22:26:44Z,closing,80d706190519a0e4956a64e84e72ed94,2026-09-25T22:46:00Z,Washington Nationals,New York Mets,pinnacle,alternate_totals,Over,10.0,2.68
2026-09-25T22:26:44Z,closing,80d706190519a0e4956a64e84e72ed94,2026-09-25T22:46:00Z,Washington Nationals,New York Mets,pinnacle,alternate_totals,Under,8.5,2.03
2026-09-25T22:26:44Z,closing,80d706190519a0e4956a64e84e72ed94,2026-09-25T22:46:00Z,Washington Nationals,New York Mets,pinnacle,alternate_totals,Under,7.0,2.8
2026-09-25T22:26:44Z,closing,80d706190519a0e4956a64e84e72ed94,2026-09-25T22:46:00Z,Washington Nationals,New York Mets,pinnacle,alternate_totals,Under,7.5,2.38
2026-09-25T22:26:44Z,closing,80d706190519a0e4956a64e84e72ed94,2026-09-25T22:46:00Z,Washington Nationals,New York Mets,pinnacle,alternate_totals,Under,8.0,2.21
2026-09-25T22:26:44Z,closing,80d706190519a0e4956a64e84e72ed94,2026-09-25T22:46:00Z,Washington Nationals,New York Mets,pinnacle,alternate_totals,Under,9.0,1.78
2026-09-25T22:26:44Z,closing,80d706190519a0e4956a64e84e72ed94,2026-09-25T22:46:00Z,Washington Nationals,New York Mets,pinnacle,alternate_totals,Under,9.5,1.62
2026-09-25T22:26:44Z,closing,80d706190519a0e4956a64e84e72ed94,2026-09-25T22:46:00Z,Washington Nationals,New York Mets,pinnacle,alternate_totals,Under,10.0,1.5
2026-09-25T22:41:18Z,closing,890be5ce6e3ea3d7c6f0b76bd9a0e45a,2026-09-25T23:08:00Z,Toronto Blue Jays,Cincinnati Reds,fanduel,h2h,Cincinnati Reds,,2.3
2026-09-25T22:41:18Z,closing,890be5ce6e3ea3d7c6f0b76bd9a0e45a,2026-09-25T23:08:00Z,Toronto Blue Jays,Cincinnati Reds,fanduel,h2h,Toronto Blue Jays,,1.65
2026-09-25T22:41:18Z,closing,890be5ce6e3ea3d7c6f0b76bd9a0e45a,2026-09-25T23:08:00Z,Toronto Blue Jays,Cincinnati Reds,fanduel,spreads,Cincinnati Reds,1.5,1.57
2026-09-25T22:41:18Z,closing,890be5ce6e3ea3d7c6f0b76bd9a0e45a,2026-09-25T23:08:00Z,Toronto Blue Jays,Cincinnati Reds,fanduel,spreads,Toronto Blue Jays,-1.5,2.46
2026-09-25T22:41:18Z,closing,890be5ce6e3ea3d7c6f0b76bd9a0e45a,2026-09-25T23:08:00Z,Toronto Blue Jays,Cincinnati Reds,fanduel,totals,Over,7.5,1.87
2026-09-25T22:41:18Z,closing,890be5ce6e3ea3d7c6f0b76bd9a0e45a,2026-09-25T23:08:00Z,Toronto Blue Jays,Cincinnati Reds,fanduel,totals,Under,7.5,1.95
2026-09-25T22:41:18Z,closing,890be5ce6e3ea3d7c6f0b76bd9a0e45a,2026-09-25T23:08:00Z,Toronto Blue Jays,Cincinnati Reds,draftkings,h2h,Cincinnati Reds,,2.3
2026-09-25T22:41:18Z,closing,890be5ce6e3ea3d7c6f0b76bd9a0e45a,2026-09-25T23:08:00Z,Toronto Blue Jays,Cincinnati Reds,draftkings,h2h,Toronto Blue Jays,,1.64
2026-09-25T22:41:18Z,closing,890be5ce6e3ea3d7c6f0b76bd9a0e45a,2026-09-25T23:08:00Z,Toronto Blue Jays,Cincinnati Reds,draftkings,spreads,Cincinnati Reds,1.5,1.59
2026-09-25T22:41:18Z,closing,890be5ce6e3ea3d7c6f0b76bd9a0e45a,2026-09-25T23:08:00Z,Toronto Blue Jays,Cincinnati Reds,draftkings,spreads,Toronto Blue Jays,-1.5,2.4
2026-09-25T22:41:18Z,closing,890be5ce6e3ea3d7c6f0b76bd9a0e45a,2026-09-25T23:08:00Z,Toronto Blue Jays,Cincinnati Reds,draftkings,totals,Over,7.5,1.89
2026-09-25T22:41:18Z,closing,890be5ce6e3ea3d7c6f0b76bd9a0e45a,2026-09-25T23:08:00Z,Toronto Blue Jays,Cincinnati Reds,draftkings,totals,Under,7.5,1.93
2026-09-25T22:41:18Z,closing,890be5ce6e3ea3d7c6f0b76bd9a0e45a,2026-09-25T23:08:00Z,Toronto Blue Jays,Cincinnati Reds,coolbet,h2h,Cincinnati Reds,,2.27
2026-09-25T22:41:18Z,closing,890be5ce6e3ea3d7c6f0b76bd9a0e45a,2026-09-25T23:08:00Z,Toronto Blue Jays,Cincinnati Reds,coolbet,h2h,Toronto Blue Jays,,1.64
2026-09-25T22:41:18Z,closing,890be5ce6e3ea3d7c6f0b76bd9a0e45a,2026-09-25T23:08:00Z,Toronto Blue Jays,Cincinnati Reds,coolbet,spreads,Cincinnati Reds,1.5,1.57
2026-09-25T22:41:18Z,closing,890be5ce6e3ea3d7c6f0b76bd9a0e45a,2026-09-25T23:08:00Z,Toronto Blue Jays,Cincinnati Reds,coolbet,spreads,Toronto Blue Jays,-1.5,2.42
2026-09-25T22:41:18Z,closing,890be5ce6e3ea3d7c6f0b76bd9a0e45a,2026-09-25T23:08:00Z,Toronto Blue Jays,Cincinnati Reds,coolbet,totals,Over,7.5,1.85
2026-09-25T22:41:18Z,closing,890be5ce6e3ea3d7c6f0b76bd9a0e45a,2026-09-25T23:08:00Z,Toronto Blue Jays,Cincinnati Reds,coolbet,totals,Under,7.5,1.96
2026-09-25T22:41:18Z,closing,890be5ce6e3ea3d7c6f0b76bd9a0e45a,2026-09-25T23:08:00Z,Toronto Blue Jays,Cincinnati Reds,betsson,h2h,Cincinnati Reds,,2.27
2026-09-25T22:41:18Z,closing,890be5ce6e3ea3d7c6f0b76bd9a0e45a,2026-09-25T23:08:00Z,Toronto Blue Jays,Cincinnati Reds,betsson,h2h,Toronto Blue Jays,,1.63
2026-09-25T22:41:18Z,closing,890be5ce6e3ea3d7c6f0b76bd9a0e45a,2026-09-25T23:08:00Z,Toronto Blue Jays,Cincinnati Reds,betsson,spreads,Cincinnati Reds,1.5,1.6
2026-09-25T22:41:18Z,closing,890be5ce6e3ea3d7c6f0b76bd9a0e45a,2026-09-25T23:08:00Z,Toronto Blue Jays,Cincinnati Reds,betsson,spreads,Toronto Blue Jays,-1.5,2.27
2026-09-25T22:41:18Z,closing,890be5ce6e3ea3d7c6f0b76bd9a0e45a,2026-09-25T23:08:00Z,Toronto Blue Jays,Cincinnati Reds,betsson,totals,Over,8.0,1.95
2026-09-25T22:41:18Z,closing,890be5ce6e3ea3d7c6f0b76bd9a0e45a,2026-09-25T23:08:00Z,Toronto Blue Jays,Cincinnati Reds,betsson,totals,Under,8.0,1.82
2026-09-25T22:41:18Z,closing,890be5ce6e3ea3d7c6f0b76bd9a0e45a,2026-09-25T23:08:00Z,Toronto Blue Jays,Cincinnati Reds,betmgm,h2h,Cincinnati Reds,,2.35
2026-09-25T22:41:18Z,closing,890be5ce6e3ea3d7c6f0b76bd9a0e45a,2026-09-25T23:08:00Z,Toronto Blue Jays,Cincinnati Reds,betmgm,h2h,Toronto Blue Jays,,1.62
2026-09-25T22:41:18Z,closing,890be5ce6e3ea3d7c6f0b76bd9a0e45a,2026-09-25T23:08:00Z,Toronto Blue Jays,Cincinnati Reds,betmgm,spreads,Cincinnati Reds,1.5,1.61
2026-09-25T22:41:18Z,closing,890be5ce6e3ea3d7c6f0b76bd9a0e45a,2026-09-25T23:08:00Z,Toronto Blue Jays,Cincinnati Reds,betmgm,spreads,Toronto Blue Jays,-1.5,2.35
2026-09-25T22:41:18Z,closing,890be5ce6e3ea3d7c6f0b76bd9a0e45a,2026-09-25T23:08:00Z,Toronto Blue Jays,Cincinnati Reds,betmgm,totals,Over,7.5,1.87
2026-09-25T22:41:18Z,closing,890be5ce6e3ea3d7c6f0b76bd9a0e45a,2026-09-25T23:08:00Z,Toronto Blue Jays,Cincinnati Reds,betmgm,totals,Under,7.5,1.95
2026-09-25T22:41:18Z,closing,890be5ce6e3ea3d7c6f0b76bd9a0e45a,2026-09-25T23:08:00Z,Toronto Blue Jays,Cincinnati Reds,betrivers,h2h,Cincinnati Reds,,2.2
2026-09-25T22:41:18Z,closing,890be5ce6e3ea3d7c6f0b76bd9a0e45a,2026-09-25T23:08:00Z,Toronto Blue Jays,Cincinnati Reds,betrivers,h2h,Toronto Blue Jays,,1.7
2026-09-25T22:41:18Z,closing,890be5ce6e3ea3d7c6f0b76bd9a0e45a,2026-09-25T23:08:00Z,Toronto Blue Jays,Cincinnati Reds,betrivers,spreads,Cincinnati Reds,1.5,1.67
2026-09-25T22:41:18Z,closing,890be5ce6e3ea3d7c6f0b76bd9a0e45a,2026-09-25T23:08:00Z,Toronto Blue Jays,Cincinnati Reds,betrivers,spreads,Toronto Blue Jays,-1.5,2.23
2026-09-25T22:41:18Z,closing,890be5ce6e3ea3d7c6f0b76bd9a0e45a,2026-09-25T23:08:00Z,Toronto Blue Jays,Cincinnati Reds,betrivers,totals,Over,8.0,1.88
2026-09-25T22:41:18Z,closing,890be5ce6e3ea3d7c6f0b76bd9a0e45a,2026-09-25T23:08:00Z,Toronto Blue Jays,Cincinnati Reds,betrivers,totals,Under,8.0,1.8
2026-09-25T22:41:18Z,closing,890be5ce6e3ea3d7c6f0b76bd9a0e45a,2026-09-25T23:08:00Z,Toronto Blue Jays,Cincinnati Reds,betfair_ex_eu,h2h,Cincinnati Reds,,2.46
2026-09-25T22:41:18Z,closing,890be5ce6e3ea3d7c6f0b76bd9a0e45a,2026-09-25T23:08:00Z,Toronto Blue Jays,Cincinnati Reds,betfair_ex_eu,h2h,Toronto Blue Jays,,1.66
2026-09-25T22:41:18Z,closing,890be5ce6e3ea3d7c6f0b76bd9a0e45a,2026-09-25T23:08:00Z,Toronto Blue Jays,Cincinnati Reds,betfair_ex_eu,h2h_lay,Cincinnati Reds,,2.5
2026-09-25T22:41:18Z,closing,890be5ce6e3ea3d7c6f0b76bd9a0e45a,2026-09-25T23:08:00Z,Toronto Blue Jays,Cincinnati Reds,betfair_ex_eu,h2h_lay,Toronto Blue Jays,,1.68
2026-09-25T22:41:18Z,closing,890be5ce6e3ea3d7c6f0b76bd9a0e45a,2026-09-25T23:08:00Z,Toronto Blue Jays,Cincinnati Reds,matchbook,h2h,Cincinnati Reds,,2.44
2026-09-25T22:41:18Z,closing,890be5ce6e3ea3d7c6f0b76bd9a0e45a,2026-09-25T23:08:00Z,Toronto Blue Jays,Cincinnati Reds,matchbook,h2h,Toronto Blue Jays,,1.66
2026-09-25T22:41:18Z,closing,890be5ce6e3ea3d7c6f0b76bd9a0e45a,2026-09-25T23:08:00Z,Toronto Blue Jays,Cincinnati Reds,matchbook,h2h_lay,Cincinnati Reds,,2.5
2026-09-25T22:41:18Z,closing,890be5ce6e3ea3d7c6f0b76bd9a0e45a,2026-09-25T23:08:00Z,Toronto Blue Jays,Cincinnati Reds,matchbook,h2h_lay,Toronto Blue Jays,,1.7
2026-09-25T22:41:18Z,closing,890be5ce6e3ea3d7c6f0b76bd9a0e45a,2026-09-25T23:08:00Z,Toronto Blue Jays,Cincinnati Reds,matchbook,spreads,Cincinnati Reds,1.5,1.64
2026-09-25T22:41:18Z,closing,890be5ce6e3ea3d7c6f0b76bd9a0e45a,2026-09-25T23:08:00Z,Toronto Blue Jays,Cincinnati Reds,matchbook,spreads,Toronto Blue Jays,-1.5,2.44
2026-09-25T22:41:18Z,closing,890be5ce6e3ea3d7c6f0b76bd9a0e45a,2026-09-25T23:08:00Z,Toronto Blue Jays,Cincinnati Reds,matchbook,totals,Over,7.5,1.92
2026-09-25T22:41:18Z,closing,890be5ce6e3ea3d7c6f0b76bd9a0e45a,2026-09-25T23:08:00Z,Toronto Blue Jays,Cincinnati Reds,matchbook,totals,Under,7.5,1.98
2026-09-25T22:41:18Z,closing,890be5ce6e3ea3d7c6f0b76bd9a0e45a,2026-09-25T23:08:00Z,Toronto Blue Jays,Cincinnati Reds,pinnacle,h2h,Cincinnati Reds,,2.39
2026-09-25T22:41:18Z,closing,890be5ce6e3ea3d7c6f0b76bd9a0e45a,2026-09-25T23:08:00Z,Toronto Blue Jays,Cincinnati Reds,pinnacle,h2h,Toronto Blue Jays,,1.66
2026-09-25T22:41:18Z,closing,890be5ce6e3ea3d7c6f0b76bd9a0e45a,2026-09-25T23:08:00Z,Toronto Blue Jays,Cincinnati Reds,pinnacle,spreads,Cincinnati Reds,1.5,1.61
2026-09-25T22:41:18Z,closing,890be5ce6e3ea3d7c6f0b76bd9a0e45a,2026-09-25T23:08:00Z,Toronto Blue Jays,Cincinnati Reds,pinnacle,spreads,Toronto Blue Jays,-1.5,2.47
2026-09-25T22:41:18Z,closing,890be5ce6e3ea3d7c6f0b76bd9a0e45a,2026-09-25T23:08:00Z,Toronto Blue Jays,Cincinnati Reds,pinnacle,totals,Over,7.5,1.91
2026-09-25T22:41:18Z,closing,890be5ce6e3ea3d7c6f0b76bd9a0e45a,2026-09-25T23:08:00Z,Toronto Blue Jays,Cincinnati Reds,pinnacle,totals,Under,7.5,1.98
2026-09-25T22:41:18Z,closing,2d3d378044cc538b0a3d77acaacd15a1,2026-09-25T23:11:00Z,Miami Marlins,Atlanta Braves,fanduel,h2h,Atlanta Braves,,1.85
2026-09-25T22:41:18Z,closing,2d3d378044cc538b0a3d77acaacd15a1,2026-09-25T23:11:00Z,Miami Marlins,Atlanta Braves,fanduel,h2h,Miami Marlins,,2.0
2026-09-25T22:41:18Z,closing,2d3d378044cc538b0a3d77acaacd15a1,2026-09-25T23:11:00Z,Miami Marlins,Atlanta Braves,fanduel,spreads,Atlanta Braves,-1.5,2.46
2026-09-25T22:41:18Z,closing,2d3d378044cc538b0a3d77acaacd15a1,2026-09-25T23:11:00Z,Miami Marlins,Atlanta Braves,fanduel,spreads,Miami Marlins,1.5,1.56
2026-09-25T22:41:18Z,closing,2d3d378044cc538b0a3d77acaacd15a1,2026-09-25T23:11:00Z,Miami Marlins,Atlanta Braves,fanduel,totals,Over,8.5,2.04
2026-09-25T22:41:18Z,closing,2d3d378044cc538b0a3d77acaacd15a1,2026-09-25T23:11:00Z,Miami Marlins,Atlanta Braves,fanduel,totals,Under,8.5,1.78
2026-09-25T22:41:18Z,closing,2d3d378044cc538b0a3d77acaacd15a1,2026-09-25T23:11:00Z,Miami Marlins,Atlanta Braves,draftkings,h2h,Atlanta Braves,,1.85
2026-09-25T22:41:18Z,closing,2d3d378044cc538b0a3d77acaacd15a1,2026-09-25T23:11:00Z,Miami Marlins,Atlanta Braves,draftkings,h2h,Miami Marlins,,1.97
2026-09-25T22:41:18Z,closing,2d3d378044cc538b0a3d77acaacd15a1,2026-09-25T23:11:00Z,Miami Marlins,Atlanta Braves,draftkings,spreads,Atlanta Braves,-1.5,2.43
2026-09-25T22:41:18Z,closing,2d3d378044cc538b0a3d77acaacd15a1,2026-09-25T23:11:00Z,Miami Marlins,Atlanta Braves,draftkings,spreads,Miami Marlins,1.5,1.57
2026-09-25T22:41:18Z,closing,2d3d378044cc538b0a3d77acaacd15a1,2026-09-25T23:11:00Z,Miami Marlins,Atlanta Braves,draftkings,totals,Over,8.0,1.87
2026-09-25T22:41:18Z,closing,2d3d378044cc538b0a3d77acaacd15a1,2026-09-25T23:11:00Z,Miami Marlins,Atlanta Braves,draftkings,totals,Under,8.0,1.95
2026-09-25T22:41:18Z,closing,2d3d378044cc538b0a3d77acaacd15a1,2026-09-25T23:11:00Z,Miami Marlins,Atlanta Braves,betsson,h2h,Atlanta Braves,,1.85
2026-09-25T22:41:18Z,closing,2d3d378044cc538b0a3d77acaacd15a1,2026-09-25T23:11:00Z,Miami Marlins,Atlanta Braves,betsson,h2h,Miami Marlins,,1.95
2026-09-25T22:41:18Z,closing,2d3d378044cc538b0a3d77acaacd15a1,2026-09-25T23:11:00Z,Miami Marlins,Atlanta Braves,betsson,spreads,Atlanta Braves,-1.5,2.36
2026-09-25T22:41:18Z,closing,2d3d378044cc538b0a3d77acaacd15a1,2026-09-25T23:11:00Z,Miami Marlins,Atlanta Braves,betsson,spreads,Miami Marlins,1.5,1.56
2026-09-25T22:41:18Z,closing,2d3d378044cc538b0a3d77acaacd15a1,2026-09-25T23:11:00Z,Miami Marlins,Atlanta Braves,betsson,totals,Over,8.0,1.82
2026-09-25T22:41:18Z,closing,2d3d378044cc538b0a3d77acaacd15a1,2026-09-25T23:11:00Z,Miami Marlins,Atlanta Braves,betsson,totals,Under,8.0,1.95
2026-09-25T22:41:18Z,closing,2d3d378044cc538b0a3d77acaacd15a1,2026-09-25T23:11:00Z,Miami Marlins,Atlanta Braves,coolbet,h2h,Atlanta Braves,,1.85
2026-09-25T22:41:18Z,closing,2d3d378044cc538b0a3d77acaacd15a1,2026-09-25T23:11:00Z,Miami Marlins,Atlanta Braves,coolbet,h2h,Miami Marlins,,1.96
2026-09-25T22:41:18Z,closing,2d3d378044cc538b0a3d77acaacd15a1,2026-09-25T23:11:00Z,Miami Marlins,Atlanta Braves,coolbet,spreads,Atlanta Braves,-1.5,2.42
2026-09-25T22:41:18Z,closing,2d3d378044cc538b0a3d77acaacd15a1,2026-09-25T23:11:00Z,Miami Marlins,Atlanta Braves,coolbet,spreads,Miami Marlins,1.5,1.57
2026-09-25T22:41:18Z,closing,2d3d378044cc538b0a3d77acaacd15a1,2026-09-25T23:11:00Z,Miami Marlins,Atlanta Braves,coolbet,totals,Over,8.0,1.89
2026-09-25T22:41:18Z,closing,2d3d378044cc538b0a3d77acaacd15a1,2026-09-25T23:11:00Z,Miami Marlins,Atlanta Braves,coolbet,totals,Under,8.0,1.92
2026-09-25T22:41:18Z,closing,2d3d378044cc538b0a3d77acaacd15a1,2026-09-25T23:11:00Z,Miami Marlins,Atlanta Braves,betmgm,h2h,Atlanta Braves,,1.87
2026-09-25T22:41:18Z,closing,2d3d378044cc538b0a3d77acaacd15a1,2026-09-25T23:11:00Z,Miami Marlins,Atlanta Braves,betmgm,h2h,Miami Marlins,,1.95
2026-09-25T22:41:18Z,closing,2d3d378044cc538b0a3d77acaacd15a1,2026-09-25T23:11:00Z,Miami Marlins,Atlanta Braves,betmgm,spreads,Atlanta Braves,-1.5,2.45
2026-09-25T22:41:18Z,closing,2d3d378044cc538b0a3d77acaacd15a1,2026-09-25T23:11:00Z,Miami Marlins,Atlanta Braves,betmgm,spreads,Miami Marlins,1.5,1.57
2026-09-25T22:41:18Z,closing,2d3d378044cc538b0a3d77acaacd15a1,2026-09-25T23:11:00Z,Miami Marlins,Atlanta Braves,betmgm,totals,Over,8.0,1.91
2026-09-25T22:41:18Z,closing,2d3d378044cc538b0a3d77acaacd15a1,2026-09-25T23:11:00Z,Miami Marlins,Atlanta Braves,betmgm,totals,Under,8.0,1.91
2026-09-25T22:41:18Z,closing,2d3d378044cc538b0a3d77acaacd15a1,2026-09-25T23:11:00Z,Miami Marlins,Atlanta Braves,betrivers,h2h,Atlanta Braves,,1.85
2026-09-25T22:41:18Z,closing,2d3d378044cc538b0a3d77acaacd15a1,2026-09-25T23:11:00Z,Miami Marlins,Atlanta Braves,betrivers,h2h,Miami Marlins,,1.97
2026-09-25T22:41:18Z,closing,2d3d378044cc538b0a3d77acaacd15a1,2026-09-25T23:11:00Z,Miami Marlins,Atlanta Braves,betrivers,spreads,Atlanta Braves,-1.5,2.33
2026-09-25T22:41:18Z,closing,2d3d378044cc538b0a3d77acaacd15a1,2026-09-25T23:11:00Z,Miami Marlins,Atlanta Braves,betrivers,spreads,Miami Marlins,1.5,1.61
2026-09-25T22:41:18Z,closing,2d3d378044cc538b0a3d77acaacd15a1,2026-09-25T23:11:00Z,Miami Marlins,Atlanta Braves,betrivers,totals,Over,8.0,1.8
2026-09-25T22:41:18Z,closing,2d3d378044cc538b0a3d77acaacd15a1,2026-09-25T23:11:00Z,Miami Marlins,Atlanta Braves,betrivers,totals,Under,8.0,1.87
2026-09-25T22:41:18Z,closing,2d3d378044cc538b0a3d77acaacd15a1,2026-09-25T23:11:00Z,Miami Marlins,Atlanta Braves,betfair_ex_eu,h2h,Atlanta Braves,,1.94
2026-09-25T22:41:18Z,closing,2d3d378044cc538b0a3d77acaacd15a1,2026-09-25T23:11:00Z,Miami Marlins,Atlanta Braves,betfair_ex_eu,h2h,Miami Marlins,,2.04
2026-09-25T22:41:18Z,closing,2d3d378044cc538b0a3d77acaacd15a1,2026-09-25T23:11:00Z,Miami Marlins,Atlanta Braves,betfair_ex_eu,h2h_lay,Atlanta Braves,,1.96
2026-09-25T22:41:18Z,closing,2d3d378044cc538b0a3d77acaacd15a1,2026-09-25T23:11:00Z,Miami Marlins,Atlanta Braves,betfair_ex_eu,h2h_lay,Miami Marlins,,2.08
2026-09-25T22:41:18Z,closing,2d3d378044cc538b0a3d77acaacd15a1,2026-09-25T23:11:00Z,Miami Marlins,Atlanta Braves,matchbook,h2h,Atlanta Braves,,1.93
2026-09-25T22:41:18Z,closing,2d3d378044cc538b0a3d77acaacd15a1,2026-09-25T23:11:00Z,Miami Marlins,Atlanta Braves,matchbook,h2h,Miami Marlins,,2.04
2026-09-25T22:41:18Z,closing,2d3d378044cc538b0a3d77acaacd15a1,2026-09-25T23:11:00Z,Miami Marlins,Atlanta Braves,matchbook,h2h_lay,Atlanta Braves,,1.95
2026-09-25T22:41:18Z,closing,2d3d378044cc538b0a3d77acaacd15a1,2026-09-25T23:11:00Z,Miami Marlins,Atlanta Braves,matchbook,h2h_lay,Miami Marlins,,2.08
2026-09-25T22:41:18Z,closing,2d3d378044cc538b0a3d77acaacd15a1,2026-09-25T23:11:00Z,Miami Marlins,Atlanta Braves,matchbook,spreads,Atlanta Braves,-1.5,2.52
2026-09-25T22:41:18Z,closing,2d3d378044cc538b0a3d77acaacd15a1,2026-09-25T23:11:00Z,Miami Marlins,Atlanta Braves,matchbook,spreads,Miami Marlins,1.5,1.6
2026-09-25T22:41:18Z,closing,2d3d378044cc538b0a3d77acaacd15a1,2026-09-25T23:11:00Z,Miami Marlins,Atlanta Braves,matchbook,totals,Over,8.5,2.04
2026-09-25T22:41:18Z,closing,2d3d378044cc538b0a3d77acaacd15a1,2026-09-25T23:11:00Z,Miami Marlins,Atlanta Braves,matchbook,totals,Under,8.5,1.85
2026-09-25T22:41:18Z,closing,2d3d378044cc538b0a3d77acaacd15a1,2026-09-25T23:11:00Z,Miami Marlins,Atlanta Braves,pinnacle,h2h,Atlanta Braves,,1.92
2026-09-25T22:41:18Z,closing,2d3d378044cc538b0a3d77acaacd15a1,2026-09-25T23:11:00Z,Miami Marlins,Atlanta Braves,pinnacle,h2h,Miami Marlins,,2.01
2026-09-25T22:41:18Z,closing,2d3d378044cc538b0a3d77acaacd15a1,2026-09-25T23:11:00Z,Miami Marlins,Atlanta Braves,pinnacle,spreads,Atlanta Braves,-1.5,2.51
2026-09-25T22:41:18Z,closing,2d3d378044cc538b0a3d77acaacd15a1,2026-09-25T23:11:00Z,Miami Marlins,Atlanta Braves,pinnacle,spreads,Miami Marlins,1.5,1.6
2026-09-25T22:41:18Z,closing,2d3d378044cc538b0a3d77acaacd15a1,2026-09-25T23:11:00Z,Miami Marlins,Atlanta Braves,pinnacle,totals,Over,8.0,1.89
2026-09-25T22:41:18Z,closing,2d3d378044cc538b0a3d77acaacd15a1,2026-09-25T23:11:00Z,Miami Marlins,Atlanta Braves,pinnacle,totals,Under,8.0,2.0
2026-09-25T22:41:18Z,closing,890be5ce6e3ea3d7c6f0b76bd9a0e45a,2026-09-25T23:08:00Z,Toronto Blue Jays,Cincinnati Reds,fanduel,alternate_spreads,Cincinnati Reds,6.5,1.03
2026-09-25T22:41:18Z,closing,890be5ce6e3ea3d7c6f0b76bd9a0e45a,2026-09-25T23:08:00Z,Toronto Blue Jays,Cincinnati Reds,fanduel,alternate_spreads,Cincinnati Reds,5.5,1.06
2026-09-25T22:41:18Z,closing,890be5ce6e3ea3d7c6f0b76bd9a0e45a,2026-09-25T23:08:00Z,Toronto Blue Jays,Cincinnati Reds,fanduel,alternate_spreads,Cincinnati Reds,4.5,1.12
2026-09-25T22:41:18Z,closing,890be5ce6e3ea3d7c6f0b76bd9a0e45a,2026-09-25T23:08:00Z,Toronto Blue Jays,Cincinnati Reds,fanduel,alternate_spreads,Cincinnati Reds,3.5,1.2
2026-09-25T22:41:18Z,closing,890be5ce6e3ea3d7c6f0b76bd9a0e45a,2026-09-25T23:08:00Z,Toronto Blue Jays,Cincinnati Reds,fanduel,alternate_spreads,Cincinnati Reds,2.5,1.32
2026-09-25T22:41:18Z,closing,890be5ce6e3ea3d7c6f0b76bd9a0e45a,2026-09-25T23:08:00Z,Toronto Blue Jays,Cincinnati Reds,fanduel,alternate_spreads,Cincinnati Reds,1.5,1.54
2026-09-25T22:41:18Z,closing,890be5ce6e3ea3d7c6f0b76bd9a0e45a,2026-09-25T23:08:00Z,Toronto Blue Jays,Cincinnati Reds,fanduel,alternate_spreads,Cincinnati Reds,-1.5,3.15
2026-09-25T22:41:18Z,closing,890be5ce6e3ea3d7c6f0b76bd9a0e45a,2026-09-25T23:08:00Z,Toronto Blue Jays,Cincinnati Reds,fanduel,alternate_spreads,Cincinnati Reds,-2.5,4.4
2026-09-25T22:41:18Z,closing,890be5ce6e3ea3d7c6f0b76bd9a0e45a,2026-09-25T23:08:00Z,Toronto Blue Jays,Cincinnati Reds,fanduel,alternate_spreads,Cincinnati Reds,-3.5,6.2
2026-09-25T22:41:18Z,closing,890be5ce6e3ea3d7c6f0b76bd9a0e45a,2026-09-25T23:08:00Z,Toronto Blue Jays,Cincinnati Reds,fanduel,alternate_spreads,Cincinnati Reds,-4.5,8.5
2026-09-25T22:41:18Z,closing,890be5ce6e3ea3d7c6f0b76bd9a0e45a,2026-09-25T23:08:00Z,Toronto Blue Jays,Cincinnati Reds,fanduel,alternate_spreads,Cincinnati Reds,-5.5,11.6
2026-09-25T22:41:18Z,closing,890be5ce6e3ea3d7c6f0b76bd9a0e45a,2026-09-25T23:08:00Z,Toronto Blue Jays,Cincinnati Reds,fanduel,alternate_spreads,Cincinnati Reds,-6.5,15.0
2026-09-25T22:41:18Z,closing,890be5ce6e3ea3d7c6f0b76bd9a0e45a,2026-09-25T23:08:00Z,Toronto Blue Jays,Cincinnati Reds,fanduel,alternate_spreads,Cincinnati Reds,-7.5,18.0
2026-09-25T22:41:18Z,closing,890be5ce6e3ea3d7c6f0b76bd9a0e45a,2026-09-25T23:08:00Z,Toronto Blue Jays,Cincinnati Reds,fanduel,alternate_spreads,Toronto Blue Jays,-8.5,18.0
2026-09-25T22:41:18Z,closing,890be5ce6e3ea3d7c6f0b76bd9a0e45a,2026-09-25T23:08:00Z,Toronto Blue Jays,Cincinnati Reds,fanduel,alternate_spreads,Toronto Blue Jays,-7.5,14.0
2026-09-25T22:41:18Z,closing,890be5ce6e3ea3d7c6f0b76bd9a0e45a,2026-09-25T23:08:00Z,Toronto Blue Jays,Cincinnati Reds,fanduel,alternate_spreads,Toronto Blue Jays,-6.5,11.0
2026-09-25T22:41:18Z,closing,890be5ce6e3ea3d7c6f0b76bd9a0e45a,2026-09-25T23:08:00Z,Toronto Blue Jays,Cincinnati Reds,fanduel,alternate_spreads,Toronto Blue Jays,-5.5,8.5
2026-09-25T22:41:18Z,closing,890be5ce6e3ea3d7c6f0b76bd9a0e45a,2026-09-25T23:08:00Z,Toronto Blue Jays,Cincinnati Reds,fanduel,alternate_spreads,Toronto Blue Jays,-4.5,6.0
2026-09-25T22:41:18Z,closing,890be5ce6e3ea3d7c6f0b76bd9a0e45a,2026-09-25T23:08:00Z,Toronto Blue Jays,Cincinnati Reds,fanduel,alternate_spreads,Toronto Blue Jays,-3.5,4.4
2026-09-25T22:41:18Z,closing,890be5ce6e3ea3d7c6f0b76bd9a0e45a,2026-09-25T23:08:00Z,Toronto Blue Jays,Cincinnati Reds,fanduel,alternate_spreads,Toronto Blue Jays,-2.5,3.3
2026-09-25T22:41:18Z,closing,890be5ce6e3ea3d7c6f0b76bd9a0e45a,2026-09-25T23:08:00Z,Toronto Blue Jays,Cincinnati Reds,fanduel,alternate_spreads,Toronto Blue Jays,-1.5,2.42
2026-09-25T22:41:18Z,closing,890be5ce6e3ea3d7c6f0b76bd9a0e45a,2026-09-25T23:08:00Z,Toronto Blue Jays,Cincinnati Reds,fanduel,alternate_spreads,Toronto Blue Jays,1.5,1.34
2026-09-25T22:41:18Z,closing,890be5ce6e3ea3d7c6f0b76bd9a0e45a,2026-09-25T23:08:00Z,Toronto Blue Jays,Cincinnati Reds,fanduel,alternate_spreads,Toronto Blue Jays,2.5,1.2
2026-09-25T22:41:18Z,closing,890be5ce6e3ea3d7c6f0b76bd9a0e45a,2026-09-25T23:08:00Z,Toronto Blue Jays,Cincinnati Reds,fanduel,alternate_spreads,Toronto Blue Jays,3.5,1.11
2026-09-25T22:41:18Z,closing,890be5ce6e3ea3d7c6f0b76bd9a0e45a,2026-09-25T23:08:00Z,Toronto Blue Jays,Cincinnati Reds,fanduel,alternate_spreads,Toronto Blue Jays,4.5,1.06
2026-09-25T22:41:18Z,closing,890be5ce6e3ea3d7c6f0b76bd9a0e45a,2026-09-25T23:08:00Z,Toronto Blue Jays,Cincinnati Reds,fanduel,alternate_spreads,Toronto Blue Jays,5.5,1.03
2026-09-25T22:41:18Z,closing,890be5ce6e3ea3d7c6f0b76bd9a0e45a,2026-09-25T23:08:00Z,Toronto Blue Jays,Cincinnati Reds,fanduel,alternate_totals,Over,3.5,1.1
2026-09-25T22:41:18Z,closing,890be5ce6e3ea3d7c6f0b76bd9a0e45a,2026-09-25T23:08:00Z,Toronto Blue Jays,Cincinnati Reds,fanduel,alternate_totals,Over,4.5,1.17
2026-09-25T22:41:18Z,closing,890be5ce6e3ea3d7c6f0b76bd9a0e45a,2026-09-25T23:08:00Z,Toronto Blue Jays,Cincinnati Reds,fanduel,alternate_totals,Over,5.5,1.34
2026-09-25T22:41:18Z,closing,890be5ce6e3ea3d7c6f0b76bd9a0e45a,2026-09-25T23:08:00Z,Toronto Blue Jays,Cincinnati Reds,fanduel,alternate_totals,Over,6.5,1.49
2026-09-25T22:41:18Z,closing,890be5ce6e3ea3d7c6f0b76bd9a0e45a,2026-09-25T23:08:00Z,Toronto Blue Jays,Cincinnati Reds,fanduel,alternate_totals,Over,7.5,1.83
2026-09-25T22:41:18Z,closing,890be5ce6e3ea3d7c6f0b76bd9a0e45a,2026-09-25T23:08:00Z,Toronto Blue Jays,Cincinnati Reds,fanduel,alternate_totals,Over,8.5,2.2
2026-09-25T22:41:18Z,closing,890be5ce6e3ea3d7c6f0b76bd9a0e45a,2026-09-25T23:08:00Z,Toronto Blue Jays,Cincinnati Reds,fanduel,alternate_totals,Over,9.5,2.8
2026-09-25T22:41:18Z,closing,890be5ce6e3ea3d7c6f0b76bd9a0e45a,2026-09-25T23:08:00Z,Toronto Blue Jays,Cincinnati Reds,fanduel,alternate_totals,Over,10.5,3.4
2026-09-25T22:41:18Z,closing,890be5ce6e3ea3d7c6f0b76bd9a0e45a,2026-09-25T23:08:00Z,Toronto Blue Jays,Cincinnati Reds,fanduel,alternate_totals,Over,11.5,4.5
2026-09-25T22:41:18Z,closing,890be5ce6e3ea3d7c6f0b76bd9a0e45a,2026-09-25T23:08:00Z,Toronto Blue Jays,Cincinnati Reds,fanduel,alternate_totals,Over,12.5,5.5
2026-09-25T22:41:18Z,closing,890be5ce6e3ea3d7c6f0b76bd9a0e45a,2026-09-25T23:08:00Z,Toronto Blue Jays,Cincinnati Reds,fanduel,alternate_totals,Over,13.5,7.3
2026-09-25T22:41:18Z,closing,890be5ce6e3ea3d7c6f0b76bd9a0e45a,2026-09-25T23:08:00Z,Toronto Blue Jays,Cincinnati Reds,fanduel,alternate_totals,Over,14.5,9.3
2026-09-25T22:41:18Z,closing,890be5ce6e3ea3d7c6f0b76bd9a0e45a,2026-09-25T23:08:00Z,Toronto Blue Jays,Cincinnati Reds,fanduel,alternate_totals,Over,15.5,12.0
2026-09-25T22:41:18Z,closing,890be5ce6e3ea3d7c6f0b76bd9a0e45a,2026-09-25T23:08:00Z,Toronto Blue Jays,Cincinnati Reds,fanduel,alternate_totals,Over,16.5,15.0
2026-09-25T22:41:18Z,closing,890be5ce6e3ea3d7c6f0b76bd9a0e45a,2026-09-25T23:08:00Z,Toronto Blue Jays,Cincinnati Reds,fanduel,alternate_totals,Over,17.5,18.0
2026-09-25T22:41:18Z,closing,890be5ce6e3ea3d7c6f0b76bd9a0e45a,2026-09-25T23:08:00Z,Toronto Blue Jays,Cincinnati Reds,fanduel,alternate_totals,Under,2.5,14.0
2026-09-25T22:41:18Z,closing,890be5ce6e3ea3d7c6f0b76bd9a0e45a,2026-09-25T23:08:00Z,Toronto Blue Jays,Cincinnati Reds,fanduel,alternate_totals,Under,3.5,6.6
2026-09-25T22:41:18Z,closing,890be5ce6e3ea3d7c6f0b76bd9a0e45a,2026-09-25T23:08:00Z,Toronto Blue Jays,Cincinnati Reds,fanduel,alternate_totals,Under,4.5,4.9
2026-09-25T22:41:18Z,closing,890be5ce6e3ea3d7c6f0b76bd9a0e45a,2026-09-25T23:08:00Z,Toronto Blue Jays,Cincinnati Reds,fanduel,alternate_totals,Under,5.5,3.2
2026-09-25T22:41:18Z,closing,890be5ce6e3ea3d7c6f0b76bd9a0e45a,2026-09-25T23:08:00Z,Toronto Blue Jays,Cincinnati Reds,fanduel,alternate_totals,Under,6.5,2.58
2026-09-25T22:41:18Z,closing,890be5ce6e3ea3d7c6f0b76bd9a0e45a,2026-09-25T23:08:00Z,Toronto Blue Jays,Cincinnati Reds,fanduel,alternate_totals,Under,7.5,1.94
2026-09-25T22:41:18Z,closing,890be5ce6e3ea3d7c6f0b76bd9a0e45a,2026-09-25T23:08:00Z,Toronto Blue Jays,Cincinnati Reds,fanduel,alternate_totals,Under,8.5,1.65
2026-09-25T22:41:18Z,closing,890be5ce6e3ea3d7c6f0b76bd9a0e45a,2026-09-25T23:08:00Z,Toronto Blue Jays,Cincinnati Reds,fanduel,alternate_totals,Under,9.5,1.43
2026-09-25T22:41:18Z,closing,890be5ce6e3ea3d7c6f0b76bd9a0e45a,2026-09-25T23:08:00Z,Toronto Blue Jays,Cincinnati Reds,fanduel,alternate_totals,Under,10.5,1.3
2026-09-25T22:41:18Z,closing,890be5ce6e3ea3d7c6f0b76bd9a0e45a,2026-09-25T23:08:00Z,Toronto Blue Jays,Cincinnati Reds,fanduel,alternate_totals,Under,11.5,1.19
2026-09-25T22:41:18Z,closing,890be5ce6e3ea3d7c6f0b76bd9a0e45a,2026-09-25T23:08:00Z,Toronto Blue Jays,Cincinnati Reds,fanduel,alternate_totals,Under,12.5,1.14
2026-09-25T22:41:18Z,closing,890be5ce6e3ea3d7c6f0b76bd9a0e45a,2026-09-25T23:08:00Z,Toronto Blue Jays,Cincinnati Reds,fanduel,alternate_totals,Under,13.5,1.08
2026-09-25T22:41:18Z,closing,890be5ce6e3ea3d7c6f0b76bd9a0e45a,2026-09-25T23:08:00Z,Toronto Blue Jays,Cincinnati Reds,fanduel,alternate_totals,Under,14.5,1.05
2026-09-25T22:41:18Z,closing,890be5ce6e3ea3d7c6f0b76bd9a0e45a,2026-09-25T23:08:00Z,Toronto Blue Jays,Cincinnati Reds,fanduel,alternate_totals,Under,15.5,1.02
2026-09-25T22:41:18Z,closing,890be5ce6e3ea3d7c6f0b76bd9a0e45a,2026-09-25T23:08:00Z,Toronto Blue Jays,Cincinnati Reds,draftkings,alternate_spreads,Cincinnati Reds,-4.5,8.1
2026-09-25T22:41:18Z,closing,890be5ce6e3ea3d7c6f0b76bd9a0e45a,2026-09-25T23:08:00Z,Toronto Blue Jays,Cincinnati Reds,draftkings,alternate_spreads,Cincinnati Reds,-4.0,7.8
2026-09-25T22:41:18Z,closing,890be5ce6e3ea3d7c6f0b76bd9a0e45a,2026-09-25T23:08:00Z,Toronto Blue Jays,Cincinnati Reds,draftkings,alternate_spreads,Cincinnati Reds,-3.5,5.89
2026-09-25T22:41:18Z,closing,890be5ce6e3ea3d7c6f0b76bd9a0e45a,2026-09-25T23:08:00Z,Toronto Blue Jays,Cincinnati Reds,draftkings,alternate_spreads,Cincinnati Reds,-3.0,5.57
2026-09-25T22:41:18Z,closing,890be5ce6e3ea3d7c6f0b76bd9a0e45a,2026-09-25T23:08:00Z,Toronto Blue Jays,Cincinnati Reds,draftkings,alternate_spreads,Cincinnati Reds,-2.5,4.24
2026-09-25T22:41:18Z,closing,890be5ce6e3ea3d7c6f0b76bd9a0e45a,2026-09-25T23:08:00Z,Toronto Blue Jays,Cincinnati Reds,draftkings,alternate_spreads,Cincinnati Reds,-2.0,3.92
2026-09-25T22:41:18Z,closing,890be5ce6e3ea3d7c6f0b76bd9a0e45a,2026-09-25T23:08:00Z,Toronto Blue Jays,Cincinnati Reds,draftkings,alternate_spreads,Cincinnati Reds,-1.5,3.1
2026-09-25T22:41:18Z,closing,890be5ce6e3ea3d7c6f0b76bd9a0e45a,2026-09-25T23:08:00Z,Toronto Blue Jays,Cincinnati Reds,draftkings,alternate_spreads,Cincinnati Reds,-1.0,2.75
2026-09-25T22:41:18Z,closing,890be5ce6e3ea3d7c6f0b76bd9a0e45a,2026-09-25T23:08:00Z,Toronto Blue Jays,Cincinnati Reds,draftkings,alternate_spreads,Cincinnati Reds,1.0,1.84
2026-09-25T22:41:18Z,closing,890be5ce6e3ea3d7c6f0b76bd9a0e45a,2026-09-25T23:08:00Z,Toronto Blue Jays,Cincinnati Reds,draftkings,alternate_spreads,Cincinnati Reds,2.0,1.4
2026-09-25T22:41:18Z,closing,890be5ce6e3ea3d7c6f0b76bd9a0e45a,2026-09-25T23:08:00Z,Toronto Blue Jays,Cincinnati Reds,draftkings,alternate_spreads,Cincinnati Reds,2.5,1.34
2026-09-25T22:41:18Z,closing,890be5ce6e3ea3d7c6f0b76bd9a0e45a,2026-09-25T23:08:00Z,Toronto Blue Jays,Cincinnati Reds,draftkings,alternate_spreads,Cincinnati Reds,3.0,1.23
2026-09-25T22:41:18Z,closing,890be5ce6e3ea3d7c6f0b76bd9a0e45a,2026-09-25T23:08:00Z,Toronto Blue Jays,Cincinnati Reds,draftkings,alternate_spreads,Cincinnati Reds,3.5,1.2
2026-09-25T22:41:18Z,closing,890be5ce6e3ea3d7c6f0b76bd9a0e45a,2026-09-25T23:08:00Z,Toronto Blue Jays,Cincinnati Reds,draftkings,alternate_spreads,Cincinnati Reds,4.0,1.13
2026-09-25T22:41:18Z,closing,890be5ce6e3ea3d7c6f0b76bd9a0e45a,2026-09-25T23:08:00Z,Toronto Blue Jays,Cincinnati Reds,draftkings,alternate_spreads,Cincinnati Reds,4.5,1.11
2026-09-25T22:41:18Z,closing,890be5ce6e3ea3d7c6f0b76bd9a0e45a,2026-09-25T23:08:00Z,Toronto Blue Jays,Cincinnati Reds,draftkings,alternate_spreads,Cincinnati Reds,5.0,1.06
2026-09-25T22:41:18Z,closing,890be5ce6e3ea3d7c6f0b76bd9a0e45a,2026-09-25T23:08:00Z,Toronto Blue Jays,Cincinnati Reds,draftkings,alternate_spreads,Toronto Blue Jays,4.5,1.06
2026-09-25T22:41:18Z,closing,890be5ce6e3ea3d7c6f0b76bd9a0e45a,2026-09-25T23:08:00Z,Toronto Blue Jays,Cincinnati Reds,draftkings,alternate_spreads,Toronto Blue Jays,4.0,1.07
2026-09-25T22:41:18Z,closing,890be5ce6e3ea3d7c6f0b76bd9a0e45a,2026-09-25T23:08:00Z,Toronto Blue Jays,Cincinnati Reds,draftkings,alternate_spreads,Toronto Blue Jays,3.5,1.12
2026-09-25T22:41:18Z,closing,890be5ce6e3ea3d7c6f0b76bd9a0e45a,2026-09-25T23:08:00Z,Toronto Blue Jays,Cincinnati Reds,draftkings,alternate_spreads,Toronto Blue Jays,3.0,1.13
2026-09-25T22:41:18Z,closing,890be5ce6e3ea3d7c6f0b76bd9a0e45a,2026-09-25T23:08:00Z,Toronto Blue Jays,Cincinnati Reds,draftkings,alternate_spreads,Toronto Blue Jays,2.5,1.21
2026-09-25T22:41:18Z,closing,890be5ce6e3ea3d7c6f0b76bd9a0e45a,2026-09-25T23:08:00Z,Toronto Blue Jays,Cincinnati Reds,draftkings,alternate_spreads,Toronto Blue Jays,2.0,1.24
2026-09-25T22:41:18Z,closing,890be5ce6e3ea3d7c6f0b76bd9a0e45a,2026-09-25T23:08:00Z,Toronto Blue Jays,Cincinnati Reds,draftkings,alternate_spreads,Toronto Blue Jays,1.5,1.35
2026-09-25T22:41:18Z,closing,890be5ce6e3ea3d7c6f0b76bd9a0e45a,2026-09-25T23:08:00Z,Toronto Blue Jays,Cincinnati Reds,draftkings,alternate_spreads,Toronto Blue Jays,1.0,1.43
2026-09-25T22:41:18Z,closing,890be5ce6e3ea3d7c6f0b76bd9a0e45a,2026-09-25T23:08:00Z,Toronto Blue Jays,Cincinnati Reds,draftkings,alternate_spreads,Toronto Blue Jays,-1.0,1.92
2026-09-25T22:41:18Z,closing,890be5ce6e3ea3d7c6f0b76bd9a0e45a,2026-09-25T23:08:00Z,Toronto Blue Jays,Cincinnati Reds,draftkings,alternate_spreads,Toronto Blue Jays,-2.0,2.84
2026-09-25T22:41:18Z,closing,890be5ce6e3ea3d7c6f0b76bd9a0e45a,2026-09-25T23:08:00Z,Toronto Blue Jays,Cincinnati Reds,draftkings,alternate_spreads,Toronto Blue Jays,-2.5,3.15
2026-09-25T22:41:18Z,closing,890be5ce6e3ea3d7c6f0b76bd9a0e45a,2026-09-25T23:08:00Z,Toronto Blue Jays,Cincinnati Reds,draftkings,alternate_spreads,Toronto Blue Jays,-3.0,3.97
2026-09-25T22:41:18Z,closing,890be5ce6e3ea3d7c6f0b76bd9a0e45a,2026-09-25T23:08:00Z,Toronto Blue Jays,Cincinnati Reds,draftkings,alternate_spreads,Toronto Blue Jays,-3.5,4.28
2026-09-25T22:41:18Z,closing,890be5ce6e3ea3d7c6f0b76bd9a0e45a,2026-09-25T23:08:00Z,Toronto Blue Jays,Cincinnati Reds,draftkings,alternate_spreads,Toronto Blue Jays,-4.0,5.67
2026-09-25T22:41:18Z,closing,890be5ce6e3ea3d7c6f0b76bd9a0e45a,2026-09-25T23:08:00Z,Toronto Blue Jays,Cincinnati Reds,draftkings,alternate_spreads,Toronto Blue Jays,-4.5,5.99
2026-09-25T22:41:18Z,closing,890be5ce6e3ea3d7c6f0b76bd9a0e45a,2026-09-25T23:08:00Z,Toronto Blue Jays,Cincinnati Reds,draftkings,alternate_spreads,Toronto Blue Jays,-5.0,8.0
2026-09-25T22:41:18Z,closing,890be5ce6e3ea3d7c6f0b76bd9a0e45a,2026-09-25T23:08:00Z,Toronto Blue Jays,Cincinnati Reds,draftkings,alternate_totals,Over,4.5,1.16
2026-09-25T22:41:18Z,closing,890be5ce6e3ea3d7c6f0b76bd9a0e45a,2026-09-25T23:08:00Z,Toronto Blue Jays,Cincinnati Reds,draftkings,alternate_totals,Over,5.0,1.19
2026-09-25T22:41:18Z,closing,890be5ce6e3ea3d7c6f0b76bd9a0e45a,2026-09-25T23:08:00Z,Toronto Blue Jays,Cincinnati Reds,draftkings,alternate_totals,Over,5.5,1.33
2026-09-25T22:41:18Z,closing,890be5ce6e3ea3d7c6f0b76bd9a0e45a,2026-09-25T23:08:00Z,Toronto Blue Jays,Cincinnati Reds,draftkings,alternate_totals,Over,6.0,1.38
2026-09-25T22:41:18Z,closing,890be5ce6e3ea3d7c6f0b76bd9a0e45a,2026-09-25T23:08:00Z,Toronto Blue Jays,Cincinnati Reds,draftkings,alternate_totals,Over,6.5,1.5
2026-09-25T22:41:18Z,closing,890be5ce6e3ea3d7c6f0b76bd9a0e45a,2026-09-25T23:08:00Z,Toronto Blue Jays,Cincinnati Reds,draftkings,alternate_totals,Over,7.0,1.63
2026-09-25T22:41:18Z,closing,890be5ce6e3ea3d7c6f0b76bd9a0e45a,2026-09-25T23:08:00Z,Toronto Blue Jays,Cincinnati Reds,draftkings,alternate_totals,Over,8.0,2.01
2026-09-25T22:41:18Z,closing,890be5ce6e3ea3d7c6f0b76bd9a0e45a,2026-09-25T23:08:00Z,Toronto Blue Jays,Cincinnati Reds,draftkings,alternate_totals,Over,8.5,2.17
2026-09-25T22:41:18Z,closing,890be5ce6e3ea3d7c6f0b76bd9a0e45a,2026-09-25T23:08:00Z,Toronto Blue Jays,Cincinnati Reds,draftkings,alternate_totals,Over,9.0,2.54
2026-09-25T22:41:18Z,closing,890be5ce6e3ea3d7c6f0b76bd9a0e45a,2026-09-25T23:08:00Z,Toronto Blue Jays,Cincinnati Reds,draftkings,alternate_totals,Over,9.5,2.81
2026-09-25T22:41:18Z,closing,890be5ce6e3ea3d7c6f0b76bd9a0e45a,2026-09-25T23:08:00Z,Toronto Blue Jays,Cincinnati Reds,draftkings,alternate_totals,Over,10.0,3.23
2026-09-25T22:41:18Z,closing,890be5ce6e3ea3d7c6f0b76bd9a0e45a,2026-09-25T23:08:00Z,Toronto Blue Jays,Cincinnati Reds,draftkings,alternate_totals,Over,10.5,3.42
2026-09-25T22:41:18Z,closing,890be5ce6e3ea3d7c6f0b76bd9a0e45a,2026-09-25T23:08:00Z,Toronto Blue Jays,Cincinnati Reds,draftkings,alternate_totals,Over,11.0,4.29
2026-09-25T22:41:18Z,closing,890be5ce6e3ea3d7c6f0b76bd9a0e45a,2026-09-25T23:08:00Z,Toronto Blue Jays,Cincinnati Reds,draftkings,alternate_totals,Over,11.5,4.57
2026-09-25T22:41:18Z,closing,890be5ce6e3ea3d7c6f0b76bd9a0e45a,2026-09-25T23:08:00Z,Toronto Blue Jays,Cincinnati Reds,draftkings,alternate_totals,Over,12.0,5.46
2026-09-25T22:41:18Z,closing,890be5ce6e3ea3d7c6f0b76bd9a0e45a,2026-09-25T23:08:00Z,Toronto Blue Jays,Cincinnati Reds,draftkings,alternate_totals,Over,12.5,5.65
2026-09-25T22:41:18Z,closing,890be5ce6e3ea3d7c6f0b76bd9a0e45a,2026-09-25T23:08:00Z,Toronto Blue Jays,Cincinnati Reds,draftkings,alternate_totals,Under,4.5,4.89
2026-09-25T22:41:18Z,closing,890be5ce6e3ea3d7c6f0b76bd9a0e45a,2026-09-25T23:08:00Z,Toronto Blue Jays,Cincinnati Reds,draftkings,alternate_totals,Under,5.0,4.43
2026-09-25T22:41:18Z,closing,890be5ce6e3ea3d7c6f0b76bd9a0e45a,2026-09-25T23:08:00Z,Toronto Blue Jays,Cincinnati Reds,draftkings,alternate_totals,Under,5.5,3.17
2026-09-25T22:41:18Z,closing,890be5ce6e3ea3d7c6f0b76bd9a0e45a,2026-09-25T23:08:00Z,Toronto Blue Jays,Cincinnati Reds,draftkings,alternate_totals,Under,6.0,2.94
2026-09-25T22:41:18Z,closing,890be5ce6e3ea3d7c6f0b76bd9a0e45a,2026-09-25T23:08:00Z,Toronto Blue Jays,Cincinnati Reds,draftkings,alternate_totals,Under,6.5,2.51
2026-09-25T22:41:18Z,closing,890be5ce6e3ea3d7c6f0b76bd9a0e45a,2026-09-25T23:08:00Z,Toronto Blue Jays,Cincinnati Reds,draftkings,alternate_totals,Under,7.0,2.21
2026-09-25T22:41:18Z,closing,890be5ce6e3ea3d7c6f0b76bd9a0e45a,2026-09-25T23:08:00Z,Toronto Blue Jays,Cincinnati Reds,draftkings,alternate_totals,Under,8.0,1.76
2026-09-25T22:41:18Z,closing,890be5ce6e3ea3d7c6f0b76bd9a0e45a,2026-09-25T23:08:00Z,Toronto Blue Jays,Cincinnati Reds,draftkings,alternate_totals,Under,8.5,1.65
2026-09-25T22:41:18Z,closing,890be5ce6e3ea3d7c6f0b76bd9a0e45a,2026-09-25T23:08:00Z,Toronto Blue Jays,Cincinnati Reds,draftkings,alternate_totals,Under,9.0,1.49
2026-09-25T22:41:18Z,closing,890be5ce6e3ea3d7c6f0b76bd9a0e45a,2026-09-25T23:08:00Z,Toronto Blue Jays,Cincinnati Reds,draftkings,alternate_totals,Under,9.5,1.41
2026-09-25T22:41:18Z,closing,890be5ce6e3ea3d7c6f0b76bd9a0e45a,2026-09-25T23:08:00Z,Toronto Blue Jays,Cincinnati Reds,draftkings,alternate_totals,Under,10.0,1.32
2026-09-25T22:41:18Z,closing,890be5ce6e3ea3d7c6f0b76bd9a0e45a,2026-09-25T23:08:00Z,Toronto Blue Jays,Cincinnati Reds,draftkings,alternate_totals,Under,10.5,1.29
2026-09-25T22:41:18Z,closing,890be5ce6e3ea3d7c6f0b76bd9a0e45a,2026-09-25T23:08:00Z,Toronto Blue Jays,Cincinnati Reds,draftkings,alternate_totals,Under,11.0,1.2
2026-09-25T22:41:18Z,closing,890be5ce6e3ea3d7c6f0b76bd9a0e45a,2026-09-25T23:08:00Z,Toronto Blue Jays,Cincinnati Reds,draftkings,alternate_totals,Under,11.5,1.18
2026-09-25T22:41:18Z,closing,890be5ce6e3ea3d7c6f0b76bd9a0e45a,2026-09-25T23:08:00Z,Toronto Blue Jays,Cincinnati Reds,draftkings,alternate_totals,Under,12.0,1.14
2026-09-25T22:41:18Z,closing,890be5ce6e3ea3d7c6f0b76bd9a0e45a,2026-09-25T23:08:00Z,Toronto Blue Jays,Cincinnati Reds,draftkings,alternate_totals,Under,12.5,1.13
2026-09-25T22:41:18Z,closing,890be5ce6e3ea3d7c6f0b76bd9a0e45a,2026-09-25T23:08:00Z,Toronto Blue Jays,Cincinnati Reds,coolbet,alternate_spreads,Cincinnati Reds,2.5,1.36
2026-09-25T22:41:18Z,closing,890be5ce6e3ea3d7c6f0b76bd9a0e45a,2026-09-25T23:08:00Z,Toronto Blue Jays,Cincinnati Reds,coolbet,alternate_spreads,Cincinnati Reds,-2.5,3.9
2026-09-25T22:41:18Z,closing,890be5ce6e3ea3d7c6f0b76bd9a0e45a,2026-09-25T23:08:00Z,Toronto Blue Jays,Cincinnati Reds,coolbet,alternate_spreads,Cincinnati Reds,-3.5,5.3
2026-09-25T22:41:18Z,closing,890be5ce6e3ea3d7c6f0b76bd9a0e45a,2026-09-25T23:08:00Z,Toronto Blue Jays,Cincinnati Reds,coolbet,alternate_spreads,Cincinnati Reds,-1.5,2.93
2026-09-25T22:41:18Z,closing,890be5ce6e3ea3d7c6f0b76bd9a0e45a,2026-09-25T23:08:00Z,Toronto Blue Jays,Cincinnati Reds,coolbet,alternate_spreads,Cincinnati Reds,1.5,1.57
2026-09-25T22:41:18Z,closing,890be5ce6e3ea3d7c6f0b76bd9a0e45a,2026-09-25T23:08:00Z,Toronto Blue Jays,Cincinnati Reds,coolbet,alternate_spreads,Toronto Blue Jays,-2.5,3.15
2026-09-25T22:41:18Z,closing,890be5ce6e3ea3d7c6f0b76bd9a0e45a,2026-09-25T23:08:00Z,Toronto Blue Jays,Cincinnati Reds,coolbet,alternate_spreads,Toronto Blue Jays,2.5,1.26
2026-09-25T22:41:18Z,closing,890be5ce6e3ea3d7c6f0b76bd9a0e45a,2026-09-25T23:08:00Z,Toronto Blue Jays,Cincinnati Reds,coolbet,alternate_spreads,Toronto Blue Jays,3.5,1.16
2026-09-25T22:41:18Z,closing,890be5ce6e3ea3d7c6f0b76bd9a0e45a,2026-09-25T23:08:00Z,Toronto Blue Jays,Cincinnati Reds,coolbet,alternate_spreads,Toronto Blue Jays,1.5,1.41
2026-09-25T22:41:18Z,closing,890be5ce6e3ea3d7c6f0b76bd9a0e45a,2026-09-25T23:08:00Z,Toronto Blue Jays,Cincinnati Reds,coolbet,alternate_spreads,Toronto Blue Jays,-1.5,2.42
2026-09-25T22:41:18Z,closing,890be5ce6e3ea3d7c6f0b76bd9a0e45a,2026-09-25T23:08:00Z,Toronto Blue Jays,Cincinnati Reds,coolbet,alternate_totals,Over,8.0,2.0
2026-09-25T22:41:18Z,closing,890be5ce6e3ea3d7c6f0b76bd9a0e45a,2026-09-25T23:08:00Z,Toronto Blue Jays,Cincinnati Reds,coolbet,alternate_totals,Over,9.0,2.5
2026-09-25T22:41:18Z,closing,890be5ce6e3ea3d7c6f0b76bd9a0e45a,2026-09-25T23:08:00Z,Toronto Blue Jays,Cincinnati Reds,coolbet,alternate_totals,Over,9.5,2.78
2026-09-25T22:41:18Z,closing,890be5ce6e3ea3d7c6f0b76bd9a0e45a,2026-09-25T23:08:00Z,Toronto Blue Jays,Cincinnati Reds,coolbet,alternate_totals,Over,7.0,1.64
2026-09-25T22:41:18Z,closing,890be5ce6e3ea3d7c6f0b76bd9a0e45a,2026-09-25T23:08:00Z,Toronto Blue Jays,Cincinnati Reds,coolbet,alternate_totals,Over,7.5,1.85
2026-09-25T22:41:18Z,closing,890be5ce6e3ea3d7c6f0b76bd9a0e45a,2026-09-25T23:08:00Z,Toronto Blue Jays,Cincinnati Reds,coolbet,alternate_totals,Over,8.5,2.17
2026-09-25T22:41:18Z,closing,890be5ce6e3ea3d7c6f0b76bd9a0e45a,2026-09-25T23:08:00Z,Toronto Blue Jays,Cincinnati Reds,coolbet,alternate_totals,Over,6.5,1.52
2026-09-25T22:41:18Z,closing,890be5ce6e3ea3d7c6f0b76bd9a0e45a,2026-09-25T23:08:00Z,Toronto Blue Jays,Cincinnati Reds,coolbet,alternate_totals,Under,8.0,1.82
2026-09-25T22:41:18Z,closing,890be5ce6e3ea3d7c6f0b76bd9a0e45a,2026-09-25T23:08:00Z,Toronto Blue Jays,Cincinnati Reds,coolbet,alternate_totals,Under,9.0,1.54
2026-09-25T22:41:18Z,closing,890be5ce6e3ea3d7c6f0b76bd9a0e45a,2026-09-25T23:08:00Z,Toronto Blue Jays,Cincinnati Reds,coolbet,alternate_totals,Under,9.5,1.45
2026-09-25T22:41:18Z,closing,890be5ce6e3ea3d7c6f0b76bd9a0e45a,2026-09-25T23:08:00Z,Toronto Blue Jays,Cincinnati Reds,coolbet,alternate_totals,Under,7.0,2.27
2026-09-25T22:41:18Z,closing,890be5ce6e3ea3d7c6f0b76bd9a0e45a,2026-09-25T23:08:00Z,Toronto Blue Jays,Cincinnati Reds,coolbet,alternate_totals,Under,7.5,1.96
2026-09-25T22:41:18Z,closing,890be5ce6e3ea3d7c6f0b76bd9a0e45a,2026-09-25T23:08:00Z,Toronto Blue Jays,Cincinnati Reds,coolbet,alternate_totals,Under,8.5,1.7
2026-09-25T22:41:18Z,closing,890be5ce6e3ea3d7c6f0b76bd9a0e45a,2026-09-25T23:08:00Z,Toronto Blue Jays,Cincinnati Reds,coolbet,alternate_totals,Under,6.5,2.55
2026-09-25T22:41:18Z,closing,890be5ce6e3ea3d7c6f0b76bd9a0e45a,2026-09-25T23:08:00Z,Toronto Blue Jays,Cincinnati Reds,betmgm,alternate_spreads,Cincinnati Reds,2.5,1.35
2026-09-25T22:41:18Z,closing,890be5ce6e3ea3d7c6f0b76bd9a0e45a,2026-09-25T23:08:00Z,Toronto Blue Jays,Cincinnati Reds,betmgm,alternate_spreads,Cincinnati Reds,1.5,1.61
2026-09-25T22:41:18Z,closing,890be5ce6e3ea3d7c6f0b76bd9a0e45a,2026-09-25T23:08:00Z,Toronto Blue Jays,Cincinnati Reds,betmgm,alternate_spreads,Cincinnati Reds,-1.5,3.1
2026-09-25T22:41:18Z,closing,890be5ce6e3ea3d7c6f0b76bd9a0e45a,2026-09-25T23:08:00Z,Toronto Blue Jays,Cincinnati Reds,betmgm,alternate_spreads,Cincinnati Reds,-2.5,4.4
2026-09-25T22:41:18Z,closing,890be5ce6e3ea3d7c6f0b76bd9a0e45a,2026-09-25T23:08:00Z,Toronto Blue Jays,Cincinnati Reds,betmgm,alternate_spreads,Cincinnati Reds,3.5,1.21
2026-09-25T22:41:18Z,closing,890be5ce6e3ea3d7c6f0b76bd9a0e45a,2026-09-25T23:08:00Z,Toronto Blue Jays,Cincinnati Reds,betmgm,alternate_spreads,Cincinnati Reds,-3.5,6.0
2026-09-25T22:41:18Z,closing,890be5ce6e3ea3d7c6f0b76bd9a0e45a,2026-09-25T23:08:00Z,Toronto Blue Jays,Cincinnati Reds,betmgm,alternate_spreads,Toronto Blue Jays,-2.5,3.1
2026-09-25T22:41:18Z,closing,890be5ce6e3ea3d7c6f0b76bd9a0e45a,2026-09-25T23:08:00Z,Toronto Blue Jays,Cincinnati Reds,betmgm,alternate_spreads,Toronto Blue Jays,-1.5,2.35
2026-09-25T22:41:18Z,closing,890be5ce6e3ea3d7c6f0b76bd9a0e45a,2026-09-25T23:08:00Z,Toronto Blue Jays,Cincinnati Reds,betmgm,alternate_spreads,Toronto Blue Jays,1.5,1.35
2026-09-25T22:41:18Z,closing,890be5ce6e3ea3d7c6f0b76bd9a0e45a,2026-09-25T23:08:00Z,Toronto Blue Jays,Cincinnati Reds,betmgm,alternate_spreads,Toronto Blue Jays,2.5,1.2
2026-09-25T22:41:18Z,closing,890be5ce6e3ea3d7c6f0b76bd9a0e45a,2026-09-25T23:08:00Z,Toronto Blue Jays,Cincinnati Reds,betmgm,alternate_spreads,Toronto Blue Jays,-3.5,4.2
2026-09-25T22:41:18Z,closing,890be5ce6e3ea3d7c6f0b76bd9a0e45a,2026-09-25T23:08:00Z,Toronto Blue Jays,Cincinnati Reds,betmgm,alternate_spreads,Toronto Blue Jays,3.5,1.11
2026-09-25T22:41:18Z,closing,890be5ce6e3ea3d7c6f0b76bd9a0e45a,2026-09-25T23:08:00Z,Toronto Blue Jays,Cincinnati Reds,betmgm,alternate_totals,Over,3.5,1.09
2026-09-25T22:41:18Z,closing,890be5ce6e3ea3d7c6f0b76bd9a0e45a,2026-09-25T23:08:00Z,Toronto Blue Jays,Cincinnati Reds,betmgm,alternate_totals,Over,4.0,1.09
2026-09-25T22:41:18Z,closing,890be5ce6e3ea3d7c6f0b76bd9a0e45a,2026-09-25T23:08:00Z,Toronto Blue Jays,Cincinnati Reds,betmgm,alternate_totals,Over,4.5,1.15
2026-09-25T22:41:18Z,closing,890be5ce6e3ea3d7c6f0b76bd9a0e45a,2026-09-25T23:08:00Z,Toronto Blue Jays,Cincinnati Reds,betmgm,alternate_totals,Over,5.0,1.18
2026-09-25T22:41:18Z,closing,890be5ce6e3ea3d7c6f0b76bd9a0e45a,2026-09-25T23:08:00Z,Toronto Blue Jays,Cincinnati Reds,betmgm,alternate_totals,Over,5.5,1.31
2026-09-25T22:41:18Z,closing,890be5ce6e3ea3d7c6f0b76bd9a0e45a,2026-09-25T23:08:00Z,Toronto Blue Jays,Cincinnati Reds,betmgm,alternate_totals,Over,6.0,1.36
2026-09-25T22:41:18Z,closing,890be5ce6e3ea3d7c6f0b76bd9a0e45a,2026-09-25T23:08:00Z,Toronto Blue Jays,Cincinnati Reds,betmgm,alternate_totals,Over,6.5,1.48
2026-09-25T22:41:18Z,closing,890be5ce6e3ea3d7c6f0b76bd9a0e45a,2026-09-25T23:08:00Z,Toronto Blue Jays,Cincinnati Reds,betmgm,alternate_totals,Over,7.0,1.61
2026-09-25T22:41:18Z,closing,890be5ce6e3ea3d7c6f0b76bd9a0e45a,2026-09-25T23:08:00Z,Toronto Blue Jays,Cincinnati Reds,betmgm,alternate_totals,Over,7.5,1.87
2026-09-25T22:41:18Z,closing,890be5ce6e3ea3d7c6f0b76bd9a0e45a,2026-09-25T23:08:00Z,Toronto Blue Jays,Cincinnati Reds,betmgm,alternate_totals,Over,8.0,2.0
2026-09-25T22:41:18Z,closing,890be5ce6e3ea3d7c6f0b76bd9a0e45a,2026-09-25T23:08:00Z,Toronto Blue Jays,Cincinnati Reds,betmgm,alternate_totals,Over,8.5,2.2
2026-09-25T22:41:18Z,closing,890be5ce6e3ea3d7c6f0b76bd9a0e45a,2026-09-25T23:08:00Z,Toronto Blue Jays,Cincinnati Reds,betmgm,alternate_totals,Over,9.0,2.6
2026-09-25T22:41:18Z,closing,890be5ce6e3ea3d7c6f0b76bd9a0e45a,2026-09-25T23:08:00Z,Toronto Blue Jays,Cincinnati Reds,betmgm,alternate_totals,Over,9.5,2.85
2026-09-25T22:41:18Z,closing,890be5ce6e3ea3d7c6f0b76bd9a0e45a,2026-09-25T23:08:00Z,Toronto Blue Jays,Cincinnati Reds,betmgm,alternate_totals,Over,10.0,3.4
2026-09-25T22:41:18Z,closing,890be5ce6e3ea3d7c6f0b76bd9a0e45a,2026-09-25T23:08:00Z,Toronto Blue Jays,Cincinnati Reds,betmgm,alternate_totals,Over,10.5,3.5
2026-09-25T22:41:18Z,closing,890be5ce6e3ea3d7c6f0b76bd9a0e45a,2026-09-25T23:08:00Z,Toronto Blue Jays,Cincinnati Reds,betmgm,alternate_totals,Over,11.0,4.4
2026-09-25T22:41:18Z,closing,890be5ce6e3ea3d7c6f0b76bd9a0e45a,2026-09-25T23:08:00Z,Toronto Blue Jays,Cincinnati Reds,betmgm,alternate_totals,Over,11.5,4.6
2026-09-25T22:41:18Z,closing,890be5ce6e3ea3d7c6f0b76bd9a0e45a,2026-09-25T23:08:00Z,Toronto Blue Jays,Cincinnati Reds,betmgm,alternate_totals,Over,12.0,5.5
2026-09-25T22:41:18Z,closing,890be5ce6e3ea3d7c6f0b76bd9a0e45a,2026-09-25T23:08:00Z,Toronto Blue Jays,Cincinnati Reds,betmgm,alternate_totals,Over,12.5,5.75
2026-09-25T22:41:18Z,closing,890be5ce6e3ea3d7c6f0b76bd9a0e45a,2026-09-25T23:08:00Z,Toronto Blue Jays,Cincinnati Reds,betmgm,alternate_totals,Over,13.0,7.25
2026-09-25T22:41:18Z,closing,890be5ce6e3ea3d7c6f0b76bd9a0e45a,2026-09-25T23:08:00Z,Toronto Blue Jays,Cincinnati Reds,betmgm,alternate_totals,Over,3.0,1.02
2026-09-25T22:41:18Z,closing,890be5ce6e3ea3d7c6f0b76bd9a0e45a,2026-09-25T23:08:00Z,Toronto Blue Jays,Cincinnati Reds,betmgm,alternate_totals,Over,2.5,1.02
2026-09-25T22:41:18Z,closing,890be5ce6e3ea3d7c6f0b76bd9a0e45a,2026-09-25T23:08:00Z,Toronto Blue Jays,Cincinnati Reds,betmgm,alternate_totals,Over,2.0,1.01
2026-09-25T22:41:18Z,closing,890be5ce6e3ea3d7c6f0b76bd9a0e45a,2026-09-25T23:08:00Z,Toronto Blue Jays,Cincinnati Reds,betmgm,alternate_totals,Under,3.5,7.0
2026-09-25T22:41:18Z,closing,890be5ce6e3ea3d7c6f0b76bd9a0e45a,2026-09-25T23:08:00Z,Toronto Blue Jays,Cincinnati Reds,betmgm,alternate_totals,Under,4.0,6.75
2026-09-25T22:41:18Z,closing,890be5ce6e3ea3d7c6f0b76bd9a0e45a,2026-09-25T23:08:00Z,Toronto Blue Jays,Cincinnati Reds,betmgm,alternate_totals,Under,4.5,5.0
2026-09-25T22:41:18Z,closing,890be5ce6e3ea3d7c6f0b76bd9a0e45a,2026-09-25T23:08:00Z,Toronto Blue Jays,Cincinnati Reds,betmgm,alternate_totals,Under,5.0,4.6
2026-09-25T22:41:18Z,closing,890be5ce6e3ea3d7c6f0b76bd9a0e45a,2026-09-25T23:08:00Z,Toronto Blue Jays,Cincinnati Reds,betmgm,alternate_totals,Under,5.5,3.4
2026-09-25T22:41:18Z,closing,890be5ce6e3ea3d7c6f0b76bd9a0e45a,2026-09-25T23:08:00Z,Toronto Blue Jays,Cincinnati Reds,betmgm,alternate_totals,Under,6.0,3.0
2026-09-25T22:41:18Z,closing,890be5ce6e3ea3d7c6f0b76bd9a0e45a,2026-09-25T23:08:00Z,Toronto Blue Jays,Cincinnati Reds,betmgm,alternate_totals,Under,6.5,2.6
2026-09-25T22:41:18Z,closing,890be5ce6e3ea3d7c6f0b76bd9a0e45a,2026-09-25T23:08:00Z,Toronto Blue Jays,Cincinnati Reds,betmgm,alternate_totals,Under,7.0,2.25
2026-09-25T22:41:18Z,closing,890be5ce6e3ea3d7c6f0b76bd9a0e45a,2026-09-25T23:08:00Z,Toronto Blue Jays,Cincinnati Reds,betmgm,alternate_totals,Under,7.5,1.95
2026-09-25T22:41:18Z,closing,890be5ce6e3ea3d7c6f0b76bd9a0e45a,2026-09-25T23:08:00Z,Toronto Blue Jays,Cincinnati Reds,betmgm,alternate_totals,Under,8.0,1.77
2026-09-25T22:41:18Z,closing,890be5ce6e3ea3d7c6f0b76bd9a0e45a,2026-09-25T23:08:00Z,Toronto Blue Jays,Cincinnati Reds,betmgm,alternate_totals,Under,8.5,1.65
2026-09-25T22:41:18Z,closing,890be5ce6e3ea3d7c6f0b76bd9a0e45a,2026-09-25T23:08:00Z,Toronto Blue Jays,Cincinnati Reds,betmgm,alternate_totals,Under,9.0,1.48
2026-09-25T22:41:18Z,closing,890be5ce6e3ea3d7c6f0b76bd9a0e45a,2026-09-25T23:08:00Z,Toronto Blue Jays,Cincinnati Reds,betmgm,alternate_totals,Under,9.5,1.4
2026-09-25T22:41:18Z,closing,890be5ce6e3ea3d7c6f0b76bd9a0e45a,2026-09-25T23:08:00Z,Toronto Blue Jays,Cincinnati Reds,betmgm,alternate_totals,Under,10.0,1.31
2026-09-25T22:41:18Z,closing,890be5ce6e3ea3d7c6f0b76bd9a0e45a,2026-09-25T23:08:00Z,Toronto Blue Jays,Cincinnati Reds,betmgm,alternate_totals,Under,10.5,1.29
2026-09-25T22:41:18Z,closing,890be5ce6e3ea3d7c6f0b76bd9a0e45a,2026-09-25T23:08:00Z,Toronto Blue Jays,Cincinnati Reds,betmgm,alternate_totals,Under,11.0,1.19
2026-09-25T22:41:18Z,closing,890be5ce6e3ea3d7c6f0b76bd9a0e45a,2026-09-25T23:08:00Z,Toronto Blue Jays,Cincinnati Reds,betmgm,alternate_totals,Under,11.5,1.18
2026-09-25T22:41:18Z,closing,890be5ce6e3ea3d7c6f0b76bd9a0e45a,2026-09-25T23:08:00Z,Toronto Blue Jays,Cincinnati Reds,betmgm,alternate_totals,Under,12.0,1.13
2026-09-25T22:41:18Z,closing,890be5ce6e3ea3d7c6f0b76bd9a0e45a,2026-09-25T23:08:00Z,Toronto Blue Jays,Cincinnati Reds,betmgm,alternate_totals,Under,12.5,1.12
2026-09-25T22:41:18Z,closing,890be5ce6e3ea3d7c6f0b76bd9a0e45a,2026-09-25T23:08:00Z,Toronto Blue Jays,Cincinnati Reds,betmgm,alternate_totals,Under,13.0,1.08
2026-09-25T22:41:18Z,closing,890be5ce6e3ea3d7c6f0b76bd9a0e45a,2026-09-25T23:08:00Z,Toronto Blue Jays,Cincinnati Reds,betmgm,alternate_totals,Under,3.0,12.0
2026-09-25T22:41:18Z,closing,890be5ce6e3ea3d7c6f0b76bd9a0e45a,2026-09-25T23:08:00Z,Toronto Blue Jays,Cincinnati Reds,betmgm,alternate_totals,Under,2.5,12.5
2026-09-25T22:41:18Z,closing,890be5ce6e3ea3d7c6f0b76bd9a0e45a,2026-09-25T23:08:00Z,Toronto Blue Jays,Cincinnati Reds,betmgm,alternate_totals,Under,2.0,21.0
2026-09-25T22:41:18Z,closing,890be5ce6e3ea3d7c6f0b76bd9a0e45a,2026-09-25T23:08:00Z,Toronto Blue Jays,Cincinnati Reds,betrivers,alternate_spreads,Cincinnati Reds,-2.0,3.4
2026-09-25T22:41:18Z,closing,890be5ce6e3ea3d7c6f0b76bd9a0e45a,2026-09-25T23:08:00Z,Toronto Blue Jays,Cincinnati Reds,betrivers,alternate_spreads,Cincinnati Reds,2.0,1.5
2026-09-25T22:41:18Z,closing,890be5ce6e3ea3d7c6f0b76bd9a0e45a,2026-09-25T23:08:00Z,Toronto Blue Jays,Cincinnati Reds,betrivers,alternate_spreads,Cincinnati Reds,3.0,1.3
2026-09-25T22:41:18Z,closing,890be5ce6e3ea3d7c6f0b76bd9a0e45a,2026-09-25T23:08:00Z,Toronto Blue Jays,Cincinnati Reds,betrivers,alternate_spreads,Cincinnati Reds,2.5,1.41
2026-09-25T22:41:18Z,closing,890be5ce6e3ea3d7c6f0b76bd9a0e45a,2026-09-25T23:08:00Z,Toronto Blue Jays,Cincinnati Reds,betrivers,alternate_spreads,Cincinnati Reds,-1.5,2.8
2026-09-25T22:41:18Z,closing,890be5ce6e3ea3d7c6f0b76bd9a0e45a,2026-09-25T23:08:00Z,Toronto Blue Jays,Cincinnati Reds,betrivers,alternate_spreads,Cincinnati Reds,1.5,1.67
2026-09-25T22:41:18Z,closing,890be5ce6e3ea3d7c6f0b76bd9a0e45a,2026-09-25T23:08:00Z,Toronto Blue Jays,Cincinnati Reds,betrivers,alternate_spreads,Toronto Blue Jays,2.0,1.32
2026-09-25T22:41:18Z,closing,890be5ce6e3ea3d7c6f0b76bd9a0e45a,2026-09-25T23:08:00Z,Toronto Blue Jays,Cincinnati Reds,betrivers,alternate_spreads,Toronto Blue Jays,-2.0,2.63
2026-09-25T22:41:18Z,closing,890be5ce6e3ea3d7c6f0b76bd9a0e45a,2026-09-25T23:08:00Z,Toronto Blue Jays,Cincinnati Reds,betrivers,alternate_spreads,Toronto Blue Jays,-3.0,3.5
2026-09-25T22:41:18Z,closing,890be5ce6e3ea3d7c6f0b76bd9a0e45a,2026-09-25T23:08:00Z,Toronto Blue Jays,Cincinnati Reds,betrivers,alternate_spreads,Toronto Blue Jays,-2.5,2.95
2026-09-25T22:41:18Z,closing,890be5ce6e3ea3d7c6f0b76bd9a0e45a,2026-09-25T23:08:00Z,Toronto Blue Jays,Cincinnati Reds,betrivers,alternate_spreads,Toronto Blue Jays,1.5,1.43
2026-09-25T22:41:18Z,closing,890be5ce6e3ea3d7c6f0b76bd9a0e45a,2026-09-25T23:08:00Z,Toronto Blue Jays,Cincinnati Reds,betrivers,alternate_spreads,Toronto Blue Jays,-1.5,2.23
2026-09-25T22:41:18Z,closing,890be5ce6e3ea3d7c6f0b76bd9a0e45a,2026-09-25T23:08:00Z,Toronto Blue Jays,Cincinnati Reds,betrivers,alternate_totals,Over,6.5,1.55
2026-09-25T22:41:18Z,closing,890be5ce6e3ea3d7c6f0b76bd9a0e45a,2026-09-25T23:08:00Z,Toronto Blue Jays,Cincinnati Reds,betrivers,alternate_totals,Over,10.5,3.05
2026-09-25T22:41:18Z,closing,890be5ce6e3ea3d7c6f0b76bd9a0e45a,2026-09-25T23:08:00Z,Toronto Blue Jays,Cincinnati Reds,betrivers,alternate_totals,Over,12.0,4.0
2026-09-25T22:41:18Z,closing,890be5ce6e3ea3d7c6f0b76bd9a0e45a,2026-09-25T23:08:00Z,Toronto Blue Jays,Cincinnati Reds,betrivers,alternate_totals,Over,7.5,1.83
2026-09-25T22:41:18Z,closing,890be5ce6e3ea3d7c6f0b76bd9a0e45a,2026-09-25T23:08:00Z,Toronto Blue Jays,Cincinnati Reds,betrivers,alternate_totals,Over,8.5,2.1
2026-09-25T22:41:18Z,closing,890be5ce6e3ea3d7c6f0b76bd9a0e45a,2026-09-25T23:08:00Z,Toronto Blue Jays,Cincinnati Reds,betrivers,alternate_totals,Over,5.5,1.38
2026-09-25T22:41:18Z,closing,890be5ce6e3ea3d7c6f0b76bd9a0e45a,2026-09-25T23:08:00Z,Toronto Blue Jays,Cincinnati Reds,betrivers,alternate_totals,Over,11.0,3.3
2026-09-25T22:41:18Z,closing,890be5ce6e3ea3d7c6f0b76bd9a0e45a,2026-09-25T23:08:00Z,Toronto Blue Jays,Cincinnati Reds,betrivers,alternate_totals,Over,8.0,1.88
2026-09-25T22:41:18Z,closing,890be5ce6e3ea3d7c6f0b76bd9a0e45a,2026-09-25T23:08:00Z,Toronto Blue Jays,Cincinnati Reds,betrivers,alternate_totals,Over,6.0,1.4
2026-09-25T22:41:18Z,closing,890be5ce6e3ea3d7c6f0b76bd9a0e45a,2026-09-25T23:08:00Z,Toronto Blue Jays,Cincinnati Reds,betrivers,alternate_totals,Over,7.0,1.61
2026-09-25T22:41:18Z,closing,890be5ce6e3ea3d7c6f0b76bd9a0e45a,2026-09-25T23:08:00Z,Toronto Blue Jays,Cincinnati Reds,betrivers,alternate_totals,Over,10.0,2.7
2026-09-25T22:41:18Z,closing,890be5ce6e3ea3d7c6f0b76bd9a0e45a,2026-09-25T23:08:00Z,Toronto Blue Jays,Cincinnati Reds,betrivers,alternate_totals,Over,9.0,2.25
2026-09-25T22:41:18Z,closing,890be5ce6e3ea3d7c6f0b76bd9a0e45a,2026-09-25T23:08:00Z,Toronto Blue Jays,Cincinnati Reds,betrivers,alternate_totals,Over,9.5,2.55
2026-09-25T22:41:18Z,closing,890be5ce6e3ea3d7c6f0b76bd9a0e45a,2026-09-25T23:08:00Z,Toronto Blue Jays,Cincinnati Reds,betrivers,alternate_totals,Under,6.5,2.48
2026-09-25T22:41:18Z,closing,890be5ce6e3ea3d7c6f0b76bd9a0e45a,2026-09-25T23:08:00Z,Toronto Blue Jays,Cincinnati Reds,betrivers,alternate_totals,Under,10.5,1.38
2026-09-25T22:41:18Z,closing,890be5ce6e3ea3d7c6f0b76bd9a0e45a,2026-09-25T23:08:00Z,Toronto Blue Jays,Cincinnati Reds,betrivers,alternate_totals,Under,12.0,1.19
2026-09-25T22:41:18Z,closing,890be5ce6e3ea3d7c6f0b76bd9a0e45a,2026-09-25T23:08:00Z,Toronto Blue Jays,Cincinnati Reds,betrivers,alternate_totals,Under,7.5,2.0
2026-09-25T22:41:18Z,closing,890be5ce6e3ea3d7c6f0b76bd9a0e45a,2026-09-25T23:08:00Z,Toronto Blue Jays,Cincinnati Reds,betrivers,alternate_totals,Under,8.5,1.74
2026-09-25T22:41:18Z,closing,890be5ce6e3ea3d7c6f0b76bd9a0e45a,2026-09-25T23:08:00Z,Toronto Blue Jays,Cincinnati Reds,betrivers,alternate_totals,Under,5.5,3.05
2026-09-25T22:41:18Z,closing,890be5ce6e3ea3d7c6f0b76bd9a0e45a,2026-09-25T23:08:00Z,Toronto Blue Jays,Cincinnati Reds,betrivers,alternate_totals,Under,11.0,1.27
2026-09-25T22:41:18Z,closing,890be5ce6e3ea3d7c6f0b76bd9a0e45a,2026-09-25T23:08:00Z,Toronto Blue Jays,Cincinnati Reds,betrivers,alternate_totals,Under,8.0,1.8
2026-09-25T22:41:18Z,closing,890be5ce6e3ea3d7c6f0b76bd9a0e45a,2026-09-25T23:08:00Z,Toronto Blue Jays,Cincinnati Reds,betrivers,alternate_totals,Under,6.0,2.7
2026-09-25T22:41:18Z,closing,890be5ce6e3ea3d7c6f0b76bd9a0e45a,2026-09-25T23:08:00Z,Toronto Blue Jays,Cincinnati Reds,betrivers,alternate_totals,Under,7.0,2.15
2026-09-25T22:41:18Z,closing,890be5ce6e3ea3d7c6f0b76bd9a0e45a,2026-09-25T23:08:00Z,Toronto Blue Jays,Cincinnati Reds,betrivers,alternate_totals,Under,10.0,1.38
2026-09-25T22:41:18Z,closing,890be5ce6e3ea3d7c6f0b76bd9a0e45a,2026-09-25T23:08:00Z,Toronto Blue Jays,Cincinnati Reds,betrivers,alternate_totals,Under,9.0,1.56
2026-09-25T22:41:18Z,closing,890be5ce6e3ea3d7c6f0b76bd9a0e45a,2026-09-25T23:08:00Z,Toronto Blue Jays,Cincinnati Reds,betrivers,alternate_totals,Under,9.5,1.51
2026-09-25T22:41:18Z,closing,890be5ce6e3ea3d7c6f0b76bd9a0e45a,2026-09-25T23:08:00Z,Toronto Blue Jays,Cincinnati Reds,pinnacle,alternate_spreads,Cincinnati Reds,1.5,1.61
2026-09-25T22:41:18Z,closing,890be5ce6e3ea3d7c6f0b76bd9a0e45a,2026-09-25T23:08:00Z,Toronto Blue Jays,Cincinnati Reds,pinnacle,alternate_spreads,Cincinnati Reds,-1.5,3.13
2026-09-25T22:41:18Z,closing,890be5ce6e3ea3d7c6f0b76bd9a0e45a,2026-09-25T23:08:00Z,Toronto Blue Jays,Cincinnati Reds,pinnacle,alternate_spreads,Cincinnati Reds,-1.0,2.84
2026-09-25T22:41:18Z,closing,890be5ce6e3ea3d7c6f0b76bd9a0e45a,2026-09-25T23:08:00Z,Toronto Blue Jays,Cincinnati Reds,pinnacle,alternate_spreads,Cincinnati Reds,1.0,1.91
2026-09-25T22:41:18Z,closing,890be5ce6e3ea3d7c6f0b76bd9a0e45a,2026-09-25T23:08:00Z,Toronto Blue Jays,Cincinnati Reds,pinnacle,alternate_spreads,Cincinnati Reds,2.0,1.43
2026-09-25T22:41:18Z,closing,890be5ce6e3ea3d7c6f0b76bd9a0e45a,2026-09-25T23:08:00Z,Toronto Blue Jays,Cincinnati Reds,pinnacle,alternate_spreads,Cincinnati Reds,2.5,1.36
2026-09-25T22:41:18Z,closing,890be5ce6e3ea3d7c6f0b76bd9a0e45a,2026-09-25T23:08:00Z,Toronto Blue Jays,Cincinnati Reds,pinnacle,alternate_spreads,Cincinnati Reds,3.0,1.24
2026-09-25T22:41:18Z,closing,890be5ce6e3ea3d7c6f0b76bd9a0e45a,2026-09-25T23:08:00Z,Toronto Blue Jays,Cincinnati Reds,pinnacle,alternate_spreads,Toronto Blue Jays,-1.5,2.47
2026-09-25T22:41:18Z,closing,890be5ce6e3ea3d7c6f0b76bd9a0e45a,2026-09-25T23:08:00Z,Toronto Blue Jays,Cincinnati Reds,pinnacle,alternate_spreads,Toronto Blue Jays,1.5,1.38
2026-09-25T22:41:18Z,closing,890be5ce6e3ea3d7c6f0b76bd9a0e45a,2026-09-25T23:08:00Z,Toronto Blue Jays,Cincinnati Reds,pinnacle,alternate_spreads,Toronto Blue Jays,1.0,1.46
2026-09-25T22:41:18Z,closing,890be5ce6e3ea3d7c6f0b76bd9a0e45a,2026-09-25T23:08:00Z,Toronto Blue Jays,Cincinnati Reds,pinnacle,alternate_spreads,Toronto Blue Jays,-1.0,1.98
2026-09-25T22:41:18Z,closing,890be5ce6e3ea3d7c6f0b76bd9a0e45a,2026-09-25T23:08:00Z,Toronto Blue Jays,Cincinnati Reds,pinnacle,alternate_spreads,Toronto Blue Jays,-2.0,2.98
2026-09-25T22:41:18Z,closing,890be5ce6e3ea3d7c6f0b76bd9a0e45a,2026-09-25T23:08:00Z,Toronto Blue Jays,Cincinnati Reds,pinnacle,alternate_spreads,Toronto Blue Jays,-2.5,3.27
2026-09-25T22:41:18Z,closing,890be5ce6e3ea3d7c6f0b76bd9a0e45a,2026-09-25T23:08:00Z,Toronto Blue Jays,Cincinnati Reds,pinnacle,alternate_spreads,Toronto Blue Jays,-3.0,4.1
2026-09-25T22:41:18Z,closing,890be5ce6e3ea3d7c6f0b76bd9a0e45a,2026-09-25T23:08:00Z,Toronto Blue Jays,Cincinnati Reds,pinnacle,alternate_totals,Over,7.5,1.91
2026-09-25T22:41:18Z,closing,890be5ce6e3ea3d7c6f0b76bd9a0e45a,2026-09-25T23:08:00Z,Toronto Blue Jays,Cincinnati Reds,pinnacle,alternate_totals,Over,6.0,1.41
2026-09-25T22:41:18Z,closing,890be5ce6e3ea3d7c6f0b76bd9a0e45a,2026-09-25T23:08:00Z,Toronto Blue Jays,Cincinnati Reds,pinnacle,alternate_totals,Over,6.5,1.54
2026-09-25T22:41:18Z,closing,890be5ce6e3ea3d7c6f0b76bd9a0e45a,2026-09-25T23:08:00Z,Toronto Blue Jays,Cincinnati Reds,pinnacle,alternate_totals,Over,7.0,1.67
2026-09-25T22:41:18Z,closing,890be5ce6e3ea3d7c6f0b76bd9a0e45a,2026-09-25T23:08:00Z,Toronto Blue Jays,Cincinnati Reds,pinnacle,alternate_totals,Over,8.0,2.06
2026-09-25T22:41:18Z,closing,890be5ce6e3ea3d7c6f0b76bd9a0e45a,2026-09-25T23:08:00Z,Toronto Blue Jays,Cincinnati Reds,pinnacle,alternate_totals,Over,8.5,2.23
2026-09-25T22:41:18Z,closing,890be5ce6e3ea3d7c6f0b76bd9a0e45a,2026-09-25T23:08:00Z,Toronto Blue Jays,Cincinnati Reds,pinnacle,alternate_totals,Over,9.0,2.58
2026-09-25T22:41:18Z,closing,890be5ce6e3ea3d7c6f0b76bd9a0e45a,2026-09-25T23:08:00Z,Toronto Blue Jays,Cincinnati Reds,pinnacle,alternate_totals,Under,7.5,1.98
2026-09-25T22:41:18Z,closing,890be5ce6e3ea3d7c6f0b76bd9a0e45a,2026-09-25T23:08:00Z,Toronto Blue Jays,Cincinnati Reds,pinnacle,alternate_totals,Under,6.0,2.99
2026-09-25T22:41:18Z,closing,890be5ce6e3ea3d7c6f0b76bd9a0e45a,2026-09-25T23:08:00Z,Toronto Blue Jays,Cincinnati Reds,pinnacle,alternate_totals,Under,6.5,2.59
2026-09-25T22:41:18Z,closing,890be5ce6e3ea3d7c6f0b76bd9a0e45a,2026-09-25T23:08:00Z,Toronto Blue Jays,Cincinnati Reds,pinnacle,alternate_totals,Under,7.0,2.29
2026-09-25T22:41:18Z,closing,890be5ce6e3ea3d7c6f0b76bd9a0e45a,2026-09-25T23:08:00Z,Toronto Blue Jays,Cincinnati Reds,pinnacle,alternate_totals,Under,8.0,1.82
2026-09-25T22:41:18Z,closing,890be5ce6e3ea3d7c6f0b76bd9a0e45a,2026-09-25T23:08:00Z,Toronto Blue Jays,Cincinnati Reds,pinnacle,alternate_totals,Under,8.5,1.7
2026-09-25T22:41:18Z,closing,890be5ce6e3ea3d7c6f0b76bd9a0e45a,2026-09-25T23:08:00Z,Toronto Blue Jays,Cincinnati Reds,pinnacle,alternate_totals,Under,9.0,1.53
2026-09-25T22:41:18Z,closing,2d3d378044cc538b0a3d77acaacd15a1,2026-09-25T23:11:00Z,Miami Marlins,Atlanta Braves,fanduel,alternate_spreads,Atlanta Braves,5.5,1.03
2026-09-25T22:41:18Z,closing,2d3d378044cc538b0a3d77acaacd15a1,2026-09-25T23:11:00Z,Miami Marlins,Atlanta Braves,fanduel,alternate_spreads,Atlanta Braves,4.5,1.06
2026-09-25T22:41:18Z,closing,2d3d378044cc538b0a3d77acaacd15a1,2026-09-25T23:11:00Z,Miami Marlins,Atlanta Braves,fanduel,alternate_spreads,Atlanta Braves,3.5,1.12
2026-09-25T22:41:18Z,closing,2d3d378044cc538b0a3d77acaacd15a1,2026-09-25T23:11:00Z,Miami Marlins,Atlanta Braves,fanduel,alternate_spreads,Atlanta Braves,2.5,1.21
2026-09-25T22:41:18Z,closing,2d3d378044cc538b0a3d77acaacd15a1,2026-09-25T23:11:00Z,Miami Marlins,Atlanta Braves,fanduel,alternate_spreads,Atlanta Braves,1.5,1.36
2026-09-25T22:41:18Z,closing,2d3d378044cc538b0a3d77acaacd15a1,2026-09-25T23:11:00Z,Miami Marlins,Atlanta Braves,fanduel,alternate_spreads,Atlanta Braves,-1.5,2.44
2026-09-25T22:41:18Z,closing,2d3d378044cc538b0a3d77acaacd15a1,2026-09-25T23:11:00Z,Miami Marlins,Atlanta Braves,fanduel,alternate_spreads,Atlanta Braves,-2.5,3.2
2026-09-25T22:41:18Z,closing,2d3d378044cc538b0a3d77acaacd15a1,2026-09-25T23:11:00Z,Miami Marlins,Atlanta Braves,fanduel,alternate_spreads,Atlanta Braves,-3.5,4.4
2026-09-25T22:41:18Z,closing,2d3d378044cc538b0a3d77acaacd15a1,2026-09-25T23:11:00Z,Miami Marlins,Atlanta Braves,fanduel,alternate_spreads,Atlanta Braves,-4.5,5.8
2026-09-25T22:41:18Z,closing,2d3d378044cc538b0a3d77acaacd15a1,2026-09-25T23:11:00Z,Miami Marlins,Atlanta Braves,fanduel,alternate_spreads,Atlanta Braves,-5.5,8.0
2026-09-25T22:41:18Z,closing,2d3d378044cc538b0a3d77acaacd15a1,2026-09-25T23:11:00Z,Miami Marlins,Atlanta Braves,fanduel,alternate_spreads,Atlanta Braves,-6.5,11.0
2026-09-25T22:41:18Z,closing,2d3d378044cc538b0a3d77acaacd15a1,2026-09-25T23:11:00Z,Miami Marlins,Atlanta Braves,fanduel,alternate_spreads,Atlanta Braves,-7.5,14.0
2026-09-25T22:41:18Z,closing,2d3d378044cc538b0a3d77acaacd15a1,2026-09-25T23:11:00Z,Miami Marlins,Atlanta Braves,fanduel,alternate_spreads,Atlanta Braves,-8.5,18.0
2026-09-25T22:41:18Z,closing,2d3d378044cc538b0a3d77acaacd15a1,2026-09-25T23:11:00Z,Miami Marlins,Atlanta Braves,fanduel,alternate_spreads,Miami Marlins,-7.5,18.0
2026-09-25T22:41:18Z,closing,2d3d378044cc538b0a3d77acaacd15a1,2026-09-25T23:11:00Z,Miami Marlins,Atlanta Braves,fanduel,alternate_spreads,Miami Marlins,-6.5,15.0
2026-09-25T22:41:18Z,closing,2d3d378044cc538b0a3d77acaacd15a1,2026-09-25T23:11:00Z,Miami Marlins,Atlanta Braves,fanduel,alternate_spreads,Miami Marlins,-5.5,11.6
2026-09-25T22:41:18Z,closing,2d3d378044cc538b0a3d77acaacd15a1,2026-09-25T23:11:00Z,Miami Marlins,Atlanta Braves,fanduel,alternate_spreads,Miami Marlins,-4.5,8.5
2026-09-25T22:41:18Z,closing,2d3d378044cc538b0a3d77acaacd15a1,2026-09-25T23:11:00Z,Miami Marlins,Atlanta Braves,fanduel,alternate_spreads,Miami Marlins,-3.5,6.0
2026-09-25T22:41:18Z,closing,2d3d378044cc538b0a3d77acaacd15a1,2026-09-25T23:11:00Z,Miami Marlins,Atlanta Braves,fanduel,alternate_spreads,Miami Marlins,-2.5,4.3
2026-09-25T22:41:18Z,closing,2d3d378044cc538b0a3d77acaacd15a1,2026-09-25T23:11:00Z,Miami Marlins,Atlanta Braves,fanduel,alternate_spreads,Miami Marlins,-1.5,3.1
2026-09-25T22:41:18Z,closing,2d3d378044cc538b0a3d77acaacd15a1,2026-09-25T23:11:00Z,Miami Marlins,Atlanta Braves,fanduel,alternate_spreads,Miami Marlins,1.5,1.54
2026-09-25T22:41:18Z,closing,2d3d378044cc538b0a3d77acaacd15a1,2026-09-25T23:11:00Z,Miami Marlins,Atlanta Braves,fanduel,alternate_spreads,Miami Marlins,2.5,1.34
2026-09-25T22:41:18Z,closing,2d3d378044cc538b0a3d77acaacd15a1,2026-09-25T23:11:00Z,Miami Marlins,Atlanta Braves,fanduel,alternate_spreads,Miami Marlins,3.5,1.2
2026-09-25T22:41:18Z,closing,2d3d378044cc538b0a3d77acaacd15a1,2026-09-25T23:11:00Z,Miami Marlins,Atlanta Braves,fanduel,alternate_spreads,Miami Marlins,4.5,1.12
2026-09-25T22:41:18Z,closing,2d3d378044cc538b0a3d77acaacd15a1,2026-09-25T23:11:00Z,Miami Marlins,Atlanta Braves,fanduel,alternate_spreads,Miami Marlins,5.5,1.07
2026-09-25T22:41:18Z,closing,2d3d378044cc538b0a3d77acaacd15a1,2026-09-25T23:11:00Z,Miami Marlins,Atlanta Braves,fanduel,alternate_spreads,Miami Marlins,6.5,1.03
2026-09-25T22:41:18Z,closing,2d3d378044cc538b0a3d77acaacd15a1,2026-09-25T23:11:00Z,Miami Marlins,Atlanta Braves,fanduel,alternate_totals,Over,3.5,1.07
2026-09-25T22:41:18Z,closing,2d3d378044cc538b0a3d77acaacd15a1,2026-09-25T23:11:00Z,Miami Marlins,Atlanta Braves,fanduel,alternate_totals,Over,4.5,1.14
2026-09-25T22:41:18Z,closing,2d3d378044cc538b0a3d77acaacd15a1,2026-09-25T23:11:00Z,Miami Marlins,Atlanta Braves,fanduel,alternate_totals,Over,5.5,1.29
2026-09-25T22:41:18Z,closing,2d3d378044cc538b0a3d77acaacd15a1,2026-09-25T23:11:00Z,Miami Marlins,Atlanta Braves,fanduel,alternate_totals,Over,6.5,1.43
2026-09-25T22:41:18Z,closing,2d3d378044cc538b0a3d77acaacd15a1,2026-09-25T23:11:00Z,Miami Marlins,Atlanta Braves,fanduel,alternate_totals,Over,7.5,1.76
2026-09-25T22:41:18Z,closing,2d3d378044cc538b0a3d77acaacd15a1,2026-09-25T23:11:00Z,Miami Marlins,Atlanta Braves,fanduel,alternate_totals,Over,8.5,2.04
2026-09-25T22:41:18Z,closing,2d3d378044cc538b0a3d77acaacd15a1,2026-09-25T23:11:00Z,Miami Marlins,Atlanta Braves,fanduel,alternate_totals,Over,9.5,2.64
2026-09-25T22:41:18Z,closing,2d3d378044cc538b0a3d77acaacd15a1,2026-09-25T23:11:00Z,Miami Marlins,Atlanta Braves,fanduel,alternate_totals,Over,10.5,3.2
2026-09-25T22:41:18Z,closing,2d3d378044cc538b0a3d77acaacd15a1,2026-09-25T23:11:00Z,Miami Marlins,Atlanta Braves,fanduel,alternate_totals,Over,11.5,4.2
2026-09-25T22:41:18Z,closing,2d3d378044cc538b0a3d77acaacd15a1,2026-09-25T23:11:00Z,Miami Marlins,Atlanta Braves,fanduel,alternate_totals,Over,12.5,5.2
2026-09-25T22:41:18Z,closing,2d3d378044cc538b0a3d77acaacd15a1,2026-09-25T23:11:00Z,Miami Marlins,Atlanta Braves,fanduel,alternate_totals,Over,13.5,7.0
2026-09-25T22:41:18Z,closing,2d3d378044cc538b0a3d77acaacd15a1,2026-09-25T23:11:00Z,Miami Marlins,Atlanta Braves,fanduel,alternate_totals,Over,14.5,9.0
2026-09-25T22:41:18Z,closing,2d3d378044cc538b0a3d77acaacd15a1,2026-09-25T23:11:00Z,Miami Marlins,Atlanta Braves,fanduel,alternate_totals,Over,15.5,11.6
2026-09-25T22:41:18Z,closing,2d3d378044cc538b0a3d77acaacd15a1,2026-09-25T23:11:00Z,Miami Marlins,Atlanta Braves,fanduel,alternate_totals,Over,16.5,14.0
2026-09-25T22:41:18Z,closing,2d3d378044cc538b0a3d77acaacd15a1,2026-09-25T23:11:00Z,Miami Marlins,Atlanta Braves,fanduel,alternate_totals,Over,17.5,18.0
2026-09-25T22:41:18Z,closing,2d3d378044cc538b0a3d77acaacd15a1,2026-09-25T23:11:00Z,Miami Marlins,Atlanta Braves,fanduel,alternate_totals,Under,2.5,15.0
2026-09-25T22:41:18Z,closing,2d3d378044cc538b0a3d77acaacd15a1,2026-09-25T23:11:00Z,Miami Marlins,Atlanta Braves,fanduel,alternate_totals,Under,3.5,7.8
2026-09-25T22:41:18Z,closing,2d3d378044cc538b0a3d77acaacd15a1,2026-09-25T23:11:00Z,Miami Marlins,Atlanta Braves,fanduel,alternate_totals,Under,4.5,5.5
2026-09-25T22:41:18Z,closing,2d3d378044cc538b0a3d77acaacd15a1,2026-09-25T23:11:00Z,Miami Marlins,Atlanta Braves,fanduel,alternate_totals,Under,5.5,3.5
2026-09-25T22:41:18Z,closing,2d3d378044cc538b0a3d77acaacd15a1,2026-09-25T23:11:00Z,Miami Marlins,Atlanta Braves,fanduel,alternate_totals,Under,6.5,2.76
2026-09-25T22:41:18Z,closing,2d3d378044cc538b0a3d77acaacd15a1,2026-09-25T23:11:00Z,Miami Marlins,Atlanta Braves,fanduel,alternate_totals,Under,7.5,2.04
2026-09-25T22:41:18Z,closing,2d3d378044cc538b0a3d77acaacd15a1,2026-09-25T23:11:00Z,Miami Marlins,Atlanta Braves,fanduel,alternate_totals,Under,8.5,1.76
2026-09-25T22:41:18Z,closing,2d3d378044cc538b0a3d77acaacd15a1,2026-09-25T23:11:00Z,Miami Marlins,Atlanta Braves,fanduel,alternate_totals,Under,9.5,1.47
2026-09-25T22:41:18Z,closing,2d3d378044cc538b0a3d77acaacd15a1,2026-09-25T23:11:00Z,Miami Marlins,Atlanta Braves,fanduel,alternate_totals,Under,10.5,1.34
2026-09-25T22:41:18Z,closing,2d3d378044cc538b0a3d77acaacd15a1,2026-09-25T23:11:00Z,Miami Marlins,Atlanta Braves,fanduel,alternate_totals,Under,11.5,1.22
2026-09-25T22:41:18Z,closing,2d3d378044cc538b0a3d77acaacd15a1,2026-09-25T23:11:00Z,Miami Marlins,Atlanta Braves,fanduel,alternate_totals,Under,12.5,1.15
2026-09-25T22:41:18Z,closing,2d3d378044cc538b0a3d77acaacd15a1,2026-09-25T23:11:00Z,Miami Marlins,Atlanta Braves,fanduel,alternate_totals,Under,13.5,1.09
2026-09-25T22:41:18Z,closing,2d3d378044cc538b0a3d77acaacd15a1,2026-09-25T23:11:00Z,Miami Marlins,Atlanta Braves,fanduel,alternate_totals,Under,14.5,1.06
2026-09-25T22:41:18Z,closing,2d3d378044cc538b0a3d77acaacd15a1,2026-09-25T23:11:00Z,Miami Marlins,Atlanta Braves,fanduel,alternate_totals,Under,15.5,1.03
2026-09-25T22:41:18Z,closing,2d3d378044cc538b0a3d77acaacd15a1,2026-09-25T23:11:00Z,Miami Marlins,Atlanta Braves,draftkings,alternate_spreads,Atlanta Braves,-5.0,7.5
2026-09-25T22:41:18Z,closing,2d3d378044cc538b0a3d77acaacd15a1,2026-09-25T23:11:00Z,Miami Marlins,Atlanta Braves,draftkings,alternate_spreads,Atlanta Braves,-4.5,5.67
2026-09-25T22:41:18Z,closing,2d3d378044cc538b0a3d77acaacd15a1,2026-09-25T23:11:00Z,Miami Marlins,Atlanta Braves,draftkings,alternate_spreads,Atlanta Braves,-4.0,5.38
2026-09-25T22:41:18Z,closing,2d3d378044cc538b0a3d77acaacd15a1,2026-09-25T23:11:00Z,Miami Marlins,Atlanta Braves,draftkings,alternate_spreads,Atlanta Braves,-3.5,4.18
2026-09-25T22:41:18Z,closing,2d3d378044cc538b0a3d77acaacd15a1,2026-09-25T23:11:00Z,Miami Marlins,Atlanta Braves,draftkings,alternate_spreads,Atlanta Braves,-3.0,3.88
2026-09-25T22:41:18Z,closing,2d3d378044cc538b0a3d77acaacd15a1,2026-09-25T23:11:00Z,Miami Marlins,Atlanta Braves,draftkings,alternate_spreads,Atlanta Braves,-2.5,3.12
2026-09-25T22:41:18Z,closing,2d3d378044cc538b0a3d77acaacd15a1,2026-09-25T23:11:00Z,Miami Marlins,Atlanta Braves,draftkings,alternate_spreads,Atlanta Braves,-2.0,2.83
2026-09-25T22:41:18Z,closing,2d3d378044cc538b0a3d77acaacd15a1,2026-09-25T23:11:00Z,Miami Marlins,Atlanta Braves,draftkings,alternate_spreads,Atlanta Braves,-1.0,2.09
2026-09-25T22:41:18Z,closing,2d3d378044cc538b0a3d77acaacd15a1,2026-09-25T23:11:00Z,Miami Marlins,Atlanta Braves,draftkings,alternate_spreads,Atlanta Braves,1.0,1.52
2026-09-25T22:41:18Z,closing,2d3d378044cc538b0a3d77acaacd15a1,2026-09-25T23:11:00Z,Miami Marlins,Atlanta Braves,draftkings,alternate_spreads,Atlanta Braves,1.5,1.38
2026-09-25T22:41:18Z,closing,2d3d378044cc538b0a3d77acaacd15a1,2026-09-25T23:11:00Z,Miami Marlins,Atlanta Braves,draftkings,alternate_spreads,Atlanta Braves,2.0,1.27
2026-09-25T22:41:18Z,closing,2d3d378044cc538b0a3d77acaacd15a1,2026-09-25T23:11:00Z,Miami Marlins,Atlanta Braves,draftkings,alternate_spreads,Atlanta Braves,2.5,1.23
2026-09-25T22:41:18Z,closing,2d3d378044cc538b0a3d77acaacd15a1,2026-09-25T23:11:00Z,Miami Marlins,Atlanta Braves,draftkings,alternate_spreads,Atlanta Braves,3.0,1.15
2026-09-25T22:41:18Z,closing,2d3d378044cc538b0a3d77acaacd15a1,2026-09-25T23:11:00Z,Miami Marlins,Atlanta Braves,draftkings,alternate_spreads,Atlanta Braves,3.5,1.14
2026-09-25T22:41:18Z,closing,2d3d378044cc538b0a3d77acaacd15a1,2026-09-25T23:11:00Z,Miami Marlins,Atlanta Braves,draftkings,alternate_spreads,Atlanta Braves,4.0,1.08
2026-09-25T22:41:18Z,closing,2d3d378044cc538b0a3d77acaacd15a1,2026-09-25T23:11:00Z,Miami Marlins,Atlanta Braves,draftkings,alternate_spreads,Atlanta Braves,4.5,1.08
2026-09-25T22:41:18Z,closing,2d3d378044cc538b0a3d77acaacd15a1,2026-09-25T23:11:00Z,Miami Marlins,Atlanta Braves,draftkings,alternate_spreads,Miami Marlins,5.0,1.07
2026-09-25T22:41:18Z,closing,2d3d378044cc538b0a3d77acaacd15a1,2026-09-25T23:11:00Z,Miami Marlins,Atlanta Braves,draftkings,alternate_spreads,Miami Marlins,4.5,1.13
2026-09-25T22:41:18Z,closing,2d3d378044cc538b0a3d77acaacd15a1,2026-09-25T23:11:00Z,Miami Marlins,Atlanta Braves,draftkings,alternate_spreads,Miami Marlins,4.0,1.14
2026-09-25T22:41:18Z,closing,2d3d378044cc538b0a3d77acaacd15a1,2026-09-25T23:11:00Z,Miami Marlins,Atlanta Braves,draftkings,alternate_spreads,Miami Marlins,3.5,1.21
2026-09-25T22:41:18Z,closing,2d3d378044cc538b0a3d77acaacd15a1,2026-09-25T23:11:00Z,Miami Marlins,Atlanta Braves,draftkings,alternate_spreads,Miami Marlins,3.0,1.24
2026-09-25T22:41:18Z,closing,2d3d378044cc538b0a3d77acaacd15a1,2026-09-25T23:11:00Z,Miami Marlins,Atlanta Braves,draftkings,alternate_spreads,Miami Marlins,2.5,1.34
2026-09-25T22:41:18Z,closing,2d3d378044cc538b0a3d77acaacd15a1,2026-09-25T23:11:00Z,Miami Marlins,Atlanta Braves,draftkings,alternate_spreads,Miami Marlins,2.0,1.4
2026-09-25T22:41:18Z,closing,2d3d378044cc538b0a3d77acaacd15a1,2026-09-25T23:11:00Z,Miami Marlins,Atlanta Braves,draftkings,alternate_spreads,Miami Marlins,1.0,1.7
2026-09-25T22:41:18Z,closing,2d3d378044cc538b0a3d77acaacd15a1,2026-09-25T23:11:00Z,Miami Marlins,Atlanta Braves,draftkings,alternate_spreads,Miami Marlins,-1.0,2.45
2026-09-25T22:41:18Z,closing,2d3d378044cc538b0a3d77acaacd15a1,2026-09-25T23:11:00Z,Miami Marlins,Atlanta Braves,draftkings,alternate_spreads,Miami Marlins,-1.5,2.92
2026-09-25T22:41:18Z,closing,2d3d378044cc538b0a3d77acaacd15a1,2026-09-25T23:11:00Z,Miami Marlins,Atlanta Braves,draftkings,alternate_spreads,Miami Marlins,-2.0,3.64
2026-09-25T22:41:18Z,closing,2d3d378044cc538b0a3d77acaacd15a1,2026-09-25T23:11:00Z,Miami Marlins,Atlanta Braves,draftkings,alternate_spreads,Miami Marlins,-2.5,3.95
2026-09-25T22:41:18Z,closing,2d3d378044cc538b0a3d77acaacd15a1,2026-09-25T23:11:00Z,Miami Marlins,Atlanta Braves,draftkings,alternate_spreads,Miami Marlins,-3.0,5.13
2026-09-25T22:41:18Z,closing,2d3d378044cc538b0a3d77acaacd15a1,2026-09-25T23:11:00Z,Miami Marlins,Atlanta Braves,draftkings,alternate_spreads,Miami Marlins,-3.5,5.44
2026-09-25T22:41:18Z,closing,2d3d378044cc538b0a3d77acaacd15a1,2026-09-25T23:11:00Z,Miami Marlins,Atlanta Braves,draftkings,alternate_spreads,Miami Marlins,-4.0,7.1
2026-09-25T22:41:18Z,closing,2d3d378044cc538b0a3d77acaacd15a1,2026-09-25T23:11:00Z,Miami Marlins,Atlanta Braves,draftkings,alternate_spreads,Miami Marlins,-4.5,7.4
2026-09-25T22:41:18Z,closing,2d3d378044cc538b0a3d77acaacd15a1,2026-09-25T23:11:00Z,Miami Marlins,Atlanta Braves,draftkings,alternate_totals,Over,4.5,1.14
2026-09-25T22:41:18Z,closing,2d3d378044cc538b0a3d77acaacd15a1,2026-09-25T23:11:00Z,Miami Marlins,Atlanta Braves,draftkings,alternate_totals,Over,5.0,1.16
2026-09-25T22:41:18Z,closing,2d3d378044cc538b0a3d77acaacd15a1,2026-09-25T23:11:00Z,Miami Marlins,Atlanta Braves,draftkings,alternate_totals,Over,5.5,1.3
2026-09-25T22:41:18Z,closing,2d3d378044cc538b0a3d77acaacd15a1,2026-09-25T23:11:00Z,Miami Marlins,Atlanta Braves,draftkings,alternate_totals,Over,6.0,1.34
2026-09-25T22:41:18Z,closing,2d3d378044cc538b0a3d77acaacd15a1,2026-09-25T23:11:00Z,Miami Marlins,Atlanta Braves,draftkings,alternate_totals,Over,6.5,1.44
2026-09-25T22:41:18Z,closing,2d3d378044cc538b0a3d77acaacd15a1,2026-09-25T23:11:00Z,Miami Marlins,Atlanta Braves,draftkings,alternate_totals,Over,7.0,1.53
2026-09-25T22:41:18Z,closing,2d3d378044cc538b0a3d77acaacd15a1,2026-09-25T23:11:00Z,Miami Marlins,Atlanta Braves,draftkings,alternate_totals,Over,7.5,1.72
2026-09-25T22:41:18Z,closing,2d3d378044cc538b0a3d77acaacd15a1,2026-09-25T23:11:00Z,Miami Marlins,Atlanta Braves,draftkings,alternate_totals,Over,8.5,1.99
2026-09-25T22:41:18Z,closing,2d3d378044cc538b0a3d77acaacd15a1,2026-09-25T23:11:00Z,Miami Marlins,Atlanta Braves,draftkings,alternate_totals,Over,9.0,2.26
2026-09-25T22:41:18Z,closing,2d3d378044cc538b0a3d77acaacd15a1,2026-09-25T23:11:00Z,Miami Marlins,Atlanta Braves,draftkings,alternate_totals,Over,9.5,2.5
2026-09-25T22:41:18Z,closing,2d3d378044cc538b0a3d77acaacd15a1,2026-09-25T23:11:00Z,Miami Marlins,Atlanta Braves,draftkings,alternate_totals,Over,10.0,2.82
2026-09-25T22:41:18Z,closing,2d3d378044cc538b0a3d77acaacd15a1,2026-09-25T23:11:00Z,Miami Marlins,Atlanta Braves,draftkings,alternate_totals,Over,10.5,3.0
2026-09-25T22:41:18Z,closing,2d3d378044cc538b0a3d77acaacd15a1,2026-09-25T23:11:00Z,Miami Marlins,Atlanta Braves,draftkings,alternate_totals,Over,11.0,3.66
2026-09-25T22:41:18Z,closing,2d3d378044cc538b0a3d77acaacd15a1,2026-09-25T23:11:00Z,Miami Marlins,Atlanta Braves,draftkings,alternate_totals,Over,11.5,3.94
2026-09-25T22:41:18Z,closing,2d3d378044cc538b0a3d77acaacd15a1,2026-09-25T23:11:00Z,Miami Marlins,Atlanta Braves,draftkings,alternate_totals,Over,12.0,4.63
2026-09-25T22:41:18Z,closing,2d3d378044cc538b0a3d77acaacd15a1,2026-09-25T23:11:00Z,Miami Marlins,Atlanta Braves,draftkings,alternate_totals,Over,12.5,4.82
2026-09-25T22:41:18Z,closing,2d3d378044cc538b0a3d77acaacd15a1,2026-09-25T23:11:00Z,Miami Marlins,Atlanta Braves,draftkings,alternate_totals,Under,4.5,5.35
2026-09-25T22:41:18Z,closing,2d3d378044cc538b0a3d77acaacd15a1,2026-09-25T23:11:00Z,Miami Marlins,Atlanta Braves,draftkings,alternate_totals,Under,5.0,4.87
2026-09-25T22:41:18Z,closing,2d3d378044cc538b0a3d77acaacd15a1,2026-09-25T23:11:00Z,Miami Marlins,Atlanta Braves,draftkings,alternate_totals,Under,5.5,3.39
2026-09-25T22:41:18Z,closing,2d3d378044cc538b0a3d77acaacd15a1,2026-09-25T23:11:00Z,Miami Marlins,Atlanta Braves,draftkings,alternate_totals,Under,6.0,3.17
2026-09-25T22:41:18Z,closing,2d3d378044cc538b0a3d77acaacd15a1,2026-09-25T23:11:00Z,Miami Marlins,Atlanta Braves,draftkings,alternate_totals,Under,6.5,2.71
2026-09-25T22:41:18Z,closing,2d3d378044cc538b0a3d77acaacd15a1,2026-09-25T23:11:00Z,Miami Marlins,Atlanta Braves,draftkings,alternate_totals,Under,7.0,2.43
2026-09-25T22:41:18Z,closing,2d3d378044cc538b0a3d77acaacd15a1,2026-09-25T23:11:00Z,Miami Marlins,Atlanta Braves,draftkings,alternate_totals,Under,7.5,2.07
2026-09-25T22:41:18Z,closing,2d3d378044cc538b0a3d77acaacd15a1,2026-09-25T23:11:00Z,Miami Marlins,Atlanta Braves,draftkings,alternate_totals,Under,8.5,1.78
2026-09-25T22:41:18Z,closing,2d3d378044cc538b0a3d77acaacd15a1,2026-09-25T23:11:00Z,Miami Marlins,Atlanta Braves,draftkings,alternate_totals,Under,9.0,1.61
2026-09-25T22:41:18Z,closing,2d3d378044cc538b0a3d77acaacd15a1,2026-09-25T23:11:00Z,Miami Marlins,Atlanta Braves,draftkings,alternate_totals,Under,9.5,1.51
2026-09-25T22:41:18Z,closing,2d3d378044cc538b0a3d77acaacd15a1,2026-09-25T23:11:00Z,Miami Marlins,Atlanta Braves,draftkings,alternate_totals,Under,10.0,1.41
2026-09-25T22:41:18Z,closing,2d3d378044cc538b0a3d77acaacd15a1,2026-09-25T23:11:00Z,Miami Marlins,Atlanta Braves,draftkings,alternate_totals,Under,10.5,1.37
2026-09-25T22:41:18Z,closing,2d3d378044cc538b0a3d77acaacd15a1,2026-09-25T23:11:00Z,Miami Marlins,Atlanta Braves,draftkings,alternate_totals,Under,11.0,1.26
2026-09-25T22:41:18Z,closing,2d3d378044cc538b0a3d77acaacd15a1,2026-09-25T23:11:00Z,Miami Marlins,Atlanta Braves,draftkings,alternate_totals,Under,11.5,1.23
2026-09-25T22:41:18Z,closing,2d3d378044cc538b0a3d77acaacd15a1,2026-09-25T23:11:00Z,Miami Marlins,Atlanta Braves,draftkings,alternate_totals,Under,12.0,1.18
2026-09-25T22:41:18Z,closing,2d3d378044cc538b0a3d77acaacd15a1,2026-09-25T23:11:00Z,Miami Marlins,Atlanta Braves,draftkings,alternate_totals,Under,12.5,1.17
2026-09-25T22:41:18Z,closing,2d3d378044cc538b0a3d77acaacd15a1,2026-09-25T23:11:00Z,Miami Marlins,Atlanta Braves,coolbet,alternate_spreads,Atlanta Braves,-3.5,4.1
2026-09-25T22:41:18Z,closing,2d3d378044cc538b0a3d77acaacd15a1,2026-09-25T23:11:00Z,Miami Marlins,Atlanta Braves,coolbet,alternate_spreads,Atlanta Braves,-2.5,3.1
2026-09-25T22:41:18Z,closing,2d3d378044cc538b0a3d77acaacd15a1,2026-09-25T23:11:00Z,Miami Marlins,Atlanta Braves,coolbet,alternate_spreads,Atlanta Braves,-1.5,2.42
2026-09-25T22:41:18Z,closing,2d3d378044cc538b0a3d77acaacd15a1,2026-09-25T23:11:00Z,Miami Marlins,Atlanta Braves,coolbet,alternate_spreads,Atlanta Braves,1.5,1.43
2026-09-25T22:41:18Z,closing,2d3d378044cc538b0a3d77acaacd15a1,2026-09-25T23:11:00Z,Miami Marlins,Atlanta Braves,coolbet,alternate_spreads,Atlanta Braves,2.5,1.26
2026-09-25T22:41:18Z,closing,2d3d378044cc538b0a3d77acaacd15a1,2026-09-25T23:11:00Z,Miami Marlins,Atlanta Braves,coolbet,alternate_spreads,Miami Marlins,3.5,1.24
2026-09-25T22:41:18Z,closing,2d3d378044cc538b0a3d77acaacd15a1,2026-09-25T23:11:00Z,Miami Marlins,Atlanta Braves,coolbet,alternate_spreads,Miami Marlins,2.5,1.37
2026-09-25T22:41:18Z,closing,2d3d378044cc538b0a3d77acaacd15a1,2026-09-25T23:11:00Z,Miami Marlins,Atlanta Braves,coolbet,alternate_spreads,Miami Marlins,1.5,1.57
2026-09-25T22:41:18Z,closing,2d3d378044cc538b0a3d77acaacd15a1,2026-09-25T23:11:00Z,Miami Marlins,Atlanta Braves,coolbet,alternate_spreads,Miami Marlins,-1.5,2.85
2026-09-25T22:41:18Z,closing,2d3d378044cc538b0a3d77acaacd15a1,2026-09-25T23:11:00Z,Miami Marlins,Atlanta Braves,coolbet,alternate_spreads,Miami Marlins,-2.5,3.9
2026-09-25T22:41:18Z,closing,2d3d378044cc538b0a3d77acaacd15a1,2026-09-25T23:11:00Z,Miami Marlins,Atlanta Braves,coolbet,alternate_totals,Over,9.5,2.55
2026-09-25T22:41:18Z,closing,2d3d378044cc538b0a3d77acaacd15a1,2026-09-25T23:11:00Z,Miami Marlins,Atlanta Braves,coolbet,alternate_totals,Over,9.0,2.33
2026-09-25T22:41:18Z,closing,2d3d378044cc538b0a3d77acaacd15a1,2026-09-25T23:11:00Z,Miami Marlins,Atlanta Braves,coolbet,alternate_totals,Over,8.0,1.89
2026-09-25T22:41:18Z,closing,2d3d378044cc538b0a3d77acaacd15a1,2026-09-25T23:11:00Z,Miami Marlins,Atlanta Braves,coolbet,alternate_totals,Over,7.0,1.57
2026-09-25T22:41:18Z,closing,2d3d378044cc538b0a3d77acaacd15a1,2026-09-25T23:11:00Z,Miami Marlins,Atlanta Braves,coolbet,alternate_totals,Over,7.5,1.76
2026-09-25T22:41:18Z,closing,2d3d378044cc538b0a3d77acaacd15a1,2026-09-25T23:11:00Z,Miami Marlins,Atlanta Braves,coolbet,alternate_totals,Over,6.5,1.47
2026-09-25T22:41:18Z,closing,2d3d378044cc538b0a3d77acaacd15a1,2026-09-25T23:11:00Z,Miami Marlins,Atlanta Braves,coolbet,alternate_totals,Over,8.5,2.05
2026-09-25T22:41:18Z,closing,2d3d378044cc538b0a3d77acaacd15a1,2026-09-25T23:11:00Z,Miami Marlins,Atlanta Braves,coolbet,alternate_totals,Under,9.5,1.52
2026-09-25T22:41:18Z,closing,2d3d378044cc538b0a3d77acaacd15a1,2026-09-25T23:11:00Z,Miami Marlins,Atlanta Braves,coolbet,alternate_totals,Under,9.0,1.61
2026-09-25T22:41:18Z,closing,2d3d378044cc538b0a3d77acaacd15a1,2026-09-25T23:11:00Z,Miami Marlins,Atlanta Braves,coolbet,alternate_totals,Under,8.0,1.92
2026-09-25T22:41:18Z,closing,2d3d378044cc538b0a3d77acaacd15a1,2026-09-25T23:11:00Z,Miami Marlins,Atlanta Braves,coolbet,alternate_totals,Under,7.0,2.42
2026-09-25T22:41:18Z,closing,2d3d378044cc538b0a3d77acaacd15a1,2026-09-25T23:11:00Z,Miami Marlins,Atlanta Braves,coolbet,alternate_totals,Under,7.5,2.08
2026-09-25T22:41:18Z,closing,2d3d378044cc538b0a3d77acaacd15a1,2026-09-25T23:11:00Z,Miami Marlins,Atlanta Braves,coolbet,alternate_totals,Under,6.5,2.7
2026-09-25T22:41:18Z,closing,2d3d378044cc538b0a3d77acaacd15a1,2026-09-25T23:11:00Z,Miami Marlins,Atlanta Braves,coolbet,alternate_totals,Under,8.5,1.78
2026-09-25T22:41:18Z,closing,2d3d378044cc538b0a3d77acaacd15a1,2026-09-25T23:11:00Z,Miami Marlins,Atlanta Braves,betmgm,alternate_spreads,Atlanta Braves,2.5,1.22
2026-09-25T22:41:18Z,closing,2d3d378044cc538b0a3d77acaacd15a1,2026-09-25T23:11:00Z,Miami Marlins,Atlanta Braves,betmgm,alternate_spreads,Atlanta Braves,1.5,1.4
2026-09-25T22:41:18Z,closing,2d3d378044cc538b0a3d77acaacd15a1,2026-09-25T23:11:00Z,Miami Marlins,Atlanta Braves,betmgm,alternate_spreads,Atlanta Braves,-1.5,2.45
2026-09-25T22:41:18Z,closing,2d3d378044cc538b0a3d77acaacd15a1,2026-09-25T23:11:00Z,Miami Marlins,Atlanta Braves,betmgm,alternate_spreads,Atlanta Braves,-2.5,3.2
2026-09-25T22:41:18Z,closing,2d3d378044cc538b0a3d77acaacd15a1,2026-09-25T23:11:00Z,Miami Marlins,Atlanta Braves,betmgm,alternate_spreads,Atlanta Braves,3.5,1.13
2026-09-25T22:41:18Z,closing,2d3d378044cc538b0a3d77acaacd15a1,2026-09-25T23:11:00Z,Miami Marlins,Atlanta Braves,betmgm,alternate_spreads,Atlanta Braves,-3.5,4.25
2026-09-25T22:41:18Z,closing,2d3d378044cc538b0a3d77acaacd15a1,2026-09-25T23:11:00Z,Miami Marlins,Atlanta Braves,betmgm,alternate_spreads,Miami Marlins,-2.5,4.0
2026-09-25T22:41:18Z,closing,2d3d378044cc538b0a3d77acaacd15a1,2026-09-25T23:11:00Z,Miami Marlins,Atlanta Braves,betmgm,alternate_spreads,Miami Marlins,-1.5,2.85
2026-09-25T22:41:18Z,closing,2d3d378044cc538b0a3d77acaacd15a1,2026-09-25T23:11:00Z,Miami Marlins,Atlanta Braves,betmgm,alternate_spreads,Miami Marlins,1.5,1.57
2026-09-25T22:41:18Z,closing,2d3d378044cc538b0a3d77acaacd15a1,2026-09-25T23:11:00Z,Miami Marlins,Atlanta Braves,betmgm,alternate_spreads,Miami Marlins,2.5,1.33
2026-09-25T22:41:18Z,closing,2d3d378044cc538b0a3d77acaacd15a1,2026-09-25T23:11:00Z,Miami Marlins,Atlanta Braves,betmgm,alternate_spreads,Miami Marlins,-3.5,5.5
2026-09-25T22:41:18Z,closing,2d3d378044cc538b0a3d77acaacd15a1,2026-09-25T23:11:00Z,Miami Marlins,Atlanta Braves,betmgm,alternate_spreads,Miami Marlins,3.5,1.2
2026-09-25T22:41:18Z,closing,2d3d378044cc538b0a3d77acaacd15a1,2026-09-25T23:11:00Z,Miami Marlins,Atlanta Braves,betmgm,alternate_totals,Over,3.5,1.07
2026-09-25T22:41:18Z,closing,2d3d378044cc538b0a3d77acaacd15a1,2026-09-25T23:11:00Z,Miami Marlins,Atlanta Braves,betmgm,alternate_totals,Over,4.0,1.08
2026-09-25T22:41:18Z,closing,2d3d378044cc538b0a3d77acaacd15a1,2026-09-25T23:11:00Z,Miami Marlins,Atlanta Braves,betmgm,alternate_totals,Over,4.5,1.13
2026-09-25T22:41:18Z,closing,2d3d378044cc538b0a3d77acaacd15a1,2026-09-25T23:11:00Z,Miami Marlins,Atlanta Braves,betmgm,alternate_totals,Over,5.0,1.15
2026-09-25T22:41:18Z,closing,2d3d378044cc538b0a3d77acaacd15a1,2026-09-25T23:11:00Z,Miami Marlins,Atlanta Braves,betmgm,alternate_totals,Over,5.5,1.27
2026-09-25T22:41:18Z,closing,2d3d378044cc538b0a3d77acaacd15a1,2026-09-25T23:11:00Z,Miami Marlins,Atlanta Braves,betmgm,alternate_totals,Over,6.0,1.31
2026-09-25T22:41:18Z,closing,2d3d378044cc538b0a3d77acaacd15a1,2026-09-25T23:11:00Z,Miami Marlins,Atlanta Braves,betmgm,alternate_totals,Over,6.5,1.4
2026-09-25T22:41:18Z,closing,2d3d378044cc538b0a3d77acaacd15a1,2026-09-25T23:11:00Z,Miami Marlins,Atlanta Braves,betmgm,alternate_totals,Over,7.0,1.5
2026-09-25T22:41:18Z,closing,2d3d378044cc538b0a3d77acaacd15a1,2026-09-25T23:11:00Z,Miami Marlins,Atlanta Braves,betmgm,alternate_totals,Over,7.5,1.71
2026-09-25T22:41:18Z,closing,2d3d378044cc538b0a3d77acaacd15a1,2026-09-25T23:11:00Z,Miami Marlins,Atlanta Braves,betmgm,alternate_totals,Over,8.0,1.91
2026-09-25T22:41:18Z,closing,2d3d378044cc538b0a3d77acaacd15a1,2026-09-25T23:11:00Z,Miami Marlins,Atlanta Braves,betmgm,alternate_totals,Over,8.5,2.05
2026-09-25T22:41:18Z,closing,2d3d378044cc538b0a3d77acaacd15a1,2026-09-25T23:11:00Z,Miami Marlins,Atlanta Braves,betmgm,alternate_totals,Over,9.0,2.4
2026-09-25T22:41:18Z,closing,2d3d378044cc538b0a3d77acaacd15a1,2026-09-25T23:11:00Z,Miami Marlins,Atlanta Braves,betmgm,alternate_totals,Over,9.5,2.7
2026-09-25T22:41:18Z,closing,2d3d378044cc538b0a3d77acaacd15a1,2026-09-25T23:11:00Z,Miami Marlins,Atlanta Braves,betmgm,alternate_totals,Over,10.0,3.0
2026-09-25T22:41:18Z,closing,2d3d378044cc538b0a3d77acaacd15a1,2026-09-25T23:11:00Z,Miami Marlins,Atlanta Braves,betmgm,alternate_totals,Over,10.5,3.2
2026-09-25T22:41:18Z,closing,2d3d378044cc538b0a3d77acaacd15a1,2026-09-25T23:11:00Z,Miami Marlins,Atlanta Braves,betmgm,alternate_totals,Over,11.0,4.0
2026-09-25T22:41:18Z,closing,2d3d378044cc538b0a3d77acaacd15a1,2026-09-25T23:11:00Z,Miami Marlins,Atlanta Braves,betmgm,alternate_totals,Over,11.5,4.25
2026-09-25T22:41:18Z,closing,2d3d378044cc538b0a3d77acaacd15a1,2026-09-25T23:11:00Z,Miami Marlins,Atlanta Braves,betmgm,alternate_totals,Over,12.0,5.0
2026-09-25T22:41:18Z,closing,2d3d378044cc538b0a3d77acaacd15a1,2026-09-25T23:11:00Z,Miami Marlins,Atlanta Braves,betmgm,alternate_totals,Over,12.5,5.25
2026-09-25T22:41:18Z,closing,2d3d378044cc538b0a3d77acaacd15a1,2026-09-25T23:11:00Z,Miami Marlins,Atlanta Braves,betmgm,alternate_totals,Over,13.0,6.75
2026-09-25T22:41:18Z,closing,2d3d378044cc538b0a3d77acaacd15a1,2026-09-25T23:11:00Z,Miami Marlins,Atlanta Braves,betmgm,alternate_totals,Over,13.5,7.0
2026-09-25T22:41:18Z,closing,2d3d378044cc538b0a3d77acaacd15a1,2026-09-25T23:11:00Z,Miami Marlins,Atlanta Braves,betmgm,alternate_totals,Over,2.5,1.01
2026-09-25T22:41:18Z,closing,2d3d378044cc538b0a3d77acaacd15a1,2026-09-25T23:11:00Z,Miami Marlins,Atlanta Braves,betmgm,alternate_totals,Over,3.0,1.01
2026-09-25T22:41:18Z,closing,2d3d378044cc538b0a3d77acaacd15a1,2026-09-25T23:11:00Z,Miami Marlins,Atlanta Braves,betmgm,alternate_totals,Under,3.5,7.75
2026-09-25T22:41:18Z,closing,2d3d378044cc538b0a3d77acaacd15a1,2026-09-25T23:11:00Z,Miami Marlins,Atlanta Braves,betmgm,alternate_totals,Under,4.0,7.25
2026-09-25T22:41:18Z,closing,2d3d378044cc538b0a3d77acaacd15a1,2026-09-25T23:11:00Z,Miami Marlins,Atlanta Braves,betmgm,alternate_totals,Under,4.5,5.5
2026-09-25T22:41:18Z,closing,2d3d378044cc538b0a3d77acaacd15a1,2026-09-25T23:11:00Z,Miami Marlins,Atlanta Braves,betmgm,alternate_totals,Under,5.0,5.0
2026-09-25T22:41:18Z,closing,2d3d378044cc538b0a3d77acaacd15a1,2026-09-25T23:11:00Z,Miami Marlins,Atlanta Braves,betmgm,alternate_totals,Under,5.5,3.7
2026-09-25T22:41:18Z,closing,2d3d378044cc538b0a3d77acaacd15a1,2026-09-25T23:11:00Z,Miami Marlins,Atlanta Braves,betmgm,alternate_totals,Under,6.0,3.4
2026-09-25T22:41:18Z,closing,2d3d378044cc538b0a3d77acaacd15a1,2026-09-25T23:11:00Z,Miami Marlins,Atlanta Braves,betmgm,alternate_totals,Under,6.5,2.85
2026-09-25T22:41:18Z,closing,2d3d378044cc538b0a3d77acaacd15a1,2026-09-25T23:11:00Z,Miami Marlins,Atlanta Braves,betmgm,alternate_totals,Under,7.0,2.5
2026-09-25T22:41:18Z,closing,2d3d378044cc538b0a3d77acaacd15a1,2026-09-25T23:11:00Z,Miami Marlins,Atlanta Braves,betmgm,alternate_totals,Under,7.5,2.05
2026-09-25T22:41:18Z,closing,2d3d378044cc538b0a3d77acaacd15a1,2026-09-25T23:11:00Z,Miami Marlins,Atlanta Braves,betmgm,alternate_totals,Under,8.0,1.91
2026-09-25T22:41:18Z,closing,2d3d378044cc538b0a3d77acaacd15a1,2026-09-25T23:11:00Z,Miami Marlins,Atlanta Braves,betmgm,alternate_totals,Under,8.5,1.71
2026-09-25T22:41:18Z,closing,2d3d378044cc538b0a3d77acaacd15a1,2026-09-25T23:11:00Z,Miami Marlins,Atlanta Braves,betmgm,alternate_totals,Under,9.0,1.54
2026-09-25T22:41:18Z,closing,2d3d378044cc538b0a3d77acaacd15a1,2026-09-25T23:11:00Z,Miami Marlins,Atlanta Braves,betmgm,alternate_totals,Under,9.5,1.44
2026-09-25T22:41:18Z,closing,2d3d378044cc538b0a3d77acaacd15a1,2026-09-25T23:11:00Z,Miami Marlins,Atlanta Braves,betmgm,alternate_totals,Under,10.0,1.36
2026-09-25T22:41:18Z,closing,2d3d378044cc538b0a3d77acaacd15a1,2026-09-25T23:11:00Z,Miami Marlins,Atlanta Braves,betmgm,alternate_totals,Under,10.5,1.33
2026-09-25T22:41:18Z,closing,2d3d378044cc538b0a3d77acaacd15a1,2026-09-25T23:11:00Z,Miami Marlins,Atlanta Braves,betmgm,alternate_totals,Under,11.0,1.22
2026-09-25T22:41:18Z,closing,2d3d378044cc538b0a3d77acaacd15a1,2026-09-25T23:11:00Z,Miami Marlins,Atlanta Braves,betmgm,alternate_totals,Under,11.5,1.21
2026-09-25T22:41:18Z,closing,2d3d378044cc538b0a3d77acaacd15a1,2026-09-25T23:11:00Z,Miami Marlins,Atlanta Braves,betmgm,alternate_totals,Under,12.0,1.16
2026-09-25T22:41:18Z,closing,2d3d378044cc538b0a3d77acaacd15a1,2026-09-25T23:11:00Z,Miami Marlins,Atlanta Braves,betmgm,alternate_totals,Under,12.5,1.14
2026-09-25T22:41:18Z,closing,2d3d378044cc538b0a3d77acaacd15a1,2026-09-25T23:11:00Z,Miami Marlins,Atlanta Braves,betmgm,alternate_totals,Under,13.0,1.09
2026-09-25T22:41:18Z,closing,2d3d378044cc538b0a3d77acaacd15a1,2026-09-25T23:11:00Z,Miami Marlins,Atlanta Braves,betmgm,alternate_totals,Under,13.5,1.09
2026-09-25T22:41:18Z,closing,2d3d378044cc538b0a3d77acaacd15a1,2026-09-25T23:11:00Z,Miami Marlins,Atlanta Braves,betmgm,alternate_totals,Under,2.5,14.0
2026-09-25T22:41:18Z,closing,2d3d378044cc538b0a3d77acaacd15a1,2026-09-25T23:11:00Z,Miami Marlins,Atlanta Braves,betmgm,alternate_totals,Under,3.0,13.0
2026-09-25T22:41:18Z,closing,2d3d378044cc538b0a3d77acaacd15a1,2026-09-25T23:11:00Z,Miami Marlins,Atlanta Braves,betrivers,alternate_spreads,Atlanta Braves,1.5,1.45
2026-09-25T22:41:18Z,closing,2d3d378044cc538b0a3d77acaacd15a1,2026-09-25T23:11:00Z,Miami Marlins,Atlanta Braves,betrivers,alternate_spreads,Atlanta Braves,-2.5,3.0
2026-09-25T22:41:18Z,closing,2d3d378044cc538b0a3d77acaacd15a1,2026-09-25T23:11:00Z,Miami Marlins,Atlanta Braves,betrivers,alternate_spreads,Atlanta Braves,-1.5,2.33
2026-09-25T22:41:18Z,closing,2d3d378044cc538b0a3d77acaacd15a1,2026-09-25T23:11:00Z,Miami Marlins,Atlanta Braves,betrivers,alternate_spreads,Atlanta Braves,-3.0,3.6
2026-09-25T22:41:18Z,closing,2d3d378044cc538b0a3d77acaacd15a1,2026-09-25T23:11:00Z,Miami Marlins,Atlanta Braves,betrivers,alternate_spreads,Atlanta Braves,-2.0,2.75
2026-09-25T22:41:18Z,closing,2d3d378044cc538b0a3d77acaacd15a1,2026-09-25T23:11:00Z,Miami Marlins,Atlanta Braves,betrivers,alternate_spreads,Atlanta Braves,2.0,1.32
2026-09-25T22:41:18Z,closing,2d3d378044cc538b0a3d77acaacd15a1,2026-09-25T23:11:00Z,Miami Marlins,Atlanta Braves,betrivers,alternate_spreads,Miami Marlins,-1.5,2.75
2026-09-25T22:41:18Z,closing,2d3d378044cc538b0a3d77acaacd15a1,2026-09-25T23:11:00Z,Miami Marlins,Atlanta Braves,betrivers,alternate_spreads,Miami Marlins,2.5,1.4
2026-09-25T22:41:18Z,closing,2d3d378044cc538b0a3d77acaacd15a1,2026-09-25T23:11:00Z,Miami Marlins,Atlanta Braves,betrivers,alternate_spreads,Miami Marlins,1.5,1.61
2026-09-25T22:41:18Z,closing,2d3d378044cc538b0a3d77acaacd15a1,2026-09-25T23:11:00Z,Miami Marlins,Atlanta Braves,betrivers,alternate_spreads,Miami Marlins,3.0,1.3
2026-09-25T22:41:18Z,closing,2d3d378044cc538b0a3d77acaacd15a1,2026-09-25T23:11:00Z,Miami Marlins,Atlanta Braves,betrivers,alternate_spreads,Miami Marlins,2.0,1.47
2026-09-25T22:41:18Z,closing,2d3d378044cc538b0a3d77acaacd15a1,2026-09-25T23:11:00Z,Miami Marlins,Atlanta Braves,betrivers,alternate_spreads,Miami Marlins,-2.0,3.4
2026-09-25T22:41:18Z,closing,2d3d378044cc538b0a3d77acaacd15a1,2026-09-25T23:11:00Z,Miami Marlins,Atlanta Braves,betrivers,alternate_totals,Over,8.5,2.0
2026-09-25T22:41:18Z,closing,2d3d378044cc538b0a3d77acaacd15a1,2026-09-25T23:11:00Z,Miami Marlins,Atlanta Braves,betrivers,alternate_totals,Over,9.5,2.45
2026-09-25T22:41:18Z,closing,2d3d378044cc538b0a3d77acaacd15a1,2026-09-25T23:11:00Z,Miami Marlins,Atlanta Braves,betrivers,alternate_totals,Over,6.5,1.5
2026-09-25T22:41:18Z,closing,2d3d378044cc538b0a3d77acaacd15a1,2026-09-25T23:11:00Z,Miami Marlins,Atlanta Braves,betrivers,alternate_totals,Over,6.0,1.36
2026-09-25T22:41:18Z,closing,2d3d378044cc538b0a3d77acaacd15a1,2026-09-25T23:11:00Z,Miami Marlins,Atlanta Braves,betrivers,alternate_totals,Over,12.5,4.3
2026-09-25T22:41:18Z,closing,2d3d378044cc538b0a3d77acaacd15a1,2026-09-25T23:11:00Z,Miami Marlins,Atlanta Braves,betrivers,alternate_totals,Over,11.5,3.6
2026-09-25T22:41:18Z,closing,2d3d378044cc538b0a3d77acaacd15a1,2026-09-25T23:11:00Z,Miami Marlins,Atlanta Braves,betrivers,alternate_totals,Over,5.5,1.35
2026-09-25T22:41:18Z,closing,2d3d378044cc538b0a3d77acaacd15a1,2026-09-25T23:11:00Z,Miami Marlins,Atlanta Braves,betrivers,alternate_totals,Over,7.5,1.75
2026-09-25T22:41:18Z,closing,2d3d378044cc538b0a3d77acaacd15a1,2026-09-25T23:11:00Z,Miami Marlins,Atlanta Braves,betrivers,alternate_totals,Over,13.0,4.7
2026-09-25T22:41:18Z,closing,2d3d378044cc538b0a3d77acaacd15a1,2026-09-25T23:11:00Z,Miami Marlins,Atlanta Braves,betrivers,alternate_totals,Over,12.0,3.8
2026-09-25T22:41:18Z,closing,2d3d378044cc538b0a3d77acaacd15a1,2026-09-25T23:11:00Z,Miami Marlins,Atlanta Braves,betrivers,alternate_totals,Over,11.0,3.15
2026-09-25T22:41:18Z,closing,2d3d378044cc538b0a3d77acaacd15a1,2026-09-25T23:11:00Z,Miami Marlins,Atlanta Braves,betrivers,alternate_totals,Over,8.0,1.8
2026-09-25T22:41:18Z,closing,2d3d378044cc538b0a3d77acaacd15a1,2026-09-25T23:11:00Z,Miami Marlins,Atlanta Braves,betrivers,alternate_totals,Over,10.0,2.6
2026-09-25T22:41:18Z,closing,2d3d378044cc538b0a3d77acaacd15a1,2026-09-25T23:11:00Z,Miami Marlins,Atlanta Braves,betrivers,alternate_totals,Over,9.0,2.15
2026-09-25T22:41:18Z,closing,2d3d378044cc538b0a3d77acaacd15a1,2026-09-25T23:11:00Z,Miami Marlins,Atlanta Braves,betrivers,alternate_totals,Over,7.0,1.54
2026-09-25T22:41:18Z,closing,2d3d378044cc538b0a3d77acaacd15a1,2026-09-25T23:11:00Z,Miami Marlins,Atlanta Braves,betrivers,alternate_totals,Over,10.5,2.9
2026-09-25T22:41:18Z,closing,2d3d378044cc538b0a3d77acaacd15a1,2026-09-25T23:11:00Z,Miami Marlins,Atlanta Braves,betrivers,alternate_totals,Under,8.5,1.81
2026-09-25T22:41:18Z,closing,2d3d378044cc538b0a3d77acaacd15a1,2026-09-25T23:11:00Z,Miami Marlins,Atlanta Braves,betrivers,alternate_totals,Under,9.5,1.56
2026-09-25T22:41:18Z,closing,2d3d378044cc538b0a3d77acaacd15a1,2026-09-25T23:11:00Z,Miami Marlins,Atlanta Braves,betrivers,alternate_totals,Under,6.5,2.63
2026-09-25T22:41:18Z,closing,2d3d378044cc538b0a3d77acaacd15a1,2026-09-25T23:11:00Z,Miami Marlins,Atlanta Braves,betrivers,alternate_totals,Under,6.0,2.85
2026-09-25T22:41:18Z,closing,2d3d378044cc538b0a3d77acaacd15a1,2026-09-25T23:11:00Z,Miami Marlins,Atlanta Braves,betrivers,alternate_totals,Under,12.5,1.23
2026-09-25T22:41:18Z,closing,2d3d378044cc538b0a3d77acaacd15a1,2026-09-25T23:11:00Z,Miami Marlins,Atlanta Braves,betrivers,alternate_totals,Under,11.5,1.3
2026-09-25T22:41:18Z,closing,2d3d378044cc538b0a3d77acaacd15a1,2026-09-25T23:11:00Z,Miami Marlins,Atlanta Braves,betrivers,alternate_totals,Under,5.5,3.25
2026-09-25T22:41:18Z,closing,2d3d378044cc538b0a3d77acaacd15a1,2026-09-25T23:11:00Z,Miami Marlins,Atlanta Braves,betrivers,alternate_totals,Under,7.5,2.08
2026-09-25T22:41:18Z,closing,2d3d378044cc538b0a3d77acaacd15a1,2026-09-25T23:11:00Z,Miami Marlins,Atlanta Braves,betrivers,alternate_totals,Under,13.0,1.14
2026-09-25T22:41:18Z,closing,2d3d378044cc538b0a3d77acaacd15a1,2026-09-25T23:11:00Z,Miami Marlins,Atlanta Braves,betrivers,alternate_totals,Under,12.0,1.21
2026-09-25T22:41:18Z,closing,2d3d378044cc538b0a3d77acaacd15a1,2026-09-25T23:11:00Z,Miami Marlins,Atlanta Braves,betrivers,alternate_totals,Under,11.0,1.3
2026-09-25T22:41:18Z,closing,2d3d378044cc538b0a3d77acaacd15a1,2026-09-25T23:11:00Z,Miami Marlins,Atlanta Braves,betrivers,alternate_totals,Under,8.0,1.87
2026-09-25T22:41:18Z,closing,2d3d378044cc538b0a3d77acaacd15a1,2026-09-25T23:11:00Z,Miami Marlins,Atlanta Braves,betrivers,alternate_totals,Under,10.0,1.43
2026-09-25T22:41:18Z,closing,2d3d378044cc538b0a3d77acaacd15a1,2026-09-25T23:11:00Z,Miami Marlins,Atlanta Braves,betrivers,alternate_totals,Under,9.0,1.61
2026-09-25T22:41:18Z,closing,2d3d378044cc538b0a3d77acaacd15a1,2026-09-25T23:11:00Z,Miami Marlins,Atlanta Braves,betrivers,alternate_totals,Under,7.0,2.28
2026-09-25T22:41:18Z,closing,2d3d378044cc538b0a3d77acaacd15a1,2026-09-25T23:11:00Z,Miami Marlins,Atlanta Braves,betrivers,alternate_totals,Under,10.5,1.42
2026-09-25T22:41:18Z,closing,2d3d378044cc538b0a3d77acaacd15a1,2026-09-25T23:11:00Z,Miami Marlins,Atlanta Braves,pinnacle,alternate_spreads,Atlanta Braves,-1.5,2.51
2026-09-25T22:41:18Z,closing,2d3d378044cc538b0a3d77acaacd15a1,2026-09-25T23:11:00Z,Miami Marlins,Atlanta Braves,pinnacle,alternate_spreads,Atlanta Braves,-3.0,4.03
2026-09-25T22:41:18Z,closing,2d3d378044cc538b0a3d77acaacd15a1,2026-09-25T23:11:00Z,Miami Marlins,Atlanta Braves,pinnacle,alternate_spreads,Atlanta Braves,-2.5,3.27
2026-09-25T22:41:18Z,closing,2d3d378044cc538b0a3d77acaacd15a1,2026-09-25T23:11:00Z,Miami Marlins,Atlanta Braves,pinnacle,alternate_spreads,Atlanta Braves,-2.0,2.99
2026-09-25T22:41:18Z,closing,2d3d378044cc538b0a3d77acaacd15a1,2026-09-25T23:11:00Z,Miami Marlins,Atlanta Braves,pinnacle,alternate_spreads,Atlanta Braves,-1.0,2.19
2026-09-25T22:41:18Z,closing,2d3d378044cc538b0a3d77acaacd15a1,2026-09-25T23:11:00Z,Miami Marlins,Atlanta Braves,pinnacle,alternate_spreads,Atlanta Braves,1.0,1.56
2026-09-25T22:41:18Z,closing,2d3d378044cc538b0a3d77acaacd15a1,2026-09-25T23:11:00Z,Miami Marlins,Atlanta Braves,pinnacle,alternate_spreads,Atlanta Braves,1.5,1.4
2026-09-25T22:41:18Z,closing,2d3d378044cc538b0a3d77acaacd15a1,2026-09-25T23:11:00Z,Miami Marlins,Atlanta Braves,pinnacle,alternate_spreads,Miami Marlins,1.5,1.6
2026-09-25T22:41:18Z,closing,2d3d378044cc538b0a3d77acaacd15a1,2026-09-25T23:11:00Z,Miami Marlins,Atlanta Braves,pinnacle,alternate_spreads,Miami Marlins,3.0,1.25
2026-09-25T22:41:18Z,closing,2d3d378044cc538b0a3d77acaacd15a1,2026-09-25T23:11:00Z,Miami Marlins,Atlanta Braves,pinnacle,alternate_spreads,Miami Marlins,2.5,1.36
2026-09-25T22:41:18Z,closing,2d3d378044cc538b0a3d77acaacd15a1,2026-09-25T23:11:00Z,Miami Marlins,Atlanta Braves,pinnacle,alternate_spreads,Miami Marlins,2.0,1.43
2026-09-25T22:41:18Z,closing,2d3d378044cc538b0a3d77acaacd15a1,2026-09-25T23:11:00Z,Miami Marlins,Atlanta Braves,pinnacle,alternate_spreads,Miami Marlins,1.0,1.75
2026-09-25T22:41:18Z,closing,2d3d378044cc538b0a3d77acaacd15a1,2026-09-25T23:11:00Z,Miami Marlins,Atlanta Braves,pinnacle,alternate_spreads,Miami Marlins,-1.0,2.55
2026-09-25T22:41:18Z,closing,2d3d378044cc538b0a3d77acaacd15a1,2026-09-25T23:11:00Z,Miami Marlins,Atlanta Braves,pinnacle,alternate_spreads,Miami Marlins,-1.5,3.03
2026-09-25T22:41:18Z,closing,2d3d378044cc538b0a3d77acaacd15a1,2026-09-25T23:11:00Z,Miami Marlins,Atlanta Braves,pinnacle,alternate_totals,Over,8.0,1.89
2026-09-25T22:41:18Z,closing,2d3d378044cc538b0a3d77acaacd15a1,2026-09-25T23:11:00Z,Miami Marlins,Atlanta Braves,pinnacle,alternate_totals,Over,6.5,1.46
2026-09-25T22:41:18Z,closing,2d3d378044cc538b0a3d77acaacd15a1,2026-09-25T23:11:00Z,Miami Marlins,Atlanta Braves,pinnacle,alternate_totals,Over,7.0,1.56
2026-09-25T22:41:18Z,closing,2d3d378044cc538b0a3d77acaacd15a1,2026-09-25T23:11:00Z,Miami Marlins,Atlanta Braves,pinnacle,alternate_totals,Over,7.5,1.75
2026-09-25T22:41:18Z,closing,2d3d378044cc538b0a3d77acaacd15a1,2026-09-25T23:11:00Z,Miami Marlins,Atlanta Braves,pinnacle,alternate_totals,Over,8.5,2.04
2026-09-25T22:41:18Z,closing,2d3d378044cc538b0a3d77acaacd15a1,2026-09-25T23:11:00Z,Miami Marlins,Atlanta Braves,pinnacle,alternate_totals,Over,9.0,2.36
2026-09-25T22:41:18Z,closing,2d3d378044cc538b0a3d77acaacd15a1,2026-09-25T23:11:00Z,Miami Marlins,Atlanta Braves,pinnacle,alternate_totals,Over,9.5,2.61
2026-09-25T22:41:18Z,closing,2d3d378044cc538b0a3d77acaacd15a1,2026-09-25T23:11:00Z,Miami Marlins,Atlanta Braves,pinnacle,alternate_totals,Under,8.0,2.0
2026-09-25T22:41:18Z,closing,2d3d378044cc538b0a3d77acaacd15a1,2026-09-25T23:11:00Z,Miami Marlins,Atlanta Braves,pinnacle,alternate_totals,Under,6.5,2.81
2026-09-25T22:41:18Z,closing,2d3d378044cc538b0a3d77acaacd15a1,2026-09-25T23:11:00Z,Miami Marlins,Atlanta Braves,pinnacle,alternate_totals,Under,7.0,2.53
2026-09-25T22:41:18Z,closing,2d3d378044cc538b0a3d77acaacd15a1,2026-09-25T23:11:00Z,Miami Marlins,Atlanta Braves,pinnacle,alternate_totals,Under,7.5,2.15
2026-09-25T22:41:18Z,closing,2d3d378044cc538b0a3d77acaacd15a1,2026-09-25T23:11:00Z,Miami Marlins,Atlanta Braves,pinnacle,alternate_totals,Under,8.5,1.84
2026-09-25T22:41:18Z,closing,2d3d378044cc538b0a3d77acaacd15a1,2026-09-25T23:11:00Z,Miami Marlins,Atlanta Braves,pinnacle,alternate_totals,Under,9.0,1.64
2026-09-25T22:41:18Z,closing,2d3d378044cc538b0a3d77acaacd15a1,2026-09-25T23:11:00Z,Miami Marlins,Atlanta Braves,pinnacle,alternate_totals,Under,9.5,1.52
