snapshot_utc,mode,event_id,commence_utc,home,away,book,market,outcome,point,price
2026-10-04T00:10:43Z,closing,347a2e725dd11a54a1d964eae3d04dd2,2026-10-04T00:30:00Z,Milwaukee Brewers,San Diego Padres,draftkings,h2h,Milwaukee Brewers,,1.48
2026-10-04T00:10:43Z,closing,347a2e725dd11a54a1d964eae3d04dd2,2026-10-04T00:30:00Z,Milwaukee Brewers,San Diego Padres,draftkings,h2h,San Diego Padres,,2.71
2026-10-04T00:10:43Z,closing,347a2e725dd11a54a1d964eae3d04dd2,2026-10-04T00:30:00Z,Milwaukee Brewers,San Diego Padres,draftkings,spreads,Milwaukee Brewers,-1.5,2.04
2026-10-04T00:10:43Z,closing,347a2e725dd11a54a1d964eae3d04dd2,2026-10-04T00:30:00Z,Milwaukee Brewers,San Diego Padres,draftkings,spreads,San Diego Padres,1.5,1.79
2026-10-04T00:10:43Z,closing,347a2e725dd11a54a1d964eae3d04dd2,2026-10-04T00:30:00Z,Milwaukee Brewers,San Diego Padres,draftkings,totals,Over,7.0,1.97
2026-10-04T00:10:43Z,closing,347a2e725dd11a54a1d964eae3d04dd2,2026-10-04T00:30:00Z,Milwaukee Brewers,San Diego Padres,draftkings,totals,Under,7.0,1.85
2026-10-04T00:10:43Z,closing,347a2e725dd11a54a1d964eae3d04dd2,2026-10-04T00:30:00Z,Milwaukee Brewers,San Diego Padres,fanduel,h2h,Milwaukee Brewers,,1.5
2026-10-04T00:10:43Z,closing,347a2e725dd11a54a1d964eae3d04dd2,2026-10-04T00:30:00Z,Milwaukee Brewers,San Diego Padres,fanduel,h2h,San Diego Padres,,2.8
2026-10-04T00:10:43Z,closing,347a2e725dd11a54a1d964eae3d04dd2,2026-10-04T00:30:00Z,Milwaukee Brewers,San Diego Padres,fanduel,spreads,Milwaukee Brewers,-1.5,2.05
2026-10-04T00:10:43Z,closing,347a2e725dd11a54a1d964eae3d04dd2,2026-10-04T00:30:00Z,Milwaukee Brewers,San Diego Padres,fanduel,spreads,San Diego Padres,1.5,1.79
2026-10-04T00:10:43Z,closing,347a2e725dd11a54a1d964eae3d04dd2,2026-10-04T00:30:00Z,Milwaukee Brewers,San Diego Padres,fanduel,totals,Over,6.5,1.7
2026-10-04T00:10:43Z,closing,347a2e725dd11a54a1d964eae3d04dd2,2026-10-04T00:30:00Z,Milwaukee Brewers,San Diego Padres,fanduel,totals,Under,6.5,2.16
2026-10-04T00:10:43Z,closing,347a2e725dd11a54a1d964eae3d04dd2,2026-10-04T00:30:00Z,Milwaukee Brewers,San Diego Padres,betmgm,h2h,Milwaukee Brewers,,1.45
2026-10-04T00:10:43Z,closing,347a2e725dd11a54a1d964eae3d04dd2,2026-10-04T00:30:00Z,Milwaukee Brewers,San Diego Padres,betmgm,h2h,San Diego Padres,,2.8
2026-10-04T00:10:43Z,closing,347a2e725dd11a54a1d964eae3d04dd2,2026-10-04T00:30:00Z,Milwaukee Brewers,San Diego Padres,betmgm,spreads,Milwaukee Brewers,-1.5,2.05
2026-10-04T00:10:43Z,closing,347a2e725dd11a54a1d964eae3d04dd2,2026-10-04T00:30:00Z,Milwaukee Brewers,San Diego Padres,betmgm,spreads,San Diego Padres,1.5,1.8
2026-10-04T00:10:43Z,closing,347a2e725dd11a54a1d964eae3d04dd2,2026-10-04T00:30:00Z,Milwaukee Brewers,San Diego Padres,betmgm,totals,Over,7.0,1.98
2026-10-04T00:10:43Z,closing,347a2e725dd11a54a1d964eae3d04dd2,2026-10-04T00:30:00Z,Milwaukee Brewers,San Diego Padres,betmgm,totals,Under,7.0,1.85
2026-10-04T00:10:43Z,closing,347a2e725dd11a54a1d964eae3d04dd2,2026-10-04T00:30:00Z,Milwaukee Brewers,San Diego Padres,coolbet,h2h,Milwaukee Brewers,,1.47
2026-10-04T00:10:43Z,closing,347a2e725dd11a54a1d964eae3d04dd2,2026-10-04T00:30:00Z,Milwaukee Brewers,San Diego Padres,coolbet,h2h,San Diego Padres,,2.7
2026-10-04T00:10:43Z,closing,347a2e725dd11a54a1d964eae3d04dd2,2026-10-04T00:30:00Z,Milwaukee Brewers,San Diego Padres,coolbet,spreads,Milwaukee Brewers,-1.5,2.05
2026-10-04T00:10:43Z,closing,347a2e725dd11a54a1d964eae3d04dd2,2026-10-04T00:30:00Z,Milwaukee Brewers,San Diego Padres,coolbet,spreads,San Diego Padres,1.5,1.78
2026-10-04T00:10:43Z,closing,347a2e725dd11a54a1d964eae3d04dd2,2026-10-04T00:30:00Z,Milwaukee Brewers,San Diego Padres,coolbet,totals,Over,7.0,1.95
2026-10-04T00:10:43Z,closing,347a2e725dd11a54a1d964eae3d04dd2,2026-10-04T00:30:00Z,Milwaukee Brewers,San Diego Padres,coolbet,totals,Under,7.0,1.87
2026-10-04T00:10:43Z,closing,347a2e725dd11a54a1d964eae3d04dd2,2026-10-04T00:30:00Z,Milwaukee Brewers,San Diego Padres,betrivers,h2h,Milwaukee Brewers,,1.48
2026-10-04T00:10:43Z,closing,347a2e725dd11a54a1d964eae3d04dd2,2026-10-04T00:30:00Z,Milwaukee Brewers,San Diego Padres,betrivers,h2h,San Diego Padres,,2.75
2026-10-04T00:10:43Z,closing,347a2e725dd11a54a1d964eae3d04dd2,2026-10-04T00:30:00Z,Milwaukee Brewers,San Diego Padres,betrivers,spreads,Milwaukee Brewers,-1.5,2.1
2026-10-04T00:10:43Z,closing,347a2e725dd11a54a1d964eae3d04dd2,2026-10-04T00:30:00Z,Milwaukee Brewers,San Diego Padres,betrivers,spreads,San Diego Padres,1.5,1.75
2026-10-04T00:10:43Z,closing,347a2e725dd11a54a1d964eae3d04dd2,2026-10-04T00:30:00Z,Milwaukee Brewers,San Diego Padres,betrivers,totals,Over,6.5,1.8
2026-10-04T00:10:43Z,closing,347a2e725dd11a54a1d964eae3d04dd2,2026-10-04T00:30:00Z,Milwaukee Brewers,San Diego Padres,betrivers,totals,Under,6.5,2.02
2026-10-04T00:10:43Z,closing,347a2e725dd11a54a1d964eae3d04dd2,2026-10-04T00:30:00Z,Milwaukee Brewers,San Diego Padres,betsson,h2h,Milwaukee Brewers,,1.48
2026-10-04T00:10:43Z,closing,347a2e725dd11a54a1d964eae3d04dd2,2026-10-04T00:30:00Z,Milwaukee Brewers,San Diego Padres,betsson,h2h,San Diego Padres,,2.65
2026-10-04T00:10:43Z,closing,347a2e725dd11a54a1d964eae3d04dd2,2026-10-04T00:30:00Z,Milwaukee Brewers,San Diego Padres,betsson,spreads,Milwaukee Brewers,-1.5,2.02
2026-10-04T00:10:43Z,closing,347a2e725dd11a54a1d964eae3d04dd2,2026-10-04T00:30:00Z,Milwaukee Brewers,San Diego Padres,betsson,spreads,San Diego Padres,1.5,1.76
2026-10-04T00:10:43Z,closing,347a2e725dd11a54a1d964eae3d04dd2,2026-10-04T00:30:00Z,Milwaukee Brewers,San Diego Padres,betsson,totals,Over,7.0,1.88
2026-10-04T00:10:43Z,closing,347a2e725dd11a54a1d964eae3d04dd2,2026-10-04T00:30:00Z,Milwaukee Brewers,San Diego Padres,betsson,totals,Under,7.0,1.88
2026-10-04T00:10:43Z,closing,347a2e725dd11a54a1d964eae3d04dd2,2026-10-04T00:30:00Z,Milwaukee Brewers,San Diego Padres,pinnacle,h2h,Milwaukee Brewers,,1.51
2026-10-04T00:10:43Z,closing,347a2e725dd11a54a1d964eae3d04dd2,2026-10-04T00:30:00Z,Milwaukee Brewers,San Diego Padres,pinnacle,h2h,San Diego Padres,,2.78
2026-10-04T00:10:43Z,closing,347a2e725dd11a54a1d964eae3d04dd2,2026-10-04T00:30:00Z,Milwaukee Brewers,San Diego Padres,pinnacle,spreads,Milwaukee Brewers,-1.5,2.1
2026-10-04T00:10:43Z,closing,347a2e725dd11a54a1d964eae3d04dd2,2026-10-04T00:30:00Z,Milwaukee Brewers,San Diego Padres,pinnacle,spreads,San Diego Padres,1.5,1.83
2026-10-04T00:10:43Z,closing,347a2e725dd11a54a1d964eae3d04dd2,2026-10-04T00:30:00Z,Milwaukee Brewers,San Diego Padres,pinnacle,totals,Over,7.0,2.03
2026-10-04T00:10:43Z,closing,347a2e725dd11a54a1d964eae3d04dd2,2026-10-04T00:30:00Z,Milwaukee Brewers,San Diego Padres,pinnacle,totals,Under,7.0,1.86
2026-10-04T00:10:43Z,closing,347a2e725dd11a54a1d964eae3d04dd2,2026-10-04T00:30:00Z,Milwaukee Brewers,San Diego Padres,betfair_ex_eu,h2h,Milwaukee Brewers,,1.52
2026-10-04T00:10:43Z,closing,347a2e725dd11a54a1d964eae3d04dd2,2026-10-04T00:30:00Z,Milwaukee Brewers,San Diego Padres,betfair_ex_eu,h2h,San Diego Padres,,2.84
2026-10-04T00:10:43Z,closing,347a2e725dd11a54a1d964eae3d04dd2,2026-10-04T00:30:00Z,Milwaukee Brewers,San Diego Padres,betfair_ex_eu,h2h_lay,Milwaukee Brewers,,1.54
2026-10-04T00:10:43Z,closing,347a2e725dd11a54a1d964eae3d04dd2,2026-10-04T00:30:00Z,Milwaukee Brewers,San Diego Padres,betfair_ex_eu,h2h_lay,San Diego Padres,,2.94
2026-10-04T00:10:43Z,closing,347a2e725dd11a54a1d964eae3d04dd2,2026-10-04T00:30:00Z,Milwaukee Brewers,San Diego Padres,matchbook,h2h,Milwaukee Brewers,,1.52
2026-10-04T00:10:43Z,closing,347a2e725dd11a54a1d964eae3d04dd2,2026-10-04T00:30:00Z,Milwaukee Brewers,San Diego Padres,matchbook,h2h,San Diego Padres,,2.84
2026-10-04T00:10:43Z,closing,347a2e725dd11a54a1d964eae3d04dd2,2026-10-04T00:30:00Z,Milwaukee Brewers,San Diego Padres,matchbook,h2h_lay,Milwaukee Brewers,,1.54
2026-10-04T00:10:43Z,closing,347a2e725dd11a54a1d964eae3d04dd2,2026-10-04T00:30:00Z,Milwaukee Brewers,San Diego Padres,matchbook,h2h_lay,San Diego Padres,,2.92
2026-10-04T00:10:43Z,closing,347a2e725dd11a54a1d964eae3d04dd2,2026-10-04T00:30:00Z,Milwaukee Brewers,San Diego Padres,matchbook,spreads,Milwaukee Brewers,-1.5,2.12
2026-10-04T00:10:43Z,closing,347a2e725dd11a54a1d964eae3d04dd2,2026-10-04T00:30:00Z,Milwaukee Brewers,San Diego Padres,matchbook,spreads,San Diego Padres,1.5,1.82
2026-10-04T00:10:43Z,closing,347a2e725dd11a54a1d964eae3d04dd2,2026-10-04T00:30:00Z,Milwaukee Brewers,San Diego Padres,matchbook,totals,Over,6.5,1.81
2026-10-04T00:10:43Z,closing,347a2e725dd11a54a1d964eae3d04dd2,2026-10-04T00:30:00Z,Milwaukee Brewers,San Diego Padres,matchbook,totals,Under,6.5,2.14
2026-10-04T00:10:43Z,closing,347a2e725dd11a54a1d964eae3d04dd2,2026-10-04T00:30:00Z,Milwaukee Brewers,San Diego Padres,draftkings,alternate_spreads,Milwaukee Brewers,3.5,1.07
2026-10-04T00:10:43Z,closing,347a2e725dd11a54a1d964eae3d04dd2,2026-10-04T00:30:00Z,Milwaukee Brewers,San Diego Padres,draftkings,alternate_spreads,Milwaukee Brewers,3.0,1.08
2026-10-04T00:10:43Z,closing,347a2e725dd11a54a1d964eae3d04dd2,2026-10-04T00:30:00Z,Milwaukee Brewers,San Diego Padres,draftkings,alternate_spreads,Milwaukee Brewers,2.5,1.14
2026-10-04T00:10:43Z,closing,347a2e725dd11a54a1d964eae3d04dd2,2026-10-04T00:30:00Z,Milwaukee Brewers,San Diego Padres,draftkings,alternate_spreads,Milwaukee Brewers,2.0,1.16
2026-10-04T00:10:43Z,closing,347a2e725dd11a54a1d964eae3d04dd2,2026-10-04T00:30:00Z,Milwaukee Brewers,San Diego Padres,draftkings,alternate_spreads,Milwaukee Brewers,1.5,1.25
2026-10-04T00:10:43Z,closing,347a2e725dd11a54a1d964eae3d04dd2,2026-10-04T00:30:00Z,Milwaukee Brewers,San Diego Padres,draftkings,alternate_spreads,Milwaukee Brewers,1.0,1.3
2026-10-04T00:10:43Z,closing,347a2e725dd11a54a1d964eae3d04dd2,2026-10-04T00:30:00Z,Milwaukee Brewers,San Diego Padres,draftkings,alternate_spreads,Milwaukee Brewers,-1.0,1.65
2026-10-04T00:10:43Z,closing,347a2e725dd11a54a1d964eae3d04dd2,2026-10-04T00:30:00Z,Milwaukee Brewers,San Diego Padres,draftkings,alternate_spreads,Milwaukee Brewers,-2.0,2.32
2026-10-04T00:10:43Z,closing,347a2e725dd11a54a1d964eae3d04dd2,2026-10-04T00:30:00Z,Milwaukee Brewers,San Diego Padres,draftkings,alternate_spreads,Milwaukee Brewers,-2.5,2.59
2026-10-04T00:10:43Z,closing,347a2e725dd11a54a1d964eae3d04dd2,2026-10-04T00:30:00Z,Milwaukee Brewers,San Diego Padres,draftkings,alternate_spreads,Milwaukee Brewers,-3.0,3.14
2026-10-04T00:10:43Z,closing,347a2e725dd11a54a1d964eae3d04dd2,2026-10-04T00:30:00Z,Milwaukee Brewers,San Diego Padres,draftkings,alternate_spreads,Milwaukee Brewers,-3.5,3.43
2026-10-04T00:10:43Z,closing,347a2e725dd11a54a1d964eae3d04dd2,2026-10-04T00:30:00Z,Milwaukee Brewers,San Diego Padres,draftkings,alternate_spreads,Milwaukee Brewers,-4.0,4.29
2026-10-04T00:10:43Z,closing,347a2e725dd11a54a1d964eae3d04dd2,2026-10-04T00:30:00Z,Milwaukee Brewers,San Diego Padres,draftkings,alternate_spreads,Milwaukee Brewers,-4.5,4.58
2026-10-04T00:10:43Z,closing,347a2e725dd11a54a1d964eae3d04dd2,2026-10-04T00:30:00Z,Milwaukee Brewers,San Diego Padres,draftkings,alternate_spreads,Milwaukee Brewers,-5.0,6.05
2026-10-04T00:10:43Z,closing,347a2e725dd11a54a1d964eae3d04dd2,2026-10-04T00:30:00Z,Milwaukee Brewers,San Diego Padres,draftkings,alternate_spreads,Milwaukee Brewers,-5.5,6.36
2026-10-04T00:10:43Z,closing,347a2e725dd11a54a1d964eae3d04dd2,2026-10-04T00:30:00Z,Milwaukee Brewers,San Diego Padres,draftkings,alternate_spreads,Milwaukee Brewers,-6.0,8.3
2026-10-04T00:10:43Z,closing,347a2e725dd11a54a1d964eae3d04dd2,2026-10-04T00:30:00Z,Milwaukee Brewers,San Diego Padres,draftkings,alternate_spreads,San Diego Padres,-3.5,7.5
2026-10-04T00:10:43Z,closing,347a2e725dd11a54a1d964eae3d04dd2,2026-10-04T00:30:00Z,Milwaukee Brewers,San Diego Padres,draftkings,alternate_spreads,San Diego Padres,-3.0,7.2
2026-10-04T00:10:43Z,closing,347a2e725dd11a54a1d964eae3d04dd2,2026-10-04T00:30:00Z,Milwaukee Brewers,San Diego Padres,draftkings,alternate_spreads,San Diego Padres,-2.5,5.34
2026-10-04T00:10:43Z,closing,347a2e725dd11a54a1d964eae3d04dd2,2026-10-04T00:30:00Z,Milwaukee Brewers,San Diego Padres,draftkings,alternate_spreads,San Diego Padres,-2.0,5.0
2026-10-04T00:10:43Z,closing,347a2e725dd11a54a1d964eae3d04dd2,2026-10-04T00:30:00Z,Milwaukee Brewers,San Diego Padres,draftkings,alternate_spreads,San Diego Padres,-1.5,3.77
2026-10-04T00:10:43Z,closing,347a2e725dd11a54a1d964eae3d04dd2,2026-10-04T00:30:00Z,Milwaukee Brewers,San Diego Padres,draftkings,alternate_spreads,San Diego Padres,-1.0,3.39
2026-10-04T00:10:43Z,closing,347a2e725dd11a54a1d964eae3d04dd2,2026-10-04T00:30:00Z,Milwaukee Brewers,San Diego Padres,draftkings,alternate_spreads,San Diego Padres,1.0,2.18
2026-10-04T00:10:43Z,closing,347a2e725dd11a54a1d964eae3d04dd2,2026-10-04T00:30:00Z,Milwaukee Brewers,San Diego Padres,draftkings,alternate_spreads,San Diego Padres,2.0,1.58
2026-10-04T00:10:43Z,closing,347a2e725dd11a54a1d964eae3d04dd2,2026-10-04T00:30:00Z,Milwaukee Brewers,San Diego Padres,draftkings,alternate_spreads,San Diego Padres,2.5,1.47
2026-10-04T00:10:43Z,closing,347a2e725dd11a54a1d964eae3d04dd2,2026-10-04T00:30:00Z,Milwaukee Brewers,San Diego Padres,draftkings,alternate_spreads,San Diego Padres,3.0,1.34
2026-10-04T00:10:43Z,closing,347a2e725dd11a54a1d964eae3d04dd2,2026-10-04T00:30:00Z,Milwaukee Brewers,San Diego Padres,draftkings,alternate_spreads,San Diego Padres,3.5,1.29
2026-10-04T00:10:43Z,closing,347a2e725dd11a54a1d964eae3d04dd2,2026-10-04T00:30:00Z,Milwaukee Brewers,San Diego Padres,draftkings,alternate_spreads,San Diego Padres,4.0,1.2
2026-10-04T00:10:43Z,closing,347a2e725dd11a54a1d964eae3d04dd2,2026-10-04T00:30:00Z,Milwaukee Brewers,San Diego Padres,draftkings,alternate_spreads,San Diego Padres,4.5,1.18
2026-10-04T00:10:43Z,closing,347a2e725dd11a54a1d964eae3d04dd2,2026-10-04T00:30:00Z,Milwaukee Brewers,San Diego Padres,draftkings,alternate_spreads,San Diego Padres,5.0,1.11
2026-10-04T00:10:43Z,closing,347a2e725dd11a54a1d964eae3d04dd2,2026-10-04T00:30:00Z,Milwaukee Brewers,San Diego Padres,draftkings,alternate_spreads,San Diego Padres,5.5,1.1
2026-10-04T00:10:43Z,closing,347a2e725dd11a54a1d964eae3d04dd2,2026-10-04T00:30:00Z,Milwaukee Brewers,San Diego Padres,draftkings,alternate_spreads,San Diego Padres,6.0,1.06
2026-10-04T00:10:43Z,closing,347a2e725dd11a54a1d964eae3d04dd2,2026-10-04T00:30:00Z,Milwaukee Brewers,San Diego Padres,draftkings,alternate_totals,Over,3.5,1.15
2026-10-04T00:10:43Z,closing,347a2e725dd11a54a1d964eae3d04dd2,2026-10-04T00:30:00Z,Milwaukee Brewers,San Diego Padres,draftkings,alternate_totals,Over,4.0,1.17
2026-10-04T00:10:43Z,closing,347a2e725dd11a54a1d964eae3d04dd2,2026-10-04T00:30:00Z,Milwaukee Brewers,San Diego Padres,draftkings,alternate_totals,Over,4.5,1.25
2026-10-04T00:10:43Z,closing,347a2e725dd11a54a1d964eae3d04dd2,2026-10-04T00:30:00Z,Milwaukee Brewers,San Diego Padres,draftkings,alternate_totals,Over,5.0,1.31
2026-10-04T00:10:43Z,closing,347a2e725dd11a54a1d964eae3d04dd2,2026-10-04T00:30:00Z,Milwaukee Brewers,San Diego Padres,draftkings,alternate_totals,Over,5.5,1.5
2026-10-04T00:10:43Z,closing,347a2e725dd11a54a1d964eae3d04dd2,2026-10-04T00:30:00Z,Milwaukee Brewers,San Diego Padres,draftkings,alternate_totals,Over,6.0,1.58
2026-10-04T00:10:43Z,closing,347a2e725dd11a54a1d964eae3d04dd2,2026-10-04T00:30:00Z,Milwaukee Brewers,San Diego Padres,draftkings,alternate_totals,Over,6.5,1.73
2026-10-04T00:10:43Z,closing,347a2e725dd11a54a1d964eae3d04dd2,2026-10-04T00:30:00Z,Milwaukee Brewers,San Diego Padres,draftkings,alternate_totals,Over,7.5,2.18
2026-10-04T00:10:43Z,closing,347a2e725dd11a54a1d964eae3d04dd2,2026-10-04T00:30:00Z,Milwaukee Brewers,San Diego Padres,draftkings,alternate_totals,Over,8.0,2.43
2026-10-04T00:10:43Z,closing,347a2e725dd11a54a1d964eae3d04dd2,2026-10-04T00:30:00Z,Milwaukee Brewers,San Diego Padres,draftkings,alternate_totals,Over,8.5,2.62
2026-10-04T00:10:43Z,closing,347a2e725dd11a54a1d964eae3d04dd2,2026-10-04T00:30:00Z,Milwaukee Brewers,San Diego Padres,draftkings,alternate_totals,Over,9.0,3.15
2026-10-04T00:10:43Z,closing,347a2e725dd11a54a1d964eae3d04dd2,2026-10-04T00:30:00Z,Milwaukee Brewers,San Diego Padres,draftkings,alternate_totals,Over,9.5,3.43
2026-10-04T00:10:43Z,closing,347a2e725dd11a54a1d964eae3d04dd2,2026-10-04T00:30:00Z,Milwaukee Brewers,San Diego Padres,draftkings,alternate_totals,Over,10.0,4.05
2026-10-04T00:10:43Z,closing,347a2e725dd11a54a1d964eae3d04dd2,2026-10-04T00:30:00Z,Milwaukee Brewers,San Diego Padres,draftkings,alternate_totals,Over,10.5,4.25
2026-10-04T00:10:43Z,closing,347a2e725dd11a54a1d964eae3d04dd2,2026-10-04T00:30:00Z,Milwaukee Brewers,San Diego Padres,draftkings,alternate_totals,Over,11.0,5.39
2026-10-04T00:10:43Z,closing,347a2e725dd11a54a1d964eae3d04dd2,2026-10-04T00:30:00Z,Milwaukee Brewers,San Diego Padres,draftkings,alternate_totals,Over,11.5,5.66
2026-10-04T00:10:43Z,closing,347a2e725dd11a54a1d964eae3d04dd2,2026-10-04T00:30:00Z,Milwaukee Brewers,San Diego Padres,draftkings,alternate_totals,Under,3.5,5.14
2026-10-04T00:10:43Z,closing,347a2e725dd11a54a1d964eae3d04dd2,2026-10-04T00:30:00Z,Milwaukee Brewers,San Diego Padres,draftkings,alternate_totals,Under,4.0,4.84
2026-10-04T00:10:43Z,closing,347a2e725dd11a54a1d964eae3d04dd2,2026-10-04T00:30:00Z,Milwaukee Brewers,San Diego Padres,draftkings,alternate_totals,Under,4.5,3.77
2026-10-04T00:10:43Z,closing,347a2e725dd11a54a1d964eae3d04dd2,2026-10-04T00:30:00Z,Milwaukee Brewers,San Diego Padres,draftkings,alternate_totals,Under,5.0,3.33
2026-10-04T00:10:43Z,closing,347a2e725dd11a54a1d964eae3d04dd2,2026-10-04T00:30:00Z,Milwaukee Brewers,San Diego Padres,draftkings,alternate_totals,Under,5.5,2.51
2026-10-04T00:10:43Z,closing,347a2e725dd11a54a1d964eae3d04dd2,2026-10-04T00:30:00Z,Milwaukee Brewers,San Diego Padres,draftkings,alternate_totals,Under,6.0,2.3
2026-10-04T00:10:43Z,closing,347a2e725dd11a54a1d964eae3d04dd2,2026-10-04T00:30:00Z,Milwaukee Brewers,San Diego Padres,draftkings,alternate_totals,Under,6.5,2.05
2026-10-04T00:10:43Z,closing,347a2e725dd11a54a1d964eae3d04dd2,2026-10-04T00:30:00Z,Milwaukee Brewers,San Diego Padres,draftkings,alternate_totals,Under,7.5,1.65
2026-10-04T00:10:43Z,closing,347a2e725dd11a54a1d964eae3d04dd2,2026-10-04T00:30:00Z,Milwaukee Brewers,San Diego Padres,draftkings,alternate_totals,Under,8.0,1.53
2026-10-04T00:10:43Z,closing,347a2e725dd11a54a1d964eae3d04dd2,2026-10-04T00:30:00Z,Milwaukee Brewers,San Diego Padres,draftkings,alternate_totals,Under,8.5,1.47
2026-10-04T00:10:43Z,closing,347a2e725dd11a54a1d964eae3d04dd2,2026-10-04T00:30:00Z,Milwaukee Brewers,San Diego Padres,draftkings,alternate_totals,Under,9.0,1.34
2026-10-04T00:10:43Z,closing,347a2e725dd11a54a1d964eae3d04dd2,2026-10-04T00:30:00Z,Milwaukee Brewers,San Diego Padres,draftkings,alternate_totals,Under,9.5,1.29
2026-10-04T00:10:43Z,closing,347a2e725dd11a54a1d964eae3d04dd2,2026-10-04T00:30:00Z,Milwaukee Brewers,San Diego Padres,draftkings,alternate_totals,Under,10.0,1.22
2026-10-04T00:10:43Z,closing,347a2e725dd11a54a1d964eae3d04dd2,2026-10-04T00:30:00Z,Milwaukee Brewers,San Diego Padres,draftkings,alternate_totals,Under,10.5,1.21
2026-10-04T00:10:43Z,closing,347a2e725dd11a54a1d964eae3d04dd2,2026-10-04T00:30:00Z,Milwaukee Brewers,San Diego Padres,draftkings,alternate_totals,Under,11.0,1.14
2026-10-04T00:10:43Z,closing,347a2e725dd11a54a1d964eae3d04dd2,2026-10-04T00:30:00Z,Milwaukee Brewers,San Diego Padres,draftkings,alternate_totals,Under,11.5,1.13
2026-10-04T00:10:43Z,closing,347a2e725dd11a54a1d964eae3d04dd2,2026-10-04T00:30:00Z,Milwaukee Brewers,San Diego Padres,fanduel,alternate_spreads,Milwaukee Brewers,-8.5,15.0
2026-10-04T00:10:43Z,closing,347a2e725dd11a54a1d964eae3d04dd2,2026-10-04T00:30:00Z,Milwaukee Brewers,San Diego Padres,fanduel,alternate_spreads,Milwaukee Brewers,-7.5,11.6
2026-10-04T00:10:43Z,closing,347a2e725dd11a54a1d964eae3d04dd2,2026-10-04T00:30:00Z,Milwaukee Brewers,San Diego Padres,fanduel,alternate_spreads,Milwaukee Brewers,-6.5,9.0
2026-10-04T00:10:43Z,closing,347a2e725dd11a54a1d964eae3d04dd2,2026-10-04T00:30:00Z,Milwaukee Brewers,San Diego Padres,fanduel,alternate_spreads,Milwaukee Brewers,-5.5,6.4
2026-10-04T00:10:43Z,closing,347a2e725dd11a54a1d964eae3d04dd2,2026-10-04T00:30:00Z,Milwaukee Brewers,San Diego Padres,fanduel,alternate_spreads,Milwaukee Brewers,-4.5,4.9
2026-10-04T00:10:43Z,closing,347a2e725dd11a54a1d964eae3d04dd2,2026-10-04T00:30:00Z,Milwaukee Brewers,San Diego Padres,fanduel,alternate_spreads,Milwaukee Brewers,-3.5,3.6
2026-10-04T00:10:43Z,closing,347a2e725dd11a54a1d964eae3d04dd2,2026-10-04T00:30:00Z,Milwaukee Brewers,San Diego Padres,fanduel,alternate_spreads,Milwaukee Brewers,-2.5,2.64
2026-10-04T00:10:43Z,closing,347a2e725dd11a54a1d964eae3d04dd2,2026-10-04T00:30:00Z,Milwaukee Brewers,San Diego Padres,fanduel,alternate_spreads,Milwaukee Brewers,-1.5,2.02
2026-10-04T00:10:43Z,closing,347a2e725dd11a54a1d964eae3d04dd2,2026-10-04T00:30:00Z,Milwaukee Brewers,San Diego Padres,fanduel,alternate_spreads,Milwaukee Brewers,1.5,1.25
2026-10-04T00:10:43Z,closing,347a2e725dd11a54a1d964eae3d04dd2,2026-10-04T00:30:00Z,Milwaukee Brewers,San Diego Padres,fanduel,alternate_spreads,Milwaukee Brewers,2.5,1.14
2026-10-04T00:10:43Z,closing,347a2e725dd11a54a1d964eae3d04dd2,2026-10-04T00:30:00Z,Milwaukee Brewers,San Diego Padres,fanduel,alternate_spreads,Milwaukee Brewers,3.5,1.07
2026-10-04T00:10:43Z,closing,347a2e725dd11a54a1d964eae3d04dd2,2026-10-04T00:30:00Z,Milwaukee Brewers,San Diego Padres,fanduel,alternate_spreads,Milwaukee Brewers,4.5,1.04
2026-10-04T00:10:43Z,closing,347a2e725dd11a54a1d964eae3d04dd2,2026-10-04T00:30:00Z,Milwaukee Brewers,San Diego Padres,fanduel,alternate_spreads,Milwaukee Brewers,5.5,1.02
2026-10-04T00:10:43Z,closing,347a2e725dd11a54a1d964eae3d04dd2,2026-10-04T00:30:00Z,Milwaukee Brewers,San Diego Padres,fanduel,alternate_spreads,San Diego Padres,7.5,1.03
2026-10-04T00:10:43Z,closing,347a2e725dd11a54a1d964eae3d04dd2,2026-10-04T00:30:00Z,Milwaukee Brewers,San Diego Padres,fanduel,alternate_spreads,San Diego Padres,6.5,1.06
2026-10-04T00:10:43Z,closing,347a2e725dd11a54a1d964eae3d04dd2,2026-10-04T00:30:00Z,Milwaukee Brewers,San Diego Padres,fanduel,alternate_spreads,San Diego Padres,5.5,1.11
2026-10-04T00:10:43Z,closing,347a2e725dd11a54a1d964eae3d04dd2,2026-10-04T00:30:00Z,Milwaukee Brewers,San Diego Padres,fanduel,alternate_spreads,San Diego Padres,4.5,1.17
2026-10-04T00:10:43Z,closing,347a2e725dd11a54a1d964eae3d04dd2,2026-10-04T00:30:00Z,Milwaukee Brewers,San Diego Padres,fanduel,alternate_spreads,San Diego Padres,3.5,1.28
2026-10-04T00:10:43Z,closing,347a2e725dd11a54a1d964eae3d04dd2,2026-10-04T00:30:00Z,Milwaukee Brewers,San Diego Padres,fanduel,alternate_spreads,San Diego Padres,2.5,1.47
2026-10-04T00:10:43Z,closing,347a2e725dd11a54a1d964eae3d04dd2,2026-10-04T00:30:00Z,Milwaukee Brewers,San Diego Padres,fanduel,alternate_spreads,San Diego Padres,1.5,1.77
2026-10-04T00:10:43Z,closing,347a2e725dd11a54a1d964eae3d04dd2,2026-10-04T00:30:00Z,Milwaukee Brewers,San Diego Padres,fanduel,alternate_spreads,San Diego Padres,-1.5,3.85
2026-10-04T00:10:43Z,closing,347a2e725dd11a54a1d964eae3d04dd2,2026-10-04T00:30:00Z,Milwaukee Brewers,San Diego Padres,fanduel,alternate_spreads,San Diego Padres,-2.5,5.4
2026-10-04T00:10:43Z,closing,347a2e725dd11a54a1d964eae3d04dd2,2026-10-04T00:30:00Z,Milwaukee Brewers,San Diego Padres,fanduel,alternate_spreads,San Diego Padres,-3.5,7.8
2026-10-04T00:10:43Z,closing,347a2e725dd11a54a1d964eae3d04dd2,2026-10-04T00:30:00Z,Milwaukee Brewers,San Diego Padres,fanduel,alternate_spreads,San Diego Padres,-4.5,10.0
2026-10-04T00:10:43Z,closing,347a2e725dd11a54a1d964eae3d04dd2,2026-10-04T00:30:00Z,Milwaukee Brewers,San Diego Padres,fanduel,alternate_spreads,San Diego Padres,-5.5,13.0
2026-10-04T00:10:43Z,closing,347a2e725dd11a54a1d964eae3d04dd2,2026-10-04T00:30:00Z,Milwaukee Brewers,San Diego Padres,fanduel,alternate_spreads,San Diego Padres,-6.5,16.0
2026-10-04T00:10:43Z,closing,347a2e725dd11a54a1d964eae3d04dd2,2026-10-04T00:30:00Z,Milwaukee Brewers,San Diego Padres,fanduel,alternate_spreads,San Diego Padres,-7.5,18.0
2026-10-04T00:10:43Z,closing,347a2e725dd11a54a1d964eae3d04dd2,2026-10-04T00:30:00Z,Milwaukee Brewers,San Diego Padres,fanduel,alternate_totals,Over,2.5,1.03
2026-10-04T00:10:43Z,closing,347a2e725dd11a54a1d964eae3d04dd2,2026-10-04T00:30:00Z,Milwaukee Brewers,San Diego Padres,fanduel,alternate_totals,Over,3.5,1.14
2026-10-04T00:10:43Z,closing,347a2e725dd11a54a1d964eae3d04dd2,2026-10-04T00:30:00Z,Milwaukee Brewers,San Diego Padres,fanduel,alternate_totals,Over,4.5,1.23
2026-10-04T00:10:43Z,closing,347a2e725dd11a54a1d964eae3d04dd2,2026-10-04T00:30:00Z,Milwaukee Brewers,San Diego Padres,fanduel,alternate_totals,Over,5.5,1.48
2026-10-04T00:10:43Z,closing,347a2e725dd11a54a1d964eae3d04dd2,2026-10-04T00:30:00Z,Milwaukee Brewers,San Diego Padres,fanduel,alternate_totals,Over,6.5,1.7
2026-10-04T00:10:43Z,closing,347a2e725dd11a54a1d964eae3d04dd2,2026-10-04T00:30:00Z,Milwaukee Brewers,San Diego Padres,fanduel,alternate_totals,Over,7.5,2.22
2026-10-04T00:10:43Z,closing,347a2e725dd11a54a1d964eae3d04dd2,2026-10-04T00:30:00Z,Milwaukee Brewers,San Diego Padres,fanduel,alternate_totals,Over,8.5,2.68
2026-10-04T00:10:43Z,closing,347a2e725dd11a54a1d964eae3d04dd2,2026-10-04T00:30:00Z,Milwaukee Brewers,San Diego Padres,fanduel,alternate_totals,Over,9.5,3.65
2026-10-04T00:10:43Z,closing,347a2e725dd11a54a1d964eae3d04dd2,2026-10-04T00:30:00Z,Milwaukee Brewers,San Diego Padres,fanduel,alternate_totals,Over,10.5,4.5
2026-10-04T00:10:43Z,closing,347a2e725dd11a54a1d964eae3d04dd2,2026-10-04T00:30:00Z,Milwaukee Brewers,San Diego Padres,fanduel,alternate_totals,Over,11.5,6.2
2026-10-04T00:10:43Z,closing,347a2e725dd11a54a1d964eae3d04dd2,2026-10-04T00:30:00Z,Milwaukee Brewers,San Diego Padres,fanduel,alternate_totals,Over,12.5,7.8
2026-10-04T00:10:43Z,closing,347a2e725dd11a54a1d964eae3d04dd2,2026-10-04T00:30:00Z,Milwaukee Brewers,San Diego Padres,fanduel,alternate_totals,Over,13.5,11.0
2026-10-04T00:10:43Z,closing,347a2e725dd11a54a1d964eae3d04dd2,2026-10-04T00:30:00Z,Milwaukee Brewers,San Diego Padres,fanduel,alternate_totals,Over,14.5,14.0
2026-10-04T00:10:43Z,closing,347a2e725dd11a54a1d964eae3d04dd2,2026-10-04T00:30:00Z,Milwaukee Brewers,San Diego Padres,fanduel,alternate_totals,Over,15.5,16.0
2026-10-04T00:10:43Z,closing,347a2e725dd11a54a1d964eae3d04dd2,2026-10-04T00:30:00Z,Milwaukee Brewers,San Diego Padres,fanduel,alternate_totals,Over,16.5,19.0
2026-10-04T00:10:43Z,closing,347a2e725dd11a54a1d964eae3d04dd2,2026-10-04T00:30:00Z,Milwaukee Brewers,San Diego Padres,fanduel,alternate_totals,Under,1.5,16.0
2026-10-04T00:10:43Z,closing,347a2e725dd11a54a1d964eae3d04dd2,2026-10-04T00:30:00Z,Milwaukee Brewers,San Diego Padres,fanduel,alternate_totals,Under,2.5,11.0
2026-10-04T00:10:43Z,closing,347a2e725dd11a54a1d964eae3d04dd2,2026-10-04T00:30:00Z,Milwaukee Brewers,San Diego Padres,fanduel,alternate_totals,Under,3.5,5.5
2026-10-04T00:10:43Z,closing,347a2e725dd11a54a1d964eae3d04dd2,2026-10-04T00:30:00Z,Milwaukee Brewers,San Diego Padres,fanduel,alternate_totals,Under,4.5,4.0
2026-10-04T00:10:43Z,closing,347a2e725dd11a54a1d964eae3d04dd2,2026-10-04T00:30:00Z,Milwaukee Brewers,San Diego Padres,fanduel,alternate_totals,Under,5.5,2.62
2026-10-04T00:10:43Z,closing,347a2e725dd11a54a1d964eae3d04dd2,2026-10-04T00:30:00Z,Milwaukee Brewers,San Diego Padres,fanduel,alternate_totals,Under,6.5,2.12
2026-10-04T00:10:43Z,closing,347a2e725dd11a54a1d964eae3d04dd2,2026-10-04T00:30:00Z,Milwaukee Brewers,San Diego Padres,fanduel,alternate_totals,Under,7.5,1.64
2026-10-04T00:10:43Z,closing,347a2e725dd11a54a1d964eae3d04dd2,2026-10-04T00:30:00Z,Milwaukee Brewers,San Diego Padres,fanduel,alternate_totals,Under,8.5,1.45
2026-10-04T00:10:43Z,closing,347a2e725dd11a54a1d964eae3d04dd2,2026-10-04T00:30:00Z,Milwaukee Brewers,San Diego Padres,fanduel,alternate_totals,Under,9.5,1.27
2026-10-04T00:10:43Z,closing,347a2e725dd11a54a1d964eae3d04dd2,2026-10-04T00:30:00Z,Milwaukee Brewers,San Diego Padres,fanduel,alternate_totals,Under,10.5,1.19
2026-10-04T00:10:43Z,closing,347a2e725dd11a54a1d964eae3d04dd2,2026-10-04T00:30:00Z,Milwaukee Brewers,San Diego Padres,fanduel,alternate_totals,Under,11.5,1.11
2026-10-04T00:10:43Z,closing,347a2e725dd11a54a1d964eae3d04dd2,2026-10-04T00:30:00Z,Milwaukee Brewers,San Diego Padres,fanduel,alternate_totals,Under,12.5,1.07
2026-10-04T00:10:43Z,closing,347a2e725dd11a54a1d964eae3d04dd2,2026-10-04T00:30:00Z,Milwaukee Brewers,San Diego Padres,fanduel,alternate_totals,Under,13.5,1.03
2026-10-04T00:10:43Z,closing,347a2e725dd11a54a1d964eae3d04dd2,2026-10-04T00:30:00Z,Milwaukee Brewers,San Diego Padres,betmgm,alternate_spreads,Milwaukee Brewers,-2.5,2.65
2026-10-04T00:10:43Z,closing,347a2e725dd11a54a1d964eae3d04dd2,2026-10-04T00:30:00Z,Milwaukee Brewers,San Diego Padres,betmgm,alternate_spreads,Milwaukee Brewers,-1.5,2.05
2026-10-04T00:10:43Z,closing,347a2e725dd11a54a1d964eae3d04dd2,2026-10-04T00:30:00Z,Milwaukee Brewers,San Diego Padres,betmgm,alternate_spreads,Milwaukee Brewers,1.5,1.27
2026-10-04T00:10:43Z,closing,347a2e725dd11a54a1d964eae3d04dd2,2026-10-04T00:30:00Z,Milwaukee Brewers,San Diego Padres,betmgm,alternate_spreads,Milwaukee Brewers,2.5,1.17
2026-10-04T00:10:43Z,closing,347a2e725dd11a54a1d964eae3d04dd2,2026-10-04T00:30:00Z,Milwaukee Brewers,San Diego Padres,betmgm,alternate_spreads,Milwaukee Brewers,-3.5,3.7
2026-10-04T00:10:43Z,closing,347a2e725dd11a54a1d964eae3d04dd2,2026-10-04T00:30:00Z,Milwaukee Brewers,San Diego Padres,betmgm,alternate_spreads,Milwaukee Brewers,-4.5,5.0
2026-10-04T00:10:43Z,closing,347a2e725dd11a54a1d964eae3d04dd2,2026-10-04T00:30:00Z,Milwaukee Brewers,San Diego Padres,betmgm,alternate_spreads,San Diego Padres,2.5,1.45
2026-10-04T00:10:43Z,closing,347a2e725dd11a54a1d964eae3d04dd2,2026-10-04T00:30:00Z,Milwaukee Brewers,San Diego Padres,betmgm,alternate_spreads,San Diego Padres,1.5,1.8
2026-10-04T00:10:43Z,closing,347a2e725dd11a54a1d964eae3d04dd2,2026-10-04T00:30:00Z,Milwaukee Brewers,San Diego Padres,betmgm,alternate_spreads,San Diego Padres,-1.5,3.7
2026-10-04T00:10:43Z,closing,347a2e725dd11a54a1d964eae3d04dd2,2026-10-04T00:30:00Z,Milwaukee Brewers,San Diego Padres,betmgm,alternate_spreads,San Diego Padres,-2.5,4.75
2026-10-04T00:10:43Z,closing,347a2e725dd11a54a1d964eae3d04dd2,2026-10-04T00:30:00Z,Milwaukee Brewers,San Diego Padres,betmgm,alternate_spreads,San Diego Padres,3.5,1.27
2026-10-04T00:10:43Z,closing,347a2e725dd11a54a1d964eae3d04dd2,2026-10-04T00:30:00Z,Milwaukee Brewers,San Diego Padres,betmgm,alternate_spreads,San Diego Padres,4.5,1.16
2026-10-04T00:10:43Z,closing,347a2e725dd11a54a1d964eae3d04dd2,2026-10-04T00:30:00Z,Milwaukee Brewers,San Diego Padres,betmgm,alternate_totals,Over,3.5,1.14
2026-10-04T00:10:43Z,closing,347a2e725dd11a54a1d964eae3d04dd2,2026-10-04T00:30:00Z,Milwaukee Brewers,San Diego Padres,betmgm,alternate_totals,Over,4.0,1.16
2026-10-04T00:10:43Z,closing,347a2e725dd11a54a1d964eae3d04dd2,2026-10-04T00:30:00Z,Milwaukee Brewers,San Diego Padres,betmgm,alternate_totals,Over,4.5,1.24
2026-10-04T00:10:43Z,closing,347a2e725dd11a54a1d964eae3d04dd2,2026-10-04T00:30:00Z,Milwaukee Brewers,San Diego Padres,betmgm,alternate_totals,Over,5.0,1.29
2026-10-04T00:10:43Z,closing,347a2e725dd11a54a1d964eae3d04dd2,2026-10-04T00:30:00Z,Milwaukee Brewers,San Diego Padres,betmgm,alternate_totals,Over,5.5,1.48
2026-10-04T00:10:43Z,closing,347a2e725dd11a54a1d964eae3d04dd2,2026-10-04T00:30:00Z,Milwaukee Brewers,San Diego Padres,betmgm,alternate_totals,Over,6.0,1.54
2026-10-04T00:10:43Z,closing,347a2e725dd11a54a1d964eae3d04dd2,2026-10-04T00:30:00Z,Milwaukee Brewers,San Diego Padres,betmgm,alternate_totals,Over,6.5,1.69
2026-10-04T00:10:43Z,closing,347a2e725dd11a54a1d964eae3d04dd2,2026-10-04T00:30:00Z,Milwaukee Brewers,San Diego Padres,betmgm,alternate_totals,Over,7.0,1.98
2026-10-04T00:10:43Z,closing,347a2e725dd11a54a1d964eae3d04dd2,2026-10-04T00:30:00Z,Milwaukee Brewers,San Diego Padres,betmgm,alternate_totals,Over,7.5,2.25
2026-10-04T00:10:43Z,closing,347a2e725dd11a54a1d964eae3d04dd2,2026-10-04T00:30:00Z,Milwaukee Brewers,San Diego Padres,betmgm,alternate_totals,Over,8.0,2.55
2026-10-04T00:10:43Z,closing,347a2e725dd11a54a1d964eae3d04dd2,2026-10-04T00:30:00Z,Milwaukee Brewers,San Diego Padres,betmgm,alternate_totals,Over,8.5,2.8
2026-10-04T00:10:43Z,closing,347a2e725dd11a54a1d964eae3d04dd2,2026-10-04T00:30:00Z,Milwaukee Brewers,San Diego Padres,betmgm,alternate_totals,Over,9.0,3.4
2026-10-04T00:10:43Z,closing,347a2e725dd11a54a1d964eae3d04dd2,2026-10-04T00:30:00Z,Milwaukee Brewers,San Diego Padres,betmgm,alternate_totals,Over,9.5,3.7
2026-10-04T00:10:43Z,closing,347a2e725dd11a54a1d964eae3d04dd2,2026-10-04T00:30:00Z,Milwaukee Brewers,San Diego Padres,betmgm,alternate_totals,Over,10.0,4.4
2026-10-04T00:10:43Z,closing,347a2e725dd11a54a1d964eae3d04dd2,2026-10-04T00:30:00Z,Milwaukee Brewers,San Diego Padres,betmgm,alternate_totals,Over,10.5,4.6
2026-10-04T00:10:43Z,closing,347a2e725dd11a54a1d964eae3d04dd2,2026-10-04T00:30:00Z,Milwaukee Brewers,San Diego Padres,betmgm,alternate_totals,Over,11.0,6.0
2026-10-04T00:10:43Z,closing,347a2e725dd11a54a1d964eae3d04dd2,2026-10-04T00:30:00Z,Milwaukee Brewers,San Diego Padres,betmgm,alternate_totals,Over,11.5,6.25
2026-10-04T00:10:43Z,closing,347a2e725dd11a54a1d964eae3d04dd2,2026-10-04T00:30:00Z,Milwaukee Brewers,San Diego Padres,betmgm,alternate_totals,Over,12.0,7.5
2026-10-04T00:10:43Z,closing,347a2e725dd11a54a1d964eae3d04dd2,2026-10-04T00:30:00Z,Milwaukee Brewers,San Diego Padres,betmgm,alternate_totals,Over,12.5,7.75
2026-10-04T00:10:43Z,closing,347a2e725dd11a54a1d964eae3d04dd2,2026-10-04T00:30:00Z,Milwaukee Brewers,San Diego Padres,betmgm,alternate_totals,Over,3.0,1.04
2026-10-04T00:10:43Z,closing,347a2e725dd11a54a1d964eae3d04dd2,2026-10-04T00:30:00Z,Milwaukee Brewers,San Diego Padres,betmgm,alternate_totals,Over,1.5,1.01
2026-10-04T00:10:43Z,closing,347a2e725dd11a54a1d964eae3d04dd2,2026-10-04T00:30:00Z,Milwaukee Brewers,San Diego Padres,betmgm,alternate_totals,Over,2.5,1.04
2026-10-04T00:10:43Z,closing,347a2e725dd11a54a1d964eae3d04dd2,2026-10-04T00:30:00Z,Milwaukee Brewers,San Diego Padres,betmgm,alternate_totals,Over,2.0,1.01
2026-10-04T00:10:43Z,closing,347a2e725dd11a54a1d964eae3d04dd2,2026-10-04T00:30:00Z,Milwaukee Brewers,San Diego Padres,betmgm,alternate_totals,Under,3.5,5.25
2026-10-04T00:10:43Z,closing,347a2e725dd11a54a1d964eae3d04dd2,2026-10-04T00:30:00Z,Milwaukee Brewers,San Diego Padres,betmgm,alternate_totals,Under,4.0,5.0
2026-10-04T00:10:43Z,closing,347a2e725dd11a54a1d964eae3d04dd2,2026-10-04T00:30:00Z,Milwaukee Brewers,San Diego Padres,betmgm,alternate_totals,Under,4.5,3.9
2026-10-04T00:10:43Z,closing,347a2e725dd11a54a1d964eae3d04dd2,2026-10-04T00:30:00Z,Milwaukee Brewers,San Diego Padres,betmgm,alternate_totals,Under,5.0,3.5
2026-10-04T00:10:43Z,closing,347a2e725dd11a54a1d964eae3d04dd2,2026-10-04T00:30:00Z,Milwaukee Brewers,San Diego Padres,betmgm,alternate_totals,Under,5.5,2.6
2026-10-04T00:10:43Z,closing,347a2e725dd11a54a1d964eae3d04dd2,2026-10-04T00:30:00Z,Milwaukee Brewers,San Diego Padres,betmgm,alternate_totals,Under,6.0,2.4
2026-10-04T00:10:43Z,closing,347a2e725dd11a54a1d964eae3d04dd2,2026-10-04T00:30:00Z,Milwaukee Brewers,San Diego Padres,betmgm,alternate_totals,Under,6.5,2.1
2026-10-04T00:10:43Z,closing,347a2e725dd11a54a1d964eae3d04dd2,2026-10-04T00:30:00Z,Milwaukee Brewers,San Diego Padres,betmgm,alternate_totals,Under,7.0,1.85
2026-10-04T00:10:43Z,closing,347a2e725dd11a54a1d964eae3d04dd2,2026-10-04T00:30:00Z,Milwaukee Brewers,San Diego Padres,betmgm,alternate_totals,Under,7.5,1.62
2026-10-04T00:10:43Z,closing,347a2e725dd11a54a1d964eae3d04dd2,2026-10-04T00:30:00Z,Milwaukee Brewers,San Diego Padres,betmgm,alternate_totals,Under,8.0,1.48
2026-10-04T00:10:43Z,closing,347a2e725dd11a54a1d964eae3d04dd2,2026-10-04T00:30:00Z,Milwaukee Brewers,San Diego Padres,betmgm,alternate_totals,Under,8.5,1.43
2026-10-04T00:10:43Z,closing,347a2e725dd11a54a1d964eae3d04dd2,2026-10-04T00:30:00Z,Milwaukee Brewers,San Diego Padres,betmgm,alternate_totals,Under,9.0,1.31
2026-10-04T00:10:43Z,closing,347a2e725dd11a54a1d964eae3d04dd2,2026-10-04T00:30:00Z,Milwaukee Brewers,San Diego Padres,betmgm,alternate_totals,Under,9.5,1.27
2026-10-04T00:10:43Z,closing,347a2e725dd11a54a1d964eae3d04dd2,2026-10-04T00:30:00Z,Milwaukee Brewers,San Diego Padres,betmgm,alternate_totals,Under,10.0,1.19
2026-10-04T00:10:43Z,closing,347a2e725dd11a54a1d964eae3d04dd2,2026-10-04T00:30:00Z,Milwaukee Brewers,San Diego Padres,betmgm,alternate_totals,Under,10.5,1.18
2026-10-04T00:10:43Z,closing,347a2e725dd11a54a1d964eae3d04dd2,2026-10-04T00:30:00Z,Milwaukee Brewers,San Diego Padres,betmgm,alternate_totals,Under,11.0,1.11
2026-10-04T00:10:43Z,closing,347a2e725dd11a54a1d964eae3d04dd2,2026-10-04T00:30:00Z,Milwaukee Brewers,San Diego Padres,betmgm,alternate_totals,Under,11.5,1.1
2026-10-04T00:10:43Z,closing,347a2e725dd11a54a1d964eae3d04dd2,2026-10-04T00:30:00Z,Milwaukee Brewers,San Diego Padres,betmgm,alternate_totals,Under,12.0,1.07
2026-10-04T00:10:43Z,closing,347a2e725dd11a54a1d964eae3d04dd2,2026-10-04T00:30:00Z,Milwaukee Brewers,San Diego Padres,betmgm,alternate_totals,Under,12.5,1.07
2026-10-04T00:10:43Z,closing,347a2e725dd11a54a1d964eae3d04dd2,2026-10-04T00:30:00Z,Milwaukee Brewers,San Diego Padres,betmgm,alternate_totals,Under,3.0,9.5
2026-10-04T00:10:43Z,closing,347a2e725dd11a54a1d964eae3d04dd2,2026-10-04T00:30:00Z,Milwaukee Brewers,San Diego Padres,betmgm,alternate_totals,Under,1.5,15.5
2026-10-04T00:10:43Z,closing,347a2e725dd11a54a1d964eae3d04dd2,2026-10-04T00:30:00Z,Milwaukee Brewers,San Diego Padres,betmgm,alternate_totals,Under,2.5,10.0
2026-10-04T00:10:43Z,closing,347a2e725dd11a54a1d964eae3d04dd2,2026-10-04T00:30:00Z,Milwaukee Brewers,San Diego Padres,betmgm,alternate_totals,Under,2.0,15.0
2026-10-04T00:10:43Z,closing,347a2e725dd11a54a1d964eae3d04dd2,2026-10-04T00:30:00Z,Milwaukee Brewers,San Diego Padres,coolbet,alternate_spreads,Milwaukee Brewers,-2.5,2.67
2026-10-04T00:10:43Z,closing,347a2e725dd11a54a1d964eae3d04dd2,2026-10-04T00:30:00Z,Milwaukee Brewers,San Diego Padres,coolbet,alternate_spreads,Milwaukee Brewers,1.5,1.27
2026-10-04T00:10:43Z,closing,347a2e725dd11a54a1d964eae3d04dd2,2026-10-04T00:30:00Z,Milwaukee Brewers,San Diego Padres,coolbet,alternate_spreads,Milwaukee Brewers,-1.5,2.05
2026-10-04T00:10:43Z,closing,347a2e725dd11a54a1d964eae3d04dd2,2026-10-04T00:30:00Z,Milwaukee Brewers,San Diego Padres,coolbet,alternate_spreads,Milwaukee Brewers,-4.5,4.8
2026-10-04T00:10:43Z,closing,347a2e725dd11a54a1d964eae3d04dd2,2026-10-04T00:30:00Z,Milwaukee Brewers,San Diego Padres,coolbet,alternate_spreads,Milwaukee Brewers,-3.5,3.5
2026-10-04T00:10:43Z,closing,347a2e725dd11a54a1d964eae3d04dd2,2026-10-04T00:30:00Z,Milwaukee Brewers,San Diego Padres,coolbet,alternate_spreads,San Diego Padres,2.5,1.48
2026-10-04T00:10:43Z,closing,347a2e725dd11a54a1d964eae3d04dd2,2026-10-04T00:30:00Z,Milwaukee Brewers,San Diego Padres,coolbet,alternate_spreads,San Diego Padres,-1.5,3.8
2026-10-04T00:10:43Z,closing,347a2e725dd11a54a1d964eae3d04dd2,2026-10-04T00:30:00Z,Milwaukee Brewers,San Diego Padres,coolbet,alternate_spreads,San Diego Padres,1.5,1.78
2026-10-04T00:10:43Z,closing,347a2e725dd11a54a1d964eae3d04dd2,2026-10-04T00:30:00Z,Milwaukee Brewers,San Diego Padres,coolbet,alternate_spreads,San Diego Padres,4.5,1.19
2026-10-04T00:10:43Z,closing,347a2e725dd11a54a1d964eae3d04dd2,2026-10-04T00:30:00Z,Milwaukee Brewers,San Diego Padres,coolbet,alternate_spreads,San Diego Padres,3.5,1.3
2026-10-04T00:10:43Z,closing,347a2e725dd11a54a1d964eae3d04dd2,2026-10-04T00:30:00Z,Milwaukee Brewers,San Diego Padres,coolbet,alternate_totals,Over,7.0,1.95
2026-10-04T00:10:43Z,closing,347a2e725dd11a54a1d964eae3d04dd2,2026-10-04T00:30:00Z,Milwaukee Brewers,San Diego Padres,coolbet,alternate_totals,Over,6.0,1.6
2026-10-04T00:10:43Z,closing,347a2e725dd11a54a1d964eae3d04dd2,2026-10-04T00:30:00Z,Milwaukee Brewers,San Diego Padres,coolbet,alternate_totals,Over,8.0,2.45
2026-10-04T00:10:43Z,closing,347a2e725dd11a54a1d964eae3d04dd2,2026-10-04T00:30:00Z,Milwaukee Brewers,San Diego Padres,coolbet,alternate_totals,Over,5.5,1.52
2026-10-04T00:10:43Z,closing,347a2e725dd11a54a1d964eae3d04dd2,2026-10-04T00:30:00Z,Milwaukee Brewers,San Diego Padres,coolbet,alternate_totals,Over,6.5,1.75
2026-10-04T00:10:43Z,closing,347a2e725dd11a54a1d964eae3d04dd2,2026-10-04T00:30:00Z,Milwaukee Brewers,San Diego Padres,coolbet,alternate_totals,Over,8.5,2.67
2026-10-04T00:10:43Z,closing,347a2e725dd11a54a1d964eae3d04dd2,2026-10-04T00:30:00Z,Milwaukee Brewers,San Diego Padres,coolbet,alternate_totals,Over,7.5,2.2
2026-10-04T00:10:43Z,closing,347a2e725dd11a54a1d964eae3d04dd2,2026-10-04T00:30:00Z,Milwaukee Brewers,San Diego Padres,coolbet,alternate_totals,Under,7.0,1.87
2026-10-04T00:10:43Z,closing,347a2e725dd11a54a1d964eae3d04dd2,2026-10-04T00:30:00Z,Milwaukee Brewers,San Diego Padres,coolbet,alternate_totals,Under,6.0,2.35
2026-10-04T00:10:43Z,closing,347a2e725dd11a54a1d964eae3d04dd2,2026-10-04T00:30:00Z,Milwaukee Brewers,San Diego Padres,coolbet,alternate_totals,Under,8.0,1.56
2026-10-04T00:10:43Z,closing,347a2e725dd11a54a1d964eae3d04dd2,2026-10-04T00:30:00Z,Milwaukee Brewers,San Diego Padres,coolbet,alternate_totals,Under,5.5,2.55
2026-10-04T00:10:43Z,closing,347a2e725dd11a54a1d964eae3d04dd2,2026-10-04T00:30:00Z,Milwaukee Brewers,San Diego Padres,coolbet,alternate_totals,Under,6.5,2.1
2026-10-04T00:10:43Z,closing,347a2e725dd11a54a1d964eae3d04dd2,2026-10-04T00:30:00Z,Milwaukee Brewers,San Diego Padres,coolbet,alternate_totals,Under,8.5,1.48
2026-10-04T00:10:43Z,closing,347a2e725dd11a54a1d964eae3d04dd2,2026-10-04T00:30:00Z,Milwaukee Brewers,San Diego Padres,coolbet,alternate_totals,Under,7.5,1.68
2026-10-04T00:10:43Z,closing,347a2e725dd11a54a1d964eae3d04dd2,2026-10-04T00:30:00Z,Milwaukee Brewers,San Diego Padres,betrivers,alternate_spreads,Milwaukee Brewers,-3.0,3.45
2026-10-04T00:10:43Z,closing,347a2e725dd11a54a1d964eae3d04dd2,2026-10-04T00:30:00Z,Milwaukee Brewers,San Diego Padres,betrivers,alternate_spreads,Milwaukee Brewers,-1.5,2.1
2026-10-04T00:10:43Z,closing,347a2e725dd11a54a1d964eae3d04dd2,2026-10-04T00:30:00Z,Milwaukee Brewers,San Diego Padres,betrivers,alternate_spreads,Milwaukee Brewers,-2.0,2.5
2026-10-04T00:10:43Z,closing,347a2e725dd11a54a1d964eae3d04dd2,2026-10-04T00:30:00Z,Milwaukee Brewers,San Diego Padres,betrivers,alternate_spreads,Milwaukee Brewers,-4.0,4.8
2026-10-04T00:10:43Z,closing,347a2e725dd11a54a1d964eae3d04dd2,2026-10-04T00:30:00Z,Milwaukee Brewers,San Diego Padres,betrivers,alternate_spreads,Milwaukee Brewers,-3.5,3.8
2026-10-04T00:10:43Z,closing,347a2e725dd11a54a1d964eae3d04dd2,2026-10-04T00:30:00Z,Milwaukee Brewers,San Diego Padres,betrivers,alternate_spreads,Milwaukee Brewers,-2.5,2.8
2026-10-04T00:10:43Z,closing,347a2e725dd11a54a1d964eae3d04dd2,2026-10-04T00:30:00Z,Milwaukee Brewers,San Diego Padres,betrivers,alternate_spreads,Milwaukee Brewers,1.0,1.3
2026-10-04T00:10:43Z,closing,347a2e725dd11a54a1d964eae3d04dd2,2026-10-04T00:30:00Z,Milwaukee Brewers,San Diego Padres,betrivers,alternate_spreads,Milwaukee Brewers,-1.0,1.68
2026-10-04T00:10:43Z,closing,347a2e725dd11a54a1d964eae3d04dd2,2026-10-04T00:30:00Z,Milwaukee Brewers,San Diego Padres,betrivers,alternate_spreads,San Diego Padres,3.0,1.3
2026-10-04T00:10:43Z,closing,347a2e725dd11a54a1d964eae3d04dd2,2026-10-04T00:30:00Z,Milwaukee Brewers,San Diego Padres,betrivers,alternate_spreads,San Diego Padres,1.5,1.75
2026-10-04T00:10:43Z,closing,347a2e725dd11a54a1d964eae3d04dd2,2026-10-04T00:30:00Z,Milwaukee Brewers,San Diego Padres,betrivers,alternate_spreads,San Diego Padres,2.0,1.54
2026-10-04T00:10:43Z,closing,347a2e725dd11a54a1d964eae3d04dd2,2026-10-04T00:30:00Z,Milwaukee Brewers,San Diego Padres,betrivers,alternate_spreads,San Diego Padres,4.0,1.19
2026-10-04T00:10:43Z,closing,347a2e725dd11a54a1d964eae3d04dd2,2026-10-04T00:30:00Z,Milwaukee Brewers,San Diego Padres,betrivers,alternate_spreads,San Diego Padres,3.5,1.27
2026-10-04T00:10:43Z,closing,347a2e725dd11a54a1d964eae3d04dd2,2026-10-04T00:30:00Z,Milwaukee Brewers,San Diego Padres,betrivers,alternate_spreads,San Diego Padres,2.5,1.43
2026-10-04T00:10:43Z,closing,347a2e725dd11a54a1d964eae3d04dd2,2026-10-04T00:30:00Z,Milwaukee Brewers,San Diego Padres,betrivers,alternate_spreads,San Diego Padres,-1.0,3.6
2026-10-04T00:10:43Z,closing,347a2e725dd11a54a1d964eae3d04dd2,2026-10-04T00:30:00Z,Milwaukee Brewers,San Diego Padres,betrivers,alternate_spreads,San Diego Padres,1.0,2.18
2026-10-04T00:10:43Z,closing,347a2e725dd11a54a1d964eae3d04dd2,2026-10-04T00:30:00Z,Milwaukee Brewers,San Diego Padres,betrivers,alternate_totals,Over,8.5,2.8
2026-10-04T00:10:43Z,closing,347a2e725dd11a54a1d964eae3d04dd2,2026-10-04T00:30:00Z,Milwaukee Brewers,San Diego Padres,betrivers,alternate_totals,Over,7.5,2.3
2026-10-04T00:10:43Z,closing,347a2e725dd11a54a1d964eae3d04dd2,2026-10-04T00:30:00Z,Milwaukee Brewers,San Diego Padres,betrivers,alternate_totals,Over,4.5,1.28
2026-10-04T00:10:43Z,closing,347a2e725dd11a54a1d964eae3d04dd2,2026-10-04T00:30:00Z,Milwaukee Brewers,San Diego Padres,betrivers,alternate_totals,Over,5.0,1.35
2026-10-04T00:10:43Z,closing,347a2e725dd11a54a1d964eae3d04dd2,2026-10-04T00:30:00Z,Milwaukee Brewers,San Diego Padres,betrivers,alternate_totals,Over,8.0,2.6
2026-10-04T00:10:43Z,closing,347a2e725dd11a54a1d964eae3d04dd2,2026-10-04T00:30:00Z,Milwaukee Brewers,San Diego Padres,betrivers,alternate_totals,Over,9.0,3.4
2026-10-04T00:10:43Z,closing,347a2e725dd11a54a1d964eae3d04dd2,2026-10-04T00:30:00Z,Milwaukee Brewers,San Diego Padres,betrivers,alternate_totals,Over,6.5,1.8
2026-10-04T00:10:43Z,closing,347a2e725dd11a54a1d964eae3d04dd2,2026-10-04T00:30:00Z,Milwaukee Brewers,San Diego Padres,betrivers,alternate_totals,Over,7.0,2.04
2026-10-04T00:10:43Z,closing,347a2e725dd11a54a1d964eae3d04dd2,2026-10-04T00:30:00Z,Milwaukee Brewers,San Diego Padres,betrivers,alternate_totals,Over,11.0,6.1
2026-10-04T00:10:43Z,closing,347a2e725dd11a54a1d964eae3d04dd2,2026-10-04T00:30:00Z,Milwaukee Brewers,San Diego Padres,betrivers,alternate_totals,Over,9.5,3.75
2026-10-04T00:10:43Z,closing,347a2e725dd11a54a1d964eae3d04dd2,2026-10-04T00:30:00Z,Milwaukee Brewers,San Diego Padres,betrivers,alternate_totals,Over,6.0,1.65
2026-10-04T00:10:43Z,closing,347a2e725dd11a54a1d964eae3d04dd2,2026-10-04T00:30:00Z,Milwaukee Brewers,San Diego Padres,betrivers,alternate_totals,Over,10.0,4.4
2026-10-04T00:10:43Z,closing,347a2e725dd11a54a1d964eae3d04dd2,2026-10-04T00:30:00Z,Milwaukee Brewers,San Diego Padres,betrivers,alternate_totals,Over,10.5,4.7
2026-10-04T00:10:43Z,closing,347a2e725dd11a54a1d964eae3d04dd2,2026-10-04T00:30:00Z,Milwaukee Brewers,San Diego Padres,betrivers,alternate_totals,Over,5.5,1.55
2026-10-04T00:10:43Z,closing,347a2e725dd11a54a1d964eae3d04dd2,2026-10-04T00:30:00Z,Milwaukee Brewers,San Diego Padres,betrivers,alternate_totals,Under,8.5,1.44
2026-10-04T00:10:43Z,closing,347a2e725dd11a54a1d964eae3d04dd2,2026-10-04T00:30:00Z,Milwaukee Brewers,San Diego Padres,betrivers,alternate_totals,Under,7.5,1.63
2026-10-04T00:10:43Z,closing,347a2e725dd11a54a1d964eae3d04dd2,2026-10-04T00:30:00Z,Milwaukee Brewers,San Diego Padres,betrivers,alternate_totals,Under,4.5,3.7
2026-10-04T00:10:43Z,closing,347a2e725dd11a54a1d964eae3d04dd2,2026-10-04T00:30:00Z,Milwaukee Brewers,San Diego Padres,betrivers,alternate_totals,Under,5.0,3.25
2026-10-04T00:10:43Z,closing,347a2e725dd11a54a1d964eae3d04dd2,2026-10-04T00:30:00Z,Milwaukee Brewers,San Diego Padres,betrivers,alternate_totals,Under,8.0,1.5
2026-10-04T00:10:43Z,closing,347a2e725dd11a54a1d964eae3d04dd2,2026-10-04T00:30:00Z,Milwaukee Brewers,San Diego Padres,betrivers,alternate_totals,Under,9.0,1.32
2026-10-04T00:10:43Z,closing,347a2e725dd11a54a1d964eae3d04dd2,2026-10-04T00:30:00Z,Milwaukee Brewers,San Diego Padres,betrivers,alternate_totals,Under,6.5,2.02
2026-10-04T00:10:43Z,closing,347a2e725dd11a54a1d964eae3d04dd2,2026-10-04T00:30:00Z,Milwaukee Brewers,San Diego Padres,betrivers,alternate_totals,Under,7.0,1.8
2026-10-04T00:10:43Z,closing,347a2e725dd11a54a1d964eae3d04dd2,2026-10-04T00:30:00Z,Milwaukee Brewers,San Diego Padres,betrivers,alternate_totals,Under,11.0,1.13
2026-10-04T00:10:43Z,closing,347a2e725dd11a54a1d964eae3d04dd2,2026-10-04T00:30:00Z,Milwaukee Brewers,San Diego Padres,betrivers,alternate_totals,Under,9.5,1.28
2026-10-04T00:10:43Z,closing,347a2e725dd11a54a1d964eae3d04dd2,2026-10-04T00:30:00Z,Milwaukee Brewers,San Diego Padres,betrivers,alternate_totals,Under,6.0,2.28
2026-10-04T00:10:43Z,closing,347a2e725dd11a54a1d964eae3d04dd2,2026-10-04T00:30:00Z,Milwaukee Brewers,San Diego Padres,betrivers,alternate_totals,Under,10.0,1.21
2026-10-04T00:10:43Z,closing,347a2e725dd11a54a1d964eae3d04dd2,2026-10-04T00:30:00Z,Milwaukee Brewers,San Diego Padres,betrivers,alternate_totals,Under,10.5,1.2
2026-10-04T00:10:43Z,closing,347a2e725dd11a54a1d964eae3d04dd2,2026-10-04T00:30:00Z,Milwaukee Brewers,San Diego Padres,betrivers,alternate_totals,Under,5.5,2.48
2026-10-04T00:10:43Z,closing,347a2e725dd11a54a1d964eae3d04dd2,2026-10-04T00:30:00Z,Milwaukee Brewers,San Diego Padres,pinnacle,alternate_spreads,Milwaukee Brewers,-1.5,2.1
2026-10-04T00:10:43Z,closing,347a2e725dd11a54a1d964eae3d04dd2,2026-10-04T00:30:00Z,Milwaukee Brewers,San Diego Padres,pinnacle,alternate_spreads,Milwaukee Brewers,1.5,1.26
2026-10-04T00:10:43Z,closing,347a2e725dd11a54a1d964eae3d04dd2,2026-10-04T00:30:00Z,Milwaukee Brewers,San Diego Padres,pinnacle,alternate_spreads,Milwaukee Brewers,1.0,1.32
2026-10-04T00:10:43Z,closing,347a2e725dd11a54a1d964eae3d04dd2,2026-10-04T00:30:00Z,Milwaukee Brewers,San Diego Padres,pinnacle,alternate_spreads,Milwaukee Brewers,-1.0,1.7
2026-10-04T00:10:43Z,closing,347a2e725dd11a54a1d964eae3d04dd2,2026-10-04T00:30:00Z,Milwaukee Brewers,San Diego Padres,pinnacle,alternate_spreads,Milwaukee Brewers,-2.0,2.45
2026-10-04T00:10:43Z,closing,347a2e725dd11a54a1d964eae3d04dd2,2026-10-04T00:30:00Z,Milwaukee Brewers,San Diego Padres,pinnacle,alternate_spreads,Milwaukee Brewers,-2.5,2.74
2026-10-04T00:10:43Z,closing,347a2e725dd11a54a1d964eae3d04dd2,2026-10-04T00:30:00Z,Milwaukee Brewers,San Diego Padres,pinnacle,alternate_spreads,Milwaukee Brewers,-3.0,3.35
2026-10-04T00:10:43Z,closing,347a2e725dd11a54a1d964eae3d04dd2,2026-10-04T00:30:00Z,Milwaukee Brewers,San Diego Padres,pinnacle,alternate_spreads,San Diego Padres,1.5,1.83
2026-10-04T00:10:43Z,closing,347a2e725dd11a54a1d964eae3d04dd2,2026-10-04T00:30:00Z,Milwaukee Brewers,San Diego Padres,pinnacle,alternate_spreads,San Diego Padres,-1.5,3.93
2026-10-04T00:10:43Z,closing,347a2e725dd11a54a1d964eae3d04dd2,2026-10-04T00:30:00Z,Milwaukee Brewers,San Diego Padres,pinnacle,alternate_spreads,San Diego Padres,-1.0,3.56
2026-10-04T00:10:43Z,closing,347a2e725dd11a54a1d964eae3d04dd2,2026-10-04T00:30:00Z,Milwaukee Brewers,San Diego Padres,pinnacle,alternate_spreads,San Diego Padres,1.0,2.26
2026-10-04T00:10:43Z,closing,347a2e725dd11a54a1d964eae3d04dd2,2026-10-04T00:30:00Z,Milwaukee Brewers,San Diego Padres,pinnacle,alternate_spreads,San Diego Padres,2.0,1.61
2026-10-04T00:10:43Z,closing,347a2e725dd11a54a1d964eae3d04dd2,2026-10-04T00:30:00Z,Milwaukee Brewers,San Diego Padres,pinnacle,alternate_spreads,San Diego Padres,2.5,1.49
2026-10-04T00:10:43Z,closing,347a2e725dd11a54a1d964eae3d04dd2,2026-10-04T00:30:00Z,Milwaukee Brewers,San Diego Padres,pinnacle,alternate_spreads,San Diego Padres,3.0,1.34
2026-10-04T00:10:43Z,closing,347a2e725dd11a54a1d964eae3d04dd2,2026-10-04T00:30:00Z,Milwaukee Brewers,San Diego Padres,pinnacle,alternate_totals,Over,7.0,2.03
2026-10-04T00:10:43Z,closing,347a2e725dd11a54a1d964eae3d04dd2,2026-10-04T00:30:00Z,Milwaukee Brewers,San Diego Padres,pinnacle,alternate_totals,Over,5.5,1.53
2026-10-04T00:10:43Z,closing,347a2e725dd11a54a1d964eae3d04dd2,2026-10-04T00:30:00Z,Milwaukee Brewers,San Diego Padres,pinnacle,alternate_totals,Over,6.0,1.62
2026-10-04T00:10:43Z,closing,347a2e725dd11a54a1d964eae3d04dd2,2026-10-04T00:30:00Z,Milwaukee Brewers,San Diego Padres,pinnacle,alternate_totals,Over,6.5,1.79
2026-10-04T00:10:43Z,closing,347a2e725dd11a54a1d964eae3d04dd2,2026-10-04T00:30:00Z,Milwaukee Brewers,San Diego Padres,pinnacle,alternate_totals,Over,7.5,2.29
2026-10-04T00:10:43Z,closing,347a2e725dd11a54a1d964eae3d04dd2,2026-10-04T00:30:00Z,Milwaukee Brewers,San Diego Padres,pinnacle,alternate_totals,Over,8.0,2.58
2026-10-04T00:10:43Z,closing,347a2e725dd11a54a1d964eae3d04dd2,2026-10-04T00:30:00Z,Milwaukee Brewers,San Diego Padres,pinnacle,alternate_totals,Over,8.5,2.76
2026-10-04T00:10:43Z,closing,347a2e725dd11a54a1d964eae3d04dd2,2026-10-04T00:30:00Z,Milwaukee Brewers,San Diego Padres,pinnacle,alternate_totals,Under,7.0,1.86
2026-10-04T00:10:43Z,closing,347a2e725dd11a54a1d964eae3d04dd2,2026-10-04T00:30:00Z,Milwaukee Brewers,San Diego Padres,pinnacle,alternate_totals,Under,5.5,2.59
2026-10-04T00:10:43Z,closing,347a2e725dd11a54a1d964eae3d04dd2,2026-10-04T00:30:00Z,Milwaukee Brewers,San Diego Padres,pinnacle,alternate_totals,Under,6.0,2.38
2026-10-04T00:10:43Z,closing,347a2e725dd11a54a1d964eae3d04dd2,2026-10-04T00:30:00Z,Milwaukee Brewers,San Diego Padres,pinnacle,alternate_totals,Under,6.5,2.11
2026-10-04T00:10:43Z,closing,347a2e725dd11a54a1d964eae3d04dd2,2026-10-04T00:30:00Z,Milwaukee Brewers,San Diego Padres,pinnacle,alternate_totals,Under,7.5,1.67
2026-10-04T00:10:43Z,closing,347a2e725dd11a54a1d964eae3d04dd2,2026-10-04T00:30:00Z,Milwaukee Brewers,San Diego Padres,pinnacle,alternate_totals,Under,8.0,1.54
2026-10-04T00:10:43Z,closing,347a2e725dd11a54a1d964eae3d04dd2,2026-10-04T00:30:00Z,Milwaukee Brewers,San Diego Padres,pinnacle,alternate_totals,Under,8.5,1.47
2026-10-04T07:08:58Z,scheduled,6da40e91a31110e51e84ba5671996deb,2026-10-04T20:00:00Z,Milwaukee Brewers,San Diego Padres,fanduel,h2h,Milwaukee Brewers,,1.69
2026-10-04T07:08:58Z,scheduled,6da40e91a31110e51e84ba5671996deb,2026-10-04T20:00:00Z,Milwaukee Brewers,San Diego Padres,fanduel,h2h,San Diego Padres,,2.22
2026-10-04T07:08:58Z,scheduled,6da40e91a31110e51e84ba5671996deb,2026-10-04T20:00:00Z,Milwaukee Brewers,San Diego Padres,fanduel,spreads,Milwaukee Brewers,-1.5,2.55
2026-10-04T07:08:58Z,scheduled,6da40e91a31110e51e84ba5671996deb,2026-10-04T20:00:00Z,Milwaukee Brewers,San Diego Padres,fanduel,spreads,San Diego Padres,1.5,1.53
2026-10-04T07:08:58Z,scheduled,6da40e91a31110e51e84ba5671996deb,2026-10-04T20:00:00Z,Milwaukee Brewers,San Diego Padres,fanduel,totals,Over,7.5,2.16
2026-10-04T07:08:58Z,scheduled,6da40e91a31110e51e84ba5671996deb,2026-10-04T20:00:00Z,Milwaukee Brewers,San Diego Padres,fanduel,totals,Under,7.5,1.7
2026-10-04T07:08:58Z,scheduled,6da40e91a31110e51e84ba5671996deb,2026-10-04T20:00:00Z,Milwaukee Brewers,San Diego Padres,betmgm,h2h,Milwaukee Brewers,,1.67
2026-10-04T07:08:58Z,scheduled,6da40e91a31110e51e84ba5671996deb,2026-10-04T20:00:00Z,Milwaukee Brewers,San Diego Padres,betmgm,h2h,San Diego Padres,,2.25
2026-10-04T07:08:58Z,scheduled,6da40e91a31110e51e84ba5671996deb,2026-10-04T20:00:00Z,Milwaukee Brewers,San Diego Padres,betmgm,spreads,Milwaukee Brewers,-1.5,2.54
2026-10-04T07:08:58Z,scheduled,6da40e91a31110e51e84ba5671996deb,2026-10-04T20:00:00Z,Milwaukee Brewers,San Diego Padres,betmgm,spreads,San Diego Padres,1.5,1.54
2026-10-04T07:08:58Z,scheduled,6da40e91a31110e51e84ba5671996deb,2026-10-04T20:00:00Z,Milwaukee Brewers,San Diego Padres,betmgm,totals,Over,7.0,1.91
2026-10-04T07:08:58Z,scheduled,6da40e91a31110e51e84ba5671996deb,2026-10-04T20:00:00Z,Milwaukee Brewers,San Diego Padres,betmgm,totals,Under,7.0,1.91
2026-10-04T07:08:58Z,scheduled,6da40e91a31110e51e84ba5671996deb,2026-10-04T20:00:00Z,Milwaukee Brewers,San Diego Padres,coolbet,h2h,Milwaukee Brewers,,1.68
2026-10-04T07:08:58Z,scheduled,6da40e91a31110e51e84ba5671996deb,2026-10-04T20:00:00Z,Milwaukee Brewers,San Diego Padres,coolbet,h2h,San Diego Padres,,2.2
2026-10-04T07:08:58Z,scheduled,6da40e91a31110e51e84ba5671996deb,2026-10-04T20:00:00Z,Milwaukee Brewers,San Diego Padres,coolbet,spreads,Milwaukee Brewers,-1.5,2.5
2026-10-04T07:08:58Z,scheduled,6da40e91a31110e51e84ba5671996deb,2026-10-04T20:00:00Z,Milwaukee Brewers,San Diego Padres,coolbet,spreads,San Diego Padres,1.5,1.54
2026-10-04T07:08:58Z,scheduled,6da40e91a31110e51e84ba5671996deb,2026-10-04T20:00:00Z,Milwaukee Brewers,San Diego Padres,coolbet,totals,Over,7.0,1.89
2026-10-04T07:08:58Z,scheduled,6da40e91a31110e51e84ba5671996deb,2026-10-04T20:00:00Z,Milwaukee Brewers,San Diego Padres,coolbet,totals,Under,7.0,1.92
2026-10-04T07:08:58Z,scheduled,6da40e91a31110e51e84ba5671996deb,2026-10-04T20:00:00Z,Milwaukee Brewers,San Diego Padres,draftkings,h2h,Milwaukee Brewers,,1.7
2026-10-04T07:08:58Z,scheduled,6da40e91a31110e51e84ba5671996deb,2026-10-04T20:00:00Z,Milwaukee Brewers,San Diego Padres,draftkings,h2h,San Diego Padres,,2.19
2026-10-04T07:08:58Z,scheduled,6da40e91a31110e51e84ba5671996deb,2026-10-04T20:00:00Z,Milwaukee Brewers,San Diego Padres,draftkings,spreads,Milwaukee Brewers,-1.5,2.48
2026-10-04T07:08:58Z,scheduled,6da40e91a31110e51e84ba5671996deb,2026-10-04T20:00:00Z,Milwaukee Brewers,San Diego Padres,draftkings,spreads,San Diego Padres,1.5,1.56
2026-10-04T07:08:58Z,scheduled,6da40e91a31110e51e84ba5671996deb,2026-10-04T20:00:00Z,Milwaukee Brewers,San Diego Padres,draftkings,totals,Over,7.0,1.88
2026-10-04T07:08:58Z,scheduled,6da40e91a31110e51e84ba5671996deb,2026-10-04T20:00:00Z,Milwaukee Brewers,San Diego Padres,draftkings,totals,Under,7.0,1.93
2026-10-04T07:08:58Z,scheduled,6da40e91a31110e51e84ba5671996deb,2026-10-04T20:00:00Z,Milwaukee Brewers,San Diego Padres,betsson,h2h,Milwaukee Brewers,,1.69
2026-10-04T07:08:58Z,scheduled,6da40e91a31110e51e84ba5671996deb,2026-10-04T20:00:00Z,Milwaukee Brewers,San Diego Padres,betsson,h2h,San Diego Padres,,2.16
2026-10-04T07:08:58Z,scheduled,6da40e91a31110e51e84ba5671996deb,2026-10-04T20:00:00Z,Milwaukee Brewers,San Diego Padres,betsson,spreads,Milwaukee Brewers,-1.5,2.42
2026-10-04T07:08:58Z,scheduled,6da40e91a31110e51e84ba5671996deb,2026-10-04T20:00:00Z,Milwaukee Brewers,San Diego Padres,betsson,spreads,San Diego Padres,1.5,1.54
2026-10-04T07:08:58Z,scheduled,6da40e91a31110e51e84ba5671996deb,2026-10-04T20:00:00Z,Milwaukee Brewers,San Diego Padres,betsson,totals,Over,7.0,1.83
2026-10-04T07:08:58Z,scheduled,6da40e91a31110e51e84ba5671996deb,2026-10-04T20:00:00Z,Milwaukee Brewers,San Diego Padres,betsson,totals,Under,7.0,1.93
2026-10-04T07:08:58Z,scheduled,6da40e91a31110e51e84ba5671996deb,2026-10-04T20:00:00Z,Milwaukee Brewers,San Diego Padres,betrivers,h2h,Milwaukee Brewers,,1.71
2026-10-04T07:08:58Z,scheduled,6da40e91a31110e51e84ba5671996deb,2026-10-04T20:00:00Z,Milwaukee Brewers,San Diego Padres,betrivers,h2h,San Diego Padres,,2.18
2026-10-04T07:08:58Z,scheduled,6da40e91a31110e51e84ba5671996deb,2026-10-04T20:00:00Z,Milwaukee Brewers,San Diego Padres,betrivers,spreads,Milwaukee Brewers,-1.5,2.5
2026-10-04T07:08:58Z,scheduled,6da40e91a31110e51e84ba5671996deb,2026-10-04T20:00:00Z,Milwaukee Brewers,San Diego Padres,betrivers,spreads,San Diego Padres,1.5,1.54
2026-10-04T07:08:58Z,scheduled,6da40e91a31110e51e84ba5671996deb,2026-10-04T20:00:00Z,Milwaukee Brewers,San Diego Padres,betrivers,totals,Over,7.0,1.92
2026-10-04T07:08:58Z,scheduled,6da40e91a31110e51e84ba5671996deb,2026-10-04T20:00:00Z,Milwaukee Brewers,San Diego Padres,betrivers,totals,Under,7.0,1.89
2026-10-04T07:08:58Z,scheduled,6da40e91a31110e51e84ba5671996deb,2026-10-04T20:00:00Z,Milwaukee Brewers,San Diego Padres,betfair_ex_eu,h2h,Milwaukee Brewers,,1.74
2026-10-04T07:08:58Z,scheduled,6da40e91a31110e51e84ba5671996deb,2026-10-04T20:00:00Z,Milwaukee Brewers,San Diego Padres,betfair_ex_eu,h2h,San Diego Padres,,2.24
2026-10-04T07:08:58Z,scheduled,6da40e91a31110e51e84ba5671996deb,2026-10-04T20:00:00Z,Milwaukee Brewers,San Diego Padres,betfair_ex_eu,h2h_lay,Milwaukee Brewers,,1.81
2026-10-04T07:08:58Z,scheduled,6da40e91a31110e51e84ba5671996deb,2026-10-04T20:00:00Z,Milwaukee Brewers,San Diego Padres,betfair_ex_eu,h2h_lay,San Diego Padres,,2.36
2026-10-04T07:08:58Z,scheduled,6da40e91a31110e51e84ba5671996deb,2026-10-04T20:00:00Z,Milwaukee Brewers,San Diego Padres,matchbook,h2h,Milwaukee Brewers,,1.7
2026-10-04T07:08:58Z,scheduled,6da40e91a31110e51e84ba5671996deb,2026-10-04T20:00:00Z,Milwaukee Brewers,San Diego Padres,matchbook,h2h,San Diego Padres,,2.2
2026-10-04T07:08:58Z,scheduled,6da40e91a31110e51e84ba5671996deb,2026-10-04T20:00:00Z,Milwaukee Brewers,San Diego Padres,matchbook,h2h_lay,Milwaukee Brewers,,1.84
2026-10-04T07:08:58Z,scheduled,6da40e91a31110e51e84ba5671996deb,2026-10-04T20:00:00Z,Milwaukee Brewers,San Diego Padres,matchbook,h2h_lay,San Diego Padres,,2.44
2026-10-04T07:08:58Z,scheduled,6da40e91a31110e51e84ba5671996deb,2026-10-04T20:00:00Z,Milwaukee Brewers,San Diego Padres,matchbook,spreads,Milwaukee Brewers,-1.5,2.52
2026-10-04T07:08:58Z,scheduled,6da40e91a31110e51e84ba5671996deb,2026-10-04T20:00:00Z,Milwaukee Brewers,San Diego Padres,matchbook,spreads,San Diego Padres,1.5,1.54
2026-10-04T07:08:58Z,scheduled,6da40e91a31110e51e84ba5671996deb,2026-10-04T20:00:00Z,Milwaukee Brewers,San Diego Padres,matchbook,totals,Over,7.5,2.12
2026-10-04T07:08:58Z,scheduled,6da40e91a31110e51e84ba5671996deb,2026-10-04T20:00:00Z,Milwaukee Brewers,San Diego Padres,matchbook,totals,Under,7.5,1.74
2026-10-04T07:08:58Z,scheduled,583202487b52f61769b2404a64e01c77,2026-10-05T00:00:00Z,Los Angeles Dodgers,Atlanta Braves,fanduel,h2h,Atlanta Braves,,2.26
2026-10-04T07:08:58Z,scheduled,583202487b52f61769b2404a64e01c77,2026-10-05T00:00:00Z,Los Angeles Dodgers,Atlanta Braves,fanduel,h2h,Los Angeles Dodgers,,1.68
2026-10-04T07:08:58Z,scheduled,583202487b52f61769b2404a64e01c77,2026-10-05T00:00:00Z,Los Angeles Dodgers,Atlanta Braves,fanduel,spreads,Atlanta Braves,1.5,1.54
2026-10-04T07:08:58Z,scheduled,583202487b52f61769b2404a64e01c77,2026-10-05T00:00:00Z,Los Angeles Dodgers,Atlanta Braves,fanduel,spreads,Los Angeles Dodgers,-1.5,2.5
2026-10-04T07:08:58Z,scheduled,583202487b52f61769b2404a64e01c77,2026-10-05T00:00:00Z,Los Angeles Dodgers,Atlanta Braves,fanduel,totals,Over,7.5,2.14
2026-10-04T07:08:58Z,scheduled,583202487b52f61769b2404a64e01c77,2026-10-05T00:00:00Z,Los Angeles Dodgers,Atlanta Braves,fanduel,totals,Under,7.5,1.71
2026-10-04T07:08:58Z,scheduled,583202487b52f61769b2404a64e01c77,2026-10-05T00:00:00Z,Los Angeles Dodgers,Atlanta Braves,coolbet,h2h,Atlanta Braves,,2.25
2026-10-04T07:08:58Z,scheduled,583202487b52f61769b2404a64e01c77,2026-10-05T00:00:00Z,Los Angeles Dodgers,Atlanta Braves,coolbet,h2h,Los Angeles Dodgers,,1.65
2026-10-04T07:08:58Z,scheduled,583202487b52f61769b2404a64e01c77,2026-10-05T00:00:00Z,Los Angeles Dodgers,Atlanta Braves,coolbet,spreads,Atlanta Braves,1.5,1.57
2026-10-04T07:08:58Z,scheduled,583202487b52f61769b2404a64e01c77,2026-10-05T00:00:00Z,Los Angeles Dodgers,Atlanta Braves,coolbet,spreads,Los Angeles Dodgers,-1.5,2.42
2026-10-04T07:08:58Z,scheduled,583202487b52f61769b2404a64e01c77,2026-10-05T00:00:00Z,Los Angeles Dodgers,Atlanta Braves,coolbet,totals,Over,7.0,1.89
2026-10-04T07:08:58Z,scheduled,583202487b52f61769b2404a64e01c77,2026-10-05T00:00:00Z,Los Angeles Dodgers,Atlanta Braves,coolbet,totals,Under,7.0,1.92
2026-10-04T07:08:58Z,scheduled,583202487b52f61769b2404a64e01c77,2026-10-05T00:00:00Z,Los Angeles Dodgers,Atlanta Braves,betmgm,h2h,Atlanta Braves,,2.2
2026-10-04T07:08:58Z,scheduled,583202487b52f61769b2404a64e01c77,2026-10-05T00:00:00Z,Los Angeles Dodgers,Atlanta Braves,betmgm,h2h,Los Angeles Dodgers,,1.69
2026-10-04T07:08:58Z,scheduled,583202487b52f61769b2404a64e01c77,2026-10-05T00:00:00Z,Los Angeles Dodgers,Atlanta Braves,betmgm,totals,Over,7.0,1.87
2026-10-04T07:08:58Z,scheduled,583202487b52f61769b2404a64e01c77,2026-10-05T00:00:00Z,Los Angeles Dodgers,Atlanta Braves,betmgm,totals,Under,7.0,1.95
2026-10-04T07:08:58Z,scheduled,583202487b52f61769b2404a64e01c77,2026-10-05T00:00:00Z,Los Angeles Dodgers,Atlanta Braves,draftkings,h2h,Atlanta Braves,,2.3
2026-10-04T07:08:58Z,scheduled,583202487b52f61769b2404a64e01c77,2026-10-05T00:00:00Z,Los Angeles Dodgers,Atlanta Braves,draftkings,h2h,Los Angeles Dodgers,,1.63
2026-10-04T07:08:58Z,scheduled,583202487b52f61769b2404a64e01c77,2026-10-05T00:00:00Z,Los Angeles Dodgers,Atlanta Braves,draftkings,spreads,Atlanta Braves,1.5,1.57
2026-10-04T07:08:58Z,scheduled,583202487b52f61769b2404a64e01c77,2026-10-05T00:00:00Z,Los Angeles Dodgers,Atlanta Braves,draftkings,spreads,Los Angeles Dodgers,-1.5,2.45
2026-10-04T07:08:58Z,scheduled,583202487b52f61769b2404a64e01c77,2026-10-05T00:00:00Z,Los Angeles Dodgers,Atlanta Braves,draftkings,totals,Over,7.0,1.91
2026-10-04T07:08:58Z,scheduled,583202487b52f61769b2404a64e01c77,2026-10-05T00:00:00Z,Los Angeles Dodgers,Atlanta Braves,draftkings,totals,Under,7.0,1.91
2026-10-04T07:08:58Z,scheduled,583202487b52f61769b2404a64e01c77,2026-10-05T00:00:00Z,Los Angeles Dodgers,Atlanta Braves,betsson,h2h,Atlanta Braves,,2.27
2026-10-04T07:08:58Z,scheduled,583202487b52f61769b2404a64e01c77,2026-10-05T00:00:00Z,Los Angeles Dodgers,Atlanta Braves,betsson,h2h,Los Angeles Dodgers,,1.63
2026-10-04T07:08:58Z,scheduled,583202487b52f61769b2404a64e01c77,2026-10-05T00:00:00Z,Los Angeles Dodgers,Atlanta Braves,betsson,spreads,Atlanta Braves,1.5,1.58
2026-10-04T07:08:58Z,scheduled,583202487b52f61769b2404a64e01c77,2026-10-05T00:00:00Z,Los Angeles Dodgers,Atlanta Braves,betsson,spreads,Los Angeles Dodgers,-1.5,2.32
2026-10-04T07:08:58Z,scheduled,583202487b52f61769b2404a64e01c77,2026-10-05T00:00:00Z,Los Angeles Dodgers,Atlanta Braves,betsson,totals,Over,7.0,1.86
2026-10-04T07:08:58Z,scheduled,583202487b52f61769b2404a64e01c77,2026-10-05T00:00:00Z,Los Angeles Dodgers,Atlanta Braves,betsson,totals,Under,7.0,1.9
2026-10-04T07:08:58Z,scheduled,583202487b52f61769b2404a64e01c77,2026-10-05T00:00:00Z,Los Angeles Dodgers,Atlanta Braves,betrivers,h2h,Atlanta Braves,,2.28
2026-10-04T07:08:58Z,scheduled,583202487b52f61769b2404a64e01c77,2026-10-05T00:00:00Z,Los Angeles Dodgers,Atlanta Braves,betrivers,h2h,Los Angeles Dodgers,,1.65
2026-10-04T07:08:58Z,scheduled,583202487b52f61769b2404a64e01c77,2026-10-05T00:00:00Z,Los Angeles Dodgers,Atlanta Braves,betrivers,spreads,Atlanta Braves,1.5,1.56
2026-10-04T07:08:58Z,scheduled,583202487b52f61769b2404a64e01c77,2026-10-05T00:00:00Z,Los Angeles Dodgers,Atlanta Braves,betrivers,spreads,Los Angeles Dodgers,-1.5,2.48
2026-10-04T07:08:58Z,scheduled,583202487b52f61769b2404a64e01c77,2026-10-05T00:00:00Z,Los Angeles Dodgers,Atlanta Braves,betrivers,totals,Over,7.0,1.87
2026-10-04T07:08:58Z,scheduled,583202487b52f61769b2404a64e01c77,2026-10-05T00:00:00Z,Los Angeles Dodgers,Atlanta Braves,betrivers,totals,Under,7.0,1.94
2026-10-04T07:08:58Z,scheduled,583202487b52f61769b2404a64e01c77,2026-10-05T00:00:00Z,Los Angeles Dodgers,Atlanta Braves,matchbook,h2h,Atlanta Braves,,2.38
2026-10-04T07:08:58Z,scheduled,583202487b52f61769b2404a64e01c77,2026-10-05T00:00:00Z,Los Angeles Dodgers,Atlanta Braves,matchbook,h2h,Los Angeles Dodgers,,1.66
2026-10-04T07:08:58Z,scheduled,583202487b52f61769b2404a64e01c77,2026-10-05T00:00:00Z,Los Angeles Dodgers,Atlanta Braves,matchbook,h2h_lay,Atlanta Braves,,2.52
2026-10-04T07:08:58Z,scheduled,583202487b52f61769b2404a64e01c77,2026-10-05T00:00:00Z,Los Angeles Dodgers,Atlanta Braves,matchbook,h2h_lay,Los Angeles Dodgers,,1.73
2026-10-04T07:08:58Z,scheduled,583202487b52f61769b2404a64e01c77,2026-10-05T00:00:00Z,Los Angeles Dodgers,Atlanta Braves,matchbook,spreads,Atlanta Braves,1.5,1.62
2026-10-04T07:08:58Z,scheduled,583202487b52f61769b2404a64e01c77,2026-10-05T00:00:00Z,Los Angeles Dodgers,Atlanta Braves,matchbook,spreads,Los Angeles Dodgers,-1.5,2.44
2026-10-04T07:08:58Z,scheduled,583202487b52f61769b2404a64e01c77,2026-10-05T00:00:00Z,Los Angeles Dodgers,Atlanta Braves,matchbook,totals,Over,7.5,2.2
2026-10-04T07:08:58Z,scheduled,583202487b52f61769b2404a64e01c77,2026-10-05T00:00:00Z,Los Angeles Dodgers,Atlanta Braves,matchbook,totals,Under,7.5,1.73
2026-10-04T07:08:58Z,scheduled,583202487b52f61769b2404a64e01c77,2026-10-05T00:00:00Z,Los Angeles Dodgers,Atlanta Braves,pinnacle,h2h,Atlanta Braves,,2.37
2026-10-04T07:08:58Z,scheduled,583202487b52f61769b2404a64e01c77,2026-10-05T00:00:00Z,Los Angeles Dodgers,Atlanta Braves,pinnacle,h2h,Los Angeles Dodgers,,1.66
2026-10-04T07:08:58Z,scheduled,583202487b52f61769b2404a64e01c77,2026-10-05T00:00:00Z,Los Angeles Dodgers,Atlanta Braves,pinnacle,spreads,Atlanta Braves,1.5,1.6
2026-10-04T07:08:58Z,scheduled,583202487b52f61769b2404a64e01c77,2026-10-05T00:00:00Z,Los Angeles Dodgers,Atlanta Braves,pinnacle,spreads,Los Angeles Dodgers,-1.5,2.46
2026-10-04T07:08:58Z,scheduled,583202487b52f61769b2404a64e01c77,2026-10-05T00:00:00Z,Los Angeles Dodgers,Atlanta Braves,pinnacle,totals,Over,7.0,1.93
2026-10-04T07:08:58Z,scheduled,583202487b52f61769b2404a64e01c77,2026-10-05T00:00:00Z,Los Angeles Dodgers,Atlanta Braves,pinnacle,totals,Under,7.0,1.93
2026-10-04T07:08:58Z,scheduled,583202487b52f61769b2404a64e01c77,2026-10-05T00:00:00Z,Los Angeles Dodgers,Atlanta Braves,betfair_ex_eu,h2h,Atlanta Braves,,2.36
2026-10-04T07:08:58Z,scheduled,583202487b52f61769b2404a64e01c77,2026-10-05T00:00:00Z,Los Angeles Dodgers,Atlanta Braves,betfair_ex_eu,h2h,Los Angeles Dodgers,,1.7
2026-10-04T07:08:58Z,scheduled,583202487b52f61769b2404a64e01c77,2026-10-05T00:00:00Z,Los Angeles Dodgers,Atlanta Braves,betfair_ex_eu,h2h_lay,Atlanta Braves,,2.44
2026-10-04T07:08:58Z,scheduled,583202487b52f61769b2404a64e01c77,2026-10-05T00:00:00Z,Los Angeles Dodgers,Atlanta Braves,betfair_ex_eu,h2h_lay,Los Angeles Dodgers,,1.73
2026-10-04T15:09:46Z,scheduled,6da40e91a31110e51e84ba5671996deb,2026-10-04T20:00:00Z,Milwaukee Brewers,San Diego Padres,fanduel,h2h,Milwaukee Brewers,,1.75
2026-10-04T15:09:46Z,scheduled,6da40e91a31110e51e84ba5671996deb,2026-10-04T20:00:00Z,Milwaukee Brewers,San Diego Padres,fanduel,h2h,San Diego Padres,,2.14
2026-10-04T15:09:46Z,scheduled,6da40e91a31110e51e84ba5671996deb,2026-10-04T20:00:00Z,Milwaukee Brewers,San Diego Padres,fanduel,spreads,Milwaukee Brewers,-1.5,2.62
2026-10-04T15:09:46Z,scheduled,6da40e91a31110e51e84ba5671996deb,2026-10-04T20:00:00Z,Milwaukee Brewers,San Diego Padres,fanduel,spreads,San Diego Padres,1.5,1.51
2026-10-04T15:09:46Z,scheduled,6da40e91a31110e51e84ba5671996deb,2026-10-04T20:00:00Z,Milwaukee Brewers,San Diego Padres,fanduel,totals,Over,7.5,2.16
2026-10-04T15:09:46Z,scheduled,6da40e91a31110e51e84ba5671996deb,2026-10-04T20:00:00Z,Milwaukee Brewers,San Diego Padres,fanduel,totals,Under,7.5,1.7
2026-10-04T15:09:46Z,scheduled,6da40e91a31110e51e84ba5671996deb,2026-10-04T20:00:00Z,Milwaukee Brewers,San Diego Padres,betmgm,h2h,Milwaukee Brewers,,1.74
2026-10-04T15:09:46Z,scheduled,6da40e91a31110e51e84ba5671996deb,2026-10-04T20:00:00Z,Milwaukee Brewers,San Diego Padres,betmgm,h2h,San Diego Padres,,2.15
2026-10-04T15:09:46Z,scheduled,6da40e91a31110e51e84ba5671996deb,2026-10-04T20:00:00Z,Milwaukee Brewers,San Diego Padres,betmgm,spreads,Milwaukee Brewers,-1.5,2.7
2026-10-04T15:09:46Z,scheduled,6da40e91a31110e51e84ba5671996deb,2026-10-04T20:00:00Z,Milwaukee Brewers,San Diego Padres,betmgm,spreads,San Diego Padres,1.5,1.48
2026-10-04T15:09:46Z,scheduled,6da40e91a31110e51e84ba5671996deb,2026-10-04T20:00:00Z,Milwaukee Brewers,San Diego Padres,betmgm,totals,Over,7.0,1.85
2026-10-04T15:09:46Z,scheduled,6da40e91a31110e51e84ba5671996deb,2026-10-04T20:00:00Z,Milwaukee Brewers,San Diego Padres,betmgm,totals,Under,7.0,1.98
2026-10-04T15:09:46Z,scheduled,6da40e91a31110e51e84ba5671996deb,2026-10-04T20:00:00Z,Milwaukee Brewers,San Diego Padres,coolbet,h2h,Milwaukee Brewers,,1.71
2026-10-04T15:09:46Z,scheduled,6da40e91a31110e51e84ba5671996deb,2026-10-04T20:00:00Z,Milwaukee Brewers,San Diego Padres,coolbet,h2h,San Diego Padres,,2.15
2026-10-04T15:09:46Z,scheduled,6da40e91a31110e51e84ba5671996deb,2026-10-04T20:00:00Z,Milwaukee Brewers,San Diego Padres,coolbet,spreads,Milwaukee Brewers,-1.5,2.6
2026-10-04T15:09:46Z,scheduled,6da40e91a31110e51e84ba5671996deb,2026-10-04T20:00:00Z,Milwaukee Brewers,San Diego Padres,coolbet,spreads,San Diego Padres,1.5,1.5
2026-10-04T15:09:46Z,scheduled,6da40e91a31110e51e84ba5671996deb,2026-10-04T20:00:00Z,Milwaukee Brewers,San Diego Padres,coolbet,totals,Over,7.0,1.89
2026-10-04T15:09:46Z,scheduled,6da40e91a31110e51e84ba5671996deb,2026-10-04T20:00:00Z,Milwaukee Brewers,San Diego Padres,coolbet,totals,Under,7.0,1.92
2026-10-04T15:09:46Z,scheduled,6da40e91a31110e51e84ba5671996deb,2026-10-04T20:00:00Z,Milwaukee Brewers,San Diego Padres,draftkings,h2h,Milwaukee Brewers,,1.73
2026-10-04T15:09:46Z,scheduled,6da40e91a31110e51e84ba5671996deb,2026-10-04T20:00:00Z,Milwaukee Brewers,San Diego Padres,draftkings,h2h,San Diego Padres,,2.14
2026-10-04T15:09:46Z,scheduled,6da40e91a31110e51e84ba5671996deb,2026-10-04T20:00:00Z,Milwaukee Brewers,San Diego Padres,draftkings,spreads,Milwaukee Brewers,-1.5,2.61
2026-10-04T15:09:46Z,scheduled,6da40e91a31110e51e84ba5671996deb,2026-10-04T20:00:00Z,Milwaukee Brewers,San Diego Padres,draftkings,spreads,San Diego Padres,1.5,1.51
2026-10-04T15:09:46Z,scheduled,6da40e91a31110e51e84ba5671996deb,2026-10-04T20:00:00Z,Milwaukee Brewers,San Diego Padres,draftkings,totals,Over,7.0,1.87
2026-10-04T15:09:46Z,scheduled,6da40e91a31110e51e84ba5671996deb,2026-10-04T20:00:00Z,Milwaukee Brewers,San Diego Padres,draftkings,totals,Under,7.0,1.96
2026-10-04T15:09:46Z,scheduled,6da40e91a31110e51e84ba5671996deb,2026-10-04T20:00:00Z,Milwaukee Brewers,San Diego Padres,betsson,h2h,Milwaukee Brewers,,1.72
2026-10-04T15:09:46Z,scheduled,6da40e91a31110e51e84ba5671996deb,2026-10-04T20:00:00Z,Milwaukee Brewers,San Diego Padres,betsson,h2h,San Diego Padres,,2.12
2026-10-04T15:09:46Z,scheduled,6da40e91a31110e51e84ba5671996deb,2026-10-04T20:00:00Z,Milwaukee Brewers,San Diego Padres,betsson,spreads,Milwaukee Brewers,-1.5,2.45
2026-10-04T15:09:46Z,scheduled,6da40e91a31110e51e84ba5671996deb,2026-10-04T20:00:00Z,Milwaukee Brewers,San Diego Padres,betsson,spreads,San Diego Padres,1.5,1.53
2026-10-04T15:09:46Z,scheduled,6da40e91a31110e51e84ba5671996deb,2026-10-04T20:00:00Z,Milwaukee Brewers,San Diego Padres,betsson,totals,Over,7.0,1.8
2026-10-04T15:09:46Z,scheduled,6da40e91a31110e51e84ba5671996deb,2026-10-04T20:00:00Z,Milwaukee Brewers,San Diego Padres,betsson,totals,Under,7.0,1.97
2026-10-04T15:09:46Z,scheduled,6da40e91a31110e51e84ba5671996deb,2026-10-04T20:00:00Z,Milwaukee Brewers,San Diego Padres,betrivers,h2h,Milwaukee Brewers,,1.71
2026-10-04T15:09:46Z,scheduled,6da40e91a31110e51e84ba5671996deb,2026-10-04T20:00:00Z,Milwaukee Brewers,San Diego Padres,betrivers,h2h,San Diego Padres,,2.18
2026-10-04T15:09:46Z,scheduled,6da40e91a31110e51e84ba5671996deb,2026-10-04T20:00:00Z,Milwaukee Brewers,San Diego Padres,betrivers,spreads,Milwaukee Brewers,-1.5,2.5
2026-10-04T15:09:46Z,scheduled,6da40e91a31110e51e84ba5671996deb,2026-10-04T20:00:00Z,Milwaukee Brewers,San Diego Padres,betrivers,spreads,San Diego Padres,1.5,1.54
2026-10-04T15:09:46Z,scheduled,6da40e91a31110e51e84ba5671996deb,2026-10-04T20:00:00Z,Milwaukee Brewers,San Diego Padres,betrivers,totals,Over,7.0,1.92
2026-10-04T15:09:46Z,scheduled,6da40e91a31110e51e84ba5671996deb,2026-10-04T20:00:00Z,Milwaukee Brewers,San Diego Padres,betrivers,totals,Under,7.0,1.89
2026-10-04T15:09:46Z,scheduled,6da40e91a31110e51e84ba5671996deb,2026-10-04T20:00:00Z,Milwaukee Brewers,San Diego Padres,betfair_ex_eu,h2h,Milwaukee Brewers,,1.81
2026-10-04T15:09:46Z,scheduled,6da40e91a31110e51e84ba5671996deb,2026-10-04T20:00:00Z,Milwaukee Brewers,San Diego Padres,betfair_ex_eu,h2h,San Diego Padres,,2.2
2026-10-04T15:09:46Z,scheduled,6da40e91a31110e51e84ba5671996deb,2026-10-04T20:00:00Z,Milwaukee Brewers,San Diego Padres,betfair_ex_eu,h2h_lay,Milwaukee Brewers,,1.82
2026-10-04T15:09:46Z,scheduled,6da40e91a31110e51e84ba5671996deb,2026-10-04T20:00:00Z,Milwaukee Brewers,San Diego Padres,betfair_ex_eu,h2h_lay,San Diego Padres,,2.24
2026-10-04T15:09:46Z,scheduled,6da40e91a31110e51e84ba5671996deb,2026-10-04T20:00:00Z,Milwaukee Brewers,San Diego Padres,matchbook,h2h,Milwaukee Brewers,,1.82
2026-10-04T15:09:46Z,scheduled,6da40e91a31110e51e84ba5671996deb,2026-10-04T20:00:00Z,Milwaukee Brewers,San Diego Padres,matchbook,h2h,San Diego Padres,,2.2
2026-10-04T15:09:46Z,scheduled,6da40e91a31110e51e84ba5671996deb,2026-10-04T20:00:00Z,Milwaukee Brewers,San Diego Padres,matchbook,h2h_lay,Milwaukee Brewers,,1.83
2026-10-04T15:09:46Z,scheduled,6da40e91a31110e51e84ba5671996deb,2026-10-04T20:00:00Z,Milwaukee Brewers,San Diego Padres,matchbook,h2h_lay,San Diego Padres,,2.22
2026-10-04T15:09:46Z,scheduled,6da40e91a31110e51e84ba5671996deb,2026-10-04T20:00:00Z,Milwaukee Brewers,San Diego Padres,matchbook,spreads,Milwaukee Brewers,-1.5,2.72
2026-10-04T15:09:46Z,scheduled,6da40e91a31110e51e84ba5671996deb,2026-10-04T20:00:00Z,Milwaukee Brewers,San Diego Padres,matchbook,spreads,San Diego Padres,1.5,1.54
2026-10-04T15:09:46Z,scheduled,6da40e91a31110e51e84ba5671996deb,2026-10-04T20:00:00Z,Milwaukee Brewers,San Diego Padres,matchbook,totals,Over,7.5,2.16
2026-10-04T15:09:46Z,scheduled,6da40e91a31110e51e84ba5671996deb,2026-10-04T20:00:00Z,Milwaukee Brewers,San Diego Padres,matchbook,totals,Under,7.5,1.77
2026-10-04T15:09:46Z,scheduled,6da40e91a31110e51e84ba5671996deb,2026-10-04T20:00:00Z,Milwaukee Brewers,San Diego Padres,pinnacle,h2h,Milwaukee Brewers,,1.79
2026-10-04T15:09:46Z,scheduled,6da40e91a31110e51e84ba5671996deb,2026-10-04T20:00:00Z,Milwaukee Brewers,San Diego Padres,pinnacle,h2h,San Diego Padres,,2.17
2026-10-04T15:09:46Z,scheduled,6da40e91a31110e51e84ba5671996deb,2026-10-04T20:00:00Z,Milwaukee Brewers,San Diego Padres,pinnacle,spreads,Milwaukee Brewers,-1.5,2.68
2026-10-04T15:09:46Z,scheduled,6da40e91a31110e51e84ba5671996deb,2026-10-04T20:00:00Z,Milwaukee Brewers,San Diego Padres,pinnacle,spreads,San Diego Padres,1.5,1.53
2026-10-04T15:09:46Z,scheduled,6da40e91a31110e51e84ba5671996deb,2026-10-04T20:00:00Z,Milwaukee Brewers,San Diego Padres,pinnacle,totals,Over,7.0,1.89
2026-10-04T15:09:46Z,scheduled,6da40e91a31110e51e84ba5671996deb,2026-10-04T20:00:00Z,Milwaukee Brewers,San Diego Padres,pinnacle,totals,Under,7.0,2.0
2026-10-04T15:09:46Z,scheduled,583202487b52f61769b2404a64e01c77,2026-10-05T00:00:00Z,Los Angeles Dodgers,Atlanta Braves,fanduel,h2h,Atlanta Braves,,2.32
2026-10-04T15:09:46Z,scheduled,583202487b52f61769b2404a64e01c77,2026-10-05T00:00:00Z,Los Angeles Dodgers,Atlanta Braves,fanduel,h2h,Los Angeles Dodgers,,1.64
2026-10-04T15:09:46Z,scheduled,583202487b52f61769b2404a64e01c77,2026-10-05T00:00:00Z,Los Angeles Dodgers,Atlanta Braves,fanduel,spreads,Atlanta Braves,1.5,1.57
2026-10-04T15:09:46Z,scheduled,583202487b52f61769b2404a64e01c77,2026-10-05T00:00:00Z,Los Angeles Dodgers,Atlanta Braves,fanduel,spreads,Los Angeles Dodgers,-1.5,2.46
2026-10-04T15:09:46Z,scheduled,583202487b52f61769b2404a64e01c77,2026-10-05T00:00:00Z,Los Angeles Dodgers,Atlanta Braves,fanduel,totals,Over,7.5,2.14
2026-10-04T15:09:46Z,scheduled,583202487b52f61769b2404a64e01c77,2026-10-05T00:00:00Z,Los Angeles Dodgers,Atlanta Braves,fanduel,totals,Under,7.5,1.71
2026-10-04T15:09:46Z,scheduled,583202487b52f61769b2404a64e01c77,2026-10-05T00:00:00Z,Los Angeles Dodgers,Atlanta Braves,coolbet,h2h,Atlanta Braves,,2.3
2026-10-04T15:09:46Z,scheduled,583202487b52f61769b2404a64e01c77,2026-10-05T00:00:00Z,Los Angeles Dodgers,Atlanta Braves,coolbet,h2h,Los Angeles Dodgers,,1.62
2026-10-04T15:09:46Z,scheduled,583202487b52f61769b2404a64e01c77,2026-10-05T00:00:00Z,Los Angeles Dodgers,Atlanta Braves,coolbet,spreads,Atlanta Braves,1.5,1.57
2026-10-04T15:09:46Z,scheduled,583202487b52f61769b2404a64e01c77,2026-10-05T00:00:00Z,Los Angeles Dodgers,Atlanta Braves,coolbet,spreads,Los Angeles Dodgers,-1.5,2.42
2026-10-04T15:09:46Z,scheduled,583202487b52f61769b2404a64e01c77,2026-10-05T00:00:00Z,Los Angeles Dodgers,Atlanta Braves,coolbet,totals,Over,7.0,1.89
2026-10-04T15:09:46Z,scheduled,583202487b52f61769b2404a64e01c77,2026-10-05T00:00:00Z,Los Angeles Dodgers,Atlanta Braves,coolbet,totals,Under,7.0,1.92
2026-10-04T15:09:46Z,scheduled,583202487b52f61769b2404a64e01c77,2026-10-05T00:00:00Z,Los Angeles Dodgers,Atlanta Braves,betmgm,h2h,Atlanta Braves,,2.3
2026-10-04T15:09:46Z,scheduled,583202487b52f61769b2404a64e01c77,2026-10-05T00:00:00Z,Los Angeles Dodgers,Atlanta Braves,betmgm,h2h,Los Angeles Dodgers,,1.65
2026-10-04T15:09:46Z,scheduled,583202487b52f61769b2404a64e01c77,2026-10-05T00:00:00Z,Los Angeles Dodgers,Atlanta Braves,betmgm,totals,Over,7.0,1.87
2026-10-04T15:09:46Z,scheduled,583202487b52f61769b2404a64e01c77,2026-10-05T00:00:00Z,Los Angeles Dodgers,Atlanta Braves,betmgm,totals,Under,7.0,1.95
2026-10-04T15:09:46Z,scheduled,583202487b52f61769b2404a64e01c77,2026-10-05T00:00:00Z,Los Angeles Dodgers,Atlanta Braves,draftkings,h2h,Atlanta Braves,,2.3
2026-10-04T15:09:46Z,scheduled,583202487b52f61769b2404a64e01c77,2026-10-05T00:00:00Z,Los Angeles Dodgers,Atlanta Braves,draftkings,h2h,Los Angeles Dodgers,,1.64
2026-10-04T15:09:46Z,scheduled,583202487b52f61769b2404a64e01c77,2026-10-05T00:00:00Z,Los Angeles Dodgers,Atlanta Braves,draftkings,spreads,Atlanta Braves,1.5,1.57
2026-10-04T15:09:46Z,scheduled,583202487b52f61769b2404a64e01c77,2026-10-05T00:00:00Z,Los Angeles Dodgers,Atlanta Braves,draftkings,spreads,Los Angeles Dodgers,-1.5,2.44
2026-10-04T15:09:46Z,scheduled,583202487b52f61769b2404a64e01c77,2026-10-05T00:00:00Z,Los Angeles Dodgers,Atlanta Braves,draftkings,totals,Over,7.0,1.91
2026-10-04T15:09:46Z,scheduled,583202487b52f61769b2404a64e01c77,2026-10-05T00:00:00Z,Los Angeles Dodgers,Atlanta Braves,draftkings,totals,Under,7.0,1.91
2026-10-04T15:09:46Z,scheduled,583202487b52f61769b2404a64e01c77,2026-10-05T00:00:00Z,Los Angeles Dodgers,Atlanta Braves,betsson,h2h,Atlanta Braves,,2.27
2026-10-04T15:09:46Z,scheduled,583202487b52f61769b2404a64e01c77,2026-10-05T00:00:00Z,Los Angeles Dodgers,Atlanta Braves,betsson,h2h,Los Angeles Dodgers,,1.63
2026-10-04T15:09:46Z,scheduled,583202487b52f61769b2404a64e01c77,2026-10-05T00:00:00Z,Los Angeles Dodgers,Atlanta Braves,betsson,spreads,Atlanta Braves,1.5,1.56
2026-10-04T15:09:46Z,scheduled,583202487b52f61769b2404a64e01c77,2026-10-05T00:00:00Z,Los Angeles Dodgers,Atlanta Braves,betsson,spreads,Los Angeles Dodgers,-1.5,2.36
2026-10-04T15:09:46Z,scheduled,583202487b52f61769b2404a64e01c77,2026-10-05T00:00:00Z,Los Angeles Dodgers,Atlanta Braves,betsson,totals,Over,7.0,1.86
2026-10-04T15:09:46Z,scheduled,583202487b52f61769b2404a64e01c77,2026-10-05T00:00:00Z,Los Angeles Dodgers,Atlanta Braves,betsson,totals,Under,7.0,1.9
2026-10-04T15:09:46Z,scheduled,583202487b52f61769b2404a64e01c77,2026-10-05T00:00:00Z,Los Angeles Dodgers,Atlanta Braves,betrivers,h2h,Atlanta Braves,,2.28
2026-10-04T15:09:46Z,scheduled,583202487b52f61769b2404a64e01c77,2026-10-05T00:00:00Z,Los Angeles Dodgers,Atlanta Braves,betrivers,h2h,Los Angeles Dodgers,,1.65
2026-10-04T15:09:46Z,scheduled,583202487b52f61769b2404a64e01c77,2026-10-05T00:00:00Z,Los Angeles Dodgers,Atlanta Braves,betrivers,spreads,Atlanta Braves,1.5,1.56
2026-10-04T15:09:46Z,scheduled,583202487b52f61769b2404a64e01c77,2026-10-05T00:00:00Z,Los Angeles Dodgers,Atlanta Braves,betrivers,spreads,Los Angeles Dodgers,-1.5,2.48
2026-10-04T15:09:46Z,scheduled,583202487b52f61769b2404a64e01c77,2026-10-05T00:00:00Z,Los Angeles Dodgers,Atlanta Braves,betrivers,totals,Over,7.0,1.87
2026-10-04T15:09:46Z,scheduled,583202487b52f61769b2404a64e01c77,2026-10-05T00:00:00Z,Los Angeles Dodgers,Atlanta Braves,betrivers,totals,Under,7.0,1.94
2026-10-04T15:09:46Z,scheduled,583202487b52f61769b2404a64e01c77,2026-10-05T00:00:00Z,Los Angeles Dodgers,Atlanta Braves,matchbook,h2h,Atlanta Braves,,2.4
2026-10-04T15:09:46Z,scheduled,583202487b52f61769b2404a64e01c77,2026-10-05T00:00:00Z,Los Angeles Dodgers,Atlanta Braves,matchbook,h2h,Los Angeles Dodgers,,1.7
2026-10-04T15:09:46Z,scheduled,583202487b52f61769b2404a64e01c77,2026-10-05T00:00:00Z,Los Angeles Dodgers,Atlanta Braves,matchbook,h2h_lay,Atlanta Braves,,2.44
2026-10-04T15:09:46Z,scheduled,583202487b52f61769b2404a64e01c77,2026-10-05T00:00:00Z,Los Angeles Dodgers,Atlanta Braves,matchbook,h2h_lay,Los Angeles Dodgers,,1.72
2026-10-04T15:09:46Z,scheduled,583202487b52f61769b2404a64e01c77,2026-10-05T00:00:00Z,Los Angeles Dodgers,Atlanta Braves,matchbook,spreads,Atlanta Braves,1.5,1.61
2026-10-04T15:09:46Z,scheduled,583202487b52f61769b2404a64e01c77,2026-10-05T00:00:00Z,Los Angeles Dodgers,Atlanta Braves,matchbook,spreads,Los Angeles Dodgers,-1.5,2.48
2026-10-04T15:09:46Z,scheduled,583202487b52f61769b2404a64e01c77,2026-10-05T00:00:00Z,Los Angeles Dodgers,Atlanta Braves,matchbook,totals,Over,6.5,1.76
2026-10-04T15:09:46Z,scheduled,583202487b52f61769b2404a64e01c77,2026-10-05T00:00:00Z,Los Angeles Dodgers,Atlanta Braves,matchbook,totals,Under,6.5,2.2
2026-10-04T15:09:46Z,scheduled,583202487b52f61769b2404a64e01c77,2026-10-05T00:00:00Z,Los Angeles Dodgers,Atlanta Braves,pinnacle,h2h,Atlanta Braves,,2.34
2026-10-04T15:09:46Z,scheduled,583202487b52f61769b2404a64e01c77,2026-10-05T00:00:00Z,Los Angeles Dodgers,Atlanta Braves,pinnacle,h2h,Los Angeles Dodgers,,1.69
2026-10-04T15:09:46Z,scheduled,583202487b52f61769b2404a64e01c77,2026-10-05T00:00:00Z,Los Angeles Dodgers,Atlanta Braves,pinnacle,spreads,Atlanta Braves,1.5,1.61
2026-10-04T15:09:46Z,scheduled,583202487b52f61769b2404a64e01c77,2026-10-05T00:00:00Z,Los Angeles Dodgers,Atlanta Braves,pinnacle,spreads,Los Angeles Dodgers,-1.5,2.48
2026-10-04T15:09:46Z,scheduled,583202487b52f61769b2404a64e01c77,2026-10-05T00:00:00Z,Los Angeles Dodgers,Atlanta Braves,pinnacle,totals,Over,7.0,1.97
2026-10-04T15:09:46Z,scheduled,583202487b52f61769b2404a64e01c77,2026-10-05T00:00:00Z,Los Angeles Dodgers,Atlanta Braves,pinnacle,totals,Under,7.0,1.92
2026-10-04T15:09:46Z,scheduled,583202487b52f61769b2404a64e01c77,2026-10-05T00:00:00Z,Los Angeles Dodgers,Atlanta Braves,betfair_ex_eu,h2h,Atlanta Braves,,2.4
2026-10-04T15:09:46Z,scheduled,583202487b52f61769b2404a64e01c77,2026-10-05T00:00:00Z,Los Angeles Dodgers,Atlanta Braves,betfair_ex_eu,h2h,Los Angeles Dodgers,,1.7
2026-10-04T15:09:46Z,scheduled,583202487b52f61769b2404a64e01c77,2026-10-05T00:00:00Z,Los Angeles Dodgers,Atlanta Braves,betfair_ex_eu,h2h_lay,Atlanta Braves,,2.44
2026-10-04T15:09:46Z,scheduled,583202487b52f61769b2404a64e01c77,2026-10-05T00:00:00Z,Los Angeles Dodgers,Atlanta Braves,betfair_ex_eu,h2h_lay,Los Angeles Dodgers,,1.72
2026-10-04T19:40:44Z,closing,6da40e91a31110e51e84ba5671996deb,2026-10-04T20:00:00Z,Milwaukee Brewers,San Diego Padres,fanduel,h2h,Milwaukee Brewers,,1.77
2026-10-04T19:40:44Z,closing,6da40e91a31110e51e84ba5671996deb,2026-10-04T20:00:00Z,Milwaukee Brewers,San Diego Padres,fanduel,h2h,San Diego Padres,,2.16
2026-10-04T19:40:44Z,closing,6da40e91a31110e51e84ba5671996deb,2026-10-04T20:00:00Z,Milwaukee Brewers,San Diego Padres,fanduel,spreads,Milwaukee Brewers,-1.5,2.58
2026-10-04T19:40:44Z,closing,6da40e91a31110e51e84ba5671996deb,2026-10-04T20:00:00Z,Milwaukee Brewers,San Diego Padres,fanduel,spreads,San Diego Padres,1.5,1.52
2026-10-04T19:40:44Z,closing,6da40e91a31110e51e84ba5671996deb,2026-10-04T20:00:00Z,Milwaukee Brewers,San Diego Padres,fanduel,totals,Over,7.5,2.12
2026-10-04T19:40:44Z,closing,6da40e91a31110e51e84ba5671996deb,2026-10-04T20:00:00Z,Milwaukee Brewers,San Diego Padres,fanduel,totals,Under,7.5,1.72
2026-10-04T19:40:44Z,closing,6da40e91a31110e51e84ba5671996deb,2026-10-04T20:00:00Z,Milwaukee Brewers,San Diego Padres,betmgm,h2h,Milwaukee Brewers,,1.74
2026-10-04T19:40:44Z,closing,6da40e91a31110e51e84ba5671996deb,2026-10-04T20:00:00Z,Milwaukee Brewers,San Diego Padres,betmgm,h2h,San Diego Padres,,2.15
2026-10-04T19:40:44Z,closing,6da40e91a31110e51e84ba5671996deb,2026-10-04T20:00:00Z,Milwaukee Brewers,San Diego Padres,betmgm,spreads,Milwaukee Brewers,-1.5,2.65
2026-10-04T19:40:44Z,closing,6da40e91a31110e51e84ba5671996deb,2026-10-04T20:00:00Z,Milwaukee Brewers,San Diego Padres,betmgm,spreads,San Diego Padres,1.5,1.5
2026-10-04T19:40:44Z,closing,6da40e91a31110e51e84ba5671996deb,2026-10-04T20:00:00Z,Milwaukee Brewers,San Diego Padres,betmgm,totals,Over,7.0,1.87
2026-10-04T19:40:44Z,closing,6da40e91a31110e51e84ba5671996deb,2026-10-04T20:00:00Z,Milwaukee Brewers,San Diego Padres,betmgm,totals,Under,7.0,1.95
2026-10-04T19:40:44Z,closing,6da40e91a31110e51e84ba5671996deb,2026-10-04T20:00:00Z,Milwaukee Brewers,San Diego Padres,coolbet,h2h,Milwaukee Brewers,,1.73
2026-10-04T19:40:44Z,closing,6da40e91a31110e51e84ba5671996deb,2026-10-04T20:00:00Z,Milwaukee Brewers,San Diego Padres,coolbet,h2h,San Diego Padres,,2.12
2026-10-04T19:40:44Z,closing,6da40e91a31110e51e84ba5671996deb,2026-10-04T20:00:00Z,Milwaukee Brewers,San Diego Padres,coolbet,spreads,Milwaukee Brewers,-1.5,2.6
2026-10-04T19:40:44Z,closing,6da40e91a31110e51e84ba5671996deb,2026-10-04T20:00:00Z,Milwaukee Brewers,San Diego Padres,coolbet,spreads,San Diego Padres,1.5,1.5
2026-10-04T19:40:44Z,closing,6da40e91a31110e51e84ba5671996deb,2026-10-04T20:00:00Z,Milwaukee Brewers,San Diego Padres,coolbet,totals,Over,7.0,1.89
2026-10-04T19:40:44Z,closing,6da40e91a31110e51e84ba5671996deb,2026-10-04T20:00:00Z,Milwaukee Brewers,San Diego Padres,coolbet,totals,Under,7.0,1.92
2026-10-04T19:40:44Z,closing,6da40e91a31110e51e84ba5671996deb,2026-10-04T20:00:00Z,Milwaukee Brewers,San Diego Padres,draftkings,h2h,Milwaukee Brewers,,1.74
2026-10-04T19:40:44Z,closing,6da40e91a31110e51e84ba5671996deb,2026-10-04T20:00:00Z,Milwaukee Brewers,San Diego Padres,draftkings,h2h,San Diego Padres,,2.13
2026-10-04T19:40:44Z,closing,6da40e91a31110e51e84ba5671996deb,2026-10-04T20:00:00Z,Milwaukee Brewers,San Diego Padres,draftkings,spreads,Milwaukee Brewers,-1.5,2.62
2026-10-04T19:40:44Z,closing,6da40e91a31110e51e84ba5671996deb,2026-10-04T20:00:00Z,Milwaukee Brewers,San Diego Padres,draftkings,spreads,San Diego Padres,1.5,1.51
2026-10-04T19:40:44Z,closing,6da40e91a31110e51e84ba5671996deb,2026-10-04T20:00:00Z,Milwaukee Brewers,San Diego Padres,draftkings,totals,Over,7.0,1.85
2026-10-04T19:40:44Z,closing,6da40e91a31110e51e84ba5671996deb,2026-10-04T20:00:00Z,Milwaukee Brewers,San Diego Padres,draftkings,totals,Under,7.0,1.98
2026-10-04T19:40:44Z,closing,6da40e91a31110e51e84ba5671996deb,2026-10-04T20:00:00Z,Milwaukee Brewers,San Diego Padres,betsson,h2h,Milwaukee Brewers,,1.72
2026-10-04T19:40:44Z,closing,6da40e91a31110e51e84ba5671996deb,2026-10-04T20:00:00Z,Milwaukee Brewers,San Diego Padres,betsson,h2h,San Diego Padres,,2.12
2026-10-04T19:40:44Z,closing,6da40e91a31110e51e84ba5671996deb,2026-10-04T20:00:00Z,Milwaukee Brewers,San Diego Padres,betsson,spreads,Milwaukee Brewers,-1.5,2.45
2026-10-04T19:40:44Z,closing,6da40e91a31110e51e84ba5671996deb,2026-10-04T20:00:00Z,Milwaukee Brewers,San Diego Padres,betsson,spreads,San Diego Padres,1.5,1.53
2026-10-04T19:40:44Z,closing,6da40e91a31110e51e84ba5671996deb,2026-10-04T20:00:00Z,Milwaukee Brewers,San Diego Padres,betsson,totals,Over,7.0,1.83
2026-10-04T19:40:44Z,closing,6da40e91a31110e51e84ba5671996deb,2026-10-04T20:00:00Z,Milwaukee Brewers,San Diego Padres,betsson,totals,Under,7.0,1.93
2026-10-04T19:40:44Z,closing,6da40e91a31110e51e84ba5671996deb,2026-10-04T20:00:00Z,Milwaukee Brewers,San Diego Padres,betrivers,h2h,Milwaukee Brewers,,1.74
2026-10-04T19:40:44Z,closing,6da40e91a31110e51e84ba5671996deb,2026-10-04T20:00:00Z,Milwaukee Brewers,San Diego Padres,betrivers,h2h,San Diego Padres,,2.14
2026-10-04T19:40:44Z,closing,6da40e91a31110e51e84ba5671996deb,2026-10-04T20:00:00Z,Milwaukee Brewers,San Diego Padres,betrivers,spreads,Milwaukee Brewers,-1.5,2.55
2026-10-04T19:40:44Z,closing,6da40e91a31110e51e84ba5671996deb,2026-10-04T20:00:00Z,Milwaukee Brewers,San Diego Padres,betrivers,spreads,San Diego Padres,1.5,1.51
2026-10-04T19:40:44Z,closing,6da40e91a31110e51e84ba5671996deb,2026-10-04T20:00:00Z,Milwaukee Brewers,San Diego Padres,betrivers,totals,Over,7.0,1.96
2026-10-04T19:40:44Z,closing,6da40e91a31110e51e84ba5671996deb,2026-10-04T20:00:00Z,Milwaukee Brewers,San Diego Padres,betrivers,totals,Under,7.0,1.85
2026-10-04T19:40:44Z,closing,6da40e91a31110e51e84ba5671996deb,2026-10-04T20:00:00Z,Milwaukee Brewers,San Diego Padres,betfair_ex_eu,h2h,Milwaukee Brewers,,1.79
2026-10-04T19:40:44Z,closing,6da40e91a31110e51e84ba5671996deb,2026-10-04T20:00:00Z,Milwaukee Brewers,San Diego Padres,betfair_ex_eu,h2h,San Diego Padres,,2.22
2026-10-04T19:40:44Z,closing,6da40e91a31110e51e84ba5671996deb,2026-10-04T20:00:00Z,Milwaukee Brewers,San Diego Padres,betfair_ex_eu,h2h_lay,Milwaukee Brewers,,1.82
2026-10-04T19:40:44Z,closing,6da40e91a31110e51e84ba5671996deb,2026-10-04T20:00:00Z,Milwaukee Brewers,San Diego Padres,betfair_ex_eu,h2h_lay,San Diego Padres,,2.26
2026-10-04T19:40:44Z,closing,6da40e91a31110e51e84ba5671996deb,2026-10-04T20:00:00Z,Milwaukee Brewers,San Diego Padres,matchbook,h2h,Milwaukee Brewers,,1.8
2026-10-04T19:40:44Z,closing,6da40e91a31110e51e84ba5671996deb,2026-10-04T20:00:00Z,Milwaukee Brewers,San Diego Padres,matchbook,h2h,San Diego Padres,,2.22
2026-10-04T19:40:44Z,closing,6da40e91a31110e51e84ba5671996deb,2026-10-04T20:00:00Z,Milwaukee Brewers,San Diego Padres,matchbook,h2h_lay,Milwaukee Brewers,,1.82
2026-10-04T19:40:44Z,closing,6da40e91a31110e51e84ba5671996deb,2026-10-04T20:00:00Z,Milwaukee Brewers,San Diego Padres,matchbook,h2h_lay,San Diego Padres,,2.26
2026-10-04T19:40:44Z,closing,6da40e91a31110e51e84ba5671996deb,2026-10-04T20:00:00Z,Milwaukee Brewers,San Diego Padres,matchbook,spreads,Milwaukee Brewers,-1.5,2.74
2026-10-04T19:40:44Z,closing,6da40e91a31110e51e84ba5671996deb,2026-10-04T20:00:00Z,Milwaukee Brewers,San Diego Padres,matchbook,spreads,San Diego Padres,1.5,1.55
2026-10-04T19:40:44Z,closing,6da40e91a31110e51e84ba5671996deb,2026-10-04T20:00:00Z,Milwaukee Brewers,San Diego Padres,matchbook,totals,Over,7.5,2.2
2026-10-04T19:40:44Z,closing,6da40e91a31110e51e84ba5671996deb,2026-10-04T20:00:00Z,Milwaukee Brewers,San Diego Padres,matchbook,totals,Under,7.5,1.73
2026-10-04T19:40:44Z,closing,6da40e91a31110e51e84ba5671996deb,2026-10-04T20:00:00Z,Milwaukee Brewers,San Diego Padres,pinnacle,h2h,Milwaukee Brewers,,1.79
2026-10-04T19:40:44Z,closing,6da40e91a31110e51e84ba5671996deb,2026-10-04T20:00:00Z,Milwaukee Brewers,San Diego Padres,pinnacle,h2h,San Diego Padres,,2.17
2026-10-04T19:40:44Z,closing,6da40e91a31110e51e84ba5671996deb,2026-10-04T20:00:00Z,Milwaukee Brewers,San Diego Padres,pinnacle,spreads,Milwaukee Brewers,-1.5,2.7
2026-10-04T19:40:44Z,closing,6da40e91a31110e51e84ba5671996deb,2026-10-04T20:00:00Z,Milwaukee Brewers,San Diego Padres,pinnacle,spreads,San Diego Padres,1.5,1.53
2026-10-04T19:40:44Z,closing,6da40e91a31110e51e84ba5671996deb,2026-10-04T20:00:00Z,Milwaukee Brewers,San Diego Padres,pinnacle,totals,Over,7.0,1.92
2026-10-04T19:40:44Z,closing,6da40e91a31110e51e84ba5671996deb,2026-10-04T20:00:00Z,Milwaukee Brewers,San Diego Padres,pinnacle,totals,Under,7.0,1.97
2026-10-04T19:40:44Z,closing,6da40e91a31110e51e84ba5671996deb,2026-10-04T20:00:00Z,Milwaukee Brewers,San Diego Padres,fanduel,alternate_spreads,Milwaukee Brewers,-8.5,18.0
2026-10-04T19:40:44Z,closing,6da40e91a31110e51e84ba5671996deb,2026-10-04T20:00:00Z,Milwaukee Brewers,San Diego Padres,fanduel,alternate_spreads,Milwaukee Brewers,-7.5,14.0
2026-10-04T19:40:44Z,closing,6da40e91a31110e51e84ba5671996deb,2026-10-04T20:00:00Z,Milwaukee Brewers,San Diego Padres,fanduel,alternate_spreads,Milwaukee Brewers,-6.5,11.6
2026-10-04T19:40:44Z,closing,6da40e91a31110e51e84ba5671996deb,2026-10-04T20:00:00Z,Milwaukee Brewers,San Diego Padres,fanduel,alternate_spreads,Milwaukee Brewers,-5.5,8.5
2026-10-04T19:40:44Z,closing,6da40e91a31110e51e84ba5671996deb,2026-10-04T20:00:00Z,Milwaukee Brewers,San Diego Padres,fanduel,alternate_spreads,Milwaukee Brewers,-4.5,6.2
2026-10-04T19:40:44Z,closing,6da40e91a31110e51e84ba5671996deb,2026-10-04T20:00:00Z,Milwaukee Brewers,San Diego Padres,fanduel,alternate_spreads,Milwaukee Brewers,-3.5,4.6
2026-10-04T19:40:44Z,closing,6da40e91a31110e51e84ba5671996deb,2026-10-04T20:00:00Z,Milwaukee Brewers,San Diego Padres,fanduel,alternate_spreads,Milwaukee Brewers,-2.5,3.4
2026-10-04T19:40:44Z,closing,6da40e91a31110e51e84ba5671996deb,2026-10-04T20:00:00Z,Milwaukee Brewers,San Diego Padres,fanduel,alternate_spreads,Milwaukee Brewers,-1.5,2.54
2026-10-04T19:40:44Z,closing,6da40e91a31110e51e84ba5671996deb,2026-10-04T20:00:00Z,Milwaukee Brewers,San Diego Padres,fanduel,alternate_spreads,Milwaukee Brewers,1.5,1.38
2026-10-04T19:40:44Z,closing,6da40e91a31110e51e84ba5671996deb,2026-10-04T20:00:00Z,Milwaukee Brewers,San Diego Padres,fanduel,alternate_spreads,Milwaukee Brewers,2.5,1.23
2026-10-04T19:40:44Z,closing,6da40e91a31110e51e84ba5671996deb,2026-10-04T20:00:00Z,Milwaukee Brewers,San Diego Padres,fanduel,alternate_spreads,Milwaukee Brewers,3.5,1.13
2026-10-04T19:40:44Z,closing,6da40e91a31110e51e84ba5671996deb,2026-10-04T20:00:00Z,Milwaukee Brewers,San Diego Padres,fanduel,alternate_spreads,Milwaukee Brewers,4.5,1.07
2026-10-04T19:40:44Z,closing,6da40e91a31110e51e84ba5671996deb,2026-10-04T20:00:00Z,Milwaukee Brewers,San Diego Padres,fanduel,alternate_spreads,Milwaukee Brewers,5.5,1.04
2026-10-04T19:40:44Z,closing,6da40e91a31110e51e84ba5671996deb,2026-10-04T20:00:00Z,Milwaukee Brewers,San Diego Padres,fanduel,alternate_spreads,Milwaukee Brewers,6.5,1.02
2026-10-04T19:40:44Z,closing,6da40e91a31110e51e84ba5671996deb,2026-10-04T20:00:00Z,Milwaukee Brewers,San Diego Padres,fanduel,alternate_spreads,San Diego Padres,6.5,1.03
2026-10-04T19:40:44Z,closing,6da40e91a31110e51e84ba5671996deb,2026-10-04T20:00:00Z,Milwaukee Brewers,San Diego Padres,fanduel,alternate_spreads,San Diego Padres,5.5,1.06
2026-10-04T19:40:44Z,closing,6da40e91a31110e51e84ba5671996deb,2026-10-04T20:00:00Z,Milwaukee Brewers,San Diego Padres,fanduel,alternate_spreads,San Diego Padres,4.5,1.11
2026-10-04T19:40:44Z,closing,6da40e91a31110e51e84ba5671996deb,2026-10-04T20:00:00Z,Milwaukee Brewers,San Diego Padres,fanduel,alternate_spreads,San Diego Padres,3.5,1.19
2026-10-04T19:40:44Z,closing,6da40e91a31110e51e84ba5671996deb,2026-10-04T20:00:00Z,Milwaukee Brewers,San Diego Padres,fanduel,alternate_spreads,San Diego Padres,2.5,1.3
2026-10-04T19:40:44Z,closing,6da40e91a31110e51e84ba5671996deb,2026-10-04T20:00:00Z,Milwaukee Brewers,San Diego Padres,fanduel,alternate_spreads,San Diego Padres,1.5,1.5
2026-10-04T19:40:44Z,closing,6da40e91a31110e51e84ba5671996deb,2026-10-04T20:00:00Z,Milwaukee Brewers,San Diego Padres,fanduel,alternate_spreads,San Diego Padres,-1.5,2.96
2026-10-04T19:40:44Z,closing,6da40e91a31110e51e84ba5671996deb,2026-10-04T20:00:00Z,Milwaukee Brewers,San Diego Padres,fanduel,alternate_spreads,San Diego Padres,-2.5,4.0
2026-10-04T19:40:44Z,closing,6da40e91a31110e51e84ba5671996deb,2026-10-04T20:00:00Z,Milwaukee Brewers,San Diego Padres,fanduel,alternate_spreads,San Diego Padres,-3.5,5.7
2026-10-04T19:40:44Z,closing,6da40e91a31110e51e84ba5671996deb,2026-10-04T20:00:00Z,Milwaukee Brewers,San Diego Padres,fanduel,alternate_spreads,San Diego Padres,-4.5,8.0
2026-10-04T19:40:44Z,closing,6da40e91a31110e51e84ba5671996deb,2026-10-04T20:00:00Z,Milwaukee Brewers,San Diego Padres,fanduel,alternate_spreads,San Diego Padres,-5.5,10.0
2026-10-04T19:40:44Z,closing,6da40e91a31110e51e84ba5671996deb,2026-10-04T20:00:00Z,Milwaukee Brewers,San Diego Padres,fanduel,alternate_spreads,San Diego Padres,-6.5,13.0
2026-10-04T19:40:44Z,closing,6da40e91a31110e51e84ba5671996deb,2026-10-04T20:00:00Z,Milwaukee Brewers,San Diego Padres,fanduel,alternate_spreads,San Diego Padres,-7.5,16.0
2026-10-04T19:40:44Z,closing,6da40e91a31110e51e84ba5671996deb,2026-10-04T20:00:00Z,Milwaukee Brewers,San Diego Padres,fanduel,alternate_spreads,San Diego Padres,-8.5,18.0
2026-10-04T19:40:44Z,closing,6da40e91a31110e51e84ba5671996deb,2026-10-04T20:00:00Z,Milwaukee Brewers,San Diego Padres,fanduel,alternate_totals,Over,2.5,1.03
2026-10-04T19:40:44Z,closing,6da40e91a31110e51e84ba5671996deb,2026-10-04T20:00:00Z,Milwaukee Brewers,San Diego Padres,fanduel,alternate_totals,Over,3.5,1.13
2026-10-04T19:40:44Z,closing,6da40e91a31110e51e84ba5671996deb,2026-10-04T20:00:00Z,Milwaukee Brewers,San Diego Padres,fanduel,alternate_totals,Over,4.5,1.23
2026-10-04T19:40:44Z,closing,6da40e91a31110e51e84ba5671996deb,2026-10-04T20:00:00Z,Milwaukee Brewers,San Diego Padres,fanduel,alternate_totals,Over,5.5,1.44
2026-10-04T19:40:44Z,closing,6da40e91a31110e51e84ba5671996deb,2026-10-04T20:00:00Z,Milwaukee Brewers,San Diego Padres,fanduel,alternate_totals,Over,6.5,1.64
2026-10-04T19:40:44Z,closing,6da40e91a31110e51e84ba5671996deb,2026-10-04T20:00:00Z,Milwaukee Brewers,San Diego Padres,fanduel,alternate_totals,Over,7.5,2.12
2026-10-04T19:40:44Z,closing,6da40e91a31110e51e84ba5671996deb,2026-10-04T20:00:00Z,Milwaukee Brewers,San Diego Padres,fanduel,alternate_totals,Over,8.5,2.54
2026-10-04T19:40:44Z,closing,6da40e91a31110e51e84ba5671996deb,2026-10-04T20:00:00Z,Milwaukee Brewers,San Diego Padres,fanduel,alternate_totals,Over,9.5,3.4
2026-10-04T19:40:44Z,closing,6da40e91a31110e51e84ba5671996deb,2026-10-04T20:00:00Z,Milwaukee Brewers,San Diego Padres,fanduel,alternate_totals,Over,10.5,4.2
2026-10-04T19:40:44Z,closing,6da40e91a31110e51e84ba5671996deb,2026-10-04T20:00:00Z,Milwaukee Brewers,San Diego Padres,fanduel,alternate_totals,Over,11.5,5.7
2026-10-04T19:40:44Z,closing,6da40e91a31110e51e84ba5671996deb,2026-10-04T20:00:00Z,Milwaukee Brewers,San Diego Padres,fanduel,alternate_totals,Over,12.5,7.3
2026-10-04T19:40:44Z,closing,6da40e91a31110e51e84ba5671996deb,2026-10-04T20:00:00Z,Milwaukee Brewers,San Diego Padres,fanduel,alternate_totals,Over,13.5,10.0
2026-10-04T19:40:44Z,closing,6da40e91a31110e51e84ba5671996deb,2026-10-04T20:00:00Z,Milwaukee Brewers,San Diego Padres,fanduel,alternate_totals,Over,14.5,12.0
2026-10-04T19:40:44Z,closing,6da40e91a31110e51e84ba5671996deb,2026-10-04T20:00:00Z,Milwaukee Brewers,San Diego Padres,fanduel,alternate_totals,Over,15.5,16.0
2026-10-04T19:40:44Z,closing,6da40e91a31110e51e84ba5671996deb,2026-10-04T20:00:00Z,Milwaukee Brewers,San Diego Padres,fanduel,alternate_totals,Over,16.5,18.0
2026-10-04T19:40:44Z,closing,6da40e91a31110e51e84ba5671996deb,2026-10-04T20:00:00Z,Milwaukee Brewers,San Diego Padres,fanduel,alternate_totals,Under,1.5,18.0
2026-10-04T19:40:44Z,closing,6da40e91a31110e51e84ba5671996deb,2026-10-04T20:00:00Z,Milwaukee Brewers,San Diego Padres,fanduel,alternate_totals,Under,2.5,11.6
2026-10-04T19:40:44Z,closing,6da40e91a31110e51e84ba5671996deb,2026-10-04T20:00:00Z,Milwaukee Brewers,San Diego Padres,fanduel,alternate_totals,Under,3.5,5.6
2026-10-04T19:40:44Z,closing,6da40e91a31110e51e84ba5671996deb,2026-10-04T20:00:00Z,Milwaukee Brewers,San Diego Padres,fanduel,alternate_totals,Under,4.5,4.1
2026-10-04T19:40:44Z,closing,6da40e91a31110e51e84ba5671996deb,2026-10-04T20:00:00Z,Milwaukee Brewers,San Diego Padres,fanduel,alternate_totals,Under,5.5,2.72
2026-10-04T19:40:44Z,closing,6da40e91a31110e51e84ba5671996deb,2026-10-04T20:00:00Z,Milwaukee Brewers,San Diego Padres,fanduel,alternate_totals,Under,6.5,2.22
2026-10-04T19:40:44Z,closing,6da40e91a31110e51e84ba5671996deb,2026-10-04T20:00:00Z,Milwaukee Brewers,San Diego Padres,fanduel,alternate_totals,Under,7.5,1.7
2026-10-04T19:40:44Z,closing,6da40e91a31110e51e84ba5671996deb,2026-10-04T20:00:00Z,Milwaukee Brewers,San Diego Padres,fanduel,alternate_totals,Under,8.5,1.5
2026-10-04T19:40:44Z,closing,6da40e91a31110e51e84ba5671996deb,2026-10-04T20:00:00Z,Milwaukee Brewers,San Diego Padres,fanduel,alternate_totals,Under,9.5,1.3
2026-10-04T19:40:44Z,closing,6da40e91a31110e51e84ba5671996deb,2026-10-04T20:00:00Z,Milwaukee Brewers,San Diego Padres,fanduel,alternate_totals,Under,10.5,1.22
2026-10-04T19:40:44Z,closing,6da40e91a31110e51e84ba5671996deb,2026-10-04T20:00:00Z,Milwaukee Brewers,San Diego Padres,fanduel,alternate_totals,Under,11.5,1.13
2026-10-04T19:40:44Z,closing,6da40e91a31110e51e84ba5671996deb,2026-10-04T20:00:00Z,Milwaukee Brewers,San Diego Padres,fanduel,alternate_totals,Under,12.5,1.08
2026-10-04T19:40:44Z,closing,6da40e91a31110e51e84ba5671996deb,2026-10-04T20:00:00Z,Milwaukee Brewers,San Diego Padres,fanduel,alternate_totals,Under,13.5,1.04
2026-10-04T19:40:44Z,closing,6da40e91a31110e51e84ba5671996deb,2026-10-04T20:00:00Z,Milwaukee Brewers,San Diego Padres,fanduel,alternate_totals,Under,14.5,1.02
2026-10-04T19:40:44Z,closing,6da40e91a31110e51e84ba5671996deb,2026-10-04T20:00:00Z,Milwaukee Brewers,San Diego Padres,betmgm,alternate_spreads,Milwaukee Brewers,-2.5,3.5
2026-10-04T19:40:44Z,closing,6da40e91a31110e51e84ba5671996deb,2026-10-04T20:00:00Z,Milwaukee Brewers,San Diego Padres,betmgm,alternate_spreads,Milwaukee Brewers,-1.5,2.65
2026-10-04T19:40:44Z,closing,6da40e91a31110e51e84ba5671996deb,2026-10-04T20:00:00Z,Milwaukee Brewers,San Diego Padres,betmgm,alternate_spreads,Milwaukee Brewers,1.5,1.43
2026-10-04T19:40:44Z,closing,6da40e91a31110e51e84ba5671996deb,2026-10-04T20:00:00Z,Milwaukee Brewers,San Diego Padres,betmgm,alternate_spreads,Milwaukee Brewers,2.5,1.24
2026-10-04T19:40:44Z,closing,6da40e91a31110e51e84ba5671996deb,2026-10-04T20:00:00Z,Milwaukee Brewers,San Diego Padres,betmgm,alternate_spreads,Milwaukee Brewers,3.5,1.13
2026-10-04T19:40:44Z,closing,6da40e91a31110e51e84ba5671996deb,2026-10-04T20:00:00Z,Milwaukee Brewers,San Diego Padres,betmgm,alternate_spreads,Milwaukee Brewers,-3.5,4.75
2026-10-04T19:40:44Z,closing,6da40e91a31110e51e84ba5671996deb,2026-10-04T20:00:00Z,Milwaukee Brewers,San Diego Padres,betmgm,alternate_spreads,San Diego Padres,2.5,1.29
2026-10-04T19:40:44Z,closing,6da40e91a31110e51e84ba5671996deb,2026-10-04T20:00:00Z,Milwaukee Brewers,San Diego Padres,betmgm,alternate_spreads,San Diego Padres,1.5,1.5
2026-10-04T19:40:44Z,closing,6da40e91a31110e51e84ba5671996deb,2026-10-04T20:00:00Z,Milwaukee Brewers,San Diego Padres,betmgm,alternate_spreads,San Diego Padres,-1.5,2.8
2026-10-04T19:40:44Z,closing,6da40e91a31110e51e84ba5671996deb,2026-10-04T20:00:00Z,Milwaukee Brewers,San Diego Padres,betmgm,alternate_spreads,San Diego Padres,-2.5,3.9
2026-10-04T19:40:44Z,closing,6da40e91a31110e51e84ba5671996deb,2026-10-04T20:00:00Z,Milwaukee Brewers,San Diego Padres,betmgm,alternate_spreads,San Diego Padres,-3.5,5.5
2026-10-04T19:40:44Z,closing,6da40e91a31110e51e84ba5671996deb,2026-10-04T20:00:00Z,Milwaukee Brewers,San Diego Padres,betmgm,alternate_spreads,San Diego Padres,3.5,1.17
2026-10-04T19:40:44Z,closing,6da40e91a31110e51e84ba5671996deb,2026-10-04T20:00:00Z,Milwaukee Brewers,San Diego Padres,betmgm,alternate_totals,Over,3.5,1.12
2026-10-04T19:40:44Z,closing,6da40e91a31110e51e84ba5671996deb,2026-10-04T20:00:00Z,Milwaukee Brewers,San Diego Padres,betmgm,alternate_totals,Over,4.0,1.13
2026-10-04T19:40:44Z,closing,6da40e91a31110e51e84ba5671996deb,2026-10-04T20:00:00Z,Milwaukee Brewers,San Diego Padres,betmgm,alternate_totals,Over,4.5,1.21
2026-10-04T19:40:44Z,closing,6da40e91a31110e51e84ba5671996deb,2026-10-04T20:00:00Z,Milwaukee Brewers,San Diego Padres,betmgm,alternate_totals,Over,5.0,1.25
2026-10-04T19:40:44Z,closing,6da40e91a31110e51e84ba5671996deb,2026-10-04T20:00:00Z,Milwaukee Brewers,San Diego Padres,betmgm,alternate_totals,Over,5.5,1.43
2026-10-04T19:40:44Z,closing,6da40e91a31110e51e84ba5671996deb,2026-10-04T20:00:00Z,Milwaukee Brewers,San Diego Padres,betmgm,alternate_totals,Over,6.0,1.48
2026-10-04T19:40:44Z,closing,6da40e91a31110e51e84ba5671996deb,2026-10-04T20:00:00Z,Milwaukee Brewers,San Diego Padres,betmgm,alternate_totals,Over,6.5,1.62
2026-10-04T19:40:44Z,closing,6da40e91a31110e51e84ba5671996deb,2026-10-04T20:00:00Z,Milwaukee Brewers,San Diego Padres,betmgm,alternate_totals,Over,7.0,1.87
2026-10-04T19:40:44Z,closing,6da40e91a31110e51e84ba5671996deb,2026-10-04T20:00:00Z,Milwaukee Brewers,San Diego Padres,betmgm,alternate_totals,Over,7.5,2.1
2026-10-04T19:40:44Z,closing,6da40e91a31110e51e84ba5671996deb,2026-10-04T20:00:00Z,Milwaukee Brewers,San Diego Padres,betmgm,alternate_totals,Over,8.0,2.4
2026-10-04T19:40:44Z,closing,6da40e91a31110e51e84ba5671996deb,2026-10-04T20:00:00Z,Milwaukee Brewers,San Diego Padres,betmgm,alternate_totals,Over,8.5,2.6
2026-10-04T19:40:44Z,closing,6da40e91a31110e51e84ba5671996deb,2026-10-04T20:00:00Z,Milwaukee Brewers,San Diego Padres,betmgm,alternate_totals,Over,9.0,3.1
2026-10-04T19:40:44Z,closing,6da40e91a31110e51e84ba5671996deb,2026-10-04T20:00:00Z,Milwaukee Brewers,San Diego Padres,betmgm,alternate_totals,Over,9.5,3.4
2026-10-04T19:40:44Z,closing,6da40e91a31110e51e84ba5671996deb,2026-10-04T20:00:00Z,Milwaukee Brewers,San Diego Padres,betmgm,alternate_totals,Over,10.0,4.0
2026-10-04T19:40:44Z,closing,6da40e91a31110e51e84ba5671996deb,2026-10-04T20:00:00Z,Milwaukee Brewers,San Diego Padres,betmgm,alternate_totals,Over,10.5,4.25
2026-10-04T19:40:44Z,closing,6da40e91a31110e51e84ba5671996deb,2026-10-04T20:00:00Z,Milwaukee Brewers,San Diego Padres,betmgm,alternate_totals,Over,11.0,5.25
2026-10-04T19:40:44Z,closing,6da40e91a31110e51e84ba5671996deb,2026-10-04T20:00:00Z,Milwaukee Brewers,San Diego Padres,betmgm,alternate_totals,Over,11.5,5.5
2026-10-04T19:40:44Z,closing,6da40e91a31110e51e84ba5671996deb,2026-10-04T20:00:00Z,Milwaukee Brewers,San Diego Padres,betmgm,alternate_totals,Over,12.0,6.75
2026-10-04T19:40:44Z,closing,6da40e91a31110e51e84ba5671996deb,2026-10-04T20:00:00Z,Milwaukee Brewers,San Diego Padres,betmgm,alternate_totals,Over,12.5,7.0
2026-10-04T19:40:44Z,closing,6da40e91a31110e51e84ba5671996deb,2026-10-04T20:00:00Z,Milwaukee Brewers,San Diego Padres,betmgm,alternate_totals,Over,2.5,1.03
2026-10-04T19:40:44Z,closing,6da40e91a31110e51e84ba5671996deb,2026-10-04T20:00:00Z,Milwaukee Brewers,San Diego Padres,betmgm,alternate_totals,Over,3.0,1.04
2026-10-04T19:40:44Z,closing,6da40e91a31110e51e84ba5671996deb,2026-10-04T20:00:00Z,Milwaukee Brewers,San Diego Padres,betmgm,alternate_totals,Over,2.0,1.01
2026-10-04T19:40:44Z,closing,6da40e91a31110e51e84ba5671996deb,2026-10-04T20:00:00Z,Milwaukee Brewers,San Diego Padres,betmgm,alternate_totals,Over,1.5,1.01
2026-10-04T19:40:44Z,closing,6da40e91a31110e51e84ba5671996deb,2026-10-04T20:00:00Z,Milwaukee Brewers,San Diego Padres,betmgm,alternate_totals,Under,3.5,5.75
2026-10-04T19:40:44Z,closing,6da40e91a31110e51e84ba5671996deb,2026-10-04T20:00:00Z,Milwaukee Brewers,San Diego Padres,betmgm,alternate_totals,Under,4.0,5.5
2026-10-04T19:40:44Z,closing,6da40e91a31110e51e84ba5671996deb,2026-10-04T20:00:00Z,Milwaukee Brewers,San Diego Padres,betmgm,alternate_totals,Under,4.5,4.2
2026-10-04T19:40:44Z,closing,6da40e91a31110e51e84ba5671996deb,2026-10-04T20:00:00Z,Milwaukee Brewers,San Diego Padres,betmgm,alternate_totals,Under,5.0,3.8
2026-10-04T19:40:44Z,closing,6da40e91a31110e51e84ba5671996deb,2026-10-04T20:00:00Z,Milwaukee Brewers,San Diego Padres,betmgm,alternate_totals,Under,5.5,2.8
2026-10-04T19:40:44Z,closing,6da40e91a31110e51e84ba5671996deb,2026-10-04T20:00:00Z,Milwaukee Brewers,San Diego Padres,betmgm,alternate_totals,Under,6.0,2.55
2026-10-04T19:40:44Z,closing,6da40e91a31110e51e84ba5671996deb,2026-10-04T20:00:00Z,Milwaukee Brewers,San Diego Padres,betmgm,alternate_totals,Under,6.5,2.25
2026-10-04T19:40:44Z,closing,6da40e91a31110e51e84ba5671996deb,2026-10-04T20:00:00Z,Milwaukee Brewers,San Diego Padres,betmgm,alternate_totals,Under,7.0,1.95
2026-10-04T19:40:44Z,closing,6da40e91a31110e51e84ba5671996deb,2026-10-04T20:00:00Z,Milwaukee Brewers,San Diego Padres,betmgm,alternate_totals,Under,7.5,1.69
2026-10-04T19:40:44Z,closing,6da40e91a31110e51e84ba5671996deb,2026-10-04T20:00:00Z,Milwaukee Brewers,San Diego Padres,betmgm,alternate_totals,Under,8.0,1.54
2026-10-04T19:40:44Z,closing,6da40e91a31110e51e84ba5671996deb,2026-10-04T20:00:00Z,Milwaukee Brewers,San Diego Padres,betmgm,alternate_totals,Under,8.5,1.48
2026-10-04T19:40:44Z,closing,6da40e91a31110e51e84ba5671996deb,2026-10-04T20:00:00Z,Milwaukee Brewers,San Diego Padres,betmgm,alternate_totals,Under,9.0,1.34
2026-10-04T19:40:44Z,closing,6da40e91a31110e51e84ba5671996deb,2026-10-04T20:00:00Z,Milwaukee Brewers,San Diego Padres,betmgm,alternate_totals,Under,9.5,1.31
2026-10-04T19:40:44Z,closing,6da40e91a31110e51e84ba5671996deb,2026-10-04T20:00:00Z,Milwaukee Brewers,San Diego Padres,betmgm,alternate_totals,Under,10.0,1.22
2026-10-04T19:40:44Z,closing,6da40e91a31110e51e84ba5671996deb,2026-10-04T20:00:00Z,Milwaukee Brewers,San Diego Padres,betmgm,alternate_totals,Under,10.5,1.21
2026-10-04T19:40:44Z,closing,6da40e91a31110e51e84ba5671996deb,2026-10-04T20:00:00Z,Milwaukee Brewers,San Diego Padres,betmgm,alternate_totals,Under,11.0,1.14
2026-10-04T19:40:44Z,closing,6da40e91a31110e51e84ba5671996deb,2026-10-04T20:00:00Z,Milwaukee Brewers,San Diego Padres,betmgm,alternate_totals,Under,11.5,1.13
2026-10-04T19:40:44Z,closing,6da40e91a31110e51e84ba5671996deb,2026-10-04T20:00:00Z,Milwaukee Brewers,San Diego Padres,betmgm,alternate_totals,Under,12.0,1.09
2026-10-04T19:40:44Z,closing,6da40e91a31110e51e84ba5671996deb,2026-10-04T20:00:00Z,Milwaukee Brewers,San Diego Padres,betmgm,alternate_totals,Under,12.5,1.08
2026-10-04T19:40:44Z,closing,6da40e91a31110e51e84ba5671996deb,2026-10-04T20:00:00Z,Milwaukee Brewers,San Diego Padres,betmgm,alternate_totals,Under,2.5,10.5
2026-10-04T19:40:44Z,closing,6da40e91a31110e51e84ba5671996deb,2026-10-04T20:00:00Z,Milwaukee Brewers,San Diego Padres,betmgm,alternate_totals,Under,3.0,10.0
2026-10-04T19:40:44Z,closing,6da40e91a31110e51e84ba5671996deb,2026-10-04T20:00:00Z,Milwaukee Brewers,San Diego Padres,betmgm,alternate_totals,Under,2.0,17.0
2026-10-04T19:40:44Z,closing,6da40e91a31110e51e84ba5671996deb,2026-10-04T20:00:00Z,Milwaukee Brewers,San Diego Padres,betmgm,alternate_totals,Under,1.5,17.5
2026-10-04T19:40:44Z,closing,6da40e91a31110e51e84ba5671996deb,2026-10-04T20:00:00Z,Milwaukee Brewers,San Diego Padres,coolbet,alternate_spreads,Milwaukee Brewers,2.5,1.28
2026-10-04T19:40:44Z,closing,6da40e91a31110e51e84ba5671996deb,2026-10-04T20:00:00Z,Milwaukee Brewers,San Diego Padres,coolbet,alternate_spreads,Milwaukee Brewers,1.5,1.44
2026-10-04T19:40:44Z,closing,6da40e91a31110e51e84ba5671996deb,2026-10-04T20:00:00Z,Milwaukee Brewers,San Diego Padres,coolbet,alternate_spreads,Milwaukee Brewers,-3.5,4.8
2026-10-04T19:40:44Z,closing,6da40e91a31110e51e84ba5671996deb,2026-10-04T20:00:00Z,Milwaukee Brewers,San Diego Padres,coolbet,alternate_spreads,Milwaukee Brewers,-1.5,2.6
2026-10-04T19:40:44Z,closing,6da40e91a31110e51e84ba5671996deb,2026-10-04T20:00:00Z,Milwaukee Brewers,San Diego Padres,coolbet,alternate_spreads,Milwaukee Brewers,-2.5,3.5
2026-10-04T19:40:44Z,closing,6da40e91a31110e51e84ba5671996deb,2026-10-04T20:00:00Z,Milwaukee Brewers,San Diego Padres,coolbet,alternate_spreads,San Diego Padres,-2.5,3.7
2026-10-04T19:40:44Z,closing,6da40e91a31110e51e84ba5671996deb,2026-10-04T20:00:00Z,Milwaukee Brewers,San Diego Padres,coolbet,alternate_spreads,San Diego Padres,-1.5,2.8
2026-10-04T19:40:44Z,closing,6da40e91a31110e51e84ba5671996deb,2026-10-04T20:00:00Z,Milwaukee Brewers,San Diego Padres,coolbet,alternate_spreads,San Diego Padres,3.5,1.19
2026-10-04T19:40:44Z,closing,6da40e91a31110e51e84ba5671996deb,2026-10-04T20:00:00Z,Milwaukee Brewers,San Diego Padres,coolbet,alternate_spreads,San Diego Padres,1.5,1.5
2026-10-04T19:40:44Z,closing,6da40e91a31110e51e84ba5671996deb,2026-10-04T20:00:00Z,Milwaukee Brewers,San Diego Padres,coolbet,alternate_spreads,San Diego Padres,2.5,1.3
2026-10-04T19:40:44Z,closing,6da40e91a31110e51e84ba5671996deb,2026-10-04T20:00:00Z,Milwaukee Brewers,San Diego Padres,coolbet,alternate_totals,Over,7.5,2.12
2026-10-04T19:40:44Z,closing,6da40e91a31110e51e84ba5671996deb,2026-10-04T20:00:00Z,Milwaukee Brewers,San Diego Padres,coolbet,alternate_totals,Over,5.5,1.48
2026-10-04T19:40:44Z,closing,6da40e91a31110e51e84ba5671996deb,2026-10-04T20:00:00Z,Milwaukee Brewers,San Diego Padres,coolbet,alternate_totals,Over,6.5,1.7
2026-10-04T19:40:44Z,closing,6da40e91a31110e51e84ba5671996deb,2026-10-04T20:00:00Z,Milwaukee Brewers,San Diego Padres,coolbet,alternate_totals,Over,7.0,1.89
2026-10-04T19:40:44Z,closing,6da40e91a31110e51e84ba5671996deb,2026-10-04T20:00:00Z,Milwaukee Brewers,San Diego Padres,coolbet,alternate_totals,Over,6.0,1.56
2026-10-04T19:40:44Z,closing,6da40e91a31110e51e84ba5671996deb,2026-10-04T20:00:00Z,Milwaukee Brewers,San Diego Padres,coolbet,alternate_totals,Over,8.5,2.55
2026-10-04T19:40:44Z,closing,6da40e91a31110e51e84ba5671996deb,2026-10-04T20:00:00Z,Milwaukee Brewers,San Diego Padres,coolbet,alternate_totals,Over,8.0,2.35
2026-10-04T19:40:44Z,closing,6da40e91a31110e51e84ba5671996deb,2026-10-04T20:00:00Z,Milwaukee Brewers,San Diego Padres,coolbet,alternate_totals,Under,7.5,1.73
2026-10-04T19:40:44Z,closing,6da40e91a31110e51e84ba5671996deb,2026-10-04T20:00:00Z,Milwaukee Brewers,San Diego Padres,coolbet,alternate_totals,Under,5.5,2.67
2026-10-04T19:40:44Z,closing,6da40e91a31110e51e84ba5671996deb,2026-10-04T20:00:00Z,Milwaukee Brewers,San Diego Padres,coolbet,alternate_totals,Under,6.5,2.17
2026-10-04T19:40:44Z,closing,6da40e91a31110e51e84ba5671996deb,2026-10-04T20:00:00Z,Milwaukee Brewers,San Diego Padres,coolbet,alternate_totals,Under,7.0,1.92
2026-10-04T19:40:44Z,closing,6da40e91a31110e51e84ba5671996deb,2026-10-04T20:00:00Z,Milwaukee Brewers,San Diego Padres,coolbet,alternate_totals,Under,6.0,2.45
2026-10-04T19:40:44Z,closing,6da40e91a31110e51e84ba5671996deb,2026-10-04T20:00:00Z,Milwaukee Brewers,San Diego Padres,coolbet,alternate_totals,Under,8.5,1.52
2026-10-04T19:40:44Z,closing,6da40e91a31110e51e84ba5671996deb,2026-10-04T20:00:00Z,Milwaukee Brewers,San Diego Padres,coolbet,alternate_totals,Under,8.0,1.6
2026-10-04T19:40:44Z,closing,6da40e91a31110e51e84ba5671996deb,2026-10-04T20:00:00Z,Milwaukee Brewers,San Diego Padres,draftkings,alternate_spreads,Milwaukee Brewers,4.5,1.07
2026-10-04T19:40:44Z,closing,6da40e91a31110e51e84ba5671996deb,2026-10-04T20:00:00Z,Milwaukee Brewers,San Diego Padres,draftkings,alternate_spreads,Milwaukee Brewers,4.0,1.08
2026-10-04T19:40:44Z,closing,6da40e91a31110e51e84ba5671996deb,2026-10-04T20:00:00Z,Milwaukee Brewers,San Diego Padres,draftkings,alternate_spreads,Milwaukee Brewers,3.5,1.14
2026-10-04T19:40:44Z,closing,6da40e91a31110e51e84ba5671996deb,2026-10-04T20:00:00Z,Milwaukee Brewers,San Diego Padres,draftkings,alternate_spreads,Milwaukee Brewers,3.0,1.15
2026-10-04T19:40:44Z,closing,6da40e91a31110e51e84ba5671996deb,2026-10-04T20:00:00Z,Milwaukee Brewers,San Diego Padres,draftkings,alternate_spreads,Milwaukee Brewers,2.5,1.24
2026-10-04T19:40:44Z,closing,6da40e91a31110e51e84ba5671996deb,2026-10-04T20:00:00Z,Milwaukee Brewers,San Diego Padres,draftkings,alternate_spreads,Milwaukee Brewers,2.0,1.28
2026-10-04T19:40:44Z,closing,6da40e91a31110e51e84ba5671996deb,2026-10-04T20:00:00Z,Milwaukee Brewers,San Diego Padres,draftkings,alternate_spreads,Milwaukee Brewers,1.5,1.41
2026-10-04T19:40:44Z,closing,6da40e91a31110e51e84ba5671996deb,2026-10-04T20:00:00Z,Milwaukee Brewers,San Diego Padres,draftkings,alternate_spreads,Milwaukee Brewers,1.0,1.51
2026-10-04T19:40:44Z,closing,6da40e91a31110e51e84ba5671996deb,2026-10-04T20:00:00Z,Milwaukee Brewers,San Diego Padres,draftkings,alternate_spreads,Milwaukee Brewers,-1.0,2.09
2026-10-04T19:40:44Z,closing,6da40e91a31110e51e84ba5671996deb,2026-10-04T20:00:00Z,Milwaukee Brewers,San Diego Padres,draftkings,alternate_spreads,Milwaukee Brewers,-2.0,3.14
2026-10-04T19:40:44Z,closing,6da40e91a31110e51e84ba5671996deb,2026-10-04T20:00:00Z,Milwaukee Brewers,San Diego Padres,draftkings,alternate_spreads,Milwaukee Brewers,-2.5,3.46
2026-10-04T19:40:44Z,closing,6da40e91a31110e51e84ba5671996deb,2026-10-04T20:00:00Z,Milwaukee Brewers,San Diego Padres,draftkings,alternate_spreads,Milwaukee Brewers,-3.0,4.43
2026-10-04T19:40:44Z,closing,6da40e91a31110e51e84ba5671996deb,2026-10-04T20:00:00Z,Milwaukee Brewers,San Diego Padres,draftkings,alternate_spreads,Milwaukee Brewers,-3.5,4.75
2026-10-04T19:40:44Z,closing,6da40e91a31110e51e84ba5671996deb,2026-10-04T20:00:00Z,Milwaukee Brewers,San Diego Padres,draftkings,alternate_spreads,Milwaukee Brewers,-4.0,6.26
2026-10-04T19:40:44Z,closing,6da40e91a31110e51e84ba5671996deb,2026-10-04T20:00:00Z,Milwaukee Brewers,San Diego Padres,draftkings,alternate_spreads,Milwaukee Brewers,-4.5,6.56
2026-10-04T19:40:44Z,closing,6da40e91a31110e51e84ba5671996deb,2026-10-04T20:00:00Z,Milwaukee Brewers,San Diego Padres,draftkings,alternate_spreads,Milwaukee Brewers,-5.0,8.6
2026-10-04T19:40:44Z,closing,6da40e91a31110e51e84ba5671996deb,2026-10-04T20:00:00Z,Milwaukee Brewers,San Diego Padres,draftkings,alternate_spreads,San Diego Padres,-4.5,7.4
2026-10-04T19:40:44Z,closing,6da40e91a31110e51e84ba5671996deb,2026-10-04T20:00:00Z,Milwaukee Brewers,San Diego Padres,draftkings,alternate_spreads,San Diego Padres,-4.0,7.2
2026-10-04T19:40:44Z,closing,6da40e91a31110e51e84ba5671996deb,2026-10-04T20:00:00Z,Milwaukee Brewers,San Diego Padres,draftkings,alternate_spreads,San Diego Padres,-3.5,5.42
2026-10-04T19:40:44Z,closing,6da40e91a31110e51e84ba5671996deb,2026-10-04T20:00:00Z,Milwaukee Brewers,San Diego Padres,draftkings,alternate_spreads,San Diego Padres,-3.0,5.09
2026-10-04T19:40:44Z,closing,6da40e91a31110e51e84ba5671996deb,2026-10-04T20:00:00Z,Milwaukee Brewers,San Diego Padres,draftkings,alternate_spreads,San Diego Padres,-2.5,3.88
2026-10-04T19:40:44Z,closing,6da40e91a31110e51e84ba5671996deb,2026-10-04T20:00:00Z,Milwaukee Brewers,San Diego Padres,draftkings,alternate_spreads,San Diego Padres,-2.0,3.55
2026-10-04T19:40:44Z,closing,6da40e91a31110e51e84ba5671996deb,2026-10-04T20:00:00Z,Milwaukee Brewers,San Diego Padres,draftkings,alternate_spreads,San Diego Padres,-1.5,2.83
2026-10-04T19:40:44Z,closing,6da40e91a31110e51e84ba5671996deb,2026-10-04T20:00:00Z,Milwaukee Brewers,San Diego Padres,draftkings,alternate_spreads,San Diego Padres,-1.0,2.5
2026-10-04T19:40:44Z,closing,6da40e91a31110e51e84ba5671996deb,2026-10-04T20:00:00Z,Milwaukee Brewers,San Diego Padres,draftkings,alternate_spreads,San Diego Padres,1.0,1.7
2026-10-04T19:40:44Z,closing,6da40e91a31110e51e84ba5671996deb,2026-10-04T20:00:00Z,Milwaukee Brewers,San Diego Padres,draftkings,alternate_spreads,San Diego Padres,2.0,1.34
2026-10-04T19:40:44Z,closing,6da40e91a31110e51e84ba5671996deb,2026-10-04T20:00:00Z,Milwaukee Brewers,San Diego Padres,draftkings,alternate_spreads,San Diego Padres,2.5,1.29
2026-10-04T19:40:44Z,closing,6da40e91a31110e51e84ba5671996deb,2026-10-04T20:00:00Z,Milwaukee Brewers,San Diego Padres,draftkings,alternate_spreads,San Diego Padres,3.0,1.19
2026-10-04T19:40:44Z,closing,6da40e91a31110e51e84ba5671996deb,2026-10-04T20:00:00Z,Milwaukee Brewers,San Diego Padres,draftkings,alternate_spreads,San Diego Padres,3.5,1.17
2026-10-04T19:40:44Z,closing,6da40e91a31110e51e84ba5671996deb,2026-10-04T20:00:00Z,Milwaukee Brewers,San Diego Padres,draftkings,alternate_spreads,San Diego Padres,4.0,1.11
2026-10-04T19:40:44Z,closing,6da40e91a31110e51e84ba5671996deb,2026-10-04T20:00:00Z,Milwaukee Brewers,San Diego Padres,draftkings,alternate_spreads,San Diego Padres,4.5,1.1
2026-10-04T19:40:44Z,closing,6da40e91a31110e51e84ba5671996deb,2026-10-04T20:00:00Z,Milwaukee Brewers,San Diego Padres,draftkings,alternate_spreads,San Diego Padres,5.0,1.05
2026-10-04T19:40:44Z,closing,6da40e91a31110e51e84ba5671996deb,2026-10-04T20:00:00Z,Milwaukee Brewers,San Diego Padres,draftkings,alternate_totals,Over,3.5,1.13
2026-10-04T19:40:44Z,closing,6da40e91a31110e51e84ba5671996deb,2026-10-04T20:00:00Z,Milwaukee Brewers,San Diego Padres,draftkings,alternate_totals,Over,4.0,1.14
2026-10-04T19:40:44Z,closing,6da40e91a31110e51e84ba5671996deb,2026-10-04T20:00:00Z,Milwaukee Brewers,San Diego Padres,draftkings,alternate_totals,Over,4.5,1.22
2026-10-04T19:40:44Z,closing,6da40e91a31110e51e84ba5671996deb,2026-10-04T20:00:00Z,Milwaukee Brewers,San Diego Padres,draftkings,alternate_totals,Over,5.0,1.27
2026-10-04T19:40:44Z,closing,6da40e91a31110e51e84ba5671996deb,2026-10-04T20:00:00Z,Milwaukee Brewers,San Diego Padres,draftkings,alternate_totals,Over,5.5,1.44
2026-10-04T19:40:44Z,closing,6da40e91a31110e51e84ba5671996deb,2026-10-04T20:00:00Z,Milwaukee Brewers,San Diego Padres,draftkings,alternate_totals,Over,6.0,1.51
2026-10-04T19:40:44Z,closing,6da40e91a31110e51e84ba5671996deb,2026-10-04T20:00:00Z,Milwaukee Brewers,San Diego Padres,draftkings,alternate_totals,Over,6.5,1.64
2026-10-04T19:40:44Z,closing,6da40e91a31110e51e84ba5671996deb,2026-10-04T20:00:00Z,Milwaukee Brewers,San Diego Padres,draftkings,alternate_totals,Over,7.5,2.05
2026-10-04T19:40:44Z,closing,6da40e91a31110e51e84ba5671996deb,2026-10-04T20:00:00Z,Milwaukee Brewers,San Diego Padres,draftkings,alternate_totals,Over,8.0,2.25
2026-10-04T19:40:44Z,closing,6da40e91a31110e51e84ba5671996deb,2026-10-04T20:00:00Z,Milwaukee Brewers,San Diego Padres,draftkings,alternate_totals,Over,8.5,2.42
2026-10-04T19:40:44Z,closing,6da40e91a31110e51e84ba5671996deb,2026-10-04T20:00:00Z,Milwaukee Brewers,San Diego Padres,draftkings,alternate_totals,Over,9.0,2.89
2026-10-04T19:40:44Z,closing,6da40e91a31110e51e84ba5671996deb,2026-10-04T20:00:00Z,Milwaukee Brewers,San Diego Padres,draftkings,alternate_totals,Over,9.5,3.17
2026-10-04T19:40:44Z,closing,6da40e91a31110e51e84ba5671996deb,2026-10-04T20:00:00Z,Milwaukee Brewers,San Diego Padres,draftkings,alternate_totals,Over,10.0,3.72
2026-10-04T19:40:44Z,closing,6da40e91a31110e51e84ba5671996deb,2026-10-04T20:00:00Z,Milwaukee Brewers,San Diego Padres,draftkings,alternate_totals,Over,10.5,3.92
2026-10-04T19:40:44Z,closing,6da40e91a31110e51e84ba5671996deb,2026-10-04T20:00:00Z,Milwaukee Brewers,San Diego Padres,draftkings,alternate_totals,Over,11.0,5.0
2026-10-04T19:40:44Z,closing,6da40e91a31110e51e84ba5671996deb,2026-10-04T20:00:00Z,Milwaukee Brewers,San Diego Padres,draftkings,alternate_totals,Over,11.5,5.29
2026-10-04T19:40:44Z,closing,6da40e91a31110e51e84ba5671996deb,2026-10-04T20:00:00Z,Milwaukee Brewers,San Diego Padres,draftkings,alternate_totals,Under,3.5,5.58
2026-10-04T19:40:44Z,closing,6da40e91a31110e51e84ba5671996deb,2026-10-04T20:00:00Z,Milwaukee Brewers,San Diego Padres,draftkings,alternate_totals,Under,4.0,5.28
2026-10-04T19:40:44Z,closing,6da40e91a31110e51e84ba5671996deb,2026-10-04T20:00:00Z,Milwaukee Brewers,San Diego Padres,draftkings,alternate_totals,Under,4.5,4.06
2026-10-04T19:40:44Z,closing,6da40e91a31110e51e84ba5671996deb,2026-10-04T20:00:00Z,Milwaukee Brewers,San Diego Padres,draftkings,alternate_totals,Under,5.0,3.62
2026-10-04T19:40:44Z,closing,6da40e91a31110e51e84ba5671996deb,2026-10-04T20:00:00Z,Milwaukee Brewers,San Diego Padres,draftkings,alternate_totals,Under,5.5,2.7
2026-10-04T19:40:44Z,closing,6da40e91a31110e51e84ba5671996deb,2026-10-04T20:00:00Z,Milwaukee Brewers,San Diego Padres,draftkings,alternate_totals,Under,6.0,2.49
2026-10-04T19:40:44Z,closing,6da40e91a31110e51e84ba5671996deb,2026-10-04T20:00:00Z,Milwaukee Brewers,San Diego Padres,draftkings,alternate_totals,Under,6.5,2.2
2026-10-04T19:40:44Z,closing,6da40e91a31110e51e84ba5671996deb,2026-10-04T20:00:00Z,Milwaukee Brewers,San Diego Padres,draftkings,alternate_totals,Under,7.5,1.74
2026-10-04T19:40:44Z,closing,6da40e91a31110e51e84ba5671996deb,2026-10-04T20:00:00Z,Milwaukee Brewers,San Diego Padres,draftkings,alternate_totals,Under,8.0,1.61
2026-10-04T19:40:44Z,closing,6da40e91a31110e51e84ba5671996deb,2026-10-04T20:00:00Z,Milwaukee Brewers,San Diego Padres,draftkings,alternate_totals,Under,8.5,1.53
2026-10-04T19:40:44Z,closing,6da40e91a31110e51e84ba5671996deb,2026-10-04T20:00:00Z,Milwaukee Brewers,San Diego Padres,draftkings,alternate_totals,Under,9.0,1.39
2026-10-04T19:40:44Z,closing,6da40e91a31110e51e84ba5671996deb,2026-10-04T20:00:00Z,Milwaukee Brewers,San Diego Padres,draftkings,alternate_totals,Under,9.5,1.33
2026-10-04T19:40:44Z,closing,6da40e91a31110e51e84ba5671996deb,2026-10-04T20:00:00Z,Milwaukee Brewers,San Diego Padres,draftkings,alternate_totals,Under,10.0,1.26
2026-10-04T19:40:44Z,closing,6da40e91a31110e51e84ba5671996deb,2026-10-04T20:00:00Z,Milwaukee Brewers,San Diego Padres,draftkings,alternate_totals,Under,10.5,1.24
2026-10-04T19:40:44Z,closing,6da40e91a31110e51e84ba5671996deb,2026-10-04T20:00:00Z,Milwaukee Brewers,San Diego Padres,draftkings,alternate_totals,Under,11.0,1.16
2026-10-04T19:40:44Z,closing,6da40e91a31110e51e84ba5671996deb,2026-10-04T20:00:00Z,Milwaukee Brewers,San Diego Padres,draftkings,alternate_totals,Under,11.5,1.14
2026-10-04T19:40:44Z,closing,6da40e91a31110e51e84ba5671996deb,2026-10-04T20:00:00Z,Milwaukee Brewers,San Diego Padres,betrivers,alternate_spreads,Milwaukee Brewers,-2.0,3.25
2026-10-04T19:40:44Z,closing,6da40e91a31110e51e84ba5671996deb,2026-10-04T20:00:00Z,Milwaukee Brewers,San Diego Padres,betrivers,alternate_spreads,Milwaukee Brewers,2.0,1.27
2026-10-04T19:40:44Z,closing,6da40e91a31110e51e84ba5671996deb,2026-10-04T20:00:00Z,Milwaukee Brewers,San Diego Padres,betrivers,alternate_spreads,Milwaukee Brewers,1.5,1.41
2026-10-04T19:40:44Z,closing,6da40e91a31110e51e84ba5671996deb,2026-10-04T20:00:00Z,Milwaukee Brewers,San Diego Padres,betrivers,alternate_spreads,Milwaukee Brewers,-1.0,2.1
2026-10-04T19:40:44Z,closing,6da40e91a31110e51e84ba5671996deb,2026-10-04T20:00:00Z,Milwaukee Brewers,San Diego Padres,betrivers,alternate_spreads,Milwaukee Brewers,-2.5,3.6
2026-10-04T19:40:44Z,closing,6da40e91a31110e51e84ba5671996deb,2026-10-04T20:00:00Z,Milwaukee Brewers,San Diego Padres,betrivers,alternate_spreads,Milwaukee Brewers,1.0,1.5
2026-10-04T19:40:44Z,closing,6da40e91a31110e51e84ba5671996deb,2026-10-04T20:00:00Z,Milwaukee Brewers,San Diego Padres,betrivers,alternate_spreads,Milwaukee Brewers,-3.0,4.7
2026-10-04T19:40:44Z,closing,6da40e91a31110e51e84ba5671996deb,2026-10-04T20:00:00Z,Milwaukee Brewers,San Diego Padres,betrivers,alternate_spreads,Milwaukee Brewers,-1.5,2.55
2026-10-04T19:40:44Z,closing,6da40e91a31110e51e84ba5671996deb,2026-10-04T20:00:00Z,Milwaukee Brewers,San Diego Padres,betrivers,alternate_spreads,San Diego Padres,2.0,1.36
2026-10-04T19:40:44Z,closing,6da40e91a31110e51e84ba5671996deb,2026-10-04T20:00:00Z,Milwaukee Brewers,San Diego Padres,betrivers,alternate_spreads,San Diego Padres,-2.0,3.8
2026-10-04T19:40:44Z,closing,6da40e91a31110e51e84ba5671996deb,2026-10-04T20:00:00Z,Milwaukee Brewers,San Diego Padres,betrivers,alternate_spreads,San Diego Padres,-1.5,2.95
2026-10-04T19:40:44Z,closing,6da40e91a31110e51e84ba5671996deb,2026-10-04T20:00:00Z,Milwaukee Brewers,San Diego Padres,betrivers,alternate_spreads,San Diego Padres,1.0,1.74
2026-10-04T19:40:44Z,closing,6da40e91a31110e51e84ba5671996deb,2026-10-04T20:00:00Z,Milwaukee Brewers,San Diego Padres,betrivers,alternate_spreads,San Diego Padres,2.5,1.29
2026-10-04T19:40:44Z,closing,6da40e91a31110e51e84ba5671996deb,2026-10-04T20:00:00Z,Milwaukee Brewers,San Diego Padres,betrivers,alternate_spreads,San Diego Padres,-1.0,2.6
2026-10-04T19:40:44Z,closing,6da40e91a31110e51e84ba5671996deb,2026-10-04T20:00:00Z,Milwaukee Brewers,San Diego Padres,betrivers,alternate_spreads,San Diego Padres,3.0,1.2
2026-10-04T19:40:44Z,closing,6da40e91a31110e51e84ba5671996deb,2026-10-04T20:00:00Z,Milwaukee Brewers,San Diego Padres,betrivers,alternate_spreads,San Diego Padres,1.5,1.51
2026-10-04T19:40:44Z,closing,6da40e91a31110e51e84ba5671996deb,2026-10-04T20:00:00Z,Milwaukee Brewers,San Diego Padres,betrivers,alternate_totals,Over,8.0,2.48
2026-10-04T19:40:44Z,closing,6da40e91a31110e51e84ba5671996deb,2026-10-04T20:00:00Z,Milwaukee Brewers,San Diego Padres,betrivers,alternate_totals,Over,10.5,4.4
2026-10-04T19:40:44Z,closing,6da40e91a31110e51e84ba5671996deb,2026-10-04T20:00:00Z,Milwaukee Brewers,San Diego Padres,betrivers,alternate_totals,Over,10.0,4.25
2026-10-04T19:40:44Z,closing,6da40e91a31110e51e84ba5671996deb,2026-10-04T20:00:00Z,Milwaukee Brewers,San Diego Padres,betrivers,alternate_totals,Over,8.5,2.7
2026-10-04T19:40:44Z,closing,6da40e91a31110e51e84ba5671996deb,2026-10-04T20:00:00Z,Milwaukee Brewers,San Diego Padres,betrivers,alternate_totals,Over,7.5,2.23
2026-10-04T19:40:44Z,closing,6da40e91a31110e51e84ba5671996deb,2026-10-04T20:00:00Z,Milwaukee Brewers,San Diego Padres,betrivers,alternate_totals,Over,6.0,1.61
2026-10-04T19:40:44Z,closing,6da40e91a31110e51e84ba5671996deb,2026-10-04T20:00:00Z,Milwaukee Brewers,San Diego Padres,betrivers,alternate_totals,Over,7.0,1.96
2026-10-04T19:40:44Z,closing,6da40e91a31110e51e84ba5671996deb,2026-10-04T20:00:00Z,Milwaukee Brewers,San Diego Padres,betrivers,alternate_totals,Over,11.0,5.8
2026-10-04T19:40:44Z,closing,6da40e91a31110e51e84ba5671996deb,2026-10-04T20:00:00Z,Milwaukee Brewers,San Diego Padres,betrivers,alternate_totals,Over,4.5,1.27
2026-10-04T19:40:44Z,closing,6da40e91a31110e51e84ba5671996deb,2026-10-04T20:00:00Z,Milwaukee Brewers,San Diego Padres,betrivers,alternate_totals,Over,5.0,1.33
2026-10-04T19:40:44Z,closing,6da40e91a31110e51e84ba5671996deb,2026-10-04T20:00:00Z,Milwaukee Brewers,San Diego Padres,betrivers,alternate_totals,Over,9.0,3.25
2026-10-04T19:40:44Z,closing,6da40e91a31110e51e84ba5671996deb,2026-10-04T20:00:00Z,Milwaukee Brewers,San Diego Padres,betrivers,alternate_totals,Over,9.5,3.6
2026-10-04T19:40:44Z,closing,6da40e91a31110e51e84ba5671996deb,2026-10-04T20:00:00Z,Milwaukee Brewers,San Diego Padres,betrivers,alternate_totals,Over,5.5,1.51
2026-10-04T19:40:44Z,closing,6da40e91a31110e51e84ba5671996deb,2026-10-04T20:00:00Z,Milwaukee Brewers,San Diego Padres,betrivers,alternate_totals,Over,6.5,1.75
2026-10-04T19:40:44Z,closing,6da40e91a31110e51e84ba5671996deb,2026-10-04T20:00:00Z,Milwaukee Brewers,San Diego Padres,betrivers,alternate_totals,Under,8.0,1.55
2026-10-04T19:40:44Z,closing,6da40e91a31110e51e84ba5671996deb,2026-10-04T20:00:00Z,Milwaukee Brewers,San Diego Padres,betrivers,alternate_totals,Under,10.5,1.21
2026-10-04T19:40:44Z,closing,6da40e91a31110e51e84ba5671996deb,2026-10-04T20:00:00Z,Milwaukee Brewers,San Diego Padres,betrivers,alternate_totals,Under,10.0,1.23
2026-10-04T19:40:44Z,closing,6da40e91a31110e51e84ba5671996deb,2026-10-04T20:00:00Z,Milwaukee Brewers,San Diego Padres,betrivers,alternate_totals,Under,8.5,1.48
2026-10-04T19:40:44Z,closing,6da40e91a31110e51e84ba5671996deb,2026-10-04T20:00:00Z,Milwaukee Brewers,San Diego Padres,betrivers,alternate_totals,Under,7.5,1.67
2026-10-04T19:40:44Z,closing,6da40e91a31110e51e84ba5671996deb,2026-10-04T20:00:00Z,Milwaukee Brewers,San Diego Padres,betrivers,alternate_totals,Under,6.0,2.35
2026-10-04T19:40:44Z,closing,6da40e91a31110e51e84ba5671996deb,2026-10-04T20:00:00Z,Milwaukee Brewers,San Diego Padres,betrivers,alternate_totals,Under,7.0,1.85
2026-10-04T19:40:44Z,closing,6da40e91a31110e51e84ba5671996deb,2026-10-04T20:00:00Z,Milwaukee Brewers,San Diego Padres,betrivers,alternate_totals,Under,11.0,1.14
2026-10-04T19:40:44Z,closing,6da40e91a31110e51e84ba5671996deb,2026-10-04T20:00:00Z,Milwaukee Brewers,San Diego Padres,betrivers,alternate_totals,Under,4.5,3.85
2026-10-04T19:40:44Z,closing,6da40e91a31110e51e84ba5671996deb,2026-10-04T20:00:00Z,Milwaukee Brewers,San Diego Padres,betrivers,alternate_totals,Under,5.0,3.4
2026-10-04T19:40:44Z,closing,6da40e91a31110e51e84ba5671996deb,2026-10-04T20:00:00Z,Milwaukee Brewers,San Diego Padres,betrivers,alternate_totals,Under,9.0,1.35
2026-10-04T19:40:44Z,closing,6da40e91a31110e51e84ba5671996deb,2026-10-04T20:00:00Z,Milwaukee Brewers,San Diego Padres,betrivers,alternate_totals,Under,9.5,1.3
2026-10-04T19:40:44Z,closing,6da40e91a31110e51e84ba5671996deb,2026-10-04T20:00:00Z,Milwaukee Brewers,San Diego Padres,betrivers,alternate_totals,Under,5.5,2.55
2026-10-04T19:40:44Z,closing,6da40e91a31110e51e84ba5671996deb,2026-10-04T20:00:00Z,Milwaukee Brewers,San Diego Padres,betrivers,alternate_totals,Under,6.5,2.08
2026-10-04T19:40:44Z,closing,6da40e91a31110e51e84ba5671996deb,2026-10-04T20:00:00Z,Milwaukee Brewers,San Diego Padres,pinnacle,alternate_spreads,Milwaukee Brewers,-1.5,2.7
2026-10-04T19:40:44Z,closing,6da40e91a31110e51e84ba5671996deb,2026-10-04T20:00:00Z,Milwaukee Brewers,San Diego Padres,pinnacle,alternate_spreads,Milwaukee Brewers,1.5,1.43
2026-10-04T19:40:44Z,closing,6da40e91a31110e51e84ba5671996deb,2026-10-04T20:00:00Z,Milwaukee Brewers,San Diego Padres,pinnacle,alternate_spreads,Milwaukee Brewers,1.0,1.54
2026-10-04T19:40:44Z,closing,6da40e91a31110e51e84ba5671996deb,2026-10-04T20:00:00Z,Milwaukee Brewers,San Diego Padres,pinnacle,alternate_spreads,Milwaukee Brewers,-1.0,2.19
2026-10-04T19:40:44Z,closing,6da40e91a31110e51e84ba5671996deb,2026-10-04T20:00:00Z,Milwaukee Brewers,San Diego Padres,pinnacle,alternate_spreads,Milwaukee Brewers,-2.0,3.32
2026-10-04T19:40:44Z,closing,6da40e91a31110e51e84ba5671996deb,2026-10-04T20:00:00Z,Milwaukee Brewers,San Diego Padres,pinnacle,alternate_spreads,Milwaukee Brewers,-2.5,3.62
2026-10-04T19:40:44Z,closing,6da40e91a31110e51e84ba5671996deb,2026-10-04T20:00:00Z,Milwaukee Brewers,San Diego Padres,pinnacle,alternate_spreads,Milwaukee Brewers,-3.0,4.61
2026-10-04T19:40:44Z,closing,6da40e91a31110e51e84ba5671996deb,2026-10-04T20:00:00Z,Milwaukee Brewers,San Diego Padres,pinnacle,alternate_spreads,San Diego Padres,1.5,1.53
2026-10-04T19:40:44Z,closing,6da40e91a31110e51e84ba5671996deb,2026-10-04T20:00:00Z,Milwaukee Brewers,San Diego Padres,pinnacle,alternate_spreads,San Diego Padres,-1.5,2.92
2026-10-04T19:40:44Z,closing,6da40e91a31110e51e84ba5671996deb,2026-10-04T20:00:00Z,Milwaukee Brewers,San Diego Padres,pinnacle,alternate_spreads,San Diego Padres,-1.0,2.59
2026-10-04T19:40:44Z,closing,6da40e91a31110e51e84ba5671996deb,2026-10-04T20:00:00Z,Milwaukee Brewers,San Diego Padres,pinnacle,alternate_spreads,San Diego Padres,1.0,1.75
2026-10-04T19:40:44Z,closing,6da40e91a31110e51e84ba5671996deb,2026-10-04T20:00:00Z,Milwaukee Brewers,San Diego Padres,pinnacle,alternate_spreads,San Diego Padres,2.0,1.36
2026-10-04T19:40:44Z,closing,6da40e91a31110e51e84ba5671996deb,2026-10-04T20:00:00Z,Milwaukee Brewers,San Diego Padres,pinnacle,alternate_spreads,San Diego Padres,2.5,1.31
2026-10-04T19:40:44Z,closing,6da40e91a31110e51e84ba5671996deb,2026-10-04T20:00:00Z,Milwaukee Brewers,San Diego Padres,pinnacle,alternate_spreads,San Diego Padres,3.0,1.2
2026-10-04T19:40:44Z,closing,6da40e91a31110e51e84ba5671996deb,2026-10-04T20:00:00Z,Milwaukee Brewers,San Diego Padres,pinnacle,alternate_totals,Over,7.0,1.92
2026-10-04T19:40:44Z,closing,6da40e91a31110e51e84ba5671996deb,2026-10-04T20:00:00Z,Milwaukee Brewers,San Diego Padres,pinnacle,alternate_totals,Over,5.5,1.48
2026-10-04T19:40:44Z,closing,6da40e91a31110e51e84ba5671996deb,2026-10-04T20:00:00Z,Milwaukee Brewers,San Diego Padres,pinnacle,alternate_totals,Over,6.0,1.56
2026-10-04T19:40:44Z,closing,6da40e91a31110e51e84ba5671996deb,2026-10-04T20:00:00Z,Milwaukee Brewers,San Diego Padres,pinnacle,alternate_totals,Over,6.5,1.71
2026-10-04T19:40:44Z,closing,6da40e91a31110e51e84ba5671996deb,2026-10-04T20:00:00Z,Milwaukee Brewers,San Diego Padres,pinnacle,alternate_totals,Over,7.5,2.17
2026-10-04T19:40:44Z,closing,6da40e91a31110e51e84ba5671996deb,2026-10-04T20:00:00Z,Milwaukee Brewers,San Diego Padres,pinnacle,alternate_totals,Over,8.0,2.41
2026-10-04T19:40:44Z,closing,6da40e91a31110e51e84ba5671996deb,2026-10-04T20:00:00Z,Milwaukee Brewers,San Diego Padres,pinnacle,alternate_totals,Over,8.5,2.58
2026-10-04T19:40:44Z,closing,6da40e91a31110e51e84ba5671996deb,2026-10-04T20:00:00Z,Milwaukee Brewers,San Diego Padres,pinnacle,alternate_totals,Under,7.0,1.97
2026-10-04T19:40:44Z,closing,6da40e91a31110e51e84ba5671996deb,2026-10-04T20:00:00Z,Milwaukee Brewers,San Diego Padres,pinnacle,alternate_totals,Under,5.5,2.73
2026-10-04T19:40:44Z,closing,6da40e91a31110e51e84ba5671996deb,2026-10-04T20:00:00Z,Milwaukee Brewers,San Diego Padres,pinnacle,alternate_totals,Under,6.0,2.53
2026-10-04T19:40:44Z,closing,6da40e91a31110e51e84ba5671996deb,2026-10-04T20:00:00Z,Milwaukee Brewers,San Diego Padres,pinnacle,alternate_totals,Under,6.5,2.23
2026-10-04T19:40:44Z,closing,6da40e91a31110e51e84ba5671996deb,2026-10-04T20:00:00Z,Milwaukee Brewers,San Diego Padres,pinnacle,alternate_totals,Under,7.5,1.75
2026-10-04T19:40:44Z,closing,6da40e91a31110e51e84ba5671996deb,2026-10-04T20:00:00Z,Milwaukee Brewers,San Diego Padres,pinnacle,alternate_totals,Under,8.0,1.61
2026-10-04T19:40:44Z,closing,6da40e91a31110e51e84ba5671996deb,2026-10-04T20:00:00Z,Milwaukee Brewers,San Diego Padres,pinnacle,alternate_totals,Under,8.5,1.53
2026-10-04T21:10:08Z,scheduled,583202487b52f61769b2404a64e01c77,2026-10-05T00:00:00Z,Los Angeles Dodgers,Atlanta Braves,fanduel,h2h,Atlanta Braves,,2.94
2026-10-04T21:10:08Z,scheduled,583202487b52f61769b2404a64e01c77,2026-10-05T00:00:00Z,Los Angeles Dodgers,Atlanta Braves,fanduel,h2h,Los Angeles Dodgers,,1.43
2026-10-04T21:10:08Z,scheduled,583202487b52f61769b2404a64e01c77,2026-10-05T00:00:00Z,Los Angeles Dodgers,Atlanta Braves,fanduel,spreads,Atlanta Braves,1.5,1.85
2026-10-04T21:10:08Z,scheduled,583202487b52f61769b2404a64e01c77,2026-10-05T00:00:00Z,Los Angeles Dodgers,Atlanta Braves,fanduel,spreads,Los Angeles Dodgers,-1.5,1.98
2026-10-04T21:10:08Z,scheduled,583202487b52f61769b2404a64e01c77,2026-10-05T00:00:00Z,Los Angeles Dodgers,Atlanta Braves,fanduel,totals,Over,7.5,1.82
2026-10-04T21:10:08Z,scheduled,583202487b52f61769b2404a64e01c77,2026-10-05T00:00:00Z,Los Angeles Dodgers,Atlanta Braves,fanduel,totals,Under,7.5,2.0
2026-10-04T21:10:08Z,scheduled,583202487b52f61769b2404a64e01c77,2026-10-05T00:00:00Z,Los Angeles Dodgers,Atlanta Braves,coolbet,h2h,Atlanta Braves,,2.85
2026-10-04T21:10:08Z,scheduled,583202487b52f61769b2404a64e01c77,2026-10-05T00:00:00Z,Los Angeles Dodgers,Atlanta Braves,coolbet,h2h,Los Angeles Dodgers,,1.43
2026-10-04T21:10:08Z,scheduled,583202487b52f61769b2404a64e01c77,2026-10-05T00:00:00Z,Los Angeles Dodgers,Atlanta Braves,coolbet,spreads,Atlanta Braves,1.5,1.82
2026-10-04T21:10:08Z,scheduled,583202487b52f61769b2404a64e01c77,2026-10-05T00:00:00Z,Los Angeles Dodgers,Atlanta Braves,coolbet,spreads,Los Angeles Dodgers,-1.5,2.0
2026-10-04T21:10:08Z,scheduled,583202487b52f61769b2404a64e01c77,2026-10-05T00:00:00Z,Los Angeles Dodgers,Atlanta Braves,coolbet,totals,Over,7.5,1.85
2026-10-04T21:10:08Z,scheduled,583202487b52f61769b2404a64e01c77,2026-10-05T00:00:00Z,Los Angeles Dodgers,Atlanta Braves,coolbet,totals,Under,7.5,1.96
2026-10-04T21:10:08Z,scheduled,583202487b52f61769b2404a64e01c77,2026-10-05T00:00:00Z,Los Angeles Dodgers,Atlanta Braves,betmgm,h2h,Atlanta Braves,,2.85
2026-10-04T21:10:08Z,scheduled,583202487b52f61769b2404a64e01c77,2026-10-05T00:00:00Z,Los Angeles Dodgers,Atlanta Braves,betmgm,h2h,Los Angeles Dodgers,,1.44
2026-10-04T21:10:08Z,scheduled,583202487b52f61769b2404a64e01c77,2026-10-05T00:00:00Z,Los Angeles Dodgers,Atlanta Braves,betmgm,totals,Over,8.0,2.0
2026-10-04T21:10:08Z,scheduled,583202487b52f61769b2404a64e01c77,2026-10-05T00:00:00Z,Los Angeles Dodgers,Atlanta Braves,betmgm,totals,Under,8.0,1.83
2026-10-04T21:10:08Z,scheduled,583202487b52f61769b2404a64e01c77,2026-10-05T00:00:00Z,Los Angeles Dodgers,Atlanta Braves,draftkings,h2h,Atlanta Braves,,2.73
2026-10-04T21:10:08Z,scheduled,583202487b52f61769b2404a64e01c77,2026-10-05T00:00:00Z,Los Angeles Dodgers,Atlanta Braves,draftkings,h2h,Los Angeles Dodgers,,1.47
2026-10-04T21:10:08Z,scheduled,583202487b52f61769b2404a64e01c77,2026-10-05T00:00:00Z,Los Angeles Dodgers,Atlanta Braves,draftkings,spreads,Atlanta Braves,1.5,1.85
2026-10-04T21:10:08Z,scheduled,583202487b52f61769b2404a64e01c77,2026-10-05T00:00:00Z,Los Angeles Dodgers,Atlanta Braves,draftkings,spreads,Los Angeles Dodgers,-1.5,1.98
2026-10-04T21:10:08Z,scheduled,583202487b52f61769b2404a64e01c77,2026-10-05T00:00:00Z,Los Angeles Dodgers,Atlanta Braves,draftkings,totals,Over,7.5,1.85
2026-10-04T21:10:08Z,scheduled,583202487b52f61769b2404a64e01c77,2026-10-05T00:00:00Z,Los Angeles Dodgers,Atlanta Braves,draftkings,totals,Under,7.5,1.97
2026-10-04T21:10:08Z,scheduled,583202487b52f61769b2404a64e01c77,2026-10-05T00:00:00Z,Los Angeles Dodgers,Atlanta Braves,betsson,h2h,Atlanta Braves,,2.78
2026-10-04T21:10:08Z,scheduled,583202487b52f61769b2404a64e01c77,2026-10-05T00:00:00Z,Los Angeles Dodgers,Atlanta Braves,betsson,h2h,Los Angeles Dodgers,,1.44
2026-10-04T21:10:08Z,scheduled,583202487b52f61769b2404a64e01c77,2026-10-05T00:00:00Z,Los Angeles Dodgers,Atlanta Braves,betsson,spreads,Atlanta Braves,1.5,1.83
2026-10-04T21:10:08Z,scheduled,583202487b52f61769b2404a64e01c77,2026-10-05T00:00:00Z,Los Angeles Dodgers,Atlanta Braves,betsson,spreads,Los Angeles Dodgers,-1.5,1.93
2026-10-04T21:10:08Z,scheduled,583202487b52f61769b2404a64e01c77,2026-10-05T00:00:00Z,Los Angeles Dodgers,Atlanta Braves,betsson,totals,Over,8.0,1.9
2026-10-04T21:10:08Z,scheduled,583202487b52f61769b2404a64e01c77,2026-10-05T00:00:00Z,Los Angeles Dodgers,Atlanta Braves,betsson,totals,Under,8.0,1.86
2026-10-04T21:10:08Z,scheduled,583202487b52f61769b2404a64e01c77,2026-10-05T00:00:00Z,Los Angeles Dodgers,Atlanta Braves,betrivers,h2h,Atlanta Braves,,2.85
2026-10-04T21:10:08Z,scheduled,583202487b52f61769b2404a64e01c77,2026-10-05T00:00:00Z,Los Angeles Dodgers,Atlanta Braves,betrivers,h2h,Los Angeles Dodgers,,1.44
2026-10-04T21:10:08Z,scheduled,583202487b52f61769b2404a64e01c77,2026-10-05T00:00:00Z,Los Angeles Dodgers,Atlanta Braves,betrivers,spreads,Atlanta Braves,1.5,1.81
2026-10-04T21:10:08Z,scheduled,583202487b52f61769b2404a64e01c77,2026-10-05T00:00:00Z,Los Angeles Dodgers,Atlanta Braves,betrivers,spreads,Los Angeles Dodgers,-1.5,2.0
2026-10-04T21:10:08Z,scheduled,583202487b52f61769b2404a64e01c77,2026-10-05T00:00:00Z,Los Angeles Dodgers,Atlanta Braves,betrivers,totals,Over,8.0,1.94
2026-10-04T21:10:08Z,scheduled,583202487b52f61769b2404a64e01c77,2026-10-05T00:00:00Z,Los Angeles Dodgers,Atlanta Braves,betrivers,totals,Under,8.0,1.87
2026-10-04T21:10:08Z,scheduled,583202487b52f61769b2404a64e01c77,2026-10-05T00:00:00Z,Los Angeles Dodgers,Atlanta Braves,matchbook,h2h,Atlanta Braves,,3.05
2026-10-04T21:10:08Z,scheduled,583202487b52f61769b2404a64e01c77,2026-10-05T00:00:00Z,Los Angeles Dodgers,Atlanta Braves,matchbook,h2h,Los Angeles Dodgers,,1.47
2026-10-04T21:10:08Z,scheduled,583202487b52f61769b2404a64e01c77,2026-10-05T00:00:00Z,Los Angeles Dodgers,Atlanta Braves,matchbook,h2h_lay,Atlanta Braves,,3.1
2026-10-04T21:10:08Z,scheduled,583202487b52f61769b2404a64e01c77,2026-10-05T00:00:00Z,Los Angeles Dodgers,Atlanta Braves,matchbook,h2h_lay,Los Angeles Dodgers,,1.49
2026-10-04T21:10:08Z,scheduled,583202487b52f61769b2404a64e01c77,2026-10-05T00:00:00Z,Los Angeles Dodgers,Atlanta Braves,matchbook,spreads,Atlanta Braves,1.5,1.88
2026-10-04T21:10:08Z,scheduled,583202487b52f61769b2404a64e01c77,2026-10-05T00:00:00Z,Los Angeles Dodgers,Atlanta Braves,matchbook,spreads,Los Angeles Dodgers,-1.5,2.04
2026-10-04T21:10:08Z,scheduled,583202487b52f61769b2404a64e01c77,2026-10-05T00:00:00Z,Los Angeles Dodgers,Atlanta Braves,matchbook,totals,Over,7.5,1.81
2026-10-04T21:10:08Z,scheduled,583202487b52f61769b2404a64e01c77,2026-10-05T00:00:00Z,Los Angeles Dodgers,Atlanta Braves,matchbook,totals,Under,7.5,2.12
2026-10-04T21:10:08Z,scheduled,583202487b52f61769b2404a64e01c77,2026-10-05T00:00:00Z,Los Angeles Dodgers,Atlanta Braves,pinnacle,h2h,Atlanta Braves,,2.99
2026-10-04T21:10:08Z,scheduled,583202487b52f61769b2404a64e01c77,2026-10-05T00:00:00Z,Los Angeles Dodgers,Atlanta Braves,pinnacle,h2h,Los Angeles Dodgers,,1.45
2026-10-04T21:10:08Z,scheduled,583202487b52f61769b2404a64e01c77,2026-10-05T00:00:00Z,Los Angeles Dodgers,Atlanta Braves,pinnacle,spreads,Atlanta Braves,1.5,1.86
2026-10-04T21:10:08Z,scheduled,583202487b52f61769b2404a64e01c77,2026-10-05T00:00:00Z,Los Angeles Dodgers,Atlanta Braves,pinnacle,spreads,Los Angeles Dodgers,-1.5,2.05
2026-10-04T21:10:08Z,scheduled,583202487b52f61769b2404a64e01c77,2026-10-05T00:00:00Z,Los Angeles Dodgers,Atlanta Braves,pinnacle,totals,Over,8.0,1.93
2026-10-04T21:10:08Z,scheduled,583202487b52f61769b2404a64e01c77,2026-10-05T00:00:00Z,Los Angeles Dodgers,Atlanta Braves,pinnacle,totals,Under,8.0,1.96
2026-10-04T21:10:08Z,scheduled,583202487b52f61769b2404a64e01c77,2026-10-05T00:00:00Z,Los Angeles Dodgers,Atlanta Braves,betfair_ex_eu,h2h,Atlanta Braves,,3.05
2026-10-04T21:10:08Z,scheduled,583202487b52f61769b2404a64e01c77,2026-10-05T00:00:00Z,Los Angeles Dodgers,Atlanta Braves,betfair_ex_eu,h2h,Los Angeles Dodgers,,1.47
2026-10-04T21:10:08Z,scheduled,583202487b52f61769b2404a64e01c77,2026-10-05T00:00:00Z,Los Angeles Dodgers,Atlanta Braves,betfair_ex_eu,h2h_lay,Atlanta Braves,,3.1
2026-10-04T21:10:08Z,scheduled,583202487b52f61769b2404a64e01c77,2026-10-05T00:00:00Z,Los Angeles Dodgers,Atlanta Braves,betfair_ex_eu,h2h_lay,Los Angeles Dodgers,,1.49
2026-10-04T21:10:08Z,scheduled,ccd487a87bb73145e3f12dd3a765ad47,2026-10-05T21:10:00Z,Cleveland Guardians,Chicago White Sox,fanduel,h2h,Chicago White Sox,,2.32
2026-10-04T21:10:08Z,scheduled,ccd487a87bb73145e3f12dd3a765ad47,2026-10-05T21:10:00Z,Cleveland Guardians,Chicago White Sox,fanduel,h2h,Cleveland Guardians,,1.64
2026-10-04T21:10:08Z,scheduled,ccd487a87bb73145e3f12dd3a765ad47,2026-10-05T21:10:00Z,Cleveland Guardians,Chicago White Sox,fanduel,spreads,Chicago White Sox,1.5,1.55
2026-10-04T21:10:08Z,scheduled,ccd487a87bb73145e3f12dd3a765ad47,2026-10-05T21:10:00Z,Cleveland Guardians,Chicago White Sox,fanduel,spreads,Cleveland Guardians,-1.5,2.5
2026-10-04T21:10:08Z,scheduled,ccd487a87bb73145e3f12dd3a765ad47,2026-10-05T21:10:00Z,Cleveland Guardians,Chicago White Sox,fanduel,totals,Over,6.5,1.85
2026-10-04T21:10:08Z,scheduled,ccd487a87bb73145e3f12dd3a765ad47,2026-10-05T21:10:00Z,Cleveland Guardians,Chicago White Sox,fanduel,totals,Under,6.5,1.96
2026-10-04T21:10:08Z,scheduled,ccd487a87bb73145e3f12dd3a765ad47,2026-10-05T21:10:00Z,Cleveland Guardians,Chicago White Sox,coolbet,h2h,Chicago White Sox,,2.3
2026-10-04T21:10:08Z,scheduled,ccd487a87bb73145e3f12dd3a765ad47,2026-10-05T21:10:00Z,Cleveland Guardians,Chicago White Sox,coolbet,h2h,Cleveland Guardians,,1.62
2026-10-04T21:10:08Z,scheduled,ccd487a87bb73145e3f12dd3a765ad47,2026-10-05T21:10:00Z,Cleveland Guardians,Chicago White Sox,coolbet,spreads,Chicago White Sox,1.5,1.56
2026-10-04T21:10:08Z,scheduled,ccd487a87bb73145e3f12dd3a765ad47,2026-10-05T21:10:00Z,Cleveland Guardians,Chicago White Sox,coolbet,spreads,Cleveland Guardians,-1.5,2.45
2026-10-04T21:10:08Z,scheduled,ccd487a87bb73145e3f12dd3a765ad47,2026-10-05T21:10:00Z,Cleveland Guardians,Chicago White Sox,coolbet,totals,Over,6.5,1.82
2026-10-04T21:10:08Z,scheduled,ccd487a87bb73145e3f12dd3a765ad47,2026-10-05T21:10:00Z,Cleveland Guardians,Chicago White Sox,coolbet,totals,Under,6.5,2.0
2026-10-04T21:10:08Z,scheduled,ccd487a87bb73145e3f12dd3a765ad47,2026-10-05T21:10:00Z,Cleveland Guardians,Chicago White Sox,draftkings,h2h,Chicago White Sox,,2.3
2026-10-04T21:10:08Z,scheduled,ccd487a87bb73145e3f12dd3a765ad47,2026-10-05T21:10:00Z,Cleveland Guardians,Chicago White Sox,draftkings,h2h,Cleveland Guardians,,1.64
2026-10-04T21:10:08Z,scheduled,ccd487a87bb73145e3f12dd3a765ad47,2026-10-05T21:10:00Z,Cleveland Guardians,Chicago White Sox,draftkings,spreads,Chicago White Sox,1.5,1.57
2026-10-04T21:10:08Z,scheduled,ccd487a87bb73145e3f12dd3a765ad47,2026-10-05T21:10:00Z,Cleveland Guardians,Chicago White Sox,draftkings,spreads,Cleveland Guardians,-1.5,2.45
2026-10-04T21:10:08Z,scheduled,ccd487a87bb73145e3f12dd3a765ad47,2026-10-05T21:10:00Z,Cleveland Guardians,Chicago White Sox,draftkings,totals,Over,6.5,1.82
2026-10-04T21:10:08Z,scheduled,ccd487a87bb73145e3f12dd3a765ad47,2026-10-05T21:10:00Z,Cleveland Guardians,Chicago White Sox,draftkings,totals,Under,6.5,2.01
2026-10-04T21:10:08Z,scheduled,ccd487a87bb73145e3f12dd3a765ad47,2026-10-05T21:10:00Z,Cleveland Guardians,Chicago White Sox,betmgm,h2h,Chicago White Sox,,2.35
2026-10-04T21:10:08Z,scheduled,ccd487a87bb73145e3f12dd3a765ad47,2026-10-05T21:10:00Z,Cleveland Guardians,Chicago White Sox,betmgm,h2h,Cleveland Guardians,,1.62
2026-10-04T21:10:08Z,scheduled,ccd487a87bb73145e3f12dd3a765ad47,2026-10-05T21:10:00Z,Cleveland Guardians,Chicago White Sox,betmgm,spreads,Chicago White Sox,1.5,1.54
2026-10-04T21:10:08Z,scheduled,ccd487a87bb73145e3f12dd3a765ad47,2026-10-05T21:10:00Z,Cleveland Guardians,Chicago White Sox,betmgm,spreads,Cleveland Guardians,-1.5,2.5
2026-10-04T21:10:08Z,scheduled,ccd487a87bb73145e3f12dd3a765ad47,2026-10-05T21:10:00Z,Cleveland Guardians,Chicago White Sox,betmgm,totals,Over,6.5,1.83
2026-10-04T21:10:08Z,scheduled,ccd487a87bb73145e3f12dd3a765ad47,2026-10-05T21:10:00Z,Cleveland Guardians,Chicago White Sox,betmgm,totals,Under,6.5,2.0
2026-10-04T21:10:08Z,scheduled,ccd487a87bb73145e3f12dd3a765ad47,2026-10-05T21:10:00Z,Cleveland Guardians,Chicago White Sox,betsson,h2h,Chicago White Sox,,2.27
2026-10-04T21:10:08Z,scheduled,ccd487a87bb73145e3f12dd3a765ad47,2026-10-05T21:10:00Z,Cleveland Guardians,Chicago White Sox,betsson,h2h,Cleveland Guardians,,1.63
2026-10-04T21:10:08Z,scheduled,ccd487a87bb73145e3f12dd3a765ad47,2026-10-05T21:10:00Z,Cleveland Guardians,Chicago White Sox,betsson,spreads,Chicago White Sox,1.5,1.56
2026-10-04T21:10:08Z,scheduled,ccd487a87bb73145e3f12dd3a765ad47,2026-10-05T21:10:00Z,Cleveland Guardians,Chicago White Sox,betsson,spreads,Cleveland Guardians,-1.5,2.36
2026-10-04T21:10:08Z,scheduled,ccd487a87bb73145e3f12dd3a765ad47,2026-10-05T21:10:00Z,Cleveland Guardians,Chicago White Sox,betsson,totals,Over,7.0,1.97
2026-10-04T21:10:08Z,scheduled,ccd487a87bb73145e3f12dd3a765ad47,2026-10-05T21:10:00Z,Cleveland Guardians,Chicago White Sox,betsson,totals,Under,7.0,1.8
2026-10-04T21:10:08Z,scheduled,ccd487a87bb73145e3f12dd3a765ad47,2026-10-05T21:10:00Z,Cleveland Guardians,Chicago White Sox,betrivers,h2h,Chicago White Sox,,2.3
2026-10-04T21:10:08Z,scheduled,ccd487a87bb73145e3f12dd3a765ad47,2026-10-05T21:10:00Z,Cleveland Guardians,Chicago White Sox,betrivers,h2h,Cleveland Guardians,,1.64
2026-10-04T21:10:08Z,scheduled,ccd487a87bb73145e3f12dd3a765ad47,2026-10-05T21:10:00Z,Cleveland Guardians,Chicago White Sox,betrivers,spreads,Chicago White Sox,1.5,1.55
2026-10-04T21:10:08Z,scheduled,ccd487a87bb73145e3f12dd3a765ad47,2026-10-05T21:10:00Z,Cleveland Guardians,Chicago White Sox,betrivers,spreads,Cleveland Guardians,-1.5,2.48
2026-10-04T21:10:08Z,scheduled,ccd487a87bb73145e3f12dd3a765ad47,2026-10-05T21:10:00Z,Cleveland Guardians,Chicago White Sox,betrivers,totals,Over,6.5,1.85
2026-10-04T21:10:08Z,scheduled,ccd487a87bb73145e3f12dd3a765ad47,2026-10-05T21:10:00Z,Cleveland Guardians,Chicago White Sox,betrivers,totals,Under,6.5,1.95
2026-10-04T21:10:08Z,scheduled,ccd487a87bb73145e3f12dd3a765ad47,2026-10-05T21:10:00Z,Cleveland Guardians,Chicago White Sox,pinnacle,h2h,Chicago White Sox,,2.35
2026-10-04T21:10:08Z,scheduled,ccd487a87bb73145e3f12dd3a765ad47,2026-10-05T21:10:00Z,Cleveland Guardians,Chicago White Sox,pinnacle,h2h,Cleveland Guardians,,1.67
2026-10-04T21:10:08Z,scheduled,ccd487a87bb73145e3f12dd3a765ad47,2026-10-05T21:10:00Z,Cleveland Guardians,Chicago White Sox,pinnacle,spreads,Chicago White Sox,1.5,1.58
2026-10-04T21:10:08Z,scheduled,ccd487a87bb73145e3f12dd3a765ad47,2026-10-05T21:10:00Z,Cleveland Guardians,Chicago White Sox,pinnacle,spreads,Cleveland Guardians,-1.5,2.52
2026-10-04T21:10:08Z,scheduled,ccd487a87bb73145e3f12dd3a765ad47,2026-10-05T21:10:00Z,Cleveland Guardians,Chicago White Sox,pinnacle,totals,Over,6.5,1.82
2026-10-04T21:10:08Z,scheduled,ccd487a87bb73145e3f12dd3a765ad47,2026-10-05T21:10:00Z,Cleveland Guardians,Chicago White Sox,pinnacle,totals,Under,6.5,2.06
2026-10-04T21:10:08Z,scheduled,ccd487a87bb73145e3f12dd3a765ad47,2026-10-05T21:10:00Z,Cleveland Guardians,Chicago White Sox,betfair_ex_eu,h2h,Chicago White Sox,,2.38
2026-10-04T21:10:08Z,scheduled,ccd487a87bb73145e3f12dd3a765ad47,2026-10-05T21:10:00Z,Cleveland Guardians,Chicago White Sox,betfair_ex_eu,h2h,Cleveland Guardians,,1.7
2026-10-04T21:10:08Z,scheduled,ccd487a87bb73145e3f12dd3a765ad47,2026-10-05T21:10:00Z,Cleveland Guardians,Chicago White Sox,betfair_ex_eu,h2h_lay,Chicago White Sox,,2.44
2026-10-04T21:10:08Z,scheduled,ccd487a87bb73145e3f12dd3a765ad47,2026-10-05T21:10:00Z,Cleveland Guardians,Chicago White Sox,betfair_ex_eu,h2h_lay,Cleveland Guardians,,1.72
2026-10-04T21:10:08Z,scheduled,ccd487a87bb73145e3f12dd3a765ad47,2026-10-05T21:10:00Z,Cleveland Guardians,Chicago White Sox,matchbook,h2h,Chicago White Sox,,2.14
2026-10-04T21:10:08Z,scheduled,ccd487a87bb73145e3f12dd3a765ad47,2026-10-05T21:10:00Z,Cleveland Guardians,Chicago White Sox,matchbook,h2h,Cleveland Guardians,,1.57
2026-10-04T21:10:08Z,scheduled,ccd487a87bb73145e3f12dd3a765ad47,2026-10-05T21:10:00Z,Cleveland Guardians,Chicago White Sox,matchbook,h2h_lay,Chicago White Sox,,2.76
2026-10-04T21:10:08Z,scheduled,ccd487a87bb73145e3f12dd3a765ad47,2026-10-05T21:10:00Z,Cleveland Guardians,Chicago White Sox,matchbook,h2h_lay,Cleveland Guardians,,1.88
2026-10-04T21:10:08Z,scheduled,ccd487a87bb73145e3f12dd3a765ad47,2026-10-05T21:10:00Z,Cleveland Guardians,Chicago White Sox,matchbook,spreads,Chicago White Sox,1.5,1.51
2026-10-04T21:10:08Z,scheduled,ccd487a87bb73145e3f12dd3a765ad47,2026-10-05T21:10:00Z,Cleveland Guardians,Chicago White Sox,matchbook,spreads,Cleveland Guardians,-1.5,2.26
2026-10-04T21:10:08Z,scheduled,ccd487a87bb73145e3f12dd3a765ad47,2026-10-05T21:10:00Z,Cleveland Guardians,Chicago White Sox,matchbook,totals,Over,6.5,1.72
2026-10-04T21:10:08Z,scheduled,ccd487a87bb73145e3f12dd3a765ad47,2026-10-05T21:10:00Z,Cleveland Guardians,Chicago White Sox,matchbook,totals,Under,6.5,1.89
2026-10-04T21:10:08Z,scheduled,4be245ad03895bcafcdc42d7d926b675,2026-10-06T00:00:00Z,Tampa Bay Rays,New York Yankees,fanduel,h2h,New York Yankees,,1.77
2026-10-04T21:10:08Z,scheduled,4be245ad03895bcafcdc42d7d926b675,2026-10-06T00:00:00Z,Tampa Bay Rays,New York Yankees,fanduel,h2h,Tampa Bay Rays,,2.1
2026-10-04T21:10:08Z,scheduled,4be245ad03895bcafcdc42d7d926b675,2026-10-06T00:00:00Z,Tampa Bay Rays,New York Yankees,fanduel,spreads,New York Yankees,-1.5,2.42
2026-10-04T21:10:08Z,scheduled,4be245ad03895bcafcdc42d7d926b675,2026-10-06T00:00:00Z,Tampa Bay Rays,New York Yankees,fanduel,spreads,Tampa Bay Rays,1.5,1.58
2026-10-04T21:10:08Z,scheduled,4be245ad03895bcafcdc42d7d926b675,2026-10-06T00:00:00Z,Tampa Bay Rays,New York Yankees,fanduel,totals,Over,6.5,1.88
2026-10-04T21:10:08Z,scheduled,4be245ad03895bcafcdc42d7d926b675,2026-10-06T00:00:00Z,Tampa Bay Rays,New York Yankees,fanduel,totals,Under,6.5,1.94
2026-10-04T21:10:08Z,scheduled,4be245ad03895bcafcdc42d7d926b675,2026-10-06T00:00:00Z,Tampa Bay Rays,New York Yankees,coolbet,h2h,New York Yankees,,1.76
2026-10-04T21:10:08Z,scheduled,4be245ad03895bcafcdc42d7d926b675,2026-10-06T00:00:00Z,Tampa Bay Rays,New York Yankees,coolbet,h2h,Tampa Bay Rays,,2.08
2026-10-04T21:10:08Z,scheduled,4be245ad03895bcafcdc42d7d926b675,2026-10-06T00:00:00Z,Tampa Bay Rays,New York Yankees,coolbet,spreads,New York Yankees,-1.5,2.4
2026-10-04T21:10:08Z,scheduled,4be245ad03895bcafcdc42d7d926b675,2026-10-06T00:00:00Z,Tampa Bay Rays,New York Yankees,coolbet,spreads,Tampa Bay Rays,1.5,1.58
2026-10-04T21:10:08Z,scheduled,4be245ad03895bcafcdc42d7d926b675,2026-10-06T00:00:00Z,Tampa Bay Rays,New York Yankees,coolbet,totals,Over,6.5,1.85
2026-10-04T21:10:08Z,scheduled,4be245ad03895bcafcdc42d7d926b675,2026-10-06T00:00:00Z,Tampa Bay Rays,New York Yankees,coolbet,totals,Under,6.5,1.96
2026-10-04T21:10:08Z,scheduled,4be245ad03895bcafcdc42d7d926b675,2026-10-06T00:00:00Z,Tampa Bay Rays,New York Yankees,draftkings,h2h,New York Yankees,,1.76
2026-10-04T21:10:08Z,scheduled,4be245ad03895bcafcdc42d7d926b675,2026-10-06T00:00:00Z,Tampa Bay Rays,New York Yankees,draftkings,h2h,Tampa Bay Rays,,2.09
2026-10-04T21:10:08Z,scheduled,4be245ad03895bcafcdc42d7d926b675,2026-10-06T00:00:00Z,Tampa Bay Rays,New York Yankees,draftkings,spreads,New York Yankees,-1.5,2.41
2026-10-04T21:10:08Z,scheduled,4be245ad03895bcafcdc42d7d926b675,2026-10-06T00:00:00Z,Tampa Bay Rays,New York Yankees,draftkings,spreads,Tampa Bay Rays,1.5,1.58
2026-10-04T21:10:08Z,scheduled,4be245ad03895bcafcdc42d7d926b675,2026-10-06T00:00:00Z,Tampa Bay Rays,New York Yankees,draftkings,totals,Over,6.5,1.87
2026-10-04T21:10:08Z,scheduled,4be245ad03895bcafcdc42d7d926b675,2026-10-06T00:00:00Z,Tampa Bay Rays,New York Yankees,draftkings,totals,Under,6.5,1.95
2026-10-04T21:10:08Z,scheduled,4be245ad03895bcafcdc42d7d926b675,2026-10-06T00:00:00Z,Tampa Bay Rays,New York Yankees,betmgm,h2h,New York Yankees,,1.77
2026-10-04T21:10:08Z,scheduled,4be245ad03895bcafcdc42d7d926b675,2026-10-06T00:00:00Z,Tampa Bay Rays,New York Yankees,betmgm,h2h,Tampa Bay Rays,,2.1
2026-10-04T21:10:08Z,scheduled,4be245ad03895bcafcdc42d7d926b675,2026-10-06T00:00:00Z,Tampa Bay Rays,New York Yankees,betmgm,spreads,New York Yankees,-1.5,2.4
2026-10-04T21:10:08Z,scheduled,4be245ad03895bcafcdc42d7d926b675,2026-10-06T00:00:00Z,Tampa Bay Rays,New York Yankees,betmgm,spreads,Tampa Bay Rays,1.5,1.59
2026-10-04T21:10:08Z,scheduled,4be245ad03895bcafcdc42d7d926b675,2026-10-06T00:00:00Z,Tampa Bay Rays,New York Yankees,betmgm,totals,Over,6.5,1.87
2026-10-04T21:10:08Z,scheduled,4be245ad03895bcafcdc42d7d926b675,2026-10-06T00:00:00Z,Tampa Bay Rays,New York Yankees,betmgm,totals,Under,6.5,1.95
2026-10-04T21:10:08Z,scheduled,4be245ad03895bcafcdc42d7d926b675,2026-10-06T00:00:00Z,Tampa Bay Rays,New York Yankees,betsson,h2h,New York Yankees,,1.78
2026-10-04T21:10:08Z,scheduled,4be245ad03895bcafcdc42d7d926b675,2026-10-06T00:00:00Z,Tampa Bay Rays,New York Yankees,betsson,h2h,Tampa Bay Rays,,2.03
2026-10-04T21:10:08Z,scheduled,4be245ad03895bcafcdc42d7d926b675,2026-10-06T00:00:00Z,Tampa Bay Rays,New York Yankees,betsson,spreads,New York Yankees,-1.5,2.36
2026-10-04T21:10:08Z,scheduled,4be245ad03895bcafcdc42d7d926b675,2026-10-06T00:00:00Z,Tampa Bay Rays,New York Yankees,betsson,spreads,Tampa Bay Rays,1.5,1.56
2026-10-04T21:10:08Z,scheduled,4be245ad03895bcafcdc42d7d926b675,2026-10-06T00:00:00Z,Tampa Bay Rays,New York Yankees,betsson,totals,Over,6.5,1.8
2026-10-04T21:10:08Z,scheduled,4be245ad03895bcafcdc42d7d926b675,2026-10-06T00:00:00Z,Tampa Bay Rays,New York Yankees,betsson,totals,Under,6.5,1.97
2026-10-04T21:10:08Z,scheduled,4be245ad03895bcafcdc42d7d926b675,2026-10-06T00:00:00Z,Tampa Bay Rays,New York Yankees,betrivers,h2h,New York Yankees,,1.78
2026-10-04T21:10:08Z,scheduled,4be245ad03895bcafcdc42d7d926b675,2026-10-06T00:00:00Z,Tampa Bay Rays,New York Yankees,betrivers,h2h,Tampa Bay Rays,,2.08
2026-10-04T21:10:08Z,scheduled,4be245ad03895bcafcdc42d7d926b675,2026-10-06T00:00:00Z,Tampa Bay Rays,New York Yankees,betrivers,spreads,New York Yankees,-1.5,2.45
2026-10-04T21:10:08Z,scheduled,4be245ad03895bcafcdc42d7d926b675,2026-10-06T00:00:00Z,Tampa Bay Rays,New York Yankees,betrivers,spreads,Tampa Bay Rays,1.5,1.56
2026-10-04T21:10:08Z,scheduled,4be245ad03895bcafcdc42d7d926b675,2026-10-06T00:00:00Z,Tampa Bay Rays,New York Yankees,betrivers,totals,Over,6.5,1.87
2026-10-04T21:10:08Z,scheduled,4be245ad03895bcafcdc42d7d926b675,2026-10-06T00:00:00Z,Tampa Bay Rays,New York Yankees,betrivers,totals,Under,6.5,1.94
2026-10-04T21:10:08Z,scheduled,4be245ad03895bcafcdc42d7d926b675,2026-10-06T00:00:00Z,Tampa Bay Rays,New York Yankees,pinnacle,h2h,New York Yankees,,1.83
2026-10-04T21:10:08Z,scheduled,4be245ad03895bcafcdc42d7d926b675,2026-10-06T00:00:00Z,Tampa Bay Rays,New York Yankees,pinnacle,h2h,Tampa Bay Rays,,2.1
2026-10-04T21:10:08Z,scheduled,4be245ad03895bcafcdc42d7d926b675,2026-10-06T00:00:00Z,Tampa Bay Rays,New York Yankees,pinnacle,spreads,New York Yankees,-1.5,2.5
2026-10-04T21:10:08Z,scheduled,4be245ad03895bcafcdc42d7d926b675,2026-10-06T00:00:00Z,Tampa Bay Rays,New York Yankees,pinnacle,spreads,Tampa Bay Rays,1.5,1.58
2026-10-04T21:10:08Z,scheduled,4be245ad03895bcafcdc42d7d926b675,2026-10-06T00:00:00Z,Tampa Bay Rays,New York Yankees,pinnacle,totals,Over,6.5,1.92
2026-10-04T21:10:08Z,scheduled,4be245ad03895bcafcdc42d7d926b675,2026-10-06T00:00:00Z,Tampa Bay Rays,New York Yankees,pinnacle,totals,Under,6.5,1.95
2026-10-04T21:10:08Z,scheduled,4be245ad03895bcafcdc42d7d926b675,2026-10-06T00:00:00Z,Tampa Bay Rays,New York Yankees,betfair_ex_eu,h2h,New York Yankees,,1.86
2026-10-04T21:10:08Z,scheduled,4be245ad03895bcafcdc42d7d926b675,2026-10-06T00:00:00Z,Tampa Bay Rays,New York Yankees,betfair_ex_eu,h2h,Tampa Bay Rays,,2.1
2026-10-04T21:10:08Z,scheduled,4be245ad03895bcafcdc42d7d926b675,2026-10-06T00:00:00Z,Tampa Bay Rays,New York Yankees,betfair_ex_eu,h2h_lay,New York Yankees,,1.91
2026-10-04T21:10:08Z,scheduled,4be245ad03895bcafcdc42d7d926b675,2026-10-06T00:00:00Z,Tampa Bay Rays,New York Yankees,betfair_ex_eu,h2h_lay,Tampa Bay Rays,,2.16
