snapshot_utc,mode,event_id,commence_utc,home,away,book,market,outcome,point,price
2026-10-08T07:08:14Z,scheduled,259b5df9aa0d10257f56de78523495e0,2026-10-09T00:15:00Z,Dallas Cowboys,Tampa Bay Buccaneers,draftkings,h2h,Dallas Cowboys,,1.21
2026-10-08T07:08:14Z,scheduled,259b5df9aa0d10257f56de78523495e0,2026-10-09T00:15:00Z,Dallas Cowboys,Tampa Bay Buccaneers,draftkings,h2h,Tampa Bay Buccaneers,,4.6
2026-10-08T07:08:14Z,scheduled,259b5df9aa0d10257f56de78523495e0,2026-10-09T00:15:00Z,Dallas Cowboys,Tampa Bay Buccaneers,draftkings,spreads,Dallas Cowboys,-8.5,1.87
2026-10-08T07:08:14Z,scheduled,259b5df9aa0d10257f56de78523495e0,2026-10-09T00:15:00Z,Dallas Cowboys,Tampa Bay Buccaneers,draftkings,spreads,Tampa Bay Buccaneers,8.5,1.95
2026-10-08T07:08:14Z,scheduled,259b5df9aa0d10257f56de78523495e0,2026-10-09T00:15:00Z,Dallas Cowboys,Tampa Bay Buccaneers,draftkings,totals,Over,47.5,1.87
2026-10-08T07:08:14Z,scheduled,259b5df9aa0d10257f56de78523495e0,2026-10-09T00:15:00Z,Dallas Cowboys,Tampa Bay Buccaneers,draftkings,totals,Under,47.5,1.95
2026-10-08T07:08:14Z,scheduled,259b5df9aa0d10257f56de78523495e0,2026-10-09T00:15:00Z,Dallas Cowboys,Tampa Bay Buccaneers,fanduel,h2h,Dallas Cowboys,,1.22
2026-10-08T07:08:14Z,scheduled,259b5df9aa0d10257f56de78523495e0,2026-10-09T00:15:00Z,Dallas Cowboys,Tampa Bay Buccaneers,fanduel,h2h,Tampa Bay Buccaneers,,4.5
2026-10-08T07:08:14Z,scheduled,259b5df9aa0d10257f56de78523495e0,2026-10-09T00:15:00Z,Dallas Cowboys,Tampa Bay Buccaneers,fanduel,spreads,Dallas Cowboys,-8.5,1.95
2026-10-08T07:08:14Z,scheduled,259b5df9aa0d10257f56de78523495e0,2026-10-09T00:15:00Z,Dallas Cowboys,Tampa Bay Buccaneers,fanduel,spreads,Tampa Bay Buccaneers,8.5,1.87
2026-10-08T07:08:14Z,scheduled,259b5df9aa0d10257f56de78523495e0,2026-10-09T00:15:00Z,Dallas Cowboys,Tampa Bay Buccaneers,fanduel,totals,Over,48.5,1.95
2026-10-08T07:08:14Z,scheduled,259b5df9aa0d10257f56de78523495e0,2026-10-09T00:15:00Z,Dallas Cowboys,Tampa Bay Buccaneers,fanduel,totals,Under,48.5,1.87
2026-10-08T07:08:14Z,scheduled,259b5df9aa0d10257f56de78523495e0,2026-10-09T00:15:00Z,Dallas Cowboys,Tampa Bay Buccaneers,betsson,h2h,Dallas Cowboys,,1.21
2026-10-08T07:08:14Z,scheduled,259b5df9aa0d10257f56de78523495e0,2026-10-09T00:15:00Z,Dallas Cowboys,Tampa Bay Buccaneers,betsson,h2h,Tampa Bay Buccaneers,,4.41
2026-10-08T07:08:14Z,scheduled,259b5df9aa0d10257f56de78523495e0,2026-10-09T00:15:00Z,Dallas Cowboys,Tampa Bay Buccaneers,betsson,spreads,Dallas Cowboys,-8.5,1.9
2026-10-08T07:08:14Z,scheduled,259b5df9aa0d10257f56de78523495e0,2026-10-09T00:15:00Z,Dallas Cowboys,Tampa Bay Buccaneers,betsson,spreads,Tampa Bay Buccaneers,8.5,1.9
2026-10-08T07:08:14Z,scheduled,259b5df9aa0d10257f56de78523495e0,2026-10-09T00:15:00Z,Dallas Cowboys,Tampa Bay Buccaneers,betsson,totals,Over,48.5,1.94
2026-10-08T07:08:14Z,scheduled,259b5df9aa0d10257f56de78523495e0,2026-10-09T00:15:00Z,Dallas Cowboys,Tampa Bay Buccaneers,betsson,totals,Under,48.5,1.86
2026-10-08T07:08:14Z,scheduled,259b5df9aa0d10257f56de78523495e0,2026-10-09T00:15:00Z,Dallas Cowboys,Tampa Bay Buccaneers,betrivers,h2h,Dallas Cowboys,,1.2
2026-10-08T07:08:14Z,scheduled,259b5df9aa0d10257f56de78523495e0,2026-10-09T00:15:00Z,Dallas Cowboys,Tampa Bay Buccaneers,betrivers,h2h,Tampa Bay Buccaneers,,4.8
2026-10-08T07:08:14Z,scheduled,259b5df9aa0d10257f56de78523495e0,2026-10-09T00:15:00Z,Dallas Cowboys,Tampa Bay Buccaneers,betrivers,spreads,Dallas Cowboys,-8.5,1.91
2026-10-08T07:08:14Z,scheduled,259b5df9aa0d10257f56de78523495e0,2026-10-09T00:15:00Z,Dallas Cowboys,Tampa Bay Buccaneers,betrivers,spreads,Tampa Bay Buccaneers,8.5,1.91
2026-10-08T07:08:14Z,scheduled,259b5df9aa0d10257f56de78523495e0,2026-10-09T00:15:00Z,Dallas Cowboys,Tampa Bay Buccaneers,betrivers,totals,Over,47.5,1.91
2026-10-08T07:08:14Z,scheduled,259b5df9aa0d10257f56de78523495e0,2026-10-09T00:15:00Z,Dallas Cowboys,Tampa Bay Buccaneers,betrivers,totals,Under,47.5,1.91
2026-10-08T07:08:14Z,scheduled,259b5df9aa0d10257f56de78523495e0,2026-10-09T00:15:00Z,Dallas Cowboys,Tampa Bay Buccaneers,matchbook,h2h,Dallas Cowboys,,1.24
2026-10-08T07:08:14Z,scheduled,259b5df9aa0d10257f56de78523495e0,2026-10-09T00:15:00Z,Dallas Cowboys,Tampa Bay Buccaneers,matchbook,h2h,Tampa Bay Buccaneers,,5.0
2026-10-08T07:08:14Z,scheduled,259b5df9aa0d10257f56de78523495e0,2026-10-09T00:15:00Z,Dallas Cowboys,Tampa Bay Buccaneers,matchbook,h2h_lay,Dallas Cowboys,,1.25
2026-10-08T07:08:14Z,scheduled,259b5df9aa0d10257f56de78523495e0,2026-10-09T00:15:00Z,Dallas Cowboys,Tampa Bay Buccaneers,matchbook,h2h_lay,Tampa Bay Buccaneers,,5.1
2026-10-08T07:08:14Z,scheduled,259b5df9aa0d10257f56de78523495e0,2026-10-09T00:15:00Z,Dallas Cowboys,Tampa Bay Buccaneers,matchbook,spreads,Dallas Cowboys,-8.0,1.98
2026-10-08T07:08:14Z,scheduled,259b5df9aa0d10257f56de78523495e0,2026-10-09T00:15:00Z,Dallas Cowboys,Tampa Bay Buccaneers,matchbook,spreads,Tampa Bay Buccaneers,8.0,1.99
2026-10-08T07:08:14Z,scheduled,259b5df9aa0d10257f56de78523495e0,2026-10-09T00:15:00Z,Dallas Cowboys,Tampa Bay Buccaneers,matchbook,totals,Over,48.0,1.94
2026-10-08T07:08:14Z,scheduled,259b5df9aa0d10257f56de78523495e0,2026-10-09T00:15:00Z,Dallas Cowboys,Tampa Bay Buccaneers,matchbook,totals,Under,48.0,1.98
2026-10-08T07:08:14Z,scheduled,259b5df9aa0d10257f56de78523495e0,2026-10-09T00:15:00Z,Dallas Cowboys,Tampa Bay Buccaneers,betmgm,h2h,Dallas Cowboys,,1.22
2026-10-08T07:08:14Z,scheduled,259b5df9aa0d10257f56de78523495e0,2026-10-09T00:15:00Z,Dallas Cowboys,Tampa Bay Buccaneers,betmgm,h2h,Tampa Bay Buccaneers,,4.6
2026-10-08T07:08:14Z,scheduled,259b5df9aa0d10257f56de78523495e0,2026-10-09T00:15:00Z,Dallas Cowboys,Tampa Bay Buccaneers,betmgm,spreads,Dallas Cowboys,-8.5,1.95
2026-10-08T07:08:14Z,scheduled,259b5df9aa0d10257f56de78523495e0,2026-10-09T00:15:00Z,Dallas Cowboys,Tampa Bay Buccaneers,betmgm,spreads,Tampa Bay Buccaneers,8.5,1.89
2026-10-08T07:08:14Z,scheduled,259b5df9aa0d10257f56de78523495e0,2026-10-09T00:15:00Z,Dallas Cowboys,Tampa Bay Buccaneers,betmgm,totals,Over,48.0,1.93
2026-10-08T07:08:14Z,scheduled,259b5df9aa0d10257f56de78523495e0,2026-10-09T00:15:00Z,Dallas Cowboys,Tampa Bay Buccaneers,betmgm,totals,Under,48.0,1.91
2026-10-08T07:08:14Z,scheduled,259b5df9aa0d10257f56de78523495e0,2026-10-09T00:15:00Z,Dallas Cowboys,Tampa Bay Buccaneers,pinnacle,h2h,Dallas Cowboys,,1.22
2026-10-08T07:08:14Z,scheduled,259b5df9aa0d10257f56de78523495e0,2026-10-09T00:15:00Z,Dallas Cowboys,Tampa Bay Buccaneers,pinnacle,h2h,Tampa Bay Buccaneers,,4.54
2026-10-08T07:08:14Z,scheduled,259b5df9aa0d10257f56de78523495e0,2026-10-09T00:15:00Z,Dallas Cowboys,Tampa Bay Buccaneers,pinnacle,spreads,Dallas Cowboys,-8.0,1.97
2026-10-08T07:08:14Z,scheduled,259b5df9aa0d10257f56de78523495e0,2026-10-09T00:15:00Z,Dallas Cowboys,Tampa Bay Buccaneers,pinnacle,spreads,Tampa Bay Buccaneers,8.0,1.92
2026-10-08T07:08:14Z,scheduled,259b5df9aa0d10257f56de78523495e0,2026-10-09T00:15:00Z,Dallas Cowboys,Tampa Bay Buccaneers,pinnacle,totals,Over,47.5,1.87
2026-10-08T07:08:14Z,scheduled,259b5df9aa0d10257f56de78523495e0,2026-10-09T00:15:00Z,Dallas Cowboys,Tampa Bay Buccaneers,pinnacle,totals,Under,47.5,2.01
2026-10-08T07:08:14Z,scheduled,259b5df9aa0d10257f56de78523495e0,2026-10-09T00:15:00Z,Dallas Cowboys,Tampa Bay Buccaneers,coolbet,h2h,Dallas Cowboys,,1.22
2026-10-08T07:08:14Z,scheduled,259b5df9aa0d10257f56de78523495e0,2026-10-09T00:15:00Z,Dallas Cowboys,Tampa Bay Buccaneers,coolbet,h2h,Tampa Bay Buccaneers,,4.5
2026-10-08T07:08:14Z,scheduled,259b5df9aa0d10257f56de78523495e0,2026-10-09T00:15:00Z,Dallas Cowboys,Tampa Bay Buccaneers,coolbet,spreads,Dallas Cowboys,-8.5,1.92
2026-10-08T07:08:14Z,scheduled,259b5df9aa0d10257f56de78523495e0,2026-10-09T00:15:00Z,Dallas Cowboys,Tampa Bay Buccaneers,coolbet,spreads,Tampa Bay Buccaneers,8.5,1.92
2026-10-08T07:08:14Z,scheduled,259b5df9aa0d10257f56de78523495e0,2026-10-09T00:15:00Z,Dallas Cowboys,Tampa Bay Buccaneers,coolbet,totals,Over,48.0,1.91
2026-10-08T07:08:14Z,scheduled,259b5df9aa0d10257f56de78523495e0,2026-10-09T00:15:00Z,Dallas Cowboys,Tampa Bay Buccaneers,coolbet,totals,Under,48.0,1.93
2026-10-08T07:08:14Z,scheduled,259b5df9aa0d10257f56de78523495e0,2026-10-09T00:15:00Z,Dallas Cowboys,Tampa Bay Buccaneers,betfair_ex_eu,h2h,Dallas Cowboys,,1.24
2026-10-08T07:08:14Z,scheduled,259b5df9aa0d10257f56de78523495e0,2026-10-09T00:15:00Z,Dallas Cowboys,Tampa Bay Buccaneers,betfair_ex_eu,h2h,Tampa Bay Buccaneers,,5.0
2026-10-08T07:08:14Z,scheduled,259b5df9aa0d10257f56de78523495e0,2026-10-09T00:15:00Z,Dallas Cowboys,Tampa Bay Buccaneers,betfair_ex_eu,h2h_lay,Dallas Cowboys,,1.25
2026-10-08T07:08:14Z,scheduled,259b5df9aa0d10257f56de78523495e0,2026-10-09T00:15:00Z,Dallas Cowboys,Tampa Bay Buccaneers,betfair_ex_eu,h2h_lay,Tampa Bay Buccaneers,,5.1
2026-10-08T07:08:14Z,scheduled,21b26266f3d78af02eb672e606275d95,2026-10-11T13:30:00Z,Jacksonville Jaguars,Philadelphia Eagles,draftkings,h2h,Jacksonville Jaguars,,1.28
2026-10-08T07:08:14Z,scheduled,21b26266f3d78af02eb672e606275d95,2026-10-11T13:30:00Z,Jacksonville Jaguars,Philadelphia Eagles,draftkings,h2h,Philadelphia Eagles,,3.85
2026-10-08T07:08:14Z,scheduled,21b26266f3d78af02eb672e606275d95,2026-10-11T13:30:00Z,Jacksonville Jaguars,Philadelphia Eagles,draftkings,spreads,Jacksonville Jaguars,-7.0,1.87
2026-10-08T07:08:14Z,scheduled,21b26266f3d78af02eb672e606275d95,2026-10-11T13:30:00Z,Jacksonville Jaguars,Philadelphia Eagles,draftkings,spreads,Philadelphia Eagles,7.0,1.95
2026-10-08T07:08:14Z,scheduled,21b26266f3d78af02eb672e606275d95,2026-10-11T13:30:00Z,Jacksonville Jaguars,Philadelphia Eagles,draftkings,totals,Over,42.5,1.95
2026-10-08T07:08:14Z,scheduled,21b26266f3d78af02eb672e606275d95,2026-10-11T13:30:00Z,Jacksonville Jaguars,Philadelphia Eagles,draftkings,totals,Under,42.5,1.87
2026-10-08T07:08:14Z,scheduled,21b26266f3d78af02eb672e606275d95,2026-10-11T13:30:00Z,Jacksonville Jaguars,Philadelphia Eagles,betsson,h2h,Jacksonville Jaguars,,1.27
2026-10-08T07:08:14Z,scheduled,21b26266f3d78af02eb672e606275d95,2026-10-11T13:30:00Z,Jacksonville Jaguars,Philadelphia Eagles,betsson,h2h,Philadelphia Eagles,,3.76
2026-10-08T07:08:14Z,scheduled,21b26266f3d78af02eb672e606275d95,2026-10-11T13:30:00Z,Jacksonville Jaguars,Philadelphia Eagles,betsson,spreads,Jacksonville Jaguars,-7.5,1.94
2026-10-08T07:08:14Z,scheduled,21b26266f3d78af02eb672e606275d95,2026-10-11T13:30:00Z,Jacksonville Jaguars,Philadelphia Eagles,betsson,spreads,Philadelphia Eagles,7.5,1.86
2026-10-08T07:08:14Z,scheduled,21b26266f3d78af02eb672e606275d95,2026-10-11T13:30:00Z,Jacksonville Jaguars,Philadelphia Eagles,betsson,totals,Over,41.5,1.88
2026-10-08T07:08:14Z,scheduled,21b26266f3d78af02eb672e606275d95,2026-10-11T13:30:00Z,Jacksonville Jaguars,Philadelphia Eagles,betsson,totals,Under,41.5,1.92
2026-10-08T07:08:14Z,scheduled,21b26266f3d78af02eb672e606275d95,2026-10-11T13:30:00Z,Jacksonville Jaguars,Philadelphia Eagles,fanduel,h2h,Jacksonville Jaguars,,1.27
2026-10-08T07:08:14Z,scheduled,21b26266f3d78af02eb672e606275d95,2026-10-11T13:30:00Z,Jacksonville Jaguars,Philadelphia Eagles,fanduel,h2h,Philadelphia Eagles,,3.95
2026-10-08T07:08:14Z,scheduled,21b26266f3d78af02eb672e606275d95,2026-10-11T13:30:00Z,Jacksonville Jaguars,Philadelphia Eagles,fanduel,spreads,Jacksonville Jaguars,-7.5,1.94
2026-10-08T07:08:14Z,scheduled,21b26266f3d78af02eb672e606275d95,2026-10-11T13:30:00Z,Jacksonville Jaguars,Philadelphia Eagles,fanduel,spreads,Philadelphia Eagles,7.5,1.88
2026-10-08T07:08:14Z,scheduled,21b26266f3d78af02eb672e606275d95,2026-10-11T13:30:00Z,Jacksonville Jaguars,Philadelphia Eagles,fanduel,totals,Over,41.5,1.87
2026-10-08T07:08:14Z,scheduled,21b26266f3d78af02eb672e606275d95,2026-10-11T13:30:00Z,Jacksonville Jaguars,Philadelphia Eagles,fanduel,totals,Under,41.5,1.95
2026-10-08T07:08:14Z,scheduled,21b26266f3d78af02eb672e606275d95,2026-10-11T13:30:00Z,Jacksonville Jaguars,Philadelphia Eagles,betmgm,h2h,Jacksonville Jaguars,,1.27
2026-10-08T07:08:14Z,scheduled,21b26266f3d78af02eb672e606275d95,2026-10-11T13:30:00Z,Jacksonville Jaguars,Philadelphia Eagles,betmgm,h2h,Philadelphia Eagles,,3.9
2026-10-08T07:08:14Z,scheduled,21b26266f3d78af02eb672e606275d95,2026-10-11T13:30:00Z,Jacksonville Jaguars,Philadelphia Eagles,betmgm,spreads,Jacksonville Jaguars,-7.5,1.93
2026-10-08T07:08:14Z,scheduled,21b26266f3d78af02eb672e606275d95,2026-10-11T13:30:00Z,Jacksonville Jaguars,Philadelphia Eagles,betmgm,spreads,Philadelphia Eagles,7.5,1.91
2026-10-08T07:08:14Z,scheduled,21b26266f3d78af02eb672e606275d95,2026-10-11T13:30:00Z,Jacksonville Jaguars,Philadelphia Eagles,betmgm,totals,Over,42.0,1.93
2026-10-08T07:08:14Z,scheduled,21b26266f3d78af02eb672e606275d95,2026-10-11T13:30:00Z,Jacksonville Jaguars,Philadelphia Eagles,betmgm,totals,Under,42.0,1.91
2026-10-08T07:08:14Z,scheduled,21b26266f3d78af02eb672e606275d95,2026-10-11T13:30:00Z,Jacksonville Jaguars,Philadelphia Eagles,betrivers,h2h,Jacksonville Jaguars,,1.24
2026-10-08T07:08:14Z,scheduled,21b26266f3d78af02eb672e606275d95,2026-10-11T13:30:00Z,Jacksonville Jaguars,Philadelphia Eagles,betrivers,h2h,Philadelphia Eagles,,4.2
2026-10-08T07:08:14Z,scheduled,21b26266f3d78af02eb672e606275d95,2026-10-11T13:30:00Z,Jacksonville Jaguars,Philadelphia Eagles,betrivers,spreads,Jacksonville Jaguars,-8.0,1.91
2026-10-08T07:08:14Z,scheduled,21b26266f3d78af02eb672e606275d95,2026-10-11T13:30:00Z,Jacksonville Jaguars,Philadelphia Eagles,betrivers,spreads,Philadelphia Eagles,8.0,1.91
2026-10-08T07:08:14Z,scheduled,21b26266f3d78af02eb672e606275d95,2026-10-11T13:30:00Z,Jacksonville Jaguars,Philadelphia Eagles,betrivers,totals,Over,41.5,1.91
2026-10-08T07:08:14Z,scheduled,21b26266f3d78af02eb672e606275d95,2026-10-11T13:30:00Z,Jacksonville Jaguars,Philadelphia Eagles,betrivers,totals,Under,41.5,1.91
2026-10-08T07:08:14Z,scheduled,21b26266f3d78af02eb672e606275d95,2026-10-11T13:30:00Z,Jacksonville Jaguars,Philadelphia Eagles,matchbook,h2h,Jacksonville Jaguars,,1.3
2026-10-08T07:08:14Z,scheduled,21b26266f3d78af02eb672e606275d95,2026-10-11T13:30:00Z,Jacksonville Jaguars,Philadelphia Eagles,matchbook,h2h,Philadelphia Eagles,,4.2
2026-10-08T07:08:14Z,scheduled,21b26266f3d78af02eb672e606275d95,2026-10-11T13:30:00Z,Jacksonville Jaguars,Philadelphia Eagles,matchbook,h2h_lay,Jacksonville Jaguars,,1.31
2026-10-08T07:08:14Z,scheduled,21b26266f3d78af02eb672e606275d95,2026-10-11T13:30:00Z,Jacksonville Jaguars,Philadelphia Eagles,matchbook,h2h_lay,Philadelphia Eagles,,4.4
2026-10-08T07:08:14Z,scheduled,21b26266f3d78af02eb672e606275d95,2026-10-11T13:30:00Z,Jacksonville Jaguars,Philadelphia Eagles,matchbook,spreads,Jacksonville Jaguars,-7.5,2.0
2026-10-08T07:08:14Z,scheduled,21b26266f3d78af02eb672e606275d95,2026-10-11T13:30:00Z,Jacksonville Jaguars,Philadelphia Eagles,matchbook,spreads,Philadelphia Eagles,7.5,1.94
2026-10-08T07:08:14Z,scheduled,21b26266f3d78af02eb672e606275d95,2026-10-11T13:30:00Z,Jacksonville Jaguars,Philadelphia Eagles,matchbook,totals,Over,42.0,1.94
2026-10-08T07:08:14Z,scheduled,21b26266f3d78af02eb672e606275d95,2026-10-11T13:30:00Z,Jacksonville Jaguars,Philadelphia Eagles,matchbook,totals,Under,42.0,1.93
2026-10-08T07:08:14Z,scheduled,21b26266f3d78af02eb672e606275d95,2026-10-11T13:30:00Z,Jacksonville Jaguars,Philadelphia Eagles,pinnacle,h2h,Jacksonville Jaguars,,1.28
2026-10-08T07:08:14Z,scheduled,21b26266f3d78af02eb672e606275d95,2026-10-11T13:30:00Z,Jacksonville Jaguars,Philadelphia Eagles,pinnacle,h2h,Philadelphia Eagles,,3.96
2026-10-08T07:08:14Z,scheduled,21b26266f3d78af02eb672e606275d95,2026-10-11T13:30:00Z,Jacksonville Jaguars,Philadelphia Eagles,pinnacle,spreads,Jacksonville Jaguars,-7.5,1.94
2026-10-08T07:08:14Z,scheduled,21b26266f3d78af02eb672e606275d95,2026-10-11T13:30:00Z,Jacksonville Jaguars,Philadelphia Eagles,pinnacle,spreads,Philadelphia Eagles,7.5,1.94
2026-10-08T07:08:14Z,scheduled,21b26266f3d78af02eb672e606275d95,2026-10-11T13:30:00Z,Jacksonville Jaguars,Philadelphia Eagles,pinnacle,totals,Over,42.5,2.03
2026-10-08T07:08:14Z,scheduled,21b26266f3d78af02eb672e606275d95,2026-10-11T13:30:00Z,Jacksonville Jaguars,Philadelphia Eagles,pinnacle,totals,Under,42.5,1.85
2026-10-08T07:08:14Z,scheduled,21b26266f3d78af02eb672e606275d95,2026-10-11T13:30:00Z,Jacksonville Jaguars,Philadelphia Eagles,coolbet,h2h,Jacksonville Jaguars,,1.28
2026-10-08T07:08:14Z,scheduled,21b26266f3d78af02eb672e606275d95,2026-10-11T13:30:00Z,Jacksonville Jaguars,Philadelphia Eagles,coolbet,h2h,Philadelphia Eagles,,3.9
2026-10-08T07:08:14Z,scheduled,21b26266f3d78af02eb672e606275d95,2026-10-11T13:30:00Z,Jacksonville Jaguars,Philadelphia Eagles,coolbet,spreads,Jacksonville Jaguars,-7.5,1.96
2026-10-08T07:08:14Z,scheduled,21b26266f3d78af02eb672e606275d95,2026-10-11T13:30:00Z,Jacksonville Jaguars,Philadelphia Eagles,coolbet,spreads,Philadelphia Eagles,7.5,1.89
2026-10-08T07:08:14Z,scheduled,21b26266f3d78af02eb672e606275d95,2026-10-11T13:30:00Z,Jacksonville Jaguars,Philadelphia Eagles,coolbet,totals,Over,42.0,1.93
2026-10-08T07:08:14Z,scheduled,21b26266f3d78af02eb672e606275d95,2026-10-11T13:30:00Z,Jacksonville Jaguars,Philadelphia Eagles,coolbet,totals,Under,42.0,1.91
2026-10-08T07:08:14Z,scheduled,21b26266f3d78af02eb672e606275d95,2026-10-11T13:30:00Z,Jacksonville Jaguars,Philadelphia Eagles,betfair_ex_eu,h2h,Jacksonville Jaguars,,1.3
2026-10-08T07:08:14Z,scheduled,21b26266f3d78af02eb672e606275d95,2026-10-11T13:30:00Z,Jacksonville Jaguars,Philadelphia Eagles,betfair_ex_eu,h2h,Philadelphia Eagles,,4.2
2026-10-08T07:08:14Z,scheduled,21b26266f3d78af02eb672e606275d95,2026-10-11T13:30:00Z,Jacksonville Jaguars,Philadelphia Eagles,betfair_ex_eu,h2h_lay,Jacksonville Jaguars,,1.31
2026-10-08T07:08:14Z,scheduled,21b26266f3d78af02eb672e606275d95,2026-10-11T13:30:00Z,Jacksonville Jaguars,Philadelphia Eagles,betfair_ex_eu,h2h_lay,Philadelphia Eagles,,4.4
2026-10-08T07:08:14Z,scheduled,2caea57b1e5cfbba1334cfbfd46f6771,2026-10-11T17:00:00Z,Green Bay Packers,Chicago Bears,draftkings,h2h,Chicago Bears,,1.8
2026-10-08T07:08:14Z,scheduled,2caea57b1e5cfbba1334cfbfd46f6771,2026-10-11T17:00:00Z,Green Bay Packers,Chicago Bears,draftkings,h2h,Green Bay Packers,,2.05
2026-10-08T07:08:14Z,scheduled,2caea57b1e5cfbba1334cfbfd46f6771,2026-10-11T17:00:00Z,Green Bay Packers,Chicago Bears,draftkings,spreads,Chicago Bears,-1.5,1.89
2026-10-08T07:08:14Z,scheduled,2caea57b1e5cfbba1334cfbfd46f6771,2026-10-11T17:00:00Z,Green Bay Packers,Chicago Bears,draftkings,spreads,Green Bay Packers,1.5,1.93
2026-10-08T07:08:14Z,scheduled,2caea57b1e5cfbba1334cfbfd46f6771,2026-10-11T17:00:00Z,Green Bay Packers,Chicago Bears,draftkings,totals,Over,45.5,1.89
2026-10-08T07:08:14Z,scheduled,2caea57b1e5cfbba1334cfbfd46f6771,2026-10-11T17:00:00Z,Green Bay Packers,Chicago Bears,draftkings,totals,Under,45.5,1.93
2026-10-08T07:08:14Z,scheduled,2caea57b1e5cfbba1334cfbfd46f6771,2026-10-11T17:00:00Z,Green Bay Packers,Chicago Bears,fanduel,h2h,Chicago Bears,,1.75
2026-10-08T07:08:14Z,scheduled,2caea57b1e5cfbba1334cfbfd46f6771,2026-10-11T17:00:00Z,Green Bay Packers,Chicago Bears,fanduel,h2h,Green Bay Packers,,2.14
2026-10-08T07:08:14Z,scheduled,2caea57b1e5cfbba1334cfbfd46f6771,2026-10-11T17:00:00Z,Green Bay Packers,Chicago Bears,fanduel,spreads,Chicago Bears,-2.5,1.95
2026-10-08T07:08:14Z,scheduled,2caea57b1e5cfbba1334cfbfd46f6771,2026-10-11T17:00:00Z,Green Bay Packers,Chicago Bears,fanduel,spreads,Green Bay Packers,2.5,1.87
2026-10-08T07:08:14Z,scheduled,2caea57b1e5cfbba1334cfbfd46f6771,2026-10-11T17:00:00Z,Green Bay Packers,Chicago Bears,fanduel,totals,Over,45.5,1.91
2026-10-08T07:08:14Z,scheduled,2caea57b1e5cfbba1334cfbfd46f6771,2026-10-11T17:00:00Z,Green Bay Packers,Chicago Bears,fanduel,totals,Under,45.5,1.91
2026-10-08T07:08:14Z,scheduled,2caea57b1e5cfbba1334cfbfd46f6771,2026-10-11T17:00:00Z,Green Bay Packers,Chicago Bears,betrivers,h2h,Chicago Bears,,1.74
2026-10-08T07:08:14Z,scheduled,2caea57b1e5cfbba1334cfbfd46f6771,2026-10-11T17:00:00Z,Green Bay Packers,Chicago Bears,betrivers,h2h,Green Bay Packers,,2.12
2026-10-08T07:08:14Z,scheduled,2caea57b1e5cfbba1334cfbfd46f6771,2026-10-11T17:00:00Z,Green Bay Packers,Chicago Bears,betrivers,spreads,Chicago Bears,-2.0,1.93
2026-10-08T07:08:14Z,scheduled,2caea57b1e5cfbba1334cfbfd46f6771,2026-10-11T17:00:00Z,Green Bay Packers,Chicago Bears,betrivers,spreads,Green Bay Packers,2.0,1.88
2026-10-08T07:08:14Z,scheduled,2caea57b1e5cfbba1334cfbfd46f6771,2026-10-11T17:00:00Z,Green Bay Packers,Chicago Bears,betrivers,totals,Over,45.5,1.91
2026-10-08T07:08:14Z,scheduled,2caea57b1e5cfbba1334cfbfd46f6771,2026-10-11T17:00:00Z,Green Bay Packers,Chicago Bears,betrivers,totals,Under,45.5,1.91
2026-10-08T07:08:14Z,scheduled,2caea57b1e5cfbba1334cfbfd46f6771,2026-10-11T17:00:00Z,Green Bay Packers,Chicago Bears,betsson,h2h,Chicago Bears,,1.75
2026-10-08T07:08:14Z,scheduled,2caea57b1e5cfbba1334cfbfd46f6771,2026-10-11T17:00:00Z,Green Bay Packers,Chicago Bears,betsson,h2h,Green Bay Packers,,2.07
2026-10-08T07:08:14Z,scheduled,2caea57b1e5cfbba1334cfbfd46f6771,2026-10-11T17:00:00Z,Green Bay Packers,Chicago Bears,betsson,spreads,Chicago Bears,-1.5,1.86
2026-10-08T07:08:14Z,scheduled,2caea57b1e5cfbba1334cfbfd46f6771,2026-10-11T17:00:00Z,Green Bay Packers,Chicago Bears,betsson,spreads,Green Bay Packers,1.5,1.94
2026-10-08T07:08:14Z,scheduled,2caea57b1e5cfbba1334cfbfd46f6771,2026-10-11T17:00:00Z,Green Bay Packers,Chicago Bears,betsson,totals,Over,45.5,1.9
2026-10-08T07:08:14Z,scheduled,2caea57b1e5cfbba1334cfbfd46f6771,2026-10-11T17:00:00Z,Green Bay Packers,Chicago Bears,betsson,totals,Under,45.5,1.9
2026-10-08T07:08:14Z,scheduled,2caea57b1e5cfbba1334cfbfd46f6771,2026-10-11T17:00:00Z,Green Bay Packers,Chicago Bears,matchbook,h2h,Chicago Bears,,1.87
2026-10-08T07:08:14Z,scheduled,2caea57b1e5cfbba1334cfbfd46f6771,2026-10-11T17:00:00Z,Green Bay Packers,Chicago Bears,matchbook,h2h,Green Bay Packers,,2.12
2026-10-08T07:08:14Z,scheduled,2caea57b1e5cfbba1334cfbfd46f6771,2026-10-11T17:00:00Z,Green Bay Packers,Chicago Bears,matchbook,h2h_lay,Chicago Bears,,1.89
2026-10-08T07:08:14Z,scheduled,2caea57b1e5cfbba1334cfbfd46f6771,2026-10-11T17:00:00Z,Green Bay Packers,Chicago Bears,matchbook,h2h_lay,Green Bay Packers,,2.16
2026-10-08T07:08:14Z,scheduled,2caea57b1e5cfbba1334cfbfd46f6771,2026-10-11T17:00:00Z,Green Bay Packers,Chicago Bears,matchbook,spreads,Chicago Bears,-2.0,1.99
2026-10-08T07:08:14Z,scheduled,2caea57b1e5cfbba1334cfbfd46f6771,2026-10-11T17:00:00Z,Green Bay Packers,Chicago Bears,matchbook,spreads,Green Bay Packers,2.0,1.91
2026-10-08T07:08:14Z,scheduled,2caea57b1e5cfbba1334cfbfd46f6771,2026-10-11T17:00:00Z,Green Bay Packers,Chicago Bears,matchbook,totals,Over,46.0,1.97
2026-10-08T07:08:14Z,scheduled,2caea57b1e5cfbba1334cfbfd46f6771,2026-10-11T17:00:00Z,Green Bay Packers,Chicago Bears,matchbook,totals,Under,46.0,1.92
2026-10-08T07:08:14Z,scheduled,2caea57b1e5cfbba1334cfbfd46f6771,2026-10-11T17:00:00Z,Green Bay Packers,Chicago Bears,betmgm,h2h,Chicago Bears,,1.74
2026-10-08T07:08:14Z,scheduled,2caea57b1e5cfbba1334cfbfd46f6771,2026-10-11T17:00:00Z,Green Bay Packers,Chicago Bears,betmgm,h2h,Green Bay Packers,,2.1
2026-10-08T07:08:14Z,scheduled,2caea57b1e5cfbba1334cfbfd46f6771,2026-10-11T17:00:00Z,Green Bay Packers,Chicago Bears,betmgm,spreads,Chicago Bears,-2.0,1.93
2026-10-08T07:08:14Z,scheduled,2caea57b1e5cfbba1334cfbfd46f6771,2026-10-11T17:00:00Z,Green Bay Packers,Chicago Bears,betmgm,spreads,Green Bay Packers,2.0,1.91
2026-10-08T07:08:14Z,scheduled,2caea57b1e5cfbba1334cfbfd46f6771,2026-10-11T17:00:00Z,Green Bay Packers,Chicago Bears,betmgm,totals,Over,45.5,1.91
2026-10-08T07:08:14Z,scheduled,2caea57b1e5cfbba1334cfbfd46f6771,2026-10-11T17:00:00Z,Green Bay Packers,Chicago Bears,betmgm,totals,Under,45.5,1.93
2026-10-08T07:08:14Z,scheduled,2caea57b1e5cfbba1334cfbfd46f6771,2026-10-11T17:00:00Z,Green Bay Packers,Chicago Bears,coolbet,h2h,Chicago Bears,,1.77
2026-10-08T07:08:14Z,scheduled,2caea57b1e5cfbba1334cfbfd46f6771,2026-10-11T17:00:00Z,Green Bay Packers,Chicago Bears,coolbet,h2h,Green Bay Packers,,2.1
2026-10-08T07:08:14Z,scheduled,2caea57b1e5cfbba1334cfbfd46f6771,2026-10-11T17:00:00Z,Green Bay Packers,Chicago Bears,coolbet,spreads,Chicago Bears,-2.0,1.95
2026-10-08T07:08:14Z,scheduled,2caea57b1e5cfbba1334cfbfd46f6771,2026-10-11T17:00:00Z,Green Bay Packers,Chicago Bears,coolbet,spreads,Green Bay Packers,2.0,1.9
2026-10-08T07:08:14Z,scheduled,2caea57b1e5cfbba1334cfbfd46f6771,2026-10-11T17:00:00Z,Green Bay Packers,Chicago Bears,coolbet,totals,Over,45.5,1.92
2026-10-08T07:08:14Z,scheduled,2caea57b1e5cfbba1334cfbfd46f6771,2026-10-11T17:00:00Z,Green Bay Packers,Chicago Bears,coolbet,totals,Under,45.5,1.92
2026-10-08T07:08:14Z,scheduled,2caea57b1e5cfbba1334cfbfd46f6771,2026-10-11T17:00:00Z,Green Bay Packers,Chicago Bears,betfair_ex_eu,h2h,Chicago Bears,,1.87
2026-10-08T07:08:14Z,scheduled,2caea57b1e5cfbba1334cfbfd46f6771,2026-10-11T17:00:00Z,Green Bay Packers,Chicago Bears,betfair_ex_eu,h2h,Green Bay Packers,,2.12
2026-10-08T07:08:14Z,scheduled,2caea57b1e5cfbba1334cfbfd46f6771,2026-10-11T17:00:00Z,Green Bay Packers,Chicago Bears,betfair_ex_eu,h2h_lay,Chicago Bears,,1.89
2026-10-08T07:08:14Z,scheduled,2caea57b1e5cfbba1334cfbfd46f6771,2026-10-11T17:00:00Z,Green Bay Packers,Chicago Bears,betfair_ex_eu,h2h_lay,Green Bay Packers,,2.16
2026-10-08T07:08:14Z,scheduled,2caea57b1e5cfbba1334cfbfd46f6771,2026-10-11T17:00:00Z,Green Bay Packers,Chicago Bears,pinnacle,h2h,Chicago Bears,,1.8
2026-10-08T07:08:14Z,scheduled,2caea57b1e5cfbba1334cfbfd46f6771,2026-10-11T17:00:00Z,Green Bay Packers,Chicago Bears,pinnacle,h2h,Green Bay Packers,,2.11
2026-10-08T07:08:14Z,scheduled,2caea57b1e5cfbba1334cfbfd46f6771,2026-10-11T17:00:00Z,Green Bay Packers,Chicago Bears,pinnacle,spreads,Chicago Bears,-2.5,2.05
2026-10-08T07:08:14Z,scheduled,2caea57b1e5cfbba1334cfbfd46f6771,2026-10-11T17:00:00Z,Green Bay Packers,Chicago Bears,pinnacle,spreads,Green Bay Packers,2.5,1.84
2026-10-08T07:08:14Z,scheduled,2caea57b1e5cfbba1334cfbfd46f6771,2026-10-11T17:00:00Z,Green Bay Packers,Chicago Bears,pinnacle,totals,Over,46.0,1.98
2026-10-08T07:08:14Z,scheduled,2caea57b1e5cfbba1334cfbfd46f6771,2026-10-11T17:00:00Z,Green Bay Packers,Chicago Bears,pinnacle,totals,Under,46.0,1.89
2026-10-08T07:08:14Z,scheduled,c4647ca1201e6768501877267ca8251b,2026-10-11T17:00:00Z,Miami Dolphins,Cincinnati Bengals,draftkings,h2h,Cincinnati Bengals,,1.32
2026-10-08T07:08:14Z,scheduled,c4647ca1201e6768501877267ca8251b,2026-10-11T17:00:00Z,Miami Dolphins,Cincinnati Bengals,draftkings,h2h,Miami Dolphins,,3.5
2026-10-08T07:08:14Z,scheduled,c4647ca1201e6768501877267ca8251b,2026-10-11T17:00:00Z,Miami Dolphins,Cincinnati Bengals,draftkings,spreads,Cincinnati Bengals,-6.5,1.87
2026-10-08T07:08:14Z,scheduled,c4647ca1201e6768501877267ca8251b,2026-10-11T17:00:00Z,Miami Dolphins,Cincinnati Bengals,draftkings,spreads,Miami Dolphins,6.5,1.95
2026-10-08T07:08:14Z,scheduled,c4647ca1201e6768501877267ca8251b,2026-10-11T17:00:00Z,Miami Dolphins,Cincinnati Bengals,draftkings,totals,Over,42.5,1.91
2026-10-08T07:08:14Z,scheduled,c4647ca1201e6768501877267ca8251b,2026-10-11T17:00:00Z,Miami Dolphins,Cincinnati Bengals,draftkings,totals,Under,42.5,1.91
2026-10-08T07:08:14Z,scheduled,c4647ca1201e6768501877267ca8251b,2026-10-11T17:00:00Z,Miami Dolphins,Cincinnati Bengals,fanduel,h2h,Cincinnati Bengals,,1.33
2026-10-08T07:08:14Z,scheduled,c4647ca1201e6768501877267ca8251b,2026-10-11T17:00:00Z,Miami Dolphins,Cincinnati Bengals,fanduel,h2h,Miami Dolphins,,3.45
2026-10-08T07:08:14Z,scheduled,c4647ca1201e6768501877267ca8251b,2026-10-11T17:00:00Z,Miami Dolphins,Cincinnati Bengals,fanduel,spreads,Cincinnati Bengals,-6.5,1.83
2026-10-08T07:08:14Z,scheduled,c4647ca1201e6768501877267ca8251b,2026-10-11T17:00:00Z,Miami Dolphins,Cincinnati Bengals,fanduel,spreads,Miami Dolphins,6.5,1.98
2026-10-08T07:08:14Z,scheduled,c4647ca1201e6768501877267ca8251b,2026-10-11T17:00:00Z,Miami Dolphins,Cincinnati Bengals,fanduel,totals,Over,42.5,1.91
2026-10-08T07:08:14Z,scheduled,c4647ca1201e6768501877267ca8251b,2026-10-11T17:00:00Z,Miami Dolphins,Cincinnati Bengals,fanduel,totals,Under,42.5,1.91
2026-10-08T07:08:14Z,scheduled,c4647ca1201e6768501877267ca8251b,2026-10-11T17:00:00Z,Miami Dolphins,Cincinnati Bengals,betsson,h2h,Cincinnati Bengals,,1.31
2026-10-08T07:08:14Z,scheduled,c4647ca1201e6768501877267ca8251b,2026-10-11T17:00:00Z,Miami Dolphins,Cincinnati Bengals,betsson,h2h,Miami Dolphins,,3.45
2026-10-08T07:08:14Z,scheduled,c4647ca1201e6768501877267ca8251b,2026-10-11T17:00:00Z,Miami Dolphins,Cincinnati Bengals,betsson,spreads,Cincinnati Bengals,-6.5,1.86
2026-10-08T07:08:14Z,scheduled,c4647ca1201e6768501877267ca8251b,2026-10-11T17:00:00Z,Miami Dolphins,Cincinnati Bengals,betsson,spreads,Miami Dolphins,6.5,1.94
2026-10-08T07:08:14Z,scheduled,c4647ca1201e6768501877267ca8251b,2026-10-11T17:00:00Z,Miami Dolphins,Cincinnati Bengals,betsson,totals,Over,42.5,1.9
2026-10-08T07:08:14Z,scheduled,c4647ca1201e6768501877267ca8251b,2026-10-11T17:00:00Z,Miami Dolphins,Cincinnati Bengals,betsson,totals,Under,42.5,1.9
2026-10-08T07:08:14Z,scheduled,c4647ca1201e6768501877267ca8251b,2026-10-11T17:00:00Z,Miami Dolphins,Cincinnati Bengals,betrivers,h2h,Cincinnati Bengals,,1.32
2026-10-08T07:08:14Z,scheduled,c4647ca1201e6768501877267ca8251b,2026-10-11T17:00:00Z,Miami Dolphins,Cincinnati Bengals,betrivers,h2h,Miami Dolphins,,3.5
2026-10-08T07:08:14Z,scheduled,c4647ca1201e6768501877267ca8251b,2026-10-11T17:00:00Z,Miami Dolphins,Cincinnati Bengals,betrivers,spreads,Cincinnati Bengals,-6.5,1.87
2026-10-08T07:08:14Z,scheduled,c4647ca1201e6768501877267ca8251b,2026-10-11T17:00:00Z,Miami Dolphins,Cincinnati Bengals,betrivers,spreads,Miami Dolphins,6.5,1.94
2026-10-08T07:08:14Z,scheduled,c4647ca1201e6768501877267ca8251b,2026-10-11T17:00:00Z,Miami Dolphins,Cincinnati Bengals,betrivers,totals,Over,42.5,1.92
2026-10-08T07:08:14Z,scheduled,c4647ca1201e6768501877267ca8251b,2026-10-11T17:00:00Z,Miami Dolphins,Cincinnati Bengals,betrivers,totals,Under,42.5,1.89
2026-10-08T07:08:14Z,scheduled,c4647ca1201e6768501877267ca8251b,2026-10-11T17:00:00Z,Miami Dolphins,Cincinnati Bengals,betmgm,h2h,Cincinnati Bengals,,1.33
2026-10-08T07:08:14Z,scheduled,c4647ca1201e6768501877267ca8251b,2026-10-11T17:00:00Z,Miami Dolphins,Cincinnati Bengals,betmgm,h2h,Miami Dolphins,,3.5
2026-10-08T07:08:14Z,scheduled,c4647ca1201e6768501877267ca8251b,2026-10-11T17:00:00Z,Miami Dolphins,Cincinnati Bengals,betmgm,spreads,Cincinnati Bengals,-7.0,1.98
2026-10-08T07:08:14Z,scheduled,c4647ca1201e6768501877267ca8251b,2026-10-11T17:00:00Z,Miami Dolphins,Cincinnati Bengals,betmgm,spreads,Miami Dolphins,7.0,1.87
2026-10-08T07:08:14Z,scheduled,c4647ca1201e6768501877267ca8251b,2026-10-11T17:00:00Z,Miami Dolphins,Cincinnati Bengals,betmgm,totals,Over,42.5,1.91
2026-10-08T07:08:14Z,scheduled,c4647ca1201e6768501877267ca8251b,2026-10-11T17:00:00Z,Miami Dolphins,Cincinnati Bengals,betmgm,totals,Under,42.5,1.91
2026-10-08T07:08:14Z,scheduled,c4647ca1201e6768501877267ca8251b,2026-10-11T17:00:00Z,Miami Dolphins,Cincinnati Bengals,matchbook,h2h,Cincinnati Bengals,,1.33
2026-10-08T07:08:14Z,scheduled,c4647ca1201e6768501877267ca8251b,2026-10-11T17:00:00Z,Miami Dolphins,Cincinnati Bengals,matchbook,h2h,Miami Dolphins,,3.95
2026-10-08T07:08:14Z,scheduled,c4647ca1201e6768501877267ca8251b,2026-10-11T17:00:00Z,Miami Dolphins,Cincinnati Bengals,matchbook,h2h_lay,Cincinnati Bengals,,1.34
2026-10-08T07:08:14Z,scheduled,c4647ca1201e6768501877267ca8251b,2026-10-11T17:00:00Z,Miami Dolphins,Cincinnati Bengals,matchbook,h2h_lay,Miami Dolphins,,4.0
2026-10-08T07:08:14Z,scheduled,c4647ca1201e6768501877267ca8251b,2026-10-11T17:00:00Z,Miami Dolphins,Cincinnati Bengals,matchbook,spreads,Cincinnati Bengals,-6.5,1.96
2026-10-08T07:08:14Z,scheduled,c4647ca1201e6768501877267ca8251b,2026-10-11T17:00:00Z,Miami Dolphins,Cincinnati Bengals,matchbook,spreads,Miami Dolphins,6.5,1.99
2026-10-08T07:08:14Z,scheduled,c4647ca1201e6768501877267ca8251b,2026-10-11T17:00:00Z,Miami Dolphins,Cincinnati Bengals,matchbook,totals,Over,43.0,1.95
2026-10-08T07:08:14Z,scheduled,c4647ca1201e6768501877267ca8251b,2026-10-11T17:00:00Z,Miami Dolphins,Cincinnati Bengals,matchbook,totals,Under,43.0,1.92
2026-10-08T07:08:14Z,scheduled,c4647ca1201e6768501877267ca8251b,2026-10-11T17:00:00Z,Miami Dolphins,Cincinnati Bengals,coolbet,h2h,Cincinnati Bengals,,1.31
2026-10-08T07:08:14Z,scheduled,c4647ca1201e6768501877267ca8251b,2026-10-11T17:00:00Z,Miami Dolphins,Cincinnati Bengals,coolbet,h2h,Miami Dolphins,,3.6
2026-10-08T07:08:14Z,scheduled,c4647ca1201e6768501877267ca8251b,2026-10-11T17:00:00Z,Miami Dolphins,Cincinnati Bengals,coolbet,spreads,Cincinnati Bengals,-6.5,1.88
2026-10-08T07:08:14Z,scheduled,c4647ca1201e6768501877267ca8251b,2026-10-11T17:00:00Z,Miami Dolphins,Cincinnati Bengals,coolbet,spreads,Miami Dolphins,6.5,1.97
2026-10-08T07:08:14Z,scheduled,c4647ca1201e6768501877267ca8251b,2026-10-11T17:00:00Z,Miami Dolphins,Cincinnati Bengals,coolbet,totals,Over,42.5,1.92
2026-10-08T07:08:14Z,scheduled,c4647ca1201e6768501877267ca8251b,2026-10-11T17:00:00Z,Miami Dolphins,Cincinnati Bengals,coolbet,totals,Under,42.5,1.92
2026-10-08T07:08:14Z,scheduled,c4647ca1201e6768501877267ca8251b,2026-10-11T17:00:00Z,Miami Dolphins,Cincinnati Bengals,betfair_ex_eu,h2h,Cincinnati Bengals,,1.33
2026-10-08T07:08:14Z,scheduled,c4647ca1201e6768501877267ca8251b,2026-10-11T17:00:00Z,Miami Dolphins,Cincinnati Bengals,betfair_ex_eu,h2h,Miami Dolphins,,3.9
2026-10-08T07:08:14Z,scheduled,c4647ca1201e6768501877267ca8251b,2026-10-11T17:00:00Z,Miami Dolphins,Cincinnati Bengals,betfair_ex_eu,h2h_lay,Cincinnati Bengals,,1.34
2026-10-08T07:08:14Z,scheduled,c4647ca1201e6768501877267ca8251b,2026-10-11T17:00:00Z,Miami Dolphins,Cincinnati Bengals,betfair_ex_eu,h2h_lay,Miami Dolphins,,4.1
2026-10-08T07:08:14Z,scheduled,c4647ca1201e6768501877267ca8251b,2026-10-11T17:00:00Z,Miami Dolphins,Cincinnati Bengals,pinnacle,h2h,Cincinnati Bengals,,1.32
2026-10-08T07:08:14Z,scheduled,c4647ca1201e6768501877267ca8251b,2026-10-11T17:00:00Z,Miami Dolphins,Cincinnati Bengals,pinnacle,h2h,Miami Dolphins,,3.63
2026-10-08T07:08:14Z,scheduled,c4647ca1201e6768501877267ca8251b,2026-10-11T17:00:00Z,Miami Dolphins,Cincinnati Bengals,pinnacle,spreads,Cincinnati Bengals,-7.0,2.02
2026-10-08T07:08:14Z,scheduled,c4647ca1201e6768501877267ca8251b,2026-10-11T17:00:00Z,Miami Dolphins,Cincinnati Bengals,pinnacle,spreads,Miami Dolphins,7.0,1.87
2026-10-08T07:08:14Z,scheduled,c4647ca1201e6768501877267ca8251b,2026-10-11T17:00:00Z,Miami Dolphins,Cincinnati Bengals,pinnacle,totals,Over,42.5,1.89
2026-10-08T07:08:14Z,scheduled,c4647ca1201e6768501877267ca8251b,2026-10-11T17:00:00Z,Miami Dolphins,Cincinnati Bengals,pinnacle,totals,Under,42.5,1.97
2026-10-08T07:08:14Z,scheduled,9db4ed15fe34fca1fb62f040cd244591,2026-10-11T17:00:00Z,New York Jets,Cleveland Browns,draftkings,h2h,Cleveland Browns,,2.05
2026-10-08T07:08:14Z,scheduled,9db4ed15fe34fca1fb62f040cd244591,2026-10-11T17:00:00Z,New York Jets,Cleveland Browns,draftkings,h2h,New York Jets,,1.8
2026-10-08T07:08:14Z,scheduled,9db4ed15fe34fca1fb62f040cd244591,2026-10-11T17:00:00Z,New York Jets,Cleveland Browns,draftkings,spreads,Cleveland Browns,1.5,1.95
2026-10-08T07:08:14Z,scheduled,9db4ed15fe34fca1fb62f040cd244591,2026-10-11T17:00:00Z,New York Jets,Cleveland Browns,draftkings,spreads,New York Jets,-1.5,1.87
2026-10-08T07:08:14Z,scheduled,9db4ed15fe34fca1fb62f040cd244591,2026-10-11T17:00:00Z,New York Jets,Cleveland Browns,draftkings,totals,Over,39.5,1.85
2026-10-08T07:08:14Z,scheduled,9db4ed15fe34fca1fb62f040cd244591,2026-10-11T17:00:00Z,New York Jets,Cleveland Browns,draftkings,totals,Under,39.5,1.98
2026-10-08T07:08:14Z,scheduled,9db4ed15fe34fca1fb62f040cd244591,2026-10-11T17:00:00Z,New York Jets,Cleveland Browns,fanduel,h2h,Cleveland Browns,,2.08
2026-10-08T07:08:14Z,scheduled,9db4ed15fe34fca1fb62f040cd244591,2026-10-11T17:00:00Z,New York Jets,Cleveland Browns,fanduel,h2h,New York Jets,,1.79
2026-10-08T07:08:14Z,scheduled,9db4ed15fe34fca1fb62f040cd244591,2026-10-11T17:00:00Z,New York Jets,Cleveland Browns,fanduel,spreads,Cleveland Browns,1.5,1.95
2026-10-08T07:08:14Z,scheduled,9db4ed15fe34fca1fb62f040cd244591,2026-10-11T17:00:00Z,New York Jets,Cleveland Browns,fanduel,spreads,New York Jets,-1.5,1.87
2026-10-08T07:08:14Z,scheduled,9db4ed15fe34fca1fb62f040cd244591,2026-10-11T17:00:00Z,New York Jets,Cleveland Browns,fanduel,totals,Over,40.5,1.95
2026-10-08T07:08:14Z,scheduled,9db4ed15fe34fca1fb62f040cd244591,2026-10-11T17:00:00Z,New York Jets,Cleveland Browns,fanduel,totals,Under,40.5,1.87
2026-10-08T07:08:14Z,scheduled,9db4ed15fe34fca1fb62f040cd244591,2026-10-11T17:00:00Z,New York Jets,Cleveland Browns,betsson,h2h,Cleveland Browns,,2.07
2026-10-08T07:08:14Z,scheduled,9db4ed15fe34fca1fb62f040cd244591,2026-10-11T17:00:00Z,New York Jets,Cleveland Browns,betsson,h2h,New York Jets,,1.75
2026-10-08T07:08:14Z,scheduled,9db4ed15fe34fca1fb62f040cd244591,2026-10-11T17:00:00Z,New York Jets,Cleveland Browns,betsson,spreads,Cleveland Browns,2.5,1.86
2026-10-08T07:08:14Z,scheduled,9db4ed15fe34fca1fb62f040cd244591,2026-10-11T17:00:00Z,New York Jets,Cleveland Browns,betsson,spreads,New York Jets,-2.5,1.94
2026-10-08T07:08:14Z,scheduled,9db4ed15fe34fca1fb62f040cd244591,2026-10-11T17:00:00Z,New York Jets,Cleveland Browns,betsson,totals,Over,39.5,1.86
2026-10-08T07:08:14Z,scheduled,9db4ed15fe34fca1fb62f040cd244591,2026-10-11T17:00:00Z,New York Jets,Cleveland Browns,betsson,totals,Under,39.5,1.94
2026-10-08T07:08:14Z,scheduled,9db4ed15fe34fca1fb62f040cd244591,2026-10-11T17:00:00Z,New York Jets,Cleveland Browns,betrivers,h2h,Cleveland Browns,,2.1
2026-10-08T07:08:14Z,scheduled,9db4ed15fe34fca1fb62f040cd244591,2026-10-11T17:00:00Z,New York Jets,Cleveland Browns,betrivers,h2h,New York Jets,,1.75
2026-10-08T07:08:14Z,scheduled,9db4ed15fe34fca1fb62f040cd244591,2026-10-11T17:00:00Z,New York Jets,Cleveland Browns,betrivers,spreads,Cleveland Browns,2.5,1.91
2026-10-08T07:08:14Z,scheduled,9db4ed15fe34fca1fb62f040cd244591,2026-10-11T17:00:00Z,New York Jets,Cleveland Browns,betrivers,spreads,New York Jets,-2.5,1.91
2026-10-08T07:08:14Z,scheduled,9db4ed15fe34fca1fb62f040cd244591,2026-10-11T17:00:00Z,New York Jets,Cleveland Browns,betrivers,totals,Over,40.0,1.93
2026-10-08T07:08:14Z,scheduled,9db4ed15fe34fca1fb62f040cd244591,2026-10-11T17:00:00Z,New York Jets,Cleveland Browns,betrivers,totals,Under,40.0,1.88
2026-10-08T07:08:14Z,scheduled,9db4ed15fe34fca1fb62f040cd244591,2026-10-11T17:00:00Z,New York Jets,Cleveland Browns,matchbook,h2h,Cleveland Browns,,2.18
2026-10-08T07:08:14Z,scheduled,9db4ed15fe34fca1fb62f040cd244591,2026-10-11T17:00:00Z,New York Jets,Cleveland Browns,matchbook,h2h,New York Jets,,1.81
2026-10-08T07:08:14Z,scheduled,9db4ed15fe34fca1fb62f040cd244591,2026-10-11T17:00:00Z,New York Jets,Cleveland Browns,matchbook,h2h_lay,Cleveland Browns,,2.24
2026-10-08T07:08:14Z,scheduled,9db4ed15fe34fca1fb62f040cd244591,2026-10-11T17:00:00Z,New York Jets,Cleveland Browns,matchbook,h2h_lay,New York Jets,,1.84
2026-10-08T07:08:14Z,scheduled,9db4ed15fe34fca1fb62f040cd244591,2026-10-11T17:00:00Z,New York Jets,Cleveland Browns,matchbook,spreads,Cleveland Browns,2.0,2.02
2026-10-08T07:08:14Z,scheduled,9db4ed15fe34fca1fb62f040cd244591,2026-10-11T17:00:00Z,New York Jets,Cleveland Browns,matchbook,spreads,New York Jets,-2.0,1.95
2026-10-08T07:08:14Z,scheduled,9db4ed15fe34fca1fb62f040cd244591,2026-10-11T17:00:00Z,New York Jets,Cleveland Browns,matchbook,totals,Over,40.0,1.97
2026-10-08T07:08:14Z,scheduled,9db4ed15fe34fca1fb62f040cd244591,2026-10-11T17:00:00Z,New York Jets,Cleveland Browns,matchbook,totals,Under,40.0,1.91
2026-10-08T07:08:14Z,scheduled,9db4ed15fe34fca1fb62f040cd244591,2026-10-11T17:00:00Z,New York Jets,Cleveland Browns,betmgm,h2h,Cleveland Browns,,2.1
2026-10-08T07:08:14Z,scheduled,9db4ed15fe34fca1fb62f040cd244591,2026-10-11T17:00:00Z,New York Jets,Cleveland Browns,betmgm,h2h,New York Jets,,1.77
2026-10-08T07:08:14Z,scheduled,9db4ed15fe34fca1fb62f040cd244591,2026-10-11T17:00:00Z,New York Jets,Cleveland Browns,betmgm,spreads,Cleveland Browns,2.0,1.91
2026-10-08T07:08:14Z,scheduled,9db4ed15fe34fca1fb62f040cd244591,2026-10-11T17:00:00Z,New York Jets,Cleveland Browns,betmgm,spreads,New York Jets,-2.0,1.93
2026-10-08T07:08:14Z,scheduled,9db4ed15fe34fca1fb62f040cd244591,2026-10-11T17:00:00Z,New York Jets,Cleveland Browns,betmgm,totals,Over,40.0,1.91
2026-10-08T07:08:14Z,scheduled,9db4ed15fe34fca1fb62f040cd244591,2026-10-11T17:00:00Z,New York Jets,Cleveland Browns,betmgm,totals,Under,40.0,1.93
2026-10-08T07:08:14Z,scheduled,9db4ed15fe34fca1fb62f040cd244591,2026-10-11T17:00:00Z,New York Jets,Cleveland Browns,pinnacle,h2h,Cleveland Browns,,2.15
2026-10-08T07:08:14Z,scheduled,9db4ed15fe34fca1fb62f040cd244591,2026-10-11T17:00:00Z,New York Jets,Cleveland Browns,pinnacle,h2h,New York Jets,,1.77
2026-10-08T07:08:14Z,scheduled,9db4ed15fe34fca1fb62f040cd244591,2026-10-11T17:00:00Z,New York Jets,Cleveland Browns,pinnacle,spreads,Cleveland Browns,1.5,1.99
2026-10-08T07:08:14Z,scheduled,9db4ed15fe34fca1fb62f040cd244591,2026-10-11T17:00:00Z,New York Jets,Cleveland Browns,pinnacle,spreads,New York Jets,-1.5,1.89
2026-10-08T07:08:14Z,scheduled,9db4ed15fe34fca1fb62f040cd244591,2026-10-11T17:00:00Z,New York Jets,Cleveland Browns,pinnacle,totals,Over,40.0,1.95
2026-10-08T07:08:14Z,scheduled,9db4ed15fe34fca1fb62f040cd244591,2026-10-11T17:00:00Z,New York Jets,Cleveland Browns,pinnacle,totals,Under,40.0,1.92
2026-10-08T07:08:14Z,scheduled,9db4ed15fe34fca1fb62f040cd244591,2026-10-11T17:00:00Z,New York Jets,Cleveland Browns,coolbet,h2h,Cleveland Browns,,2.1
2026-10-08T07:08:14Z,scheduled,9db4ed15fe34fca1fb62f040cd244591,2026-10-11T17:00:00Z,New York Jets,Cleveland Browns,coolbet,h2h,New York Jets,,1.77
2026-10-08T07:08:14Z,scheduled,9db4ed15fe34fca1fb62f040cd244591,2026-10-11T17:00:00Z,New York Jets,Cleveland Browns,coolbet,spreads,Cleveland Browns,2.0,1.93
2026-10-08T07:08:14Z,scheduled,9db4ed15fe34fca1fb62f040cd244591,2026-10-11T17:00:00Z,New York Jets,Cleveland Browns,coolbet,spreads,New York Jets,-2.0,1.91
2026-10-08T07:08:14Z,scheduled,9db4ed15fe34fca1fb62f040cd244591,2026-10-11T17:00:00Z,New York Jets,Cleveland Browns,coolbet,totals,Over,40.0,1.95
2026-10-08T07:08:14Z,scheduled,9db4ed15fe34fca1fb62f040cd244591,2026-10-11T17:00:00Z,New York Jets,Cleveland Browns,coolbet,totals,Under,40.0,1.9
2026-10-08T07:08:14Z,scheduled,9db4ed15fe34fca1fb62f040cd244591,2026-10-11T17:00:00Z,New York Jets,Cleveland Browns,betfair_ex_eu,h2h,Cleveland Browns,,2.18
2026-10-08T07:08:14Z,scheduled,9db4ed15fe34fca1fb62f040cd244591,2026-10-11T17:00:00Z,New York Jets,Cleveland Browns,betfair_ex_eu,h2h,New York Jets,,1.81
2026-10-08T07:08:14Z,scheduled,9db4ed15fe34fca1fb62f040cd244591,2026-10-11T17:00:00Z,New York Jets,Cleveland Browns,betfair_ex_eu,h2h_lay,Cleveland Browns,,2.24
2026-10-08T07:08:14Z,scheduled,9db4ed15fe34fca1fb62f040cd244591,2026-10-11T17:00:00Z,New York Jets,Cleveland Browns,betfair_ex_eu,h2h_lay,New York Jets,,1.84
2026-10-08T07:08:14Z,scheduled,cc52bba56e74f5cddbe9011046181c3d,2026-10-11T17:00:00Z,Tennessee Titans,Houston Texans,draftkings,h2h,Houston Texans,,1.25
2026-10-08T07:08:14Z,scheduled,cc52bba56e74f5cddbe9011046181c3d,2026-10-11T17:00:00Z,Tennessee Titans,Houston Texans,draftkings,h2h,Tennessee Titans,,4.1
2026-10-08T07:08:14Z,scheduled,cc52bba56e74f5cddbe9011046181c3d,2026-10-11T17:00:00Z,Tennessee Titans,Houston Texans,draftkings,spreads,Houston Texans,-7.5,1.91
2026-10-08T07:08:14Z,scheduled,cc52bba56e74f5cddbe9011046181c3d,2026-10-11T17:00:00Z,Tennessee Titans,Houston Texans,draftkings,spreads,Tennessee Titans,7.5,1.91
2026-10-08T07:08:14Z,scheduled,cc52bba56e74f5cddbe9011046181c3d,2026-10-11T17:00:00Z,Tennessee Titans,Houston Texans,draftkings,totals,Over,37.5,1.93
2026-10-08T07:08:14Z,scheduled,cc52bba56e74f5cddbe9011046181c3d,2026-10-11T17:00:00Z,Tennessee Titans,Houston Texans,draftkings,totals,Under,37.5,1.89
2026-10-08T07:08:14Z,scheduled,cc52bba56e74f5cddbe9011046181c3d,2026-10-11T17:00:00Z,Tennessee Titans,Houston Texans,fanduel,h2h,Houston Texans,,1.27
2026-10-08T07:08:14Z,scheduled,cc52bba56e74f5cddbe9011046181c3d,2026-10-11T17:00:00Z,Tennessee Titans,Houston Texans,fanduel,h2h,Tennessee Titans,,3.95
2026-10-08T07:08:14Z,scheduled,cc52bba56e74f5cddbe9011046181c3d,2026-10-11T17:00:00Z,Tennessee Titans,Houston Texans,fanduel,spreads,Houston Texans,-7.5,1.96
2026-10-08T07:08:14Z,scheduled,cc52bba56e74f5cddbe9011046181c3d,2026-10-11T17:00:00Z,Tennessee Titans,Houston Texans,fanduel,spreads,Tennessee Titans,7.5,1.85
2026-10-08T07:08:14Z,scheduled,cc52bba56e74f5cddbe9011046181c3d,2026-10-11T17:00:00Z,Tennessee Titans,Houston Texans,fanduel,totals,Over,37.5,1.87
2026-10-08T07:08:14Z,scheduled,cc52bba56e74f5cddbe9011046181c3d,2026-10-11T17:00:00Z,Tennessee Titans,Houston Texans,fanduel,totals,Under,37.5,1.95
2026-10-08T07:08:14Z,scheduled,cc52bba56e74f5cddbe9011046181c3d,2026-10-11T17:00:00Z,Tennessee Titans,Houston Texans,betsson,h2h,Houston Texans,,1.25
2026-10-08T07:08:14Z,scheduled,cc52bba56e74f5cddbe9011046181c3d,2026-10-11T17:00:00Z,Tennessee Titans,Houston Texans,betsson,h2h,Tennessee Titans,,3.96
2026-10-08T07:08:14Z,scheduled,cc52bba56e74f5cddbe9011046181c3d,2026-10-11T17:00:00Z,Tennessee Titans,Houston Texans,betsson,spreads,Houston Texans,-7.5,1.92
2026-10-08T07:08:14Z,scheduled,cc52bba56e74f5cddbe9011046181c3d,2026-10-11T17:00:00Z,Tennessee Titans,Houston Texans,betsson,spreads,Tennessee Titans,7.5,1.88
2026-10-08T07:08:14Z,scheduled,cc52bba56e74f5cddbe9011046181c3d,2026-10-11T17:00:00Z,Tennessee Titans,Houston Texans,betsson,totals,Over,37.5,1.9
2026-10-08T07:08:14Z,scheduled,cc52bba56e74f5cddbe9011046181c3d,2026-10-11T17:00:00Z,Tennessee Titans,Houston Texans,betsson,totals,Under,37.5,1.9
2026-10-08T07:08:14Z,scheduled,cc52bba56e74f5cddbe9011046181c3d,2026-10-11T17:00:00Z,Tennessee Titans,Houston Texans,matchbook,h2h,Houston Texans,,1.3
2026-10-08T07:08:14Z,scheduled,cc52bba56e74f5cddbe9011046181c3d,2026-10-11T17:00:00Z,Tennessee Titans,Houston Texans,matchbook,h2h,Tennessee Titans,,4.2
2026-10-08T07:08:14Z,scheduled,cc52bba56e74f5cddbe9011046181c3d,2026-10-11T17:00:00Z,Tennessee Titans,Houston Texans,matchbook,h2h_lay,Houston Texans,,1.31
2026-10-08T07:08:14Z,scheduled,cc52bba56e74f5cddbe9011046181c3d,2026-10-11T17:00:00Z,Tennessee Titans,Houston Texans,matchbook,h2h_lay,Tennessee Titans,,4.3
2026-10-08T07:08:14Z,scheduled,cc52bba56e74f5cddbe9011046181c3d,2026-10-11T17:00:00Z,Tennessee Titans,Houston Texans,matchbook,spreads,Houston Texans,-7.5,1.98
2026-10-08T07:08:14Z,scheduled,cc52bba56e74f5cddbe9011046181c3d,2026-10-11T17:00:00Z,Tennessee Titans,Houston Texans,matchbook,spreads,Tennessee Titans,7.5,1.93
2026-10-08T07:08:14Z,scheduled,cc52bba56e74f5cddbe9011046181c3d,2026-10-11T17:00:00Z,Tennessee Titans,Houston Texans,matchbook,totals,Over,37.5,1.97
2026-10-08T07:08:14Z,scheduled,cc52bba56e74f5cddbe9011046181c3d,2026-10-11T17:00:00Z,Tennessee Titans,Houston Texans,matchbook,totals,Under,37.5,1.95
2026-10-08T07:08:14Z,scheduled,cc52bba56e74f5cddbe9011046181c3d,2026-10-11T17:00:00Z,Tennessee Titans,Houston Texans,betmgm,h2h,Houston Texans,,1.27
2026-10-08T07:08:14Z,scheduled,cc52bba56e74f5cddbe9011046181c3d,2026-10-11T17:00:00Z,Tennessee Titans,Houston Texans,betmgm,h2h,Tennessee Titans,,4.0
2026-10-08T07:08:14Z,scheduled,cc52bba56e74f5cddbe9011046181c3d,2026-10-11T17:00:00Z,Tennessee Titans,Houston Texans,betmgm,spreads,Houston Texans,-7.5,1.93
2026-10-08T07:08:14Z,scheduled,cc52bba56e74f5cddbe9011046181c3d,2026-10-11T17:00:00Z,Tennessee Titans,Houston Texans,betmgm,spreads,Tennessee Titans,7.5,1.91
2026-10-08T07:08:14Z,scheduled,cc52bba56e74f5cddbe9011046181c3d,2026-10-11T17:00:00Z,Tennessee Titans,Houston Texans,betmgm,totals,Over,37.5,1.91
2026-10-08T07:08:14Z,scheduled,cc52bba56e74f5cddbe9011046181c3d,2026-10-11T17:00:00Z,Tennessee Titans,Houston Texans,betmgm,totals,Under,37.5,1.93
2026-10-08T07:08:14Z,scheduled,cc52bba56e74f5cddbe9011046181c3d,2026-10-11T17:00:00Z,Tennessee Titans,Houston Texans,pinnacle,h2h,Houston Texans,,1.26
2026-10-08T07:08:14Z,scheduled,cc52bba56e74f5cddbe9011046181c3d,2026-10-11T17:00:00Z,Tennessee Titans,Houston Texans,pinnacle,h2h,Tennessee Titans,,4.11
2026-10-08T07:08:14Z,scheduled,cc52bba56e74f5cddbe9011046181c3d,2026-10-11T17:00:00Z,Tennessee Titans,Houston Texans,pinnacle,spreads,Houston Texans,-7.5,1.94
2026-10-08T07:08:14Z,scheduled,cc52bba56e74f5cddbe9011046181c3d,2026-10-11T17:00:00Z,Tennessee Titans,Houston Texans,pinnacle,spreads,Tennessee Titans,7.5,1.94
2026-10-08T07:08:14Z,scheduled,cc52bba56e74f5cddbe9011046181c3d,2026-10-11T17:00:00Z,Tennessee Titans,Houston Texans,pinnacle,totals,Over,37.5,1.92
2026-10-08T07:08:14Z,scheduled,cc52bba56e74f5cddbe9011046181c3d,2026-10-11T17:00:00Z,Tennessee Titans,Houston Texans,pinnacle,totals,Under,37.5,1.95
2026-10-08T07:08:14Z,scheduled,cc52bba56e74f5cddbe9011046181c3d,2026-10-11T17:00:00Z,Tennessee Titans,Houston Texans,coolbet,h2h,Houston Texans,,1.26
2026-10-08T07:08:14Z,scheduled,cc52bba56e74f5cddbe9011046181c3d,2026-10-11T17:00:00Z,Tennessee Titans,Houston Texans,coolbet,h2h,Tennessee Titans,,4.1
2026-10-08T07:08:14Z,scheduled,cc52bba56e74f5cddbe9011046181c3d,2026-10-11T17:00:00Z,Tennessee Titans,Houston Texans,coolbet,spreads,Houston Texans,-7.5,1.93
2026-10-08T07:08:14Z,scheduled,cc52bba56e74f5cddbe9011046181c3d,2026-10-11T17:00:00Z,Tennessee Titans,Houston Texans,coolbet,spreads,Tennessee Titans,7.5,1.91
2026-10-08T07:08:14Z,scheduled,cc52bba56e74f5cddbe9011046181c3d,2026-10-11T17:00:00Z,Tennessee Titans,Houston Texans,coolbet,totals,Over,37.5,1.92
2026-10-08T07:08:14Z,scheduled,cc52bba56e74f5cddbe9011046181c3d,2026-10-11T17:00:00Z,Tennessee Titans,Houston Texans,coolbet,totals,Under,37.5,1.92
2026-10-08T07:08:14Z,scheduled,cc52bba56e74f5cddbe9011046181c3d,2026-10-11T17:00:00Z,Tennessee Titans,Houston Texans,betfair_ex_eu,h2h,Houston Texans,,1.3
2026-10-08T07:08:14Z,scheduled,cc52bba56e74f5cddbe9011046181c3d,2026-10-11T17:00:00Z,Tennessee Titans,Houston Texans,betfair_ex_eu,h2h,Tennessee Titans,,4.2
2026-10-08T07:08:14Z,scheduled,cc52bba56e74f5cddbe9011046181c3d,2026-10-11T17:00:00Z,Tennessee Titans,Houston Texans,betfair_ex_eu,h2h_lay,Houston Texans,,1.31
2026-10-08T07:08:14Z,scheduled,cc52bba56e74f5cddbe9011046181c3d,2026-10-11T17:00:00Z,Tennessee Titans,Houston Texans,betfair_ex_eu,h2h_lay,Tennessee Titans,,4.3
2026-10-08T07:08:14Z,scheduled,448d7cf18c6db4c811ed82ded1b72867,2026-10-11T17:00:00Z,Pittsburgh Steelers,Indianapolis Colts,draftkings,h2h,Indianapolis Colts,,2.2
2026-10-08T07:08:14Z,scheduled,448d7cf18c6db4c811ed82ded1b72867,2026-10-11T17:00:00Z,Pittsburgh Steelers,Indianapolis Colts,draftkings,h2h,Pittsburgh Steelers,,1.7
2026-10-08T07:08:14Z,scheduled,448d7cf18c6db4c811ed82ded1b72867,2026-10-11T17:00:00Z,Pittsburgh Steelers,Indianapolis Colts,draftkings,spreads,Indianapolis Colts,2.5,1.95
2026-10-08T07:08:14Z,scheduled,448d7cf18c6db4c811ed82ded1b72867,2026-10-11T17:00:00Z,Pittsburgh Steelers,Indianapolis Colts,draftkings,spreads,Pittsburgh Steelers,-2.5,1.87
2026-10-08T07:08:14Z,scheduled,448d7cf18c6db4c811ed82ded1b72867,2026-10-11T17:00:00Z,Pittsburgh Steelers,Indianapolis Colts,draftkings,totals,Over,44.5,1.89
2026-10-08T07:08:14Z,scheduled,448d7cf18c6db4c811ed82ded1b72867,2026-10-11T17:00:00Z,Pittsburgh Steelers,Indianapolis Colts,draftkings,totals,Under,44.5,1.93
2026-10-08T07:08:14Z,scheduled,448d7cf18c6db4c811ed82ded1b72867,2026-10-11T17:00:00Z,Pittsburgh Steelers,Indianapolis Colts,fanduel,h2h,Indianapolis Colts,,2.14
2026-10-08T07:08:14Z,scheduled,448d7cf18c6db4c811ed82ded1b72867,2026-10-11T17:00:00Z,Pittsburgh Steelers,Indianapolis Colts,fanduel,h2h,Pittsburgh Steelers,,1.75
2026-10-08T07:08:14Z,scheduled,448d7cf18c6db4c811ed82ded1b72867,2026-10-11T17:00:00Z,Pittsburgh Steelers,Indianapolis Colts,fanduel,spreads,Indianapolis Colts,2.5,1.87
2026-10-08T07:08:14Z,scheduled,448d7cf18c6db4c811ed82ded1b72867,2026-10-11T17:00:00Z,Pittsburgh Steelers,Indianapolis Colts,fanduel,spreads,Pittsburgh Steelers,-2.5,1.95
2026-10-08T07:08:14Z,scheduled,448d7cf18c6db4c811ed82ded1b72867,2026-10-11T17:00:00Z,Pittsburgh Steelers,Indianapolis Colts,fanduel,totals,Over,44.5,1.98
2026-10-08T07:08:14Z,scheduled,448d7cf18c6db4c811ed82ded1b72867,2026-10-11T17:00:00Z,Pittsburgh Steelers,Indianapolis Colts,fanduel,totals,Under,44.5,1.83
2026-10-08T07:08:14Z,scheduled,448d7cf18c6db4c811ed82ded1b72867,2026-10-11T17:00:00Z,Pittsburgh Steelers,Indianapolis Colts,betrivers,h2h,Indianapolis Colts,,2.16
2026-10-08T07:08:14Z,scheduled,448d7cf18c6db4c811ed82ded1b72867,2026-10-11T17:00:00Z,Pittsburgh Steelers,Indianapolis Colts,betrivers,h2h,Pittsburgh Steelers,,1.72
2026-10-08T07:08:14Z,scheduled,448d7cf18c6db4c811ed82ded1b72867,2026-10-11T17:00:00Z,Pittsburgh Steelers,Indianapolis Colts,betrivers,spreads,Indianapolis Colts,2.5,1.89
2026-10-08T07:08:14Z,scheduled,448d7cf18c6db4c811ed82ded1b72867,2026-10-11T17:00:00Z,Pittsburgh Steelers,Indianapolis Colts,betrivers,spreads,Pittsburgh Steelers,-2.5,1.92
2026-10-08T07:08:14Z,scheduled,448d7cf18c6db4c811ed82ded1b72867,2026-10-11T17:00:00Z,Pittsburgh Steelers,Indianapolis Colts,betrivers,totals,Over,44.5,1.92
2026-10-08T07:08:14Z,scheduled,448d7cf18c6db4c811ed82ded1b72867,2026-10-11T17:00:00Z,Pittsburgh Steelers,Indianapolis Colts,betrivers,totals,Under,44.5,1.89
2026-10-08T07:08:14Z,scheduled,448d7cf18c6db4c811ed82ded1b72867,2026-10-11T17:00:00Z,Pittsburgh Steelers,Indianapolis Colts,betsson,h2h,Indianapolis Colts,,2.18
2026-10-08T07:08:14Z,scheduled,448d7cf18c6db4c811ed82ded1b72867,2026-10-11T17:00:00Z,Pittsburgh Steelers,Indianapolis Colts,betsson,h2h,Pittsburgh Steelers,,1.68
2026-10-08T07:08:14Z,scheduled,448d7cf18c6db4c811ed82ded1b72867,2026-10-11T17:00:00Z,Pittsburgh Steelers,Indianapolis Colts,betsson,spreads,Indianapolis Colts,2.5,1.9
2026-10-08T07:08:14Z,scheduled,448d7cf18c6db4c811ed82ded1b72867,2026-10-11T17:00:00Z,Pittsburgh Steelers,Indianapolis Colts,betsson,spreads,Pittsburgh Steelers,-2.5,1.9
2026-10-08T07:08:14Z,scheduled,448d7cf18c6db4c811ed82ded1b72867,2026-10-11T17:00:00Z,Pittsburgh Steelers,Indianapolis Colts,betsson,totals,Over,44.5,1.9
2026-10-08T07:08:14Z,scheduled,448d7cf18c6db4c811ed82ded1b72867,2026-10-11T17:00:00Z,Pittsburgh Steelers,Indianapolis Colts,betsson,totals,Under,44.5,1.9
2026-10-08T07:08:14Z,scheduled,448d7cf18c6db4c811ed82ded1b72867,2026-10-11T17:00:00Z,Pittsburgh Steelers,Indianapolis Colts,matchbook,h2h,Indianapolis Colts,,2.3
2026-10-08T07:08:14Z,scheduled,448d7cf18c6db4c811ed82ded1b72867,2026-10-11T17:00:00Z,Pittsburgh Steelers,Indianapolis Colts,matchbook,h2h,Pittsburgh Steelers,,1.75
2026-10-08T07:08:14Z,scheduled,448d7cf18c6db4c811ed82ded1b72867,2026-10-11T17:00:00Z,Pittsburgh Steelers,Indianapolis Colts,matchbook,h2h_lay,Indianapolis Colts,,2.34
2026-10-08T07:08:14Z,scheduled,448d7cf18c6db4c811ed82ded1b72867,2026-10-11T17:00:00Z,Pittsburgh Steelers,Indianapolis Colts,matchbook,h2h_lay,Pittsburgh Steelers,,1.77
2026-10-08T07:08:14Z,scheduled,448d7cf18c6db4c811ed82ded1b72867,2026-10-11T17:00:00Z,Pittsburgh Steelers,Indianapolis Colts,matchbook,spreads,Indianapolis Colts,2.5,2.02
2026-10-08T07:08:14Z,scheduled,448d7cf18c6db4c811ed82ded1b72867,2026-10-11T17:00:00Z,Pittsburgh Steelers,Indianapolis Colts,matchbook,spreads,Pittsburgh Steelers,-2.5,1.86
2026-10-08T07:08:14Z,scheduled,448d7cf18c6db4c811ed82ded1b72867,2026-10-11T17:00:00Z,Pittsburgh Steelers,Indianapolis Colts,matchbook,totals,Over,44.5,1.93
2026-10-08T07:08:14Z,scheduled,448d7cf18c6db4c811ed82ded1b72867,2026-10-11T17:00:00Z,Pittsburgh Steelers,Indianapolis Colts,matchbook,totals,Under,44.5,1.95
2026-10-08T07:08:14Z,scheduled,448d7cf18c6db4c811ed82ded1b72867,2026-10-11T17:00:00Z,Pittsburgh Steelers,Indianapolis Colts,betmgm,h2h,Indianapolis Colts,,2.2
2026-10-08T07:08:14Z,scheduled,448d7cf18c6db4c811ed82ded1b72867,2026-10-11T17:00:00Z,Pittsburgh Steelers,Indianapolis Colts,betmgm,h2h,Pittsburgh Steelers,,1.69
2026-10-08T07:08:14Z,scheduled,448d7cf18c6db4c811ed82ded1b72867,2026-10-11T17:00:00Z,Pittsburgh Steelers,Indianapolis Colts,betmgm,spreads,Indianapolis Colts,2.5,1.91
2026-10-08T07:08:14Z,scheduled,448d7cf18c6db4c811ed82ded1b72867,2026-10-11T17:00:00Z,Pittsburgh Steelers,Indianapolis Colts,betmgm,spreads,Pittsburgh Steelers,-2.5,1.93
2026-10-08T07:08:14Z,scheduled,448d7cf18c6db4c811ed82ded1b72867,2026-10-11T17:00:00Z,Pittsburgh Steelers,Indianapolis Colts,betmgm,totals,Over,44.5,1.93
2026-10-08T07:08:14Z,scheduled,448d7cf18c6db4c811ed82ded1b72867,2026-10-11T17:00:00Z,Pittsburgh Steelers,Indianapolis Colts,betmgm,totals,Under,44.5,1.91
2026-10-08T07:08:14Z,scheduled,448d7cf18c6db4c811ed82ded1b72867,2026-10-11T17:00:00Z,Pittsburgh Steelers,Indianapolis Colts,pinnacle,h2h,Indianapolis Colts,,2.3
2026-10-08T07:08:14Z,scheduled,448d7cf18c6db4c811ed82ded1b72867,2026-10-11T17:00:00Z,Pittsburgh Steelers,Indianapolis Colts,pinnacle,h2h,Pittsburgh Steelers,,1.68
2026-10-08T07:08:14Z,scheduled,448d7cf18c6db4c811ed82ded1b72867,2026-10-11T17:00:00Z,Pittsburgh Steelers,Indianapolis Colts,pinnacle,spreads,Indianapolis Colts,2.5,2.02
2026-10-08T07:08:14Z,scheduled,448d7cf18c6db4c811ed82ded1b72867,2026-10-11T17:00:00Z,Pittsburgh Steelers,Indianapolis Colts,pinnacle,spreads,Pittsburgh Steelers,-2.5,1.87
2026-10-08T07:08:14Z,scheduled,448d7cf18c6db4c811ed82ded1b72867,2026-10-11T17:00:00Z,Pittsburgh Steelers,Indianapolis Colts,pinnacle,totals,Over,44.5,1.92
2026-10-08T07:08:14Z,scheduled,448d7cf18c6db4c811ed82ded1b72867,2026-10-11T17:00:00Z,Pittsburgh Steelers,Indianapolis Colts,pinnacle,totals,Under,44.5,1.95
2026-10-08T07:08:14Z,scheduled,448d7cf18c6db4c811ed82ded1b72867,2026-10-11T17:00:00Z,Pittsburgh Steelers,Indianapolis Colts,coolbet,h2h,Indianapolis Colts,,2.2
2026-10-08T07:08:14Z,scheduled,448d7cf18c6db4c811ed82ded1b72867,2026-10-11T17:00:00Z,Pittsburgh Steelers,Indianapolis Colts,coolbet,h2h,Pittsburgh Steelers,,1.71
2026-10-08T07:08:14Z,scheduled,448d7cf18c6db4c811ed82ded1b72867,2026-10-11T17:00:00Z,Pittsburgh Steelers,Indianapolis Colts,coolbet,spreads,Indianapolis Colts,2.5,1.92
2026-10-08T07:08:14Z,scheduled,448d7cf18c6db4c811ed82ded1b72867,2026-10-11T17:00:00Z,Pittsburgh Steelers,Indianapolis Colts,coolbet,spreads,Pittsburgh Steelers,-2.5,1.92
2026-10-08T07:08:14Z,scheduled,448d7cf18c6db4c811ed82ded1b72867,2026-10-11T17:00:00Z,Pittsburgh Steelers,Indianapolis Colts,coolbet,totals,Over,44.5,1.91
2026-10-08T07:08:14Z,scheduled,448d7cf18c6db4c811ed82ded1b72867,2026-10-11T17:00:00Z,Pittsburgh Steelers,Indianapolis Colts,coolbet,totals,Under,44.5,1.93
2026-10-08T07:08:14Z,scheduled,448d7cf18c6db4c811ed82ded1b72867,2026-10-11T17:00:00Z,Pittsburgh Steelers,Indianapolis Colts,betfair_ex_eu,h2h,Indianapolis Colts,,2.3
2026-10-08T07:08:14Z,scheduled,448d7cf18c6db4c811ed82ded1b72867,2026-10-11T17:00:00Z,Pittsburgh Steelers,Indianapolis Colts,betfair_ex_eu,h2h,Pittsburgh Steelers,,1.75
2026-10-08T07:08:14Z,scheduled,448d7cf18c6db4c811ed82ded1b72867,2026-10-11T17:00:00Z,Pittsburgh Steelers,Indianapolis Colts,betfair_ex_eu,h2h_lay,Indianapolis Colts,,2.34
2026-10-08T07:08:14Z,scheduled,448d7cf18c6db4c811ed82ded1b72867,2026-10-11T17:00:00Z,Pittsburgh Steelers,Indianapolis Colts,betfair_ex_eu,h2h_lay,Pittsburgh Steelers,,1.77
2026-10-08T07:08:14Z,scheduled,6b024bad1abb54f597225e4ab9b39d89,2026-10-11T17:00:00Z,New England Patriots,Las Vegas Raiders,draftkings,h2h,Las Vegas Raiders,,2.64
2026-10-08T07:08:14Z,scheduled,6b024bad1abb54f597225e4ab9b39d89,2026-10-11T17:00:00Z,New England Patriots,Las Vegas Raiders,draftkings,h2h,New England Patriots,,1.51
2026-10-08T07:08:14Z,scheduled,6b024bad1abb54f597225e4ab9b39d89,2026-10-11T17:00:00Z,New England Patriots,Las Vegas Raiders,draftkings,spreads,Las Vegas Raiders,3.5,1.93
2026-10-08T07:08:14Z,scheduled,6b024bad1abb54f597225e4ab9b39d89,2026-10-11T17:00:00Z,New England Patriots,Las Vegas Raiders,draftkings,spreads,New England Patriots,-3.5,1.89
2026-10-08T07:08:14Z,scheduled,6b024bad1abb54f597225e4ab9b39d89,2026-10-11T17:00:00Z,New England Patriots,Las Vegas Raiders,draftkings,totals,Over,45.5,1.95
2026-10-08T07:08:14Z,scheduled,6b024bad1abb54f597225e4ab9b39d89,2026-10-11T17:00:00Z,New England Patriots,Las Vegas Raiders,draftkings,totals,Under,45.5,1.87
2026-10-08T07:08:14Z,scheduled,6b024bad1abb54f597225e4ab9b39d89,2026-10-11T17:00:00Z,New England Patriots,Las Vegas Raiders,fanduel,h2h,Las Vegas Raiders,,2.64
2026-10-08T07:08:14Z,scheduled,6b024bad1abb54f597225e4ab9b39d89,2026-10-11T17:00:00Z,New England Patriots,Las Vegas Raiders,fanduel,h2h,New England Patriots,,1.51
2026-10-08T07:08:14Z,scheduled,6b024bad1abb54f597225e4ab9b39d89,2026-10-11T17:00:00Z,New England Patriots,Las Vegas Raiders,fanduel,spreads,Las Vegas Raiders,3.5,1.94
2026-10-08T07:08:14Z,scheduled,6b024bad1abb54f597225e4ab9b39d89,2026-10-11T17:00:00Z,New England Patriots,Las Vegas Raiders,fanduel,spreads,New England Patriots,-3.5,1.88
2026-10-08T07:08:14Z,scheduled,6b024bad1abb54f597225e4ab9b39d89,2026-10-11T17:00:00Z,New England Patriots,Las Vegas Raiders,fanduel,totals,Over,44.5,1.87
2026-10-08T07:08:14Z,scheduled,6b024bad1abb54f597225e4ab9b39d89,2026-10-11T17:00:00Z,New England Patriots,Las Vegas Raiders,fanduel,totals,Under,44.5,1.95
2026-10-08T07:08:14Z,scheduled,6b024bad1abb54f597225e4ab9b39d89,2026-10-11T17:00:00Z,New England Patriots,Las Vegas Raiders,betrivers,h2h,Las Vegas Raiders,,2.6
2026-10-08T07:08:14Z,scheduled,6b024bad1abb54f597225e4ab9b39d89,2026-10-11T17:00:00Z,New England Patriots,Las Vegas Raiders,betrivers,h2h,New England Patriots,,1.51
2026-10-08T07:08:14Z,scheduled,6b024bad1abb54f597225e4ab9b39d89,2026-10-11T17:00:00Z,New England Patriots,Las Vegas Raiders,betrivers,spreads,Las Vegas Raiders,3.5,1.89
2026-10-08T07:08:14Z,scheduled,6b024bad1abb54f597225e4ab9b39d89,2026-10-11T17:00:00Z,New England Patriots,Las Vegas Raiders,betrivers,spreads,New England Patriots,-3.5,1.92
2026-10-08T07:08:14Z,scheduled,6b024bad1abb54f597225e4ab9b39d89,2026-10-11T17:00:00Z,New England Patriots,Las Vegas Raiders,betrivers,totals,Over,45.0,1.89
2026-10-08T07:08:14Z,scheduled,6b024bad1abb54f597225e4ab9b39d89,2026-10-11T17:00:00Z,New England Patriots,Las Vegas Raiders,betrivers,totals,Under,45.0,1.92
2026-10-08T07:08:14Z,scheduled,6b024bad1abb54f597225e4ab9b39d89,2026-10-11T17:00:00Z,New England Patriots,Las Vegas Raiders,betsson,h2h,Las Vegas Raiders,,2.6
2026-10-08T07:08:14Z,scheduled,6b024bad1abb54f597225e4ab9b39d89,2026-10-11T17:00:00Z,New England Patriots,Las Vegas Raiders,betsson,h2h,New England Patriots,,1.5
2026-10-08T07:08:14Z,scheduled,6b024bad1abb54f597225e4ab9b39d89,2026-10-11T17:00:00Z,New England Patriots,Las Vegas Raiders,betsson,spreads,Las Vegas Raiders,3.5,1.86
2026-10-08T07:08:14Z,scheduled,6b024bad1abb54f597225e4ab9b39d89,2026-10-11T17:00:00Z,New England Patriots,Las Vegas Raiders,betsson,spreads,New England Patriots,-3.5,1.94
2026-10-08T07:08:14Z,scheduled,6b024bad1abb54f597225e4ab9b39d89,2026-10-11T17:00:00Z,New England Patriots,Las Vegas Raiders,betsson,totals,Over,44.5,1.86
2026-10-08T07:08:14Z,scheduled,6b024bad1abb54f597225e4ab9b39d89,2026-10-11T17:00:00Z,New England Patriots,Las Vegas Raiders,betsson,totals,Under,44.5,1.94
2026-10-08T07:08:14Z,scheduled,6b024bad1abb54f597225e4ab9b39d89,2026-10-11T17:00:00Z,New England Patriots,Las Vegas Raiders,matchbook,h2h,Las Vegas Raiders,,2.7
2026-10-08T07:08:14Z,scheduled,6b024bad1abb54f597225e4ab9b39d89,2026-10-11T17:00:00Z,New England Patriots,Las Vegas Raiders,matchbook,h2h,New England Patriots,,1.58
2026-10-08T07:08:14Z,scheduled,6b024bad1abb54f597225e4ab9b39d89,2026-10-11T17:00:00Z,New England Patriots,Las Vegas Raiders,matchbook,h2h_lay,Las Vegas Raiders,,2.74
2026-10-08T07:08:14Z,scheduled,6b024bad1abb54f597225e4ab9b39d89,2026-10-11T17:00:00Z,New England Patriots,Las Vegas Raiders,matchbook,h2h_lay,New England Patriots,,1.59
2026-10-08T07:08:14Z,scheduled,6b024bad1abb54f597225e4ab9b39d89,2026-10-11T17:00:00Z,New England Patriots,Las Vegas Raiders,matchbook,spreads,Las Vegas Raiders,3.5,1.97
2026-10-08T07:08:14Z,scheduled,6b024bad1abb54f597225e4ab9b39d89,2026-10-11T17:00:00Z,New England Patriots,Las Vegas Raiders,matchbook,spreads,New England Patriots,-3.5,1.99
2026-10-08T07:08:14Z,scheduled,6b024bad1abb54f597225e4ab9b39d89,2026-10-11T17:00:00Z,New England Patriots,Las Vegas Raiders,matchbook,totals,Over,45.0,1.94
2026-10-08T07:08:14Z,scheduled,6b024bad1abb54f597225e4ab9b39d89,2026-10-11T17:00:00Z,New England Patriots,Las Vegas Raiders,matchbook,totals,Under,45.0,1.95
2026-10-08T07:08:14Z,scheduled,6b024bad1abb54f597225e4ab9b39d89,2026-10-11T17:00:00Z,New England Patriots,Las Vegas Raiders,betmgm,h2h,Las Vegas Raiders,,2.65
2026-10-08T07:08:14Z,scheduled,6b024bad1abb54f597225e4ab9b39d89,2026-10-11T17:00:00Z,New England Patriots,Las Vegas Raiders,betmgm,h2h,New England Patriots,,1.5
2026-10-08T07:08:14Z,scheduled,6b024bad1abb54f597225e4ab9b39d89,2026-10-11T17:00:00Z,New England Patriots,Las Vegas Raiders,betmgm,spreads,Las Vegas Raiders,3.5,1.91
2026-10-08T07:08:14Z,scheduled,6b024bad1abb54f597225e4ab9b39d89,2026-10-11T17:00:00Z,New England Patriots,Las Vegas Raiders,betmgm,spreads,New England Patriots,-3.5,1.93
2026-10-08T07:08:14Z,scheduled,6b024bad1abb54f597225e4ab9b39d89,2026-10-11T17:00:00Z,New England Patriots,Las Vegas Raiders,betmgm,totals,Over,45.0,1.93
2026-10-08T07:08:14Z,scheduled,6b024bad1abb54f597225e4ab9b39d89,2026-10-11T17:00:00Z,New England Patriots,Las Vegas Raiders,betmgm,totals,Under,45.0,1.91
2026-10-08T07:08:14Z,scheduled,6b024bad1abb54f597225e4ab9b39d89,2026-10-11T17:00:00Z,New England Patriots,Las Vegas Raiders,pinnacle,h2h,Las Vegas Raiders,,2.6
2026-10-08T07:08:14Z,scheduled,6b024bad1abb54f597225e4ab9b39d89,2026-10-11T17:00:00Z,New England Patriots,Las Vegas Raiders,pinnacle,h2h,New England Patriots,,1.55
2026-10-08T07:08:14Z,scheduled,6b024bad1abb54f597225e4ab9b39d89,2026-10-11T17:00:00Z,New England Patriots,Las Vegas Raiders,pinnacle,spreads,Las Vegas Raiders,4.0,1.87
2026-10-08T07:08:14Z,scheduled,6b024bad1abb54f597225e4ab9b39d89,2026-10-11T17:00:00Z,New England Patriots,Las Vegas Raiders,pinnacle,spreads,New England Patriots,-4.0,2.02
2026-10-08T07:08:14Z,scheduled,6b024bad1abb54f597225e4ab9b39d89,2026-10-11T17:00:00Z,New England Patriots,Las Vegas Raiders,pinnacle,totals,Over,45.0,1.93
2026-10-08T07:08:14Z,scheduled,6b024bad1abb54f597225e4ab9b39d89,2026-10-11T17:00:00Z,New England Patriots,Las Vegas Raiders,pinnacle,totals,Under,45.0,1.94
2026-10-08T07:08:14Z,scheduled,6b024bad1abb54f597225e4ab9b39d89,2026-10-11T17:00:00Z,New England Patriots,Las Vegas Raiders,coolbet,h2h,Las Vegas Raiders,,2.65
2026-10-08T07:08:14Z,scheduled,6b024bad1abb54f597225e4ab9b39d89,2026-10-11T17:00:00Z,New England Patriots,Las Vegas Raiders,coolbet,h2h,New England Patriots,,1.51
2026-10-08T07:08:14Z,scheduled,6b024bad1abb54f597225e4ab9b39d89,2026-10-11T17:00:00Z,New England Patriots,Las Vegas Raiders,coolbet,spreads,Las Vegas Raiders,3.5,1.89
2026-10-08T07:08:14Z,scheduled,6b024bad1abb54f597225e4ab9b39d89,2026-10-11T17:00:00Z,New England Patriots,Las Vegas Raiders,coolbet,spreads,New England Patriots,-3.5,1.96
2026-10-08T07:08:14Z,scheduled,6b024bad1abb54f597225e4ab9b39d89,2026-10-11T17:00:00Z,New England Patriots,Las Vegas Raiders,coolbet,totals,Over,45.0,1.92
2026-10-08T07:08:14Z,scheduled,6b024bad1abb54f597225e4ab9b39d89,2026-10-11T17:00:00Z,New England Patriots,Las Vegas Raiders,coolbet,totals,Under,45.0,1.92
2026-10-08T07:08:14Z,scheduled,6b024bad1abb54f597225e4ab9b39d89,2026-10-11T17:00:00Z,New England Patriots,Las Vegas Raiders,betfair_ex_eu,h2h,Las Vegas Raiders,,2.7
2026-10-08T07:08:14Z,scheduled,6b024bad1abb54f597225e4ab9b39d89,2026-10-11T17:00:00Z,New England Patriots,Las Vegas Raiders,betfair_ex_eu,h2h,New England Patriots,,1.58
2026-10-08T07:08:14Z,scheduled,6b024bad1abb54f597225e4ab9b39d89,2026-10-11T17:00:00Z,New England Patriots,Las Vegas Raiders,betfair_ex_eu,h2h_lay,Las Vegas Raiders,,2.74
2026-10-08T07:08:14Z,scheduled,6b024bad1abb54f597225e4ab9b39d89,2026-10-11T17:00:00Z,New England Patriots,Las Vegas Raiders,betfair_ex_eu,h2h_lay,New England Patriots,,1.59
2026-10-08T07:08:14Z,scheduled,2cda9bf0fbe35a2735f0dd8aaafe9eff,2026-10-11T17:00:00Z,New Orleans Saints,Minnesota Vikings,draftkings,h2h,Minnesota Vikings,,1.77
2026-10-08T07:08:14Z,scheduled,2cda9bf0fbe35a2735f0dd8aaafe9eff,2026-10-11T17:00:00Z,New Orleans Saints,Minnesota Vikings,draftkings,h2h,New Orleans Saints,,2.1
2026-10-08T07:08:14Z,scheduled,2cda9bf0fbe35a2735f0dd8aaafe9eff,2026-10-11T17:00:00Z,New Orleans Saints,Minnesota Vikings,draftkings,spreads,Minnesota Vikings,-1.5,1.87
2026-10-08T07:08:14Z,scheduled,2cda9bf0fbe35a2735f0dd8aaafe9eff,2026-10-11T17:00:00Z,New Orleans Saints,Minnesota Vikings,draftkings,spreads,New Orleans Saints,1.5,1.95
2026-10-08T07:08:14Z,scheduled,2cda9bf0fbe35a2735f0dd8aaafe9eff,2026-10-11T17:00:00Z,New Orleans Saints,Minnesota Vikings,draftkings,totals,Over,42.5,1.93
2026-10-08T07:08:14Z,scheduled,2cda9bf0fbe35a2735f0dd8aaafe9eff,2026-10-11T17:00:00Z,New Orleans Saints,Minnesota Vikings,draftkings,totals,Under,42.5,1.89
2026-10-08T07:08:14Z,scheduled,2cda9bf0fbe35a2735f0dd8aaafe9eff,2026-10-11T17:00:00Z,New Orleans Saints,Minnesota Vikings,fanduel,h2h,Minnesota Vikings,,1.75
2026-10-08T07:08:14Z,scheduled,2cda9bf0fbe35a2735f0dd8aaafe9eff,2026-10-11T17:00:00Z,New Orleans Saints,Minnesota Vikings,fanduel,h2h,New Orleans Saints,,2.14
2026-10-08T07:08:14Z,scheduled,2cda9bf0fbe35a2735f0dd8aaafe9eff,2026-10-11T17:00:00Z,New Orleans Saints,Minnesota Vikings,fanduel,spreads,Minnesota Vikings,-1.5,1.85
2026-10-08T07:08:14Z,scheduled,2cda9bf0fbe35a2735f0dd8aaafe9eff,2026-10-11T17:00:00Z,New Orleans Saints,Minnesota Vikings,fanduel,spreads,New Orleans Saints,1.5,1.96
2026-10-08T07:08:14Z,scheduled,2cda9bf0fbe35a2735f0dd8aaafe9eff,2026-10-11T17:00:00Z,New Orleans Saints,Minnesota Vikings,fanduel,totals,Over,42.5,1.95
2026-10-08T07:08:14Z,scheduled,2cda9bf0fbe35a2735f0dd8aaafe9eff,2026-10-11T17:00:00Z,New Orleans Saints,Minnesota Vikings,fanduel,totals,Under,42.5,1.87
2026-10-08T07:08:14Z,scheduled,2cda9bf0fbe35a2735f0dd8aaafe9eff,2026-10-11T17:00:00Z,New Orleans Saints,Minnesota Vikings,betrivers,h2h,Minnesota Vikings,,1.77
2026-10-08T07:08:14Z,scheduled,2cda9bf0fbe35a2735f0dd8aaafe9eff,2026-10-11T17:00:00Z,New Orleans Saints,Minnesota Vikings,betrivers,h2h,New Orleans Saints,,2.08
2026-10-08T07:08:14Z,scheduled,2cda9bf0fbe35a2735f0dd8aaafe9eff,2026-10-11T17:00:00Z,New Orleans Saints,Minnesota Vikings,betrivers,spreads,Minnesota Vikings,-2.0,1.89
2026-10-08T07:08:14Z,scheduled,2cda9bf0fbe35a2735f0dd8aaafe9eff,2026-10-11T17:00:00Z,New Orleans Saints,Minnesota Vikings,betrivers,spreads,New Orleans Saints,2.0,1.92
2026-10-08T07:08:14Z,scheduled,2cda9bf0fbe35a2735f0dd8aaafe9eff,2026-10-11T17:00:00Z,New Orleans Saints,Minnesota Vikings,betrivers,totals,Over,42.0,1.91
2026-10-08T07:08:14Z,scheduled,2cda9bf0fbe35a2735f0dd8aaafe9eff,2026-10-11T17:00:00Z,New Orleans Saints,Minnesota Vikings,betrivers,totals,Under,42.0,1.91
2026-10-08T07:08:14Z,scheduled,2cda9bf0fbe35a2735f0dd8aaafe9eff,2026-10-11T17:00:00Z,New Orleans Saints,Minnesota Vikings,betsson,h2h,Minnesota Vikings,,1.73
2026-10-08T07:08:14Z,scheduled,2cda9bf0fbe35a2735f0dd8aaafe9eff,2026-10-11T17:00:00Z,New Orleans Saints,Minnesota Vikings,betsson,h2h,New Orleans Saints,,2.1
2026-10-08T07:08:14Z,scheduled,2cda9bf0fbe35a2735f0dd8aaafe9eff,2026-10-11T17:00:00Z,New Orleans Saints,Minnesota Vikings,betsson,spreads,Minnesota Vikings,-2.5,1.94
2026-10-08T07:08:14Z,scheduled,2cda9bf0fbe35a2735f0dd8aaafe9eff,2026-10-11T17:00:00Z,New Orleans Saints,Minnesota Vikings,betsson,spreads,New Orleans Saints,2.5,1.86
2026-10-08T07:08:14Z,scheduled,2cda9bf0fbe35a2735f0dd8aaafe9eff,2026-10-11T17:00:00Z,New Orleans Saints,Minnesota Vikings,betsson,totals,Over,41.5,1.9
2026-10-08T07:08:14Z,scheduled,2cda9bf0fbe35a2735f0dd8aaafe9eff,2026-10-11T17:00:00Z,New Orleans Saints,Minnesota Vikings,betsson,totals,Under,41.5,1.9
2026-10-08T07:08:14Z,scheduled,2cda9bf0fbe35a2735f0dd8aaafe9eff,2026-10-11T17:00:00Z,New Orleans Saints,Minnesota Vikings,matchbook,h2h,Minnesota Vikings,,1.79
2026-10-08T07:08:14Z,scheduled,2cda9bf0fbe35a2735f0dd8aaafe9eff,2026-10-11T17:00:00Z,New Orleans Saints,Minnesota Vikings,matchbook,h2h,New Orleans Saints,,2.24
2026-10-08T07:08:14Z,scheduled,2cda9bf0fbe35a2735f0dd8aaafe9eff,2026-10-11T17:00:00Z,New Orleans Saints,Minnesota Vikings,matchbook,h2h_lay,Minnesota Vikings,,1.81
2026-10-08T07:08:14Z,scheduled,2cda9bf0fbe35a2735f0dd8aaafe9eff,2026-10-11T17:00:00Z,New Orleans Saints,Minnesota Vikings,matchbook,h2h_lay,New Orleans Saints,,2.26
2026-10-08T07:08:14Z,scheduled,2cda9bf0fbe35a2735f0dd8aaafe9eff,2026-10-11T17:00:00Z,New Orleans Saints,Minnesota Vikings,matchbook,spreads,Minnesota Vikings,-2.5,1.96
2026-10-08T07:08:14Z,scheduled,2cda9bf0fbe35a2735f0dd8aaafe9eff,2026-10-11T17:00:00Z,New Orleans Saints,Minnesota Vikings,matchbook,spreads,New Orleans Saints,2.5,1.94
2026-10-08T07:08:14Z,scheduled,2cda9bf0fbe35a2735f0dd8aaafe9eff,2026-10-11T17:00:00Z,New Orleans Saints,Minnesota Vikings,matchbook,totals,Over,42.0,1.98
2026-10-08T07:08:14Z,scheduled,2cda9bf0fbe35a2735f0dd8aaafe9eff,2026-10-11T17:00:00Z,New Orleans Saints,Minnesota Vikings,matchbook,totals,Under,42.0,1.91
2026-10-08T07:08:14Z,scheduled,2cda9bf0fbe35a2735f0dd8aaafe9eff,2026-10-11T17:00:00Z,New Orleans Saints,Minnesota Vikings,betmgm,h2h,Minnesota Vikings,,1.77
2026-10-08T07:08:14Z,scheduled,2cda9bf0fbe35a2735f0dd8aaafe9eff,2026-10-11T17:00:00Z,New Orleans Saints,Minnesota Vikings,betmgm,h2h,New Orleans Saints,,2.1
2026-10-08T07:08:14Z,scheduled,2cda9bf0fbe35a2735f0dd8aaafe9eff,2026-10-11T17:00:00Z,New Orleans Saints,Minnesota Vikings,betmgm,spreads,Minnesota Vikings,-2.0,1.93
2026-10-08T07:08:14Z,scheduled,2cda9bf0fbe35a2735f0dd8aaafe9eff,2026-10-11T17:00:00Z,New Orleans Saints,Minnesota Vikings,betmgm,spreads,New Orleans Saints,2.0,1.91
2026-10-08T07:08:14Z,scheduled,2cda9bf0fbe35a2735f0dd8aaafe9eff,2026-10-11T17:00:00Z,New Orleans Saints,Minnesota Vikings,betmgm,totals,Over,42.0,1.91
2026-10-08T07:08:14Z,scheduled,2cda9bf0fbe35a2735f0dd8aaafe9eff,2026-10-11T17:00:00Z,New Orleans Saints,Minnesota Vikings,betmgm,totals,Under,42.0,1.93
2026-10-08T07:08:14Z,scheduled,2cda9bf0fbe35a2735f0dd8aaafe9eff,2026-10-11T17:00:00Z,New Orleans Saints,Minnesota Vikings,coolbet,h2h,Minnesota Vikings,,1.75
2026-10-08T07:08:14Z,scheduled,2cda9bf0fbe35a2735f0dd8aaafe9eff,2026-10-11T17:00:00Z,New Orleans Saints,Minnesota Vikings,coolbet,h2h,New Orleans Saints,,2.13
2026-10-08T07:08:14Z,scheduled,2cda9bf0fbe35a2735f0dd8aaafe9eff,2026-10-11T17:00:00Z,New Orleans Saints,Minnesota Vikings,coolbet,spreads,Minnesota Vikings,-2.0,1.9
2026-10-08T07:08:14Z,scheduled,2cda9bf0fbe35a2735f0dd8aaafe9eff,2026-10-11T17:00:00Z,New Orleans Saints,Minnesota Vikings,coolbet,spreads,New Orleans Saints,2.0,1.95
2026-10-08T07:08:14Z,scheduled,2cda9bf0fbe35a2735f0dd8aaafe9eff,2026-10-11T17:00:00Z,New Orleans Saints,Minnesota Vikings,coolbet,totals,Over,41.5,1.91
2026-10-08T07:08:14Z,scheduled,2cda9bf0fbe35a2735f0dd8aaafe9eff,2026-10-11T17:00:00Z,New Orleans Saints,Minnesota Vikings,coolbet,totals,Under,41.5,1.93
2026-10-08T07:08:14Z,scheduled,2cda9bf0fbe35a2735f0dd8aaafe9eff,2026-10-11T17:00:00Z,New Orleans Saints,Minnesota Vikings,betfair_ex_eu,h2h,Minnesota Vikings,,1.79
2026-10-08T07:08:14Z,scheduled,2cda9bf0fbe35a2735f0dd8aaafe9eff,2026-10-11T17:00:00Z,New Orleans Saints,Minnesota Vikings,betfair_ex_eu,h2h,New Orleans Saints,,2.24
2026-10-08T07:08:14Z,scheduled,2cda9bf0fbe35a2735f0dd8aaafe9eff,2026-10-11T17:00:00Z,New Orleans Saints,Minnesota Vikings,betfair_ex_eu,h2h_lay,Minnesota Vikings,,1.81
2026-10-08T07:08:14Z,scheduled,2cda9bf0fbe35a2735f0dd8aaafe9eff,2026-10-11T17:00:00Z,New Orleans Saints,Minnesota Vikings,betfair_ex_eu,h2h_lay,New Orleans Saints,,2.26
2026-10-08T07:08:14Z,scheduled,2cda9bf0fbe35a2735f0dd8aaafe9eff,2026-10-11T17:00:00Z,New Orleans Saints,Minnesota Vikings,pinnacle,h2h,Minnesota Vikings,,1.75
2026-10-08T07:08:14Z,scheduled,2cda9bf0fbe35a2735f0dd8aaafe9eff,2026-10-11T17:00:00Z,New Orleans Saints,Minnesota Vikings,pinnacle,h2h,New Orleans Saints,,2.19
2026-10-08T07:08:14Z,scheduled,2cda9bf0fbe35a2735f0dd8aaafe9eff,2026-10-11T17:00:00Z,New Orleans Saints,Minnesota Vikings,pinnacle,spreads,Minnesota Vikings,-2.0,1.91
2026-10-08T07:08:14Z,scheduled,2cda9bf0fbe35a2735f0dd8aaafe9eff,2026-10-11T17:00:00Z,New Orleans Saints,Minnesota Vikings,pinnacle,spreads,New Orleans Saints,2.0,1.97
2026-10-08T07:08:14Z,scheduled,2cda9bf0fbe35a2735f0dd8aaafe9eff,2026-10-11T17:00:00Z,New Orleans Saints,Minnesota Vikings,pinnacle,totals,Over,42.0,1.98
2026-10-08T07:08:14Z,scheduled,2cda9bf0fbe35a2735f0dd8aaafe9eff,2026-10-11T17:00:00Z,New Orleans Saints,Minnesota Vikings,pinnacle,totals,Under,42.0,1.89
2026-10-08T07:08:14Z,scheduled,fbffd0b7722fd81d68d5d62472dc80e8,2026-10-11T17:00:00Z,Washington Commanders,New York Giants,draftkings,h2h,New York Giants,,2.5
2026-10-08T07:08:14Z,scheduled,fbffd0b7722fd81d68d5d62472dc80e8,2026-10-11T17:00:00Z,Washington Commanders,New York Giants,draftkings,h2h,Washington Commanders,,1.56
2026-10-08T07:08:14Z,scheduled,fbffd0b7722fd81d68d5d62472dc80e8,2026-10-11T17:00:00Z,Washington Commanders,New York Giants,draftkings,spreads,New York Giants,3.5,1.93
2026-10-08T07:08:14Z,scheduled,fbffd0b7722fd81d68d5d62472dc80e8,2026-10-11T17:00:00Z,Washington Commanders,New York Giants,draftkings,spreads,Washington Commanders,-3.5,1.89
2026-10-08T07:08:14Z,scheduled,fbffd0b7722fd81d68d5d62472dc80e8,2026-10-11T17:00:00Z,Washington Commanders,New York Giants,draftkings,totals,Over,42.5,1.95
2026-10-08T07:08:14Z,scheduled,fbffd0b7722fd81d68d5d62472dc80e8,2026-10-11T17:00:00Z,Washington Commanders,New York Giants,draftkings,totals,Under,42.5,1.87
2026-10-08T07:08:14Z,scheduled,fbffd0b7722fd81d68d5d62472dc80e8,2026-10-11T17:00:00Z,Washington Commanders,New York Giants,betsson,h2h,New York Giants,,2.56
2026-10-08T07:08:14Z,scheduled,fbffd0b7722fd81d68d5d62472dc80e8,2026-10-11T17:00:00Z,Washington Commanders,New York Giants,betsson,h2h,Washington Commanders,,1.51
2026-10-08T07:08:14Z,scheduled,fbffd0b7722fd81d68d5d62472dc80e8,2026-10-11T17:00:00Z,Washington Commanders,New York Giants,betsson,spreads,New York Giants,3.5,1.9
2026-10-08T07:08:14Z,scheduled,fbffd0b7722fd81d68d5d62472dc80e8,2026-10-11T17:00:00Z,Washington Commanders,New York Giants,betsson,spreads,Washington Commanders,-3.5,1.9
2026-10-08T07:08:14Z,scheduled,fbffd0b7722fd81d68d5d62472dc80e8,2026-10-11T17:00:00Z,Washington Commanders,New York Giants,betsson,totals,Over,42.5,1.92
2026-10-08T07:08:14Z,scheduled,fbffd0b7722fd81d68d5d62472dc80e8,2026-10-11T17:00:00Z,Washington Commanders,New York Giants,betsson,totals,Under,42.5,1.88
2026-10-08T07:08:14Z,scheduled,fbffd0b7722fd81d68d5d62472dc80e8,2026-10-11T17:00:00Z,Washington Commanders,New York Giants,fanduel,h2h,New York Giants,,2.66
2026-10-08T07:08:14Z,scheduled,fbffd0b7722fd81d68d5d62472dc80e8,2026-10-11T17:00:00Z,Washington Commanders,New York Giants,fanduel,h2h,Washington Commanders,,1.51
2026-10-08T07:08:14Z,scheduled,fbffd0b7722fd81d68d5d62472dc80e8,2026-10-11T17:00:00Z,Washington Commanders,New York Giants,fanduel,spreads,New York Giants,3.5,1.96
2026-10-08T07:08:14Z,scheduled,fbffd0b7722fd81d68d5d62472dc80e8,2026-10-11T17:00:00Z,Washington Commanders,New York Giants,fanduel,spreads,Washington Commanders,-3.5,1.85
2026-10-08T07:08:14Z,scheduled,fbffd0b7722fd81d68d5d62472dc80e8,2026-10-11T17:00:00Z,Washington Commanders,New York Giants,fanduel,totals,Over,42.5,1.87
2026-10-08T07:08:14Z,scheduled,fbffd0b7722fd81d68d5d62472dc80e8,2026-10-11T17:00:00Z,Washington Commanders,New York Giants,fanduel,totals,Under,42.5,1.95
2026-10-08T07:08:14Z,scheduled,fbffd0b7722fd81d68d5d62472dc80e8,2026-10-11T17:00:00Z,Washington Commanders,New York Giants,betrivers,h2h,New York Giants,,2.55
2026-10-08T07:08:14Z,scheduled,fbffd0b7722fd81d68d5d62472dc80e8,2026-10-11T17:00:00Z,Washington Commanders,New York Giants,betrivers,h2h,Washington Commanders,,1.53
2026-10-08T07:08:14Z,scheduled,fbffd0b7722fd81d68d5d62472dc80e8,2026-10-11T17:00:00Z,Washington Commanders,New York Giants,betrivers,spreads,New York Giants,3.5,1.93
2026-10-08T07:08:14Z,scheduled,fbffd0b7722fd81d68d5d62472dc80e8,2026-10-11T17:00:00Z,Washington Commanders,New York Giants,betrivers,spreads,Washington Commanders,-3.5,1.88
2026-10-08T07:08:14Z,scheduled,fbffd0b7722fd81d68d5d62472dc80e8,2026-10-11T17:00:00Z,Washington Commanders,New York Giants,betrivers,totals,Over,43.0,1.89
2026-10-08T07:08:14Z,scheduled,fbffd0b7722fd81d68d5d62472dc80e8,2026-10-11T17:00:00Z,Washington Commanders,New York Giants,betrivers,totals,Under,43.0,1.92
2026-10-08T07:08:14Z,scheduled,fbffd0b7722fd81d68d5d62472dc80e8,2026-10-11T17:00:00Z,Washington Commanders,New York Giants,matchbook,h2h,New York Giants,,2.72
2026-10-08T07:08:14Z,scheduled,fbffd0b7722fd81d68d5d62472dc80e8,2026-10-11T17:00:00Z,Washington Commanders,New York Giants,matchbook,h2h,Washington Commanders,,1.57
2026-10-08T07:08:14Z,scheduled,fbffd0b7722fd81d68d5d62472dc80e8,2026-10-11T17:00:00Z,Washington Commanders,New York Giants,matchbook,h2h_lay,New York Giants,,2.74
2026-10-08T07:08:14Z,scheduled,fbffd0b7722fd81d68d5d62472dc80e8,2026-10-11T17:00:00Z,Washington Commanders,New York Giants,matchbook,h2h_lay,Washington Commanders,,1.58
2026-10-08T07:08:14Z,scheduled,fbffd0b7722fd81d68d5d62472dc80e8,2026-10-11T17:00:00Z,Washington Commanders,New York Giants,matchbook,spreads,New York Giants,3.5,1.98
2026-10-08T07:08:14Z,scheduled,fbffd0b7722fd81d68d5d62472dc80e8,2026-10-11T17:00:00Z,Washington Commanders,New York Giants,matchbook,spreads,Washington Commanders,-3.5,1.92
2026-10-08T07:08:14Z,scheduled,fbffd0b7722fd81d68d5d62472dc80e8,2026-10-11T17:00:00Z,Washington Commanders,New York Giants,matchbook,totals,Over,42.0,1.93
2026-10-08T07:08:14Z,scheduled,fbffd0b7722fd81d68d5d62472dc80e8,2026-10-11T17:00:00Z,Washington Commanders,New York Giants,matchbook,totals,Under,42.0,1.96
2026-10-08T07:08:14Z,scheduled,fbffd0b7722fd81d68d5d62472dc80e8,2026-10-11T17:00:00Z,Washington Commanders,New York Giants,betmgm,h2h,New York Giants,,2.55
2026-10-08T07:08:14Z,scheduled,fbffd0b7722fd81d68d5d62472dc80e8,2026-10-11T17:00:00Z,Washington Commanders,New York Giants,betmgm,h2h,Washington Commanders,,1.53
2026-10-08T07:08:14Z,scheduled,fbffd0b7722fd81d68d5d62472dc80e8,2026-10-11T17:00:00Z,Washington Commanders,New York Giants,betmgm,spreads,New York Giants,3.5,1.95
2026-10-08T07:08:14Z,scheduled,fbffd0b7722fd81d68d5d62472dc80e8,2026-10-11T17:00:00Z,Washington Commanders,New York Giants,betmgm,spreads,Washington Commanders,-3.5,1.89
2026-10-08T07:08:14Z,scheduled,fbffd0b7722fd81d68d5d62472dc80e8,2026-10-11T17:00:00Z,Washington Commanders,New York Giants,betmgm,totals,Over,42.5,1.89
2026-10-08T07:08:14Z,scheduled,fbffd0b7722fd81d68d5d62472dc80e8,2026-10-11T17:00:00Z,Washington Commanders,New York Giants,betmgm,totals,Under,42.5,1.85
2026-10-08T07:08:14Z,scheduled,fbffd0b7722fd81d68d5d62472dc80e8,2026-10-11T17:00:00Z,Washington Commanders,New York Giants,pinnacle,h2h,New York Giants,,2.71
2026-10-08T07:08:14Z,scheduled,fbffd0b7722fd81d68d5d62472dc80e8,2026-10-11T17:00:00Z,Washington Commanders,New York Giants,pinnacle,h2h,Washington Commanders,,1.51
2026-10-08T07:08:14Z,scheduled,fbffd0b7722fd81d68d5d62472dc80e8,2026-10-11T17:00:00Z,Washington Commanders,New York Giants,pinnacle,spreads,New York Giants,3.5,1.98
2026-10-08T07:08:14Z,scheduled,fbffd0b7722fd81d68d5d62472dc80e8,2026-10-11T17:00:00Z,Washington Commanders,New York Giants,pinnacle,spreads,Washington Commanders,-3.5,1.91
2026-10-08T07:08:14Z,scheduled,fbffd0b7722fd81d68d5d62472dc80e8,2026-10-11T17:00:00Z,Washington Commanders,New York Giants,pinnacle,totals,Over,42.0,1.91
2026-10-08T07:08:14Z,scheduled,fbffd0b7722fd81d68d5d62472dc80e8,2026-10-11T17:00:00Z,Washington Commanders,New York Giants,pinnacle,totals,Under,42.0,1.96
2026-10-08T07:08:14Z,scheduled,fbffd0b7722fd81d68d5d62472dc80e8,2026-10-11T17:00:00Z,Washington Commanders,New York Giants,coolbet,h2h,New York Giants,,2.58
2026-10-08T07:08:14Z,scheduled,fbffd0b7722fd81d68d5d62472dc80e8,2026-10-11T17:00:00Z,Washington Commanders,New York Giants,coolbet,h2h,Washington Commanders,,1.53
2026-10-08T07:08:14Z,scheduled,fbffd0b7722fd81d68d5d62472dc80e8,2026-10-11T17:00:00Z,Washington Commanders,New York Giants,coolbet,spreads,New York Giants,3.5,1.91
2026-10-08T07:08:14Z,scheduled,fbffd0b7722fd81d68d5d62472dc80e8,2026-10-11T17:00:00Z,Washington Commanders,New York Giants,coolbet,spreads,Washington Commanders,-3.5,1.93
2026-10-08T07:08:14Z,scheduled,fbffd0b7722fd81d68d5d62472dc80e8,2026-10-11T17:00:00Z,Washington Commanders,New York Giants,coolbet,totals,Over,42.0,1.91
2026-10-08T07:08:14Z,scheduled,fbffd0b7722fd81d68d5d62472dc80e8,2026-10-11T17:00:00Z,Washington Commanders,New York Giants,coolbet,totals,Under,42.0,1.93
2026-10-08T07:08:14Z,scheduled,fbffd0b7722fd81d68d5d62472dc80e8,2026-10-11T17:00:00Z,Washington Commanders,New York Giants,betfair_ex_eu,h2h,New York Giants,,2.72
2026-10-08T07:08:14Z,scheduled,fbffd0b7722fd81d68d5d62472dc80e8,2026-10-11T17:00:00Z,Washington Commanders,New York Giants,betfair_ex_eu,h2h,Washington Commanders,,1.57
2026-10-08T07:08:14Z,scheduled,fbffd0b7722fd81d68d5d62472dc80e8,2026-10-11T17:00:00Z,Washington Commanders,New York Giants,betfair_ex_eu,h2h_lay,New York Giants,,2.76
2026-10-08T07:08:14Z,scheduled,fbffd0b7722fd81d68d5d62472dc80e8,2026-10-11T17:00:00Z,Washington Commanders,New York Giants,betfair_ex_eu,h2h_lay,Washington Commanders,,1.58
2026-10-08T07:08:14Z,scheduled,d1d408fdfd272046fb517fe992a1c5a0,2026-10-11T20:05:00Z,Los Angeles Chargers,Denver Broncos,draftkings,h2h,Denver Broncos,,1.54
2026-10-08T07:08:14Z,scheduled,d1d408fdfd272046fb517fe992a1c5a0,2026-10-11T20:05:00Z,Los Angeles Chargers,Denver Broncos,draftkings,h2h,Los Angeles Chargers,,2.54
2026-10-08T07:08:14Z,scheduled,d1d408fdfd272046fb517fe992a1c5a0,2026-10-11T20:05:00Z,Los Angeles Chargers,Denver Broncos,draftkings,spreads,Denver Broncos,-3.5,1.91
2026-10-08T07:08:14Z,scheduled,d1d408fdfd272046fb517fe992a1c5a0,2026-10-11T20:05:00Z,Los Angeles Chargers,Denver Broncos,draftkings,spreads,Los Angeles Chargers,3.5,1.91
2026-10-08T07:08:14Z,scheduled,d1d408fdfd272046fb517fe992a1c5a0,2026-10-11T20:05:00Z,Los Angeles Chargers,Denver Broncos,draftkings,totals,Over,41.5,1.87
2026-10-08T07:08:14Z,scheduled,d1d408fdfd272046fb517fe992a1c5a0,2026-10-11T20:05:00Z,Los Angeles Chargers,Denver Broncos,draftkings,totals,Under,41.5,1.95
2026-10-08T07:08:14Z,scheduled,d1d408fdfd272046fb517fe992a1c5a0,2026-10-11T20:05:00Z,Los Angeles Chargers,Denver Broncos,fanduel,h2h,Denver Broncos,,1.56
2026-10-08T07:08:14Z,scheduled,d1d408fdfd272046fb517fe992a1c5a0,2026-10-11T20:05:00Z,Los Angeles Chargers,Denver Broncos,fanduel,h2h,Los Angeles Chargers,,2.52
2026-10-08T07:08:14Z,scheduled,d1d408fdfd272046fb517fe992a1c5a0,2026-10-11T20:05:00Z,Los Angeles Chargers,Denver Broncos,fanduel,spreads,Denver Broncos,-3.5,1.96
2026-10-08T07:08:14Z,scheduled,d1d408fdfd272046fb517fe992a1c5a0,2026-10-11T20:05:00Z,Los Angeles Chargers,Denver Broncos,fanduel,spreads,Los Angeles Chargers,3.5,1.85
2026-10-08T07:08:14Z,scheduled,d1d408fdfd272046fb517fe992a1c5a0,2026-10-11T20:05:00Z,Los Angeles Chargers,Denver Broncos,fanduel,totals,Over,42.5,1.94
2026-10-08T07:08:14Z,scheduled,d1d408fdfd272046fb517fe992a1c5a0,2026-10-11T20:05:00Z,Los Angeles Chargers,Denver Broncos,fanduel,totals,Under,42.5,1.88
2026-10-08T07:08:14Z,scheduled,d1d408fdfd272046fb517fe992a1c5a0,2026-10-11T20:05:00Z,Los Angeles Chargers,Denver Broncos,betrivers,h2h,Denver Broncos,,1.53
2026-10-08T07:08:14Z,scheduled,d1d408fdfd272046fb517fe992a1c5a0,2026-10-11T20:05:00Z,Los Angeles Chargers,Denver Broncos,betrivers,h2h,Los Angeles Chargers,,2.55
2026-10-08T07:08:14Z,scheduled,d1d408fdfd272046fb517fe992a1c5a0,2026-10-11T20:05:00Z,Los Angeles Chargers,Denver Broncos,betrivers,spreads,Denver Broncos,-3.5,1.91
2026-10-08T07:08:14Z,scheduled,d1d408fdfd272046fb517fe992a1c5a0,2026-10-11T20:05:00Z,Los Angeles Chargers,Denver Broncos,betrivers,spreads,Los Angeles Chargers,3.5,1.91
2026-10-08T07:08:14Z,scheduled,d1d408fdfd272046fb517fe992a1c5a0,2026-10-11T20:05:00Z,Los Angeles Chargers,Denver Broncos,betrivers,totals,Over,42.5,1.93
2026-10-08T07:08:14Z,scheduled,d1d408fdfd272046fb517fe992a1c5a0,2026-10-11T20:05:00Z,Los Angeles Chargers,Denver Broncos,betrivers,totals,Under,42.5,1.88
2026-10-08T07:08:14Z,scheduled,d1d408fdfd272046fb517fe992a1c5a0,2026-10-11T20:05:00Z,Los Angeles Chargers,Denver Broncos,betsson,h2h,Denver Broncos,,1.53
2026-10-08T07:08:14Z,scheduled,d1d408fdfd272046fb517fe992a1c5a0,2026-10-11T20:05:00Z,Los Angeles Chargers,Denver Broncos,betsson,h2h,Los Angeles Chargers,,2.5
2026-10-08T07:08:14Z,scheduled,d1d408fdfd272046fb517fe992a1c5a0,2026-10-11T20:05:00Z,Los Angeles Chargers,Denver Broncos,betsson,spreads,Denver Broncos,-3.5,1.98
2026-10-08T07:08:14Z,scheduled,d1d408fdfd272046fb517fe992a1c5a0,2026-10-11T20:05:00Z,Los Angeles Chargers,Denver Broncos,betsson,spreads,Los Angeles Chargers,3.5,1.83
2026-10-08T07:08:14Z,scheduled,d1d408fdfd272046fb517fe992a1c5a0,2026-10-11T20:05:00Z,Los Angeles Chargers,Denver Broncos,betsson,totals,Over,41.5,1.86
2026-10-08T07:08:14Z,scheduled,d1d408fdfd272046fb517fe992a1c5a0,2026-10-11T20:05:00Z,Los Angeles Chargers,Denver Broncos,betsson,totals,Under,41.5,1.94
2026-10-08T07:08:14Z,scheduled,d1d408fdfd272046fb517fe992a1c5a0,2026-10-11T20:05:00Z,Los Angeles Chargers,Denver Broncos,matchbook,h2h,Denver Broncos,,1.6
2026-10-08T07:08:14Z,scheduled,d1d408fdfd272046fb517fe992a1c5a0,2026-10-11T20:05:00Z,Los Angeles Chargers,Denver Broncos,matchbook,h2h,Los Angeles Chargers,,2.62
2026-10-08T07:08:14Z,scheduled,d1d408fdfd272046fb517fe992a1c5a0,2026-10-11T20:05:00Z,Los Angeles Chargers,Denver Broncos,matchbook,h2h_lay,Denver Broncos,,1.61
2026-10-08T07:08:14Z,scheduled,d1d408fdfd272046fb517fe992a1c5a0,2026-10-11T20:05:00Z,Los Angeles Chargers,Denver Broncos,matchbook,h2h_lay,Los Angeles Chargers,,2.66
2026-10-08T07:08:14Z,scheduled,d1d408fdfd272046fb517fe992a1c5a0,2026-10-11T20:05:00Z,Los Angeles Chargers,Denver Broncos,matchbook,spreads,Denver Broncos,-3.0,1.92
2026-10-08T07:08:14Z,scheduled,d1d408fdfd272046fb517fe992a1c5a0,2026-10-11T20:05:00Z,Los Angeles Chargers,Denver Broncos,matchbook,spreads,Los Angeles Chargers,3.0,2.04
2026-10-08T07:08:14Z,scheduled,d1d408fdfd272046fb517fe992a1c5a0,2026-10-11T20:05:00Z,Los Angeles Chargers,Denver Broncos,matchbook,totals,Over,41.5,1.91
2026-10-08T07:08:14Z,scheduled,d1d408fdfd272046fb517fe992a1c5a0,2026-10-11T20:05:00Z,Los Angeles Chargers,Denver Broncos,matchbook,totals,Under,41.5,1.98
2026-10-08T07:08:14Z,scheduled,d1d408fdfd272046fb517fe992a1c5a0,2026-10-11T20:05:00Z,Los Angeles Chargers,Denver Broncos,betmgm,h2h,Denver Broncos,,1.57
2026-10-08T07:08:14Z,scheduled,d1d408fdfd272046fb517fe992a1c5a0,2026-10-11T20:05:00Z,Los Angeles Chargers,Denver Broncos,betmgm,h2h,Los Angeles Chargers,,2.45
2026-10-08T07:08:14Z,scheduled,d1d408fdfd272046fb517fe992a1c5a0,2026-10-11T20:05:00Z,Los Angeles Chargers,Denver Broncos,betmgm,spreads,Denver Broncos,-3.5,1.98
2026-10-08T07:08:14Z,scheduled,d1d408fdfd272046fb517fe992a1c5a0,2026-10-11T20:05:00Z,Los Angeles Chargers,Denver Broncos,betmgm,spreads,Los Angeles Chargers,3.5,1.85
2026-10-08T07:08:14Z,scheduled,d1d408fdfd272046fb517fe992a1c5a0,2026-10-11T20:05:00Z,Los Angeles Chargers,Denver Broncos,betmgm,totals,Over,42.0,1.89
2026-10-08T07:08:14Z,scheduled,d1d408fdfd272046fb517fe992a1c5a0,2026-10-11T20:05:00Z,Los Angeles Chargers,Denver Broncos,betmgm,totals,Under,42.0,1.85
2026-10-08T07:08:14Z,scheduled,d1d408fdfd272046fb517fe992a1c5a0,2026-10-11T20:05:00Z,Los Angeles Chargers,Denver Broncos,coolbet,h2h,Denver Broncos,,1.55
2026-10-08T07:08:14Z,scheduled,d1d408fdfd272046fb517fe992a1c5a0,2026-10-11T20:05:00Z,Los Angeles Chargers,Denver Broncos,coolbet,h2h,Los Angeles Chargers,,2.53
2026-10-08T07:08:14Z,scheduled,d1d408fdfd272046fb517fe992a1c5a0,2026-10-11T20:05:00Z,Los Angeles Chargers,Denver Broncos,coolbet,spreads,Denver Broncos,-3.5,2.0
2026-10-08T07:08:14Z,scheduled,d1d408fdfd272046fb517fe992a1c5a0,2026-10-11T20:05:00Z,Los Angeles Chargers,Denver Broncos,coolbet,spreads,Los Angeles Chargers,3.5,1.85
2026-10-08T07:08:14Z,scheduled,d1d408fdfd272046fb517fe992a1c5a0,2026-10-11T20:05:00Z,Los Angeles Chargers,Denver Broncos,coolbet,totals,Over,42.0,1.92
2026-10-08T07:08:14Z,scheduled,d1d408fdfd272046fb517fe992a1c5a0,2026-10-11T20:05:00Z,Los Angeles Chargers,Denver Broncos,coolbet,totals,Under,42.0,1.92
2026-10-08T07:08:14Z,scheduled,d1d408fdfd272046fb517fe992a1c5a0,2026-10-11T20:05:00Z,Los Angeles Chargers,Denver Broncos,betfair_ex_eu,h2h,Denver Broncos,,1.6
2026-10-08T07:08:14Z,scheduled,d1d408fdfd272046fb517fe992a1c5a0,2026-10-11T20:05:00Z,Los Angeles Chargers,Denver Broncos,betfair_ex_eu,h2h,Los Angeles Chargers,,2.62
2026-10-08T07:08:14Z,scheduled,d1d408fdfd272046fb517fe992a1c5a0,2026-10-11T20:05:00Z,Los Angeles Chargers,Denver Broncos,betfair_ex_eu,h2h_lay,Denver Broncos,,1.61
2026-10-08T07:08:14Z,scheduled,d1d408fdfd272046fb517fe992a1c5a0,2026-10-11T20:05:00Z,Los Angeles Chargers,Denver Broncos,betfair_ex_eu,h2h_lay,Los Angeles Chargers,,2.66
2026-10-08T07:08:14Z,scheduled,d1d408fdfd272046fb517fe992a1c5a0,2026-10-11T20:05:00Z,Los Angeles Chargers,Denver Broncos,pinnacle,h2h,Denver Broncos,,1.56
2026-10-08T07:08:14Z,scheduled,d1d408fdfd272046fb517fe992a1c5a0,2026-10-11T20:05:00Z,Los Angeles Chargers,Denver Broncos,pinnacle,h2h,Los Angeles Chargers,,2.55
2026-10-08T07:08:14Z,scheduled,d1d408fdfd272046fb517fe992a1c5a0,2026-10-11T20:05:00Z,Los Angeles Chargers,Denver Broncos,pinnacle,spreads,Denver Broncos,-3.5,2.03
2026-10-08T07:08:14Z,scheduled,d1d408fdfd272046fb517fe992a1c5a0,2026-10-11T20:05:00Z,Los Angeles Chargers,Denver Broncos,pinnacle,spreads,Los Angeles Chargers,3.5,1.87
2026-10-08T07:08:14Z,scheduled,d1d408fdfd272046fb517fe992a1c5a0,2026-10-11T20:05:00Z,Los Angeles Chargers,Denver Broncos,pinnacle,totals,Over,41.5,1.91
2026-10-08T07:08:14Z,scheduled,d1d408fdfd272046fb517fe992a1c5a0,2026-10-11T20:05:00Z,Los Angeles Chargers,Denver Broncos,pinnacle,totals,Under,41.5,1.96
2026-10-08T07:08:14Z,scheduled,f8e7f43f73aa983c5c99c189587f0118,2026-10-11T20:25:00Z,Arizona Cardinals,Detroit Lions,draftkings,h2h,Arizona Cardinals,,3.05
2026-10-08T07:08:14Z,scheduled,f8e7f43f73aa983c5c99c189587f0118,2026-10-11T20:25:00Z,Arizona Cardinals,Detroit Lions,draftkings,h2h,Detroit Lions,,1.4
2026-10-08T07:08:14Z,scheduled,f8e7f43f73aa983c5c99c189587f0118,2026-10-11T20:25:00Z,Arizona Cardinals,Detroit Lions,draftkings,spreads,Arizona Cardinals,5.5,1.91
2026-10-08T07:08:14Z,scheduled,f8e7f43f73aa983c5c99c189587f0118,2026-10-11T20:25:00Z,Arizona Cardinals,Detroit Lions,draftkings,spreads,Detroit Lions,-5.5,1.91
2026-10-08T07:08:14Z,scheduled,f8e7f43f73aa983c5c99c189587f0118,2026-10-11T20:25:00Z,Arizona Cardinals,Detroit Lions,draftkings,totals,Over,54.5,1.87
2026-10-08T07:08:14Z,scheduled,f8e7f43f73aa983c5c99c189587f0118,2026-10-11T20:25:00Z,Arizona Cardinals,Detroit Lions,draftkings,totals,Under,54.5,1.95
2026-10-08T07:08:14Z,scheduled,f8e7f43f73aa983c5c99c189587f0118,2026-10-11T20:25:00Z,Arizona Cardinals,Detroit Lions,fanduel,h2h,Arizona Cardinals,,2.94
2026-10-08T07:08:14Z,scheduled,f8e7f43f73aa983c5c99c189587f0118,2026-10-11T20:25:00Z,Arizona Cardinals,Detroit Lions,fanduel,h2h,Detroit Lions,,1.43
2026-10-08T07:08:14Z,scheduled,f8e7f43f73aa983c5c99c189587f0118,2026-10-11T20:25:00Z,Arizona Cardinals,Detroit Lions,fanduel,spreads,Arizona Cardinals,5.5,1.85
2026-10-08T07:08:14Z,scheduled,f8e7f43f73aa983c5c99c189587f0118,2026-10-11T20:25:00Z,Arizona Cardinals,Detroit Lions,fanduel,spreads,Detroit Lions,-5.5,1.96
2026-10-08T07:08:14Z,scheduled,f8e7f43f73aa983c5c99c189587f0118,2026-10-11T20:25:00Z,Arizona Cardinals,Detroit Lions,fanduel,totals,Over,54.5,1.93
2026-10-08T07:08:14Z,scheduled,f8e7f43f73aa983c5c99c189587f0118,2026-10-11T20:25:00Z,Arizona Cardinals,Detroit Lions,fanduel,totals,Under,54.5,1.89
2026-10-08T07:08:14Z,scheduled,f8e7f43f73aa983c5c99c189587f0118,2026-10-11T20:25:00Z,Arizona Cardinals,Detroit Lions,betrivers,h2h,Arizona Cardinals,,2.95
2026-10-08T07:08:14Z,scheduled,f8e7f43f73aa983c5c99c189587f0118,2026-10-11T20:25:00Z,Arizona Cardinals,Detroit Lions,betrivers,h2h,Detroit Lions,,1.41
2026-10-08T07:08:14Z,scheduled,f8e7f43f73aa983c5c99c189587f0118,2026-10-11T20:25:00Z,Arizona Cardinals,Detroit Lions,betrivers,spreads,Arizona Cardinals,6.0,1.88
2026-10-08T07:08:14Z,scheduled,f8e7f43f73aa983c5c99c189587f0118,2026-10-11T20:25:00Z,Arizona Cardinals,Detroit Lions,betrivers,spreads,Detroit Lions,-6.0,1.93
2026-10-08T07:08:14Z,scheduled,f8e7f43f73aa983c5c99c189587f0118,2026-10-11T20:25:00Z,Arizona Cardinals,Detroit Lions,betrivers,totals,Over,54.0,1.89
2026-10-08T07:08:14Z,scheduled,f8e7f43f73aa983c5c99c189587f0118,2026-10-11T20:25:00Z,Arizona Cardinals,Detroit Lions,betrivers,totals,Under,54.0,1.92
2026-10-08T07:08:14Z,scheduled,f8e7f43f73aa983c5c99c189587f0118,2026-10-11T20:25:00Z,Arizona Cardinals,Detroit Lions,betsson,h2h,Arizona Cardinals,,3.05
2026-10-08T07:08:14Z,scheduled,f8e7f43f73aa983c5c99c189587f0118,2026-10-11T20:25:00Z,Arizona Cardinals,Detroit Lions,betsson,h2h,Detroit Lions,,1.38
2026-10-08T07:08:14Z,scheduled,f8e7f43f73aa983c5c99c189587f0118,2026-10-11T20:25:00Z,Arizona Cardinals,Detroit Lions,betsson,spreads,Arizona Cardinals,5.5,1.88
2026-10-08T07:08:14Z,scheduled,f8e7f43f73aa983c5c99c189587f0118,2026-10-11T20:25:00Z,Arizona Cardinals,Detroit Lions,betsson,spreads,Detroit Lions,-5.5,1.92
2026-10-08T07:08:14Z,scheduled,f8e7f43f73aa983c5c99c189587f0118,2026-10-11T20:25:00Z,Arizona Cardinals,Detroit Lions,betsson,totals,Over,54.5,1.9
2026-10-08T07:08:14Z,scheduled,f8e7f43f73aa983c5c99c189587f0118,2026-10-11T20:25:00Z,Arizona Cardinals,Detroit Lions,betsson,totals,Under,54.5,1.9
2026-10-08T07:08:14Z,scheduled,f8e7f43f73aa983c5c99c189587f0118,2026-10-11T20:25:00Z,Arizona Cardinals,Detroit Lions,matchbook,h2h,Arizona Cardinals,,3.2
2026-10-08T07:08:14Z,scheduled,f8e7f43f73aa983c5c99c189587f0118,2026-10-11T20:25:00Z,Arizona Cardinals,Detroit Lions,matchbook,h2h,Detroit Lions,,1.44
2026-10-08T07:08:14Z,scheduled,f8e7f43f73aa983c5c99c189587f0118,2026-10-11T20:25:00Z,Arizona Cardinals,Detroit Lions,matchbook,h2h_lay,Arizona Cardinals,,3.3
2026-10-08T07:08:14Z,scheduled,f8e7f43f73aa983c5c99c189587f0118,2026-10-11T20:25:00Z,Arizona Cardinals,Detroit Lions,matchbook,h2h_lay,Detroit Lions,,1.45
2026-10-08T07:08:14Z,scheduled,f8e7f43f73aa983c5c99c189587f0118,2026-10-11T20:25:00Z,Arizona Cardinals,Detroit Lions,matchbook,spreads,Arizona Cardinals,5.5,1.98
2026-10-08T07:08:14Z,scheduled,f8e7f43f73aa983c5c99c189587f0118,2026-10-11T20:25:00Z,Arizona Cardinals,Detroit Lions,matchbook,spreads,Detroit Lions,-5.5,1.91
2026-10-08T07:08:14Z,scheduled,f8e7f43f73aa983c5c99c189587f0118,2026-10-11T20:25:00Z,Arizona Cardinals,Detroit Lions,matchbook,totals,Over,54.5,1.95
2026-10-08T07:08:14Z,scheduled,f8e7f43f73aa983c5c99c189587f0118,2026-10-11T20:25:00Z,Arizona Cardinals,Detroit Lions,matchbook,totals,Under,54.5,1.93
2026-10-08T07:08:14Z,scheduled,f8e7f43f73aa983c5c99c189587f0118,2026-10-11T20:25:00Z,Arizona Cardinals,Detroit Lions,betmgm,h2h,Arizona Cardinals,,3.0
2026-10-08T07:08:14Z,scheduled,f8e7f43f73aa983c5c99c189587f0118,2026-10-11T20:25:00Z,Arizona Cardinals,Detroit Lions,betmgm,h2h,Detroit Lions,,1.4
2026-10-08T07:08:14Z,scheduled,f8e7f43f73aa983c5c99c189587f0118,2026-10-11T20:25:00Z,Arizona Cardinals,Detroit Lions,betmgm,spreads,Arizona Cardinals,5.0,1.93
2026-10-08T07:08:14Z,scheduled,f8e7f43f73aa983c5c99c189587f0118,2026-10-11T20:25:00Z,Arizona Cardinals,Detroit Lions,betmgm,spreads,Detroit Lions,-5.0,1.91
2026-10-08T07:08:14Z,scheduled,f8e7f43f73aa983c5c99c189587f0118,2026-10-11T20:25:00Z,Arizona Cardinals,Detroit Lions,betmgm,totals,Over,54.5,1.91
2026-10-08T07:08:14Z,scheduled,f8e7f43f73aa983c5c99c189587f0118,2026-10-11T20:25:00Z,Arizona Cardinals,Detroit Lions,betmgm,totals,Under,54.5,1.93
2026-10-08T07:08:14Z,scheduled,f8e7f43f73aa983c5c99c189587f0118,2026-10-11T20:25:00Z,Arizona Cardinals,Detroit Lions,coolbet,h2h,Arizona Cardinals,,3.05
2026-10-08T07:08:14Z,scheduled,f8e7f43f73aa983c5c99c189587f0118,2026-10-11T20:25:00Z,Arizona Cardinals,Detroit Lions,coolbet,h2h,Detroit Lions,,1.4
2026-10-08T07:08:14Z,scheduled,f8e7f43f73aa983c5c99c189587f0118,2026-10-11T20:25:00Z,Arizona Cardinals,Detroit Lions,coolbet,spreads,Arizona Cardinals,5.0,1.93
2026-10-08T07:08:14Z,scheduled,f8e7f43f73aa983c5c99c189587f0118,2026-10-11T20:25:00Z,Arizona Cardinals,Detroit Lions,coolbet,spreads,Detroit Lions,-5.0,1.91
2026-10-08T07:08:14Z,scheduled,f8e7f43f73aa983c5c99c189587f0118,2026-10-11T20:25:00Z,Arizona Cardinals,Detroit Lions,coolbet,totals,Over,54.5,1.91
2026-10-08T07:08:14Z,scheduled,f8e7f43f73aa983c5c99c189587f0118,2026-10-11T20:25:00Z,Arizona Cardinals,Detroit Lions,coolbet,totals,Under,54.5,1.93
2026-10-08T07:08:14Z,scheduled,f8e7f43f73aa983c5c99c189587f0118,2026-10-11T20:25:00Z,Arizona Cardinals,Detroit Lions,betfair_ex_eu,h2h,Arizona Cardinals,,3.2
2026-10-08T07:08:14Z,scheduled,f8e7f43f73aa983c5c99c189587f0118,2026-10-11T20:25:00Z,Arizona Cardinals,Detroit Lions,betfair_ex_eu,h2h,Detroit Lions,,1.43
2026-10-08T07:08:14Z,scheduled,f8e7f43f73aa983c5c99c189587f0118,2026-10-11T20:25:00Z,Arizona Cardinals,Detroit Lions,betfair_ex_eu,h2h_lay,Arizona Cardinals,,3.3
2026-10-08T07:08:14Z,scheduled,f8e7f43f73aa983c5c99c189587f0118,2026-10-11T20:25:00Z,Arizona Cardinals,Detroit Lions,betfair_ex_eu,h2h_lay,Detroit Lions,,1.45
2026-10-08T07:08:14Z,scheduled,f8e7f43f73aa983c5c99c189587f0118,2026-10-11T20:25:00Z,Arizona Cardinals,Detroit Lions,pinnacle,h2h,Arizona Cardinals,,3.18
2026-10-08T07:08:14Z,scheduled,f8e7f43f73aa983c5c99c189587f0118,2026-10-11T20:25:00Z,Arizona Cardinals,Detroit Lions,pinnacle,h2h,Detroit Lions,,1.39
2026-10-08T07:08:14Z,scheduled,f8e7f43f73aa983c5c99c189587f0118,2026-10-11T20:25:00Z,Arizona Cardinals,Detroit Lions,pinnacle,spreads,Arizona Cardinals,5.5,1.97
2026-10-08T07:08:14Z,scheduled,f8e7f43f73aa983c5c99c189587f0118,2026-10-11T20:25:00Z,Arizona Cardinals,Detroit Lions,pinnacle,spreads,Detroit Lions,-5.5,1.92
2026-10-08T07:08:14Z,scheduled,f8e7f43f73aa983c5c99c189587f0118,2026-10-11T20:25:00Z,Arizona Cardinals,Detroit Lions,pinnacle,totals,Over,54.5,1.95
2026-10-08T07:08:14Z,scheduled,f8e7f43f73aa983c5c99c189587f0118,2026-10-11T20:25:00Z,Arizona Cardinals,Detroit Lions,pinnacle,totals,Under,54.5,1.92
2026-10-08T07:08:14Z,scheduled,8e5d515b10d8a5ffb324640ed60bcc55,2026-10-11T20:25:00Z,Seattle Seahawks,San Francisco 49ers,draftkings,h2h,San Francisco 49ers,,2.3
2026-10-08T07:08:14Z,scheduled,8e5d515b10d8a5ffb324640ed60bcc55,2026-10-11T20:25:00Z,Seattle Seahawks,San Francisco 49ers,draftkings,h2h,Seattle Seahawks,,1.65
2026-10-08T07:08:14Z,scheduled,8e5d515b10d8a5ffb324640ed60bcc55,2026-10-11T20:25:00Z,Seattle Seahawks,San Francisco 49ers,draftkings,spreads,San Francisco 49ers,2.5,2.02
2026-10-08T07:08:14Z,scheduled,8e5d515b10d8a5ffb324640ed60bcc55,2026-10-11T20:25:00Z,Seattle Seahawks,San Francisco 49ers,draftkings,spreads,Seattle Seahawks,-2.5,1.82
2026-10-08T07:08:14Z,scheduled,8e5d515b10d8a5ffb324640ed60bcc55,2026-10-11T20:25:00Z,Seattle Seahawks,San Francisco 49ers,draftkings,totals,Over,45.5,1.87
2026-10-08T07:08:14Z,scheduled,8e5d515b10d8a5ffb324640ed60bcc55,2026-10-11T20:25:00Z,Seattle Seahawks,San Francisco 49ers,draftkings,totals,Under,45.5,1.95
2026-10-08T07:08:14Z,scheduled,8e5d515b10d8a5ffb324640ed60bcc55,2026-10-11T20:25:00Z,Seattle Seahawks,San Francisco 49ers,fanduel,h2h,San Francisco 49ers,,2.36
2026-10-08T07:08:14Z,scheduled,8e5d515b10d8a5ffb324640ed60bcc55,2026-10-11T20:25:00Z,Seattle Seahawks,San Francisco 49ers,fanduel,h2h,Seattle Seahawks,,1.62
2026-10-08T07:08:14Z,scheduled,8e5d515b10d8a5ffb324640ed60bcc55,2026-10-11T20:25:00Z,Seattle Seahawks,San Francisco 49ers,fanduel,spreads,San Francisco 49ers,3.0,1.91
2026-10-08T07:08:14Z,scheduled,8e5d515b10d8a5ffb324640ed60bcc55,2026-10-11T20:25:00Z,Seattle Seahawks,San Francisco 49ers,fanduel,spreads,Seattle Seahawks,-3.0,1.91
2026-10-08T07:08:14Z,scheduled,8e5d515b10d8a5ffb324640ed60bcc55,2026-10-11T20:25:00Z,Seattle Seahawks,San Francisco 49ers,fanduel,totals,Over,45.5,1.87
2026-10-08T07:08:14Z,scheduled,8e5d515b10d8a5ffb324640ed60bcc55,2026-10-11T20:25:00Z,Seattle Seahawks,San Francisco 49ers,fanduel,totals,Under,45.5,1.95
2026-10-08T07:08:14Z,scheduled,8e5d515b10d8a5ffb324640ed60bcc55,2026-10-11T20:25:00Z,Seattle Seahawks,San Francisco 49ers,betrivers,h2h,San Francisco 49ers,,2.25
2026-10-08T07:08:14Z,scheduled,8e5d515b10d8a5ffb324640ed60bcc55,2026-10-11T20:25:00Z,Seattle Seahawks,San Francisco 49ers,betrivers,h2h,Seattle Seahawks,,1.64
2026-10-08T07:08:14Z,scheduled,8e5d515b10d8a5ffb324640ed60bcc55,2026-10-11T20:25:00Z,Seattle Seahawks,San Francisco 49ers,betrivers,spreads,San Francisco 49ers,3.0,1.89
2026-10-08T07:08:14Z,scheduled,8e5d515b10d8a5ffb324640ed60bcc55,2026-10-11T20:25:00Z,Seattle Seahawks,San Francisco 49ers,betrivers,spreads,Seattle Seahawks,-3.0,1.92
2026-10-08T07:08:14Z,scheduled,8e5d515b10d8a5ffb324640ed60bcc55,2026-10-11T20:25:00Z,Seattle Seahawks,San Francisco 49ers,betrivers,totals,Over,46.5,1.88
2026-10-08T07:08:14Z,scheduled,8e5d515b10d8a5ffb324640ed60bcc55,2026-10-11T20:25:00Z,Seattle Seahawks,San Francisco 49ers,betrivers,totals,Under,46.5,1.93
2026-10-08T07:08:14Z,scheduled,8e5d515b10d8a5ffb324640ed60bcc55,2026-10-11T20:25:00Z,Seattle Seahawks,San Francisco 49ers,betsson,h2h,San Francisco 49ers,,2.36
2026-10-08T07:08:14Z,scheduled,8e5d515b10d8a5ffb324640ed60bcc55,2026-10-11T20:25:00Z,Seattle Seahawks,San Francisco 49ers,betsson,h2h,Seattle Seahawks,,1.59
2026-10-08T07:08:14Z,scheduled,8e5d515b10d8a5ffb324640ed60bcc55,2026-10-11T20:25:00Z,Seattle Seahawks,San Francisco 49ers,betsson,spreads,San Francisco 49ers,2.5,2.05
2026-10-08T07:08:14Z,scheduled,8e5d515b10d8a5ffb324640ed60bcc55,2026-10-11T20:25:00Z,Seattle Seahawks,San Francisco 49ers,betsson,spreads,Seattle Seahawks,-2.5,1.77
2026-10-08T07:08:14Z,scheduled,8e5d515b10d8a5ffb324640ed60bcc55,2026-10-11T20:25:00Z,Seattle Seahawks,San Francisco 49ers,betsson,totals,Over,45.5,1.88
2026-10-08T07:08:14Z,scheduled,8e5d515b10d8a5ffb324640ed60bcc55,2026-10-11T20:25:00Z,Seattle Seahawks,San Francisco 49ers,betsson,totals,Under,45.5,1.92
2026-10-08T07:08:14Z,scheduled,8e5d515b10d8a5ffb324640ed60bcc55,2026-10-11T20:25:00Z,Seattle Seahawks,San Francisco 49ers,betmgm,h2h,San Francisco 49ers,,2.4
2026-10-08T07:08:14Z,scheduled,8e5d515b10d8a5ffb324640ed60bcc55,2026-10-11T20:25:00Z,Seattle Seahawks,San Francisco 49ers,betmgm,h2h,Seattle Seahawks,,1.61
2026-10-08T07:08:14Z,scheduled,8e5d515b10d8a5ffb324640ed60bcc55,2026-10-11T20:25:00Z,Seattle Seahawks,San Francisco 49ers,betmgm,spreads,San Francisco 49ers,3.0,1.95
2026-10-08T07:08:14Z,scheduled,8e5d515b10d8a5ffb324640ed60bcc55,2026-10-11T20:25:00Z,Seattle Seahawks,San Francisco 49ers,betmgm,spreads,Seattle Seahawks,-3.0,1.89
2026-10-08T07:08:14Z,scheduled,8e5d515b10d8a5ffb324640ed60bcc55,2026-10-11T20:25:00Z,Seattle Seahawks,San Francisco 49ers,betmgm,totals,Over,46.0,1.91
2026-10-08T07:08:14Z,scheduled,8e5d515b10d8a5ffb324640ed60bcc55,2026-10-11T20:25:00Z,Seattle Seahawks,San Francisco 49ers,betmgm,totals,Under,46.0,1.93
2026-10-08T07:08:14Z,scheduled,8e5d515b10d8a5ffb324640ed60bcc55,2026-10-11T20:25:00Z,Seattle Seahawks,San Francisco 49ers,pinnacle,h2h,San Francisco 49ers,,2.52
2026-10-08T07:08:14Z,scheduled,8e5d515b10d8a5ffb324640ed60bcc55,2026-10-11T20:25:00Z,Seattle Seahawks,San Francisco 49ers,pinnacle,h2h,Seattle Seahawks,,1.58
2026-10-08T07:08:14Z,scheduled,8e5d515b10d8a5ffb324640ed60bcc55,2026-10-11T20:25:00Z,Seattle Seahawks,San Francisco 49ers,pinnacle,spreads,San Francisco 49ers,3.0,2.01
2026-10-08T07:08:14Z,scheduled,8e5d515b10d8a5ffb324640ed60bcc55,2026-10-11T20:25:00Z,Seattle Seahawks,San Francisco 49ers,pinnacle,spreads,Seattle Seahawks,-3.0,1.88
2026-10-08T07:08:14Z,scheduled,8e5d515b10d8a5ffb324640ed60bcc55,2026-10-11T20:25:00Z,Seattle Seahawks,San Francisco 49ers,pinnacle,totals,Over,46.0,1.94
2026-10-08T07:08:14Z,scheduled,8e5d515b10d8a5ffb324640ed60bcc55,2026-10-11T20:25:00Z,Seattle Seahawks,San Francisco 49ers,pinnacle,totals,Under,46.0,1.93
2026-10-08T07:08:14Z,scheduled,8e5d515b10d8a5ffb324640ed60bcc55,2026-10-11T20:25:00Z,Seattle Seahawks,San Francisco 49ers,matchbook,h2h,San Francisco 49ers,,2.54
2026-10-08T07:08:14Z,scheduled,8e5d515b10d8a5ffb324640ed60bcc55,2026-10-11T20:25:00Z,Seattle Seahawks,San Francisco 49ers,matchbook,h2h,Seattle Seahawks,,1.64
2026-10-08T07:08:14Z,scheduled,8e5d515b10d8a5ffb324640ed60bcc55,2026-10-11T20:25:00Z,Seattle Seahawks,San Francisco 49ers,matchbook,h2h_lay,San Francisco 49ers,,2.58
2026-10-08T07:08:14Z,scheduled,8e5d515b10d8a5ffb324640ed60bcc55,2026-10-11T20:25:00Z,Seattle Seahawks,San Francisco 49ers,matchbook,h2h_lay,Seattle Seahawks,,1.65
2026-10-08T07:08:14Z,scheduled,8e5d515b10d8a5ffb324640ed60bcc55,2026-10-11T20:25:00Z,Seattle Seahawks,San Francisco 49ers,matchbook,spreads,San Francisco 49ers,3.0,2.0
2026-10-08T07:08:14Z,scheduled,8e5d515b10d8a5ffb324640ed60bcc55,2026-10-11T20:25:00Z,Seattle Seahawks,San Francisco 49ers,matchbook,spreads,Seattle Seahawks,-3.0,1.89
2026-10-08T07:08:14Z,scheduled,8e5d515b10d8a5ffb324640ed60bcc55,2026-10-11T20:25:00Z,Seattle Seahawks,San Francisco 49ers,matchbook,totals,Over,46.5,2.0
2026-10-08T07:08:14Z,scheduled,8e5d515b10d8a5ffb324640ed60bcc55,2026-10-11T20:25:00Z,Seattle Seahawks,San Francisco 49ers,matchbook,totals,Under,46.5,1.9
2026-10-08T07:08:14Z,scheduled,8e5d515b10d8a5ffb324640ed60bcc55,2026-10-11T20:25:00Z,Seattle Seahawks,San Francisco 49ers,coolbet,h2h,San Francisco 49ers,,2.4
2026-10-08T07:08:14Z,scheduled,8e5d515b10d8a5ffb324640ed60bcc55,2026-10-11T20:25:00Z,Seattle Seahawks,San Francisco 49ers,coolbet,h2h,Seattle Seahawks,,1.61
2026-10-08T07:08:14Z,scheduled,8e5d515b10d8a5ffb324640ed60bcc55,2026-10-11T20:25:00Z,Seattle Seahawks,San Francisco 49ers,coolbet,spreads,San Francisco 49ers,3.0,1.9
2026-10-08T07:08:14Z,scheduled,8e5d515b10d8a5ffb324640ed60bcc55,2026-10-11T20:25:00Z,Seattle Seahawks,San Francisco 49ers,coolbet,spreads,Seattle Seahawks,-3.0,1.95
2026-10-08T07:08:14Z,scheduled,8e5d515b10d8a5ffb324640ed60bcc55,2026-10-11T20:25:00Z,Seattle Seahawks,San Francisco 49ers,coolbet,totals,Over,46.0,1.93
2026-10-08T07:08:14Z,scheduled,8e5d515b10d8a5ffb324640ed60bcc55,2026-10-11T20:25:00Z,Seattle Seahawks,San Francisco 49ers,coolbet,totals,Under,46.0,1.91
2026-10-08T07:08:14Z,scheduled,8e5d515b10d8a5ffb324640ed60bcc55,2026-10-11T20:25:00Z,Seattle Seahawks,San Francisco 49ers,betfair_ex_eu,h2h,San Francisco 49ers,,2.54
2026-10-08T07:08:14Z,scheduled,8e5d515b10d8a5ffb324640ed60bcc55,2026-10-11T20:25:00Z,Seattle Seahawks,San Francisco 49ers,betfair_ex_eu,h2h,Seattle Seahawks,,1.64
2026-10-08T07:08:14Z,scheduled,8e5d515b10d8a5ffb324640ed60bcc55,2026-10-11T20:25:00Z,Seattle Seahawks,San Francisco 49ers,betfair_ex_eu,h2h_lay,San Francisco 49ers,,2.6
2026-10-08T07:08:14Z,scheduled,8e5d515b10d8a5ffb324640ed60bcc55,2026-10-11T20:25:00Z,Seattle Seahawks,San Francisco 49ers,betfair_ex_eu,h2h_lay,Seattle Seahawks,,1.65
2026-10-08T07:08:14Z,scheduled,86457f91112732f21ad4bb7d37bd291c,2026-10-12T00:20:00Z,Atlanta Falcons,Baltimore Ravens,draftkings,h2h,Atlanta Falcons,,1.57
2026-10-08T07:08:14Z,scheduled,86457f91112732f21ad4bb7d37bd291c,2026-10-12T00:20:00Z,Atlanta Falcons,Baltimore Ravens,draftkings,h2h,Baltimore Ravens,,2.45
2026-10-08T07:08:14Z,scheduled,86457f91112732f21ad4bb7d37bd291c,2026-10-12T00:20:00Z,Atlanta Falcons,Baltimore Ravens,draftkings,spreads,Atlanta Falcons,-3.5,1.95
2026-10-08T07:08:14Z,scheduled,86457f91112732f21ad4bb7d37bd291c,2026-10-12T00:20:00Z,Atlanta Falcons,Baltimore Ravens,draftkings,spreads,Baltimore Ravens,3.5,1.87
2026-10-08T07:08:14Z,scheduled,86457f91112732f21ad4bb7d37bd291c,2026-10-12T00:20:00Z,Atlanta Falcons,Baltimore Ravens,draftkings,totals,Over,43.5,1.87
2026-10-08T07:08:14Z,scheduled,86457f91112732f21ad4bb7d37bd291c,2026-10-12T00:20:00Z,Atlanta Falcons,Baltimore Ravens,draftkings,totals,Under,43.5,1.95
2026-10-08T07:08:14Z,scheduled,86457f91112732f21ad4bb7d37bd291c,2026-10-12T00:20:00Z,Atlanta Falcons,Baltimore Ravens,fanduel,h2h,Atlanta Falcons,,1.58
2026-10-08T07:08:14Z,scheduled,86457f91112732f21ad4bb7d37bd291c,2026-10-12T00:20:00Z,Atlanta Falcons,Baltimore Ravens,fanduel,h2h,Baltimore Ravens,,2.44
2026-10-08T07:08:14Z,scheduled,86457f91112732f21ad4bb7d37bd291c,2026-10-12T00:20:00Z,Atlanta Falcons,Baltimore Ravens,fanduel,spreads,Atlanta Falcons,-3.5,2.0
2026-10-08T07:08:14Z,scheduled,86457f91112732f21ad4bb7d37bd291c,2026-10-12T00:20:00Z,Atlanta Falcons,Baltimore Ravens,fanduel,spreads,Baltimore Ravens,3.5,1.82
2026-10-08T07:08:14Z,scheduled,86457f91112732f21ad4bb7d37bd291c,2026-10-12T00:20:00Z,Atlanta Falcons,Baltimore Ravens,fanduel,totals,Over,43.5,1.88
2026-10-08T07:08:14Z,scheduled,86457f91112732f21ad4bb7d37bd291c,2026-10-12T00:20:00Z,Atlanta Falcons,Baltimore Ravens,fanduel,totals,Under,43.5,1.94
2026-10-08T07:08:14Z,scheduled,86457f91112732f21ad4bb7d37bd291c,2026-10-12T00:20:00Z,Atlanta Falcons,Baltimore Ravens,betrivers,h2h,Atlanta Falcons,,1.55
2026-10-08T07:08:14Z,scheduled,86457f91112732f21ad4bb7d37bd291c,2026-10-12T00:20:00Z,Atlanta Falcons,Baltimore Ravens,betrivers,h2h,Baltimore Ravens,,2.5
2026-10-08T07:08:14Z,scheduled,86457f91112732f21ad4bb7d37bd291c,2026-10-12T00:20:00Z,Atlanta Falcons,Baltimore Ravens,betrivers,spreads,Atlanta Falcons,-3.5,1.96
2026-10-08T07:08:14Z,scheduled,86457f91112732f21ad4bb7d37bd291c,2026-10-12T00:20:00Z,Atlanta Falcons,Baltimore Ravens,betrivers,spreads,Baltimore Ravens,3.5,1.85
2026-10-08T07:08:14Z,scheduled,86457f91112732f21ad4bb7d37bd291c,2026-10-12T00:20:00Z,Atlanta Falcons,Baltimore Ravens,betrivers,totals,Over,43.5,1.92
2026-10-08T07:08:14Z,scheduled,86457f91112732f21ad4bb7d37bd291c,2026-10-12T00:20:00Z,Atlanta Falcons,Baltimore Ravens,betrivers,totals,Under,43.5,1.89
2026-10-08T07:08:14Z,scheduled,86457f91112732f21ad4bb7d37bd291c,2026-10-12T00:20:00Z,Atlanta Falcons,Baltimore Ravens,betsson,h2h,Atlanta Falcons,,1.55
2026-10-08T07:08:14Z,scheduled,86457f91112732f21ad4bb7d37bd291c,2026-10-12T00:20:00Z,Atlanta Falcons,Baltimore Ravens,betsson,h2h,Baltimore Ravens,,2.45
2026-10-08T07:08:14Z,scheduled,86457f91112732f21ad4bb7d37bd291c,2026-10-12T00:20:00Z,Atlanta Falcons,Baltimore Ravens,betsson,spreads,Atlanta Falcons,-3.5,2.0
2026-10-08T07:08:14Z,scheduled,86457f91112732f21ad4bb7d37bd291c,2026-10-12T00:20:00Z,Atlanta Falcons,Baltimore Ravens,betsson,spreads,Baltimore Ravens,3.5,1.81
2026-10-08T07:08:14Z,scheduled,86457f91112732f21ad4bb7d37bd291c,2026-10-12T00:20:00Z,Atlanta Falcons,Baltimore Ravens,betsson,totals,Over,43.5,1.85
2026-10-08T07:08:14Z,scheduled,86457f91112732f21ad4bb7d37bd291c,2026-10-12T00:20:00Z,Atlanta Falcons,Baltimore Ravens,betsson,totals,Under,43.5,1.95
2026-10-08T07:08:14Z,scheduled,86457f91112732f21ad4bb7d37bd291c,2026-10-12T00:20:00Z,Atlanta Falcons,Baltimore Ravens,betmgm,h2h,Atlanta Falcons,,1.57
2026-10-08T07:08:14Z,scheduled,86457f91112732f21ad4bb7d37bd291c,2026-10-12T00:20:00Z,Atlanta Falcons,Baltimore Ravens,betmgm,h2h,Baltimore Ravens,,2.5
2026-10-08T07:08:14Z,scheduled,86457f91112732f21ad4bb7d37bd291c,2026-10-12T00:20:00Z,Atlanta Falcons,Baltimore Ravens,betmgm,spreads,Atlanta Falcons,-3.5,1.98
2026-10-08T07:08:14Z,scheduled,86457f91112732f21ad4bb7d37bd291c,2026-10-12T00:20:00Z,Atlanta Falcons,Baltimore Ravens,betmgm,spreads,Baltimore Ravens,3.5,1.85
2026-10-08T07:08:14Z,scheduled,86457f91112732f21ad4bb7d37bd291c,2026-10-12T00:20:00Z,Atlanta Falcons,Baltimore Ravens,betmgm,totals,Over,44.0,1.91
2026-10-08T07:08:14Z,scheduled,86457f91112732f21ad4bb7d37bd291c,2026-10-12T00:20:00Z,Atlanta Falcons,Baltimore Ravens,betmgm,totals,Under,44.0,1.83
2026-10-08T07:08:14Z,scheduled,86457f91112732f21ad4bb7d37bd291c,2026-10-12T00:20:00Z,Atlanta Falcons,Baltimore Ravens,matchbook,h2h,Atlanta Falcons,,1.62
2026-10-08T07:08:14Z,scheduled,86457f91112732f21ad4bb7d37bd291c,2026-10-12T00:20:00Z,Atlanta Falcons,Baltimore Ravens,matchbook,h2h,Baltimore Ravens,,2.56
2026-10-08T07:08:14Z,scheduled,86457f91112732f21ad4bb7d37bd291c,2026-10-12T00:20:00Z,Atlanta Falcons,Baltimore Ravens,matchbook,h2h_lay,Atlanta Falcons,,1.64
2026-10-08T07:08:14Z,scheduled,86457f91112732f21ad4bb7d37bd291c,2026-10-12T00:20:00Z,Atlanta Falcons,Baltimore Ravens,matchbook,h2h_lay,Baltimore Ravens,,2.6
2026-10-08T07:08:14Z,scheduled,86457f91112732f21ad4bb7d37bd291c,2026-10-12T00:20:00Z,Atlanta Falcons,Baltimore Ravens,matchbook,spreads,Atlanta Falcons,-3.5,2.04
2026-10-08T07:08:14Z,scheduled,86457f91112732f21ad4bb7d37bd291c,2026-10-12T00:20:00Z,Atlanta Falcons,Baltimore Ravens,matchbook,spreads,Baltimore Ravens,3.5,1.87
2026-10-08T07:08:14Z,scheduled,86457f91112732f21ad4bb7d37bd291c,2026-10-12T00:20:00Z,Atlanta Falcons,Baltimore Ravens,matchbook,totals,Over,44.0,1.97
2026-10-08T07:08:14Z,scheduled,86457f91112732f21ad4bb7d37bd291c,2026-10-12T00:20:00Z,Atlanta Falcons,Baltimore Ravens,matchbook,totals,Under,44.0,1.92
2026-10-08T07:08:14Z,scheduled,86457f91112732f21ad4bb7d37bd291c,2026-10-12T00:20:00Z,Atlanta Falcons,Baltimore Ravens,coolbet,h2h,Atlanta Falcons,,1.55
2026-10-08T07:08:14Z,scheduled,86457f91112732f21ad4bb7d37bd291c,2026-10-12T00:20:00Z,Atlanta Falcons,Baltimore Ravens,coolbet,h2h,Baltimore Ravens,,2.53
2026-10-08T07:08:14Z,scheduled,86457f91112732f21ad4bb7d37bd291c,2026-10-12T00:20:00Z,Atlanta Falcons,Baltimore Ravens,coolbet,spreads,Atlanta Falcons,-3.0,1.86
2026-10-08T07:08:14Z,scheduled,86457f91112732f21ad4bb7d37bd291c,2026-10-12T00:20:00Z,Atlanta Falcons,Baltimore Ravens,coolbet,spreads,Baltimore Ravens,3.0,1.99
2026-10-08T07:08:14Z,scheduled,86457f91112732f21ad4bb7d37bd291c,2026-10-12T00:20:00Z,Atlanta Falcons,Baltimore Ravens,coolbet,totals,Over,44.0,1.95
2026-10-08T07:08:14Z,scheduled,86457f91112732f21ad4bb7d37bd291c,2026-10-12T00:20:00Z,Atlanta Falcons,Baltimore Ravens,coolbet,totals,Under,44.0,1.9
2026-10-08T07:08:14Z,scheduled,86457f91112732f21ad4bb7d37bd291c,2026-10-12T00:20:00Z,Atlanta Falcons,Baltimore Ravens,betfair_ex_eu,h2h,Atlanta Falcons,,1.62
2026-10-08T07:08:14Z,scheduled,86457f91112732f21ad4bb7d37bd291c,2026-10-12T00:20:00Z,Atlanta Falcons,Baltimore Ravens,betfair_ex_eu,h2h,Baltimore Ravens,,2.56
2026-10-08T07:08:14Z,scheduled,86457f91112732f21ad4bb7d37bd291c,2026-10-12T00:20:00Z,Atlanta Falcons,Baltimore Ravens,betfair_ex_eu,h2h_lay,Atlanta Falcons,,1.64
2026-10-08T07:08:14Z,scheduled,86457f91112732f21ad4bb7d37bd291c,2026-10-12T00:20:00Z,Atlanta Falcons,Baltimore Ravens,betfair_ex_eu,h2h_lay,Baltimore Ravens,,2.6
2026-10-08T07:08:14Z,scheduled,86457f91112732f21ad4bb7d37bd291c,2026-10-12T00:20:00Z,Atlanta Falcons,Baltimore Ravens,pinnacle,h2h,Atlanta Falcons,,1.58
2026-10-08T07:08:14Z,scheduled,86457f91112732f21ad4bb7d37bd291c,2026-10-12T00:20:00Z,Atlanta Falcons,Baltimore Ravens,pinnacle,h2h,Baltimore Ravens,,2.51
2026-10-08T07:08:14Z,scheduled,86457f91112732f21ad4bb7d37bd291c,2026-10-12T00:20:00Z,Atlanta Falcons,Baltimore Ravens,pinnacle,spreads,Atlanta Falcons,-3.5,2.05
2026-10-08T07:08:14Z,scheduled,86457f91112732f21ad4bb7d37bd291c,2026-10-12T00:20:00Z,Atlanta Falcons,Baltimore Ravens,pinnacle,spreads,Baltimore Ravens,3.5,1.85
2026-10-08T07:08:14Z,scheduled,86457f91112732f21ad4bb7d37bd291c,2026-10-12T00:20:00Z,Atlanta Falcons,Baltimore Ravens,pinnacle,totals,Over,44.0,1.97
2026-10-08T07:08:14Z,scheduled,86457f91112732f21ad4bb7d37bd291c,2026-10-12T00:20:00Z,Atlanta Falcons,Baltimore Ravens,pinnacle,totals,Under,44.0,1.9
2026-10-08T15:09:07Z,scheduled,259b5df9aa0d10257f56de78523495e0,2026-10-09T00:15:00Z,Dallas Cowboys,Tampa Bay Buccaneers,draftkings,h2h,Dallas Cowboys,,1.21
2026-10-08T15:09:07Z,scheduled,259b5df9aa0d10257f56de78523495e0,2026-10-09T00:15:00Z,Dallas Cowboys,Tampa Bay Buccaneers,draftkings,h2h,Tampa Bay Buccaneers,,4.6
2026-10-08T15:09:07Z,scheduled,259b5df9aa0d10257f56de78523495e0,2026-10-09T00:15:00Z,Dallas Cowboys,Tampa Bay Buccaneers,draftkings,spreads,Dallas Cowboys,-8.5,1.87
2026-10-08T15:09:07Z,scheduled,259b5df9aa0d10257f56de78523495e0,2026-10-09T00:15:00Z,Dallas Cowboys,Tampa Bay Buccaneers,draftkings,spreads,Tampa Bay Buccaneers,8.5,1.95
2026-10-08T15:09:07Z,scheduled,259b5df9aa0d10257f56de78523495e0,2026-10-09T00:15:00Z,Dallas Cowboys,Tampa Bay Buccaneers,draftkings,totals,Over,48.5,1.89
2026-10-08T15:09:07Z,scheduled,259b5df9aa0d10257f56de78523495e0,2026-10-09T00:15:00Z,Dallas Cowboys,Tampa Bay Buccaneers,draftkings,totals,Under,48.5,1.93
2026-10-08T15:09:07Z,scheduled,259b5df9aa0d10257f56de78523495e0,2026-10-09T00:15:00Z,Dallas Cowboys,Tampa Bay Buccaneers,fanduel,h2h,Dallas Cowboys,,1.22
2026-10-08T15:09:07Z,scheduled,259b5df9aa0d10257f56de78523495e0,2026-10-09T00:15:00Z,Dallas Cowboys,Tampa Bay Buccaneers,fanduel,h2h,Tampa Bay Buccaneers,,4.5
2026-10-08T15:09:07Z,scheduled,259b5df9aa0d10257f56de78523495e0,2026-10-09T00:15:00Z,Dallas Cowboys,Tampa Bay Buccaneers,fanduel,spreads,Dallas Cowboys,-8.5,1.95
2026-10-08T15:09:07Z,scheduled,259b5df9aa0d10257f56de78523495e0,2026-10-09T00:15:00Z,Dallas Cowboys,Tampa Bay Buccaneers,fanduel,spreads,Tampa Bay Buccaneers,8.5,1.87
2026-10-08T15:09:07Z,scheduled,259b5df9aa0d10257f56de78523495e0,2026-10-09T00:15:00Z,Dallas Cowboys,Tampa Bay Buccaneers,fanduel,totals,Over,48.5,1.95
2026-10-08T15:09:07Z,scheduled,259b5df9aa0d10257f56de78523495e0,2026-10-09T00:15:00Z,Dallas Cowboys,Tampa Bay Buccaneers,fanduel,totals,Under,48.5,1.87
2026-10-08T15:09:07Z,scheduled,259b5df9aa0d10257f56de78523495e0,2026-10-09T00:15:00Z,Dallas Cowboys,Tampa Bay Buccaneers,betsson,h2h,Dallas Cowboys,,1.2
2026-10-08T15:09:07Z,scheduled,259b5df9aa0d10257f56de78523495e0,2026-10-09T00:15:00Z,Dallas Cowboys,Tampa Bay Buccaneers,betsson,h2h,Tampa Bay Buccaneers,,4.53
2026-10-08T15:09:07Z,scheduled,259b5df9aa0d10257f56de78523495e0,2026-10-09T00:15:00Z,Dallas Cowboys,Tampa Bay Buccaneers,betsson,spreads,Dallas Cowboys,-8.5,1.9
2026-10-08T15:09:07Z,scheduled,259b5df9aa0d10257f56de78523495e0,2026-10-09T00:15:00Z,Dallas Cowboys,Tampa Bay Buccaneers,betsson,spreads,Tampa Bay Buccaneers,8.5,1.9
2026-10-08T15:09:07Z,scheduled,259b5df9aa0d10257f56de78523495e0,2026-10-09T00:15:00Z,Dallas Cowboys,Tampa Bay Buccaneers,betsson,totals,Over,48.5,1.92
2026-10-08T15:09:07Z,scheduled,259b5df9aa0d10257f56de78523495e0,2026-10-09T00:15:00Z,Dallas Cowboys,Tampa Bay Buccaneers,betsson,totals,Under,48.5,1.88
2026-10-08T15:09:07Z,scheduled,259b5df9aa0d10257f56de78523495e0,2026-10-09T00:15:00Z,Dallas Cowboys,Tampa Bay Buccaneers,betrivers,h2h,Dallas Cowboys,,1.2
2026-10-08T15:09:07Z,scheduled,259b5df9aa0d10257f56de78523495e0,2026-10-09T00:15:00Z,Dallas Cowboys,Tampa Bay Buccaneers,betrivers,h2h,Tampa Bay Buccaneers,,4.8
2026-10-08T15:09:07Z,scheduled,259b5df9aa0d10257f56de78523495e0,2026-10-09T00:15:00Z,Dallas Cowboys,Tampa Bay Buccaneers,betrivers,spreads,Dallas Cowboys,-8.5,1.91
2026-10-08T15:09:07Z,scheduled,259b5df9aa0d10257f56de78523495e0,2026-10-09T00:15:00Z,Dallas Cowboys,Tampa Bay Buccaneers,betrivers,spreads,Tampa Bay Buccaneers,8.5,1.91
2026-10-08T15:09:07Z,scheduled,259b5df9aa0d10257f56de78523495e0,2026-10-09T00:15:00Z,Dallas Cowboys,Tampa Bay Buccaneers,betrivers,totals,Over,48.0,1.92
2026-10-08T15:09:07Z,scheduled,259b5df9aa0d10257f56de78523495e0,2026-10-09T00:15:00Z,Dallas Cowboys,Tampa Bay Buccaneers,betrivers,totals,Under,48.0,1.89
2026-10-08T15:09:07Z,scheduled,259b5df9aa0d10257f56de78523495e0,2026-10-09T00:15:00Z,Dallas Cowboys,Tampa Bay Buccaneers,matchbook,h2h,Dallas Cowboys,,1.23
2026-10-08T15:09:07Z,scheduled,259b5df9aa0d10257f56de78523495e0,2026-10-09T00:15:00Z,Dallas Cowboys,Tampa Bay Buccaneers,matchbook,h2h,Tampa Bay Buccaneers,,5.2
2026-10-08T15:09:07Z,scheduled,259b5df9aa0d10257f56de78523495e0,2026-10-09T00:15:00Z,Dallas Cowboys,Tampa Bay Buccaneers,matchbook,h2h_lay,Dallas Cowboys,,1.24
2026-10-08T15:09:07Z,scheduled,259b5df9aa0d10257f56de78523495e0,2026-10-09T00:15:00Z,Dallas Cowboys,Tampa Bay Buccaneers,matchbook,h2h_lay,Tampa Bay Buccaneers,,5.3
2026-10-08T15:09:07Z,scheduled,259b5df9aa0d10257f56de78523495e0,2026-10-09T00:15:00Z,Dallas Cowboys,Tampa Bay Buccaneers,matchbook,spreads,Dallas Cowboys,-8.5,1.97
2026-10-08T15:09:07Z,scheduled,259b5df9aa0d10257f56de78523495e0,2026-10-09T00:15:00Z,Dallas Cowboys,Tampa Bay Buccaneers,matchbook,spreads,Tampa Bay Buccaneers,8.5,2.0
2026-10-08T15:09:07Z,scheduled,259b5df9aa0d10257f56de78523495e0,2026-10-09T00:15:00Z,Dallas Cowboys,Tampa Bay Buccaneers,matchbook,totals,Over,48.5,2.0
2026-10-08T15:09:07Z,scheduled,259b5df9aa0d10257f56de78523495e0,2026-10-09T00:15:00Z,Dallas Cowboys,Tampa Bay Buccaneers,matchbook,totals,Under,48.5,1.95
2026-10-08T15:09:07Z,scheduled,259b5df9aa0d10257f56de78523495e0,2026-10-09T00:15:00Z,Dallas Cowboys,Tampa Bay Buccaneers,betmgm,h2h,Dallas Cowboys,,1.21
2026-10-08T15:09:07Z,scheduled,259b5df9aa0d10257f56de78523495e0,2026-10-09T00:15:00Z,Dallas Cowboys,Tampa Bay Buccaneers,betmgm,h2h,Tampa Bay Buccaneers,,4.75
2026-10-08T15:09:07Z,scheduled,259b5df9aa0d10257f56de78523495e0,2026-10-09T00:15:00Z,Dallas Cowboys,Tampa Bay Buccaneers,betmgm,spreads,Dallas Cowboys,-8.5,1.93
2026-10-08T15:09:07Z,scheduled,259b5df9aa0d10257f56de78523495e0,2026-10-09T00:15:00Z,Dallas Cowboys,Tampa Bay Buccaneers,betmgm,spreads,Tampa Bay Buccaneers,8.5,1.91
2026-10-08T15:09:07Z,scheduled,259b5df9aa0d10257f56de78523495e0,2026-10-09T00:15:00Z,Dallas Cowboys,Tampa Bay Buccaneers,betmgm,totals,Over,48.5,1.91
2026-10-08T15:09:07Z,scheduled,259b5df9aa0d10257f56de78523495e0,2026-10-09T00:15:00Z,Dallas Cowboys,Tampa Bay Buccaneers,betmgm,totals,Under,48.5,1.93
2026-10-08T15:09:07Z,scheduled,259b5df9aa0d10257f56de78523495e0,2026-10-09T00:15:00Z,Dallas Cowboys,Tampa Bay Buccaneers,pinnacle,h2h,Dallas Cowboys,,1.22
2026-10-08T15:09:07Z,scheduled,259b5df9aa0d10257f56de78523495e0,2026-10-09T00:15:00Z,Dallas Cowboys,Tampa Bay Buccaneers,pinnacle,h2h,Tampa Bay Buccaneers,,4.74
2026-10-08T15:09:07Z,scheduled,259b5df9aa0d10257f56de78523495e0,2026-10-09T00:15:00Z,Dallas Cowboys,Tampa Bay Buccaneers,pinnacle,spreads,Dallas Cowboys,-8.5,1.97
2026-10-08T15:09:07Z,scheduled,259b5df9aa0d10257f56de78523495e0,2026-10-09T00:15:00Z,Dallas Cowboys,Tampa Bay Buccaneers,pinnacle,spreads,Tampa Bay Buccaneers,8.5,1.93
2026-10-08T15:09:07Z,scheduled,259b5df9aa0d10257f56de78523495e0,2026-10-09T00:15:00Z,Dallas Cowboys,Tampa Bay Buccaneers,pinnacle,totals,Over,48.0,1.87
2026-10-08T15:09:07Z,scheduled,259b5df9aa0d10257f56de78523495e0,2026-10-09T00:15:00Z,Dallas Cowboys,Tampa Bay Buccaneers,pinnacle,totals,Under,48.0,2.02
2026-10-08T15:09:07Z,scheduled,259b5df9aa0d10257f56de78523495e0,2026-10-09T00:15:00Z,Dallas Cowboys,Tampa Bay Buccaneers,coolbet,h2h,Dallas Cowboys,,1.24
2026-10-08T15:09:07Z,scheduled,259b5df9aa0d10257f56de78523495e0,2026-10-09T00:15:00Z,Dallas Cowboys,Tampa Bay Buccaneers,coolbet,h2h,Tampa Bay Buccaneers,,4.7
2026-10-08T15:09:07Z,scheduled,259b5df9aa0d10257f56de78523495e0,2026-10-09T00:15:00Z,Dallas Cowboys,Tampa Bay Buccaneers,coolbet,spreads,Dallas Cowboys,-8.5,1.92
2026-10-08T15:09:07Z,scheduled,259b5df9aa0d10257f56de78523495e0,2026-10-09T00:15:00Z,Dallas Cowboys,Tampa Bay Buccaneers,coolbet,spreads,Tampa Bay Buccaneers,8.5,1.92
2026-10-08T15:09:07Z,scheduled,259b5df9aa0d10257f56de78523495e0,2026-10-09T00:15:00Z,Dallas Cowboys,Tampa Bay Buccaneers,coolbet,totals,Over,48.5,1.93
2026-10-08T15:09:07Z,scheduled,259b5df9aa0d10257f56de78523495e0,2026-10-09T00:15:00Z,Dallas Cowboys,Tampa Bay Buccaneers,coolbet,totals,Under,48.5,1.91
2026-10-08T15:09:07Z,scheduled,259b5df9aa0d10257f56de78523495e0,2026-10-09T00:15:00Z,Dallas Cowboys,Tampa Bay Buccaneers,betfair_ex_eu,h2h,Dallas Cowboys,,1.24
2026-10-08T15:09:07Z,scheduled,259b5df9aa0d10257f56de78523495e0,2026-10-09T00:15:00Z,Dallas Cowboys,Tampa Bay Buccaneers,betfair_ex_eu,h2h,Tampa Bay Buccaneers,,5.1
2026-10-08T15:09:07Z,scheduled,259b5df9aa0d10257f56de78523495e0,2026-10-09T00:15:00Z,Dallas Cowboys,Tampa Bay Buccaneers,betfair_ex_eu,h2h_lay,Dallas Cowboys,,1.25
2026-10-08T15:09:07Z,scheduled,259b5df9aa0d10257f56de78523495e0,2026-10-09T00:15:00Z,Dallas Cowboys,Tampa Bay Buccaneers,betfair_ex_eu,h2h_lay,Tampa Bay Buccaneers,,5.2
2026-10-08T15:09:07Z,scheduled,21b26266f3d78af02eb672e606275d95,2026-10-11T13:30:00Z,Jacksonville Jaguars,Philadelphia Eagles,draftkings,h2h,Jacksonville Jaguars,,1.29
2026-10-08T15:09:07Z,scheduled,21b26266f3d78af02eb672e606275d95,2026-10-11T13:30:00Z,Jacksonville Jaguars,Philadelphia Eagles,draftkings,h2h,Philadelphia Eagles,,3.75
2026-10-08T15:09:07Z,scheduled,21b26266f3d78af02eb672e606275d95,2026-10-11T13:30:00Z,Jacksonville Jaguars,Philadelphia Eagles,draftkings,spreads,Jacksonville Jaguars,-7.5,1.98
2026-10-08T15:09:07Z,scheduled,21b26266f3d78af02eb672e606275d95,2026-10-11T13:30:00Z,Jacksonville Jaguars,Philadelphia Eagles,draftkings,spreads,Philadelphia Eagles,7.5,1.85
2026-10-08T15:09:07Z,scheduled,21b26266f3d78af02eb672e606275d95,2026-10-11T13:30:00Z,Jacksonville Jaguars,Philadelphia Eagles,draftkings,totals,Over,41.5,1.89
2026-10-08T15:09:07Z,scheduled,21b26266f3d78af02eb672e606275d95,2026-10-11T13:30:00Z,Jacksonville Jaguars,Philadelphia Eagles,draftkings,totals,Under,41.5,1.93
2026-10-08T15:09:07Z,scheduled,21b26266f3d78af02eb672e606275d95,2026-10-11T13:30:00Z,Jacksonville Jaguars,Philadelphia Eagles,betsson,h2h,Jacksonville Jaguars,,1.26
2026-10-08T15:09:07Z,scheduled,21b26266f3d78af02eb672e606275d95,2026-10-11T13:30:00Z,Jacksonville Jaguars,Philadelphia Eagles,betsson,h2h,Philadelphia Eagles,,3.86
2026-10-08T15:09:07Z,scheduled,21b26266f3d78af02eb672e606275d95,2026-10-11T13:30:00Z,Jacksonville Jaguars,Philadelphia Eagles,betsson,spreads,Jacksonville Jaguars,-7.5,1.94
2026-10-08T15:09:07Z,scheduled,21b26266f3d78af02eb672e606275d95,2026-10-11T13:30:00Z,Jacksonville Jaguars,Philadelphia Eagles,betsson,spreads,Philadelphia Eagles,7.5,1.86
2026-10-08T15:09:07Z,scheduled,21b26266f3d78af02eb672e606275d95,2026-10-11T13:30:00Z,Jacksonville Jaguars,Philadelphia Eagles,betsson,totals,Over,41.5,1.88
2026-10-08T15:09:07Z,scheduled,21b26266f3d78af02eb672e606275d95,2026-10-11T13:30:00Z,Jacksonville Jaguars,Philadelphia Eagles,betsson,totals,Under,41.5,1.92
2026-10-08T15:09:07Z,scheduled,21b26266f3d78af02eb672e606275d95,2026-10-11T13:30:00Z,Jacksonville Jaguars,Philadelphia Eagles,fanduel,h2h,Jacksonville Jaguars,,1.27
2026-10-08T15:09:07Z,scheduled,21b26266f3d78af02eb672e606275d95,2026-10-11T13:30:00Z,Jacksonville Jaguars,Philadelphia Eagles,fanduel,h2h,Philadelphia Eagles,,3.95
2026-10-08T15:09:07Z,scheduled,21b26266f3d78af02eb672e606275d95,2026-10-11T13:30:00Z,Jacksonville Jaguars,Philadelphia Eagles,fanduel,spreads,Jacksonville Jaguars,-7.5,1.94
2026-10-08T15:09:07Z,scheduled,21b26266f3d78af02eb672e606275d95,2026-10-11T13:30:00Z,Jacksonville Jaguars,Philadelphia Eagles,fanduel,spreads,Philadelphia Eagles,7.5,1.88
2026-10-08T15:09:07Z,scheduled,21b26266f3d78af02eb672e606275d95,2026-10-11T13:30:00Z,Jacksonville Jaguars,Philadelphia Eagles,fanduel,totals,Over,41.5,1.87
2026-10-08T15:09:07Z,scheduled,21b26266f3d78af02eb672e606275d95,2026-10-11T13:30:00Z,Jacksonville Jaguars,Philadelphia Eagles,fanduel,totals,Under,41.5,1.95
2026-10-08T15:09:07Z,scheduled,21b26266f3d78af02eb672e606275d95,2026-10-11T13:30:00Z,Jacksonville Jaguars,Philadelphia Eagles,betmgm,h2h,Jacksonville Jaguars,,1.27
2026-10-08T15:09:07Z,scheduled,21b26266f3d78af02eb672e606275d95,2026-10-11T13:30:00Z,Jacksonville Jaguars,Philadelphia Eagles,betmgm,h2h,Philadelphia Eagles,,3.9
2026-10-08T15:09:07Z,scheduled,21b26266f3d78af02eb672e606275d95,2026-10-11T13:30:00Z,Jacksonville Jaguars,Philadelphia Eagles,betmgm,spreads,Jacksonville Jaguars,-7.5,1.93
2026-10-08T15:09:07Z,scheduled,21b26266f3d78af02eb672e606275d95,2026-10-11T13:30:00Z,Jacksonville Jaguars,Philadelphia Eagles,betmgm,spreads,Philadelphia Eagles,7.5,1.91
2026-10-08T15:09:07Z,scheduled,21b26266f3d78af02eb672e606275d95,2026-10-11T13:30:00Z,Jacksonville Jaguars,Philadelphia Eagles,betmgm,totals,Over,41.5,1.91
2026-10-08T15:09:07Z,scheduled,21b26266f3d78af02eb672e606275d95,2026-10-11T13:30:00Z,Jacksonville Jaguars,Philadelphia Eagles,betmgm,totals,Under,41.5,1.93
2026-10-08T15:09:07Z,scheduled,21b26266f3d78af02eb672e606275d95,2026-10-11T13:30:00Z,Jacksonville Jaguars,Philadelphia Eagles,betrivers,h2h,Jacksonville Jaguars,,1.23
2026-10-08T15:09:07Z,scheduled,21b26266f3d78af02eb672e606275d95,2026-10-11T13:30:00Z,Jacksonville Jaguars,Philadelphia Eagles,betrivers,h2h,Philadelphia Eagles,,4.25
2026-10-08T15:09:07Z,scheduled,21b26266f3d78af02eb672e606275d95,2026-10-11T13:30:00Z,Jacksonville Jaguars,Philadelphia Eagles,betrivers,spreads,Jacksonville Jaguars,-8.0,1.88
2026-10-08T15:09:07Z,scheduled,21b26266f3d78af02eb672e606275d95,2026-10-11T13:30:00Z,Jacksonville Jaguars,Philadelphia Eagles,betrivers,spreads,Philadelphia Eagles,8.0,1.93
2026-10-08T15:09:07Z,scheduled,21b26266f3d78af02eb672e606275d95,2026-10-11T13:30:00Z,Jacksonville Jaguars,Philadelphia Eagles,betrivers,totals,Over,41.5,1.92
2026-10-08T15:09:07Z,scheduled,21b26266f3d78af02eb672e606275d95,2026-10-11T13:30:00Z,Jacksonville Jaguars,Philadelphia Eagles,betrivers,totals,Under,41.5,1.89
2026-10-08T15:09:07Z,scheduled,21b26266f3d78af02eb672e606275d95,2026-10-11T13:30:00Z,Jacksonville Jaguars,Philadelphia Eagles,matchbook,h2h,Jacksonville Jaguars,,1.3
2026-10-08T15:09:07Z,scheduled,21b26266f3d78af02eb672e606275d95,2026-10-11T13:30:00Z,Jacksonville Jaguars,Philadelphia Eagles,matchbook,h2h,Philadelphia Eagles,,4.3
2026-10-08T15:09:07Z,scheduled,21b26266f3d78af02eb672e606275d95,2026-10-11T13:30:00Z,Jacksonville Jaguars,Philadelphia Eagles,matchbook,h2h_lay,Jacksonville Jaguars,,1.31
2026-10-08T15:09:07Z,scheduled,21b26266f3d78af02eb672e606275d95,2026-10-11T13:30:00Z,Jacksonville Jaguars,Philadelphia Eagles,matchbook,h2h_lay,Philadelphia Eagles,,4.4
2026-10-08T15:09:07Z,scheduled,21b26266f3d78af02eb672e606275d95,2026-10-11T13:30:00Z,Jacksonville Jaguars,Philadelphia Eagles,matchbook,spreads,Jacksonville Jaguars,-7.5,2.0
2026-10-08T15:09:07Z,scheduled,21b26266f3d78af02eb672e606275d95,2026-10-11T13:30:00Z,Jacksonville Jaguars,Philadelphia Eagles,matchbook,spreads,Philadelphia Eagles,7.5,1.94
2026-10-08T15:09:07Z,scheduled,21b26266f3d78af02eb672e606275d95,2026-10-11T13:30:00Z,Jacksonville Jaguars,Philadelphia Eagles,matchbook,totals,Over,42.0,1.94
2026-10-08T15:09:07Z,scheduled,21b26266f3d78af02eb672e606275d95,2026-10-11T13:30:00Z,Jacksonville Jaguars,Philadelphia Eagles,matchbook,totals,Under,42.0,1.93
2026-10-08T15:09:07Z,scheduled,21b26266f3d78af02eb672e606275d95,2026-10-11T13:30:00Z,Jacksonville Jaguars,Philadelphia Eagles,pinnacle,h2h,Jacksonville Jaguars,,1.28
2026-10-08T15:09:07Z,scheduled,21b26266f3d78af02eb672e606275d95,2026-10-11T13:30:00Z,Jacksonville Jaguars,Philadelphia Eagles,pinnacle,h2h,Philadelphia Eagles,,3.96
2026-10-08T15:09:07Z,scheduled,21b26266f3d78af02eb672e606275d95,2026-10-11T13:30:00Z,Jacksonville Jaguars,Philadelphia Eagles,pinnacle,spreads,Jacksonville Jaguars,-7.5,1.94
2026-10-08T15:09:07Z,scheduled,21b26266f3d78af02eb672e606275d95,2026-10-11T13:30:00Z,Jacksonville Jaguars,Philadelphia Eagles,pinnacle,spreads,Philadelphia Eagles,7.5,1.94
2026-10-08T15:09:07Z,scheduled,21b26266f3d78af02eb672e606275d95,2026-10-11T13:30:00Z,Jacksonville Jaguars,Philadelphia Eagles,pinnacle,totals,Over,42.5,2.03
2026-10-08T15:09:07Z,scheduled,21b26266f3d78af02eb672e606275d95,2026-10-11T13:30:00Z,Jacksonville Jaguars,Philadelphia Eagles,pinnacle,totals,Under,42.5,1.85
2026-10-08T15:09:07Z,scheduled,21b26266f3d78af02eb672e606275d95,2026-10-11T13:30:00Z,Jacksonville Jaguars,Philadelphia Eagles,coolbet,h2h,Jacksonville Jaguars,,1.27
2026-10-08T15:09:07Z,scheduled,21b26266f3d78af02eb672e606275d95,2026-10-11T13:30:00Z,Jacksonville Jaguars,Philadelphia Eagles,coolbet,h2h,Philadelphia Eagles,,4.0
2026-10-08T15:09:07Z,scheduled,21b26266f3d78af02eb672e606275d95,2026-10-11T13:30:00Z,Jacksonville Jaguars,Philadelphia Eagles,coolbet,spreads,Jacksonville Jaguars,-7.5,1.96
2026-10-08T15:09:07Z,scheduled,21b26266f3d78af02eb672e606275d95,2026-10-11T13:30:00Z,Jacksonville Jaguars,Philadelphia Eagles,coolbet,spreads,Philadelphia Eagles,7.5,1.89
2026-10-08T15:09:07Z,scheduled,21b26266f3d78af02eb672e606275d95,2026-10-11T13:30:00Z,Jacksonville Jaguars,Philadelphia Eagles,coolbet,totals,Over,42.0,1.93
2026-10-08T15:09:07Z,scheduled,21b26266f3d78af02eb672e606275d95,2026-10-11T13:30:00Z,Jacksonville Jaguars,Philadelphia Eagles,coolbet,totals,Under,42.0,1.91
2026-10-08T15:09:07Z,scheduled,21b26266f3d78af02eb672e606275d95,2026-10-11T13:30:00Z,Jacksonville Jaguars,Philadelphia Eagles,betfair_ex_eu,h2h,Jacksonville Jaguars,,1.3
2026-10-08T15:09:07Z,scheduled,21b26266f3d78af02eb672e606275d95,2026-10-11T13:30:00Z,Jacksonville Jaguars,Philadelphia Eagles,betfair_ex_eu,h2h,Philadelphia Eagles,,4.3
2026-10-08T15:09:07Z,scheduled,21b26266f3d78af02eb672e606275d95,2026-10-11T13:30:00Z,Jacksonville Jaguars,Philadelphia Eagles,betfair_ex_eu,h2h_lay,Jacksonville Jaguars,,1.31
2026-10-08T15:09:07Z,scheduled,21b26266f3d78af02eb672e606275d95,2026-10-11T13:30:00Z,Jacksonville Jaguars,Philadelphia Eagles,betfair_ex_eu,h2h_lay,Philadelphia Eagles,,4.4
2026-10-08T15:09:07Z,scheduled,2caea57b1e5cfbba1334cfbfd46f6771,2026-10-11T17:00:00Z,Green Bay Packers,Chicago Bears,draftkings,h2h,Chicago Bears,,1.77
2026-10-08T15:09:07Z,scheduled,2caea57b1e5cfbba1334cfbfd46f6771,2026-10-11T17:00:00Z,Green Bay Packers,Chicago Bears,draftkings,h2h,Green Bay Packers,,2.1
2026-10-08T15:09:07Z,scheduled,2caea57b1e5cfbba1334cfbfd46f6771,2026-10-11T17:00:00Z,Green Bay Packers,Chicago Bears,draftkings,spreads,Chicago Bears,-1.5,1.85
2026-10-08T15:09:07Z,scheduled,2caea57b1e5cfbba1334cfbfd46f6771,2026-10-11T17:00:00Z,Green Bay Packers,Chicago Bears,draftkings,spreads,Green Bay Packers,1.5,1.98
2026-10-08T15:09:07Z,scheduled,2caea57b1e5cfbba1334cfbfd46f6771,2026-10-11T17:00:00Z,Green Bay Packers,Chicago Bears,draftkings,totals,Over,45.5,1.85
2026-10-08T15:09:07Z,scheduled,2caea57b1e5cfbba1334cfbfd46f6771,2026-10-11T17:00:00Z,Green Bay Packers,Chicago Bears,draftkings,totals,Under,45.5,1.98
2026-10-08T15:09:07Z,scheduled,2caea57b1e5cfbba1334cfbfd46f6771,2026-10-11T17:00:00Z,Green Bay Packers,Chicago Bears,fanduel,h2h,Chicago Bears,,1.77
2026-10-08T15:09:07Z,scheduled,2caea57b1e5cfbba1334cfbfd46f6771,2026-10-11T17:00:00Z,Green Bay Packers,Chicago Bears,fanduel,h2h,Green Bay Packers,,2.1
2026-10-08T15:09:07Z,scheduled,2caea57b1e5cfbba1334cfbfd46f6771,2026-10-11T17:00:00Z,Green Bay Packers,Chicago Bears,fanduel,spreads,Chicago Bears,-1.5,1.87
2026-10-08T15:09:07Z,scheduled,2caea57b1e5cfbba1334cfbfd46f6771,2026-10-11T17:00:00Z,Green Bay Packers,Chicago Bears,fanduel,spreads,Green Bay Packers,1.5,1.95
2026-10-08T15:09:07Z,scheduled,2caea57b1e5cfbba1334cfbfd46f6771,2026-10-11T17:00:00Z,Green Bay Packers,Chicago Bears,fanduel,totals,Over,45.5,1.91
2026-10-08T15:09:07Z,scheduled,2caea57b1e5cfbba1334cfbfd46f6771,2026-10-11T17:00:00Z,Green Bay Packers,Chicago Bears,fanduel,totals,Under,45.5,1.91
2026-10-08T15:09:07Z,scheduled,2caea57b1e5cfbba1334cfbfd46f6771,2026-10-11T17:00:00Z,Green Bay Packers,Chicago Bears,betrivers,h2h,Chicago Bears,,1.78
2026-10-08T15:09:07Z,scheduled,2caea57b1e5cfbba1334cfbfd46f6771,2026-10-11T17:00:00Z,Green Bay Packers,Chicago Bears,betrivers,h2h,Green Bay Packers,,2.06
2026-10-08T15:09:07Z,scheduled,2caea57b1e5cfbba1334cfbfd46f6771,2026-10-11T17:00:00Z,Green Bay Packers,Chicago Bears,betrivers,spreads,Chicago Bears,-2.0,1.92
2026-10-08T15:09:07Z,scheduled,2caea57b1e5cfbba1334cfbfd46f6771,2026-10-11T17:00:00Z,Green Bay Packers,Chicago Bears,betrivers,spreads,Green Bay Packers,2.0,1.89
2026-10-08T15:09:07Z,scheduled,2caea57b1e5cfbba1334cfbfd46f6771,2026-10-11T17:00:00Z,Green Bay Packers,Chicago Bears,betrivers,totals,Over,45.5,1.91
2026-10-08T15:09:07Z,scheduled,2caea57b1e5cfbba1334cfbfd46f6771,2026-10-11T17:00:00Z,Green Bay Packers,Chicago Bears,betrivers,totals,Under,45.5,1.91
2026-10-08T15:09:07Z,scheduled,2caea57b1e5cfbba1334cfbfd46f6771,2026-10-11T17:00:00Z,Green Bay Packers,Chicago Bears,betsson,h2h,Chicago Bears,,1.75
2026-10-08T15:09:07Z,scheduled,2caea57b1e5cfbba1334cfbfd46f6771,2026-10-11T17:00:00Z,Green Bay Packers,Chicago Bears,betsson,h2h,Green Bay Packers,,2.07
2026-10-08T15:09:07Z,scheduled,2caea57b1e5cfbba1334cfbfd46f6771,2026-10-11T17:00:00Z,Green Bay Packers,Chicago Bears,betsson,spreads,Chicago Bears,-1.5,1.86
2026-10-08T15:09:07Z,scheduled,2caea57b1e5cfbba1334cfbfd46f6771,2026-10-11T17:00:00Z,Green Bay Packers,Chicago Bears,betsson,spreads,Green Bay Packers,1.5,1.94
2026-10-08T15:09:07Z,scheduled,2caea57b1e5cfbba1334cfbfd46f6771,2026-10-11T17:00:00Z,Green Bay Packers,Chicago Bears,betsson,totals,Over,45.5,1.88
2026-10-08T15:09:07Z,scheduled,2caea57b1e5cfbba1334cfbfd46f6771,2026-10-11T17:00:00Z,Green Bay Packers,Chicago Bears,betsson,totals,Under,45.5,1.92
2026-10-08T15:09:07Z,scheduled,2caea57b1e5cfbba1334cfbfd46f6771,2026-10-11T17:00:00Z,Green Bay Packers,Chicago Bears,matchbook,h2h,Chicago Bears,,1.85
2026-10-08T15:09:07Z,scheduled,2caea57b1e5cfbba1334cfbfd46f6771,2026-10-11T17:00:00Z,Green Bay Packers,Chicago Bears,matchbook,h2h,Green Bay Packers,,2.16
2026-10-08T15:09:07Z,scheduled,2caea57b1e5cfbba1334cfbfd46f6771,2026-10-11T17:00:00Z,Green Bay Packers,Chicago Bears,matchbook,h2h_lay,Chicago Bears,,1.86
2026-10-08T15:09:07Z,scheduled,2caea57b1e5cfbba1334cfbfd46f6771,2026-10-11T17:00:00Z,Green Bay Packers,Chicago Bears,matchbook,h2h_lay,Green Bay Packers,,2.18
2026-10-08T15:09:07Z,scheduled,2caea57b1e5cfbba1334cfbfd46f6771,2026-10-11T17:00:00Z,Green Bay Packers,Chicago Bears,matchbook,spreads,Chicago Bears,-2.0,1.99
2026-10-08T15:09:07Z,scheduled,2caea57b1e5cfbba1334cfbfd46f6771,2026-10-11T17:00:00Z,Green Bay Packers,Chicago Bears,matchbook,spreads,Green Bay Packers,2.0,1.9
2026-10-08T15:09:07Z,scheduled,2caea57b1e5cfbba1334cfbfd46f6771,2026-10-11T17:00:00Z,Green Bay Packers,Chicago Bears,matchbook,totals,Over,46.0,1.97
2026-10-08T15:09:07Z,scheduled,2caea57b1e5cfbba1334cfbfd46f6771,2026-10-11T17:00:00Z,Green Bay Packers,Chicago Bears,matchbook,totals,Under,46.0,1.91
2026-10-08T15:09:07Z,scheduled,2caea57b1e5cfbba1334cfbfd46f6771,2026-10-11T17:00:00Z,Green Bay Packers,Chicago Bears,betmgm,h2h,Chicago Bears,,1.77
2026-10-08T15:09:07Z,scheduled,2caea57b1e5cfbba1334cfbfd46f6771,2026-10-11T17:00:00Z,Green Bay Packers,Chicago Bears,betmgm,h2h,Green Bay Packers,,2.1
2026-10-08T15:09:07Z,scheduled,2caea57b1e5cfbba1334cfbfd46f6771,2026-10-11T17:00:00Z,Green Bay Packers,Chicago Bears,betmgm,spreads,Chicago Bears,-1.5,1.91
2026-10-08T15:09:07Z,scheduled,2caea57b1e5cfbba1334cfbfd46f6771,2026-10-11T17:00:00Z,Green Bay Packers,Chicago Bears,betmgm,spreads,Green Bay Packers,1.5,1.91
2026-10-08T15:09:07Z,scheduled,2caea57b1e5cfbba1334cfbfd46f6771,2026-10-11T17:00:00Z,Green Bay Packers,Chicago Bears,betmgm,totals,Over,45.5,1.91
2026-10-08T15:09:07Z,scheduled,2caea57b1e5cfbba1334cfbfd46f6771,2026-10-11T17:00:00Z,Green Bay Packers,Chicago Bears,betmgm,totals,Under,45.5,1.93
2026-10-08T15:09:07Z,scheduled,2caea57b1e5cfbba1334cfbfd46f6771,2026-10-11T17:00:00Z,Green Bay Packers,Chicago Bears,coolbet,h2h,Chicago Bears,,1.77
2026-10-08T15:09:07Z,scheduled,2caea57b1e5cfbba1334cfbfd46f6771,2026-10-11T17:00:00Z,Green Bay Packers,Chicago Bears,coolbet,h2h,Green Bay Packers,,2.1
2026-10-08T15:09:07Z,scheduled,2caea57b1e5cfbba1334cfbfd46f6771,2026-10-11T17:00:00Z,Green Bay Packers,Chicago Bears,coolbet,spreads,Chicago Bears,-2.0,1.95
2026-10-08T15:09:07Z,scheduled,2caea57b1e5cfbba1334cfbfd46f6771,2026-10-11T17:00:00Z,Green Bay Packers,Chicago Bears,coolbet,spreads,Green Bay Packers,2.0,1.9
2026-10-08T15:09:07Z,scheduled,2caea57b1e5cfbba1334cfbfd46f6771,2026-10-11T17:00:00Z,Green Bay Packers,Chicago Bears,coolbet,totals,Over,46.0,1.93
2026-10-08T15:09:07Z,scheduled,2caea57b1e5cfbba1334cfbfd46f6771,2026-10-11T17:00:00Z,Green Bay Packers,Chicago Bears,coolbet,totals,Under,46.0,1.91
2026-10-08T15:09:07Z,scheduled,2caea57b1e5cfbba1334cfbfd46f6771,2026-10-11T17:00:00Z,Green Bay Packers,Chicago Bears,betfair_ex_eu,h2h,Chicago Bears,,1.85
2026-10-08T15:09:07Z,scheduled,2caea57b1e5cfbba1334cfbfd46f6771,2026-10-11T17:00:00Z,Green Bay Packers,Chicago Bears,betfair_ex_eu,h2h,Green Bay Packers,,2.16
2026-10-08T15:09:07Z,scheduled,2caea57b1e5cfbba1334cfbfd46f6771,2026-10-11T17:00:00Z,Green Bay Packers,Chicago Bears,betfair_ex_eu,h2h_lay,Chicago Bears,,1.86
2026-10-08T15:09:07Z,scheduled,2caea57b1e5cfbba1334cfbfd46f6771,2026-10-11T17:00:00Z,Green Bay Packers,Chicago Bears,betfair_ex_eu,h2h_lay,Green Bay Packers,,2.18
2026-10-08T15:09:07Z,scheduled,2caea57b1e5cfbba1334cfbfd46f6771,2026-10-11T17:00:00Z,Green Bay Packers,Chicago Bears,pinnacle,h2h,Chicago Bears,,1.8
2026-10-08T15:09:07Z,scheduled,2caea57b1e5cfbba1334cfbfd46f6771,2026-10-11T17:00:00Z,Green Bay Packers,Chicago Bears,pinnacle,h2h,Green Bay Packers,,2.11
2026-10-08T15:09:07Z,scheduled,2caea57b1e5cfbba1334cfbfd46f6771,2026-10-11T17:00:00Z,Green Bay Packers,Chicago Bears,pinnacle,spreads,Chicago Bears,-2.5,2.05
2026-10-08T15:09:07Z,scheduled,2caea57b1e5cfbba1334cfbfd46f6771,2026-10-11T17:00:00Z,Green Bay Packers,Chicago Bears,pinnacle,spreads,Green Bay Packers,2.5,1.84
2026-10-08T15:09:07Z,scheduled,2caea57b1e5cfbba1334cfbfd46f6771,2026-10-11T17:00:00Z,Green Bay Packers,Chicago Bears,pinnacle,totals,Over,46.0,1.98
2026-10-08T15:09:07Z,scheduled,2caea57b1e5cfbba1334cfbfd46f6771,2026-10-11T17:00:00Z,Green Bay Packers,Chicago Bears,pinnacle,totals,Under,46.0,1.89
2026-10-08T15:09:07Z,scheduled,c4647ca1201e6768501877267ca8251b,2026-10-11T17:00:00Z,Miami Dolphins,Cincinnati Bengals,draftkings,h2h,Cincinnati Bengals,,1.33
2026-10-08T15:09:07Z,scheduled,c4647ca1201e6768501877267ca8251b,2026-10-11T17:00:00Z,Miami Dolphins,Cincinnati Bengals,draftkings,h2h,Miami Dolphins,,3.45
2026-10-08T15:09:07Z,scheduled,c4647ca1201e6768501877267ca8251b,2026-10-11T17:00:00Z,Miami Dolphins,Cincinnati Bengals,draftkings,spreads,Cincinnati Bengals,-6.5,1.83
2026-10-08T15:09:07Z,scheduled,c4647ca1201e6768501877267ca8251b,2026-10-11T17:00:00Z,Miami Dolphins,Cincinnati Bengals,draftkings,spreads,Miami Dolphins,6.5,2.0
2026-10-08T15:09:07Z,scheduled,c4647ca1201e6768501877267ca8251b,2026-10-11T17:00:00Z,Miami Dolphins,Cincinnati Bengals,draftkings,totals,Over,42.5,1.91
2026-10-08T15:09:07Z,scheduled,c4647ca1201e6768501877267ca8251b,2026-10-11T17:00:00Z,Miami Dolphins,Cincinnati Bengals,draftkings,totals,Under,42.5,1.91
2026-10-08T15:09:07Z,scheduled,c4647ca1201e6768501877267ca8251b,2026-10-11T17:00:00Z,Miami Dolphins,Cincinnati Bengals,fanduel,h2h,Cincinnati Bengals,,1.33
2026-10-08T15:09:07Z,scheduled,c4647ca1201e6768501877267ca8251b,2026-10-11T17:00:00Z,Miami Dolphins,Cincinnati Bengals,fanduel,h2h,Miami Dolphins,,3.45
2026-10-08T15:09:07Z,scheduled,c4647ca1201e6768501877267ca8251b,2026-10-11T17:00:00Z,Miami Dolphins,Cincinnati Bengals,fanduel,spreads,Cincinnati Bengals,-6.5,1.83
2026-10-08T15:09:07Z,scheduled,c4647ca1201e6768501877267ca8251b,2026-10-11T17:00:00Z,Miami Dolphins,Cincinnati Bengals,fanduel,spreads,Miami Dolphins,6.5,1.98
2026-10-08T15:09:07Z,scheduled,c4647ca1201e6768501877267ca8251b,2026-10-11T17:00:00Z,Miami Dolphins,Cincinnati Bengals,fanduel,totals,Over,42.5,1.91
2026-10-08T15:09:07Z,scheduled,c4647ca1201e6768501877267ca8251b,2026-10-11T17:00:00Z,Miami Dolphins,Cincinnati Bengals,fanduel,totals,Under,42.5,1.91
2026-10-08T15:09:07Z,scheduled,c4647ca1201e6768501877267ca8251b,2026-10-11T17:00:00Z,Miami Dolphins,Cincinnati Bengals,betsson,h2h,Cincinnati Bengals,,1.31
2026-10-08T15:09:07Z,scheduled,c4647ca1201e6768501877267ca8251b,2026-10-11T17:00:00Z,Miami Dolphins,Cincinnati Bengals,betsson,h2h,Miami Dolphins,,3.45
2026-10-08T15:09:07Z,scheduled,c4647ca1201e6768501877267ca8251b,2026-10-11T17:00:00Z,Miami Dolphins,Cincinnati Bengals,betsson,spreads,Cincinnati Bengals,-6.5,1.85
2026-10-08T15:09:07Z,scheduled,c4647ca1201e6768501877267ca8251b,2026-10-11T17:00:00Z,Miami Dolphins,Cincinnati Bengals,betsson,spreads,Miami Dolphins,6.5,1.95
2026-10-08T15:09:07Z,scheduled,c4647ca1201e6768501877267ca8251b,2026-10-11T17:00:00Z,Miami Dolphins,Cincinnati Bengals,betsson,totals,Over,42.5,1.9
2026-10-08T15:09:07Z,scheduled,c4647ca1201e6768501877267ca8251b,2026-10-11T17:00:00Z,Miami Dolphins,Cincinnati Bengals,betsson,totals,Under,42.5,1.9
2026-10-08T15:09:07Z,scheduled,c4647ca1201e6768501877267ca8251b,2026-10-11T17:00:00Z,Miami Dolphins,Cincinnati Bengals,betrivers,h2h,Cincinnati Bengals,,1.32
2026-10-08T15:09:07Z,scheduled,c4647ca1201e6768501877267ca8251b,2026-10-11T17:00:00Z,Miami Dolphins,Cincinnati Bengals,betrivers,h2h,Miami Dolphins,,3.5
2026-10-08T15:09:07Z,scheduled,c4647ca1201e6768501877267ca8251b,2026-10-11T17:00:00Z,Miami Dolphins,Cincinnati Bengals,betrivers,spreads,Cincinnati Bengals,-6.5,1.87
2026-10-08T15:09:07Z,scheduled,c4647ca1201e6768501877267ca8251b,2026-10-11T17:00:00Z,Miami Dolphins,Cincinnati Bengals,betrivers,spreads,Miami Dolphins,6.5,1.94
2026-10-08T15:09:07Z,scheduled,c4647ca1201e6768501877267ca8251b,2026-10-11T17:00:00Z,Miami Dolphins,Cincinnati Bengals,betrivers,totals,Over,42.5,1.92
2026-10-08T15:09:07Z,scheduled,c4647ca1201e6768501877267ca8251b,2026-10-11T17:00:00Z,Miami Dolphins,Cincinnati Bengals,betrivers,totals,Under,42.5,1.89
2026-10-08T15:09:07Z,scheduled,c4647ca1201e6768501877267ca8251b,2026-10-11T17:00:00Z,Miami Dolphins,Cincinnati Bengals,betmgm,h2h,Cincinnati Bengals,,1.33
2026-10-08T15:09:07Z,scheduled,c4647ca1201e6768501877267ca8251b,2026-10-11T17:00:00Z,Miami Dolphins,Cincinnati Bengals,betmgm,h2h,Miami Dolphins,,3.5
2026-10-08T15:09:07Z,scheduled,c4647ca1201e6768501877267ca8251b,2026-10-11T17:00:00Z,Miami Dolphins,Cincinnati Bengals,betmgm,spreads,Cincinnati Bengals,-7.0,1.98
2026-10-08T15:09:07Z,scheduled,c4647ca1201e6768501877267ca8251b,2026-10-11T17:00:00Z,Miami Dolphins,Cincinnati Bengals,betmgm,spreads,Miami Dolphins,7.0,1.87
2026-10-08T15:09:07Z,scheduled,c4647ca1201e6768501877267ca8251b,2026-10-11T17:00:00Z,Miami Dolphins,Cincinnati Bengals,betmgm,totals,Over,42.5,1.91
2026-10-08T15:09:07Z,scheduled,c4647ca1201e6768501877267ca8251b,2026-10-11T17:00:00Z,Miami Dolphins,Cincinnati Bengals,betmgm,totals,Under,42.5,1.93
2026-10-08T15:09:07Z,scheduled,c4647ca1201e6768501877267ca8251b,2026-10-11T17:00:00Z,Miami Dolphins,Cincinnati Bengals,matchbook,h2h,Cincinnati Bengals,,1.35
2026-10-08T15:09:07Z,scheduled,c4647ca1201e6768501877267ca8251b,2026-10-11T17:00:00Z,Miami Dolphins,Cincinnati Bengals,matchbook,h2h,Miami Dolphins,,3.75
2026-10-08T15:09:07Z,scheduled,c4647ca1201e6768501877267ca8251b,2026-10-11T17:00:00Z,Miami Dolphins,Cincinnati Bengals,matchbook,h2h_lay,Cincinnati Bengals,,1.37
2026-10-08T15:09:07Z,scheduled,c4647ca1201e6768501877267ca8251b,2026-10-11T17:00:00Z,Miami Dolphins,Cincinnati Bengals,matchbook,h2h_lay,Miami Dolphins,,3.8
2026-10-08T15:09:07Z,scheduled,c4647ca1201e6768501877267ca8251b,2026-10-11T17:00:00Z,Miami Dolphins,Cincinnati Bengals,matchbook,spreads,Cincinnati Bengals,-6.5,1.96
2026-10-08T15:09:07Z,scheduled,c4647ca1201e6768501877267ca8251b,2026-10-11T17:00:00Z,Miami Dolphins,Cincinnati Bengals,matchbook,spreads,Miami Dolphins,6.5,1.99
2026-10-08T15:09:07Z,scheduled,c4647ca1201e6768501877267ca8251b,2026-10-11T17:00:00Z,Miami Dolphins,Cincinnati Bengals,matchbook,totals,Over,42.5,1.9
2026-10-08T15:09:07Z,scheduled,c4647ca1201e6768501877267ca8251b,2026-10-11T17:00:00Z,Miami Dolphins,Cincinnati Bengals,matchbook,totals,Under,42.5,1.98
2026-10-08T15:09:07Z,scheduled,c4647ca1201e6768501877267ca8251b,2026-10-11T17:00:00Z,Miami Dolphins,Cincinnati Bengals,coolbet,h2h,Cincinnati Bengals,,1.31
2026-10-08T15:09:07Z,scheduled,c4647ca1201e6768501877267ca8251b,2026-10-11T17:00:00Z,Miami Dolphins,Cincinnati Bengals,coolbet,h2h,Miami Dolphins,,3.6
2026-10-08T15:09:07Z,scheduled,c4647ca1201e6768501877267ca8251b,2026-10-11T17:00:00Z,Miami Dolphins,Cincinnati Bengals,coolbet,spreads,Cincinnati Bengals,-6.5,1.87
2026-10-08T15:09:07Z,scheduled,c4647ca1201e6768501877267ca8251b,2026-10-11T17:00:00Z,Miami Dolphins,Cincinnati Bengals,coolbet,spreads,Miami Dolphins,6.5,1.98
2026-10-08T15:09:07Z,scheduled,c4647ca1201e6768501877267ca8251b,2026-10-11T17:00:00Z,Miami Dolphins,Cincinnati Bengals,coolbet,totals,Over,42.5,1.92
2026-10-08T15:09:07Z,scheduled,c4647ca1201e6768501877267ca8251b,2026-10-11T17:00:00Z,Miami Dolphins,Cincinnati Bengals,coolbet,totals,Under,42.5,1.92
2026-10-08T15:09:07Z,scheduled,c4647ca1201e6768501877267ca8251b,2026-10-11T17:00:00Z,Miami Dolphins,Cincinnati Bengals,betfair_ex_eu,h2h,Cincinnati Bengals,,1.35
2026-10-08T15:09:07Z,scheduled,c4647ca1201e6768501877267ca8251b,2026-10-11T17:00:00Z,Miami Dolphins,Cincinnati Bengals,betfair_ex_eu,h2h,Miami Dolphins,,3.75
2026-10-08T15:09:07Z,scheduled,c4647ca1201e6768501877267ca8251b,2026-10-11T17:00:00Z,Miami Dolphins,Cincinnati Bengals,betfair_ex_eu,h2h_lay,Cincinnati Bengals,,1.36
2026-10-08T15:09:07Z,scheduled,c4647ca1201e6768501877267ca8251b,2026-10-11T17:00:00Z,Miami Dolphins,Cincinnati Bengals,betfair_ex_eu,h2h_lay,Miami Dolphins,,3.85
2026-10-08T15:09:07Z,scheduled,c4647ca1201e6768501877267ca8251b,2026-10-11T17:00:00Z,Miami Dolphins,Cincinnati Bengals,pinnacle,h2h,Cincinnati Bengals,,1.32
2026-10-08T15:09:07Z,scheduled,c4647ca1201e6768501877267ca8251b,2026-10-11T17:00:00Z,Miami Dolphins,Cincinnati Bengals,pinnacle,h2h,Miami Dolphins,,3.63
2026-10-08T15:09:07Z,scheduled,c4647ca1201e6768501877267ca8251b,2026-10-11T17:00:00Z,Miami Dolphins,Cincinnati Bengals,pinnacle,spreads,Cincinnati Bengals,-7.0,2.02
2026-10-08T15:09:07Z,scheduled,c4647ca1201e6768501877267ca8251b,2026-10-11T17:00:00Z,Miami Dolphins,Cincinnati Bengals,pinnacle,spreads,Miami Dolphins,7.0,1.87
2026-10-08T15:09:07Z,scheduled,c4647ca1201e6768501877267ca8251b,2026-10-11T17:00:00Z,Miami Dolphins,Cincinnati Bengals,pinnacle,totals,Over,42.5,1.89
2026-10-08T15:09:07Z,scheduled,c4647ca1201e6768501877267ca8251b,2026-10-11T17:00:00Z,Miami Dolphins,Cincinnati Bengals,pinnacle,totals,Under,42.5,1.97
2026-10-08T15:09:07Z,scheduled,9db4ed15fe34fca1fb62f040cd244591,2026-10-11T17:00:00Z,New York Jets,Cleveland Browns,draftkings,h2h,Cleveland Browns,,2.05
2026-10-08T15:09:07Z,scheduled,9db4ed15fe34fca1fb62f040cd244591,2026-10-11T17:00:00Z,New York Jets,Cleveland Browns,draftkings,h2h,New York Jets,,1.8
2026-10-08T15:09:07Z,scheduled,9db4ed15fe34fca1fb62f040cd244591,2026-10-11T17:00:00Z,New York Jets,Cleveland Browns,draftkings,spreads,Cleveland Browns,1.5,1.95
2026-10-08T15:09:07Z,scheduled,9db4ed15fe34fca1fb62f040cd244591,2026-10-11T17:00:00Z,New York Jets,Cleveland Browns,draftkings,spreads,New York Jets,-1.5,1.87
2026-10-08T15:09:07Z,scheduled,9db4ed15fe34fca1fb62f040cd244591,2026-10-11T17:00:00Z,New York Jets,Cleveland Browns,draftkings,totals,Over,39.5,1.85
2026-10-08T15:09:07Z,scheduled,9db4ed15fe34fca1fb62f040cd244591,2026-10-11T17:00:00Z,New York Jets,Cleveland Browns,draftkings,totals,Under,39.5,1.98
2026-10-08T15:09:07Z,scheduled,9db4ed15fe34fca1fb62f040cd244591,2026-10-11T17:00:00Z,New York Jets,Cleveland Browns,fanduel,h2h,Cleveland Browns,,2.08
2026-10-08T15:09:07Z,scheduled,9db4ed15fe34fca1fb62f040cd244591,2026-10-11T17:00:00Z,New York Jets,Cleveland Browns,fanduel,h2h,New York Jets,,1.79
2026-10-08T15:09:07Z,scheduled,9db4ed15fe34fca1fb62f040cd244591,2026-10-11T17:00:00Z,New York Jets,Cleveland Browns,fanduel,spreads,Cleveland Browns,1.5,1.95
2026-10-08T15:09:07Z,scheduled,9db4ed15fe34fca1fb62f040cd244591,2026-10-11T17:00:00Z,New York Jets,Cleveland Browns,fanduel,spreads,New York Jets,-1.5,1.87
2026-10-08T15:09:07Z,scheduled,9db4ed15fe34fca1fb62f040cd244591,2026-10-11T17:00:00Z,New York Jets,Cleveland Browns,fanduel,totals,Over,40.5,1.95
2026-10-08T15:09:07Z,scheduled,9db4ed15fe34fca1fb62f040cd244591,2026-10-11T17:00:00Z,New York Jets,Cleveland Browns,fanduel,totals,Under,40.5,1.87
2026-10-08T15:09:07Z,scheduled,9db4ed15fe34fca1fb62f040cd244591,2026-10-11T17:00:00Z,New York Jets,Cleveland Browns,betsson,h2h,Cleveland Browns,,2.1
2026-10-08T15:09:07Z,scheduled,9db4ed15fe34fca1fb62f040cd244591,2026-10-11T17:00:00Z,New York Jets,Cleveland Browns,betsson,h2h,New York Jets,,1.73
2026-10-08T15:09:07Z,scheduled,9db4ed15fe34fca1fb62f040cd244591,2026-10-11T17:00:00Z,New York Jets,Cleveland Browns,betsson,spreads,Cleveland Browns,2.5,1.86
2026-10-08T15:09:07Z,scheduled,9db4ed15fe34fca1fb62f040cd244591,2026-10-11T17:00:00Z,New York Jets,Cleveland Browns,betsson,spreads,New York Jets,-2.5,1.94
2026-10-08T15:09:07Z,scheduled,9db4ed15fe34fca1fb62f040cd244591,2026-10-11T17:00:00Z,New York Jets,Cleveland Browns,betsson,totals,Over,39.5,1.85
2026-10-08T15:09:07Z,scheduled,9db4ed15fe34fca1fb62f040cd244591,2026-10-11T17:00:00Z,New York Jets,Cleveland Browns,betsson,totals,Under,39.5,1.95
2026-10-08T15:09:07Z,scheduled,9db4ed15fe34fca1fb62f040cd244591,2026-10-11T17:00:00Z,New York Jets,Cleveland Browns,betrivers,h2h,Cleveland Browns,,2.05
2026-10-08T15:09:07Z,scheduled,9db4ed15fe34fca1fb62f040cd244591,2026-10-11T17:00:00Z,New York Jets,Cleveland Browns,betrivers,h2h,New York Jets,,1.77
2026-10-08T15:09:07Z,scheduled,9db4ed15fe34fca1fb62f040cd244591,2026-10-11T17:00:00Z,New York Jets,Cleveland Browns,betrivers,spreads,Cleveland Browns,2.0,1.91
2026-10-08T15:09:07Z,scheduled,9db4ed15fe34fca1fb62f040cd244591,2026-10-11T17:00:00Z,New York Jets,Cleveland Browns,betrivers,spreads,New York Jets,-2.0,1.91
2026-10-08T15:09:07Z,scheduled,9db4ed15fe34fca1fb62f040cd244591,2026-10-11T17:00:00Z,New York Jets,Cleveland Browns,betrivers,totals,Over,40.0,1.93
2026-10-08T15:09:07Z,scheduled,9db4ed15fe34fca1fb62f040cd244591,2026-10-11T17:00:00Z,New York Jets,Cleveland Browns,betrivers,totals,Under,40.0,1.88
2026-10-08T15:09:07Z,scheduled,9db4ed15fe34fca1fb62f040cd244591,2026-10-11T17:00:00Z,New York Jets,Cleveland Browns,matchbook,h2h,Cleveland Browns,,2.2
2026-10-08T15:09:07Z,scheduled,9db4ed15fe34fca1fb62f040cd244591,2026-10-11T17:00:00Z,New York Jets,Cleveland Browns,matchbook,h2h,New York Jets,,1.81
2026-10-08T15:09:07Z,scheduled,9db4ed15fe34fca1fb62f040cd244591,2026-10-11T17:00:00Z,New York Jets,Cleveland Browns,matchbook,h2h_lay,Cleveland Browns,,2.24
2026-10-08T15:09:07Z,scheduled,9db4ed15fe34fca1fb62f040cd244591,2026-10-11T17:00:00Z,New York Jets,Cleveland Browns,matchbook,h2h_lay,New York Jets,,1.84
2026-10-08T15:09:07Z,scheduled,9db4ed15fe34fca1fb62f040cd244591,2026-10-11T17:00:00Z,New York Jets,Cleveland Browns,matchbook,spreads,Cleveland Browns,2.5,1.93
2026-10-08T15:09:07Z,scheduled,9db4ed15fe34fca1fb62f040cd244591,2026-10-11T17:00:00Z,New York Jets,Cleveland Browns,matchbook,spreads,New York Jets,-2.5,1.98
2026-10-08T15:09:07Z,scheduled,9db4ed15fe34fca1fb62f040cd244591,2026-10-11T17:00:00Z,New York Jets,Cleveland Browns,matchbook,totals,Over,39.5,1.91
2026-10-08T15:09:07Z,scheduled,9db4ed15fe34fca1fb62f040cd244591,2026-10-11T17:00:00Z,New York Jets,Cleveland Browns,matchbook,totals,Under,39.5,1.98
2026-10-08T15:09:07Z,scheduled,9db4ed15fe34fca1fb62f040cd244591,2026-10-11T17:00:00Z,New York Jets,Cleveland Browns,betmgm,h2h,Cleveland Browns,,2.1
2026-10-08T15:09:07Z,scheduled,9db4ed15fe34fca1fb62f040cd244591,2026-10-11T17:00:00Z,New York Jets,Cleveland Browns,betmgm,h2h,New York Jets,,1.74
2026-10-08T15:09:07Z,scheduled,9db4ed15fe34fca1fb62f040cd244591,2026-10-11T17:00:00Z,New York Jets,Cleveland Browns,betmgm,spreads,Cleveland Browns,2.0,1.91
2026-10-08T15:09:07Z,scheduled,9db4ed15fe34fca1fb62f040cd244591,2026-10-11T17:00:00Z,New York Jets,Cleveland Browns,betmgm,spreads,New York Jets,-2.0,1.93
2026-10-08T15:09:07Z,scheduled,9db4ed15fe34fca1fb62f040cd244591,2026-10-11T17:00:00Z,New York Jets,Cleveland Browns,betmgm,totals,Over,40.0,1.91
2026-10-08T15:09:07Z,scheduled,9db4ed15fe34fca1fb62f040cd244591,2026-10-11T17:00:00Z,New York Jets,Cleveland Browns,betmgm,totals,Under,40.0,1.93
2026-10-08T15:09:07Z,scheduled,9db4ed15fe34fca1fb62f040cd244591,2026-10-11T17:00:00Z,New York Jets,Cleveland Browns,pinnacle,h2h,Cleveland Browns,,2.15
2026-10-08T15:09:07Z,scheduled,9db4ed15fe34fca1fb62f040cd244591,2026-10-11T17:00:00Z,New York Jets,Cleveland Browns,pinnacle,h2h,New York Jets,,1.77
2026-10-08T15:09:07Z,scheduled,9db4ed15fe34fca1fb62f040cd244591,2026-10-11T17:00:00Z,New York Jets,Cleveland Browns,pinnacle,spreads,Cleveland Browns,1.5,1.99
2026-10-08T15:09:07Z,scheduled,9db4ed15fe34fca1fb62f040cd244591,2026-10-11T17:00:00Z,New York Jets,Cleveland Browns,pinnacle,spreads,New York Jets,-1.5,1.89
2026-10-08T15:09:07Z,scheduled,9db4ed15fe34fca1fb62f040cd244591,2026-10-11T17:00:00Z,New York Jets,Cleveland Browns,pinnacle,totals,Over,40.0,1.95
2026-10-08T15:09:07Z,scheduled,9db4ed15fe34fca1fb62f040cd244591,2026-10-11T17:00:00Z,New York Jets,Cleveland Browns,pinnacle,totals,Under,40.0,1.92
2026-10-08T15:09:07Z,scheduled,9db4ed15fe34fca1fb62f040cd244591,2026-10-11T17:00:00Z,New York Jets,Cleveland Browns,coolbet,h2h,Cleveland Browns,,2.13
2026-10-08T15:09:07Z,scheduled,9db4ed15fe34fca1fb62f040cd244591,2026-10-11T17:00:00Z,New York Jets,Cleveland Browns,coolbet,h2h,New York Jets,,1.75
2026-10-08T15:09:07Z,scheduled,9db4ed15fe34fca1fb62f040cd244591,2026-10-11T17:00:00Z,New York Jets,Cleveland Browns,coolbet,spreads,Cleveland Browns,2.0,1.93
2026-10-08T15:09:07Z,scheduled,9db4ed15fe34fca1fb62f040cd244591,2026-10-11T17:00:00Z,New York Jets,Cleveland Browns,coolbet,spreads,New York Jets,-2.0,1.91
2026-10-08T15:09:07Z,scheduled,9db4ed15fe34fca1fb62f040cd244591,2026-10-11T17:00:00Z,New York Jets,Cleveland Browns,coolbet,totals,Over,40.0,1.92
2026-10-08T15:09:07Z,scheduled,9db4ed15fe34fca1fb62f040cd244591,2026-10-11T17:00:00Z,New York Jets,Cleveland Browns,coolbet,totals,Under,40.0,1.92
2026-10-08T15:09:07Z,scheduled,9db4ed15fe34fca1fb62f040cd244591,2026-10-11T17:00:00Z,New York Jets,Cleveland Browns,betfair_ex_eu,h2h,Cleveland Browns,,2.2
2026-10-08T15:09:07Z,scheduled,9db4ed15fe34fca1fb62f040cd244591,2026-10-11T17:00:00Z,New York Jets,Cleveland Browns,betfair_ex_eu,h2h,New York Jets,,1.81
2026-10-08T15:09:07Z,scheduled,9db4ed15fe34fca1fb62f040cd244591,2026-10-11T17:00:00Z,New York Jets,Cleveland Browns,betfair_ex_eu,h2h_lay,Cleveland Browns,,2.24
2026-10-08T15:09:07Z,scheduled,9db4ed15fe34fca1fb62f040cd244591,2026-10-11T17:00:00Z,New York Jets,Cleveland Browns,betfair_ex_eu,h2h_lay,New York Jets,,1.84
2026-10-08T15:09:07Z,scheduled,cc52bba56e74f5cddbe9011046181c3d,2026-10-11T17:00:00Z,Tennessee Titans,Houston Texans,draftkings,h2h,Houston Texans,,1.24
2026-10-08T15:09:07Z,scheduled,cc52bba56e74f5cddbe9011046181c3d,2026-10-11T17:00:00Z,Tennessee Titans,Houston Texans,draftkings,h2h,Tennessee Titans,,4.3
2026-10-08T15:09:07Z,scheduled,cc52bba56e74f5cddbe9011046181c3d,2026-10-11T17:00:00Z,Tennessee Titans,Houston Texans,draftkings,spreads,Houston Texans,-7.5,1.95
2026-10-08T15:09:07Z,scheduled,cc52bba56e74f5cddbe9011046181c3d,2026-10-11T17:00:00Z,Tennessee Titans,Houston Texans,draftkings,spreads,Tennessee Titans,7.5,1.87
2026-10-08T15:09:07Z,scheduled,cc52bba56e74f5cddbe9011046181c3d,2026-10-11T17:00:00Z,Tennessee Titans,Houston Texans,draftkings,totals,Over,38.5,1.95
2026-10-08T15:09:07Z,scheduled,cc52bba56e74f5cddbe9011046181c3d,2026-10-11T17:00:00Z,Tennessee Titans,Houston Texans,draftkings,totals,Under,38.5,1.87
2026-10-08T15:09:07Z,scheduled,cc52bba56e74f5cddbe9011046181c3d,2026-10-11T17:00:00Z,Tennessee Titans,Houston Texans,fanduel,h2h,Houston Texans,,1.27
2026-10-08T15:09:07Z,scheduled,cc52bba56e74f5cddbe9011046181c3d,2026-10-11T17:00:00Z,Tennessee Titans,Houston Texans,fanduel,h2h,Tennessee Titans,,3.95
2026-10-08T15:09:07Z,scheduled,cc52bba56e74f5cddbe9011046181c3d,2026-10-11T17:00:00Z,Tennessee Titans,Houston Texans,fanduel,spreads,Houston Texans,-7.5,1.96
2026-10-08T15:09:07Z,scheduled,cc52bba56e74f5cddbe9011046181c3d,2026-10-11T17:00:00Z,Tennessee Titans,Houston Texans,fanduel,spreads,Tennessee Titans,7.5,1.85
2026-10-08T15:09:07Z,scheduled,cc52bba56e74f5cddbe9011046181c3d,2026-10-11T17:00:00Z,Tennessee Titans,Houston Texans,fanduel,totals,Over,37.5,1.87
2026-10-08T15:09:07Z,scheduled,cc52bba56e74f5cddbe9011046181c3d,2026-10-11T17:00:00Z,Tennessee Titans,Houston Texans,fanduel,totals,Under,37.5,1.95
2026-10-08T15:09:07Z,scheduled,cc52bba56e74f5cddbe9011046181c3d,2026-10-11T17:00:00Z,Tennessee Titans,Houston Texans,betsson,h2h,Houston Texans,,1.24
2026-10-08T15:09:07Z,scheduled,cc52bba56e74f5cddbe9011046181c3d,2026-10-11T17:00:00Z,Tennessee Titans,Houston Texans,betsson,h2h,Tennessee Titans,,4.03
2026-10-08T15:09:07Z,scheduled,cc52bba56e74f5cddbe9011046181c3d,2026-10-11T17:00:00Z,Tennessee Titans,Houston Texans,betsson,spreads,Houston Texans,-7.5,1.92
2026-10-08T15:09:07Z,scheduled,cc52bba56e74f5cddbe9011046181c3d,2026-10-11T17:00:00Z,Tennessee Titans,Houston Texans,betsson,spreads,Tennessee Titans,7.5,1.88
2026-10-08T15:09:07Z,scheduled,cc52bba56e74f5cddbe9011046181c3d,2026-10-11T17:00:00Z,Tennessee Titans,Houston Texans,betsson,totals,Over,38.5,1.92
2026-10-08T15:09:07Z,scheduled,cc52bba56e74f5cddbe9011046181c3d,2026-10-11T17:00:00Z,Tennessee Titans,Houston Texans,betsson,totals,Under,38.5,1.88
2026-10-08T15:09:07Z,scheduled,cc52bba56e74f5cddbe9011046181c3d,2026-10-11T17:00:00Z,Tennessee Titans,Houston Texans,betrivers,h2h,Houston Texans,,1.28
2026-10-08T15:09:07Z,scheduled,cc52bba56e74f5cddbe9011046181c3d,2026-10-11T17:00:00Z,Tennessee Titans,Houston Texans,betrivers,h2h,Tennessee Titans,,3.85
2026-10-08T15:09:07Z,scheduled,cc52bba56e74f5cddbe9011046181c3d,2026-10-11T17:00:00Z,Tennessee Titans,Houston Texans,betrivers,spreads,Houston Texans,-7.5,1.95
2026-10-08T15:09:07Z,scheduled,cc52bba56e74f5cddbe9011046181c3d,2026-10-11T17:00:00Z,Tennessee Titans,Houston Texans,betrivers,spreads,Tennessee Titans,7.5,1.85
2026-10-08T15:09:07Z,scheduled,cc52bba56e74f5cddbe9011046181c3d,2026-10-11T17:00:00Z,Tennessee Titans,Houston Texans,betrivers,totals,Over,37.5,1.89
2026-10-08T15:09:07Z,scheduled,cc52bba56e74f5cddbe9011046181c3d,2026-10-11T17:00:00Z,Tennessee Titans,Houston Texans,betrivers,totals,Under,37.5,1.91
2026-10-08T15:09:07Z,scheduled,cc52bba56e74f5cddbe9011046181c3d,2026-10-11T17:00:00Z,Tennessee Titans,Houston Texans,matchbook,h2h,Houston Texans,,1.29
2026-10-08T15:09:07Z,scheduled,cc52bba56e74f5cddbe9011046181c3d,2026-10-11T17:00:00Z,Tennessee Titans,Houston Texans,matchbook,h2h,Tennessee Titans,,4.3
2026-10-08T15:09:07Z,scheduled,cc52bba56e74f5cddbe9011046181c3d,2026-10-11T17:00:00Z,Tennessee Titans,Houston Texans,matchbook,h2h_lay,Houston Texans,,1.31
2026-10-08T15:09:07Z,scheduled,cc52bba56e74f5cddbe9011046181c3d,2026-10-11T17:00:00Z,Tennessee Titans,Houston Texans,matchbook,h2h_lay,Tennessee Titans,,4.4
2026-10-08T15:09:07Z,scheduled,cc52bba56e74f5cddbe9011046181c3d,2026-10-11T17:00:00Z,Tennessee Titans,Houston Texans,matchbook,spreads,Houston Texans,-7.5,1.98
2026-10-08T15:09:07Z,scheduled,cc52bba56e74f5cddbe9011046181c3d,2026-10-11T17:00:00Z,Tennessee Titans,Houston Texans,matchbook,spreads,Tennessee Titans,7.5,1.94
2026-10-08T15:09:07Z,scheduled,cc52bba56e74f5cddbe9011046181c3d,2026-10-11T17:00:00Z,Tennessee Titans,Houston Texans,matchbook,totals,Over,38.0,1.94
2026-10-08T15:09:07Z,scheduled,cc52bba56e74f5cddbe9011046181c3d,2026-10-11T17:00:00Z,Tennessee Titans,Houston Texans,matchbook,totals,Under,38.0,1.95
2026-10-08T15:09:07Z,scheduled,cc52bba56e74f5cddbe9011046181c3d,2026-10-11T17:00:00Z,Tennessee Titans,Houston Texans,betmgm,h2h,Houston Texans,,1.25
2026-10-08T15:09:07Z,scheduled,cc52bba56e74f5cddbe9011046181c3d,2026-10-11T17:00:00Z,Tennessee Titans,Houston Texans,betmgm,h2h,Tennessee Titans,,4.1
2026-10-08T15:09:07Z,scheduled,cc52bba56e74f5cddbe9011046181c3d,2026-10-11T17:00:00Z,Tennessee Titans,Houston Texans,betmgm,spreads,Houston Texans,-7.5,1.93
2026-10-08T15:09:07Z,scheduled,cc52bba56e74f5cddbe9011046181c3d,2026-10-11T17:00:00Z,Tennessee Titans,Houston Texans,betmgm,spreads,Tennessee Titans,7.5,1.91
2026-10-08T15:09:07Z,scheduled,cc52bba56e74f5cddbe9011046181c3d,2026-10-11T17:00:00Z,Tennessee Titans,Houston Texans,betmgm,totals,Over,38.5,1.91
2026-10-08T15:09:07Z,scheduled,cc52bba56e74f5cddbe9011046181c3d,2026-10-11T17:00:00Z,Tennessee Titans,Houston Texans,betmgm,totals,Under,38.5,1.93
2026-10-08T15:09:07Z,scheduled,cc52bba56e74f5cddbe9011046181c3d,2026-10-11T17:00:00Z,Tennessee Titans,Houston Texans,pinnacle,h2h,Houston Texans,,1.26
2026-10-08T15:09:07Z,scheduled,cc52bba56e74f5cddbe9011046181c3d,2026-10-11T17:00:00Z,Tennessee Titans,Houston Texans,pinnacle,h2h,Tennessee Titans,,4.11
2026-10-08T15:09:07Z,scheduled,cc52bba56e74f5cddbe9011046181c3d,2026-10-11T17:00:00Z,Tennessee Titans,Houston Texans,pinnacle,spreads,Houston Texans,-7.5,1.93
2026-10-08T15:09:07Z,scheduled,cc52bba56e74f5cddbe9011046181c3d,2026-10-11T17:00:00Z,Tennessee Titans,Houston Texans,pinnacle,spreads,Tennessee Titans,7.5,1.95
2026-10-08T15:09:07Z,scheduled,cc52bba56e74f5cddbe9011046181c3d,2026-10-11T17:00:00Z,Tennessee Titans,Houston Texans,pinnacle,totals,Over,37.5,1.84
2026-10-08T15:09:07Z,scheduled,cc52bba56e74f5cddbe9011046181c3d,2026-10-11T17:00:00Z,Tennessee Titans,Houston Texans,pinnacle,totals,Under,37.5,2.03
2026-10-08T15:09:07Z,scheduled,cc52bba56e74f5cddbe9011046181c3d,2026-10-11T17:00:00Z,Tennessee Titans,Houston Texans,coolbet,h2h,Houston Texans,,1.26
2026-10-08T15:09:07Z,scheduled,cc52bba56e74f5cddbe9011046181c3d,2026-10-11T17:00:00Z,Tennessee Titans,Houston Texans,coolbet,h2h,Tennessee Titans,,4.1
2026-10-08T15:09:07Z,scheduled,cc52bba56e74f5cddbe9011046181c3d,2026-10-11T17:00:00Z,Tennessee Titans,Houston Texans,coolbet,spreads,Houston Texans,-7.5,1.95
2026-10-08T15:09:07Z,scheduled,cc52bba56e74f5cddbe9011046181c3d,2026-10-11T17:00:00Z,Tennessee Titans,Houston Texans,coolbet,spreads,Tennessee Titans,7.5,1.9
2026-10-08T15:09:07Z,scheduled,cc52bba56e74f5cddbe9011046181c3d,2026-10-11T17:00:00Z,Tennessee Titans,Houston Texans,coolbet,totals,Over,38.0,1.91
2026-10-08T15:09:07Z,scheduled,cc52bba56e74f5cddbe9011046181c3d,2026-10-11T17:00:00Z,Tennessee Titans,Houston Texans,coolbet,totals,Under,38.0,1.93
2026-10-08T15:09:07Z,scheduled,cc52bba56e74f5cddbe9011046181c3d,2026-10-11T17:00:00Z,Tennessee Titans,Houston Texans,betfair_ex_eu,h2h,Houston Texans,,1.3
2026-10-08T15:09:07Z,scheduled,cc52bba56e74f5cddbe9011046181c3d,2026-10-11T17:00:00Z,Tennessee Titans,Houston Texans,betfair_ex_eu,h2h,Tennessee Titans,,4.2
2026-10-08T15:09:07Z,scheduled,cc52bba56e74f5cddbe9011046181c3d,2026-10-11T17:00:00Z,Tennessee Titans,Houston Texans,betfair_ex_eu,h2h_lay,Houston Texans,,1.31
2026-10-08T15:09:07Z,scheduled,cc52bba56e74f5cddbe9011046181c3d,2026-10-11T17:00:00Z,Tennessee Titans,Houston Texans,betfair_ex_eu,h2h_lay,Tennessee Titans,,4.4
2026-10-08T15:09:07Z,scheduled,448d7cf18c6db4c811ed82ded1b72867,2026-10-11T17:00:00Z,Pittsburgh Steelers,Indianapolis Colts,draftkings,h2h,Indianapolis Colts,,2.2
2026-10-08T15:09:07Z,scheduled,448d7cf18c6db4c811ed82ded1b72867,2026-10-11T17:00:00Z,Pittsburgh Steelers,Indianapolis Colts,draftkings,h2h,Pittsburgh Steelers,,1.7
2026-10-08T15:09:07Z,scheduled,448d7cf18c6db4c811ed82ded1b72867,2026-10-11T17:00:00Z,Pittsburgh Steelers,Indianapolis Colts,draftkings,spreads,Indianapolis Colts,2.5,1.98
2026-10-08T15:09:07Z,scheduled,448d7cf18c6db4c811ed82ded1b72867,2026-10-11T17:00:00Z,Pittsburgh Steelers,Indianapolis Colts,draftkings,spreads,Pittsburgh Steelers,-2.5,1.85
2026-10-08T15:09:07Z,scheduled,448d7cf18c6db4c811ed82ded1b72867,2026-10-11T17:00:00Z,Pittsburgh Steelers,Indianapolis Colts,draftkings,totals,Over,44.5,1.89
2026-10-08T15:09:07Z,scheduled,448d7cf18c6db4c811ed82ded1b72867,2026-10-11T17:00:00Z,Pittsburgh Steelers,Indianapolis Colts,draftkings,totals,Under,44.5,1.93
2026-10-08T15:09:07Z,scheduled,448d7cf18c6db4c811ed82ded1b72867,2026-10-11T17:00:00Z,Pittsburgh Steelers,Indianapolis Colts,fanduel,h2h,Indianapolis Colts,,2.2
2026-10-08T15:09:07Z,scheduled,448d7cf18c6db4c811ed82ded1b72867,2026-10-11T17:00:00Z,Pittsburgh Steelers,Indianapolis Colts,fanduel,h2h,Pittsburgh Steelers,,1.7
2026-10-08T15:09:07Z,scheduled,448d7cf18c6db4c811ed82ded1b72867,2026-10-11T17:00:00Z,Pittsburgh Steelers,Indianapolis Colts,fanduel,spreads,Indianapolis Colts,2.5,1.91
2026-10-08T15:09:07Z,scheduled,448d7cf18c6db4c811ed82ded1b72867,2026-10-11T17:00:00Z,Pittsburgh Steelers,Indianapolis Colts,fanduel,spreads,Pittsburgh Steelers,-2.5,1.91
2026-10-08T15:09:07Z,scheduled,448d7cf18c6db4c811ed82ded1b72867,2026-10-11T17:00:00Z,Pittsburgh Steelers,Indianapolis Colts,fanduel,totals,Over,44.5,1.96
2026-10-08T15:09:07Z,scheduled,448d7cf18c6db4c811ed82ded1b72867,2026-10-11T17:00:00Z,Pittsburgh Steelers,Indianapolis Colts,fanduel,totals,Under,44.5,1.85
2026-10-08T15:09:07Z,scheduled,448d7cf18c6db4c811ed82ded1b72867,2026-10-11T17:00:00Z,Pittsburgh Steelers,Indianapolis Colts,betrivers,h2h,Indianapolis Colts,,2.16
2026-10-08T15:09:07Z,scheduled,448d7cf18c6db4c811ed82ded1b72867,2026-10-11T17:00:00Z,Pittsburgh Steelers,Indianapolis Colts,betrivers,h2h,Pittsburgh Steelers,,1.72
2026-10-08T15:09:07Z,scheduled,448d7cf18c6db4c811ed82ded1b72867,2026-10-11T17:00:00Z,Pittsburgh Steelers,Indianapolis Colts,betrivers,spreads,Indianapolis Colts,2.5,1.89
2026-10-08T15:09:07Z,scheduled,448d7cf18c6db4c811ed82ded1b72867,2026-10-11T17:00:00Z,Pittsburgh Steelers,Indianapolis Colts,betrivers,spreads,Pittsburgh Steelers,-2.5,1.92
2026-10-08T15:09:07Z,scheduled,448d7cf18c6db4c811ed82ded1b72867,2026-10-11T17:00:00Z,Pittsburgh Steelers,Indianapolis Colts,betrivers,totals,Over,44.5,1.92
2026-10-08T15:09:07Z,scheduled,448d7cf18c6db4c811ed82ded1b72867,2026-10-11T17:00:00Z,Pittsburgh Steelers,Indianapolis Colts,betrivers,totals,Under,44.5,1.89
2026-10-08T15:09:07Z,scheduled,448d7cf18c6db4c811ed82ded1b72867,2026-10-11T17:00:00Z,Pittsburgh Steelers,Indianapolis Colts,betsson,h2h,Indianapolis Colts,,2.18
2026-10-08T15:09:07Z,scheduled,448d7cf18c6db4c811ed82ded1b72867,2026-10-11T17:00:00Z,Pittsburgh Steelers,Indianapolis Colts,betsson,h2h,Pittsburgh Steelers,,1.68
2026-10-08T15:09:07Z,scheduled,448d7cf18c6db4c811ed82ded1b72867,2026-10-11T17:00:00Z,Pittsburgh Steelers,Indianapolis Colts,betsson,spreads,Indianapolis Colts,2.5,1.92
2026-10-08T15:09:07Z,scheduled,448d7cf18c6db4c811ed82ded1b72867,2026-10-11T17:00:00Z,Pittsburgh Steelers,Indianapolis Colts,betsson,spreads,Pittsburgh Steelers,-2.5,1.88
2026-10-08T15:09:07Z,scheduled,448d7cf18c6db4c811ed82ded1b72867,2026-10-11T17:00:00Z,Pittsburgh Steelers,Indianapolis Colts,betsson,totals,Over,44.5,1.9
2026-10-08T15:09:07Z,scheduled,448d7cf18c6db4c811ed82ded1b72867,2026-10-11T17:00:00Z,Pittsburgh Steelers,Indianapolis Colts,betsson,totals,Under,44.5,1.9
2026-10-08T15:09:07Z,scheduled,448d7cf18c6db4c811ed82ded1b72867,2026-10-11T17:00:00Z,Pittsburgh Steelers,Indianapolis Colts,matchbook,h2h,Indianapolis Colts,,2.3
2026-10-08T15:09:07Z,scheduled,448d7cf18c6db4c811ed82ded1b72867,2026-10-11T17:00:00Z,Pittsburgh Steelers,Indianapolis Colts,matchbook,h2h,Pittsburgh Steelers,,1.75
2026-10-08T15:09:07Z,scheduled,448d7cf18c6db4c811ed82ded1b72867,2026-10-11T17:00:00Z,Pittsburgh Steelers,Indianapolis Colts,matchbook,h2h_lay,Indianapolis Colts,,2.34
2026-10-08T15:09:07Z,scheduled,448d7cf18c6db4c811ed82ded1b72867,2026-10-11T17:00:00Z,Pittsburgh Steelers,Indianapolis Colts,matchbook,h2h_lay,Pittsburgh Steelers,,1.76
2026-10-08T15:09:07Z,scheduled,448d7cf18c6db4c811ed82ded1b72867,2026-10-11T17:00:00Z,Pittsburgh Steelers,Indianapolis Colts,matchbook,spreads,Indianapolis Colts,2.5,2.04
2026-10-08T15:09:07Z,scheduled,448d7cf18c6db4c811ed82ded1b72867,2026-10-11T17:00:00Z,Pittsburgh Steelers,Indianapolis Colts,matchbook,spreads,Pittsburgh Steelers,-2.5,1.86
2026-10-08T15:09:07Z,scheduled,448d7cf18c6db4c811ed82ded1b72867,2026-10-11T17:00:00Z,Pittsburgh Steelers,Indianapolis Colts,matchbook,totals,Over,44.5,1.93
2026-10-08T15:09:07Z,scheduled,448d7cf18c6db4c811ed82ded1b72867,2026-10-11T17:00:00Z,Pittsburgh Steelers,Indianapolis Colts,matchbook,totals,Under,44.5,1.95
2026-10-08T15:09:07Z,scheduled,448d7cf18c6db4c811ed82ded1b72867,2026-10-11T17:00:00Z,Pittsburgh Steelers,Indianapolis Colts,betmgm,h2h,Indianapolis Colts,,2.2
2026-10-08T15:09:07Z,scheduled,448d7cf18c6db4c811ed82ded1b72867,2026-10-11T17:00:00Z,Pittsburgh Steelers,Indianapolis Colts,betmgm,h2h,Pittsburgh Steelers,,1.71
2026-10-08T15:09:07Z,scheduled,448d7cf18c6db4c811ed82ded1b72867,2026-10-11T17:00:00Z,Pittsburgh Steelers,Indianapolis Colts,betmgm,spreads,Indianapolis Colts,2.5,1.91
2026-10-08T15:09:07Z,scheduled,448d7cf18c6db4c811ed82ded1b72867,2026-10-11T17:00:00Z,Pittsburgh Steelers,Indianapolis Colts,betmgm,spreads,Pittsburgh Steelers,-2.5,1.93
2026-10-08T15:09:07Z,scheduled,448d7cf18c6db4c811ed82ded1b72867,2026-10-11T17:00:00Z,Pittsburgh Steelers,Indianapolis Colts,betmgm,totals,Over,44.5,1.91
2026-10-08T15:09:07Z,scheduled,448d7cf18c6db4c811ed82ded1b72867,2026-10-11T17:00:00Z,Pittsburgh Steelers,Indianapolis Colts,betmgm,totals,Under,44.5,1.93
2026-10-08T15:09:07Z,scheduled,448d7cf18c6db4c811ed82ded1b72867,2026-10-11T17:00:00Z,Pittsburgh Steelers,Indianapolis Colts,pinnacle,h2h,Indianapolis Colts,,2.3
2026-10-08T15:09:07Z,scheduled,448d7cf18c6db4c811ed82ded1b72867,2026-10-11T17:00:00Z,Pittsburgh Steelers,Indianapolis Colts,pinnacle,h2h,Pittsburgh Steelers,,1.68
2026-10-08T15:09:07Z,scheduled,448d7cf18c6db4c811ed82ded1b72867,2026-10-11T17:00:00Z,Pittsburgh Steelers,Indianapolis Colts,pinnacle,spreads,Indianapolis Colts,2.5,2.02
2026-10-08T15:09:07Z,scheduled,448d7cf18c6db4c811ed82ded1b72867,2026-10-11T17:00:00Z,Pittsburgh Steelers,Indianapolis Colts,pinnacle,spreads,Pittsburgh Steelers,-2.5,1.87
2026-10-08T15:09:07Z,scheduled,448d7cf18c6db4c811ed82ded1b72867,2026-10-11T17:00:00Z,Pittsburgh Steelers,Indianapolis Colts,pinnacle,totals,Over,44.5,1.92
2026-10-08T15:09:07Z,scheduled,448d7cf18c6db4c811ed82ded1b72867,2026-10-11T17:00:00Z,Pittsburgh Steelers,Indianapolis Colts,pinnacle,totals,Under,44.5,1.95
2026-10-08T15:09:07Z,scheduled,448d7cf18c6db4c811ed82ded1b72867,2026-10-11T17:00:00Z,Pittsburgh Steelers,Indianapolis Colts,coolbet,h2h,Indianapolis Colts,,2.21
2026-10-08T15:09:07Z,scheduled,448d7cf18c6db4c811ed82ded1b72867,2026-10-11T17:00:00Z,Pittsburgh Steelers,Indianapolis Colts,coolbet,h2h,Pittsburgh Steelers,,1.7
2026-10-08T15:09:07Z,scheduled,448d7cf18c6db4c811ed82ded1b72867,2026-10-11T17:00:00Z,Pittsburgh Steelers,Indianapolis Colts,coolbet,spreads,Indianapolis Colts,2.5,1.95
2026-10-08T15:09:07Z,scheduled,448d7cf18c6db4c811ed82ded1b72867,2026-10-11T17:00:00Z,Pittsburgh Steelers,Indianapolis Colts,coolbet,spreads,Pittsburgh Steelers,-2.5,1.9
2026-10-08T15:09:07Z,scheduled,448d7cf18c6db4c811ed82ded1b72867,2026-10-11T17:00:00Z,Pittsburgh Steelers,Indianapolis Colts,coolbet,totals,Over,44.5,1.92
2026-10-08T15:09:07Z,scheduled,448d7cf18c6db4c811ed82ded1b72867,2026-10-11T17:00:00Z,Pittsburgh Steelers,Indianapolis Colts,coolbet,totals,Under,44.5,1.92
2026-10-08T15:09:07Z,scheduled,448d7cf18c6db4c811ed82ded1b72867,2026-10-11T17:00:00Z,Pittsburgh Steelers,Indianapolis Colts,betfair_ex_eu,h2h,Indianapolis Colts,,2.3
2026-10-08T15:09:07Z,scheduled,448d7cf18c6db4c811ed82ded1b72867,2026-10-11T17:00:00Z,Pittsburgh Steelers,Indianapolis Colts,betfair_ex_eu,h2h,Pittsburgh Steelers,,1.75
2026-10-08T15:09:07Z,scheduled,448d7cf18c6db4c811ed82ded1b72867,2026-10-11T17:00:00Z,Pittsburgh Steelers,Indianapolis Colts,betfair_ex_eu,h2h_lay,Indianapolis Colts,,2.34
2026-10-08T15:09:07Z,scheduled,448d7cf18c6db4c811ed82ded1b72867,2026-10-11T17:00:00Z,Pittsburgh Steelers,Indianapolis Colts,betfair_ex_eu,h2h_lay,Pittsburgh Steelers,,1.76
2026-10-08T15:09:07Z,scheduled,6b024bad1abb54f597225e4ab9b39d89,2026-10-11T17:00:00Z,New England Patriots,Las Vegas Raiders,draftkings,h2h,Las Vegas Raiders,,2.64
2026-10-08T15:09:07Z,scheduled,6b024bad1abb54f597225e4ab9b39d89,2026-10-11T17:00:00Z,New England Patriots,Las Vegas Raiders,draftkings,h2h,New England Patriots,,1.51
2026-10-08T15:09:07Z,scheduled,6b024bad1abb54f597225e4ab9b39d89,2026-10-11T17:00:00Z,New England Patriots,Las Vegas Raiders,draftkings,spreads,Las Vegas Raiders,3.5,1.91
2026-10-08T15:09:07Z,scheduled,6b024bad1abb54f597225e4ab9b39d89,2026-10-11T17:00:00Z,New England Patriots,Las Vegas Raiders,draftkings,spreads,New England Patriots,-3.5,1.91
2026-10-08T15:09:07Z,scheduled,6b024bad1abb54f597225e4ab9b39d89,2026-10-11T17:00:00Z,New England Patriots,Las Vegas Raiders,draftkings,totals,Over,45.5,1.95
2026-10-08T15:09:07Z,scheduled,6b024bad1abb54f597225e4ab9b39d89,2026-10-11T17:00:00Z,New England Patriots,Las Vegas Raiders,draftkings,totals,Under,45.5,1.87
2026-10-08T15:09:07Z,scheduled,6b024bad1abb54f597225e4ab9b39d89,2026-10-11T17:00:00Z,New England Patriots,Las Vegas Raiders,fanduel,h2h,Las Vegas Raiders,,2.66
2026-10-08T15:09:07Z,scheduled,6b024bad1abb54f597225e4ab9b39d89,2026-10-11T17:00:00Z,New England Patriots,Las Vegas Raiders,fanduel,h2h,New England Patriots,,1.51
2026-10-08T15:09:07Z,scheduled,6b024bad1abb54f597225e4ab9b39d89,2026-10-11T17:00:00Z,New England Patriots,Las Vegas Raiders,fanduel,spreads,Las Vegas Raiders,3.5,1.95
2026-10-08T15:09:07Z,scheduled,6b024bad1abb54f597225e4ab9b39d89,2026-10-11T17:00:00Z,New England Patriots,Las Vegas Raiders,fanduel,spreads,New England Patriots,-3.5,1.87
2026-10-08T15:09:07Z,scheduled,6b024bad1abb54f597225e4ab9b39d89,2026-10-11T17:00:00Z,New England Patriots,Las Vegas Raiders,fanduel,totals,Over,44.5,1.85
2026-10-08T15:09:07Z,scheduled,6b024bad1abb54f597225e4ab9b39d89,2026-10-11T17:00:00Z,New England Patriots,Las Vegas Raiders,fanduel,totals,Under,44.5,1.96
2026-10-08T15:09:07Z,scheduled,6b024bad1abb54f597225e4ab9b39d89,2026-10-11T17:00:00Z,New England Patriots,Las Vegas Raiders,betrivers,h2h,Las Vegas Raiders,,2.6
2026-10-08T15:09:07Z,scheduled,6b024bad1abb54f597225e4ab9b39d89,2026-10-11T17:00:00Z,New England Patriots,Las Vegas Raiders,betrivers,h2h,New England Patriots,,1.51
2026-10-08T15:09:07Z,scheduled,6b024bad1abb54f597225e4ab9b39d89,2026-10-11T17:00:00Z,New England Patriots,Las Vegas Raiders,betrivers,spreads,Las Vegas Raiders,3.5,1.89
2026-10-08T15:09:07Z,scheduled,6b024bad1abb54f597225e4ab9b39d89,2026-10-11T17:00:00Z,New England Patriots,Las Vegas Raiders,betrivers,spreads,New England Patriots,-3.5,1.92
2026-10-08T15:09:07Z,scheduled,6b024bad1abb54f597225e4ab9b39d89,2026-10-11T17:00:00Z,New England Patriots,Las Vegas Raiders,betrivers,totals,Over,45.0,1.89
2026-10-08T15:09:07Z,scheduled,6b024bad1abb54f597225e4ab9b39d89,2026-10-11T17:00:00Z,New England Patriots,Las Vegas Raiders,betrivers,totals,Under,45.0,1.92
2026-10-08T15:09:07Z,scheduled,6b024bad1abb54f597225e4ab9b39d89,2026-10-11T17:00:00Z,New England Patriots,Las Vegas Raiders,betsson,h2h,Las Vegas Raiders,,2.6
2026-10-08T15:09:07Z,scheduled,6b024bad1abb54f597225e4ab9b39d89,2026-10-11T17:00:00Z,New England Patriots,Las Vegas Raiders,betsson,h2h,New England Patriots,,1.5
2026-10-08T15:09:07Z,scheduled,6b024bad1abb54f597225e4ab9b39d89,2026-10-11T17:00:00Z,New England Patriots,Las Vegas Raiders,betsson,spreads,Las Vegas Raiders,3.5,1.88
2026-10-08T15:09:07Z,scheduled,6b024bad1abb54f597225e4ab9b39d89,2026-10-11T17:00:00Z,New England Patriots,Las Vegas Raiders,betsson,spreads,New England Patriots,-3.5,1.92
2026-10-08T15:09:07Z,scheduled,6b024bad1abb54f597225e4ab9b39d89,2026-10-11T17:00:00Z,New England Patriots,Las Vegas Raiders,betsson,totals,Over,44.5,1.85
2026-10-08T15:09:07Z,scheduled,6b024bad1abb54f597225e4ab9b39d89,2026-10-11T17:00:00Z,New England Patriots,Las Vegas Raiders,betsson,totals,Under,44.5,1.95
2026-10-08T15:09:07Z,scheduled,6b024bad1abb54f597225e4ab9b39d89,2026-10-11T17:00:00Z,New England Patriots,Las Vegas Raiders,matchbook,h2h,Las Vegas Raiders,,2.68
2026-10-08T15:09:07Z,scheduled,6b024bad1abb54f597225e4ab9b39d89,2026-10-11T17:00:00Z,New England Patriots,Las Vegas Raiders,matchbook,h2h,New England Patriots,,1.59
2026-10-08T15:09:07Z,scheduled,6b024bad1abb54f597225e4ab9b39d89,2026-10-11T17:00:00Z,New England Patriots,Las Vegas Raiders,matchbook,h2h_lay,Las Vegas Raiders,,2.7
2026-10-08T15:09:07Z,scheduled,6b024bad1abb54f597225e4ab9b39d89,2026-10-11T17:00:00Z,New England Patriots,Las Vegas Raiders,matchbook,h2h_lay,New England Patriots,,1.6
2026-10-08T15:09:07Z,scheduled,6b024bad1abb54f597225e4ab9b39d89,2026-10-11T17:00:00Z,New England Patriots,Las Vegas Raiders,matchbook,spreads,Las Vegas Raiders,3.5,1.97
2026-10-08T15:09:07Z,scheduled,6b024bad1abb54f597225e4ab9b39d89,2026-10-11T17:00:00Z,New England Patriots,Las Vegas Raiders,matchbook,spreads,New England Patriots,-3.5,1.94
2026-10-08T15:09:07Z,scheduled,6b024bad1abb54f597225e4ab9b39d89,2026-10-11T17:00:00Z,New England Patriots,Las Vegas Raiders,matchbook,totals,Over,45.0,1.96
2026-10-08T15:09:07Z,scheduled,6b024bad1abb54f597225e4ab9b39d89,2026-10-11T17:00:00Z,New England Patriots,Las Vegas Raiders,matchbook,totals,Under,45.0,1.95
2026-10-08T15:09:07Z,scheduled,6b024bad1abb54f597225e4ab9b39d89,2026-10-11T17:00:00Z,New England Patriots,Las Vegas Raiders,betmgm,h2h,Las Vegas Raiders,,2.6
2026-10-08T15:09:07Z,scheduled,6b024bad1abb54f597225e4ab9b39d89,2026-10-11T17:00:00Z,New England Patriots,Las Vegas Raiders,betmgm,h2h,New England Patriots,,1.5
2026-10-08T15:09:07Z,scheduled,6b024bad1abb54f597225e4ab9b39d89,2026-10-11T17:00:00Z,New England Patriots,Las Vegas Raiders,betmgm,spreads,Las Vegas Raiders,3.5,1.93
2026-10-08T15:09:07Z,scheduled,6b024bad1abb54f597225e4ab9b39d89,2026-10-11T17:00:00Z,New England Patriots,Las Vegas Raiders,betmgm,spreads,New England Patriots,-3.5,1.91
2026-10-08T15:09:07Z,scheduled,6b024bad1abb54f597225e4ab9b39d89,2026-10-11T17:00:00Z,New England Patriots,Las Vegas Raiders,betmgm,totals,Over,45.0,1.93
2026-10-08T15:09:07Z,scheduled,6b024bad1abb54f597225e4ab9b39d89,2026-10-11T17:00:00Z,New England Patriots,Las Vegas Raiders,betmgm,totals,Under,45.0,1.91
2026-10-08T15:09:07Z,scheduled,6b024bad1abb54f597225e4ab9b39d89,2026-10-11T17:00:00Z,New England Patriots,Las Vegas Raiders,pinnacle,h2h,Las Vegas Raiders,,2.6
2026-10-08T15:09:07Z,scheduled,6b024bad1abb54f597225e4ab9b39d89,2026-10-11T17:00:00Z,New England Patriots,Las Vegas Raiders,pinnacle,h2h,New England Patriots,,1.55
2026-10-08T15:09:07Z,scheduled,6b024bad1abb54f597225e4ab9b39d89,2026-10-11T17:00:00Z,New England Patriots,Las Vegas Raiders,pinnacle,spreads,Las Vegas Raiders,4.0,1.87
2026-10-08T15:09:07Z,scheduled,6b024bad1abb54f597225e4ab9b39d89,2026-10-11T17:00:00Z,New England Patriots,Las Vegas Raiders,pinnacle,spreads,New England Patriots,-4.0,2.02
2026-10-08T15:09:07Z,scheduled,6b024bad1abb54f597225e4ab9b39d89,2026-10-11T17:00:00Z,New England Patriots,Las Vegas Raiders,pinnacle,totals,Over,45.0,1.93
2026-10-08T15:09:07Z,scheduled,6b024bad1abb54f597225e4ab9b39d89,2026-10-11T17:00:00Z,New England Patriots,Las Vegas Raiders,pinnacle,totals,Under,45.0,1.94
2026-10-08T15:09:07Z,scheduled,6b024bad1abb54f597225e4ab9b39d89,2026-10-11T17:00:00Z,New England Patriots,Las Vegas Raiders,coolbet,h2h,Las Vegas Raiders,,2.65
2026-10-08T15:09:07Z,scheduled,6b024bad1abb54f597225e4ab9b39d89,2026-10-11T17:00:00Z,New England Patriots,Las Vegas Raiders,coolbet,h2h,New England Patriots,,1.51
2026-10-08T15:09:07Z,scheduled,6b024bad1abb54f597225e4ab9b39d89,2026-10-11T17:00:00Z,New England Patriots,Las Vegas Raiders,coolbet,spreads,Las Vegas Raiders,3.5,1.9
2026-10-08T15:09:07Z,scheduled,6b024bad1abb54f597225e4ab9b39d89,2026-10-11T17:00:00Z,New England Patriots,Las Vegas Raiders,coolbet,spreads,New England Patriots,-3.5,1.95
2026-10-08T15:09:07Z,scheduled,6b024bad1abb54f597225e4ab9b39d89,2026-10-11T17:00:00Z,New England Patriots,Las Vegas Raiders,coolbet,totals,Over,45.0,1.92
2026-10-08T15:09:07Z,scheduled,6b024bad1abb54f597225e4ab9b39d89,2026-10-11T17:00:00Z,New England Patriots,Las Vegas Raiders,coolbet,totals,Under,45.0,1.92
2026-10-08T15:09:07Z,scheduled,6b024bad1abb54f597225e4ab9b39d89,2026-10-11T17:00:00Z,New England Patriots,Las Vegas Raiders,betfair_ex_eu,h2h,Las Vegas Raiders,,2.68
2026-10-08T15:09:07Z,scheduled,6b024bad1abb54f597225e4ab9b39d89,2026-10-11T17:00:00Z,New England Patriots,Las Vegas Raiders,betfair_ex_eu,h2h,New England Patriots,,1.59
2026-10-08T15:09:07Z,scheduled,6b024bad1abb54f597225e4ab9b39d89,2026-10-11T17:00:00Z,New England Patriots,Las Vegas Raiders,betfair_ex_eu,h2h_lay,Las Vegas Raiders,,2.7
2026-10-08T15:09:07Z,scheduled,6b024bad1abb54f597225e4ab9b39d89,2026-10-11T17:00:00Z,New England Patriots,Las Vegas Raiders,betfair_ex_eu,h2h_lay,New England Patriots,,1.6
2026-10-08T15:09:07Z,scheduled,2cda9bf0fbe35a2735f0dd8aaafe9eff,2026-10-11T17:00:00Z,New Orleans Saints,Minnesota Vikings,draftkings,h2h,Minnesota Vikings,,1.74
2026-10-08T15:09:07Z,scheduled,2cda9bf0fbe35a2735f0dd8aaafe9eff,2026-10-11T17:00:00Z,New Orleans Saints,Minnesota Vikings,draftkings,h2h,New Orleans Saints,,2.14
2026-10-08T15:09:07Z,scheduled,2cda9bf0fbe35a2735f0dd8aaafe9eff,2026-10-11T17:00:00Z,New Orleans Saints,Minnesota Vikings,draftkings,spreads,Minnesota Vikings,-2.5,1.95
2026-10-08T15:09:07Z,scheduled,2cda9bf0fbe35a2735f0dd8aaafe9eff,2026-10-11T17:00:00Z,New Orleans Saints,Minnesota Vikings,draftkings,spreads,New Orleans Saints,2.5,1.87
2026-10-08T15:09:07Z,scheduled,2cda9bf0fbe35a2735f0dd8aaafe9eff,2026-10-11T17:00:00Z,New Orleans Saints,Minnesota Vikings,draftkings,totals,Over,41.5,1.89
2026-10-08T15:09:07Z,scheduled,2cda9bf0fbe35a2735f0dd8aaafe9eff,2026-10-11T17:00:00Z,New Orleans Saints,Minnesota Vikings,draftkings,totals,Under,41.5,1.93
2026-10-08T15:09:07Z,scheduled,2cda9bf0fbe35a2735f0dd8aaafe9eff,2026-10-11T17:00:00Z,New Orleans Saints,Minnesota Vikings,fanduel,h2h,Minnesota Vikings,,1.76
2026-10-08T15:09:07Z,scheduled,2cda9bf0fbe35a2735f0dd8aaafe9eff,2026-10-11T17:00:00Z,New Orleans Saints,Minnesota Vikings,fanduel,h2h,New Orleans Saints,,2.12
2026-10-08T15:09:07Z,scheduled,2cda9bf0fbe35a2735f0dd8aaafe9eff,2026-10-11T17:00:00Z,New Orleans Saints,Minnesota Vikings,fanduel,spreads,Minnesota Vikings,-1.5,1.85
2026-10-08T15:09:07Z,scheduled,2cda9bf0fbe35a2735f0dd8aaafe9eff,2026-10-11T17:00:00Z,New Orleans Saints,Minnesota Vikings,fanduel,spreads,New Orleans Saints,1.5,1.96
2026-10-08T15:09:07Z,scheduled,2cda9bf0fbe35a2735f0dd8aaafe9eff,2026-10-11T17:00:00Z,New Orleans Saints,Minnesota Vikings,fanduel,totals,Over,42.5,1.95
2026-10-08T15:09:07Z,scheduled,2cda9bf0fbe35a2735f0dd8aaafe9eff,2026-10-11T17:00:00Z,New Orleans Saints,Minnesota Vikings,fanduel,totals,Under,42.5,1.87
2026-10-08T15:09:07Z,scheduled,2cda9bf0fbe35a2735f0dd8aaafe9eff,2026-10-11T17:00:00Z,New Orleans Saints,Minnesota Vikings,betrivers,h2h,Minnesota Vikings,,1.76
2026-10-08T15:09:07Z,scheduled,2cda9bf0fbe35a2735f0dd8aaafe9eff,2026-10-11T17:00:00Z,New Orleans Saints,Minnesota Vikings,betrivers,h2h,New Orleans Saints,,2.08
2026-10-08T15:09:07Z,scheduled,2cda9bf0fbe35a2735f0dd8aaafe9eff,2026-10-11T17:00:00Z,New Orleans Saints,Minnesota Vikings,betrivers,spreads,Minnesota Vikings,-2.0,1.89
2026-10-08T15:09:07Z,scheduled,2cda9bf0fbe35a2735f0dd8aaafe9eff,2026-10-11T17:00:00Z,New Orleans Saints,Minnesota Vikings,betrivers,spreads,New Orleans Saints,2.0,1.92
2026-10-08T15:09:07Z,scheduled,2cda9bf0fbe35a2735f0dd8aaafe9eff,2026-10-11T17:00:00Z,New Orleans Saints,Minnesota Vikings,betrivers,totals,Over,42.0,1.91
2026-10-08T15:09:07Z,scheduled,2cda9bf0fbe35a2735f0dd8aaafe9eff,2026-10-11T17:00:00Z,New Orleans Saints,Minnesota Vikings,betrivers,totals,Under,42.0,1.91
2026-10-08T15:09:07Z,scheduled,2cda9bf0fbe35a2735f0dd8aaafe9eff,2026-10-11T17:00:00Z,New Orleans Saints,Minnesota Vikings,betsson,h2h,Minnesota Vikings,,1.73
2026-10-08T15:09:07Z,scheduled,2cda9bf0fbe35a2735f0dd8aaafe9eff,2026-10-11T17:00:00Z,New Orleans Saints,Minnesota Vikings,betsson,h2h,New Orleans Saints,,2.1
2026-10-08T15:09:07Z,scheduled,2cda9bf0fbe35a2735f0dd8aaafe9eff,2026-10-11T17:00:00Z,New Orleans Saints,Minnesota Vikings,betsson,spreads,Minnesota Vikings,-2.5,1.94
2026-10-08T15:09:07Z,scheduled,2cda9bf0fbe35a2735f0dd8aaafe9eff,2026-10-11T17:00:00Z,New Orleans Saints,Minnesota Vikings,betsson,spreads,New Orleans Saints,2.5,1.86
2026-10-08T15:09:07Z,scheduled,2cda9bf0fbe35a2735f0dd8aaafe9eff,2026-10-11T17:00:00Z,New Orleans Saints,Minnesota Vikings,betsson,totals,Over,41.5,1.88
2026-10-08T15:09:07Z,scheduled,2cda9bf0fbe35a2735f0dd8aaafe9eff,2026-10-11T17:00:00Z,New Orleans Saints,Minnesota Vikings,betsson,totals,Under,41.5,1.92
2026-10-08T15:09:07Z,scheduled,2cda9bf0fbe35a2735f0dd8aaafe9eff,2026-10-11T17:00:00Z,New Orleans Saints,Minnesota Vikings,matchbook,h2h,Minnesota Vikings,,1.78
2026-10-08T15:09:07Z,scheduled,2cda9bf0fbe35a2735f0dd8aaafe9eff,2026-10-11T17:00:00Z,New Orleans Saints,Minnesota Vikings,matchbook,h2h,New Orleans Saints,,2.26
2026-10-08T15:09:07Z,scheduled,2cda9bf0fbe35a2735f0dd8aaafe9eff,2026-10-11T17:00:00Z,New Orleans Saints,Minnesota Vikings,matchbook,h2h_lay,Minnesota Vikings,,1.8
2026-10-08T15:09:07Z,scheduled,2cda9bf0fbe35a2735f0dd8aaafe9eff,2026-10-11T17:00:00Z,New Orleans Saints,Minnesota Vikings,matchbook,h2h_lay,New Orleans Saints,,2.3
2026-10-08T15:09:07Z,scheduled,2cda9bf0fbe35a2735f0dd8aaafe9eff,2026-10-11T17:00:00Z,New Orleans Saints,Minnesota Vikings,matchbook,spreads,Minnesota Vikings,-2.5,1.96
2026-10-08T15:09:07Z,scheduled,2cda9bf0fbe35a2735f0dd8aaafe9eff,2026-10-11T17:00:00Z,New Orleans Saints,Minnesota Vikings,matchbook,spreads,New Orleans Saints,2.5,1.94
2026-10-08T15:09:07Z,scheduled,2cda9bf0fbe35a2735f0dd8aaafe9eff,2026-10-11T17:00:00Z,New Orleans Saints,Minnesota Vikings,matchbook,totals,Over,42.0,1.97
2026-10-08T15:09:07Z,scheduled,2cda9bf0fbe35a2735f0dd8aaafe9eff,2026-10-11T17:00:00Z,New Orleans Saints,Minnesota Vikings,matchbook,totals,Under,42.0,1.91
2026-10-08T15:09:07Z,scheduled,2cda9bf0fbe35a2735f0dd8aaafe9eff,2026-10-11T17:00:00Z,New Orleans Saints,Minnesota Vikings,betmgm,h2h,Minnesota Vikings,,1.77
2026-10-08T15:09:07Z,scheduled,2cda9bf0fbe35a2735f0dd8aaafe9eff,2026-10-11T17:00:00Z,New Orleans Saints,Minnesota Vikings,betmgm,h2h,New Orleans Saints,,2.1
2026-10-08T15:09:07Z,scheduled,2cda9bf0fbe35a2735f0dd8aaafe9eff,2026-10-11T17:00:00Z,New Orleans Saints,Minnesota Vikings,betmgm,spreads,Minnesota Vikings,-1.5,1.93
2026-10-08T15:09:07Z,scheduled,2cda9bf0fbe35a2735f0dd8aaafe9eff,2026-10-11T17:00:00Z,New Orleans Saints,Minnesota Vikings,betmgm,spreads,New Orleans Saints,1.5,1.91
2026-10-08T15:09:07Z,scheduled,2cda9bf0fbe35a2735f0dd8aaafe9eff,2026-10-11T17:00:00Z,New Orleans Saints,Minnesota Vikings,betmgm,totals,Over,41.5,1.93
2026-10-08T15:09:07Z,scheduled,2cda9bf0fbe35a2735f0dd8aaafe9eff,2026-10-11T17:00:00Z,New Orleans Saints,Minnesota Vikings,betmgm,totals,Under,41.5,1.91
2026-10-08T15:09:07Z,scheduled,2cda9bf0fbe35a2735f0dd8aaafe9eff,2026-10-11T17:00:00Z,New Orleans Saints,Minnesota Vikings,coolbet,h2h,Minnesota Vikings,,1.75
2026-10-08T15:09:07Z,scheduled,2cda9bf0fbe35a2735f0dd8aaafe9eff,2026-10-11T17:00:00Z,New Orleans Saints,Minnesota Vikings,coolbet,h2h,New Orleans Saints,,2.13
2026-10-08T15:09:07Z,scheduled,2cda9bf0fbe35a2735f0dd8aaafe9eff,2026-10-11T17:00:00Z,New Orleans Saints,Minnesota Vikings,coolbet,spreads,Minnesota Vikings,-2.0,1.91
2026-10-08T15:09:07Z,scheduled,2cda9bf0fbe35a2735f0dd8aaafe9eff,2026-10-11T17:00:00Z,New Orleans Saints,Minnesota Vikings,coolbet,spreads,New Orleans Saints,2.0,1.93
2026-10-08T15:09:07Z,scheduled,2cda9bf0fbe35a2735f0dd8aaafe9eff,2026-10-11T17:00:00Z,New Orleans Saints,Minnesota Vikings,coolbet,totals,Over,42.0,1.93
2026-10-08T15:09:07Z,scheduled,2cda9bf0fbe35a2735f0dd8aaafe9eff,2026-10-11T17:00:00Z,New Orleans Saints,Minnesota Vikings,coolbet,totals,Under,42.0,1.91
2026-10-08T15:09:07Z,scheduled,2cda9bf0fbe35a2735f0dd8aaafe9eff,2026-10-11T17:00:00Z,New Orleans Saints,Minnesota Vikings,betfair_ex_eu,h2h,Minnesota Vikings,,1.78
2026-10-08T15:09:07Z,scheduled,2cda9bf0fbe35a2735f0dd8aaafe9eff,2026-10-11T17:00:00Z,New Orleans Saints,Minnesota Vikings,betfair_ex_eu,h2h,New Orleans Saints,,2.26
2026-10-08T15:09:07Z,scheduled,2cda9bf0fbe35a2735f0dd8aaafe9eff,2026-10-11T17:00:00Z,New Orleans Saints,Minnesota Vikings,betfair_ex_eu,h2h_lay,Minnesota Vikings,,1.8
2026-10-08T15:09:07Z,scheduled,2cda9bf0fbe35a2735f0dd8aaafe9eff,2026-10-11T17:00:00Z,New Orleans Saints,Minnesota Vikings,betfair_ex_eu,h2h_lay,New Orleans Saints,,2.3
2026-10-08T15:09:07Z,scheduled,2cda9bf0fbe35a2735f0dd8aaafe9eff,2026-10-11T17:00:00Z,New Orleans Saints,Minnesota Vikings,pinnacle,h2h,Minnesota Vikings,,1.75
2026-10-08T15:09:07Z,scheduled,2cda9bf0fbe35a2735f0dd8aaafe9eff,2026-10-11T17:00:00Z,New Orleans Saints,Minnesota Vikings,pinnacle,h2h,New Orleans Saints,,2.19
2026-10-08T15:09:07Z,scheduled,2cda9bf0fbe35a2735f0dd8aaafe9eff,2026-10-11T17:00:00Z,New Orleans Saints,Minnesota Vikings,pinnacle,spreads,Minnesota Vikings,-2.0,1.91
2026-10-08T15:09:07Z,scheduled,2cda9bf0fbe35a2735f0dd8aaafe9eff,2026-10-11T17:00:00Z,New Orleans Saints,Minnesota Vikings,pinnacle,spreads,New Orleans Saints,2.0,1.97
2026-10-08T15:09:07Z,scheduled,2cda9bf0fbe35a2735f0dd8aaafe9eff,2026-10-11T17:00:00Z,New Orleans Saints,Minnesota Vikings,pinnacle,totals,Over,42.0,1.98
2026-10-08T15:09:07Z,scheduled,2cda9bf0fbe35a2735f0dd8aaafe9eff,2026-10-11T17:00:00Z,New Orleans Saints,Minnesota Vikings,pinnacle,totals,Under,42.0,1.89
2026-10-08T15:09:07Z,scheduled,fbffd0b7722fd81d68d5d62472dc80e8,2026-10-11T17:00:00Z,Washington Commanders,New York Giants,draftkings,h2h,New York Giants,,2.5
2026-10-08T15:09:07Z,scheduled,fbffd0b7722fd81d68d5d62472dc80e8,2026-10-11T17:00:00Z,Washington Commanders,New York Giants,draftkings,h2h,Washington Commanders,,1.56
2026-10-08T15:09:07Z,scheduled,fbffd0b7722fd81d68d5d62472dc80e8,2026-10-11T17:00:00Z,Washington Commanders,New York Giants,draftkings,spreads,New York Giants,3.5,1.95
2026-10-08T15:09:07Z,scheduled,fbffd0b7722fd81d68d5d62472dc80e8,2026-10-11T17:00:00Z,Washington Commanders,New York Giants,draftkings,spreads,Washington Commanders,-3.5,1.87
2026-10-08T15:09:07Z,scheduled,fbffd0b7722fd81d68d5d62472dc80e8,2026-10-11T17:00:00Z,Washington Commanders,New York Giants,draftkings,totals,Over,41.5,1.87
2026-10-08T15:09:07Z,scheduled,fbffd0b7722fd81d68d5d62472dc80e8,2026-10-11T17:00:00Z,Washington Commanders,New York Giants,draftkings,totals,Under,41.5,1.95
2026-10-08T15:09:07Z,scheduled,fbffd0b7722fd81d68d5d62472dc80e8,2026-10-11T17:00:00Z,Washington Commanders,New York Giants,betsson,h2h,New York Giants,,2.56
2026-10-08T15:09:07Z,scheduled,fbffd0b7722fd81d68d5d62472dc80e8,2026-10-11T17:00:00Z,Washington Commanders,New York Giants,betsson,h2h,Washington Commanders,,1.51
2026-10-08T15:09:07Z,scheduled,fbffd0b7722fd81d68d5d62472dc80e8,2026-10-11T17:00:00Z,Washington Commanders,New York Giants,betsson,spreads,New York Giants,3.5,1.88
2026-10-08T15:09:07Z,scheduled,fbffd0b7722fd81d68d5d62472dc80e8,2026-10-11T17:00:00Z,Washington Commanders,New York Giants,betsson,spreads,Washington Commanders,-3.5,1.92
2026-10-08T15:09:07Z,scheduled,fbffd0b7722fd81d68d5d62472dc80e8,2026-10-11T17:00:00Z,Washington Commanders,New York Giants,betsson,totals,Over,41.5,1.86
2026-10-08T15:09:07Z,scheduled,fbffd0b7722fd81d68d5d62472dc80e8,2026-10-11T17:00:00Z,Washington Commanders,New York Giants,betsson,totals,Under,41.5,1.94
2026-10-08T15:09:07Z,scheduled,fbffd0b7722fd81d68d5d62472dc80e8,2026-10-11T17:00:00Z,Washington Commanders,New York Giants,fanduel,h2h,New York Giants,,2.66
2026-10-08T15:09:07Z,scheduled,fbffd0b7722fd81d68d5d62472dc80e8,2026-10-11T17:00:00Z,Washington Commanders,New York Giants,fanduel,h2h,Washington Commanders,,1.51
2026-10-08T15:09:07Z,scheduled,fbffd0b7722fd81d68d5d62472dc80e8,2026-10-11T17:00:00Z,Washington Commanders,New York Giants,fanduel,spreads,New York Giants,3.5,1.98
2026-10-08T15:09:07Z,scheduled,fbffd0b7722fd81d68d5d62472dc80e8,2026-10-11T17:00:00Z,Washington Commanders,New York Giants,fanduel,spreads,Washington Commanders,-3.5,1.83
2026-10-08T15:09:07Z,scheduled,fbffd0b7722fd81d68d5d62472dc80e8,2026-10-11T17:00:00Z,Washington Commanders,New York Giants,fanduel,totals,Over,42.5,1.95
2026-10-08T15:09:07Z,scheduled,fbffd0b7722fd81d68d5d62472dc80e8,2026-10-11T17:00:00Z,Washington Commanders,New York Giants,fanduel,totals,Under,42.5,1.87
2026-10-08T15:09:07Z,scheduled,fbffd0b7722fd81d68d5d62472dc80e8,2026-10-11T17:00:00Z,Washington Commanders,New York Giants,betrivers,h2h,New York Giants,,2.55
2026-10-08T15:09:07Z,scheduled,fbffd0b7722fd81d68d5d62472dc80e8,2026-10-11T17:00:00Z,Washington Commanders,New York Giants,betrivers,h2h,Washington Commanders,,1.53
2026-10-08T15:09:07Z,scheduled,fbffd0b7722fd81d68d5d62472dc80e8,2026-10-11T17:00:00Z,Washington Commanders,New York Giants,betrivers,spreads,New York Giants,3.5,1.93
2026-10-08T15:09:07Z,scheduled,fbffd0b7722fd81d68d5d62472dc80e8,2026-10-11T17:00:00Z,Washington Commanders,New York Giants,betrivers,spreads,Washington Commanders,-3.5,1.88
2026-10-08T15:09:07Z,scheduled,fbffd0b7722fd81d68d5d62472dc80e8,2026-10-11T17:00:00Z,Washington Commanders,New York Giants,betrivers,totals,Over,42.0,1.89
2026-10-08T15:09:07Z,scheduled,fbffd0b7722fd81d68d5d62472dc80e8,2026-10-11T17:00:00Z,Washington Commanders,New York Giants,betrivers,totals,Under,42.0,1.92
2026-10-08T15:09:07Z,scheduled,fbffd0b7722fd81d68d5d62472dc80e8,2026-10-11T17:00:00Z,Washington Commanders,New York Giants,matchbook,h2h,New York Giants,,2.74
2026-10-08T15:09:07Z,scheduled,fbffd0b7722fd81d68d5d62472dc80e8,2026-10-11T17:00:00Z,Washington Commanders,New York Giants,matchbook,h2h,Washington Commanders,,1.56
2026-10-08T15:09:07Z,scheduled,fbffd0b7722fd81d68d5d62472dc80e8,2026-10-11T17:00:00Z,Washington Commanders,New York Giants,matchbook,h2h_lay,New York Giants,,2.78
2026-10-08T15:09:07Z,scheduled,fbffd0b7722fd81d68d5d62472dc80e8,2026-10-11T17:00:00Z,Washington Commanders,New York Giants,matchbook,h2h_lay,Washington Commanders,,1.58
2026-10-08T15:09:07Z,scheduled,fbffd0b7722fd81d68d5d62472dc80e8,2026-10-11T17:00:00Z,Washington Commanders,New York Giants,matchbook,spreads,New York Giants,3.5,1.98
2026-10-08T15:09:07Z,scheduled,fbffd0b7722fd81d68d5d62472dc80e8,2026-10-11T17:00:00Z,Washington Commanders,New York Giants,matchbook,spreads,Washington Commanders,-3.5,1.92
2026-10-08T15:09:07Z,scheduled,fbffd0b7722fd81d68d5d62472dc80e8,2026-10-11T17:00:00Z,Washington Commanders,New York Giants,matchbook,totals,Over,42.0,1.93
2026-10-08T15:09:07Z,scheduled,fbffd0b7722fd81d68d5d62472dc80e8,2026-10-11T17:00:00Z,Washington Commanders,New York Giants,matchbook,totals,Under,42.0,1.96
2026-10-08T15:09:07Z,scheduled,fbffd0b7722fd81d68d5d62472dc80e8,2026-10-11T17:00:00Z,Washington Commanders,New York Giants,betmgm,h2h,New York Giants,,2.55
2026-10-08T15:09:07Z,scheduled,fbffd0b7722fd81d68d5d62472dc80e8,2026-10-11T17:00:00Z,Washington Commanders,New York Giants,betmgm,h2h,Washington Commanders,,1.53
2026-10-08T15:09:07Z,scheduled,fbffd0b7722fd81d68d5d62472dc80e8,2026-10-11T17:00:00Z,Washington Commanders,New York Giants,betmgm,spreads,New York Giants,3.5,1.93
2026-10-08T15:09:07Z,scheduled,fbffd0b7722fd81d68d5d62472dc80e8,2026-10-11T17:00:00Z,Washington Commanders,New York Giants,betmgm,spreads,Washington Commanders,-3.5,1.91
2026-10-08T15:09:07Z,scheduled,fbffd0b7722fd81d68d5d62472dc80e8,2026-10-11T17:00:00Z,Washington Commanders,New York Giants,betmgm,totals,Over,41.5,1.91
2026-10-08T15:09:07Z,scheduled,fbffd0b7722fd81d68d5d62472dc80e8,2026-10-11T17:00:00Z,Washington Commanders,New York Giants,betmgm,totals,Under,41.5,1.93
2026-10-08T15:09:07Z,scheduled,fbffd0b7722fd81d68d5d62472dc80e8,2026-10-11T17:00:00Z,Washington Commanders,New York Giants,pinnacle,h2h,New York Giants,,2.71
2026-10-08T15:09:07Z,scheduled,fbffd0b7722fd81d68d5d62472dc80e8,2026-10-11T17:00:00Z,Washington Commanders,New York Giants,pinnacle,h2h,Washington Commanders,,1.51
2026-10-08T15:09:07Z,scheduled,fbffd0b7722fd81d68d5d62472dc80e8,2026-10-11T17:00:00Z,Washington Commanders,New York Giants,pinnacle,spreads,New York Giants,3.5,1.98
2026-10-08T15:09:07Z,scheduled,fbffd0b7722fd81d68d5d62472dc80e8,2026-10-11T17:00:00Z,Washington Commanders,New York Giants,pinnacle,spreads,Washington Commanders,-3.5,1.91
2026-10-08T15:09:07Z,scheduled,fbffd0b7722fd81d68d5d62472dc80e8,2026-10-11T17:00:00Z,Washington Commanders,New York Giants,pinnacle,totals,Over,42.0,1.91
2026-10-08T15:09:07Z,scheduled,fbffd0b7722fd81d68d5d62472dc80e8,2026-10-11T17:00:00Z,Washington Commanders,New York Giants,pinnacle,totals,Under,42.0,1.96
2026-10-08T15:09:07Z,scheduled,fbffd0b7722fd81d68d5d62472dc80e8,2026-10-11T17:00:00Z,Washington Commanders,New York Giants,coolbet,h2h,New York Giants,,2.62
2026-10-08T15:09:07Z,scheduled,fbffd0b7722fd81d68d5d62472dc80e8,2026-10-11T17:00:00Z,Washington Commanders,New York Giants,coolbet,h2h,Washington Commanders,,1.52
2026-10-08T15:09:07Z,scheduled,fbffd0b7722fd81d68d5d62472dc80e8,2026-10-11T17:00:00Z,Washington Commanders,New York Giants,coolbet,spreads,New York Giants,3.5,1.92
2026-10-08T15:09:07Z,scheduled,fbffd0b7722fd81d68d5d62472dc80e8,2026-10-11T17:00:00Z,Washington Commanders,New York Giants,coolbet,spreads,Washington Commanders,-3.5,1.92
2026-10-08T15:09:07Z,scheduled,fbffd0b7722fd81d68d5d62472dc80e8,2026-10-11T17:00:00Z,Washington Commanders,New York Giants,coolbet,totals,Over,42.0,1.92
2026-10-08T15:09:07Z,scheduled,fbffd0b7722fd81d68d5d62472dc80e8,2026-10-11T17:00:00Z,Washington Commanders,New York Giants,coolbet,totals,Under,42.0,1.92
2026-10-08T15:09:07Z,scheduled,fbffd0b7722fd81d68d5d62472dc80e8,2026-10-11T17:00:00Z,Washington Commanders,New York Giants,betfair_ex_eu,h2h,New York Giants,,2.74
2026-10-08T15:09:07Z,scheduled,fbffd0b7722fd81d68d5d62472dc80e8,2026-10-11T17:00:00Z,Washington Commanders,New York Giants,betfair_ex_eu,h2h,Washington Commanders,,1.56
2026-10-08T15:09:07Z,scheduled,fbffd0b7722fd81d68d5d62472dc80e8,2026-10-11T17:00:00Z,Washington Commanders,New York Giants,betfair_ex_eu,h2h_lay,New York Giants,,2.78
2026-10-08T15:09:07Z,scheduled,fbffd0b7722fd81d68d5d62472dc80e8,2026-10-11T17:00:00Z,Washington Commanders,New York Giants,betfair_ex_eu,h2h_lay,Washington Commanders,,1.58
2026-10-08T15:09:07Z,scheduled,d1d408fdfd272046fb517fe992a1c5a0,2026-10-11T20:05:00Z,Los Angeles Chargers,Denver Broncos,draftkings,h2h,Denver Broncos,,1.54
2026-10-08T15:09:07Z,scheduled,d1d408fdfd272046fb517fe992a1c5a0,2026-10-11T20:05:00Z,Los Angeles Chargers,Denver Broncos,draftkings,h2h,Los Angeles Chargers,,2.54
2026-10-08T15:09:07Z,scheduled,d1d408fdfd272046fb517fe992a1c5a0,2026-10-11T20:05:00Z,Los Angeles Chargers,Denver Broncos,draftkings,spreads,Denver Broncos,-3.5,1.91
2026-10-08T15:09:07Z,scheduled,d1d408fdfd272046fb517fe992a1c5a0,2026-10-11T20:05:00Z,Los Angeles Chargers,Denver Broncos,draftkings,spreads,Los Angeles Chargers,3.5,1.91
2026-10-08T15:09:07Z,scheduled,d1d408fdfd272046fb517fe992a1c5a0,2026-10-11T20:05:00Z,Los Angeles Chargers,Denver Broncos,draftkings,totals,Over,41.5,1.87
2026-10-08T15:09:07Z,scheduled,d1d408fdfd272046fb517fe992a1c5a0,2026-10-11T20:05:00Z,Los Angeles Chargers,Denver Broncos,draftkings,totals,Under,41.5,1.95
2026-10-08T15:09:07Z,scheduled,d1d408fdfd272046fb517fe992a1c5a0,2026-10-11T20:05:00Z,Los Angeles Chargers,Denver Broncos,fanduel,h2h,Denver Broncos,,1.56
2026-10-08T15:09:07Z,scheduled,d1d408fdfd272046fb517fe992a1c5a0,2026-10-11T20:05:00Z,Los Angeles Chargers,Denver Broncos,fanduel,h2h,Los Angeles Chargers,,2.52
2026-10-08T15:09:07Z,scheduled,d1d408fdfd272046fb517fe992a1c5a0,2026-10-11T20:05:00Z,Los Angeles Chargers,Denver Broncos,fanduel,spreads,Denver Broncos,-3.5,1.96
2026-10-08T15:09:07Z,scheduled,d1d408fdfd272046fb517fe992a1c5a0,2026-10-11T20:05:00Z,Los Angeles Chargers,Denver Broncos,fanduel,spreads,Los Angeles Chargers,3.5,1.85
2026-10-08T15:09:07Z,scheduled,d1d408fdfd272046fb517fe992a1c5a0,2026-10-11T20:05:00Z,Los Angeles Chargers,Denver Broncos,fanduel,totals,Over,42.5,1.94
2026-10-08T15:09:07Z,scheduled,d1d408fdfd272046fb517fe992a1c5a0,2026-10-11T20:05:00Z,Los Angeles Chargers,Denver Broncos,fanduel,totals,Under,42.5,1.88
2026-10-08T15:09:07Z,scheduled,d1d408fdfd272046fb517fe992a1c5a0,2026-10-11T20:05:00Z,Los Angeles Chargers,Denver Broncos,betrivers,h2h,Denver Broncos,,1.53
2026-10-08T15:09:07Z,scheduled,d1d408fdfd272046fb517fe992a1c5a0,2026-10-11T20:05:00Z,Los Angeles Chargers,Denver Broncos,betrivers,h2h,Los Angeles Chargers,,2.55
2026-10-08T15:09:07Z,scheduled,d1d408fdfd272046fb517fe992a1c5a0,2026-10-11T20:05:00Z,Los Angeles Chargers,Denver Broncos,betrivers,spreads,Denver Broncos,-3.5,1.91
2026-10-08T15:09:07Z,scheduled,d1d408fdfd272046fb517fe992a1c5a0,2026-10-11T20:05:00Z,Los Angeles Chargers,Denver Broncos,betrivers,spreads,Los Angeles Chargers,3.5,1.91
2026-10-08T15:09:07Z,scheduled,d1d408fdfd272046fb517fe992a1c5a0,2026-10-11T20:05:00Z,Los Angeles Chargers,Denver Broncos,betrivers,totals,Over,42.5,1.93
2026-10-08T15:09:07Z,scheduled,d1d408fdfd272046fb517fe992a1c5a0,2026-10-11T20:05:00Z,Los Angeles Chargers,Denver Broncos,betrivers,totals,Under,42.5,1.88
2026-10-08T15:09:07Z,scheduled,d1d408fdfd272046fb517fe992a1c5a0,2026-10-11T20:05:00Z,Los Angeles Chargers,Denver Broncos,betsson,h2h,Denver Broncos,,1.53
2026-10-08T15:09:07Z,scheduled,d1d408fdfd272046fb517fe992a1c5a0,2026-10-11T20:05:00Z,Los Angeles Chargers,Denver Broncos,betsson,h2h,Los Angeles Chargers,,2.5
2026-10-08T15:09:07Z,scheduled,d1d408fdfd272046fb517fe992a1c5a0,2026-10-11T20:05:00Z,Los Angeles Chargers,Denver Broncos,betsson,spreads,Denver Broncos,-3.5,1.98
2026-10-08T15:09:07Z,scheduled,d1d408fdfd272046fb517fe992a1c5a0,2026-10-11T20:05:00Z,Los Angeles Chargers,Denver Broncos,betsson,spreads,Los Angeles Chargers,3.5,1.83
2026-10-08T15:09:07Z,scheduled,d1d408fdfd272046fb517fe992a1c5a0,2026-10-11T20:05:00Z,Los Angeles Chargers,Denver Broncos,betsson,totals,Over,41.5,1.86
2026-10-08T15:09:07Z,scheduled,d1d408fdfd272046fb517fe992a1c5a0,2026-10-11T20:05:00Z,Los Angeles Chargers,Denver Broncos,betsson,totals,Under,41.5,1.94
2026-10-08T15:09:07Z,scheduled,d1d408fdfd272046fb517fe992a1c5a0,2026-10-11T20:05:00Z,Los Angeles Chargers,Denver Broncos,matchbook,h2h,Denver Broncos,,1.6
2026-10-08T15:09:07Z,scheduled,d1d408fdfd272046fb517fe992a1c5a0,2026-10-11T20:05:00Z,Los Angeles Chargers,Denver Broncos,matchbook,h2h,Los Angeles Chargers,,2.62
2026-10-08T15:09:07Z,scheduled,d1d408fdfd272046fb517fe992a1c5a0,2026-10-11T20:05:00Z,Los Angeles Chargers,Denver Broncos,matchbook,h2h_lay,Denver Broncos,,1.61
2026-10-08T15:09:07Z,scheduled,d1d408fdfd272046fb517fe992a1c5a0,2026-10-11T20:05:00Z,Los Angeles Chargers,Denver Broncos,matchbook,h2h_lay,Los Angeles Chargers,,2.66
2026-10-08T15:09:07Z,scheduled,d1d408fdfd272046fb517fe992a1c5a0,2026-10-11T20:05:00Z,Los Angeles Chargers,Denver Broncos,matchbook,spreads,Denver Broncos,-3.0,1.92
2026-10-08T15:09:07Z,scheduled,d1d408fdfd272046fb517fe992a1c5a0,2026-10-11T20:05:00Z,Los Angeles Chargers,Denver Broncos,matchbook,spreads,Los Angeles Chargers,3.0,2.04
2026-10-08T15:09:07Z,scheduled,d1d408fdfd272046fb517fe992a1c5a0,2026-10-11T20:05:00Z,Los Angeles Chargers,Denver Broncos,matchbook,totals,Over,41.5,1.91
2026-10-08T15:09:07Z,scheduled,d1d408fdfd272046fb517fe992a1c5a0,2026-10-11T20:05:00Z,Los Angeles Chargers,Denver Broncos,matchbook,totals,Under,41.5,1.98
2026-10-08T15:09:07Z,scheduled,d1d408fdfd272046fb517fe992a1c5a0,2026-10-11T20:05:00Z,Los Angeles Chargers,Denver Broncos,betmgm,h2h,Denver Broncos,,1.57
2026-10-08T15:09:07Z,scheduled,d1d408fdfd272046fb517fe992a1c5a0,2026-10-11T20:05:00Z,Los Angeles Chargers,Denver Broncos,betmgm,h2h,Los Angeles Chargers,,2.45
2026-10-08T15:09:07Z,scheduled,d1d408fdfd272046fb517fe992a1c5a0,2026-10-11T20:05:00Z,Los Angeles Chargers,Denver Broncos,betmgm,spreads,Denver Broncos,-3.5,1.98
2026-10-08T15:09:07Z,scheduled,d1d408fdfd272046fb517fe992a1c5a0,2026-10-11T20:05:00Z,Los Angeles Chargers,Denver Broncos,betmgm,spreads,Los Angeles Chargers,3.5,1.85
2026-10-08T15:09:07Z,scheduled,d1d408fdfd272046fb517fe992a1c5a0,2026-10-11T20:05:00Z,Los Angeles Chargers,Denver Broncos,betmgm,totals,Over,42.0,1.89
2026-10-08T15:09:07Z,scheduled,d1d408fdfd272046fb517fe992a1c5a0,2026-10-11T20:05:00Z,Los Angeles Chargers,Denver Broncos,betmgm,totals,Under,42.0,1.85
2026-10-08T15:09:07Z,scheduled,d1d408fdfd272046fb517fe992a1c5a0,2026-10-11T20:05:00Z,Los Angeles Chargers,Denver Broncos,coolbet,h2h,Denver Broncos,,1.55
2026-10-08T15:09:07Z,scheduled,d1d408fdfd272046fb517fe992a1c5a0,2026-10-11T20:05:00Z,Los Angeles Chargers,Denver Broncos,coolbet,h2h,Los Angeles Chargers,,2.53
2026-10-08T15:09:07Z,scheduled,d1d408fdfd272046fb517fe992a1c5a0,2026-10-11T20:05:00Z,Los Angeles Chargers,Denver Broncos,coolbet,spreads,Denver Broncos,-3.5,2.0
2026-10-08T15:09:07Z,scheduled,d1d408fdfd272046fb517fe992a1c5a0,2026-10-11T20:05:00Z,Los Angeles Chargers,Denver Broncos,coolbet,spreads,Los Angeles Chargers,3.5,1.85
2026-10-08T15:09:07Z,scheduled,d1d408fdfd272046fb517fe992a1c5a0,2026-10-11T20:05:00Z,Los Angeles Chargers,Denver Broncos,coolbet,totals,Over,42.0,1.92
2026-10-08T15:09:07Z,scheduled,d1d408fdfd272046fb517fe992a1c5a0,2026-10-11T20:05:00Z,Los Angeles Chargers,Denver Broncos,coolbet,totals,Under,42.0,1.92
2026-10-08T15:09:07Z,scheduled,d1d408fdfd272046fb517fe992a1c5a0,2026-10-11T20:05:00Z,Los Angeles Chargers,Denver Broncos,betfair_ex_eu,h2h,Denver Broncos,,1.6
2026-10-08T15:09:07Z,scheduled,d1d408fdfd272046fb517fe992a1c5a0,2026-10-11T20:05:00Z,Los Angeles Chargers,Denver Broncos,betfair_ex_eu,h2h,Los Angeles Chargers,,2.62
2026-10-08T15:09:07Z,scheduled,d1d408fdfd272046fb517fe992a1c5a0,2026-10-11T20:05:00Z,Los Angeles Chargers,Denver Broncos,betfair_ex_eu,h2h_lay,Denver Broncos,,1.61
2026-10-08T15:09:07Z,scheduled,d1d408fdfd272046fb517fe992a1c5a0,2026-10-11T20:05:00Z,Los Angeles Chargers,Denver Broncos,betfair_ex_eu,h2h_lay,Los Angeles Chargers,,2.66
2026-10-08T15:09:07Z,scheduled,d1d408fdfd272046fb517fe992a1c5a0,2026-10-11T20:05:00Z,Los Angeles Chargers,Denver Broncos,pinnacle,h2h,Denver Broncos,,1.56
2026-10-08T15:09:07Z,scheduled,d1d408fdfd272046fb517fe992a1c5a0,2026-10-11T20:05:00Z,Los Angeles Chargers,Denver Broncos,pinnacle,h2h,Los Angeles Chargers,,2.55
2026-10-08T15:09:07Z,scheduled,d1d408fdfd272046fb517fe992a1c5a0,2026-10-11T20:05:00Z,Los Angeles Chargers,Denver Broncos,pinnacle,spreads,Denver Broncos,-3.5,2.03
2026-10-08T15:09:07Z,scheduled,d1d408fdfd272046fb517fe992a1c5a0,2026-10-11T20:05:00Z,Los Angeles Chargers,Denver Broncos,pinnacle,spreads,Los Angeles Chargers,3.5,1.87
2026-10-08T15:09:07Z,scheduled,d1d408fdfd272046fb517fe992a1c5a0,2026-10-11T20:05:00Z,Los Angeles Chargers,Denver Broncos,pinnacle,totals,Over,41.5,1.91
2026-10-08T15:09:07Z,scheduled,d1d408fdfd272046fb517fe992a1c5a0,2026-10-11T20:05:00Z,Los Angeles Chargers,Denver Broncos,pinnacle,totals,Under,41.5,1.96
2026-10-08T15:09:07Z,scheduled,f8e7f43f73aa983c5c99c189587f0118,2026-10-11T20:25:00Z,Arizona Cardinals,Detroit Lions,draftkings,h2h,Arizona Cardinals,,3.1
2026-10-08T15:09:07Z,scheduled,f8e7f43f73aa983c5c99c189587f0118,2026-10-11T20:25:00Z,Arizona Cardinals,Detroit Lions,draftkings,h2h,Detroit Lions,,1.39
2026-10-08T15:09:07Z,scheduled,f8e7f43f73aa983c5c99c189587f0118,2026-10-11T20:25:00Z,Arizona Cardinals,Detroit Lions,draftkings,spreads,Arizona Cardinals,5.5,1.91
2026-10-08T15:09:07Z,scheduled,f8e7f43f73aa983c5c99c189587f0118,2026-10-11T20:25:00Z,Arizona Cardinals,Detroit Lions,draftkings,spreads,Detroit Lions,-5.5,1.91
2026-10-08T15:09:07Z,scheduled,f8e7f43f73aa983c5c99c189587f0118,2026-10-11T20:25:00Z,Arizona Cardinals,Detroit Lions,draftkings,totals,Over,54.5,1.87
2026-10-08T15:09:07Z,scheduled,f8e7f43f73aa983c5c99c189587f0118,2026-10-11T20:25:00Z,Arizona Cardinals,Detroit Lions,draftkings,totals,Under,54.5,1.95
2026-10-08T15:09:07Z,scheduled,f8e7f43f73aa983c5c99c189587f0118,2026-10-11T20:25:00Z,Arizona Cardinals,Detroit Lions,fanduel,h2h,Arizona Cardinals,,2.94
2026-10-08T15:09:07Z,scheduled,f8e7f43f73aa983c5c99c189587f0118,2026-10-11T20:25:00Z,Arizona Cardinals,Detroit Lions,fanduel,h2h,Detroit Lions,,1.43
2026-10-08T15:09:07Z,scheduled,f8e7f43f73aa983c5c99c189587f0118,2026-10-11T20:25:00Z,Arizona Cardinals,Detroit Lions,fanduel,spreads,Arizona Cardinals,5.5,1.85
2026-10-08T15:09:07Z,scheduled,f8e7f43f73aa983c5c99c189587f0118,2026-10-11T20:25:00Z,Arizona Cardinals,Detroit Lions,fanduel,spreads,Detroit Lions,-5.5,1.96
2026-10-08T15:09:07Z,scheduled,f8e7f43f73aa983c5c99c189587f0118,2026-10-11T20:25:00Z,Arizona Cardinals,Detroit Lions,fanduel,totals,Over,54.5,1.93
2026-10-08T15:09:07Z,scheduled,f8e7f43f73aa983c5c99c189587f0118,2026-10-11T20:25:00Z,Arizona Cardinals,Detroit Lions,fanduel,totals,Under,54.5,1.89
2026-10-08T15:09:07Z,scheduled,f8e7f43f73aa983c5c99c189587f0118,2026-10-11T20:25:00Z,Arizona Cardinals,Detroit Lions,betrivers,h2h,Arizona Cardinals,,2.95
2026-10-08T15:09:07Z,scheduled,f8e7f43f73aa983c5c99c189587f0118,2026-10-11T20:25:00Z,Arizona Cardinals,Detroit Lions,betrivers,h2h,Detroit Lions,,1.41
2026-10-08T15:09:07Z,scheduled,f8e7f43f73aa983c5c99c189587f0118,2026-10-11T20:25:00Z,Arizona Cardinals,Detroit Lions,betrivers,spreads,Arizona Cardinals,6.0,1.88
2026-10-08T15:09:07Z,scheduled,f8e7f43f73aa983c5c99c189587f0118,2026-10-11T20:25:00Z,Arizona Cardinals,Detroit Lions,betrivers,spreads,Detroit Lions,-6.0,1.93
2026-10-08T15:09:07Z,scheduled,f8e7f43f73aa983c5c99c189587f0118,2026-10-11T20:25:00Z,Arizona Cardinals,Detroit Lions,betrivers,totals,Over,54.0,1.89
2026-10-08T15:09:07Z,scheduled,f8e7f43f73aa983c5c99c189587f0118,2026-10-11T20:25:00Z,Arizona Cardinals,Detroit Lions,betrivers,totals,Under,54.0,1.92
2026-10-08T15:09:07Z,scheduled,f8e7f43f73aa983c5c99c189587f0118,2026-10-11T20:25:00Z,Arizona Cardinals,Detroit Lions,betsson,h2h,Arizona Cardinals,,3.0
2026-10-08T15:09:07Z,scheduled,f8e7f43f73aa983c5c99c189587f0118,2026-10-11T20:25:00Z,Arizona Cardinals,Detroit Lions,betsson,h2h,Detroit Lions,,1.39
2026-10-08T15:09:07Z,scheduled,f8e7f43f73aa983c5c99c189587f0118,2026-10-11T20:25:00Z,Arizona Cardinals,Detroit Lions,betsson,spreads,Arizona Cardinals,5.5,1.88
2026-10-08T15:09:07Z,scheduled,f8e7f43f73aa983c5c99c189587f0118,2026-10-11T20:25:00Z,Arizona Cardinals,Detroit Lions,betsson,spreads,Detroit Lions,-5.5,1.92
2026-10-08T15:09:07Z,scheduled,f8e7f43f73aa983c5c99c189587f0118,2026-10-11T20:25:00Z,Arizona Cardinals,Detroit Lions,betsson,totals,Over,54.5,1.88
2026-10-08T15:09:07Z,scheduled,f8e7f43f73aa983c5c99c189587f0118,2026-10-11T20:25:00Z,Arizona Cardinals,Detroit Lions,betsson,totals,Under,54.5,1.92
2026-10-08T15:09:07Z,scheduled,f8e7f43f73aa983c5c99c189587f0118,2026-10-11T20:25:00Z,Arizona Cardinals,Detroit Lions,matchbook,h2h,Arizona Cardinals,,3.15
2026-10-08T15:09:07Z,scheduled,f8e7f43f73aa983c5c99c189587f0118,2026-10-11T20:25:00Z,Arizona Cardinals,Detroit Lions,matchbook,h2h,Detroit Lions,,1.45
2026-10-08T15:09:07Z,scheduled,f8e7f43f73aa983c5c99c189587f0118,2026-10-11T20:25:00Z,Arizona Cardinals,Detroit Lions,matchbook,h2h_lay,Arizona Cardinals,,3.25
2026-10-08T15:09:07Z,scheduled,f8e7f43f73aa983c5c99c189587f0118,2026-10-11T20:25:00Z,Arizona Cardinals,Detroit Lions,matchbook,h2h_lay,Detroit Lions,,1.46
2026-10-08T15:09:07Z,scheduled,f8e7f43f73aa983c5c99c189587f0118,2026-10-11T20:25:00Z,Arizona Cardinals,Detroit Lions,matchbook,spreads,Arizona Cardinals,6.0,1.92
2026-10-08T15:09:07Z,scheduled,f8e7f43f73aa983c5c99c189587f0118,2026-10-11T20:25:00Z,Arizona Cardinals,Detroit Lions,matchbook,spreads,Detroit Lions,-6.0,1.99
2026-10-08T15:09:07Z,scheduled,f8e7f43f73aa983c5c99c189587f0118,2026-10-11T20:25:00Z,Arizona Cardinals,Detroit Lions,matchbook,totals,Over,54.5,1.95
2026-10-08T15:09:07Z,scheduled,f8e7f43f73aa983c5c99c189587f0118,2026-10-11T20:25:00Z,Arizona Cardinals,Detroit Lions,matchbook,totals,Under,54.5,1.93
2026-10-08T15:09:07Z,scheduled,f8e7f43f73aa983c5c99c189587f0118,2026-10-11T20:25:00Z,Arizona Cardinals,Detroit Lions,betmgm,h2h,Arizona Cardinals,,3.0
2026-10-08T15:09:07Z,scheduled,f8e7f43f73aa983c5c99c189587f0118,2026-10-11T20:25:00Z,Arizona Cardinals,Detroit Lions,betmgm,h2h,Detroit Lions,,1.43
2026-10-08T15:09:07Z,scheduled,f8e7f43f73aa983c5c99c189587f0118,2026-10-11T20:25:00Z,Arizona Cardinals,Detroit Lions,betmgm,spreads,Arizona Cardinals,5.5,1.91
2026-10-08T15:09:07Z,scheduled,f8e7f43f73aa983c5c99c189587f0118,2026-10-11T20:25:00Z,Arizona Cardinals,Detroit Lions,betmgm,spreads,Detroit Lions,-5.5,1.93
2026-10-08T15:09:07Z,scheduled,f8e7f43f73aa983c5c99c189587f0118,2026-10-11T20:25:00Z,Arizona Cardinals,Detroit Lions,betmgm,totals,Over,54.5,1.93
2026-10-08T15:09:07Z,scheduled,f8e7f43f73aa983c5c99c189587f0118,2026-10-11T20:25:00Z,Arizona Cardinals,Detroit Lions,betmgm,totals,Under,54.5,1.91
2026-10-08T15:09:07Z,scheduled,f8e7f43f73aa983c5c99c189587f0118,2026-10-11T20:25:00Z,Arizona Cardinals,Detroit Lions,coolbet,h2h,Arizona Cardinals,,3.02
2026-10-08T15:09:07Z,scheduled,f8e7f43f73aa983c5c99c189587f0118,2026-10-11T20:25:00Z,Arizona Cardinals,Detroit Lions,coolbet,h2h,Detroit Lions,,1.41
2026-10-08T15:09:07Z,scheduled,f8e7f43f73aa983c5c99c189587f0118,2026-10-11T20:25:00Z,Arizona Cardinals,Detroit Lions,coolbet,spreads,Arizona Cardinals,5.5,1.91
2026-10-08T15:09:07Z,scheduled,f8e7f43f73aa983c5c99c189587f0118,2026-10-11T20:25:00Z,Arizona Cardinals,Detroit Lions,coolbet,spreads,Detroit Lions,-5.5,1.93
2026-10-08T15:09:07Z,scheduled,f8e7f43f73aa983c5c99c189587f0118,2026-10-11T20:25:00Z,Arizona Cardinals,Detroit Lions,coolbet,totals,Over,54.5,1.9
2026-10-08T15:09:07Z,scheduled,f8e7f43f73aa983c5c99c189587f0118,2026-10-11T20:25:00Z,Arizona Cardinals,Detroit Lions,coolbet,totals,Under,54.5,1.95
2026-10-08T15:09:07Z,scheduled,f8e7f43f73aa983c5c99c189587f0118,2026-10-11T20:25:00Z,Arizona Cardinals,Detroit Lions,betfair_ex_eu,h2h,Arizona Cardinals,,3.15
2026-10-08T15:09:07Z,scheduled,f8e7f43f73aa983c5c99c189587f0118,2026-10-11T20:25:00Z,Arizona Cardinals,Detroit Lions,betfair_ex_eu,h2h,Detroit Lions,,1.44
2026-10-08T15:09:07Z,scheduled,f8e7f43f73aa983c5c99c189587f0118,2026-10-11T20:25:00Z,Arizona Cardinals,Detroit Lions,betfair_ex_eu,h2h_lay,Arizona Cardinals,,3.25
2026-10-08T15:09:07Z,scheduled,f8e7f43f73aa983c5c99c189587f0118,2026-10-11T20:25:00Z,Arizona Cardinals,Detroit Lions,betfair_ex_eu,h2h_lay,Detroit Lions,,1.46
2026-10-08T15:09:07Z,scheduled,f8e7f43f73aa983c5c99c189587f0118,2026-10-11T20:25:00Z,Arizona Cardinals,Detroit Lions,pinnacle,h2h,Arizona Cardinals,,3.17
2026-10-08T15:09:07Z,scheduled,f8e7f43f73aa983c5c99c189587f0118,2026-10-11T20:25:00Z,Arizona Cardinals,Detroit Lions,pinnacle,h2h,Detroit Lions,,1.39
2026-10-08T15:09:07Z,scheduled,f8e7f43f73aa983c5c99c189587f0118,2026-10-11T20:25:00Z,Arizona Cardinals,Detroit Lions,pinnacle,spreads,Arizona Cardinals,5.5,1.96
2026-10-08T15:09:07Z,scheduled,f8e7f43f73aa983c5c99c189587f0118,2026-10-11T20:25:00Z,Arizona Cardinals,Detroit Lions,pinnacle,spreads,Detroit Lions,-5.5,1.92
2026-10-08T15:09:07Z,scheduled,f8e7f43f73aa983c5c99c189587f0118,2026-10-11T20:25:00Z,Arizona Cardinals,Detroit Lions,pinnacle,totals,Over,54.5,1.96
2026-10-08T15:09:07Z,scheduled,f8e7f43f73aa983c5c99c189587f0118,2026-10-11T20:25:00Z,Arizona Cardinals,Detroit Lions,pinnacle,totals,Under,54.5,1.91
2026-10-08T15:09:07Z,scheduled,8e5d515b10d8a5ffb324640ed60bcc55,2026-10-11T20:25:00Z,Seattle Seahawks,San Francisco 49ers,draftkings,h2h,San Francisco 49ers,,2.36
2026-10-08T15:09:07Z,scheduled,8e5d515b10d8a5ffb324640ed60bcc55,2026-10-11T20:25:00Z,Seattle Seahawks,San Francisco 49ers,draftkings,h2h,Seattle Seahawks,,1.62
2026-10-08T15:09:07Z,scheduled,8e5d515b10d8a5ffb324640ed60bcc55,2026-10-11T20:25:00Z,Seattle Seahawks,San Francisco 49ers,draftkings,spreads,San Francisco 49ers,3.0,1.91
2026-10-08T15:09:07Z,scheduled,8e5d515b10d8a5ffb324640ed60bcc55,2026-10-11T20:25:00Z,Seattle Seahawks,San Francisco 49ers,draftkings,spreads,Seattle Seahawks,-3.0,1.91
2026-10-08T15:09:07Z,scheduled,8e5d515b10d8a5ffb324640ed60bcc55,2026-10-11T20:25:00Z,Seattle Seahawks,San Francisco 49ers,draftkings,totals,Over,45.5,1.87
2026-10-08T15:09:07Z,scheduled,8e5d515b10d8a5ffb324640ed60bcc55,2026-10-11T20:25:00Z,Seattle Seahawks,San Francisco 49ers,draftkings,totals,Under,45.5,1.95
2026-10-08T15:09:07Z,scheduled,8e5d515b10d8a5ffb324640ed60bcc55,2026-10-11T20:25:00Z,Seattle Seahawks,San Francisco 49ers,fanduel,h2h,San Francisco 49ers,,2.36
2026-10-08T15:09:07Z,scheduled,8e5d515b10d8a5ffb324640ed60bcc55,2026-10-11T20:25:00Z,Seattle Seahawks,San Francisco 49ers,fanduel,h2h,Seattle Seahawks,,1.62
2026-10-08T15:09:07Z,scheduled,8e5d515b10d8a5ffb324640ed60bcc55,2026-10-11T20:25:00Z,Seattle Seahawks,San Francisco 49ers,fanduel,spreads,San Francisco 49ers,3.0,1.91
2026-10-08T15:09:07Z,scheduled,8e5d515b10d8a5ffb324640ed60bcc55,2026-10-11T20:25:00Z,Seattle Seahawks,San Francisco 49ers,fanduel,spreads,Seattle Seahawks,-3.0,1.91
2026-10-08T15:09:07Z,scheduled,8e5d515b10d8a5ffb324640ed60bcc55,2026-10-11T20:25:00Z,Seattle Seahawks,San Francisco 49ers,fanduel,totals,Over,45.5,1.87
2026-10-08T15:09:07Z,scheduled,8e5d515b10d8a5ffb324640ed60bcc55,2026-10-11T20:25:00Z,Seattle Seahawks,San Francisco 49ers,fanduel,totals,Under,45.5,1.95
2026-10-08T15:09:07Z,scheduled,8e5d515b10d8a5ffb324640ed60bcc55,2026-10-11T20:25:00Z,Seattle Seahawks,San Francisco 49ers,betrivers,h2h,San Francisco 49ers,,2.25
2026-10-08T15:09:07Z,scheduled,8e5d515b10d8a5ffb324640ed60bcc55,2026-10-11T20:25:00Z,Seattle Seahawks,San Francisco 49ers,betrivers,h2h,Seattle Seahawks,,1.64
2026-10-08T15:09:07Z,scheduled,8e5d515b10d8a5ffb324640ed60bcc55,2026-10-11T20:25:00Z,Seattle Seahawks,San Francisco 49ers,betrivers,spreads,San Francisco 49ers,3.0,1.89
2026-10-08T15:09:07Z,scheduled,8e5d515b10d8a5ffb324640ed60bcc55,2026-10-11T20:25:00Z,Seattle Seahawks,San Francisco 49ers,betrivers,spreads,Seattle Seahawks,-3.0,1.92
2026-10-08T15:09:07Z,scheduled,8e5d515b10d8a5ffb324640ed60bcc55,2026-10-11T20:25:00Z,Seattle Seahawks,San Francisco 49ers,betrivers,totals,Over,46.5,1.88
2026-10-08T15:09:07Z,scheduled,8e5d515b10d8a5ffb324640ed60bcc55,2026-10-11T20:25:00Z,Seattle Seahawks,San Francisco 49ers,betrivers,totals,Under,46.5,1.93
2026-10-08T15:09:07Z,scheduled,8e5d515b10d8a5ffb324640ed60bcc55,2026-10-11T20:25:00Z,Seattle Seahawks,San Francisco 49ers,betsson,h2h,San Francisco 49ers,,2.38
2026-10-08T15:09:07Z,scheduled,8e5d515b10d8a5ffb324640ed60bcc55,2026-10-11T20:25:00Z,Seattle Seahawks,San Francisco 49ers,betsson,h2h,Seattle Seahawks,,1.58
2026-10-08T15:09:07Z,scheduled,8e5d515b10d8a5ffb324640ed60bcc55,2026-10-11T20:25:00Z,Seattle Seahawks,San Francisco 49ers,betsson,spreads,San Francisco 49ers,3.5,1.75
2026-10-08T15:09:07Z,scheduled,8e5d515b10d8a5ffb324640ed60bcc55,2026-10-11T20:25:00Z,Seattle Seahawks,San Francisco 49ers,betsson,spreads,Seattle Seahawks,-3.5,2.08
2026-10-08T15:09:07Z,scheduled,8e5d515b10d8a5ffb324640ed60bcc55,2026-10-11T20:25:00Z,Seattle Seahawks,San Francisco 49ers,betsson,totals,Over,46.5,1.9
2026-10-08T15:09:07Z,scheduled,8e5d515b10d8a5ffb324640ed60bcc55,2026-10-11T20:25:00Z,Seattle Seahawks,San Francisco 49ers,betsson,totals,Under,46.5,1.9
2026-10-08T15:09:07Z,scheduled,8e5d515b10d8a5ffb324640ed60bcc55,2026-10-11T20:25:00Z,Seattle Seahawks,San Francisco 49ers,betmgm,h2h,San Francisco 49ers,,2.35
2026-10-08T15:09:07Z,scheduled,8e5d515b10d8a5ffb324640ed60bcc55,2026-10-11T20:25:00Z,Seattle Seahawks,San Francisco 49ers,betmgm,h2h,Seattle Seahawks,,1.61
2026-10-08T15:09:07Z,scheduled,8e5d515b10d8a5ffb324640ed60bcc55,2026-10-11T20:25:00Z,Seattle Seahawks,San Francisco 49ers,betmgm,spreads,San Francisco 49ers,3.0,1.93
2026-10-08T15:09:07Z,scheduled,8e5d515b10d8a5ffb324640ed60bcc55,2026-10-11T20:25:00Z,Seattle Seahawks,San Francisco 49ers,betmgm,spreads,Seattle Seahawks,-3.0,1.89
2026-10-08T15:09:07Z,scheduled,8e5d515b10d8a5ffb324640ed60bcc55,2026-10-11T20:25:00Z,Seattle Seahawks,San Francisco 49ers,betmgm,totals,Over,46.0,1.91
2026-10-08T15:09:07Z,scheduled,8e5d515b10d8a5ffb324640ed60bcc55,2026-10-11T20:25:00Z,Seattle Seahawks,San Francisco 49ers,betmgm,totals,Under,46.0,1.93
2026-10-08T15:09:07Z,scheduled,8e5d515b10d8a5ffb324640ed60bcc55,2026-10-11T20:25:00Z,Seattle Seahawks,San Francisco 49ers,pinnacle,h2h,San Francisco 49ers,,2.52
2026-10-08T15:09:07Z,scheduled,8e5d515b10d8a5ffb324640ed60bcc55,2026-10-11T20:25:00Z,Seattle Seahawks,San Francisco 49ers,pinnacle,h2h,Seattle Seahawks,,1.58
2026-10-08T15:09:07Z,scheduled,8e5d515b10d8a5ffb324640ed60bcc55,2026-10-11T20:25:00Z,Seattle Seahawks,San Francisco 49ers,pinnacle,spreads,San Francisco 49ers,3.0,2.01
2026-10-08T15:09:07Z,scheduled,8e5d515b10d8a5ffb324640ed60bcc55,2026-10-11T20:25:00Z,Seattle Seahawks,San Francisco 49ers,pinnacle,spreads,Seattle Seahawks,-3.0,1.88
2026-10-08T15:09:07Z,scheduled,8e5d515b10d8a5ffb324640ed60bcc55,2026-10-11T20:25:00Z,Seattle Seahawks,San Francisco 49ers,pinnacle,totals,Over,46.0,1.88
2026-10-08T15:09:07Z,scheduled,8e5d515b10d8a5ffb324640ed60bcc55,2026-10-11T20:25:00Z,Seattle Seahawks,San Francisco 49ers,pinnacle,totals,Under,46.0,1.99
2026-10-08T15:09:07Z,scheduled,8e5d515b10d8a5ffb324640ed60bcc55,2026-10-11T20:25:00Z,Seattle Seahawks,San Francisco 49ers,matchbook,h2h,San Francisco 49ers,,2.56
2026-10-08T15:09:07Z,scheduled,8e5d515b10d8a5ffb324640ed60bcc55,2026-10-11T20:25:00Z,Seattle Seahawks,San Francisco 49ers,matchbook,h2h,Seattle Seahawks,,1.62
2026-10-08T15:09:07Z,scheduled,8e5d515b10d8a5ffb324640ed60bcc55,2026-10-11T20:25:00Z,Seattle Seahawks,San Francisco 49ers,matchbook,h2h_lay,San Francisco 49ers,,2.6
2026-10-08T15:09:07Z,scheduled,8e5d515b10d8a5ffb324640ed60bcc55,2026-10-11T20:25:00Z,Seattle Seahawks,San Francisco 49ers,matchbook,h2h_lay,Seattle Seahawks,,1.64
2026-10-08T15:09:07Z,scheduled,8e5d515b10d8a5ffb324640ed60bcc55,2026-10-11T20:25:00Z,Seattle Seahawks,San Francisco 49ers,matchbook,spreads,San Francisco 49ers,3.0,2.02
2026-10-08T15:09:07Z,scheduled,8e5d515b10d8a5ffb324640ed60bcc55,2026-10-11T20:25:00Z,Seattle Seahawks,San Francisco 49ers,matchbook,spreads,Seattle Seahawks,-3.0,1.87
2026-10-08T15:09:07Z,scheduled,8e5d515b10d8a5ffb324640ed60bcc55,2026-10-11T20:25:00Z,Seattle Seahawks,San Francisco 49ers,matchbook,totals,Over,46.5,1.94
2026-10-08T15:09:07Z,scheduled,8e5d515b10d8a5ffb324640ed60bcc55,2026-10-11T20:25:00Z,Seattle Seahawks,San Francisco 49ers,matchbook,totals,Under,46.5,1.93
2026-10-08T15:09:07Z,scheduled,8e5d515b10d8a5ffb324640ed60bcc55,2026-10-11T20:25:00Z,Seattle Seahawks,San Francisco 49ers,coolbet,h2h,San Francisco 49ers,,2.43
2026-10-08T15:09:07Z,scheduled,8e5d515b10d8a5ffb324640ed60bcc55,2026-10-11T20:25:00Z,Seattle Seahawks,San Francisco 49ers,coolbet,h2h,Seattle Seahawks,,1.59
2026-10-08T15:09:07Z,scheduled,8e5d515b10d8a5ffb324640ed60bcc55,2026-10-11T20:25:00Z,Seattle Seahawks,San Francisco 49ers,coolbet,spreads,San Francisco 49ers,3.0,1.92
2026-10-08T15:09:07Z,scheduled,8e5d515b10d8a5ffb324640ed60bcc55,2026-10-11T20:25:00Z,Seattle Seahawks,San Francisco 49ers,coolbet,spreads,Seattle Seahawks,-3.0,1.92
2026-10-08T15:09:07Z,scheduled,8e5d515b10d8a5ffb324640ed60bcc55,2026-10-11T20:25:00Z,Seattle Seahawks,San Francisco 49ers,coolbet,totals,Over,46.5,1.92
2026-10-08T15:09:07Z,scheduled,8e5d515b10d8a5ffb324640ed60bcc55,2026-10-11T20:25:00Z,Seattle Seahawks,San Francisco 49ers,coolbet,totals,Under,46.5,1.92
2026-10-08T15:09:07Z,scheduled,8e5d515b10d8a5ffb324640ed60bcc55,2026-10-11T20:25:00Z,Seattle Seahawks,San Francisco 49ers,betfair_ex_eu,h2h,San Francisco 49ers,,2.56
2026-10-08T15:09:07Z,scheduled,8e5d515b10d8a5ffb324640ed60bcc55,2026-10-11T20:25:00Z,Seattle Seahawks,San Francisco 49ers,betfair_ex_eu,h2h,Seattle Seahawks,,1.62
2026-10-08T15:09:07Z,scheduled,8e5d515b10d8a5ffb324640ed60bcc55,2026-10-11T20:25:00Z,Seattle Seahawks,San Francisco 49ers,betfair_ex_eu,h2h_lay,San Francisco 49ers,,2.6
2026-10-08T15:09:07Z,scheduled,8e5d515b10d8a5ffb324640ed60bcc55,2026-10-11T20:25:00Z,Seattle Seahawks,San Francisco 49ers,betfair_ex_eu,h2h_lay,Seattle Seahawks,,1.64
2026-10-08T15:09:07Z,scheduled,86457f91112732f21ad4bb7d37bd291c,2026-10-12T00:20:00Z,Atlanta Falcons,Baltimore Ravens,draftkings,h2h,Atlanta Falcons,,1.57
2026-10-08T15:09:07Z,scheduled,86457f91112732f21ad4bb7d37bd291c,2026-10-12T00:20:00Z,Atlanta Falcons,Baltimore Ravens,draftkings,h2h,Baltimore Ravens,,2.45
2026-10-08T15:09:07Z,scheduled,86457f91112732f21ad4bb7d37bd291c,2026-10-12T00:20:00Z,Atlanta Falcons,Baltimore Ravens,draftkings,spreads,Atlanta Falcons,-3.5,1.95
2026-10-08T15:09:07Z,scheduled,86457f91112732f21ad4bb7d37bd291c,2026-10-12T00:20:00Z,Atlanta Falcons,Baltimore Ravens,draftkings,spreads,Baltimore Ravens,3.5,1.87
2026-10-08T15:09:07Z,scheduled,86457f91112732f21ad4bb7d37bd291c,2026-10-12T00:20:00Z,Atlanta Falcons,Baltimore Ravens,draftkings,totals,Over,43.5,1.87
2026-10-08T15:09:07Z,scheduled,86457f91112732f21ad4bb7d37bd291c,2026-10-12T00:20:00Z,Atlanta Falcons,Baltimore Ravens,draftkings,totals,Under,43.5,1.95
2026-10-08T15:09:07Z,scheduled,86457f91112732f21ad4bb7d37bd291c,2026-10-12T00:20:00Z,Atlanta Falcons,Baltimore Ravens,fanduel,h2h,Atlanta Falcons,,1.58
2026-10-08T15:09:07Z,scheduled,86457f91112732f21ad4bb7d37bd291c,2026-10-12T00:20:00Z,Atlanta Falcons,Baltimore Ravens,fanduel,h2h,Baltimore Ravens,,2.44
2026-10-08T15:09:07Z,scheduled,86457f91112732f21ad4bb7d37bd291c,2026-10-12T00:20:00Z,Atlanta Falcons,Baltimore Ravens,fanduel,spreads,Atlanta Falcons,-3.5,2.0
2026-10-08T15:09:07Z,scheduled,86457f91112732f21ad4bb7d37bd291c,2026-10-12T00:20:00Z,Atlanta Falcons,Baltimore Ravens,fanduel,spreads,Baltimore Ravens,3.5,1.82
2026-10-08T15:09:07Z,scheduled,86457f91112732f21ad4bb7d37bd291c,2026-10-12T00:20:00Z,Atlanta Falcons,Baltimore Ravens,fanduel,totals,Over,43.5,1.88
2026-10-08T15:09:07Z,scheduled,86457f91112732f21ad4bb7d37bd291c,2026-10-12T00:20:00Z,Atlanta Falcons,Baltimore Ravens,fanduel,totals,Under,43.5,1.94
2026-10-08T15:09:07Z,scheduled,86457f91112732f21ad4bb7d37bd291c,2026-10-12T00:20:00Z,Atlanta Falcons,Baltimore Ravens,betrivers,h2h,Atlanta Falcons,,1.55
2026-10-08T15:09:07Z,scheduled,86457f91112732f21ad4bb7d37bd291c,2026-10-12T00:20:00Z,Atlanta Falcons,Baltimore Ravens,betrivers,h2h,Baltimore Ravens,,2.5
2026-10-08T15:09:07Z,scheduled,86457f91112732f21ad4bb7d37bd291c,2026-10-12T00:20:00Z,Atlanta Falcons,Baltimore Ravens,betrivers,spreads,Atlanta Falcons,-3.5,1.96
2026-10-08T15:09:07Z,scheduled,86457f91112732f21ad4bb7d37bd291c,2026-10-12T00:20:00Z,Atlanta Falcons,Baltimore Ravens,betrivers,spreads,Baltimore Ravens,3.5,1.85
2026-10-08T15:09:07Z,scheduled,86457f91112732f21ad4bb7d37bd291c,2026-10-12T00:20:00Z,Atlanta Falcons,Baltimore Ravens,betrivers,totals,Over,43.5,1.92
2026-10-08T15:09:07Z,scheduled,86457f91112732f21ad4bb7d37bd291c,2026-10-12T00:20:00Z,Atlanta Falcons,Baltimore Ravens,betrivers,totals,Under,43.5,1.89
2026-10-08T15:09:07Z,scheduled,86457f91112732f21ad4bb7d37bd291c,2026-10-12T00:20:00Z,Atlanta Falcons,Baltimore Ravens,betsson,h2h,Atlanta Falcons,,1.55
2026-10-08T15:09:07Z,scheduled,86457f91112732f21ad4bb7d37bd291c,2026-10-12T00:20:00Z,Atlanta Falcons,Baltimore Ravens,betsson,h2h,Baltimore Ravens,,2.45
2026-10-08T15:09:07Z,scheduled,86457f91112732f21ad4bb7d37bd291c,2026-10-12T00:20:00Z,Atlanta Falcons,Baltimore Ravens,betsson,spreads,Atlanta Falcons,-3.5,2.0
2026-10-08T15:09:07Z,scheduled,86457f91112732f21ad4bb7d37bd291c,2026-10-12T00:20:00Z,Atlanta Falcons,Baltimore Ravens,betsson,spreads,Baltimore Ravens,3.5,1.81
2026-10-08T15:09:07Z,scheduled,86457f91112732f21ad4bb7d37bd291c,2026-10-12T00:20:00Z,Atlanta Falcons,Baltimore Ravens,betsson,totals,Over,43.5,1.86
2026-10-08T15:09:07Z,scheduled,86457f91112732f21ad4bb7d37bd291c,2026-10-12T00:20:00Z,Atlanta Falcons,Baltimore Ravens,betsson,totals,Under,43.5,1.94
2026-10-08T15:09:07Z,scheduled,86457f91112732f21ad4bb7d37bd291c,2026-10-12T00:20:00Z,Atlanta Falcons,Baltimore Ravens,betmgm,h2h,Atlanta Falcons,,1.57
2026-10-08T15:09:07Z,scheduled,86457f91112732f21ad4bb7d37bd291c,2026-10-12T00:20:00Z,Atlanta Falcons,Baltimore Ravens,betmgm,h2h,Baltimore Ravens,,2.45
2026-10-08T15:09:07Z,scheduled,86457f91112732f21ad4bb7d37bd291c,2026-10-12T00:20:00Z,Atlanta Falcons,Baltimore Ravens,betmgm,spreads,Atlanta Falcons,-3.5,1.98
2026-10-08T15:09:07Z,scheduled,86457f91112732f21ad4bb7d37bd291c,2026-10-12T00:20:00Z,Atlanta Falcons,Baltimore Ravens,betmgm,spreads,Baltimore Ravens,3.5,1.85
2026-10-08T15:09:07Z,scheduled,86457f91112732f21ad4bb7d37bd291c,2026-10-12T00:20:00Z,Atlanta Falcons,Baltimore Ravens,betmgm,totals,Over,44.0,1.95
2026-10-08T15:09:07Z,scheduled,86457f91112732f21ad4bb7d37bd291c,2026-10-12T00:20:00Z,Atlanta Falcons,Baltimore Ravens,betmgm,totals,Under,44.0,1.89
2026-10-08T15:09:07Z,scheduled,86457f91112732f21ad4bb7d37bd291c,2026-10-12T00:20:00Z,Atlanta Falcons,Baltimore Ravens,matchbook,h2h,Atlanta Falcons,,1.61
2026-10-08T15:09:07Z,scheduled,86457f91112732f21ad4bb7d37bd291c,2026-10-12T00:20:00Z,Atlanta Falcons,Baltimore Ravens,matchbook,h2h,Baltimore Ravens,,2.58
2026-10-08T15:09:07Z,scheduled,86457f91112732f21ad4bb7d37bd291c,2026-10-12T00:20:00Z,Atlanta Falcons,Baltimore Ravens,matchbook,h2h_lay,Atlanta Falcons,,1.64
2026-10-08T15:09:07Z,scheduled,86457f91112732f21ad4bb7d37bd291c,2026-10-12T00:20:00Z,Atlanta Falcons,Baltimore Ravens,matchbook,h2h_lay,Baltimore Ravens,,2.64
2026-10-08T15:09:07Z,scheduled,86457f91112732f21ad4bb7d37bd291c,2026-10-12T00:20:00Z,Atlanta Falcons,Baltimore Ravens,matchbook,spreads,Atlanta Falcons,-3.5,2.04
2026-10-08T15:09:07Z,scheduled,86457f91112732f21ad4bb7d37bd291c,2026-10-12T00:20:00Z,Atlanta Falcons,Baltimore Ravens,matchbook,spreads,Baltimore Ravens,3.5,1.87
2026-10-08T15:09:07Z,scheduled,86457f91112732f21ad4bb7d37bd291c,2026-10-12T00:20:00Z,Atlanta Falcons,Baltimore Ravens,matchbook,totals,Over,44.0,1.97
2026-10-08T15:09:07Z,scheduled,86457f91112732f21ad4bb7d37bd291c,2026-10-12T00:20:00Z,Atlanta Falcons,Baltimore Ravens,matchbook,totals,Under,44.0,1.92
2026-10-08T15:09:07Z,scheduled,86457f91112732f21ad4bb7d37bd291c,2026-10-12T00:20:00Z,Atlanta Falcons,Baltimore Ravens,coolbet,h2h,Atlanta Falcons,,1.57
2026-10-08T15:09:07Z,scheduled,86457f91112732f21ad4bb7d37bd291c,2026-10-12T00:20:00Z,Atlanta Falcons,Baltimore Ravens,coolbet,h2h,Baltimore Ravens,,2.48
2026-10-08T15:09:07Z,scheduled,86457f91112732f21ad4bb7d37bd291c,2026-10-12T00:20:00Z,Atlanta Falcons,Baltimore Ravens,coolbet,spreads,Atlanta Falcons,-3.0,1.86
2026-10-08T15:09:07Z,scheduled,86457f91112732f21ad4bb7d37bd291c,2026-10-12T00:20:00Z,Atlanta Falcons,Baltimore Ravens,coolbet,spreads,Baltimore Ravens,3.0,1.99
2026-10-08T15:09:07Z,scheduled,86457f91112732f21ad4bb7d37bd291c,2026-10-12T00:20:00Z,Atlanta Falcons,Baltimore Ravens,coolbet,totals,Over,44.0,1.95
2026-10-08T15:09:07Z,scheduled,86457f91112732f21ad4bb7d37bd291c,2026-10-12T00:20:00Z,Atlanta Falcons,Baltimore Ravens,coolbet,totals,Under,44.0,1.9
2026-10-08T15:09:07Z,scheduled,86457f91112732f21ad4bb7d37bd291c,2026-10-12T00:20:00Z,Atlanta Falcons,Baltimore Ravens,betfair_ex_eu,h2h,Atlanta Falcons,,1.61
2026-10-08T15:09:07Z,scheduled,86457f91112732f21ad4bb7d37bd291c,2026-10-12T00:20:00Z,Atlanta Falcons,Baltimore Ravens,betfair_ex_eu,h2h,Baltimore Ravens,,2.58
2026-10-08T15:09:07Z,scheduled,86457f91112732f21ad4bb7d37bd291c,2026-10-12T00:20:00Z,Atlanta Falcons,Baltimore Ravens,betfair_ex_eu,h2h_lay,Atlanta Falcons,,1.64
2026-10-08T15:09:07Z,scheduled,86457f91112732f21ad4bb7d37bd291c,2026-10-12T00:20:00Z,Atlanta Falcons,Baltimore Ravens,betfair_ex_eu,h2h_lay,Baltimore Ravens,,2.64
2026-10-08T15:09:07Z,scheduled,86457f91112732f21ad4bb7d37bd291c,2026-10-12T00:20:00Z,Atlanta Falcons,Baltimore Ravens,pinnacle,h2h,Atlanta Falcons,,1.58
2026-10-08T15:09:07Z,scheduled,86457f91112732f21ad4bb7d37bd291c,2026-10-12T00:20:00Z,Atlanta Falcons,Baltimore Ravens,pinnacle,h2h,Baltimore Ravens,,2.51
2026-10-08T15:09:07Z,scheduled,86457f91112732f21ad4bb7d37bd291c,2026-10-12T00:20:00Z,Atlanta Falcons,Baltimore Ravens,pinnacle,spreads,Atlanta Falcons,-3.5,2.05
2026-10-08T15:09:07Z,scheduled,86457f91112732f21ad4bb7d37bd291c,2026-10-12T00:20:00Z,Atlanta Falcons,Baltimore Ravens,pinnacle,spreads,Baltimore Ravens,3.5,1.85
2026-10-08T15:09:07Z,scheduled,86457f91112732f21ad4bb7d37bd291c,2026-10-12T00:20:00Z,Atlanta Falcons,Baltimore Ravens,pinnacle,totals,Over,44.0,1.97
2026-10-08T15:09:07Z,scheduled,86457f91112732f21ad4bb7d37bd291c,2026-10-12T00:20:00Z,Atlanta Falcons,Baltimore Ravens,pinnacle,totals,Under,44.0,1.9
2026-10-08T21:09:01Z,scheduled,259b5df9aa0d10257f56de78523495e0,2026-10-09T00:15:00Z,Dallas Cowboys,Tampa Bay Buccaneers,draftkings,h2h,Dallas Cowboys,,1.2
2026-10-08T21:09:01Z,scheduled,259b5df9aa0d10257f56de78523495e0,2026-10-09T00:15:00Z,Dallas Cowboys,Tampa Bay Buccaneers,draftkings,h2h,Tampa Bay Buccaneers,,4.8
2026-10-08T21:09:01Z,scheduled,259b5df9aa0d10257f56de78523495e0,2026-10-09T00:15:00Z,Dallas Cowboys,Tampa Bay Buccaneers,draftkings,spreads,Dallas Cowboys,-9.5,1.93
2026-10-08T21:09:01Z,scheduled,259b5df9aa0d10257f56de78523495e0,2026-10-09T00:15:00Z,Dallas Cowboys,Tampa Bay Buccaneers,draftkings,spreads,Tampa Bay Buccaneers,9.5,1.89
2026-10-08T21:09:01Z,scheduled,259b5df9aa0d10257f56de78523495e0,2026-10-09T00:15:00Z,Dallas Cowboys,Tampa Bay Buccaneers,draftkings,totals,Over,48.5,1.85
2026-10-08T21:09:01Z,scheduled,259b5df9aa0d10257f56de78523495e0,2026-10-09T00:15:00Z,Dallas Cowboys,Tampa Bay Buccaneers,draftkings,totals,Under,48.5,1.98
2026-10-08T21:09:01Z,scheduled,259b5df9aa0d10257f56de78523495e0,2026-10-09T00:15:00Z,Dallas Cowboys,Tampa Bay Buccaneers,fanduel,h2h,Dallas Cowboys,,1.2
2026-10-08T21:09:01Z,scheduled,259b5df9aa0d10257f56de78523495e0,2026-10-09T00:15:00Z,Dallas Cowboys,Tampa Bay Buccaneers,fanduel,h2h,Tampa Bay Buccaneers,,4.85
2026-10-08T21:09:01Z,scheduled,259b5df9aa0d10257f56de78523495e0,2026-10-09T00:15:00Z,Dallas Cowboys,Tampa Bay Buccaneers,fanduel,spreads,Dallas Cowboys,-8.5,1.87
2026-10-08T21:09:01Z,scheduled,259b5df9aa0d10257f56de78523495e0,2026-10-09T00:15:00Z,Dallas Cowboys,Tampa Bay Buccaneers,fanduel,spreads,Tampa Bay Buccaneers,8.5,1.95
2026-10-08T21:09:01Z,scheduled,259b5df9aa0d10257f56de78523495e0,2026-10-09T00:15:00Z,Dallas Cowboys,Tampa Bay Buccaneers,fanduel,totals,Over,48.5,1.88
2026-10-08T21:09:01Z,scheduled,259b5df9aa0d10257f56de78523495e0,2026-10-09T00:15:00Z,Dallas Cowboys,Tampa Bay Buccaneers,fanduel,totals,Under,48.5,1.94
2026-10-08T21:09:01Z,scheduled,259b5df9aa0d10257f56de78523495e0,2026-10-09T00:15:00Z,Dallas Cowboys,Tampa Bay Buccaneers,betsson,h2h,Dallas Cowboys,,1.19
2026-10-08T21:09:01Z,scheduled,259b5df9aa0d10257f56de78523495e0,2026-10-09T00:15:00Z,Dallas Cowboys,Tampa Bay Buccaneers,betsson,h2h,Tampa Bay Buccaneers,,4.74
2026-10-08T21:09:01Z,scheduled,259b5df9aa0d10257f56de78523495e0,2026-10-09T00:15:00Z,Dallas Cowboys,Tampa Bay Buccaneers,betsson,spreads,Dallas Cowboys,-8.5,1.9
2026-10-08T21:09:01Z,scheduled,259b5df9aa0d10257f56de78523495e0,2026-10-09T00:15:00Z,Dallas Cowboys,Tampa Bay Buccaneers,betsson,spreads,Tampa Bay Buccaneers,8.5,1.9
2026-10-08T21:09:01Z,scheduled,259b5df9aa0d10257f56de78523495e0,2026-10-09T00:15:00Z,Dallas Cowboys,Tampa Bay Buccaneers,betsson,totals,Over,48.5,1.86
2026-10-08T21:09:01Z,scheduled,259b5df9aa0d10257f56de78523495e0,2026-10-09T00:15:00Z,Dallas Cowboys,Tampa Bay Buccaneers,betsson,totals,Under,48.5,1.94
2026-10-08T21:09:01Z,scheduled,259b5df9aa0d10257f56de78523495e0,2026-10-09T00:15:00Z,Dallas Cowboys,Tampa Bay Buccaneers,betrivers,h2h,Dallas Cowboys,,1.2
2026-10-08T21:09:01Z,scheduled,259b5df9aa0d10257f56de78523495e0,2026-10-09T00:15:00Z,Dallas Cowboys,Tampa Bay Buccaneers,betrivers,h2h,Tampa Bay Buccaneers,,4.75
2026-10-08T21:09:01Z,scheduled,259b5df9aa0d10257f56de78523495e0,2026-10-09T00:15:00Z,Dallas Cowboys,Tampa Bay Buccaneers,betrivers,spreads,Dallas Cowboys,-8.5,1.89
2026-10-08T21:09:01Z,scheduled,259b5df9aa0d10257f56de78523495e0,2026-10-09T00:15:00Z,Dallas Cowboys,Tampa Bay Buccaneers,betrivers,spreads,Tampa Bay Buccaneers,8.5,1.92
2026-10-08T21:09:01Z,scheduled,259b5df9aa0d10257f56de78523495e0,2026-10-09T00:15:00Z,Dallas Cowboys,Tampa Bay Buccaneers,betrivers,totals,Over,48.5,1.92
2026-10-08T21:09:01Z,scheduled,259b5df9aa0d10257f56de78523495e0,2026-10-09T00:15:00Z,Dallas Cowboys,Tampa Bay Buccaneers,betrivers,totals,Under,48.5,1.89
2026-10-08T21:09:01Z,scheduled,259b5df9aa0d10257f56de78523495e0,2026-10-09T00:15:00Z,Dallas Cowboys,Tampa Bay Buccaneers,matchbook,h2h,Dallas Cowboys,,1.23
2026-10-08T21:09:01Z,scheduled,259b5df9aa0d10257f56de78523495e0,2026-10-09T00:15:00Z,Dallas Cowboys,Tampa Bay Buccaneers,matchbook,h2h,Tampa Bay Buccaneers,,5.3
2026-10-08T21:09:01Z,scheduled,259b5df9aa0d10257f56de78523495e0,2026-10-09T00:15:00Z,Dallas Cowboys,Tampa Bay Buccaneers,matchbook,h2h_lay,Dallas Cowboys,,1.24
2026-10-08T21:09:01Z,scheduled,259b5df9aa0d10257f56de78523495e0,2026-10-09T00:15:00Z,Dallas Cowboys,Tampa Bay Buccaneers,matchbook,h2h_lay,Tampa Bay Buccaneers,,5.4
2026-10-08T21:09:01Z,scheduled,259b5df9aa0d10257f56de78523495e0,2026-10-09T00:15:00Z,Dallas Cowboys,Tampa Bay Buccaneers,matchbook,spreads,Dallas Cowboys,-9.0,1.99
2026-10-08T21:09:01Z,scheduled,259b5df9aa0d10257f56de78523495e0,2026-10-09T00:15:00Z,Dallas Cowboys,Tampa Bay Buccaneers,matchbook,spreads,Tampa Bay Buccaneers,9.0,2.0
2026-10-08T21:09:01Z,scheduled,259b5df9aa0d10257f56de78523495e0,2026-10-09T00:15:00Z,Dallas Cowboys,Tampa Bay Buccaneers,matchbook,totals,Over,48.5,1.97
2026-10-08T21:09:01Z,scheduled,259b5df9aa0d10257f56de78523495e0,2026-10-09T00:15:00Z,Dallas Cowboys,Tampa Bay Buccaneers,matchbook,totals,Under,48.5,2.02
2026-10-08T21:09:01Z,scheduled,259b5df9aa0d10257f56de78523495e0,2026-10-09T00:15:00Z,Dallas Cowboys,Tampa Bay Buccaneers,betmgm,h2h,Dallas Cowboys,,1.19
2026-10-08T21:09:01Z,scheduled,259b5df9aa0d10257f56de78523495e0,2026-10-09T00:15:00Z,Dallas Cowboys,Tampa Bay Buccaneers,betmgm,h2h,Tampa Bay Buccaneers,,5.0
2026-10-08T21:09:01Z,scheduled,259b5df9aa0d10257f56de78523495e0,2026-10-09T00:15:00Z,Dallas Cowboys,Tampa Bay Buccaneers,betmgm,spreads,Dallas Cowboys,-9.0,1.95
2026-10-08T21:09:01Z,scheduled,259b5df9aa0d10257f56de78523495e0,2026-10-09T00:15:00Z,Dallas Cowboys,Tampa Bay Buccaneers,betmgm,spreads,Tampa Bay Buccaneers,9.0,1.95
2026-10-08T21:09:01Z,scheduled,259b5df9aa0d10257f56de78523495e0,2026-10-09T00:15:00Z,Dallas Cowboys,Tampa Bay Buccaneers,betmgm,totals,Over,49.0,1.93
2026-10-08T21:09:01Z,scheduled,259b5df9aa0d10257f56de78523495e0,2026-10-09T00:15:00Z,Dallas Cowboys,Tampa Bay Buccaneers,betmgm,totals,Under,49.0,1.91
2026-10-08T21:09:01Z,scheduled,259b5df9aa0d10257f56de78523495e0,2026-10-09T00:15:00Z,Dallas Cowboys,Tampa Bay Buccaneers,pinnacle,h2h,Dallas Cowboys,,1.21
2026-10-08T21:09:01Z,scheduled,259b5df9aa0d10257f56de78523495e0,2026-10-09T00:15:00Z,Dallas Cowboys,Tampa Bay Buccaneers,pinnacle,h2h,Tampa Bay Buccaneers,,4.88
2026-10-08T21:09:01Z,scheduled,259b5df9aa0d10257f56de78523495e0,2026-10-09T00:15:00Z,Dallas Cowboys,Tampa Bay Buccaneers,pinnacle,spreads,Dallas Cowboys,-8.5,1.92
2026-10-08T21:09:01Z,scheduled,259b5df9aa0d10257f56de78523495e0,2026-10-09T00:15:00Z,Dallas Cowboys,Tampa Bay Buccaneers,pinnacle,spreads,Tampa Bay Buccaneers,8.5,1.99
2026-10-08T21:09:01Z,scheduled,259b5df9aa0d10257f56de78523495e0,2026-10-09T00:15:00Z,Dallas Cowboys,Tampa Bay Buccaneers,pinnacle,totals,Over,48.5,1.89
2026-10-08T21:09:01Z,scheduled,259b5df9aa0d10257f56de78523495e0,2026-10-09T00:15:00Z,Dallas Cowboys,Tampa Bay Buccaneers,pinnacle,totals,Under,48.5,2.0
2026-10-08T21:09:01Z,scheduled,259b5df9aa0d10257f56de78523495e0,2026-10-09T00:15:00Z,Dallas Cowboys,Tampa Bay Buccaneers,coolbet,h2h,Dallas Cowboys,,1.23
2026-10-08T21:09:01Z,scheduled,259b5df9aa0d10257f56de78523495e0,2026-10-09T00:15:00Z,Dallas Cowboys,Tampa Bay Buccaneers,coolbet,h2h,Tampa Bay Buccaneers,,4.8
2026-10-08T21:09:01Z,scheduled,259b5df9aa0d10257f56de78523495e0,2026-10-09T00:15:00Z,Dallas Cowboys,Tampa Bay Buccaneers,coolbet,spreads,Dallas Cowboys,-8.5,1.92
2026-10-08T21:09:01Z,scheduled,259b5df9aa0d10257f56de78523495e0,2026-10-09T00:15:00Z,Dallas Cowboys,Tampa Bay Buccaneers,coolbet,spreads,Tampa Bay Buccaneers,8.5,1.92
2026-10-08T21:09:01Z,scheduled,259b5df9aa0d10257f56de78523495e0,2026-10-09T00:15:00Z,Dallas Cowboys,Tampa Bay Buccaneers,coolbet,totals,Over,49.0,1.92
2026-10-08T21:09:01Z,scheduled,259b5df9aa0d10257f56de78523495e0,2026-10-09T00:15:00Z,Dallas Cowboys,Tampa Bay Buccaneers,coolbet,totals,Under,49.0,1.92
2026-10-08T21:09:01Z,scheduled,259b5df9aa0d10257f56de78523495e0,2026-10-09T00:15:00Z,Dallas Cowboys,Tampa Bay Buccaneers,betfair_ex_eu,h2h,Dallas Cowboys,,1.23
2026-10-08T21:09:01Z,scheduled,259b5df9aa0d10257f56de78523495e0,2026-10-09T00:15:00Z,Dallas Cowboys,Tampa Bay Buccaneers,betfair_ex_eu,h2h,Tampa Bay Buccaneers,,5.3
2026-10-08T21:09:01Z,scheduled,259b5df9aa0d10257f56de78523495e0,2026-10-09T00:15:00Z,Dallas Cowboys,Tampa Bay Buccaneers,betfair_ex_eu,h2h_lay,Dallas Cowboys,,1.24
2026-10-08T21:09:01Z,scheduled,259b5df9aa0d10257f56de78523495e0,2026-10-09T00:15:00Z,Dallas Cowboys,Tampa Bay Buccaneers,betfair_ex_eu,h2h_lay,Tampa Bay Buccaneers,,5.4
2026-10-08T21:09:01Z,scheduled,21b26266f3d78af02eb672e606275d95,2026-10-11T13:30:00Z,Jacksonville Jaguars,Philadelphia Eagles,draftkings,h2h,Jacksonville Jaguars,,1.27
2026-10-08T21:09:01Z,scheduled,21b26266f3d78af02eb672e606275d95,2026-10-11T13:30:00Z,Jacksonville Jaguars,Philadelphia Eagles,draftkings,h2h,Philadelphia Eagles,,3.95
2026-10-08T21:09:01Z,scheduled,21b26266f3d78af02eb672e606275d95,2026-10-11T13:30:00Z,Jacksonville Jaguars,Philadelphia Eagles,draftkings,spreads,Jacksonville Jaguars,-7.5,1.93
2026-10-08T21:09:01Z,scheduled,21b26266f3d78af02eb672e606275d95,2026-10-11T13:30:00Z,Jacksonville Jaguars,Philadelphia Eagles,draftkings,spreads,Philadelphia Eagles,7.5,1.89
2026-10-08T21:09:01Z,scheduled,21b26266f3d78af02eb672e606275d95,2026-10-11T13:30:00Z,Jacksonville Jaguars,Philadelphia Eagles,draftkings,totals,Over,41.5,1.89
2026-10-08T21:09:01Z,scheduled,21b26266f3d78af02eb672e606275d95,2026-10-11T13:30:00Z,Jacksonville Jaguars,Philadelphia Eagles,draftkings,totals,Under,41.5,1.93
2026-10-08T21:09:01Z,scheduled,21b26266f3d78af02eb672e606275d95,2026-10-11T13:30:00Z,Jacksonville Jaguars,Philadelphia Eagles,betsson,h2h,Jacksonville Jaguars,,1.25
2026-10-08T21:09:01Z,scheduled,21b26266f3d78af02eb672e606275d95,2026-10-11T13:30:00Z,Jacksonville Jaguars,Philadelphia Eagles,betsson,h2h,Philadelphia Eagles,,3.96
2026-10-08T21:09:01Z,scheduled,21b26266f3d78af02eb672e606275d95,2026-10-11T13:30:00Z,Jacksonville Jaguars,Philadelphia Eagles,betsson,spreads,Jacksonville Jaguars,-7.5,1.92
2026-10-08T21:09:01Z,scheduled,21b26266f3d78af02eb672e606275d95,2026-10-11T13:30:00Z,Jacksonville Jaguars,Philadelphia Eagles,betsson,spreads,Philadelphia Eagles,7.5,1.88
2026-10-08T21:09:01Z,scheduled,21b26266f3d78af02eb672e606275d95,2026-10-11T13:30:00Z,Jacksonville Jaguars,Philadelphia Eagles,betsson,totals,Over,41.5,1.88
2026-10-08T21:09:01Z,scheduled,21b26266f3d78af02eb672e606275d95,2026-10-11T13:30:00Z,Jacksonville Jaguars,Philadelphia Eagles,betsson,totals,Under,41.5,1.92
2026-10-08T21:09:01Z,scheduled,21b26266f3d78af02eb672e606275d95,2026-10-11T13:30:00Z,Jacksonville Jaguars,Philadelphia Eagles,fanduel,h2h,Jacksonville Jaguars,,1.26
2026-10-08T21:09:01Z,scheduled,21b26266f3d78af02eb672e606275d95,2026-10-11T13:30:00Z,Jacksonville Jaguars,Philadelphia Eagles,fanduel,h2h,Philadelphia Eagles,,4.1
2026-10-08T21:09:01Z,scheduled,21b26266f3d78af02eb672e606275d95,2026-10-11T13:30:00Z,Jacksonville Jaguars,Philadelphia Eagles,fanduel,spreads,Jacksonville Jaguars,-7.5,1.91
2026-10-08T21:09:01Z,scheduled,21b26266f3d78af02eb672e606275d95,2026-10-11T13:30:00Z,Jacksonville Jaguars,Philadelphia Eagles,fanduel,spreads,Philadelphia Eagles,7.5,1.91
2026-10-08T21:09:01Z,scheduled,21b26266f3d78af02eb672e606275d95,2026-10-11T13:30:00Z,Jacksonville Jaguars,Philadelphia Eagles,fanduel,totals,Over,41.5,1.87
2026-10-08T21:09:01Z,scheduled,21b26266f3d78af02eb672e606275d95,2026-10-11T13:30:00Z,Jacksonville Jaguars,Philadelphia Eagles,fanduel,totals,Under,41.5,1.95
2026-10-08T21:09:01Z,scheduled,21b26266f3d78af02eb672e606275d95,2026-10-11T13:30:00Z,Jacksonville Jaguars,Philadelphia Eagles,betmgm,h2h,Jacksonville Jaguars,,1.27
2026-10-08T21:09:01Z,scheduled,21b26266f3d78af02eb672e606275d95,2026-10-11T13:30:00Z,Jacksonville Jaguars,Philadelphia Eagles,betmgm,h2h,Philadelphia Eagles,,4.0
2026-10-08T21:09:01Z,scheduled,21b26266f3d78af02eb672e606275d95,2026-10-11T13:30:00Z,Jacksonville Jaguars,Philadelphia Eagles,betmgm,spreads,Jacksonville Jaguars,-7.5,1.91
2026-10-08T21:09:01Z,scheduled,21b26266f3d78af02eb672e606275d95,2026-10-11T13:30:00Z,Jacksonville Jaguars,Philadelphia Eagles,betmgm,spreads,Philadelphia Eagles,7.5,1.93
2026-10-08T21:09:01Z,scheduled,21b26266f3d78af02eb672e606275d95,2026-10-11T13:30:00Z,Jacksonville Jaguars,Philadelphia Eagles,betmgm,totals,Over,41.5,1.93
2026-10-08T21:09:01Z,scheduled,21b26266f3d78af02eb672e606275d95,2026-10-11T13:30:00Z,Jacksonville Jaguars,Philadelphia Eagles,betmgm,totals,Under,41.5,1.91
2026-10-08T21:09:01Z,scheduled,21b26266f3d78af02eb672e606275d95,2026-10-11T13:30:00Z,Jacksonville Jaguars,Philadelphia Eagles,betrivers,h2h,Jacksonville Jaguars,,1.27
2026-10-08T21:09:01Z,scheduled,21b26266f3d78af02eb672e606275d95,2026-10-11T13:30:00Z,Jacksonville Jaguars,Philadelphia Eagles,betrivers,h2h,Philadelphia Eagles,,3.8
2026-10-08T21:09:01Z,scheduled,21b26266f3d78af02eb672e606275d95,2026-10-11T13:30:00Z,Jacksonville Jaguars,Philadelphia Eagles,betrivers,spreads,Jacksonville Jaguars,-7.0,1.85
2026-10-08T21:09:01Z,scheduled,21b26266f3d78af02eb672e606275d95,2026-10-11T13:30:00Z,Jacksonville Jaguars,Philadelphia Eagles,betrivers,spreads,Philadelphia Eagles,7.0,1.96
2026-10-08T21:09:01Z,scheduled,21b26266f3d78af02eb672e606275d95,2026-10-11T13:30:00Z,Jacksonville Jaguars,Philadelphia Eagles,betrivers,totals,Over,41.5,1.89
2026-10-08T21:09:01Z,scheduled,21b26266f3d78af02eb672e606275d95,2026-10-11T13:30:00Z,Jacksonville Jaguars,Philadelphia Eagles,betrivers,totals,Under,41.5,1.92
2026-10-08T21:09:01Z,scheduled,21b26266f3d78af02eb672e606275d95,2026-10-11T13:30:00Z,Jacksonville Jaguars,Philadelphia Eagles,matchbook,h2h,Jacksonville Jaguars,,1.3
2026-10-08T21:09:01Z,scheduled,21b26266f3d78af02eb672e606275d95,2026-10-11T13:30:00Z,Jacksonville Jaguars,Philadelphia Eagles,matchbook,h2h,Philadelphia Eagles,,4.2
2026-10-08T21:09:01Z,scheduled,21b26266f3d78af02eb672e606275d95,2026-10-11T13:30:00Z,Jacksonville Jaguars,Philadelphia Eagles,matchbook,h2h_lay,Jacksonville Jaguars,,1.31
2026-10-08T21:09:01Z,scheduled,21b26266f3d78af02eb672e606275d95,2026-10-11T13:30:00Z,Jacksonville Jaguars,Philadelphia Eagles,matchbook,h2h_lay,Philadelphia Eagles,,4.4
2026-10-08T21:09:01Z,scheduled,21b26266f3d78af02eb672e606275d95,2026-10-11T13:30:00Z,Jacksonville Jaguars,Philadelphia Eagles,matchbook,spreads,Jacksonville Jaguars,-7.5,2.02
2026-10-08T21:09:01Z,scheduled,21b26266f3d78af02eb672e606275d95,2026-10-11T13:30:00Z,Jacksonville Jaguars,Philadelphia Eagles,matchbook,spreads,Philadelphia Eagles,7.5,1.95
2026-10-08T21:09:01Z,scheduled,21b26266f3d78af02eb672e606275d95,2026-10-11T13:30:00Z,Jacksonville Jaguars,Philadelphia Eagles,matchbook,totals,Over,42.0,1.94
2026-10-08T21:09:01Z,scheduled,21b26266f3d78af02eb672e606275d95,2026-10-11T13:30:00Z,Jacksonville Jaguars,Philadelphia Eagles,matchbook,totals,Under,42.0,1.95
2026-10-08T21:09:01Z,scheduled,21b26266f3d78af02eb672e606275d95,2026-10-11T13:30:00Z,Jacksonville Jaguars,Philadelphia Eagles,pinnacle,h2h,Jacksonville Jaguars,,1.27
2026-10-08T21:09:01Z,scheduled,21b26266f3d78af02eb672e606275d95,2026-10-11T13:30:00Z,Jacksonville Jaguars,Philadelphia Eagles,pinnacle,h2h,Philadelphia Eagles,,3.99
2026-10-08T21:09:01Z,scheduled,21b26266f3d78af02eb672e606275d95,2026-10-11T13:30:00Z,Jacksonville Jaguars,Philadelphia Eagles,pinnacle,spreads,Jacksonville Jaguars,-7.5,1.93
2026-10-08T21:09:01Z,scheduled,21b26266f3d78af02eb672e606275d95,2026-10-11T13:30:00Z,Jacksonville Jaguars,Philadelphia Eagles,pinnacle,spreads,Philadelphia Eagles,7.5,1.96
2026-10-08T21:09:01Z,scheduled,21b26266f3d78af02eb672e606275d95,2026-10-11T13:30:00Z,Jacksonville Jaguars,Philadelphia Eagles,pinnacle,totals,Over,42.5,2.03
2026-10-08T21:09:01Z,scheduled,21b26266f3d78af02eb672e606275d95,2026-10-11T13:30:00Z,Jacksonville Jaguars,Philadelphia Eagles,pinnacle,totals,Under,42.5,1.85
2026-10-08T21:09:01Z,scheduled,21b26266f3d78af02eb672e606275d95,2026-10-11T13:30:00Z,Jacksonville Jaguars,Philadelphia Eagles,coolbet,h2h,Jacksonville Jaguars,,1.26
2026-10-08T21:09:01Z,scheduled,21b26266f3d78af02eb672e606275d95,2026-10-11T13:30:00Z,Jacksonville Jaguars,Philadelphia Eagles,coolbet,h2h,Philadelphia Eagles,,4.1
2026-10-08T21:09:01Z,scheduled,21b26266f3d78af02eb672e606275d95,2026-10-11T13:30:00Z,Jacksonville Jaguars,Philadelphia Eagles,coolbet,spreads,Jacksonville Jaguars,-7.5,1.95
2026-10-08T21:09:01Z,scheduled,21b26266f3d78af02eb672e606275d95,2026-10-11T13:30:00Z,Jacksonville Jaguars,Philadelphia Eagles,coolbet,spreads,Philadelphia Eagles,7.5,1.9
2026-10-08T21:09:01Z,scheduled,21b26266f3d78af02eb672e606275d95,2026-10-11T13:30:00Z,Jacksonville Jaguars,Philadelphia Eagles,coolbet,totals,Over,42.0,1.92
2026-10-08T21:09:01Z,scheduled,21b26266f3d78af02eb672e606275d95,2026-10-11T13:30:00Z,Jacksonville Jaguars,Philadelphia Eagles,coolbet,totals,Under,42.0,1.92
2026-10-08T21:09:01Z,scheduled,21b26266f3d78af02eb672e606275d95,2026-10-11T13:30:00Z,Jacksonville Jaguars,Philadelphia Eagles,betfair_ex_eu,h2h,Jacksonville Jaguars,,1.3
2026-10-08T21:09:01Z,scheduled,21b26266f3d78af02eb672e606275d95,2026-10-11T13:30:00Z,Jacksonville Jaguars,Philadelphia Eagles,betfair_ex_eu,h2h,Philadelphia Eagles,,4.2
2026-10-08T21:09:01Z,scheduled,21b26266f3d78af02eb672e606275d95,2026-10-11T13:30:00Z,Jacksonville Jaguars,Philadelphia Eagles,betfair_ex_eu,h2h_lay,Jacksonville Jaguars,,1.31
2026-10-08T21:09:01Z,scheduled,21b26266f3d78af02eb672e606275d95,2026-10-11T13:30:00Z,Jacksonville Jaguars,Philadelphia Eagles,betfair_ex_eu,h2h_lay,Philadelphia Eagles,,4.4
2026-10-08T21:09:01Z,scheduled,2caea57b1e5cfbba1334cfbfd46f6771,2026-10-11T17:00:00Z,Green Bay Packers,Chicago Bears,draftkings,h2h,Chicago Bears,,1.77
2026-10-08T21:09:01Z,scheduled,2caea57b1e5cfbba1334cfbfd46f6771,2026-10-11T17:00:00Z,Green Bay Packers,Chicago Bears,draftkings,h2h,Green Bay Packers,,2.1
2026-10-08T21:09:01Z,scheduled,2caea57b1e5cfbba1334cfbfd46f6771,2026-10-11T17:00:00Z,Green Bay Packers,Chicago Bears,draftkings,spreads,Chicago Bears,-2.5,1.95
2026-10-08T21:09:01Z,scheduled,2caea57b1e5cfbba1334cfbfd46f6771,2026-10-11T17:00:00Z,Green Bay Packers,Chicago Bears,draftkings,spreads,Green Bay Packers,2.5,1.87
2026-10-08T21:09:01Z,scheduled,2caea57b1e5cfbba1334cfbfd46f6771,2026-10-11T17:00:00Z,Green Bay Packers,Chicago Bears,draftkings,totals,Over,45.5,1.85
2026-10-08T21:09:01Z,scheduled,2caea57b1e5cfbba1334cfbfd46f6771,2026-10-11T17:00:00Z,Green Bay Packers,Chicago Bears,draftkings,totals,Under,45.5,1.98
2026-10-08T21:09:01Z,scheduled,2caea57b1e5cfbba1334cfbfd46f6771,2026-10-11T17:00:00Z,Green Bay Packers,Chicago Bears,fanduel,h2h,Chicago Bears,,1.79
2026-10-08T21:09:01Z,scheduled,2caea57b1e5cfbba1334cfbfd46f6771,2026-10-11T17:00:00Z,Green Bay Packers,Chicago Bears,fanduel,h2h,Green Bay Packers,,2.08
2026-10-08T21:09:01Z,scheduled,2caea57b1e5cfbba1334cfbfd46f6771,2026-10-11T17:00:00Z,Green Bay Packers,Chicago Bears,fanduel,spreads,Chicago Bears,-1.5,1.87
2026-10-08T21:09:01Z,scheduled,2caea57b1e5cfbba1334cfbfd46f6771,2026-10-11T17:00:00Z,Green Bay Packers,Chicago Bears,fanduel,spreads,Green Bay Packers,1.5,1.95
2026-10-08T21:09:01Z,scheduled,2caea57b1e5cfbba1334cfbfd46f6771,2026-10-11T17:00:00Z,Green Bay Packers,Chicago Bears,fanduel,totals,Over,45.5,1.91
2026-10-08T21:09:01Z,scheduled,2caea57b1e5cfbba1334cfbfd46f6771,2026-10-11T17:00:00Z,Green Bay Packers,Chicago Bears,fanduel,totals,Under,45.5,1.91
2026-10-08T21:09:01Z,scheduled,2caea57b1e5cfbba1334cfbfd46f6771,2026-10-11T17:00:00Z,Green Bay Packers,Chicago Bears,betrivers,h2h,Chicago Bears,,1.79
2026-10-08T21:09:01Z,scheduled,2caea57b1e5cfbba1334cfbfd46f6771,2026-10-11T17:00:00Z,Green Bay Packers,Chicago Bears,betrivers,h2h,Green Bay Packers,,2.05
2026-10-08T21:09:01Z,scheduled,2caea57b1e5cfbba1334cfbfd46f6771,2026-10-11T17:00:00Z,Green Bay Packers,Chicago Bears,betrivers,spreads,Chicago Bears,-2.0,1.93
2026-10-08T21:09:01Z,scheduled,2caea57b1e5cfbba1334cfbfd46f6771,2026-10-11T17:00:00Z,Green Bay Packers,Chicago Bears,betrivers,spreads,Green Bay Packers,2.0,1.88
2026-10-08T21:09:01Z,scheduled,2caea57b1e5cfbba1334cfbfd46f6771,2026-10-11T17:00:00Z,Green Bay Packers,Chicago Bears,betrivers,totals,Over,45.5,1.89
2026-10-08T21:09:01Z,scheduled,2caea57b1e5cfbba1334cfbfd46f6771,2026-10-11T17:00:00Z,Green Bay Packers,Chicago Bears,betrivers,totals,Under,45.5,1.92
2026-10-08T21:09:01Z,scheduled,2caea57b1e5cfbba1334cfbfd46f6771,2026-10-11T17:00:00Z,Green Bay Packers,Chicago Bears,betsson,h2h,Chicago Bears,,1.77
2026-10-08T21:09:01Z,scheduled,2caea57b1e5cfbba1334cfbfd46f6771,2026-10-11T17:00:00Z,Green Bay Packers,Chicago Bears,betsson,h2h,Green Bay Packers,,2.05
2026-10-08T21:09:01Z,scheduled,2caea57b1e5cfbba1334cfbfd46f6771,2026-10-11T17:00:00Z,Green Bay Packers,Chicago Bears,betsson,spreads,Chicago Bears,-1.5,1.88
2026-10-08T21:09:01Z,scheduled,2caea57b1e5cfbba1334cfbfd46f6771,2026-10-11T17:00:00Z,Green Bay Packers,Chicago Bears,betsson,spreads,Green Bay Packers,1.5,1.92
2026-10-08T21:09:01Z,scheduled,2caea57b1e5cfbba1334cfbfd46f6771,2026-10-11T17:00:00Z,Green Bay Packers,Chicago Bears,betsson,totals,Over,45.5,1.86
2026-10-08T21:09:01Z,scheduled,2caea57b1e5cfbba1334cfbfd46f6771,2026-10-11T17:00:00Z,Green Bay Packers,Chicago Bears,betsson,totals,Under,45.5,1.94
2026-10-08T21:09:01Z,scheduled,2caea57b1e5cfbba1334cfbfd46f6771,2026-10-11T17:00:00Z,Green Bay Packers,Chicago Bears,matchbook,h2h,Chicago Bears,,1.87
2026-10-08T21:09:01Z,scheduled,2caea57b1e5cfbba1334cfbfd46f6771,2026-10-11T17:00:00Z,Green Bay Packers,Chicago Bears,matchbook,h2h,Green Bay Packers,,2.14
2026-10-08T21:09:01Z,scheduled,2caea57b1e5cfbba1334cfbfd46f6771,2026-10-11T17:00:00Z,Green Bay Packers,Chicago Bears,matchbook,h2h_lay,Chicago Bears,,1.88
2026-10-08T21:09:01Z,scheduled,2caea57b1e5cfbba1334cfbfd46f6771,2026-10-11T17:00:00Z,Green Bay Packers,Chicago Bears,matchbook,h2h_lay,Green Bay Packers,,2.16
2026-10-08T21:09:01Z,scheduled,2caea57b1e5cfbba1334cfbfd46f6771,2026-10-11T17:00:00Z,Green Bay Packers,Chicago Bears,matchbook,spreads,Chicago Bears,-1.5,1.99
2026-10-08T21:09:01Z,scheduled,2caea57b1e5cfbba1334cfbfd46f6771,2026-10-11T17:00:00Z,Green Bay Packers,Chicago Bears,matchbook,spreads,Green Bay Packers,1.5,1.91
2026-10-08T21:09:01Z,scheduled,2caea57b1e5cfbba1334cfbfd46f6771,2026-10-11T17:00:00Z,Green Bay Packers,Chicago Bears,matchbook,totals,Over,46.0,1.98
2026-10-08T21:09:01Z,scheduled,2caea57b1e5cfbba1334cfbfd46f6771,2026-10-11T17:00:00Z,Green Bay Packers,Chicago Bears,matchbook,totals,Under,46.0,1.92
2026-10-08T21:09:01Z,scheduled,2caea57b1e5cfbba1334cfbfd46f6771,2026-10-11T17:00:00Z,Green Bay Packers,Chicago Bears,betmgm,h2h,Chicago Bears,,1.77
2026-10-08T21:09:01Z,scheduled,2caea57b1e5cfbba1334cfbfd46f6771,2026-10-11T17:00:00Z,Green Bay Packers,Chicago Bears,betmgm,h2h,Green Bay Packers,,2.1
2026-10-08T21:09:01Z,scheduled,2caea57b1e5cfbba1334cfbfd46f6771,2026-10-11T17:00:00Z,Green Bay Packers,Chicago Bears,betmgm,spreads,Chicago Bears,-1.5,1.91
2026-10-08T21:09:01Z,scheduled,2caea57b1e5cfbba1334cfbfd46f6771,2026-10-11T17:00:00Z,Green Bay Packers,Chicago Bears,betmgm,spreads,Green Bay Packers,1.5,1.93
2026-10-08T21:09:01Z,scheduled,2caea57b1e5cfbba1334cfbfd46f6771,2026-10-11T17:00:00Z,Green Bay Packers,Chicago Bears,betmgm,totals,Over,46.0,1.93
2026-10-08T21:09:01Z,scheduled,2caea57b1e5cfbba1334cfbfd46f6771,2026-10-11T17:00:00Z,Green Bay Packers,Chicago Bears,betmgm,totals,Under,46.0,1.91
2026-10-08T21:09:01Z,scheduled,2caea57b1e5cfbba1334cfbfd46f6771,2026-10-11T17:00:00Z,Green Bay Packers,Chicago Bears,coolbet,h2h,Chicago Bears,,1.8
2026-10-08T21:09:01Z,scheduled,2caea57b1e5cfbba1334cfbfd46f6771,2026-10-11T17:00:00Z,Green Bay Packers,Chicago Bears,coolbet,h2h,Green Bay Packers,,2.06
2026-10-08T21:09:01Z,scheduled,2caea57b1e5cfbba1334cfbfd46f6771,2026-10-11T17:00:00Z,Green Bay Packers,Chicago Bears,coolbet,spreads,Chicago Bears,-1.5,1.9
2026-10-08T21:09:01Z,scheduled,2caea57b1e5cfbba1334cfbfd46f6771,2026-10-11T17:00:00Z,Green Bay Packers,Chicago Bears,coolbet,spreads,Green Bay Packers,1.5,1.95
2026-10-08T21:09:01Z,scheduled,2caea57b1e5cfbba1334cfbfd46f6771,2026-10-11T17:00:00Z,Green Bay Packers,Chicago Bears,coolbet,totals,Over,46.0,1.92
2026-10-08T21:09:01Z,scheduled,2caea57b1e5cfbba1334cfbfd46f6771,2026-10-11T17:00:00Z,Green Bay Packers,Chicago Bears,coolbet,totals,Under,46.0,1.92
2026-10-08T21:09:01Z,scheduled,2caea57b1e5cfbba1334cfbfd46f6771,2026-10-11T17:00:00Z,Green Bay Packers,Chicago Bears,betfair_ex_eu,h2h,Chicago Bears,,1.87
2026-10-08T21:09:01Z,scheduled,2caea57b1e5cfbba1334cfbfd46f6771,2026-10-11T17:00:00Z,Green Bay Packers,Chicago Bears,betfair_ex_eu,h2h,Green Bay Packers,,2.12
2026-10-08T21:09:01Z,scheduled,2caea57b1e5cfbba1334cfbfd46f6771,2026-10-11T17:00:00Z,Green Bay Packers,Chicago Bears,betfair_ex_eu,h2h_lay,Chicago Bears,,1.88
2026-10-08T21:09:01Z,scheduled,2caea57b1e5cfbba1334cfbfd46f6771,2026-10-11T17:00:00Z,Green Bay Packers,Chicago Bears,betfair_ex_eu,h2h_lay,Green Bay Packers,,2.16
2026-10-08T21:09:01Z,scheduled,2caea57b1e5cfbba1334cfbfd46f6771,2026-10-11T17:00:00Z,Green Bay Packers,Chicago Bears,pinnacle,h2h,Chicago Bears,,1.85
2026-10-08T21:09:01Z,scheduled,2caea57b1e5cfbba1334cfbfd46f6771,2026-10-11T17:00:00Z,Green Bay Packers,Chicago Bears,pinnacle,h2h,Green Bay Packers,,2.04
2026-10-08T21:09:01Z,scheduled,2caea57b1e5cfbba1334cfbfd46f6771,2026-10-11T17:00:00Z,Green Bay Packers,Chicago Bears,pinnacle,spreads,Chicago Bears,-1.0,1.92
2026-10-08T21:09:01Z,scheduled,2caea57b1e5cfbba1334cfbfd46f6771,2026-10-11T17:00:00Z,Green Bay Packers,Chicago Bears,pinnacle,spreads,Green Bay Packers,1.0,1.97
2026-10-08T21:09:01Z,scheduled,2caea57b1e5cfbba1334cfbfd46f6771,2026-10-11T17:00:00Z,Green Bay Packers,Chicago Bears,pinnacle,totals,Over,46.0,1.98
2026-10-08T21:09:01Z,scheduled,2caea57b1e5cfbba1334cfbfd46f6771,2026-10-11T17:00:00Z,Green Bay Packers,Chicago Bears,pinnacle,totals,Under,46.0,1.89
2026-10-08T21:09:01Z,scheduled,c4647ca1201e6768501877267ca8251b,2026-10-11T17:00:00Z,Miami Dolphins,Cincinnati Bengals,draftkings,h2h,Cincinnati Bengals,,1.31
2026-10-08T21:09:01Z,scheduled,c4647ca1201e6768501877267ca8251b,2026-10-11T17:00:00Z,Miami Dolphins,Cincinnati Bengals,draftkings,h2h,Miami Dolphins,,3.6
2026-10-08T21:09:01Z,scheduled,c4647ca1201e6768501877267ca8251b,2026-10-11T17:00:00Z,Miami Dolphins,Cincinnati Bengals,draftkings,spreads,Cincinnati Bengals,-6.5,1.83
2026-10-08T21:09:01Z,scheduled,c4647ca1201e6768501877267ca8251b,2026-10-11T17:00:00Z,Miami Dolphins,Cincinnati Bengals,draftkings,spreads,Miami Dolphins,6.5,2.0
2026-10-08T21:09:01Z,scheduled,c4647ca1201e6768501877267ca8251b,2026-10-11T17:00:00Z,Miami Dolphins,Cincinnati Bengals,draftkings,totals,Over,42.5,1.91
2026-10-08T21:09:01Z,scheduled,c4647ca1201e6768501877267ca8251b,2026-10-11T17:00:00Z,Miami Dolphins,Cincinnati Bengals,draftkings,totals,Under,42.5,1.91
2026-10-08T21:09:01Z,scheduled,c4647ca1201e6768501877267ca8251b,2026-10-11T17:00:00Z,Miami Dolphins,Cincinnati Bengals,fanduel,h2h,Cincinnati Bengals,,1.31
2026-10-08T21:09:01Z,scheduled,c4647ca1201e6768501877267ca8251b,2026-10-11T17:00:00Z,Miami Dolphins,Cincinnati Bengals,fanduel,h2h,Miami Dolphins,,3.6
2026-10-08T21:09:01Z,scheduled,c4647ca1201e6768501877267ca8251b,2026-10-11T17:00:00Z,Miami Dolphins,Cincinnati Bengals,fanduel,spreads,Cincinnati Bengals,-6.5,1.82
2026-10-08T21:09:01Z,scheduled,c4647ca1201e6768501877267ca8251b,2026-10-11T17:00:00Z,Miami Dolphins,Cincinnati Bengals,fanduel,spreads,Miami Dolphins,6.5,2.0
2026-10-08T21:09:01Z,scheduled,c4647ca1201e6768501877267ca8251b,2026-10-11T17:00:00Z,Miami Dolphins,Cincinnati Bengals,fanduel,totals,Over,43.5,1.95
2026-10-08T21:09:01Z,scheduled,c4647ca1201e6768501877267ca8251b,2026-10-11T17:00:00Z,Miami Dolphins,Cincinnati Bengals,fanduel,totals,Under,43.5,1.87
2026-10-08T21:09:01Z,scheduled,c4647ca1201e6768501877267ca8251b,2026-10-11T17:00:00Z,Miami Dolphins,Cincinnati Bengals,betsson,h2h,Cincinnati Bengals,,1.3
2026-10-08T21:09:01Z,scheduled,c4647ca1201e6768501877267ca8251b,2026-10-11T17:00:00Z,Miami Dolphins,Cincinnati Bengals,betsson,h2h,Miami Dolphins,,3.51
2026-10-08T21:09:01Z,scheduled,c4647ca1201e6768501877267ca8251b,2026-10-11T17:00:00Z,Miami Dolphins,Cincinnati Bengals,betsson,spreads,Cincinnati Bengals,-6.5,1.85
2026-10-08T21:09:01Z,scheduled,c4647ca1201e6768501877267ca8251b,2026-10-11T17:00:00Z,Miami Dolphins,Cincinnati Bengals,betsson,spreads,Miami Dolphins,6.5,1.95
2026-10-08T21:09:01Z,scheduled,c4647ca1201e6768501877267ca8251b,2026-10-11T17:00:00Z,Miami Dolphins,Cincinnati Bengals,betsson,totals,Over,42.5,1.86
2026-10-08T21:09:01Z,scheduled,c4647ca1201e6768501877267ca8251b,2026-10-11T17:00:00Z,Miami Dolphins,Cincinnati Bengals,betsson,totals,Under,42.5,1.94
2026-10-08T21:09:01Z,scheduled,c4647ca1201e6768501877267ca8251b,2026-10-11T17:00:00Z,Miami Dolphins,Cincinnati Bengals,betrivers,h2h,Cincinnati Bengals,,1.32
2026-10-08T21:09:01Z,scheduled,c4647ca1201e6768501877267ca8251b,2026-10-11T17:00:00Z,Miami Dolphins,Cincinnati Bengals,betrivers,h2h,Miami Dolphins,,3.5
2026-10-08T21:09:01Z,scheduled,c4647ca1201e6768501877267ca8251b,2026-10-11T17:00:00Z,Miami Dolphins,Cincinnati Bengals,betrivers,spreads,Cincinnati Bengals,-6.5,1.88
2026-10-08T21:09:01Z,scheduled,c4647ca1201e6768501877267ca8251b,2026-10-11T17:00:00Z,Miami Dolphins,Cincinnati Bengals,betrivers,spreads,Miami Dolphins,6.5,1.93
2026-10-08T21:09:01Z,scheduled,c4647ca1201e6768501877267ca8251b,2026-10-11T17:00:00Z,Miami Dolphins,Cincinnati Bengals,betrivers,totals,Over,42.5,1.89
2026-10-08T21:09:01Z,scheduled,c4647ca1201e6768501877267ca8251b,2026-10-11T17:00:00Z,Miami Dolphins,Cincinnati Bengals,betrivers,totals,Under,42.5,1.92
2026-10-08T21:09:01Z,scheduled,c4647ca1201e6768501877267ca8251b,2026-10-11T17:00:00Z,Miami Dolphins,Cincinnati Bengals,betmgm,h2h,Cincinnati Bengals,,1.31
2026-10-08T21:09:01Z,scheduled,c4647ca1201e6768501877267ca8251b,2026-10-11T17:00:00Z,Miami Dolphins,Cincinnati Bengals,betmgm,h2h,Miami Dolphins,,3.6
2026-10-08T21:09:01Z,scheduled,c4647ca1201e6768501877267ca8251b,2026-10-11T17:00:00Z,Miami Dolphins,Cincinnati Bengals,betmgm,spreads,Cincinnati Bengals,-7.0,1.98
2026-10-08T21:09:01Z,scheduled,c4647ca1201e6768501877267ca8251b,2026-10-11T17:00:00Z,Miami Dolphins,Cincinnati Bengals,betmgm,spreads,Miami Dolphins,7.0,1.87
2026-10-08T21:09:01Z,scheduled,c4647ca1201e6768501877267ca8251b,2026-10-11T17:00:00Z,Miami Dolphins,Cincinnati Bengals,betmgm,totals,Over,43.0,1.91
2026-10-08T21:09:01Z,scheduled,c4647ca1201e6768501877267ca8251b,2026-10-11T17:00:00Z,Miami Dolphins,Cincinnati Bengals,betmgm,totals,Under,43.0,1.83
2026-10-08T21:09:01Z,scheduled,c4647ca1201e6768501877267ca8251b,2026-10-11T17:00:00Z,Miami Dolphins,Cincinnati Bengals,matchbook,h2h,Cincinnati Bengals,,1.35
2026-10-08T21:09:01Z,scheduled,c4647ca1201e6768501877267ca8251b,2026-10-11T17:00:00Z,Miami Dolphins,Cincinnati Bengals,matchbook,h2h,Miami Dolphins,,3.75
2026-10-08T21:09:01Z,scheduled,c4647ca1201e6768501877267ca8251b,2026-10-11T17:00:00Z,Miami Dolphins,Cincinnati Bengals,matchbook,h2h_lay,Cincinnati Bengals,,1.36
2026-10-08T21:09:01Z,scheduled,c4647ca1201e6768501877267ca8251b,2026-10-11T17:00:00Z,Miami Dolphins,Cincinnati Bengals,matchbook,h2h_lay,Miami Dolphins,,3.85
2026-10-08T21:09:01Z,scheduled,c4647ca1201e6768501877267ca8251b,2026-10-11T17:00:00Z,Miami Dolphins,Cincinnati Bengals,matchbook,spreads,Cincinnati Bengals,-6.5,1.95
2026-10-08T21:09:01Z,scheduled,c4647ca1201e6768501877267ca8251b,2026-10-11T17:00:00Z,Miami Dolphins,Cincinnati Bengals,matchbook,spreads,Miami Dolphins,6.5,1.96
2026-10-08T21:09:01Z,scheduled,c4647ca1201e6768501877267ca8251b,2026-10-11T17:00:00Z,Miami Dolphins,Cincinnati Bengals,matchbook,totals,Over,43.0,1.97
2026-10-08T21:09:01Z,scheduled,c4647ca1201e6768501877267ca8251b,2026-10-11T17:00:00Z,Miami Dolphins,Cincinnati Bengals,matchbook,totals,Under,43.0,1.92
2026-10-08T21:09:01Z,scheduled,c4647ca1201e6768501877267ca8251b,2026-10-11T17:00:00Z,Miami Dolphins,Cincinnati Bengals,coolbet,h2h,Cincinnati Bengals,,1.31
2026-10-08T21:09:01Z,scheduled,c4647ca1201e6768501877267ca8251b,2026-10-11T17:00:00Z,Miami Dolphins,Cincinnati Bengals,coolbet,h2h,Miami Dolphins,,3.6
2026-10-08T21:09:01Z,scheduled,c4647ca1201e6768501877267ca8251b,2026-10-11T17:00:00Z,Miami Dolphins,Cincinnati Bengals,coolbet,spreads,Cincinnati Bengals,-6.5,1.87
2026-10-08T21:09:01Z,scheduled,c4647ca1201e6768501877267ca8251b,2026-10-11T17:00:00Z,Miami Dolphins,Cincinnati Bengals,coolbet,spreads,Miami Dolphins,6.5,1.98
2026-10-08T21:09:01Z,scheduled,c4647ca1201e6768501877267ca8251b,2026-10-11T17:00:00Z,Miami Dolphins,Cincinnati Bengals,coolbet,totals,Over,43.0,1.95
2026-10-08T21:09:01Z,scheduled,c4647ca1201e6768501877267ca8251b,2026-10-11T17:00:00Z,Miami Dolphins,Cincinnati Bengals,coolbet,totals,Under,43.0,1.9
2026-10-08T21:09:01Z,scheduled,c4647ca1201e6768501877267ca8251b,2026-10-11T17:00:00Z,Miami Dolphins,Cincinnati Bengals,betfair_ex_eu,h2h,Cincinnati Bengals,,1.35
2026-10-08T21:09:01Z,scheduled,c4647ca1201e6768501877267ca8251b,2026-10-11T17:00:00Z,Miami Dolphins,Cincinnati Bengals,betfair_ex_eu,h2h,Miami Dolphins,,3.75
2026-10-08T21:09:01Z,scheduled,c4647ca1201e6768501877267ca8251b,2026-10-11T17:00:00Z,Miami Dolphins,Cincinnati Bengals,betfair_ex_eu,h2h_lay,Cincinnati Bengals,,1.36
2026-10-08T21:09:01Z,scheduled,c4647ca1201e6768501877267ca8251b,2026-10-11T17:00:00Z,Miami Dolphins,Cincinnati Bengals,betfair_ex_eu,h2h_lay,Miami Dolphins,,3.85
2026-10-08T21:09:01Z,scheduled,c4647ca1201e6768501877267ca8251b,2026-10-11T17:00:00Z,Miami Dolphins,Cincinnati Bengals,pinnacle,h2h,Cincinnati Bengals,,1.32
2026-10-08T21:09:01Z,scheduled,c4647ca1201e6768501877267ca8251b,2026-10-11T17:00:00Z,Miami Dolphins,Cincinnati Bengals,pinnacle,h2h,Miami Dolphins,,3.57
2026-10-08T21:09:01Z,scheduled,c4647ca1201e6768501877267ca8251b,2026-10-11T17:00:00Z,Miami Dolphins,Cincinnati Bengals,pinnacle,spreads,Cincinnati Bengals,-6.5,1.93
2026-10-08T21:09:01Z,scheduled,c4647ca1201e6768501877267ca8251b,2026-10-11T17:00:00Z,Miami Dolphins,Cincinnati Bengals,pinnacle,spreads,Miami Dolphins,6.5,1.96
2026-10-08T21:09:01Z,scheduled,c4647ca1201e6768501877267ca8251b,2026-10-11T17:00:00Z,Miami Dolphins,Cincinnati Bengals,pinnacle,totals,Over,42.5,1.89
2026-10-08T21:09:01Z,scheduled,c4647ca1201e6768501877267ca8251b,2026-10-11T17:00:00Z,Miami Dolphins,Cincinnati Bengals,pinnacle,totals,Under,42.5,1.97
2026-10-08T21:09:01Z,scheduled,9db4ed15fe34fca1fb62f040cd244591,2026-10-11T17:00:00Z,New York Jets,Cleveland Browns,draftkings,h2h,Cleveland Browns,,2.14
2026-10-08T21:09:01Z,scheduled,9db4ed15fe34fca1fb62f040cd244591,2026-10-11T17:00:00Z,New York Jets,Cleveland Browns,draftkings,h2h,New York Jets,,1.74
2026-10-08T21:09:01Z,scheduled,9db4ed15fe34fca1fb62f040cd244591,2026-10-11T17:00:00Z,New York Jets,Cleveland Browns,draftkings,spreads,Cleveland Browns,2.5,1.91
2026-10-08T21:09:01Z,scheduled,9db4ed15fe34fca1fb62f040cd244591,2026-10-11T17:00:00Z,New York Jets,Cleveland Browns,draftkings,spreads,New York Jets,-2.5,1.91
2026-10-08T21:09:01Z,scheduled,9db4ed15fe34fca1fb62f040cd244591,2026-10-11T17:00:00Z,New York Jets,Cleveland Browns,draftkings,totals,Over,39.5,1.89
2026-10-08T21:09:01Z,scheduled,9db4ed15fe34fca1fb62f040cd244591,2026-10-11T17:00:00Z,New York Jets,Cleveland Browns,draftkings,totals,Under,39.5,1.93
2026-10-08T21:09:01Z,scheduled,9db4ed15fe34fca1fb62f040cd244591,2026-10-11T17:00:00Z,New York Jets,Cleveland Browns,fanduel,h2h,Cleveland Browns,,2.14
2026-10-08T21:09:01Z,scheduled,9db4ed15fe34fca1fb62f040cd244591,2026-10-11T17:00:00Z,New York Jets,Cleveland Browns,fanduel,h2h,New York Jets,,1.75
2026-10-08T21:09:01Z,scheduled,9db4ed15fe34fca1fb62f040cd244591,2026-10-11T17:00:00Z,New York Jets,Cleveland Browns,fanduel,spreads,Cleveland Browns,1.5,1.98
2026-10-08T21:09:01Z,scheduled,9db4ed15fe34fca1fb62f040cd244591,2026-10-11T17:00:00Z,New York Jets,Cleveland Browns,fanduel,spreads,New York Jets,-1.5,1.83
2026-10-08T21:09:01Z,scheduled,9db4ed15fe34fca1fb62f040cd244591,2026-10-11T17:00:00Z,New York Jets,Cleveland Browns,fanduel,totals,Over,39.5,1.87
2026-10-08T21:09:01Z,scheduled,9db4ed15fe34fca1fb62f040cd244591,2026-10-11T17:00:00Z,New York Jets,Cleveland Browns,fanduel,totals,Under,39.5,1.95
2026-10-08T21:09:01Z,scheduled,9db4ed15fe34fca1fb62f040cd244591,2026-10-11T17:00:00Z,New York Jets,Cleveland Browns,betsson,h2h,Cleveland Browns,,2.15
2026-10-08T21:09:01Z,scheduled,9db4ed15fe34fca1fb62f040cd244591,2026-10-11T17:00:00Z,New York Jets,Cleveland Browns,betsson,h2h,New York Jets,,1.7
2026-10-08T21:09:01Z,scheduled,9db4ed15fe34fca1fb62f040cd244591,2026-10-11T17:00:00Z,New York Jets,Cleveland Browns,betsson,spreads,Cleveland Browns,2.5,1.9
2026-10-08T21:09:01Z,scheduled,9db4ed15fe34fca1fb62f040cd244591,2026-10-11T17:00:00Z,New York Jets,Cleveland Browns,betsson,spreads,New York Jets,-2.5,1.9
2026-10-08T21:09:01Z,scheduled,9db4ed15fe34fca1fb62f040cd244591,2026-10-11T17:00:00Z,New York Jets,Cleveland Browns,betsson,totals,Over,39.5,1.85
2026-10-08T21:09:01Z,scheduled,9db4ed15fe34fca1fb62f040cd244591,2026-10-11T17:00:00Z,New York Jets,Cleveland Browns,betsson,totals,Under,39.5,1.95
2026-10-08T21:09:01Z,scheduled,9db4ed15fe34fca1fb62f040cd244591,2026-10-11T17:00:00Z,New York Jets,Cleveland Browns,betrivers,h2h,Cleveland Browns,,2.05
2026-10-08T21:09:01Z,scheduled,9db4ed15fe34fca1fb62f040cd244591,2026-10-11T17:00:00Z,New York Jets,Cleveland Browns,betrivers,h2h,New York Jets,,1.77
2026-10-08T21:09:01Z,scheduled,9db4ed15fe34fca1fb62f040cd244591,2026-10-11T17:00:00Z,New York Jets,Cleveland Browns,betrivers,spreads,Cleveland Browns,2.0,1.91
2026-10-08T21:09:01Z,scheduled,9db4ed15fe34fca1fb62f040cd244591,2026-10-11T17:00:00Z,New York Jets,Cleveland Browns,betrivers,spreads,New York Jets,-2.0,1.91
2026-10-08T21:09:01Z,scheduled,9db4ed15fe34fca1fb62f040cd244591,2026-10-11T17:00:00Z,New York Jets,Cleveland Browns,betrivers,totals,Over,40.0,1.93
2026-10-08T21:09:01Z,scheduled,9db4ed15fe34fca1fb62f040cd244591,2026-10-11T17:00:00Z,New York Jets,Cleveland Browns,betrivers,totals,Under,40.0,1.88
2026-10-08T21:09:01Z,scheduled,9db4ed15fe34fca1fb62f040cd244591,2026-10-11T17:00:00Z,New York Jets,Cleveland Browns,matchbook,h2h,Cleveland Browns,,2.24
2026-10-08T21:09:01Z,scheduled,9db4ed15fe34fca1fb62f040cd244591,2026-10-11T17:00:00Z,New York Jets,Cleveland Browns,matchbook,h2h,New York Jets,,1.8
2026-10-08T21:09:01Z,scheduled,9db4ed15fe34fca1fb62f040cd244591,2026-10-11T17:00:00Z,New York Jets,Cleveland Browns,matchbook,h2h_lay,Cleveland Browns,,2.26
2026-10-08T21:09:01Z,scheduled,9db4ed15fe34fca1fb62f040cd244591,2026-10-11T17:00:00Z,New York Jets,Cleveland Browns,matchbook,h2h_lay,New York Jets,,1.81
2026-10-08T21:09:01Z,scheduled,9db4ed15fe34fca1fb62f040cd244591,2026-10-11T17:00:00Z,New York Jets,Cleveland Browns,matchbook,spreads,Cleveland Browns,2.5,1.98
2026-10-08T21:09:01Z,scheduled,9db4ed15fe34fca1fb62f040cd244591,2026-10-11T17:00:00Z,New York Jets,Cleveland Browns,matchbook,spreads,New York Jets,-2.5,1.93
2026-10-08T21:09:01Z,scheduled,9db4ed15fe34fca1fb62f040cd244591,2026-10-11T17:00:00Z,New York Jets,Cleveland Browns,matchbook,totals,Over,40.0,1.98
2026-10-08T21:09:01Z,scheduled,9db4ed15fe34fca1fb62f040cd244591,2026-10-11T17:00:00Z,New York Jets,Cleveland Browns,matchbook,totals,Under,40.0,1.91
2026-10-08T21:09:01Z,scheduled,9db4ed15fe34fca1fb62f040cd244591,2026-10-11T17:00:00Z,New York Jets,Cleveland Browns,betmgm,h2h,Cleveland Browns,,2.15
2026-10-08T21:09:01Z,scheduled,9db4ed15fe34fca1fb62f040cd244591,2026-10-11T17:00:00Z,New York Jets,Cleveland Browns,betmgm,h2h,New York Jets,,1.71
2026-10-08T21:09:01Z,scheduled,9db4ed15fe34fca1fb62f040cd244591,2026-10-11T17:00:00Z,New York Jets,Cleveland Browns,betmgm,spreads,Cleveland Browns,2.0,1.93
2026-10-08T21:09:01Z,scheduled,9db4ed15fe34fca1fb62f040cd244591,2026-10-11T17:00:00Z,New York Jets,Cleveland Browns,betmgm,spreads,New York Jets,-2.0,1.91
2026-10-08T21:09:01Z,scheduled,9db4ed15fe34fca1fb62f040cd244591,2026-10-11T17:00:00Z,New York Jets,Cleveland Browns,betmgm,totals,Over,40.0,1.95
2026-10-08T21:09:01Z,scheduled,9db4ed15fe34fca1fb62f040cd244591,2026-10-11T17:00:00Z,New York Jets,Cleveland Browns,betmgm,totals,Under,40.0,1.89
2026-10-08T21:09:01Z,scheduled,9db4ed15fe34fca1fb62f040cd244591,2026-10-11T17:00:00Z,New York Jets,Cleveland Browns,pinnacle,h2h,Cleveland Browns,,2.21
2026-10-08T21:09:01Z,scheduled,9db4ed15fe34fca1fb62f040cd244591,2026-10-11T17:00:00Z,New York Jets,Cleveland Browns,pinnacle,h2h,New York Jets,,1.73
2026-10-08T21:09:01Z,scheduled,9db4ed15fe34fca1fb62f040cd244591,2026-10-11T17:00:00Z,New York Jets,Cleveland Browns,pinnacle,spreads,Cleveland Browns,2.5,1.95
2026-10-08T21:09:01Z,scheduled,9db4ed15fe34fca1fb62f040cd244591,2026-10-11T17:00:00Z,New York Jets,Cleveland Browns,pinnacle,spreads,New York Jets,-2.5,1.93
2026-10-08T21:09:01Z,scheduled,9db4ed15fe34fca1fb62f040cd244591,2026-10-11T17:00:00Z,New York Jets,Cleveland Browns,pinnacle,totals,Over,40.0,1.96
2026-10-08T21:09:01Z,scheduled,9db4ed15fe34fca1fb62f040cd244591,2026-10-11T17:00:00Z,New York Jets,Cleveland Browns,pinnacle,totals,Under,40.0,1.91
2026-10-08T21:09:01Z,scheduled,9db4ed15fe34fca1fb62f040cd244591,2026-10-11T17:00:00Z,New York Jets,Cleveland Browns,coolbet,h2h,Cleveland Browns,,2.18
2026-10-08T21:09:01Z,scheduled,9db4ed15fe34fca1fb62f040cd244591,2026-10-11T17:00:00Z,New York Jets,Cleveland Browns,coolbet,h2h,New York Jets,,1.72
2026-10-08T21:09:01Z,scheduled,9db4ed15fe34fca1fb62f040cd244591,2026-10-11T17:00:00Z,New York Jets,Cleveland Browns,coolbet,spreads,Cleveland Browns,2.5,1.92
2026-10-08T21:09:01Z,scheduled,9db4ed15fe34fca1fb62f040cd244591,2026-10-11T17:00:00Z,New York Jets,Cleveland Browns,coolbet,spreads,New York Jets,-2.5,1.92
2026-10-08T21:09:01Z,scheduled,9db4ed15fe34fca1fb62f040cd244591,2026-10-11T17:00:00Z,New York Jets,Cleveland Browns,coolbet,totals,Over,40.0,1.92
2026-10-08T21:09:01Z,scheduled,9db4ed15fe34fca1fb62f040cd244591,2026-10-11T17:00:00Z,New York Jets,Cleveland Browns,coolbet,totals,Under,40.0,1.92
2026-10-08T21:09:01Z,scheduled,9db4ed15fe34fca1fb62f040cd244591,2026-10-11T17:00:00Z,New York Jets,Cleveland Browns,betfair_ex_eu,h2h,Cleveland Browns,,2.24
2026-10-08T21:09:01Z,scheduled,9db4ed15fe34fca1fb62f040cd244591,2026-10-11T17:00:00Z,New York Jets,Cleveland Browns,betfair_ex_eu,h2h,New York Jets,,1.8
2026-10-08T21:09:01Z,scheduled,9db4ed15fe34fca1fb62f040cd244591,2026-10-11T17:00:00Z,New York Jets,Cleveland Browns,betfair_ex_eu,h2h_lay,Cleveland Browns,,2.26
2026-10-08T21:09:01Z,scheduled,9db4ed15fe34fca1fb62f040cd244591,2026-10-11T17:00:00Z,New York Jets,Cleveland Browns,betfair_ex_eu,h2h_lay,New York Jets,,1.81
2026-10-08T21:09:01Z,scheduled,cc52bba56e74f5cddbe9011046181c3d,2026-10-11T17:00:00Z,Tennessee Titans,Houston Texans,draftkings,h2h,Houston Texans,,1.24
2026-10-08T21:09:01Z,scheduled,cc52bba56e74f5cddbe9011046181c3d,2026-10-11T17:00:00Z,Tennessee Titans,Houston Texans,draftkings,h2h,Tennessee Titans,,4.3
2026-10-08T21:09:01Z,scheduled,cc52bba56e74f5cddbe9011046181c3d,2026-10-11T17:00:00Z,Tennessee Titans,Houston Texans,draftkings,spreads,Houston Texans,-7.5,1.95
2026-10-08T21:09:01Z,scheduled,cc52bba56e74f5cddbe9011046181c3d,2026-10-11T17:00:00Z,Tennessee Titans,Houston Texans,draftkings,spreads,Tennessee Titans,7.5,1.87
2026-10-08T21:09:01Z,scheduled,cc52bba56e74f5cddbe9011046181c3d,2026-10-11T17:00:00Z,Tennessee Titans,Houston Texans,draftkings,totals,Over,38.5,1.95
2026-10-08T21:09:01Z,scheduled,cc52bba56e74f5cddbe9011046181c3d,2026-10-11T17:00:00Z,Tennessee Titans,Houston Texans,draftkings,totals,Under,38.5,1.87
2026-10-08T21:09:01Z,scheduled,cc52bba56e74f5cddbe9011046181c3d,2026-10-11T17:00:00Z,Tennessee Titans,Houston Texans,fanduel,h2h,Houston Texans,,1.26
2026-10-08T21:09:01Z,scheduled,cc52bba56e74f5cddbe9011046181c3d,2026-10-11T17:00:00Z,Tennessee Titans,Houston Texans,fanduel,h2h,Tennessee Titans,,4.1
2026-10-08T21:09:01Z,scheduled,cc52bba56e74f5cddbe9011046181c3d,2026-10-11T17:00:00Z,Tennessee Titans,Houston Texans,fanduel,spreads,Houston Texans,-7.5,1.95
2026-10-08T21:09:01Z,scheduled,cc52bba56e74f5cddbe9011046181c3d,2026-10-11T17:00:00Z,Tennessee Titans,Houston Texans,fanduel,spreads,Tennessee Titans,7.5,1.87
2026-10-08T21:09:01Z,scheduled,cc52bba56e74f5cddbe9011046181c3d,2026-10-11T17:00:00Z,Tennessee Titans,Houston Texans,fanduel,totals,Over,37.5,1.85
2026-10-08T21:09:01Z,scheduled,cc52bba56e74f5cddbe9011046181c3d,2026-10-11T17:00:00Z,Tennessee Titans,Houston Texans,fanduel,totals,Under,37.5,1.96
2026-10-08T21:09:01Z,scheduled,cc52bba56e74f5cddbe9011046181c3d,2026-10-11T17:00:00Z,Tennessee Titans,Houston Texans,betsson,h2h,Houston Texans,,1.25
2026-10-08T21:09:01Z,scheduled,cc52bba56e74f5cddbe9011046181c3d,2026-10-11T17:00:00Z,Tennessee Titans,Houston Texans,betsson,h2h,Tennessee Titans,,3.96
2026-10-08T21:09:01Z,scheduled,cc52bba56e74f5cddbe9011046181c3d,2026-10-11T17:00:00Z,Tennessee Titans,Houston Texans,betsson,spreads,Houston Texans,-7.5,1.92
2026-10-08T21:09:01Z,scheduled,cc52bba56e74f5cddbe9011046181c3d,2026-10-11T17:00:00Z,Tennessee Titans,Houston Texans,betsson,spreads,Tennessee Titans,7.5,1.88
2026-10-08T21:09:01Z,scheduled,cc52bba56e74f5cddbe9011046181c3d,2026-10-11T17:00:00Z,Tennessee Titans,Houston Texans,betsson,totals,Over,38.5,1.92
2026-10-08T21:09:01Z,scheduled,cc52bba56e74f5cddbe9011046181c3d,2026-10-11T17:00:00Z,Tennessee Titans,Houston Texans,betsson,totals,Under,38.5,1.88
2026-10-08T21:09:01Z,scheduled,cc52bba56e74f5cddbe9011046181c3d,2026-10-11T17:00:00Z,Tennessee Titans,Houston Texans,betrivers,h2h,Houston Texans,,1.26
2026-10-08T21:09:01Z,scheduled,cc52bba56e74f5cddbe9011046181c3d,2026-10-11T17:00:00Z,Tennessee Titans,Houston Texans,betrivers,h2h,Tennessee Titans,,4.0
2026-10-08T21:09:01Z,scheduled,cc52bba56e74f5cddbe9011046181c3d,2026-10-11T17:00:00Z,Tennessee Titans,Houston Texans,betrivers,spreads,Houston Texans,-7.5,1.91
2026-10-08T21:09:01Z,scheduled,cc52bba56e74f5cddbe9011046181c3d,2026-10-11T17:00:00Z,Tennessee Titans,Houston Texans,betrivers,spreads,Tennessee Titans,7.5,1.88
2026-10-08T21:09:01Z,scheduled,cc52bba56e74f5cddbe9011046181c3d,2026-10-11T17:00:00Z,Tennessee Titans,Houston Texans,betrivers,totals,Over,38.0,1.92
2026-10-08T21:09:01Z,scheduled,cc52bba56e74f5cddbe9011046181c3d,2026-10-11T17:00:00Z,Tennessee Titans,Houston Texans,betrivers,totals,Under,38.0,1.88
2026-10-08T21:09:01Z,scheduled,cc52bba56e74f5cddbe9011046181c3d,2026-10-11T17:00:00Z,Tennessee Titans,Houston Texans,matchbook,h2h,Houston Texans,,1.28
2026-10-08T21:09:01Z,scheduled,cc52bba56e74f5cddbe9011046181c3d,2026-10-11T17:00:00Z,Tennessee Titans,Houston Texans,matchbook,h2h,Tennessee Titans,,4.3
2026-10-08T21:09:01Z,scheduled,cc52bba56e74f5cddbe9011046181c3d,2026-10-11T17:00:00Z,Tennessee Titans,Houston Texans,matchbook,h2h_lay,Houston Texans,,1.3
2026-10-08T21:09:01Z,scheduled,cc52bba56e74f5cddbe9011046181c3d,2026-10-11T17:00:00Z,Tennessee Titans,Houston Texans,matchbook,h2h_lay,Tennessee Titans,,4.6
2026-10-08T21:09:01Z,scheduled,cc52bba56e74f5cddbe9011046181c3d,2026-10-11T17:00:00Z,Tennessee Titans,Houston Texans,matchbook,spreads,Houston Texans,-7.5,2.0
2026-10-08T21:09:01Z,scheduled,cc52bba56e74f5cddbe9011046181c3d,2026-10-11T17:00:00Z,Tennessee Titans,Houston Texans,matchbook,spreads,Tennessee Titans,7.5,1.92
2026-10-08T21:09:01Z,scheduled,cc52bba56e74f5cddbe9011046181c3d,2026-10-11T17:00:00Z,Tennessee Titans,Houston Texans,matchbook,totals,Over,38.0,1.97
2026-10-08T21:09:01Z,scheduled,cc52bba56e74f5cddbe9011046181c3d,2026-10-11T17:00:00Z,Tennessee Titans,Houston Texans,matchbook,totals,Under,38.0,1.93
2026-10-08T21:09:01Z,scheduled,cc52bba56e74f5cddbe9011046181c3d,2026-10-11T17:00:00Z,Tennessee Titans,Houston Texans,betmgm,h2h,Houston Texans,,1.27
2026-10-08T21:09:01Z,scheduled,cc52bba56e74f5cddbe9011046181c3d,2026-10-11T17:00:00Z,Tennessee Titans,Houston Texans,betmgm,h2h,Tennessee Titans,,4.1
2026-10-08T21:09:01Z,scheduled,cc52bba56e74f5cddbe9011046181c3d,2026-10-11T17:00:00Z,Tennessee Titans,Houston Texans,betmgm,spreads,Houston Texans,-7.5,1.93
2026-10-08T21:09:01Z,scheduled,cc52bba56e74f5cddbe9011046181c3d,2026-10-11T17:00:00Z,Tennessee Titans,Houston Texans,betmgm,spreads,Tennessee Titans,7.5,1.91
2026-10-08T21:09:01Z,scheduled,cc52bba56e74f5cddbe9011046181c3d,2026-10-11T17:00:00Z,Tennessee Titans,Houston Texans,betmgm,totals,Over,38.0,1.91
2026-10-08T21:09:01Z,scheduled,cc52bba56e74f5cddbe9011046181c3d,2026-10-11T17:00:00Z,Tennessee Titans,Houston Texans,betmgm,totals,Under,38.0,1.93
2026-10-08T21:09:01Z,scheduled,cc52bba56e74f5cddbe9011046181c3d,2026-10-11T17:00:00Z,Tennessee Titans,Houston Texans,pinnacle,h2h,Houston Texans,,1.27
2026-10-08T21:09:01Z,scheduled,cc52bba56e74f5cddbe9011046181c3d,2026-10-11T17:00:00Z,Tennessee Titans,Houston Texans,pinnacle,h2h,Tennessee Titans,,4.07
2026-10-08T21:09:01Z,scheduled,cc52bba56e74f5cddbe9011046181c3d,2026-10-11T17:00:00Z,Tennessee Titans,Houston Texans,pinnacle,spreads,Houston Texans,-7.5,1.96
2026-10-08T21:09:01Z,scheduled,cc52bba56e74f5cddbe9011046181c3d,2026-10-11T17:00:00Z,Tennessee Titans,Houston Texans,pinnacle,spreads,Tennessee Titans,7.5,1.93
2026-10-08T21:09:01Z,scheduled,cc52bba56e74f5cddbe9011046181c3d,2026-10-11T17:00:00Z,Tennessee Titans,Houston Texans,pinnacle,totals,Over,37.5,1.87
2026-10-08T21:09:01Z,scheduled,cc52bba56e74f5cddbe9011046181c3d,2026-10-11T17:00:00Z,Tennessee Titans,Houston Texans,pinnacle,totals,Under,37.5,2.01
2026-10-08T21:09:01Z,scheduled,cc52bba56e74f5cddbe9011046181c3d,2026-10-11T17:00:00Z,Tennessee Titans,Houston Texans,coolbet,h2h,Houston Texans,,1.26
2026-10-08T21:09:01Z,scheduled,cc52bba56e74f5cddbe9011046181c3d,2026-10-11T17:00:00Z,Tennessee Titans,Houston Texans,coolbet,h2h,Tennessee Titans,,4.1
2026-10-08T21:09:01Z,scheduled,cc52bba56e74f5cddbe9011046181c3d,2026-10-11T17:00:00Z,Tennessee Titans,Houston Texans,coolbet,spreads,Houston Texans,-7.5,1.93
2026-10-08T21:09:01Z,scheduled,cc52bba56e74f5cddbe9011046181c3d,2026-10-11T17:00:00Z,Tennessee Titans,Houston Texans,coolbet,spreads,Tennessee Titans,7.5,1.91
2026-10-08T21:09:01Z,scheduled,cc52bba56e74f5cddbe9011046181c3d,2026-10-11T17:00:00Z,Tennessee Titans,Houston Texans,coolbet,totals,Over,38.5,1.95
2026-10-08T21:09:01Z,scheduled,cc52bba56e74f5cddbe9011046181c3d,2026-10-11T17:00:00Z,Tennessee Titans,Houston Texans,coolbet,totals,Under,38.5,1.9
2026-10-08T21:09:01Z,scheduled,cc52bba56e74f5cddbe9011046181c3d,2026-10-11T17:00:00Z,Tennessee Titans,Houston Texans,betfair_ex_eu,h2h,Houston Texans,,1.28
2026-10-08T21:09:01Z,scheduled,cc52bba56e74f5cddbe9011046181c3d,2026-10-11T17:00:00Z,Tennessee Titans,Houston Texans,betfair_ex_eu,h2h,Tennessee Titans,,4.3
2026-10-08T21:09:01Z,scheduled,cc52bba56e74f5cddbe9011046181c3d,2026-10-11T17:00:00Z,Tennessee Titans,Houston Texans,betfair_ex_eu,h2h_lay,Houston Texans,,1.3
2026-10-08T21:09:01Z,scheduled,cc52bba56e74f5cddbe9011046181c3d,2026-10-11T17:00:00Z,Tennessee Titans,Houston Texans,betfair_ex_eu,h2h_lay,Tennessee Titans,,4.6
2026-10-08T21:09:01Z,scheduled,448d7cf18c6db4c811ed82ded1b72867,2026-10-11T17:00:00Z,Pittsburgh Steelers,Indianapolis Colts,draftkings,h2h,Indianapolis Colts,,2.24
2026-10-08T21:09:01Z,scheduled,448d7cf18c6db4c811ed82ded1b72867,2026-10-11T17:00:00Z,Pittsburgh Steelers,Indianapolis Colts,draftkings,h2h,Pittsburgh Steelers,,1.68
2026-10-08T21:09:01Z,scheduled,448d7cf18c6db4c811ed82ded1b72867,2026-10-11T17:00:00Z,Pittsburgh Steelers,Indianapolis Colts,draftkings,spreads,Indianapolis Colts,2.5,1.98
2026-10-08T21:09:01Z,scheduled,448d7cf18c6db4c811ed82ded1b72867,2026-10-11T17:00:00Z,Pittsburgh Steelers,Indianapolis Colts,draftkings,spreads,Pittsburgh Steelers,-2.5,1.85
2026-10-08T21:09:01Z,scheduled,448d7cf18c6db4c811ed82ded1b72867,2026-10-11T17:00:00Z,Pittsburgh Steelers,Indianapolis Colts,draftkings,totals,Over,44.5,1.93
2026-10-08T21:09:01Z,scheduled,448d7cf18c6db4c811ed82ded1b72867,2026-10-11T17:00:00Z,Pittsburgh Steelers,Indianapolis Colts,draftkings,totals,Under,44.5,1.89
2026-10-08T21:09:01Z,scheduled,448d7cf18c6db4c811ed82ded1b72867,2026-10-11T17:00:00Z,Pittsburgh Steelers,Indianapolis Colts,fanduel,h2h,Indianapolis Colts,,2.2
2026-10-08T21:09:01Z,scheduled,448d7cf18c6db4c811ed82ded1b72867,2026-10-11T17:00:00Z,Pittsburgh Steelers,Indianapolis Colts,fanduel,h2h,Pittsburgh Steelers,,1.7
2026-10-08T21:09:01Z,scheduled,448d7cf18c6db4c811ed82ded1b72867,2026-10-11T17:00:00Z,Pittsburgh Steelers,Indianapolis Colts,fanduel,spreads,Indianapolis Colts,2.5,1.91
2026-10-08T21:09:01Z,scheduled,448d7cf18c6db4c811ed82ded1b72867,2026-10-11T17:00:00Z,Pittsburgh Steelers,Indianapolis Colts,fanduel,spreads,Pittsburgh Steelers,-2.5,1.91
2026-10-08T21:09:01Z,scheduled,448d7cf18c6db4c811ed82ded1b72867,2026-10-11T17:00:00Z,Pittsburgh Steelers,Indianapolis Colts,fanduel,totals,Over,44.5,1.96
2026-10-08T21:09:01Z,scheduled,448d7cf18c6db4c811ed82ded1b72867,2026-10-11T17:00:00Z,Pittsburgh Steelers,Indianapolis Colts,fanduel,totals,Under,44.5,1.85
2026-10-08T21:09:01Z,scheduled,448d7cf18c6db4c811ed82ded1b72867,2026-10-11T17:00:00Z,Pittsburgh Steelers,Indianapolis Colts,betrivers,h2h,Indianapolis Colts,,2.16
2026-10-08T21:09:01Z,scheduled,448d7cf18c6db4c811ed82ded1b72867,2026-10-11T17:00:00Z,Pittsburgh Steelers,Indianapolis Colts,betrivers,h2h,Pittsburgh Steelers,,1.72
2026-10-08T21:09:01Z,scheduled,448d7cf18c6db4c811ed82ded1b72867,2026-10-11T17:00:00Z,Pittsburgh Steelers,Indianapolis Colts,betrivers,spreads,Indianapolis Colts,2.5,1.92
2026-10-08T21:09:01Z,scheduled,448d7cf18c6db4c811ed82ded1b72867,2026-10-11T17:00:00Z,Pittsburgh Steelers,Indianapolis Colts,betrivers,spreads,Pittsburgh Steelers,-2.5,1.89
2026-10-08T21:09:01Z,scheduled,448d7cf18c6db4c811ed82ded1b72867,2026-10-11T17:00:00Z,Pittsburgh Steelers,Indianapolis Colts,betrivers,totals,Over,44.5,1.92
2026-10-08T21:09:01Z,scheduled,448d7cf18c6db4c811ed82ded1b72867,2026-10-11T17:00:00Z,Pittsburgh Steelers,Indianapolis Colts,betrivers,totals,Under,44.5,1.89
2026-10-08T21:09:01Z,scheduled,448d7cf18c6db4c811ed82ded1b72867,2026-10-11T17:00:00Z,Pittsburgh Steelers,Indianapolis Colts,betsson,h2h,Indianapolis Colts,,2.2
2026-10-08T21:09:01Z,scheduled,448d7cf18c6db4c811ed82ded1b72867,2026-10-11T17:00:00Z,Pittsburgh Steelers,Indianapolis Colts,betsson,h2h,Pittsburgh Steelers,,1.67
2026-10-08T21:09:01Z,scheduled,448d7cf18c6db4c811ed82ded1b72867,2026-10-11T17:00:00Z,Pittsburgh Steelers,Indianapolis Colts,betsson,spreads,Indianapolis Colts,2.5,1.92
2026-10-08T21:09:01Z,scheduled,448d7cf18c6db4c811ed82ded1b72867,2026-10-11T17:00:00Z,Pittsburgh Steelers,Indianapolis Colts,betsson,spreads,Pittsburgh Steelers,-2.5,1.88
2026-10-08T21:09:01Z,scheduled,448d7cf18c6db4c811ed82ded1b72867,2026-10-11T17:00:00Z,Pittsburgh Steelers,Indianapolis Colts,betsson,totals,Over,44.5,1.9
2026-10-08T21:09:01Z,scheduled,448d7cf18c6db4c811ed82ded1b72867,2026-10-11T17:00:00Z,Pittsburgh Steelers,Indianapolis Colts,betsson,totals,Under,44.5,1.9
2026-10-08T21:09:01Z,scheduled,448d7cf18c6db4c811ed82ded1b72867,2026-10-11T17:00:00Z,Pittsburgh Steelers,Indianapolis Colts,matchbook,h2h,Indianapolis Colts,,2.34
2026-10-08T21:09:01Z,scheduled,448d7cf18c6db4c811ed82ded1b72867,2026-10-11T17:00:00Z,Pittsburgh Steelers,Indianapolis Colts,matchbook,h2h,Pittsburgh Steelers,,1.73
2026-10-08T21:09:01Z,scheduled,448d7cf18c6db4c811ed82ded1b72867,2026-10-11T17:00:00Z,Pittsburgh Steelers,Indianapolis Colts,matchbook,h2h_lay,Indianapolis Colts,,2.38
2026-10-08T21:09:01Z,scheduled,448d7cf18c6db4c811ed82ded1b72867,2026-10-11T17:00:00Z,Pittsburgh Steelers,Indianapolis Colts,matchbook,h2h_lay,Pittsburgh Steelers,,1.75
2026-10-08T21:09:01Z,scheduled,448d7cf18c6db4c811ed82ded1b72867,2026-10-11T17:00:00Z,Pittsburgh Steelers,Indianapolis Colts,matchbook,spreads,Indianapolis Colts,3.0,1.87
2026-10-08T21:09:01Z,scheduled,448d7cf18c6db4c811ed82ded1b72867,2026-10-11T17:00:00Z,Pittsburgh Steelers,Indianapolis Colts,matchbook,spreads,Pittsburgh Steelers,-3.0,2.04
2026-10-08T21:09:01Z,scheduled,448d7cf18c6db4c811ed82ded1b72867,2026-10-11T17:00:00Z,Pittsburgh Steelers,Indianapolis Colts,matchbook,totals,Over,44.0,1.93
2026-10-08T21:09:01Z,scheduled,448d7cf18c6db4c811ed82ded1b72867,2026-10-11T17:00:00Z,Pittsburgh Steelers,Indianapolis Colts,matchbook,totals,Under,44.0,1.95
2026-10-08T21:09:01Z,scheduled,448d7cf18c6db4c811ed82ded1b72867,2026-10-11T17:00:00Z,Pittsburgh Steelers,Indianapolis Colts,betmgm,h2h,Indianapolis Colts,,2.2
2026-10-08T21:09:01Z,scheduled,448d7cf18c6db4c811ed82ded1b72867,2026-10-11T17:00:00Z,Pittsburgh Steelers,Indianapolis Colts,betmgm,h2h,Pittsburgh Steelers,,1.69
2026-10-08T21:09:01Z,scheduled,448d7cf18c6db4c811ed82ded1b72867,2026-10-11T17:00:00Z,Pittsburgh Steelers,Indianapolis Colts,betmgm,spreads,Indianapolis Colts,2.5,1.95
2026-10-08T21:09:01Z,scheduled,448d7cf18c6db4c811ed82ded1b72867,2026-10-11T17:00:00Z,Pittsburgh Steelers,Indianapolis Colts,betmgm,spreads,Pittsburgh Steelers,-2.5,1.89
2026-10-08T21:09:01Z,scheduled,448d7cf18c6db4c811ed82ded1b72867,2026-10-11T17:00:00Z,Pittsburgh Steelers,Indianapolis Colts,betmgm,totals,Over,44.5,1.89
2026-10-08T21:09:01Z,scheduled,448d7cf18c6db4c811ed82ded1b72867,2026-10-11T17:00:00Z,Pittsburgh Steelers,Indianapolis Colts,betmgm,totals,Under,44.5,1.85
2026-10-08T21:09:01Z,scheduled,448d7cf18c6db4c811ed82ded1b72867,2026-10-11T17:00:00Z,Pittsburgh Steelers,Indianapolis Colts,pinnacle,h2h,Indianapolis Colts,,2.32
2026-10-08T21:09:01Z,scheduled,448d7cf18c6db4c811ed82ded1b72867,2026-10-11T17:00:00Z,Pittsburgh Steelers,Indianapolis Colts,pinnacle,h2h,Pittsburgh Steelers,,1.67
2026-10-08T21:09:01Z,scheduled,448d7cf18c6db4c811ed82ded1b72867,2026-10-11T17:00:00Z,Pittsburgh Steelers,Indianapolis Colts,pinnacle,spreads,Indianapolis Colts,2.5,2.04
2026-10-08T21:09:01Z,scheduled,448d7cf18c6db4c811ed82ded1b72867,2026-10-11T17:00:00Z,Pittsburgh Steelers,Indianapolis Colts,pinnacle,spreads,Pittsburgh Steelers,-2.5,1.85
2026-10-08T21:09:01Z,scheduled,448d7cf18c6db4c811ed82ded1b72867,2026-10-11T17:00:00Z,Pittsburgh Steelers,Indianapolis Colts,pinnacle,totals,Over,44.5,2.0
2026-10-08T21:09:01Z,scheduled,448d7cf18c6db4c811ed82ded1b72867,2026-10-11T17:00:00Z,Pittsburgh Steelers,Indianapolis Colts,pinnacle,totals,Under,44.5,1.87
2026-10-08T21:09:01Z,scheduled,448d7cf18c6db4c811ed82ded1b72867,2026-10-11T17:00:00Z,Pittsburgh Steelers,Indianapolis Colts,coolbet,h2h,Indianapolis Colts,,2.25
2026-10-08T21:09:01Z,scheduled,448d7cf18c6db4c811ed82ded1b72867,2026-10-11T17:00:00Z,Pittsburgh Steelers,Indianapolis Colts,coolbet,h2h,Pittsburgh Steelers,,1.68
2026-10-08T21:09:01Z,scheduled,448d7cf18c6db4c811ed82ded1b72867,2026-10-11T17:00:00Z,Pittsburgh Steelers,Indianapolis Colts,coolbet,spreads,Indianapolis Colts,2.5,1.95
2026-10-08T21:09:01Z,scheduled,448d7cf18c6db4c811ed82ded1b72867,2026-10-11T17:00:00Z,Pittsburgh Steelers,Indianapolis Colts,coolbet,spreads,Pittsburgh Steelers,-2.5,1.9
2026-10-08T21:09:01Z,scheduled,448d7cf18c6db4c811ed82ded1b72867,2026-10-11T17:00:00Z,Pittsburgh Steelers,Indianapolis Colts,coolbet,totals,Over,44.5,1.93
2026-10-08T21:09:01Z,scheduled,448d7cf18c6db4c811ed82ded1b72867,2026-10-11T17:00:00Z,Pittsburgh Steelers,Indianapolis Colts,coolbet,totals,Under,44.5,1.91
2026-10-08T21:09:01Z,scheduled,448d7cf18c6db4c811ed82ded1b72867,2026-10-11T17:00:00Z,Pittsburgh Steelers,Indianapolis Colts,betfair_ex_eu,h2h,Indianapolis Colts,,2.34
2026-10-08T21:09:01Z,scheduled,448d7cf18c6db4c811ed82ded1b72867,2026-10-11T17:00:00Z,Pittsburgh Steelers,Indianapolis Colts,betfair_ex_eu,h2h,Pittsburgh Steelers,,1.73
2026-10-08T21:09:01Z,scheduled,448d7cf18c6db4c811ed82ded1b72867,2026-10-11T17:00:00Z,Pittsburgh Steelers,Indianapolis Colts,betfair_ex_eu,h2h_lay,Indianapolis Colts,,2.38
2026-10-08T21:09:01Z,scheduled,448d7cf18c6db4c811ed82ded1b72867,2026-10-11T17:00:00Z,Pittsburgh Steelers,Indianapolis Colts,betfair_ex_eu,h2h_lay,Pittsburgh Steelers,,1.75
2026-10-08T21:09:01Z,scheduled,6b024bad1abb54f597225e4ab9b39d89,2026-10-11T17:00:00Z,New England Patriots,Las Vegas Raiders,draftkings,h2h,Las Vegas Raiders,,2.64
2026-10-08T21:09:01Z,scheduled,6b024bad1abb54f597225e4ab9b39d89,2026-10-11T17:00:00Z,New England Patriots,Las Vegas Raiders,draftkings,h2h,New England Patriots,,1.51
2026-10-08T21:09:01Z,scheduled,6b024bad1abb54f597225e4ab9b39d89,2026-10-11T17:00:00Z,New England Patriots,Las Vegas Raiders,draftkings,spreads,Las Vegas Raiders,3.5,1.91
2026-10-08T21:09:01Z,scheduled,6b024bad1abb54f597225e4ab9b39d89,2026-10-11T17:00:00Z,New England Patriots,Las Vegas Raiders,draftkings,spreads,New England Patriots,-3.5,1.91
2026-10-08T21:09:01Z,scheduled,6b024bad1abb54f597225e4ab9b39d89,2026-10-11T17:00:00Z,New England Patriots,Las Vegas Raiders,draftkings,totals,Over,45.5,1.95
2026-10-08T21:09:01Z,scheduled,6b024bad1abb54f597225e4ab9b39d89,2026-10-11T17:00:00Z,New England Patriots,Las Vegas Raiders,draftkings,totals,Under,45.5,1.87
2026-10-08T21:09:01Z,scheduled,6b024bad1abb54f597225e4ab9b39d89,2026-10-11T17:00:00Z,New England Patriots,Las Vegas Raiders,fanduel,h2h,Las Vegas Raiders,,2.66
2026-10-08T21:09:01Z,scheduled,6b024bad1abb54f597225e4ab9b39d89,2026-10-11T17:00:00Z,New England Patriots,Las Vegas Raiders,fanduel,h2h,New England Patriots,,1.51
2026-10-08T21:09:01Z,scheduled,6b024bad1abb54f597225e4ab9b39d89,2026-10-11T17:00:00Z,New England Patriots,Las Vegas Raiders,fanduel,spreads,Las Vegas Raiders,3.5,1.95
2026-10-08T21:09:01Z,scheduled,6b024bad1abb54f597225e4ab9b39d89,2026-10-11T17:00:00Z,New England Patriots,Las Vegas Raiders,fanduel,spreads,New England Patriots,-3.5,1.87
2026-10-08T21:09:01Z,scheduled,6b024bad1abb54f597225e4ab9b39d89,2026-10-11T17:00:00Z,New England Patriots,Las Vegas Raiders,fanduel,totals,Over,44.5,1.85
2026-10-08T21:09:01Z,scheduled,6b024bad1abb54f597225e4ab9b39d89,2026-10-11T17:00:00Z,New England Patriots,Las Vegas Raiders,fanduel,totals,Under,44.5,1.96
2026-10-08T21:09:01Z,scheduled,6b024bad1abb54f597225e4ab9b39d89,2026-10-11T17:00:00Z,New England Patriots,Las Vegas Raiders,betrivers,h2h,Las Vegas Raiders,,2.6
2026-10-08T21:09:01Z,scheduled,6b024bad1abb54f597225e4ab9b39d89,2026-10-11T17:00:00Z,New England Patriots,Las Vegas Raiders,betrivers,h2h,New England Patriots,,1.51
2026-10-08T21:09:01Z,scheduled,6b024bad1abb54f597225e4ab9b39d89,2026-10-11T17:00:00Z,New England Patriots,Las Vegas Raiders,betrivers,spreads,Las Vegas Raiders,3.5,1.89
2026-10-08T21:09:01Z,scheduled,6b024bad1abb54f597225e4ab9b39d89,2026-10-11T17:00:00Z,New England Patriots,Las Vegas Raiders,betrivers,spreads,New England Patriots,-3.5,1.92
2026-10-08T21:09:01Z,scheduled,6b024bad1abb54f597225e4ab9b39d89,2026-10-11T17:00:00Z,New England Patriots,Las Vegas Raiders,betrivers,totals,Over,45.0,1.89
2026-10-08T21:09:01Z,scheduled,6b024bad1abb54f597225e4ab9b39d89,2026-10-11T17:00:00Z,New England Patriots,Las Vegas Raiders,betrivers,totals,Under,45.0,1.92
2026-10-08T21:09:01Z,scheduled,6b024bad1abb54f597225e4ab9b39d89,2026-10-11T17:00:00Z,New England Patriots,Las Vegas Raiders,betsson,h2h,Las Vegas Raiders,,2.65
2026-10-08T21:09:01Z,scheduled,6b024bad1abb54f597225e4ab9b39d89,2026-10-11T17:00:00Z,New England Patriots,Las Vegas Raiders,betsson,h2h,New England Patriots,,1.48
2026-10-08T21:09:01Z,scheduled,6b024bad1abb54f597225e4ab9b39d89,2026-10-11T17:00:00Z,New England Patriots,Las Vegas Raiders,betsson,spreads,Las Vegas Raiders,3.5,1.9
2026-10-08T21:09:01Z,scheduled,6b024bad1abb54f597225e4ab9b39d89,2026-10-11T17:00:00Z,New England Patriots,Las Vegas Raiders,betsson,spreads,New England Patriots,-3.5,1.9
2026-10-08T21:09:01Z,scheduled,6b024bad1abb54f597225e4ab9b39d89,2026-10-11T17:00:00Z,New England Patriots,Las Vegas Raiders,betsson,totals,Over,44.5,1.86
2026-10-08T21:09:01Z,scheduled,6b024bad1abb54f597225e4ab9b39d89,2026-10-11T17:00:00Z,New England Patriots,Las Vegas Raiders,betsson,totals,Under,44.5,1.94
2026-10-08T21:09:01Z,scheduled,6b024bad1abb54f597225e4ab9b39d89,2026-10-11T17:00:00Z,New England Patriots,Las Vegas Raiders,matchbook,h2h,Las Vegas Raiders,,2.72
2026-10-08T21:09:01Z,scheduled,6b024bad1abb54f597225e4ab9b39d89,2026-10-11T17:00:00Z,New England Patriots,Las Vegas Raiders,matchbook,h2h,New England Patriots,,1.57
2026-10-08T21:09:01Z,scheduled,6b024bad1abb54f597225e4ab9b39d89,2026-10-11T17:00:00Z,New England Patriots,Las Vegas Raiders,matchbook,h2h_lay,Las Vegas Raiders,,2.76
2026-10-08T21:09:01Z,scheduled,6b024bad1abb54f597225e4ab9b39d89,2026-10-11T17:00:00Z,New England Patriots,Las Vegas Raiders,matchbook,h2h_lay,New England Patriots,,1.59
2026-10-08T21:09:01Z,scheduled,6b024bad1abb54f597225e4ab9b39d89,2026-10-11T17:00:00Z,New England Patriots,Las Vegas Raiders,matchbook,spreads,Las Vegas Raiders,4.0,1.92
2026-10-08T21:09:01Z,scheduled,6b024bad1abb54f597225e4ab9b39d89,2026-10-11T17:00:00Z,New England Patriots,Las Vegas Raiders,matchbook,spreads,New England Patriots,-4.0,2.02
2026-10-08T21:09:01Z,scheduled,6b024bad1abb54f597225e4ab9b39d89,2026-10-11T17:00:00Z,New England Patriots,Las Vegas Raiders,matchbook,totals,Over,45.0,1.93
2026-10-08T21:09:01Z,scheduled,6b024bad1abb54f597225e4ab9b39d89,2026-10-11T17:00:00Z,New England Patriots,Las Vegas Raiders,matchbook,totals,Under,45.0,1.99
2026-10-08T21:09:01Z,scheduled,6b024bad1abb54f597225e4ab9b39d89,2026-10-11T17:00:00Z,New England Patriots,Las Vegas Raiders,betmgm,h2h,Las Vegas Raiders,,2.6
2026-10-08T21:09:01Z,scheduled,6b024bad1abb54f597225e4ab9b39d89,2026-10-11T17:00:00Z,New England Patriots,Las Vegas Raiders,betmgm,h2h,New England Patriots,,1.5
2026-10-08T21:09:01Z,scheduled,6b024bad1abb54f597225e4ab9b39d89,2026-10-11T17:00:00Z,New England Patriots,Las Vegas Raiders,betmgm,spreads,Las Vegas Raiders,3.5,1.93
2026-10-08T21:09:01Z,scheduled,6b024bad1abb54f597225e4ab9b39d89,2026-10-11T17:00:00Z,New England Patriots,Las Vegas Raiders,betmgm,spreads,New England Patriots,-3.5,1.91
2026-10-08T21:09:01Z,scheduled,6b024bad1abb54f597225e4ab9b39d89,2026-10-11T17:00:00Z,New England Patriots,Las Vegas Raiders,betmgm,totals,Over,45.0,1.93
2026-10-08T21:09:01Z,scheduled,6b024bad1abb54f597225e4ab9b39d89,2026-10-11T17:00:00Z,New England Patriots,Las Vegas Raiders,betmgm,totals,Under,45.0,1.91
2026-10-08T21:09:01Z,scheduled,6b024bad1abb54f597225e4ab9b39d89,2026-10-11T17:00:00Z,New England Patriots,Las Vegas Raiders,pinnacle,h2h,Las Vegas Raiders,,2.71
2026-10-08T21:09:01Z,scheduled,6b024bad1abb54f597225e4ab9b39d89,2026-10-11T17:00:00Z,New England Patriots,Las Vegas Raiders,pinnacle,h2h,New England Patriots,,1.51
2026-10-08T21:09:01Z,scheduled,6b024bad1abb54f597225e4ab9b39d89,2026-10-11T17:00:00Z,New England Patriots,Las Vegas Raiders,pinnacle,spreads,Las Vegas Raiders,4.0,1.91
2026-10-08T21:09:01Z,scheduled,6b024bad1abb54f597225e4ab9b39d89,2026-10-11T17:00:00Z,New England Patriots,Las Vegas Raiders,pinnacle,spreads,New England Patriots,-4.0,1.98
2026-10-08T21:09:01Z,scheduled,6b024bad1abb54f597225e4ab9b39d89,2026-10-11T17:00:00Z,New England Patriots,Las Vegas Raiders,pinnacle,totals,Over,45.0,1.93
2026-10-08T21:09:01Z,scheduled,6b024bad1abb54f597225e4ab9b39d89,2026-10-11T17:00:00Z,New England Patriots,Las Vegas Raiders,pinnacle,totals,Under,45.0,1.94
2026-10-08T21:09:01Z,scheduled,6b024bad1abb54f597225e4ab9b39d89,2026-10-11T17:00:00Z,New England Patriots,Las Vegas Raiders,coolbet,h2h,Las Vegas Raiders,,2.7
2026-10-08T21:09:01Z,scheduled,6b024bad1abb54f597225e4ab9b39d89,2026-10-11T17:00:00Z,New England Patriots,Las Vegas Raiders,coolbet,h2h,New England Patriots,,1.5
2026-10-08T21:09:01Z,scheduled,6b024bad1abb54f597225e4ab9b39d89,2026-10-11T17:00:00Z,New England Patriots,Las Vegas Raiders,coolbet,spreads,Las Vegas Raiders,3.5,1.91
2026-10-08T21:09:01Z,scheduled,6b024bad1abb54f597225e4ab9b39d89,2026-10-11T17:00:00Z,New England Patriots,Las Vegas Raiders,coolbet,spreads,New England Patriots,-3.5,1.93
2026-10-08T21:09:01Z,scheduled,6b024bad1abb54f597225e4ab9b39d89,2026-10-11T17:00:00Z,New England Patriots,Las Vegas Raiders,coolbet,totals,Over,45.0,1.92
2026-10-08T21:09:01Z,scheduled,6b024bad1abb54f597225e4ab9b39d89,2026-10-11T17:00:00Z,New England Patriots,Las Vegas Raiders,coolbet,totals,Under,45.0,1.92
2026-10-08T21:09:01Z,scheduled,6b024bad1abb54f597225e4ab9b39d89,2026-10-11T17:00:00Z,New England Patriots,Las Vegas Raiders,betfair_ex_eu,h2h,Las Vegas Raiders,,2.72
2026-10-08T21:09:01Z,scheduled,6b024bad1abb54f597225e4ab9b39d89,2026-10-11T17:00:00Z,New England Patriots,Las Vegas Raiders,betfair_ex_eu,h2h,New England Patriots,,1.57
2026-10-08T21:09:01Z,scheduled,6b024bad1abb54f597225e4ab9b39d89,2026-10-11T17:00:00Z,New England Patriots,Las Vegas Raiders,betfair_ex_eu,h2h_lay,Las Vegas Raiders,,2.78
2026-10-08T21:09:01Z,scheduled,6b024bad1abb54f597225e4ab9b39d89,2026-10-11T17:00:00Z,New England Patriots,Las Vegas Raiders,betfair_ex_eu,h2h_lay,New England Patriots,,1.58
2026-10-08T21:09:01Z,scheduled,2cda9bf0fbe35a2735f0dd8aaafe9eff,2026-10-11T17:00:00Z,New Orleans Saints,Minnesota Vikings,draftkings,h2h,Minnesota Vikings,,1.7
2026-10-08T21:09:01Z,scheduled,2cda9bf0fbe35a2735f0dd8aaafe9eff,2026-10-11T17:00:00Z,New Orleans Saints,Minnesota Vikings,draftkings,h2h,New Orleans Saints,,2.2
2026-10-08T21:09:01Z,scheduled,2cda9bf0fbe35a2735f0dd8aaafe9eff,2026-10-11T17:00:00Z,New Orleans Saints,Minnesota Vikings,draftkings,spreads,Minnesota Vikings,-2.5,1.93
2026-10-08T21:09:01Z,scheduled,2cda9bf0fbe35a2735f0dd8aaafe9eff,2026-10-11T17:00:00Z,New Orleans Saints,Minnesota Vikings,draftkings,spreads,New Orleans Saints,2.5,1.89
2026-10-08T21:09:01Z,scheduled,2cda9bf0fbe35a2735f0dd8aaafe9eff,2026-10-11T17:00:00Z,New Orleans Saints,Minnesota Vikings,draftkings,totals,Over,41.5,1.89
2026-10-08T21:09:01Z,scheduled,2cda9bf0fbe35a2735f0dd8aaafe9eff,2026-10-11T17:00:00Z,New Orleans Saints,Minnesota Vikings,draftkings,totals,Under,41.5,1.93
2026-10-08T21:09:01Z,scheduled,2cda9bf0fbe35a2735f0dd8aaafe9eff,2026-10-11T17:00:00Z,New Orleans Saints,Minnesota Vikings,fanduel,h2h,Minnesota Vikings,,1.76
2026-10-08T21:09:01Z,scheduled,2cda9bf0fbe35a2735f0dd8aaafe9eff,2026-10-11T17:00:00Z,New Orleans Saints,Minnesota Vikings,fanduel,h2h,New Orleans Saints,,2.12
2026-10-08T21:09:01Z,scheduled,2cda9bf0fbe35a2735f0dd8aaafe9eff,2026-10-11T17:00:00Z,New Orleans Saints,Minnesota Vikings,fanduel,spreads,Minnesota Vikings,-1.5,1.83
2026-10-08T21:09:01Z,scheduled,2cda9bf0fbe35a2735f0dd8aaafe9eff,2026-10-11T17:00:00Z,New Orleans Saints,Minnesota Vikings,fanduel,spreads,New Orleans Saints,1.5,1.98
2026-10-08T21:09:01Z,scheduled,2cda9bf0fbe35a2735f0dd8aaafe9eff,2026-10-11T17:00:00Z,New Orleans Saints,Minnesota Vikings,fanduel,totals,Over,42.5,1.95
2026-10-08T21:09:01Z,scheduled,2cda9bf0fbe35a2735f0dd8aaafe9eff,2026-10-11T17:00:00Z,New Orleans Saints,Minnesota Vikings,fanduel,totals,Under,42.5,1.87
2026-10-08T21:09:01Z,scheduled,2cda9bf0fbe35a2735f0dd8aaafe9eff,2026-10-11T17:00:00Z,New Orleans Saints,Minnesota Vikings,betrivers,h2h,Minnesota Vikings,,1.76
2026-10-08T21:09:01Z,scheduled,2cda9bf0fbe35a2735f0dd8aaafe9eff,2026-10-11T17:00:00Z,New Orleans Saints,Minnesota Vikings,betrivers,h2h,New Orleans Saints,,2.08
2026-10-08T21:09:01Z,scheduled,2cda9bf0fbe35a2735f0dd8aaafe9eff,2026-10-11T17:00:00Z,New Orleans Saints,Minnesota Vikings,betrivers,spreads,Minnesota Vikings,-2.0,1.89
2026-10-08T21:09:01Z,scheduled,2cda9bf0fbe35a2735f0dd8aaafe9eff,2026-10-11T17:00:00Z,New Orleans Saints,Minnesota Vikings,betrivers,spreads,New Orleans Saints,2.0,1.92
2026-10-08T21:09:01Z,scheduled,2cda9bf0fbe35a2735f0dd8aaafe9eff,2026-10-11T17:00:00Z,New Orleans Saints,Minnesota Vikings,betrivers,totals,Over,42.0,1.91
2026-10-08T21:09:01Z,scheduled,2cda9bf0fbe35a2735f0dd8aaafe9eff,2026-10-11T17:00:00Z,New Orleans Saints,Minnesota Vikings,betrivers,totals,Under,42.0,1.91
2026-10-08T21:09:01Z,scheduled,2cda9bf0fbe35a2735f0dd8aaafe9eff,2026-10-11T17:00:00Z,New Orleans Saints,Minnesota Vikings,betsson,h2h,Minnesota Vikings,,1.7
2026-10-08T21:09:01Z,scheduled,2cda9bf0fbe35a2735f0dd8aaafe9eff,2026-10-11T17:00:00Z,New Orleans Saints,Minnesota Vikings,betsson,h2h,New Orleans Saints,,2.15
2026-10-08T21:09:01Z,scheduled,2cda9bf0fbe35a2735f0dd8aaafe9eff,2026-10-11T17:00:00Z,New Orleans Saints,Minnesota Vikings,betsson,spreads,Minnesota Vikings,-2.5,1.9
2026-10-08T21:09:01Z,scheduled,2cda9bf0fbe35a2735f0dd8aaafe9eff,2026-10-11T17:00:00Z,New Orleans Saints,Minnesota Vikings,betsson,spreads,New Orleans Saints,2.5,1.9
2026-10-08T21:09:01Z,scheduled,2cda9bf0fbe35a2735f0dd8aaafe9eff,2026-10-11T17:00:00Z,New Orleans Saints,Minnesota Vikings,betsson,totals,Over,41.5,1.86
2026-10-08T21:09:01Z,scheduled,2cda9bf0fbe35a2735f0dd8aaafe9eff,2026-10-11T17:00:00Z,New Orleans Saints,Minnesota Vikings,betsson,totals,Under,41.5,1.94
2026-10-08T21:09:01Z,scheduled,2cda9bf0fbe35a2735f0dd8aaafe9eff,2026-10-11T17:00:00Z,New Orleans Saints,Minnesota Vikings,matchbook,h2h,Minnesota Vikings,,1.78
2026-10-08T21:09:01Z,scheduled,2cda9bf0fbe35a2735f0dd8aaafe9eff,2026-10-11T17:00:00Z,New Orleans Saints,Minnesota Vikings,matchbook,h2h,New Orleans Saints,,2.26
2026-10-08T21:09:01Z,scheduled,2cda9bf0fbe35a2735f0dd8aaafe9eff,2026-10-11T17:00:00Z,New Orleans Saints,Minnesota Vikings,matchbook,h2h_lay,Minnesota Vikings,,1.79
2026-10-08T21:09:01Z,scheduled,2cda9bf0fbe35a2735f0dd8aaafe9eff,2026-10-11T17:00:00Z,New Orleans Saints,Minnesota Vikings,matchbook,h2h_lay,New Orleans Saints,,2.28
2026-10-08T21:09:01Z,scheduled,2cda9bf0fbe35a2735f0dd8aaafe9eff,2026-10-11T17:00:00Z,New Orleans Saints,Minnesota Vikings,matchbook,spreads,Minnesota Vikings,-2.5,1.93
2026-10-08T21:09:01Z,scheduled,2cda9bf0fbe35a2735f0dd8aaafe9eff,2026-10-11T17:00:00Z,New Orleans Saints,Minnesota Vikings,matchbook,spreads,New Orleans Saints,2.5,1.97
2026-10-08T21:09:01Z,scheduled,2cda9bf0fbe35a2735f0dd8aaafe9eff,2026-10-11T17:00:00Z,New Orleans Saints,Minnesota Vikings,matchbook,totals,Over,42.0,1.97
2026-10-08T21:09:01Z,scheduled,2cda9bf0fbe35a2735f0dd8aaafe9eff,2026-10-11T17:00:00Z,New Orleans Saints,Minnesota Vikings,matchbook,totals,Under,42.0,1.93
2026-10-08T21:09:01Z,scheduled,2cda9bf0fbe35a2735f0dd8aaafe9eff,2026-10-11T17:00:00Z,New Orleans Saints,Minnesota Vikings,betmgm,h2h,Minnesota Vikings,,1.71
2026-10-08T21:09:01Z,scheduled,2cda9bf0fbe35a2735f0dd8aaafe9eff,2026-10-11T17:00:00Z,New Orleans Saints,Minnesota Vikings,betmgm,h2h,New Orleans Saints,,2.15
2026-10-08T21:09:01Z,scheduled,2cda9bf0fbe35a2735f0dd8aaafe9eff,2026-10-11T17:00:00Z,New Orleans Saints,Minnesota Vikings,betmgm,spreads,Minnesota Vikings,-2.5,1.91
2026-10-08T21:09:01Z,scheduled,2cda9bf0fbe35a2735f0dd8aaafe9eff,2026-10-11T17:00:00Z,New Orleans Saints,Minnesota Vikings,betmgm,spreads,New Orleans Saints,2.5,1.93
2026-10-08T21:09:01Z,scheduled,2cda9bf0fbe35a2735f0dd8aaafe9eff,2026-10-11T17:00:00Z,New Orleans Saints,Minnesota Vikings,betmgm,totals,Over,41.5,1.91
2026-10-08T21:09:01Z,scheduled,2cda9bf0fbe35a2735f0dd8aaafe9eff,2026-10-11T17:00:00Z,New Orleans Saints,Minnesota Vikings,betmgm,totals,Under,41.5,1.93
2026-10-08T21:09:01Z,scheduled,2cda9bf0fbe35a2735f0dd8aaafe9eff,2026-10-11T17:00:00Z,New Orleans Saints,Minnesota Vikings,coolbet,h2h,Minnesota Vikings,,1.72
2026-10-08T21:09:01Z,scheduled,2cda9bf0fbe35a2735f0dd8aaafe9eff,2026-10-11T17:00:00Z,New Orleans Saints,Minnesota Vikings,coolbet,h2h,New Orleans Saints,,2.18
2026-10-08T21:09:01Z,scheduled,2cda9bf0fbe35a2735f0dd8aaafe9eff,2026-10-11T17:00:00Z,New Orleans Saints,Minnesota Vikings,coolbet,spreads,Minnesota Vikings,-2.5,1.91
2026-10-08T21:09:01Z,scheduled,2cda9bf0fbe35a2735f0dd8aaafe9eff,2026-10-11T17:00:00Z,New Orleans Saints,Minnesota Vikings,coolbet,spreads,New Orleans Saints,2.5,1.93
2026-10-08T21:09:01Z,scheduled,2cda9bf0fbe35a2735f0dd8aaafe9eff,2026-10-11T17:00:00Z,New Orleans Saints,Minnesota Vikings,coolbet,totals,Over,42.0,1.92
2026-10-08T21:09:01Z,scheduled,2cda9bf0fbe35a2735f0dd8aaafe9eff,2026-10-11T17:00:00Z,New Orleans Saints,Minnesota Vikings,coolbet,totals,Under,42.0,1.92
2026-10-08T21:09:01Z,scheduled,2cda9bf0fbe35a2735f0dd8aaafe9eff,2026-10-11T17:00:00Z,New Orleans Saints,Minnesota Vikings,betfair_ex_eu,h2h,Minnesota Vikings,,1.78
2026-10-08T21:09:01Z,scheduled,2cda9bf0fbe35a2735f0dd8aaafe9eff,2026-10-11T17:00:00Z,New Orleans Saints,Minnesota Vikings,betfair_ex_eu,h2h,New Orleans Saints,,2.26
2026-10-08T21:09:01Z,scheduled,2cda9bf0fbe35a2735f0dd8aaafe9eff,2026-10-11T17:00:00Z,New Orleans Saints,Minnesota Vikings,betfair_ex_eu,h2h_lay,Minnesota Vikings,,1.79
2026-10-08T21:09:01Z,scheduled,2cda9bf0fbe35a2735f0dd8aaafe9eff,2026-10-11T17:00:00Z,New Orleans Saints,Minnesota Vikings,betfair_ex_eu,h2h_lay,New Orleans Saints,,2.28
2026-10-08T21:09:01Z,scheduled,2cda9bf0fbe35a2735f0dd8aaafe9eff,2026-10-11T17:00:00Z,New Orleans Saints,Minnesota Vikings,pinnacle,h2h,Minnesota Vikings,,1.72
2026-10-08T21:09:01Z,scheduled,2cda9bf0fbe35a2735f0dd8aaafe9eff,2026-10-11T17:00:00Z,New Orleans Saints,Minnesota Vikings,pinnacle,h2h,New Orleans Saints,,2.23
2026-10-08T21:09:01Z,scheduled,2cda9bf0fbe35a2735f0dd8aaafe9eff,2026-10-11T17:00:00Z,New Orleans Saints,Minnesota Vikings,pinnacle,spreads,Minnesota Vikings,-2.0,1.88
2026-10-08T21:09:01Z,scheduled,2cda9bf0fbe35a2735f0dd8aaafe9eff,2026-10-11T17:00:00Z,New Orleans Saints,Minnesota Vikings,pinnacle,spreads,New Orleans Saints,2.0,2.01
2026-10-08T21:09:01Z,scheduled,2cda9bf0fbe35a2735f0dd8aaafe9eff,2026-10-11T17:00:00Z,New Orleans Saints,Minnesota Vikings,pinnacle,totals,Over,42.0,1.97
2026-10-08T21:09:01Z,scheduled,2cda9bf0fbe35a2735f0dd8aaafe9eff,2026-10-11T17:00:00Z,New Orleans Saints,Minnesota Vikings,pinnacle,totals,Under,42.0,1.89
2026-10-08T21:09:01Z,scheduled,fbffd0b7722fd81d68d5d62472dc80e8,2026-10-11T17:00:00Z,Washington Commanders,New York Giants,draftkings,h2h,New York Giants,,2.6
2026-10-08T21:09:01Z,scheduled,fbffd0b7722fd81d68d5d62472dc80e8,2026-10-11T17:00:00Z,Washington Commanders,New York Giants,draftkings,h2h,Washington Commanders,,1.52
2026-10-08T21:09:01Z,scheduled,fbffd0b7722fd81d68d5d62472dc80e8,2026-10-11T17:00:00Z,Washington Commanders,New York Giants,draftkings,spreads,New York Giants,3.5,1.98
2026-10-08T21:09:01Z,scheduled,fbffd0b7722fd81d68d5d62472dc80e8,2026-10-11T17:00:00Z,Washington Commanders,New York Giants,draftkings,spreads,Washington Commanders,-3.5,1.85
2026-10-08T21:09:01Z,scheduled,fbffd0b7722fd81d68d5d62472dc80e8,2026-10-11T17:00:00Z,Washington Commanders,New York Giants,draftkings,totals,Over,41.5,1.87
2026-10-08T21:09:01Z,scheduled,fbffd0b7722fd81d68d5d62472dc80e8,2026-10-11T17:00:00Z,Washington Commanders,New York Giants,draftkings,totals,Under,41.5,1.95
2026-10-08T21:09:01Z,scheduled,fbffd0b7722fd81d68d5d62472dc80e8,2026-10-11T17:00:00Z,Washington Commanders,New York Giants,betsson,h2h,New York Giants,,2.65
2026-10-08T21:09:01Z,scheduled,fbffd0b7722fd81d68d5d62472dc80e8,2026-10-11T17:00:00Z,Washington Commanders,New York Giants,betsson,h2h,Washington Commanders,,1.48
2026-10-08T21:09:01Z,scheduled,fbffd0b7722fd81d68d5d62472dc80e8,2026-10-11T17:00:00Z,Washington Commanders,New York Giants,betsson,spreads,New York Giants,3.5,1.94
2026-10-08T21:09:01Z,scheduled,fbffd0b7722fd81d68d5d62472dc80e8,2026-10-11T17:00:00Z,Washington Commanders,New York Giants,betsson,spreads,Washington Commanders,-3.5,1.86
2026-10-08T21:09:01Z,scheduled,fbffd0b7722fd81d68d5d62472dc80e8,2026-10-11T17:00:00Z,Washington Commanders,New York Giants,betsson,totals,Over,41.5,1.88
2026-10-08T21:09:01Z,scheduled,fbffd0b7722fd81d68d5d62472dc80e8,2026-10-11T17:00:00Z,Washington Commanders,New York Giants,betsson,totals,Under,41.5,1.92
2026-10-08T21:09:01Z,scheduled,fbffd0b7722fd81d68d5d62472dc80e8,2026-10-11T17:00:00Z,Washington Commanders,New York Giants,fanduel,h2h,New York Giants,,2.66
2026-10-08T21:09:01Z,scheduled,fbffd0b7722fd81d68d5d62472dc80e8,2026-10-11T17:00:00Z,Washington Commanders,New York Giants,fanduel,h2h,Washington Commanders,,1.51
2026-10-08T21:09:01Z,scheduled,fbffd0b7722fd81d68d5d62472dc80e8,2026-10-11T17:00:00Z,Washington Commanders,New York Giants,fanduel,spreads,New York Giants,3.5,1.98
2026-10-08T21:09:01Z,scheduled,fbffd0b7722fd81d68d5d62472dc80e8,2026-10-11T17:00:00Z,Washington Commanders,New York Giants,fanduel,spreads,Washington Commanders,-3.5,1.83
2026-10-08T21:09:01Z,scheduled,fbffd0b7722fd81d68d5d62472dc80e8,2026-10-11T17:00:00Z,Washington Commanders,New York Giants,fanduel,totals,Over,42.5,1.95
2026-10-08T21:09:01Z,scheduled,fbffd0b7722fd81d68d5d62472dc80e8,2026-10-11T17:00:00Z,Washington Commanders,New York Giants,fanduel,totals,Under,42.5,1.87
2026-10-08T21:09:01Z,scheduled,fbffd0b7722fd81d68d5d62472dc80e8,2026-10-11T17:00:00Z,Washington Commanders,New York Giants,betrivers,h2h,New York Giants,,2.65
2026-10-08T21:09:01Z,scheduled,fbffd0b7722fd81d68d5d62472dc80e8,2026-10-11T17:00:00Z,Washington Commanders,New York Giants,betrivers,h2h,Washington Commanders,,1.49
2026-10-08T21:09:01Z,scheduled,fbffd0b7722fd81d68d5d62472dc80e8,2026-10-11T17:00:00Z,Washington Commanders,New York Giants,betrivers,spreads,New York Giants,4.0,1.92
2026-10-08T21:09:01Z,scheduled,fbffd0b7722fd81d68d5d62472dc80e8,2026-10-11T17:00:00Z,Washington Commanders,New York Giants,betrivers,spreads,Washington Commanders,-4.0,1.88
2026-10-08T21:09:01Z,scheduled,fbffd0b7722fd81d68d5d62472dc80e8,2026-10-11T17:00:00Z,Washington Commanders,New York Giants,betrivers,totals,Over,42.0,1.91
2026-10-08T21:09:01Z,scheduled,fbffd0b7722fd81d68d5d62472dc80e8,2026-10-11T17:00:00Z,Washington Commanders,New York Giants,betrivers,totals,Under,42.0,1.91
2026-10-08T21:09:01Z,scheduled,fbffd0b7722fd81d68d5d62472dc80e8,2026-10-11T17:00:00Z,Washington Commanders,New York Giants,matchbook,h2h,New York Giants,,2.78
2026-10-08T21:09:01Z,scheduled,fbffd0b7722fd81d68d5d62472dc80e8,2026-10-11T17:00:00Z,Washington Commanders,New York Giants,matchbook,h2h,Washington Commanders,,1.55
2026-10-08T21:09:01Z,scheduled,fbffd0b7722fd81d68d5d62472dc80e8,2026-10-11T17:00:00Z,Washington Commanders,New York Giants,matchbook,h2h_lay,New York Giants,,2.82
2026-10-08T21:09:01Z,scheduled,fbffd0b7722fd81d68d5d62472dc80e8,2026-10-11T17:00:00Z,Washington Commanders,New York Giants,matchbook,h2h_lay,Washington Commanders,,1.57
2026-10-08T21:09:01Z,scheduled,fbffd0b7722fd81d68d5d62472dc80e8,2026-10-11T17:00:00Z,Washington Commanders,New York Giants,matchbook,spreads,New York Giants,4.0,1.98
2026-10-08T21:09:01Z,scheduled,fbffd0b7722fd81d68d5d62472dc80e8,2026-10-11T17:00:00Z,Washington Commanders,New York Giants,matchbook,spreads,Washington Commanders,-4.0,2.0
2026-10-08T21:09:01Z,scheduled,fbffd0b7722fd81d68d5d62472dc80e8,2026-10-11T17:00:00Z,Washington Commanders,New York Giants,matchbook,totals,Over,42.0,1.93
2026-10-08T21:09:01Z,scheduled,fbffd0b7722fd81d68d5d62472dc80e8,2026-10-11T17:00:00Z,Washington Commanders,New York Giants,matchbook,totals,Under,42.0,1.96
2026-10-08T21:09:01Z,scheduled,fbffd0b7722fd81d68d5d62472dc80e8,2026-10-11T17:00:00Z,Washington Commanders,New York Giants,betmgm,h2h,New York Giants,,2.65
2026-10-08T21:09:01Z,scheduled,fbffd0b7722fd81d68d5d62472dc80e8,2026-10-11T17:00:00Z,Washington Commanders,New York Giants,betmgm,h2h,Washington Commanders,,1.5
2026-10-08T21:09:01Z,scheduled,fbffd0b7722fd81d68d5d62472dc80e8,2026-10-11T17:00:00Z,Washington Commanders,New York Giants,betmgm,spreads,New York Giants,4.0,1.93
2026-10-08T21:09:01Z,scheduled,fbffd0b7722fd81d68d5d62472dc80e8,2026-10-11T17:00:00Z,Washington Commanders,New York Giants,betmgm,spreads,Washington Commanders,-4.0,1.91
2026-10-08T21:09:01Z,scheduled,fbffd0b7722fd81d68d5d62472dc80e8,2026-10-11T17:00:00Z,Washington Commanders,New York Giants,betmgm,totals,Over,41.5,1.91
2026-10-08T21:09:01Z,scheduled,fbffd0b7722fd81d68d5d62472dc80e8,2026-10-11T17:00:00Z,Washington Commanders,New York Giants,betmgm,totals,Under,41.5,1.93
2026-10-08T21:09:01Z,scheduled,fbffd0b7722fd81d68d5d62472dc80e8,2026-10-11T17:00:00Z,Washington Commanders,New York Giants,pinnacle,h2h,New York Giants,,2.75
2026-10-08T21:09:01Z,scheduled,fbffd0b7722fd81d68d5d62472dc80e8,2026-10-11T17:00:00Z,Washington Commanders,New York Giants,pinnacle,h2h,Washington Commanders,,1.5
2026-10-08T21:09:01Z,scheduled,fbffd0b7722fd81d68d5d62472dc80e8,2026-10-11T17:00:00Z,Washington Commanders,New York Giants,pinnacle,spreads,New York Giants,4.0,1.94
2026-10-08T21:09:01Z,scheduled,fbffd0b7722fd81d68d5d62472dc80e8,2026-10-11T17:00:00Z,Washington Commanders,New York Giants,pinnacle,spreads,Washington Commanders,-4.0,1.94
2026-10-08T21:09:01Z,scheduled,fbffd0b7722fd81d68d5d62472dc80e8,2026-10-11T17:00:00Z,Washington Commanders,New York Giants,pinnacle,totals,Over,42.0,1.91
2026-10-08T21:09:01Z,scheduled,fbffd0b7722fd81d68d5d62472dc80e8,2026-10-11T17:00:00Z,Washington Commanders,New York Giants,pinnacle,totals,Under,42.0,1.96
2026-10-08T21:09:01Z,scheduled,fbffd0b7722fd81d68d5d62472dc80e8,2026-10-11T17:00:00Z,Washington Commanders,New York Giants,coolbet,h2h,New York Giants,,2.7
2026-10-08T21:09:01Z,scheduled,fbffd0b7722fd81d68d5d62472dc80e8,2026-10-11T17:00:00Z,Washington Commanders,New York Giants,coolbet,h2h,Washington Commanders,,1.5
2026-10-08T21:09:01Z,scheduled,fbffd0b7722fd81d68d5d62472dc80e8,2026-10-11T17:00:00Z,Washington Commanders,New York Giants,coolbet,spreads,New York Giants,4.0,1.89
2026-10-08T21:09:01Z,scheduled,fbffd0b7722fd81d68d5d62472dc80e8,2026-10-11T17:00:00Z,Washington Commanders,New York Giants,coolbet,spreads,Washington Commanders,-4.0,1.96
2026-10-08T21:09:01Z,scheduled,fbffd0b7722fd81d68d5d62472dc80e8,2026-10-11T17:00:00Z,Washington Commanders,New York Giants,coolbet,totals,Over,42.0,1.92
2026-10-08T21:09:01Z,scheduled,fbffd0b7722fd81d68d5d62472dc80e8,2026-10-11T17:00:00Z,Washington Commanders,New York Giants,coolbet,totals,Under,42.0,1.92
2026-10-08T21:09:01Z,scheduled,fbffd0b7722fd81d68d5d62472dc80e8,2026-10-11T17:00:00Z,Washington Commanders,New York Giants,betfair_ex_eu,h2h,New York Giants,,2.78
2026-10-08T21:09:01Z,scheduled,fbffd0b7722fd81d68d5d62472dc80e8,2026-10-11T17:00:00Z,Washington Commanders,New York Giants,betfair_ex_eu,h2h,Washington Commanders,,1.55
2026-10-08T21:09:01Z,scheduled,fbffd0b7722fd81d68d5d62472dc80e8,2026-10-11T17:00:00Z,Washington Commanders,New York Giants,betfair_ex_eu,h2h_lay,New York Giants,,2.82
2026-10-08T21:09:01Z,scheduled,fbffd0b7722fd81d68d5d62472dc80e8,2026-10-11T17:00:00Z,Washington Commanders,New York Giants,betfair_ex_eu,h2h_lay,Washington Commanders,,1.57
2026-10-08T21:09:01Z,scheduled,d1d408fdfd272046fb517fe992a1c5a0,2026-10-11T20:05:00Z,Los Angeles Chargers,Denver Broncos,draftkings,h2h,Denver Broncos,,1.54
2026-10-08T21:09:01Z,scheduled,d1d408fdfd272046fb517fe992a1c5a0,2026-10-11T20:05:00Z,Los Angeles Chargers,Denver Broncos,draftkings,h2h,Los Angeles Chargers,,2.54
2026-10-08T21:09:01Z,scheduled,d1d408fdfd272046fb517fe992a1c5a0,2026-10-11T20:05:00Z,Los Angeles Chargers,Denver Broncos,draftkings,spreads,Denver Broncos,-3.5,1.93
2026-10-08T21:09:01Z,scheduled,d1d408fdfd272046fb517fe992a1c5a0,2026-10-11T20:05:00Z,Los Angeles Chargers,Denver Broncos,draftkings,spreads,Los Angeles Chargers,3.5,1.89
2026-10-08T21:09:01Z,scheduled,d1d408fdfd272046fb517fe992a1c5a0,2026-10-11T20:05:00Z,Los Angeles Chargers,Denver Broncos,draftkings,totals,Over,41.5,1.87
2026-10-08T21:09:01Z,scheduled,d1d408fdfd272046fb517fe992a1c5a0,2026-10-11T20:05:00Z,Los Angeles Chargers,Denver Broncos,draftkings,totals,Under,41.5,1.95
2026-10-08T21:09:01Z,scheduled,d1d408fdfd272046fb517fe992a1c5a0,2026-10-11T20:05:00Z,Los Angeles Chargers,Denver Broncos,fanduel,h2h,Denver Broncos,,1.56
2026-10-08T21:09:01Z,scheduled,d1d408fdfd272046fb517fe992a1c5a0,2026-10-11T20:05:00Z,Los Angeles Chargers,Denver Broncos,fanduel,h2h,Los Angeles Chargers,,2.52
2026-10-08T21:09:01Z,scheduled,d1d408fdfd272046fb517fe992a1c5a0,2026-10-11T20:05:00Z,Los Angeles Chargers,Denver Broncos,fanduel,spreads,Denver Broncos,-3.5,1.96
2026-10-08T21:09:01Z,scheduled,d1d408fdfd272046fb517fe992a1c5a0,2026-10-11T20:05:00Z,Los Angeles Chargers,Denver Broncos,fanduel,spreads,Los Angeles Chargers,3.5,1.85
2026-10-08T21:09:01Z,scheduled,d1d408fdfd272046fb517fe992a1c5a0,2026-10-11T20:05:00Z,Los Angeles Chargers,Denver Broncos,fanduel,totals,Over,42.5,1.94
2026-10-08T21:09:01Z,scheduled,d1d408fdfd272046fb517fe992a1c5a0,2026-10-11T20:05:00Z,Los Angeles Chargers,Denver Broncos,fanduel,totals,Under,42.5,1.88
2026-10-08T21:09:01Z,scheduled,d1d408fdfd272046fb517fe992a1c5a0,2026-10-11T20:05:00Z,Los Angeles Chargers,Denver Broncos,betrivers,h2h,Denver Broncos,,1.53
2026-10-08T21:09:01Z,scheduled,d1d408fdfd272046fb517fe992a1c5a0,2026-10-11T20:05:00Z,Los Angeles Chargers,Denver Broncos,betrivers,h2h,Los Angeles Chargers,,2.55
2026-10-08T21:09:01Z,scheduled,d1d408fdfd272046fb517fe992a1c5a0,2026-10-11T20:05:00Z,Los Angeles Chargers,Denver Broncos,betrivers,spreads,Denver Broncos,-3.5,1.96
2026-10-08T21:09:01Z,scheduled,d1d408fdfd272046fb517fe992a1c5a0,2026-10-11T20:05:00Z,Los Angeles Chargers,Denver Broncos,betrivers,spreads,Los Angeles Chargers,3.5,1.85
2026-10-08T21:09:01Z,scheduled,d1d408fdfd272046fb517fe992a1c5a0,2026-10-11T20:05:00Z,Los Angeles Chargers,Denver Broncos,betrivers,totals,Over,42.0,1.88
2026-10-08T21:09:01Z,scheduled,d1d408fdfd272046fb517fe992a1c5a0,2026-10-11T20:05:00Z,Los Angeles Chargers,Denver Broncos,betrivers,totals,Under,42.0,1.93
2026-10-08T21:09:01Z,scheduled,d1d408fdfd272046fb517fe992a1c5a0,2026-10-11T20:05:00Z,Los Angeles Chargers,Denver Broncos,betsson,h2h,Denver Broncos,,1.53
2026-10-08T21:09:01Z,scheduled,d1d408fdfd272046fb517fe992a1c5a0,2026-10-11T20:05:00Z,Los Angeles Chargers,Denver Broncos,betsson,h2h,Los Angeles Chargers,,2.5
2026-10-08T21:09:01Z,scheduled,d1d408fdfd272046fb517fe992a1c5a0,2026-10-11T20:05:00Z,Los Angeles Chargers,Denver Broncos,betsson,spreads,Denver Broncos,-3.5,1.98
2026-10-08T21:09:01Z,scheduled,d1d408fdfd272046fb517fe992a1c5a0,2026-10-11T20:05:00Z,Los Angeles Chargers,Denver Broncos,betsson,spreads,Los Angeles Chargers,3.5,1.83
2026-10-08T21:09:01Z,scheduled,d1d408fdfd272046fb517fe992a1c5a0,2026-10-11T20:05:00Z,Los Angeles Chargers,Denver Broncos,betsson,totals,Over,41.5,1.88
2026-10-08T21:09:01Z,scheduled,d1d408fdfd272046fb517fe992a1c5a0,2026-10-11T20:05:00Z,Los Angeles Chargers,Denver Broncos,betsson,totals,Under,41.5,1.92
2026-10-08T21:09:01Z,scheduled,d1d408fdfd272046fb517fe992a1c5a0,2026-10-11T20:05:00Z,Los Angeles Chargers,Denver Broncos,matchbook,h2h,Denver Broncos,,1.6
2026-10-08T21:09:01Z,scheduled,d1d408fdfd272046fb517fe992a1c5a0,2026-10-11T20:05:00Z,Los Angeles Chargers,Denver Broncos,matchbook,h2h,Los Angeles Chargers,,2.62
2026-10-08T21:09:01Z,scheduled,d1d408fdfd272046fb517fe992a1c5a0,2026-10-11T20:05:00Z,Los Angeles Chargers,Denver Broncos,matchbook,h2h_lay,Denver Broncos,,1.61
2026-10-08T21:09:01Z,scheduled,d1d408fdfd272046fb517fe992a1c5a0,2026-10-11T20:05:00Z,Los Angeles Chargers,Denver Broncos,matchbook,h2h_lay,Los Angeles Chargers,,2.66
2026-10-08T21:09:01Z,scheduled,d1d408fdfd272046fb517fe992a1c5a0,2026-10-11T20:05:00Z,Los Angeles Chargers,Denver Broncos,matchbook,spreads,Denver Broncos,-3.5,2.04
2026-10-08T21:09:01Z,scheduled,d1d408fdfd272046fb517fe992a1c5a0,2026-10-11T20:05:00Z,Los Angeles Chargers,Denver Broncos,matchbook,spreads,Los Angeles Chargers,3.5,1.87
2026-10-08T21:09:01Z,scheduled,d1d408fdfd272046fb517fe992a1c5a0,2026-10-11T20:05:00Z,Los Angeles Chargers,Denver Broncos,matchbook,totals,Over,41.5,1.91
2026-10-08T21:09:01Z,scheduled,d1d408fdfd272046fb517fe992a1c5a0,2026-10-11T20:05:00Z,Los Angeles Chargers,Denver Broncos,matchbook,totals,Under,41.5,2.0
2026-10-08T21:09:01Z,scheduled,d1d408fdfd272046fb517fe992a1c5a0,2026-10-11T20:05:00Z,Los Angeles Chargers,Denver Broncos,betmgm,h2h,Denver Broncos,,1.57
2026-10-08T21:09:01Z,scheduled,d1d408fdfd272046fb517fe992a1c5a0,2026-10-11T20:05:00Z,Los Angeles Chargers,Denver Broncos,betmgm,h2h,Los Angeles Chargers,,2.45
2026-10-08T21:09:01Z,scheduled,d1d408fdfd272046fb517fe992a1c5a0,2026-10-11T20:05:00Z,Los Angeles Chargers,Denver Broncos,betmgm,spreads,Denver Broncos,-3.5,1.95
2026-10-08T21:09:01Z,scheduled,d1d408fdfd272046fb517fe992a1c5a0,2026-10-11T20:05:00Z,Los Angeles Chargers,Denver Broncos,betmgm,spreads,Los Angeles Chargers,3.5,1.89
2026-10-08T21:09:01Z,scheduled,d1d408fdfd272046fb517fe992a1c5a0,2026-10-11T20:05:00Z,Los Angeles Chargers,Denver Broncos,betmgm,totals,Over,42.0,1.89
2026-10-08T21:09:01Z,scheduled,d1d408fdfd272046fb517fe992a1c5a0,2026-10-11T20:05:00Z,Los Angeles Chargers,Denver Broncos,betmgm,totals,Under,42.0,1.85
2026-10-08T21:09:01Z,scheduled,d1d408fdfd272046fb517fe992a1c5a0,2026-10-11T20:05:00Z,Los Angeles Chargers,Denver Broncos,coolbet,h2h,Denver Broncos,,1.55
2026-10-08T21:09:01Z,scheduled,d1d408fdfd272046fb517fe992a1c5a0,2026-10-11T20:05:00Z,Los Angeles Chargers,Denver Broncos,coolbet,h2h,Los Angeles Chargers,,2.53
2026-10-08T21:09:01Z,scheduled,d1d408fdfd272046fb517fe992a1c5a0,2026-10-11T20:05:00Z,Los Angeles Chargers,Denver Broncos,coolbet,spreads,Denver Broncos,-3.5,2.0
2026-10-08T21:09:01Z,scheduled,d1d408fdfd272046fb517fe992a1c5a0,2026-10-11T20:05:00Z,Los Angeles Chargers,Denver Broncos,coolbet,spreads,Los Angeles Chargers,3.5,1.85
2026-10-08T21:09:01Z,scheduled,d1d408fdfd272046fb517fe992a1c5a0,2026-10-11T20:05:00Z,Los Angeles Chargers,Denver Broncos,coolbet,totals,Over,42.0,1.93
2026-10-08T21:09:01Z,scheduled,d1d408fdfd272046fb517fe992a1c5a0,2026-10-11T20:05:00Z,Los Angeles Chargers,Denver Broncos,coolbet,totals,Under,42.0,1.91
2026-10-08T21:09:01Z,scheduled,d1d408fdfd272046fb517fe992a1c5a0,2026-10-11T20:05:00Z,Los Angeles Chargers,Denver Broncos,betfair_ex_eu,h2h,Denver Broncos,,1.6
2026-10-08T21:09:01Z,scheduled,d1d408fdfd272046fb517fe992a1c5a0,2026-10-11T20:05:00Z,Los Angeles Chargers,Denver Broncos,betfair_ex_eu,h2h,Los Angeles Chargers,,2.62
2026-10-08T21:09:01Z,scheduled,d1d408fdfd272046fb517fe992a1c5a0,2026-10-11T20:05:00Z,Los Angeles Chargers,Denver Broncos,betfair_ex_eu,h2h_lay,Denver Broncos,,1.61
2026-10-08T21:09:01Z,scheduled,d1d408fdfd272046fb517fe992a1c5a0,2026-10-11T20:05:00Z,Los Angeles Chargers,Denver Broncos,betfair_ex_eu,h2h_lay,Los Angeles Chargers,,2.66
2026-10-08T21:09:01Z,scheduled,d1d408fdfd272046fb517fe992a1c5a0,2026-10-11T20:05:00Z,Los Angeles Chargers,Denver Broncos,pinnacle,h2h,Denver Broncos,,1.56
2026-10-08T21:09:01Z,scheduled,d1d408fdfd272046fb517fe992a1c5a0,2026-10-11T20:05:00Z,Los Angeles Chargers,Denver Broncos,pinnacle,h2h,Los Angeles Chargers,,2.56
2026-10-08T21:09:01Z,scheduled,d1d408fdfd272046fb517fe992a1c5a0,2026-10-11T20:05:00Z,Los Angeles Chargers,Denver Broncos,pinnacle,spreads,Denver Broncos,-3.5,2.02
2026-10-08T21:09:01Z,scheduled,d1d408fdfd272046fb517fe992a1c5a0,2026-10-11T20:05:00Z,Los Angeles Chargers,Denver Broncos,pinnacle,spreads,Los Angeles Chargers,3.5,1.88
2026-10-08T21:09:01Z,scheduled,d1d408fdfd272046fb517fe992a1c5a0,2026-10-11T20:05:00Z,Los Angeles Chargers,Denver Broncos,pinnacle,totals,Over,41.5,1.9
2026-10-08T21:09:01Z,scheduled,d1d408fdfd272046fb517fe992a1c5a0,2026-10-11T20:05:00Z,Los Angeles Chargers,Denver Broncos,pinnacle,totals,Under,41.5,1.97
2026-10-08T21:09:01Z,scheduled,f8e7f43f73aa983c5c99c189587f0118,2026-10-11T20:25:00Z,Arizona Cardinals,Detroit Lions,draftkings,h2h,Arizona Cardinals,,3.1
2026-10-08T21:09:01Z,scheduled,f8e7f43f73aa983c5c99c189587f0118,2026-10-11T20:25:00Z,Arizona Cardinals,Detroit Lions,draftkings,h2h,Detroit Lions,,1.39
2026-10-08T21:09:01Z,scheduled,f8e7f43f73aa983c5c99c189587f0118,2026-10-11T20:25:00Z,Arizona Cardinals,Detroit Lions,draftkings,spreads,Arizona Cardinals,5.5,1.91
2026-10-08T21:09:01Z,scheduled,f8e7f43f73aa983c5c99c189587f0118,2026-10-11T20:25:00Z,Arizona Cardinals,Detroit Lions,draftkings,spreads,Detroit Lions,-5.5,1.91
2026-10-08T21:09:01Z,scheduled,f8e7f43f73aa983c5c99c189587f0118,2026-10-11T20:25:00Z,Arizona Cardinals,Detroit Lions,draftkings,totals,Over,54.5,1.87
2026-10-08T21:09:01Z,scheduled,f8e7f43f73aa983c5c99c189587f0118,2026-10-11T20:25:00Z,Arizona Cardinals,Detroit Lions,draftkings,totals,Under,54.5,1.95
2026-10-08T21:09:01Z,scheduled,f8e7f43f73aa983c5c99c189587f0118,2026-10-11T20:25:00Z,Arizona Cardinals,Detroit Lions,fanduel,h2h,Arizona Cardinals,,2.94
2026-10-08T21:09:01Z,scheduled,f8e7f43f73aa983c5c99c189587f0118,2026-10-11T20:25:00Z,Arizona Cardinals,Detroit Lions,fanduel,h2h,Detroit Lions,,1.43
2026-10-08T21:09:01Z,scheduled,f8e7f43f73aa983c5c99c189587f0118,2026-10-11T20:25:00Z,Arizona Cardinals,Detroit Lions,fanduel,spreads,Arizona Cardinals,5.5,1.85
2026-10-08T21:09:01Z,scheduled,f8e7f43f73aa983c5c99c189587f0118,2026-10-11T20:25:00Z,Arizona Cardinals,Detroit Lions,fanduel,spreads,Detroit Lions,-5.5,1.96
2026-10-08T21:09:01Z,scheduled,f8e7f43f73aa983c5c99c189587f0118,2026-10-11T20:25:00Z,Arizona Cardinals,Detroit Lions,fanduel,totals,Over,54.5,1.93
2026-10-08T21:09:01Z,scheduled,f8e7f43f73aa983c5c99c189587f0118,2026-10-11T20:25:00Z,Arizona Cardinals,Detroit Lions,fanduel,totals,Under,54.5,1.89
2026-10-08T21:09:01Z,scheduled,f8e7f43f73aa983c5c99c189587f0118,2026-10-11T20:25:00Z,Arizona Cardinals,Detroit Lions,betrivers,h2h,Arizona Cardinals,,2.9
2026-10-08T21:09:01Z,scheduled,f8e7f43f73aa983c5c99c189587f0118,2026-10-11T20:25:00Z,Arizona Cardinals,Detroit Lions,betrivers,h2h,Detroit Lions,,1.43
2026-10-08T21:09:01Z,scheduled,f8e7f43f73aa983c5c99c189587f0118,2026-10-11T20:25:00Z,Arizona Cardinals,Detroit Lions,betrivers,spreads,Arizona Cardinals,5.5,1.91
2026-10-08T21:09:01Z,scheduled,f8e7f43f73aa983c5c99c189587f0118,2026-10-11T20:25:00Z,Arizona Cardinals,Detroit Lions,betrivers,spreads,Detroit Lions,-5.5,1.91
2026-10-08T21:09:01Z,scheduled,f8e7f43f73aa983c5c99c189587f0118,2026-10-11T20:25:00Z,Arizona Cardinals,Detroit Lions,betrivers,totals,Over,54.0,1.89
2026-10-08T21:09:01Z,scheduled,f8e7f43f73aa983c5c99c189587f0118,2026-10-11T20:25:00Z,Arizona Cardinals,Detroit Lions,betrivers,totals,Under,54.0,1.92
2026-10-08T21:09:01Z,scheduled,f8e7f43f73aa983c5c99c189587f0118,2026-10-11T20:25:00Z,Arizona Cardinals,Detroit Lions,betsson,h2h,Arizona Cardinals,,3.05
2026-10-08T21:09:01Z,scheduled,f8e7f43f73aa983c5c99c189587f0118,2026-10-11T20:25:00Z,Arizona Cardinals,Detroit Lions,betsson,h2h,Detroit Lions,,1.38
2026-10-08T21:09:01Z,scheduled,f8e7f43f73aa983c5c99c189587f0118,2026-10-11T20:25:00Z,Arizona Cardinals,Detroit Lions,betsson,spreads,Arizona Cardinals,5.5,1.88
2026-10-08T21:09:01Z,scheduled,f8e7f43f73aa983c5c99c189587f0118,2026-10-11T20:25:00Z,Arizona Cardinals,Detroit Lions,betsson,spreads,Detroit Lions,-5.5,1.92
2026-10-08T21:09:01Z,scheduled,f8e7f43f73aa983c5c99c189587f0118,2026-10-11T20:25:00Z,Arizona Cardinals,Detroit Lions,betsson,totals,Over,54.5,1.9
2026-10-08T21:09:01Z,scheduled,f8e7f43f73aa983c5c99c189587f0118,2026-10-11T20:25:00Z,Arizona Cardinals,Detroit Lions,betsson,totals,Under,54.5,1.9
2026-10-08T21:09:01Z,scheduled,f8e7f43f73aa983c5c99c189587f0118,2026-10-11T20:25:00Z,Arizona Cardinals,Detroit Lions,matchbook,h2h,Arizona Cardinals,,3.25
2026-10-08T21:09:01Z,scheduled,f8e7f43f73aa983c5c99c189587f0118,2026-10-11T20:25:00Z,Arizona Cardinals,Detroit Lions,matchbook,h2h,Detroit Lions,,1.43
2026-10-08T21:09:01Z,scheduled,f8e7f43f73aa983c5c99c189587f0118,2026-10-11T20:25:00Z,Arizona Cardinals,Detroit Lions,matchbook,h2h_lay,Arizona Cardinals,,3.3
2026-10-08T21:09:01Z,scheduled,f8e7f43f73aa983c5c99c189587f0118,2026-10-11T20:25:00Z,Arizona Cardinals,Detroit Lions,matchbook,h2h_lay,Detroit Lions,,1.44
2026-10-08T21:09:01Z,scheduled,f8e7f43f73aa983c5c99c189587f0118,2026-10-11T20:25:00Z,Arizona Cardinals,Detroit Lions,matchbook,spreads,Arizona Cardinals,6.0,1.92
2026-10-08T21:09:01Z,scheduled,f8e7f43f73aa983c5c99c189587f0118,2026-10-11T20:25:00Z,Arizona Cardinals,Detroit Lions,matchbook,spreads,Detroit Lions,-6.0,2.0
2026-10-08T21:09:01Z,scheduled,f8e7f43f73aa983c5c99c189587f0118,2026-10-11T20:25:00Z,Arizona Cardinals,Detroit Lions,matchbook,totals,Over,54.5,1.96
2026-10-08T21:09:01Z,scheduled,f8e7f43f73aa983c5c99c189587f0118,2026-10-11T20:25:00Z,Arizona Cardinals,Detroit Lions,matchbook,totals,Under,54.5,1.93
2026-10-08T21:09:01Z,scheduled,f8e7f43f73aa983c5c99c189587f0118,2026-10-11T20:25:00Z,Arizona Cardinals,Detroit Lions,betmgm,h2h,Arizona Cardinals,,3.0
2026-10-08T21:09:01Z,scheduled,f8e7f43f73aa983c5c99c189587f0118,2026-10-11T20:25:00Z,Arizona Cardinals,Detroit Lions,betmgm,h2h,Detroit Lions,,1.43
2026-10-08T21:09:01Z,scheduled,f8e7f43f73aa983c5c99c189587f0118,2026-10-11T20:25:00Z,Arizona Cardinals,Detroit Lions,betmgm,spreads,Arizona Cardinals,5.5,1.91
2026-10-08T21:09:01Z,scheduled,f8e7f43f73aa983c5c99c189587f0118,2026-10-11T20:25:00Z,Arizona Cardinals,Detroit Lions,betmgm,spreads,Detroit Lions,-5.5,1.93
2026-10-08T21:09:01Z,scheduled,f8e7f43f73aa983c5c99c189587f0118,2026-10-11T20:25:00Z,Arizona Cardinals,Detroit Lions,betmgm,totals,Over,54.5,1.93
2026-10-08T21:09:01Z,scheduled,f8e7f43f73aa983c5c99c189587f0118,2026-10-11T20:25:00Z,Arizona Cardinals,Detroit Lions,betmgm,totals,Under,54.5,1.91
2026-10-08T21:09:01Z,scheduled,f8e7f43f73aa983c5c99c189587f0118,2026-10-11T20:25:00Z,Arizona Cardinals,Detroit Lions,coolbet,h2h,Arizona Cardinals,,3.05
2026-10-08T21:09:01Z,scheduled,f8e7f43f73aa983c5c99c189587f0118,2026-10-11T20:25:00Z,Arizona Cardinals,Detroit Lions,coolbet,h2h,Detroit Lions,,1.4
2026-10-08T21:09:01Z,scheduled,f8e7f43f73aa983c5c99c189587f0118,2026-10-11T20:25:00Z,Arizona Cardinals,Detroit Lions,coolbet,spreads,Arizona Cardinals,5.0,1.93
2026-10-08T21:09:01Z,scheduled,f8e7f43f73aa983c5c99c189587f0118,2026-10-11T20:25:00Z,Arizona Cardinals,Detroit Lions,coolbet,spreads,Detroit Lions,-5.0,1.91
2026-10-08T21:09:01Z,scheduled,f8e7f43f73aa983c5c99c189587f0118,2026-10-11T20:25:00Z,Arizona Cardinals,Detroit Lions,coolbet,totals,Over,54.5,1.92
2026-10-08T21:09:01Z,scheduled,f8e7f43f73aa983c5c99c189587f0118,2026-10-11T20:25:00Z,Arizona Cardinals,Detroit Lions,coolbet,totals,Under,54.5,1.92
2026-10-08T21:09:01Z,scheduled,f8e7f43f73aa983c5c99c189587f0118,2026-10-11T20:25:00Z,Arizona Cardinals,Detroit Lions,betfair_ex_eu,h2h,Arizona Cardinals,,3.25
2026-10-08T21:09:01Z,scheduled,f8e7f43f73aa983c5c99c189587f0118,2026-10-11T20:25:00Z,Arizona Cardinals,Detroit Lions,betfair_ex_eu,h2h,Detroit Lions,,1.43
2026-10-08T21:09:01Z,scheduled,f8e7f43f73aa983c5c99c189587f0118,2026-10-11T20:25:00Z,Arizona Cardinals,Detroit Lions,betfair_ex_eu,h2h_lay,Arizona Cardinals,,3.3
2026-10-08T21:09:01Z,scheduled,f8e7f43f73aa983c5c99c189587f0118,2026-10-11T20:25:00Z,Arizona Cardinals,Detroit Lions,betfair_ex_eu,h2h_lay,Detroit Lions,,1.44
2026-10-08T21:09:01Z,scheduled,f8e7f43f73aa983c5c99c189587f0118,2026-10-11T20:25:00Z,Arizona Cardinals,Detroit Lions,pinnacle,h2h,Arizona Cardinals,,3.17
2026-10-08T21:09:01Z,scheduled,f8e7f43f73aa983c5c99c189587f0118,2026-10-11T20:25:00Z,Arizona Cardinals,Detroit Lions,pinnacle,h2h,Detroit Lions,,1.39
2026-10-08T21:09:01Z,scheduled,f8e7f43f73aa983c5c99c189587f0118,2026-10-11T20:25:00Z,Arizona Cardinals,Detroit Lions,pinnacle,spreads,Arizona Cardinals,5.5,1.96
2026-10-08T21:09:01Z,scheduled,f8e7f43f73aa983c5c99c189587f0118,2026-10-11T20:25:00Z,Arizona Cardinals,Detroit Lions,pinnacle,spreads,Detroit Lions,-5.5,1.92
2026-10-08T21:09:01Z,scheduled,f8e7f43f73aa983c5c99c189587f0118,2026-10-11T20:25:00Z,Arizona Cardinals,Detroit Lions,pinnacle,totals,Over,54.5,1.96
2026-10-08T21:09:01Z,scheduled,f8e7f43f73aa983c5c99c189587f0118,2026-10-11T20:25:00Z,Arizona Cardinals,Detroit Lions,pinnacle,totals,Under,54.5,1.91
2026-10-08T21:09:01Z,scheduled,8e5d515b10d8a5ffb324640ed60bcc55,2026-10-11T20:25:00Z,Seattle Seahawks,San Francisco 49ers,draftkings,h2h,San Francisco 49ers,,2.36
2026-10-08T21:09:01Z,scheduled,8e5d515b10d8a5ffb324640ed60bcc55,2026-10-11T20:25:00Z,Seattle Seahawks,San Francisco 49ers,draftkings,h2h,Seattle Seahawks,,1.62
2026-10-08T21:09:01Z,scheduled,8e5d515b10d8a5ffb324640ed60bcc55,2026-10-11T20:25:00Z,Seattle Seahawks,San Francisco 49ers,draftkings,spreads,San Francisco 49ers,3.0,1.91
2026-10-08T21:09:01Z,scheduled,8e5d515b10d8a5ffb324640ed60bcc55,2026-10-11T20:25:00Z,Seattle Seahawks,San Francisco 49ers,draftkings,spreads,Seattle Seahawks,-3.0,1.91
2026-10-08T21:09:01Z,scheduled,8e5d515b10d8a5ffb324640ed60bcc55,2026-10-11T20:25:00Z,Seattle Seahawks,San Francisco 49ers,draftkings,totals,Over,45.5,1.87
2026-10-08T21:09:01Z,scheduled,8e5d515b10d8a5ffb324640ed60bcc55,2026-10-11T20:25:00Z,Seattle Seahawks,San Francisco 49ers,draftkings,totals,Under,45.5,1.95
2026-10-08T21:09:01Z,scheduled,8e5d515b10d8a5ffb324640ed60bcc55,2026-10-11T20:25:00Z,Seattle Seahawks,San Francisco 49ers,fanduel,h2h,San Francisco 49ers,,2.46
2026-10-08T21:09:01Z,scheduled,8e5d515b10d8a5ffb324640ed60bcc55,2026-10-11T20:25:00Z,Seattle Seahawks,San Francisco 49ers,fanduel,h2h,Seattle Seahawks,,1.57
2026-10-08T21:09:01Z,scheduled,8e5d515b10d8a5ffb324640ed60bcc55,2026-10-11T20:25:00Z,Seattle Seahawks,San Francisco 49ers,fanduel,spreads,San Francisco 49ers,3.0,1.96
2026-10-08T21:09:01Z,scheduled,8e5d515b10d8a5ffb324640ed60bcc55,2026-10-11T20:25:00Z,Seattle Seahawks,San Francisco 49ers,fanduel,spreads,Seattle Seahawks,-3.0,1.85
2026-10-08T21:09:01Z,scheduled,8e5d515b10d8a5ffb324640ed60bcc55,2026-10-11T20:25:00Z,Seattle Seahawks,San Francisco 49ers,fanduel,totals,Over,46.5,1.95
2026-10-08T21:09:01Z,scheduled,8e5d515b10d8a5ffb324640ed60bcc55,2026-10-11T20:25:00Z,Seattle Seahawks,San Francisco 49ers,fanduel,totals,Under,46.5,1.87
2026-10-08T21:09:01Z,scheduled,8e5d515b10d8a5ffb324640ed60bcc55,2026-10-11T20:25:00Z,Seattle Seahawks,San Francisco 49ers,betrivers,h2h,San Francisco 49ers,,2.35
2026-10-08T21:09:01Z,scheduled,8e5d515b10d8a5ffb324640ed60bcc55,2026-10-11T20:25:00Z,Seattle Seahawks,San Francisco 49ers,betrivers,h2h,Seattle Seahawks,,1.61
2026-10-08T21:09:01Z,scheduled,8e5d515b10d8a5ffb324640ed60bcc55,2026-10-11T20:25:00Z,Seattle Seahawks,San Francisco 49ers,betrivers,spreads,San Francisco 49ers,3.0,1.92
2026-10-08T21:09:01Z,scheduled,8e5d515b10d8a5ffb324640ed60bcc55,2026-10-11T20:25:00Z,Seattle Seahawks,San Francisco 49ers,betrivers,spreads,Seattle Seahawks,-3.0,1.89
2026-10-08T21:09:01Z,scheduled,8e5d515b10d8a5ffb324640ed60bcc55,2026-10-11T20:25:00Z,Seattle Seahawks,San Francisco 49ers,betrivers,totals,Over,46.0,1.92
2026-10-08T21:09:01Z,scheduled,8e5d515b10d8a5ffb324640ed60bcc55,2026-10-11T20:25:00Z,Seattle Seahawks,San Francisco 49ers,betrivers,totals,Under,46.0,1.89
2026-10-08T21:09:01Z,scheduled,8e5d515b10d8a5ffb324640ed60bcc55,2026-10-11T20:25:00Z,Seattle Seahawks,San Francisco 49ers,betsson,h2h,San Francisco 49ers,,2.4
2026-10-08T21:09:01Z,scheduled,8e5d515b10d8a5ffb324640ed60bcc55,2026-10-11T20:25:00Z,Seattle Seahawks,San Francisco 49ers,betsson,h2h,Seattle Seahawks,,1.57
2026-10-08T21:09:01Z,scheduled,8e5d515b10d8a5ffb324640ed60bcc55,2026-10-11T20:25:00Z,Seattle Seahawks,San Francisco 49ers,betsson,spreads,San Francisco 49ers,3.5,1.75
2026-10-08T21:09:01Z,scheduled,8e5d515b10d8a5ffb324640ed60bcc55,2026-10-11T20:25:00Z,Seattle Seahawks,San Francisco 49ers,betsson,spreads,Seattle Seahawks,-3.5,2.08
2026-10-08T21:09:01Z,scheduled,8e5d515b10d8a5ffb324640ed60bcc55,2026-10-11T20:25:00Z,Seattle Seahawks,San Francisco 49ers,betsson,totals,Over,46.5,1.92
2026-10-08T21:09:01Z,scheduled,8e5d515b10d8a5ffb324640ed60bcc55,2026-10-11T20:25:00Z,Seattle Seahawks,San Francisco 49ers,betsson,totals,Under,46.5,1.88
2026-10-08T21:09:01Z,scheduled,8e5d515b10d8a5ffb324640ed60bcc55,2026-10-11T20:25:00Z,Seattle Seahawks,San Francisco 49ers,betmgm,h2h,San Francisco 49ers,,2.38
2026-10-08T21:09:01Z,scheduled,8e5d515b10d8a5ffb324640ed60bcc55,2026-10-11T20:25:00Z,Seattle Seahawks,San Francisco 49ers,betmgm,h2h,Seattle Seahawks,,1.61
2026-10-08T21:09:01Z,scheduled,8e5d515b10d8a5ffb324640ed60bcc55,2026-10-11T20:25:00Z,Seattle Seahawks,San Francisco 49ers,betmgm,spreads,San Francisco 49ers,3.0,1.98
2026-10-08T21:09:01Z,scheduled,8e5d515b10d8a5ffb324640ed60bcc55,2026-10-11T20:25:00Z,Seattle Seahawks,San Francisco 49ers,betmgm,spreads,Seattle Seahawks,-3.0,1.85
2026-10-08T21:09:01Z,scheduled,8e5d515b10d8a5ffb324640ed60bcc55,2026-10-11T20:25:00Z,Seattle Seahawks,San Francisco 49ers,betmgm,totals,Over,46.5,1.93
2026-10-08T21:09:01Z,scheduled,8e5d515b10d8a5ffb324640ed60bcc55,2026-10-11T20:25:00Z,Seattle Seahawks,San Francisco 49ers,betmgm,totals,Under,46.5,1.91
2026-10-08T21:09:01Z,scheduled,8e5d515b10d8a5ffb324640ed60bcc55,2026-10-11T20:25:00Z,Seattle Seahawks,San Francisco 49ers,pinnacle,h2h,San Francisco 49ers,,2.52
2026-10-08T21:09:01Z,scheduled,8e5d515b10d8a5ffb324640ed60bcc55,2026-10-11T20:25:00Z,Seattle Seahawks,San Francisco 49ers,pinnacle,h2h,Seattle Seahawks,,1.58
2026-10-08T21:09:01Z,scheduled,8e5d515b10d8a5ffb324640ed60bcc55,2026-10-11T20:25:00Z,Seattle Seahawks,San Francisco 49ers,pinnacle,spreads,San Francisco 49ers,3.0,2.01
2026-10-08T21:09:01Z,scheduled,8e5d515b10d8a5ffb324640ed60bcc55,2026-10-11T20:25:00Z,Seattle Seahawks,San Francisco 49ers,pinnacle,spreads,Seattle Seahawks,-3.0,1.88
2026-10-08T21:09:01Z,scheduled,8e5d515b10d8a5ffb324640ed60bcc55,2026-10-11T20:25:00Z,Seattle Seahawks,San Francisco 49ers,pinnacle,totals,Over,46.0,1.9
2026-10-08T21:09:01Z,scheduled,8e5d515b10d8a5ffb324640ed60bcc55,2026-10-11T20:25:00Z,Seattle Seahawks,San Francisco 49ers,pinnacle,totals,Under,46.0,1.96
2026-10-08T21:09:01Z,scheduled,8e5d515b10d8a5ffb324640ed60bcc55,2026-10-11T20:25:00Z,Seattle Seahawks,San Francisco 49ers,matchbook,h2h,San Francisco 49ers,,2.58
2026-10-08T21:09:01Z,scheduled,8e5d515b10d8a5ffb324640ed60bcc55,2026-10-11T20:25:00Z,Seattle Seahawks,San Francisco 49ers,matchbook,h2h,Seattle Seahawks,,1.62
2026-10-08T21:09:01Z,scheduled,8e5d515b10d8a5ffb324640ed60bcc55,2026-10-11T20:25:00Z,Seattle Seahawks,San Francisco 49ers,matchbook,h2h_lay,San Francisco 49ers,,2.62
2026-10-08T21:09:01Z,scheduled,8e5d515b10d8a5ffb324640ed60bcc55,2026-10-11T20:25:00Z,Seattle Seahawks,San Francisco 49ers,matchbook,h2h_lay,Seattle Seahawks,,1.64
2026-10-08T21:09:01Z,scheduled,8e5d515b10d8a5ffb324640ed60bcc55,2026-10-11T20:25:00Z,Seattle Seahawks,San Francisco 49ers,matchbook,spreads,San Francisco 49ers,3.0,2.02
2026-10-08T21:09:01Z,scheduled,8e5d515b10d8a5ffb324640ed60bcc55,2026-10-11T20:25:00Z,Seattle Seahawks,San Francisco 49ers,matchbook,spreads,Seattle Seahawks,-3.0,1.88
2026-10-08T21:09:01Z,scheduled,8e5d515b10d8a5ffb324640ed60bcc55,2026-10-11T20:25:00Z,Seattle Seahawks,San Francisco 49ers,matchbook,totals,Over,46.5,1.99
2026-10-08T21:09:01Z,scheduled,8e5d515b10d8a5ffb324640ed60bcc55,2026-10-11T20:25:00Z,Seattle Seahawks,San Francisco 49ers,matchbook,totals,Under,46.5,1.92
2026-10-08T21:09:01Z,scheduled,8e5d515b10d8a5ffb324640ed60bcc55,2026-10-11T20:25:00Z,Seattle Seahawks,San Francisco 49ers,coolbet,h2h,San Francisco 49ers,,2.45
2026-10-08T21:09:01Z,scheduled,8e5d515b10d8a5ffb324640ed60bcc55,2026-10-11T20:25:00Z,Seattle Seahawks,San Francisco 49ers,coolbet,h2h,Seattle Seahawks,,1.58
2026-10-08T21:09:01Z,scheduled,8e5d515b10d8a5ffb324640ed60bcc55,2026-10-11T20:25:00Z,Seattle Seahawks,San Francisco 49ers,coolbet,spreads,San Francisco 49ers,3.0,1.93
2026-10-08T21:09:01Z,scheduled,8e5d515b10d8a5ffb324640ed60bcc55,2026-10-11T20:25:00Z,Seattle Seahawks,San Francisco 49ers,coolbet,spreads,Seattle Seahawks,-3.0,1.91
2026-10-08T21:09:01Z,scheduled,8e5d515b10d8a5ffb324640ed60bcc55,2026-10-11T20:25:00Z,Seattle Seahawks,San Francisco 49ers,coolbet,totals,Over,46.5,1.93
2026-10-08T21:09:01Z,scheduled,8e5d515b10d8a5ffb324640ed60bcc55,2026-10-11T20:25:00Z,Seattle Seahawks,San Francisco 49ers,coolbet,totals,Under,46.5,1.91
2026-10-08T21:09:01Z,scheduled,8e5d515b10d8a5ffb324640ed60bcc55,2026-10-11T20:25:00Z,Seattle Seahawks,San Francisco 49ers,betfair_ex_eu,h2h,San Francisco 49ers,,2.56
2026-10-08T21:09:01Z,scheduled,8e5d515b10d8a5ffb324640ed60bcc55,2026-10-11T20:25:00Z,Seattle Seahawks,San Francisco 49ers,betfair_ex_eu,h2h,Seattle Seahawks,,1.62
2026-10-08T21:09:01Z,scheduled,8e5d515b10d8a5ffb324640ed60bcc55,2026-10-11T20:25:00Z,Seattle Seahawks,San Francisco 49ers,betfair_ex_eu,h2h_lay,San Francisco 49ers,,2.62
2026-10-08T21:09:01Z,scheduled,8e5d515b10d8a5ffb324640ed60bcc55,2026-10-11T20:25:00Z,Seattle Seahawks,San Francisco 49ers,betfair_ex_eu,h2h_lay,Seattle Seahawks,,1.64
2026-10-08T21:09:01Z,scheduled,86457f91112732f21ad4bb7d37bd291c,2026-10-12T00:20:00Z,Atlanta Falcons,Baltimore Ravens,draftkings,h2h,Atlanta Falcons,,1.59
2026-10-08T21:09:01Z,scheduled,86457f91112732f21ad4bb7d37bd291c,2026-10-12T00:20:00Z,Atlanta Falcons,Baltimore Ravens,draftkings,h2h,Baltimore Ravens,,2.42
2026-10-08T21:09:01Z,scheduled,86457f91112732f21ad4bb7d37bd291c,2026-10-12T00:20:00Z,Atlanta Falcons,Baltimore Ravens,draftkings,spreads,Atlanta Falcons,-3.0,1.85
2026-10-08T21:09:01Z,scheduled,86457f91112732f21ad4bb7d37bd291c,2026-10-12T00:20:00Z,Atlanta Falcons,Baltimore Ravens,draftkings,spreads,Baltimore Ravens,3.0,1.98
2026-10-08T21:09:01Z,scheduled,86457f91112732f21ad4bb7d37bd291c,2026-10-12T00:20:00Z,Atlanta Falcons,Baltimore Ravens,draftkings,totals,Over,43.5,1.87
2026-10-08T21:09:01Z,scheduled,86457f91112732f21ad4bb7d37bd291c,2026-10-12T00:20:00Z,Atlanta Falcons,Baltimore Ravens,draftkings,totals,Under,43.5,1.95
2026-10-08T21:09:01Z,scheduled,86457f91112732f21ad4bb7d37bd291c,2026-10-12T00:20:00Z,Atlanta Falcons,Baltimore Ravens,fanduel,h2h,Atlanta Falcons,,1.58
2026-10-08T21:09:01Z,scheduled,86457f91112732f21ad4bb7d37bd291c,2026-10-12T00:20:00Z,Atlanta Falcons,Baltimore Ravens,fanduel,h2h,Baltimore Ravens,,2.44
2026-10-08T21:09:01Z,scheduled,86457f91112732f21ad4bb7d37bd291c,2026-10-12T00:20:00Z,Atlanta Falcons,Baltimore Ravens,fanduel,spreads,Atlanta Falcons,-3.5,2.0
2026-10-08T21:09:01Z,scheduled,86457f91112732f21ad4bb7d37bd291c,2026-10-12T00:20:00Z,Atlanta Falcons,Baltimore Ravens,fanduel,spreads,Baltimore Ravens,3.5,1.82
2026-10-08T21:09:01Z,scheduled,86457f91112732f21ad4bb7d37bd291c,2026-10-12T00:20:00Z,Atlanta Falcons,Baltimore Ravens,fanduel,totals,Over,43.5,1.88
2026-10-08T21:09:01Z,scheduled,86457f91112732f21ad4bb7d37bd291c,2026-10-12T00:20:00Z,Atlanta Falcons,Baltimore Ravens,fanduel,totals,Under,43.5,1.94
2026-10-08T21:09:01Z,scheduled,86457f91112732f21ad4bb7d37bd291c,2026-10-12T00:20:00Z,Atlanta Falcons,Baltimore Ravens,betrivers,h2h,Atlanta Falcons,,1.55
2026-10-08T21:09:01Z,scheduled,86457f91112732f21ad4bb7d37bd291c,2026-10-12T00:20:00Z,Atlanta Falcons,Baltimore Ravens,betrivers,h2h,Baltimore Ravens,,2.5
2026-10-08T21:09:01Z,scheduled,86457f91112732f21ad4bb7d37bd291c,2026-10-12T00:20:00Z,Atlanta Falcons,Baltimore Ravens,betrivers,spreads,Atlanta Falcons,-3.5,1.96
2026-10-08T21:09:01Z,scheduled,86457f91112732f21ad4bb7d37bd291c,2026-10-12T00:20:00Z,Atlanta Falcons,Baltimore Ravens,betrivers,spreads,Baltimore Ravens,3.5,1.85
2026-10-08T21:09:01Z,scheduled,86457f91112732f21ad4bb7d37bd291c,2026-10-12T00:20:00Z,Atlanta Falcons,Baltimore Ravens,betrivers,totals,Over,43.5,1.92
2026-10-08T21:09:01Z,scheduled,86457f91112732f21ad4bb7d37bd291c,2026-10-12T00:20:00Z,Atlanta Falcons,Baltimore Ravens,betrivers,totals,Under,43.5,1.89
2026-10-08T21:09:01Z,scheduled,86457f91112732f21ad4bb7d37bd291c,2026-10-12T00:20:00Z,Atlanta Falcons,Baltimore Ravens,betsson,h2h,Atlanta Falcons,,1.56
2026-10-08T21:09:01Z,scheduled,86457f91112732f21ad4bb7d37bd291c,2026-10-12T00:20:00Z,Atlanta Falcons,Baltimore Ravens,betsson,h2h,Baltimore Ravens,,2.43
2026-10-08T21:09:01Z,scheduled,86457f91112732f21ad4bb7d37bd291c,2026-10-12T00:20:00Z,Atlanta Falcons,Baltimore Ravens,betsson,spreads,Atlanta Falcons,-3.5,2.03
2026-10-08T21:09:01Z,scheduled,86457f91112732f21ad4bb7d37bd291c,2026-10-12T00:20:00Z,Atlanta Falcons,Baltimore Ravens,betsson,spreads,Baltimore Ravens,3.5,1.78
2026-10-08T21:09:01Z,scheduled,86457f91112732f21ad4bb7d37bd291c,2026-10-12T00:20:00Z,Atlanta Falcons,Baltimore Ravens,betsson,totals,Over,43.5,1.86
2026-10-08T21:09:01Z,scheduled,86457f91112732f21ad4bb7d37bd291c,2026-10-12T00:20:00Z,Atlanta Falcons,Baltimore Ravens,betsson,totals,Under,43.5,1.94
2026-10-08T21:09:01Z,scheduled,86457f91112732f21ad4bb7d37bd291c,2026-10-12T00:20:00Z,Atlanta Falcons,Baltimore Ravens,betmgm,h2h,Atlanta Falcons,,1.57
2026-10-08T21:09:01Z,scheduled,86457f91112732f21ad4bb7d37bd291c,2026-10-12T00:20:00Z,Atlanta Falcons,Baltimore Ravens,betmgm,h2h,Baltimore Ravens,,2.45
2026-10-08T21:09:01Z,scheduled,86457f91112732f21ad4bb7d37bd291c,2026-10-12T00:20:00Z,Atlanta Falcons,Baltimore Ravens,betmgm,spreads,Atlanta Falcons,-3.0,1.87
2026-10-08T21:09:01Z,scheduled,86457f91112732f21ad4bb7d37bd291c,2026-10-12T00:20:00Z,Atlanta Falcons,Baltimore Ravens,betmgm,spreads,Baltimore Ravens,3.0,1.98
2026-10-08T21:09:01Z,scheduled,86457f91112732f21ad4bb7d37bd291c,2026-10-12T00:20:00Z,Atlanta Falcons,Baltimore Ravens,betmgm,totals,Over,44.0,1.91
2026-10-08T21:09:01Z,scheduled,86457f91112732f21ad4bb7d37bd291c,2026-10-12T00:20:00Z,Atlanta Falcons,Baltimore Ravens,betmgm,totals,Under,44.0,1.83
2026-10-08T21:09:01Z,scheduled,86457f91112732f21ad4bb7d37bd291c,2026-10-12T00:20:00Z,Atlanta Falcons,Baltimore Ravens,matchbook,h2h,Atlanta Falcons,,1.62
2026-10-08T21:09:01Z,scheduled,86457f91112732f21ad4bb7d37bd291c,2026-10-12T00:20:00Z,Atlanta Falcons,Baltimore Ravens,matchbook,h2h,Baltimore Ravens,,2.58
2026-10-08T21:09:01Z,scheduled,86457f91112732f21ad4bb7d37bd291c,2026-10-12T00:20:00Z,Atlanta Falcons,Baltimore Ravens,matchbook,h2h_lay,Atlanta Falcons,,1.63
2026-10-08T21:09:01Z,scheduled,86457f91112732f21ad4bb7d37bd291c,2026-10-12T00:20:00Z,Atlanta Falcons,Baltimore Ravens,matchbook,h2h_lay,Baltimore Ravens,,2.6
2026-10-08T21:09:01Z,scheduled,86457f91112732f21ad4bb7d37bd291c,2026-10-12T00:20:00Z,Atlanta Falcons,Baltimore Ravens,matchbook,spreads,Atlanta Falcons,-3.5,2.02
2026-10-08T21:09:01Z,scheduled,86457f91112732f21ad4bb7d37bd291c,2026-10-12T00:20:00Z,Atlanta Falcons,Baltimore Ravens,matchbook,spreads,Baltimore Ravens,3.5,1.88
2026-10-08T21:09:01Z,scheduled,86457f91112732f21ad4bb7d37bd291c,2026-10-12T00:20:00Z,Atlanta Falcons,Baltimore Ravens,matchbook,totals,Over,44.0,1.99
2026-10-08T21:09:01Z,scheduled,86457f91112732f21ad4bb7d37bd291c,2026-10-12T00:20:00Z,Atlanta Falcons,Baltimore Ravens,matchbook,totals,Under,44.0,1.9
2026-10-08T21:09:01Z,scheduled,86457f91112732f21ad4bb7d37bd291c,2026-10-12T00:20:00Z,Atlanta Falcons,Baltimore Ravens,coolbet,h2h,Atlanta Falcons,,1.57
2026-10-08T21:09:01Z,scheduled,86457f91112732f21ad4bb7d37bd291c,2026-10-12T00:20:00Z,Atlanta Falcons,Baltimore Ravens,coolbet,h2h,Baltimore Ravens,,2.48
2026-10-08T21:09:01Z,scheduled,86457f91112732f21ad4bb7d37bd291c,2026-10-12T00:20:00Z,Atlanta Falcons,Baltimore Ravens,coolbet,spreads,Atlanta Falcons,-3.0,1.88
2026-10-08T21:09:01Z,scheduled,86457f91112732f21ad4bb7d37bd291c,2026-10-12T00:20:00Z,Atlanta Falcons,Baltimore Ravens,coolbet,spreads,Baltimore Ravens,3.0,1.97
2026-10-08T21:09:01Z,scheduled,86457f91112732f21ad4bb7d37bd291c,2026-10-12T00:20:00Z,Atlanta Falcons,Baltimore Ravens,coolbet,totals,Over,44.0,1.95
2026-10-08T21:09:01Z,scheduled,86457f91112732f21ad4bb7d37bd291c,2026-10-12T00:20:00Z,Atlanta Falcons,Baltimore Ravens,coolbet,totals,Under,44.0,1.9
2026-10-08T21:09:01Z,scheduled,86457f91112732f21ad4bb7d37bd291c,2026-10-12T00:20:00Z,Atlanta Falcons,Baltimore Ravens,betfair_ex_eu,h2h,Atlanta Falcons,,1.62
2026-10-08T21:09:01Z,scheduled,86457f91112732f21ad4bb7d37bd291c,2026-10-12T00:20:00Z,Atlanta Falcons,Baltimore Ravens,betfair_ex_eu,h2h,Baltimore Ravens,,2.58
2026-10-08T21:09:01Z,scheduled,86457f91112732f21ad4bb7d37bd291c,2026-10-12T00:20:00Z,Atlanta Falcons,Baltimore Ravens,betfair_ex_eu,h2h_lay,Atlanta Falcons,,1.63
2026-10-08T21:09:01Z,scheduled,86457f91112732f21ad4bb7d37bd291c,2026-10-12T00:20:00Z,Atlanta Falcons,Baltimore Ravens,betfair_ex_eu,h2h_lay,Baltimore Ravens,,2.62
2026-10-08T21:09:01Z,scheduled,86457f91112732f21ad4bb7d37bd291c,2026-10-12T00:20:00Z,Atlanta Falcons,Baltimore Ravens,pinnacle,h2h,Atlanta Falcons,,1.58
2026-10-08T21:09:01Z,scheduled,86457f91112732f21ad4bb7d37bd291c,2026-10-12T00:20:00Z,Atlanta Falcons,Baltimore Ravens,pinnacle,h2h,Baltimore Ravens,,2.51
2026-10-08T21:09:01Z,scheduled,86457f91112732f21ad4bb7d37bd291c,2026-10-12T00:20:00Z,Atlanta Falcons,Baltimore Ravens,pinnacle,spreads,Atlanta Falcons,-3.5,2.05
2026-10-08T21:09:01Z,scheduled,86457f91112732f21ad4bb7d37bd291c,2026-10-12T00:20:00Z,Atlanta Falcons,Baltimore Ravens,pinnacle,spreads,Baltimore Ravens,3.5,1.85
2026-10-08T21:09:01Z,scheduled,86457f91112732f21ad4bb7d37bd291c,2026-10-12T00:20:00Z,Atlanta Falcons,Baltimore Ravens,pinnacle,totals,Over,44.0,1.97
2026-10-08T21:09:01Z,scheduled,86457f91112732f21ad4bb7d37bd291c,2026-10-12T00:20:00Z,Atlanta Falcons,Baltimore Ravens,pinnacle,totals,Under,44.0,1.9
2026-10-08T23:58:04Z,closing,259b5df9aa0d10257f56de78523495e0,2026-10-09T00:18:00Z,Dallas Cowboys,Tampa Bay Buccaneers,draftkings,h2h,Dallas Cowboys,,1.19
2026-10-08T23:58:04Z,closing,259b5df9aa0d10257f56de78523495e0,2026-10-09T00:18:00Z,Dallas Cowboys,Tampa Bay Buccaneers,draftkings,h2h,Tampa Bay Buccaneers,,5.0
2026-10-08T23:58:04Z,closing,259b5df9aa0d10257f56de78523495e0,2026-10-09T00:18:00Z,Dallas Cowboys,Tampa Bay Buccaneers,draftkings,spreads,Dallas Cowboys,-9.5,1.93
2026-10-08T23:58:04Z,closing,259b5df9aa0d10257f56de78523495e0,2026-10-09T00:18:00Z,Dallas Cowboys,Tampa Bay Buccaneers,draftkings,spreads,Tampa Bay Buccaneers,9.5,1.89
2026-10-08T23:58:04Z,closing,259b5df9aa0d10257f56de78523495e0,2026-10-09T00:18:00Z,Dallas Cowboys,Tampa Bay Buccaneers,draftkings,totals,Over,49.5,1.91
2026-10-08T23:58:04Z,closing,259b5df9aa0d10257f56de78523495e0,2026-10-09T00:18:00Z,Dallas Cowboys,Tampa Bay Buccaneers,draftkings,totals,Under,49.5,1.91
2026-10-08T23:58:04Z,closing,259b5df9aa0d10257f56de78523495e0,2026-10-09T00:18:00Z,Dallas Cowboys,Tampa Bay Buccaneers,fanduel,h2h,Dallas Cowboys,,1.19
2026-10-08T23:58:04Z,closing,259b5df9aa0d10257f56de78523495e0,2026-10-09T00:18:00Z,Dallas Cowboys,Tampa Bay Buccaneers,fanduel,h2h,Tampa Bay Buccaneers,,5.0
2026-10-08T23:58:04Z,closing,259b5df9aa0d10257f56de78523495e0,2026-10-09T00:18:00Z,Dallas Cowboys,Tampa Bay Buccaneers,fanduel,spreads,Dallas Cowboys,-9.5,1.91
2026-10-08T23:58:04Z,closing,259b5df9aa0d10257f56de78523495e0,2026-10-09T00:18:00Z,Dallas Cowboys,Tampa Bay Buccaneers,fanduel,spreads,Tampa Bay Buccaneers,9.5,1.91
2026-10-08T23:58:04Z,closing,259b5df9aa0d10257f56de78523495e0,2026-10-09T00:18:00Z,Dallas Cowboys,Tampa Bay Buccaneers,fanduel,totals,Over,48.5,1.85
2026-10-08T23:58:04Z,closing,259b5df9aa0d10257f56de78523495e0,2026-10-09T00:18:00Z,Dallas Cowboys,Tampa Bay Buccaneers,fanduel,totals,Under,48.5,1.96
2026-10-08T23:58:04Z,closing,259b5df9aa0d10257f56de78523495e0,2026-10-09T00:18:00Z,Dallas Cowboys,Tampa Bay Buccaneers,betsson,h2h,Dallas Cowboys,,1.19
2026-10-08T23:58:04Z,closing,259b5df9aa0d10257f56de78523495e0,2026-10-09T00:18:00Z,Dallas Cowboys,Tampa Bay Buccaneers,betsson,h2h,Tampa Bay Buccaneers,,4.74
2026-10-08T23:58:04Z,closing,259b5df9aa0d10257f56de78523495e0,2026-10-09T00:18:00Z,Dallas Cowboys,Tampa Bay Buccaneers,betsson,spreads,Dallas Cowboys,-9.5,1.92
2026-10-08T23:58:04Z,closing,259b5df9aa0d10257f56de78523495e0,2026-10-09T00:18:00Z,Dallas Cowboys,Tampa Bay Buccaneers,betsson,spreads,Tampa Bay Buccaneers,9.5,1.88
2026-10-08T23:58:04Z,closing,259b5df9aa0d10257f56de78523495e0,2026-10-09T00:18:00Z,Dallas Cowboys,Tampa Bay Buccaneers,betsson,totals,Over,48.5,1.86
2026-10-08T23:58:04Z,closing,259b5df9aa0d10257f56de78523495e0,2026-10-09T00:18:00Z,Dallas Cowboys,Tampa Bay Buccaneers,betsson,totals,Under,48.5,1.94
2026-10-08T23:58:04Z,closing,259b5df9aa0d10257f56de78523495e0,2026-10-09T00:18:00Z,Dallas Cowboys,Tampa Bay Buccaneers,betrivers,h2h,Dallas Cowboys,,1.2
2026-10-08T23:58:04Z,closing,259b5df9aa0d10257f56de78523495e0,2026-10-09T00:18:00Z,Dallas Cowboys,Tampa Bay Buccaneers,betrivers,h2h,Tampa Bay Buccaneers,,4.75
2026-10-08T23:58:04Z,closing,259b5df9aa0d10257f56de78523495e0,2026-10-09T00:18:00Z,Dallas Cowboys,Tampa Bay Buccaneers,betrivers,spreads,Dallas Cowboys,-9.0,1.92
2026-10-08T23:58:04Z,closing,259b5df9aa0d10257f56de78523495e0,2026-10-09T00:18:00Z,Dallas Cowboys,Tampa Bay Buccaneers,betrivers,spreads,Tampa Bay Buccaneers,9.0,1.89
2026-10-08T23:58:04Z,closing,259b5df9aa0d10257f56de78523495e0,2026-10-09T00:18:00Z,Dallas Cowboys,Tampa Bay Buccaneers,betrivers,totals,Over,48.5,1.91
2026-10-08T23:58:04Z,closing,259b5df9aa0d10257f56de78523495e0,2026-10-09T00:18:00Z,Dallas Cowboys,Tampa Bay Buccaneers,betrivers,totals,Under,48.5,1.91
2026-10-08T23:58:04Z,closing,259b5df9aa0d10257f56de78523495e0,2026-10-09T00:18:00Z,Dallas Cowboys,Tampa Bay Buccaneers,matchbook,h2h,Dallas Cowboys,,1.22
2026-10-08T23:58:04Z,closing,259b5df9aa0d10257f56de78523495e0,2026-10-09T00:18:00Z,Dallas Cowboys,Tampa Bay Buccaneers,matchbook,h2h,Tampa Bay Buccaneers,,5.3
2026-10-08T23:58:04Z,closing,259b5df9aa0d10257f56de78523495e0,2026-10-09T00:18:00Z,Dallas Cowboys,Tampa Bay Buccaneers,matchbook,h2h_lay,Dallas Cowboys,,1.23
2026-10-08T23:58:04Z,closing,259b5df9aa0d10257f56de78523495e0,2026-10-09T00:18:00Z,Dallas Cowboys,Tampa Bay Buccaneers,matchbook,h2h_lay,Tampa Bay Buccaneers,,5.5
2026-10-08T23:58:04Z,closing,259b5df9aa0d10257f56de78523495e0,2026-10-09T00:18:00Z,Dallas Cowboys,Tampa Bay Buccaneers,matchbook,spreads,Dallas Cowboys,-9.0,1.92
2026-10-08T23:58:04Z,closing,259b5df9aa0d10257f56de78523495e0,2026-10-09T00:18:00Z,Dallas Cowboys,Tampa Bay Buccaneers,matchbook,spreads,Tampa Bay Buccaneers,9.0,2.06
2026-10-08T23:58:04Z,closing,259b5df9aa0d10257f56de78523495e0,2026-10-09T00:18:00Z,Dallas Cowboys,Tampa Bay Buccaneers,matchbook,totals,Over,49.0,1.96
2026-10-08T23:58:04Z,closing,259b5df9aa0d10257f56de78523495e0,2026-10-09T00:18:00Z,Dallas Cowboys,Tampa Bay Buccaneers,matchbook,totals,Under,49.0,1.97
2026-10-08T23:58:04Z,closing,259b5df9aa0d10257f56de78523495e0,2026-10-09T00:18:00Z,Dallas Cowboys,Tampa Bay Buccaneers,betmgm,h2h,Dallas Cowboys,,1.19
2026-10-08T23:58:04Z,closing,259b5df9aa0d10257f56de78523495e0,2026-10-09T00:18:00Z,Dallas Cowboys,Tampa Bay Buccaneers,betmgm,h2h,Tampa Bay Buccaneers,,5.0
2026-10-08T23:58:04Z,closing,259b5df9aa0d10257f56de78523495e0,2026-10-09T00:18:00Z,Dallas Cowboys,Tampa Bay Buccaneers,betmgm,spreads,Dallas Cowboys,-9.5,1.95
2026-10-08T23:58:04Z,closing,259b5df9aa0d10257f56de78523495e0,2026-10-09T00:18:00Z,Dallas Cowboys,Tampa Bay Buccaneers,betmgm,spreads,Tampa Bay Buccaneers,9.5,1.95
2026-10-08T23:58:04Z,closing,259b5df9aa0d10257f56de78523495e0,2026-10-09T00:18:00Z,Dallas Cowboys,Tampa Bay Buccaneers,betmgm,totals,Over,49.0,1.93
2026-10-08T23:58:04Z,closing,259b5df9aa0d10257f56de78523495e0,2026-10-09T00:18:00Z,Dallas Cowboys,Tampa Bay Buccaneers,betmgm,totals,Under,49.0,1.91
2026-10-08T23:58:04Z,closing,259b5df9aa0d10257f56de78523495e0,2026-10-09T00:18:00Z,Dallas Cowboys,Tampa Bay Buccaneers,pinnacle,h2h,Dallas Cowboys,,1.22
2026-10-08T23:58:04Z,closing,259b5df9aa0d10257f56de78523495e0,2026-10-09T00:18:00Z,Dallas Cowboys,Tampa Bay Buccaneers,pinnacle,h2h,Tampa Bay Buccaneers,,4.8
2026-10-08T23:58:04Z,closing,259b5df9aa0d10257f56de78523495e0,2026-10-09T00:18:00Z,Dallas Cowboys,Tampa Bay Buccaneers,pinnacle,spreads,Dallas Cowboys,-9.5,1.93
2026-10-08T23:58:04Z,closing,259b5df9aa0d10257f56de78523495e0,2026-10-09T00:18:00Z,Dallas Cowboys,Tampa Bay Buccaneers,pinnacle,spreads,Tampa Bay Buccaneers,9.5,1.98
2026-10-08T23:58:04Z,closing,259b5df9aa0d10257f56de78523495e0,2026-10-09T00:18:00Z,Dallas Cowboys,Tampa Bay Buccaneers,pinnacle,totals,Over,49.0,1.95
2026-10-08T23:58:04Z,closing,259b5df9aa0d10257f56de78523495e0,2026-10-09T00:18:00Z,Dallas Cowboys,Tampa Bay Buccaneers,pinnacle,totals,Under,49.0,1.93
2026-10-08T23:58:04Z,closing,259b5df9aa0d10257f56de78523495e0,2026-10-09T00:18:00Z,Dallas Cowboys,Tampa Bay Buccaneers,coolbet,h2h,Dallas Cowboys,,1.22
2026-10-08T23:58:04Z,closing,259b5df9aa0d10257f56de78523495e0,2026-10-09T00:18:00Z,Dallas Cowboys,Tampa Bay Buccaneers,coolbet,h2h,Tampa Bay Buccaneers,,5.0
2026-10-08T23:58:04Z,closing,259b5df9aa0d10257f56de78523495e0,2026-10-09T00:18:00Z,Dallas Cowboys,Tampa Bay Buccaneers,coolbet,spreads,Dallas Cowboys,-9.5,1.93
2026-10-08T23:58:04Z,closing,259b5df9aa0d10257f56de78523495e0,2026-10-09T00:18:00Z,Dallas Cowboys,Tampa Bay Buccaneers,coolbet,spreads,Tampa Bay Buccaneers,9.5,1.91
2026-10-08T23:58:04Z,closing,259b5df9aa0d10257f56de78523495e0,2026-10-09T00:18:00Z,Dallas Cowboys,Tampa Bay Buccaneers,coolbet,totals,Over,49.0,1.92
2026-10-08T23:58:04Z,closing,259b5df9aa0d10257f56de78523495e0,2026-10-09T00:18:00Z,Dallas Cowboys,Tampa Bay Buccaneers,coolbet,totals,Under,49.0,1.92
2026-10-08T23:58:04Z,closing,259b5df9aa0d10257f56de78523495e0,2026-10-09T00:18:00Z,Dallas Cowboys,Tampa Bay Buccaneers,betfair_ex_eu,h2h,Dallas Cowboys,,1.22
2026-10-08T23:58:04Z,closing,259b5df9aa0d10257f56de78523495e0,2026-10-09T00:18:00Z,Dallas Cowboys,Tampa Bay Buccaneers,betfair_ex_eu,h2h,Tampa Bay Buccaneers,,5.3
2026-10-08T23:58:04Z,closing,259b5df9aa0d10257f56de78523495e0,2026-10-09T00:18:00Z,Dallas Cowboys,Tampa Bay Buccaneers,betfair_ex_eu,h2h_lay,Dallas Cowboys,,1.23
2026-10-08T23:58:04Z,closing,259b5df9aa0d10257f56de78523495e0,2026-10-09T00:18:00Z,Dallas Cowboys,Tampa Bay Buccaneers,betfair_ex_eu,h2h_lay,Tampa Bay Buccaneers,,5.5
2026-10-08T23:58:04Z,closing,259b5df9aa0d10257f56de78523495e0,2026-10-09T00:18:00Z,Dallas Cowboys,Tampa Bay Buccaneers,draftkings,alternate_spreads,Dallas Cowboys,11.5,1.01
2026-10-08T23:58:04Z,closing,259b5df9aa0d10257f56de78523495e0,2026-10-09T00:18:00Z,Dallas Cowboys,Tampa Bay Buccaneers,draftkings,alternate_spreads,Dallas Cowboys,10.5,1.01
2026-10-08T23:58:04Z,closing,259b5df9aa0d10257f56de78523495e0,2026-10-09T00:18:00Z,Dallas Cowboys,Tampa Bay Buccaneers,draftkings,alternate_spreads,Dallas Cowboys,9.5,1.02
2026-10-08T23:58:04Z,closing,259b5df9aa0d10257f56de78523495e0,2026-10-09T00:18:00Z,Dallas Cowboys,Tampa Bay Buccaneers,draftkings,alternate_spreads,Dallas Cowboys,8.5,1.02
2026-10-08T23:58:04Z,closing,259b5df9aa0d10257f56de78523495e0,2026-10-09T00:18:00Z,Dallas Cowboys,Tampa Bay Buccaneers,draftkings,alternate_spreads,Dallas Cowboys,7.5,1.03
2026-10-08T23:58:04Z,closing,259b5df9aa0d10257f56de78523495e0,2026-10-09T00:18:00Z,Dallas Cowboys,Tampa Bay Buccaneers,draftkings,alternate_spreads,Dallas Cowboys,6.5,1.05
2026-10-08T23:58:04Z,closing,259b5df9aa0d10257f56de78523495e0,2026-10-09T00:18:00Z,Dallas Cowboys,Tampa Bay Buccaneers,draftkings,alternate_spreads,Dallas Cowboys,5.5,1.06
2026-10-08T23:58:04Z,closing,259b5df9aa0d10257f56de78523495e0,2026-10-09T00:18:00Z,Dallas Cowboys,Tampa Bay Buccaneers,draftkings,alternate_spreads,Dallas Cowboys,4.5,1.07
2026-10-08T23:58:04Z,closing,259b5df9aa0d10257f56de78523495e0,2026-10-09T00:18:00Z,Dallas Cowboys,Tampa Bay Buccaneers,draftkings,alternate_spreads,Dallas Cowboys,3.5,1.09
2026-10-08T23:58:04Z,closing,259b5df9aa0d10257f56de78523495e0,2026-10-09T00:18:00Z,Dallas Cowboys,Tampa Bay Buccaneers,draftkings,alternate_spreads,Dallas Cowboys,2.5,1.14
2026-10-08T23:58:04Z,closing,259b5df9aa0d10257f56de78523495e0,2026-10-09T00:18:00Z,Dallas Cowboys,Tampa Bay Buccaneers,draftkings,alternate_spreads,Dallas Cowboys,1.5,1.16
2026-10-08T23:58:04Z,closing,259b5df9aa0d10257f56de78523495e0,2026-10-09T00:18:00Z,Dallas Cowboys,Tampa Bay Buccaneers,draftkings,alternate_spreads,Dallas Cowboys,-1.5,1.22
2026-10-08T23:58:04Z,closing,259b5df9aa0d10257f56de78523495e0,2026-10-09T00:18:00Z,Dallas Cowboys,Tampa Bay Buccaneers,draftkings,alternate_spreads,Dallas Cowboys,-2.5,1.25
2026-10-08T23:58:04Z,closing,259b5df9aa0d10257f56de78523495e0,2026-10-09T00:18:00Z,Dallas Cowboys,Tampa Bay Buccaneers,draftkings,alternate_spreads,Dallas Cowboys,-3.5,1.38
2026-10-08T23:58:04Z,closing,259b5df9aa0d10257f56de78523495e0,2026-10-09T00:18:00Z,Dallas Cowboys,Tampa Bay Buccaneers,draftkings,alternate_spreads,Dallas Cowboys,-4.5,1.43
2026-10-08T23:58:04Z,closing,259b5df9aa0d10257f56de78523495e0,2026-10-09T00:18:00Z,Dallas Cowboys,Tampa Bay Buccaneers,draftkings,alternate_spreads,Dallas Cowboys,-5.5,1.49
2026-10-08T23:58:04Z,closing,259b5df9aa0d10257f56de78523495e0,2026-10-09T00:18:00Z,Dallas Cowboys,Tampa Bay Buccaneers,draftkings,alternate_spreads,Dallas Cowboys,-6.5,1.56
2026-10-08T23:58:04Z,closing,259b5df9aa0d10257f56de78523495e0,2026-10-09T00:18:00Z,Dallas Cowboys,Tampa Bay Buccaneers,draftkings,alternate_spreads,Dallas Cowboys,-7.5,1.74
2026-10-08T23:58:04Z,closing,259b5df9aa0d10257f56de78523495e0,2026-10-09T00:18:00Z,Dallas Cowboys,Tampa Bay Buccaneers,draftkings,alternate_spreads,Dallas Cowboys,-8.5,1.83
2026-10-08T23:58:04Z,closing,259b5df9aa0d10257f56de78523495e0,2026-10-09T00:18:00Z,Dallas Cowboys,Tampa Bay Buccaneers,draftkings,alternate_spreads,Dallas Cowboys,-10.5,2.06
2026-10-08T23:58:04Z,closing,259b5df9aa0d10257f56de78523495e0,2026-10-09T00:18:00Z,Dallas Cowboys,Tampa Bay Buccaneers,draftkings,alternate_spreads,Dallas Cowboys,-11.5,2.17
2026-10-08T23:58:04Z,closing,259b5df9aa0d10257f56de78523495e0,2026-10-09T00:18:00Z,Dallas Cowboys,Tampa Bay Buccaneers,draftkings,alternate_spreads,Dallas Cowboys,-12.5,2.27
2026-10-08T23:58:04Z,closing,259b5df9aa0d10257f56de78523495e0,2026-10-09T00:18:00Z,Dallas Cowboys,Tampa Bay Buccaneers,draftkings,alternate_spreads,Dallas Cowboys,-13.5,2.41
2026-10-08T23:58:04Z,closing,259b5df9aa0d10257f56de78523495e0,2026-10-09T00:18:00Z,Dallas Cowboys,Tampa Bay Buccaneers,draftkings,alternate_spreads,Dallas Cowboys,-14.5,2.69
2026-10-08T23:58:04Z,closing,259b5df9aa0d10257f56de78523495e0,2026-10-09T00:18:00Z,Dallas Cowboys,Tampa Bay Buccaneers,draftkings,alternate_spreads,Dallas Cowboys,-15.5,2.85
2026-10-08T23:58:04Z,closing,259b5df9aa0d10257f56de78523495e0,2026-10-09T00:18:00Z,Dallas Cowboys,Tampa Bay Buccaneers,draftkings,alternate_spreads,Dallas Cowboys,-16.5,3.01
2026-10-08T23:58:04Z,closing,259b5df9aa0d10257f56de78523495e0,2026-10-09T00:18:00Z,Dallas Cowboys,Tampa Bay Buccaneers,draftkings,alternate_spreads,Dallas Cowboys,-17.5,3.33
2026-10-08T23:58:04Z,closing,259b5df9aa0d10257f56de78523495e0,2026-10-09T00:18:00Z,Dallas Cowboys,Tampa Bay Buccaneers,draftkings,alternate_spreads,Dallas Cowboys,-18.5,3.62
2026-10-08T23:58:04Z,closing,259b5df9aa0d10257f56de78523495e0,2026-10-09T00:18:00Z,Dallas Cowboys,Tampa Bay Buccaneers,draftkings,alternate_spreads,Dallas Cowboys,-19.5,3.87
2026-10-08T23:58:04Z,closing,259b5df9aa0d10257f56de78523495e0,2026-10-09T00:18:00Z,Dallas Cowboys,Tampa Bay Buccaneers,draftkings,alternate_spreads,Dallas Cowboys,-20.5,4.22
2026-10-08T23:58:04Z,closing,259b5df9aa0d10257f56de78523495e0,2026-10-09T00:18:00Z,Dallas Cowboys,Tampa Bay Buccaneers,draftkings,alternate_spreads,Dallas Cowboys,-21.5,4.86
2026-10-08T23:58:04Z,closing,259b5df9aa0d10257f56de78523495e0,2026-10-09T00:18:00Z,Dallas Cowboys,Tampa Bay Buccaneers,draftkings,alternate_spreads,Dallas Cowboys,-22.5,5.18
2026-10-08T23:58:04Z,closing,259b5df9aa0d10257f56de78523495e0,2026-10-09T00:18:00Z,Dallas Cowboys,Tampa Bay Buccaneers,draftkings,alternate_spreads,Dallas Cowboys,-23.5,5.55
2026-10-08T23:58:04Z,closing,259b5df9aa0d10257f56de78523495e0,2026-10-09T00:18:00Z,Dallas Cowboys,Tampa Bay Buccaneers,draftkings,alternate_spreads,Dallas Cowboys,-24.5,6.3
2026-10-08T23:58:04Z,closing,259b5df9aa0d10257f56de78523495e0,2026-10-09T00:18:00Z,Dallas Cowboys,Tampa Bay Buccaneers,draftkings,alternate_spreads,Dallas Cowboys,-25.5,7.0
2026-10-08T23:58:04Z,closing,259b5df9aa0d10257f56de78523495e0,2026-10-09T00:18:00Z,Dallas Cowboys,Tampa Bay Buccaneers,draftkings,alternate_spreads,Dallas Cowboys,-26.5,7.5
2026-10-08T23:58:04Z,closing,259b5df9aa0d10257f56de78523495e0,2026-10-09T00:18:00Z,Dallas Cowboys,Tampa Bay Buccaneers,draftkings,alternate_spreads,Dallas Cowboys,-27.5,8.5
2026-10-08T23:58:04Z,closing,259b5df9aa0d10257f56de78523495e0,2026-10-09T00:18:00Z,Dallas Cowboys,Tampa Bay Buccaneers,draftkings,alternate_spreads,Dallas Cowboys,-28.5,9.7
2026-10-08T23:58:04Z,closing,259b5df9aa0d10257f56de78523495e0,2026-10-09T00:18:00Z,Dallas Cowboys,Tampa Bay Buccaneers,draftkings,alternate_spreads,Dallas Cowboys,-29.5,10.3
2026-10-08T23:58:04Z,closing,259b5df9aa0d10257f56de78523495e0,2026-10-09T00:18:00Z,Dallas Cowboys,Tampa Bay Buccaneers,draftkings,alternate_spreads,Dallas Cowboys,-30.5,11.2
2026-10-08T23:58:04Z,closing,259b5df9aa0d10257f56de78523495e0,2026-10-09T00:18:00Z,Dallas Cowboys,Tampa Bay Buccaneers,draftkings,alternate_spreads,Dallas Cowboys,-31.5,12.4
2026-10-08T23:58:04Z,closing,259b5df9aa0d10257f56de78523495e0,2026-10-09T00:18:00Z,Dallas Cowboys,Tampa Bay Buccaneers,draftkings,alternate_spreads,Dallas Cowboys,-32.5,13.4
2026-10-08T23:58:04Z,closing,259b5df9aa0d10257f56de78523495e0,2026-10-09T00:18:00Z,Dallas Cowboys,Tampa Bay Buccaneers,draftkings,alternate_spreads,Tampa Bay Buccaneers,-11.5,13.8
2026-10-08T23:58:04Z,closing,259b5df9aa0d10257f56de78523495e0,2026-10-09T00:18:00Z,Dallas Cowboys,Tampa Bay Buccaneers,draftkings,alternate_spreads,Tampa Bay Buccaneers,-10.5,13.0
2026-10-08T23:58:04Z,closing,259b5df9aa0d10257f56de78523495e0,2026-10-09T00:18:00Z,Dallas Cowboys,Tampa Bay Buccaneers,draftkings,alternate_spreads,Tampa Bay Buccaneers,-9.5,11.4
2026-10-08T23:58:04Z,closing,259b5df9aa0d10257f56de78523495e0,2026-10-09T00:18:00Z,Dallas Cowboys,Tampa Bay Buccaneers,draftkings,alternate_spreads,Tampa Bay Buccaneers,-8.5,10.9
2026-10-08T23:58:04Z,closing,259b5df9aa0d10257f56de78523495e0,2026-10-09T00:18:00Z,Dallas Cowboys,Tampa Bay Buccaneers,draftkings,alternate_spreads,Tampa Bay Buccaneers,-7.5,10.2
2026-10-08T23:58:04Z,closing,259b5df9aa0d10257f56de78523495e0,2026-10-09T00:18:00Z,Dallas Cowboys,Tampa Bay Buccaneers,draftkings,alternate_spreads,Tampa Bay Buccaneers,-6.5,8.6
2026-10-08T23:58:04Z,closing,259b5df9aa0d10257f56de78523495e0,2026-10-09T00:18:00Z,Dallas Cowboys,Tampa Bay Buccaneers,draftkings,alternate_spreads,Tampa Bay Buccaneers,-5.5,7.9
2026-10-08T23:58:04Z,closing,259b5df9aa0d10257f56de78523495e0,2026-10-09T00:18:00Z,Dallas Cowboys,Tampa Bay Buccaneers,draftkings,alternate_spreads,Tampa Bay Buccaneers,-4.5,7.3
2026-10-08T23:58:04Z,closing,259b5df9aa0d10257f56de78523495e0,2026-10-09T00:18:00Z,Dallas Cowboys,Tampa Bay Buccaneers,draftkings,alternate_spreads,Tampa Bay Buccaneers,-3.5,6.66
2026-10-08T23:58:04Z,closing,259b5df9aa0d10257f56de78523495e0,2026-10-09T00:18:00Z,Dallas Cowboys,Tampa Bay Buccaneers,draftkings,alternate_spreads,Tampa Bay Buccaneers,-2.5,5.17
2026-10-08T23:58:04Z,closing,259b5df9aa0d10257f56de78523495e0,2026-10-09T00:18:00Z,Dallas Cowboys,Tampa Bay Buccaneers,draftkings,alternate_spreads,Tampa Bay Buccaneers,-1.5,4.78
2026-10-08T23:58:04Z,closing,259b5df9aa0d10257f56de78523495e0,2026-10-09T00:18:00Z,Dallas Cowboys,Tampa Bay Buccaneers,draftkings,alternate_spreads,Tampa Bay Buccaneers,1.5,4.04
2026-10-08T23:58:04Z,closing,259b5df9aa0d10257f56de78523495e0,2026-10-09T00:18:00Z,Dallas Cowboys,Tampa Bay Buccaneers,draftkings,alternate_spreads,Tampa Bay Buccaneers,2.5,3.71
2026-10-08T23:58:04Z,closing,259b5df9aa0d10257f56de78523495e0,2026-10-09T00:18:00Z,Dallas Cowboys,Tampa Bay Buccaneers,draftkings,alternate_spreads,Tampa Bay Buccaneers,3.5,2.87
2026-10-08T23:58:04Z,closing,259b5df9aa0d10257f56de78523495e0,2026-10-09T00:18:00Z,Dallas Cowboys,Tampa Bay Buccaneers,draftkings,alternate_spreads,Tampa Bay Buccaneers,4.5,2.68
2026-10-08T23:58:04Z,closing,259b5df9aa0d10257f56de78523495e0,2026-10-09T00:18:00Z,Dallas Cowboys,Tampa Bay Buccaneers,draftkings,alternate_spreads,Tampa Bay Buccaneers,5.5,2.51
2026-10-08T23:58:04Z,closing,259b5df9aa0d10257f56de78523495e0,2026-10-09T00:18:00Z,Dallas Cowboys,Tampa Bay Buccaneers,draftkings,alternate_spreads,Tampa Bay Buccaneers,6.5,2.34
2026-10-08T23:58:04Z,closing,259b5df9aa0d10257f56de78523495e0,2026-10-09T00:18:00Z,Dallas Cowboys,Tampa Bay Buccaneers,draftkings,alternate_spreads,Tampa Bay Buccaneers,7.5,2.02
2026-10-08T23:58:04Z,closing,259b5df9aa0d10257f56de78523495e0,2026-10-09T00:18:00Z,Dallas Cowboys,Tampa Bay Buccaneers,draftkings,alternate_spreads,Tampa Bay Buccaneers,8.5,1.91
2026-10-08T23:58:04Z,closing,259b5df9aa0d10257f56de78523495e0,2026-10-09T00:18:00Z,Dallas Cowboys,Tampa Bay Buccaneers,draftkings,alternate_spreads,Tampa Bay Buccaneers,10.5,1.71
2026-10-08T23:58:04Z,closing,259b5df9aa0d10257f56de78523495e0,2026-10-09T00:18:00Z,Dallas Cowboys,Tampa Bay Buccaneers,draftkings,alternate_spreads,Tampa Bay Buccaneers,11.5,1.64
2026-10-08T23:58:04Z,closing,259b5df9aa0d10257f56de78523495e0,2026-10-09T00:18:00Z,Dallas Cowboys,Tampa Bay Buccaneers,draftkings,alternate_spreads,Tampa Bay Buccaneers,12.5,1.58
2026-10-08T23:58:04Z,closing,259b5df9aa0d10257f56de78523495e0,2026-10-09T00:18:00Z,Dallas Cowboys,Tampa Bay Buccaneers,draftkings,alternate_spreads,Tampa Bay Buccaneers,13.5,1.53
2026-10-08T23:58:04Z,closing,259b5df9aa0d10257f56de78523495e0,2026-10-09T00:18:00Z,Dallas Cowboys,Tampa Bay Buccaneers,draftkings,alternate_spreads,Tampa Bay Buccaneers,14.5,1.43
2026-10-08T23:58:04Z,closing,259b5df9aa0d10257f56de78523495e0,2026-10-09T00:18:00Z,Dallas Cowboys,Tampa Bay Buccaneers,draftkings,alternate_spreads,Tampa Bay Buccaneers,15.5,1.39
2026-10-08T23:58:04Z,closing,259b5df9aa0d10257f56de78523495e0,2026-10-09T00:18:00Z,Dallas Cowboys,Tampa Bay Buccaneers,draftkings,alternate_spreads,Tampa Bay Buccaneers,16.5,1.36
2026-10-08T23:58:04Z,closing,259b5df9aa0d10257f56de78523495e0,2026-10-09T00:18:00Z,Dallas Cowboys,Tampa Bay Buccaneers,draftkings,alternate_spreads,Tampa Bay Buccaneers,17.5,1.3
2026-10-08T23:58:04Z,closing,259b5df9aa0d10257f56de78523495e0,2026-10-09T00:18:00Z,Dallas Cowboys,Tampa Bay Buccaneers,draftkings,alternate_spreads,Tampa Bay Buccaneers,18.5,1.26
2026-10-08T23:58:04Z,closing,259b5df9aa0d10257f56de78523495e0,2026-10-09T00:18:00Z,Dallas Cowboys,Tampa Bay Buccaneers,draftkings,alternate_spreads,Tampa Bay Buccaneers,19.5,1.23
2026-10-08T23:58:04Z,closing,259b5df9aa0d10257f56de78523495e0,2026-10-09T00:18:00Z,Dallas Cowboys,Tampa Bay Buccaneers,draftkings,alternate_spreads,Tampa Bay Buccaneers,20.5,1.2
2026-10-08T23:58:04Z,closing,259b5df9aa0d10257f56de78523495e0,2026-10-09T00:18:00Z,Dallas Cowboys,Tampa Bay Buccaneers,draftkings,alternate_spreads,Tampa Bay Buccaneers,21.5,1.16
2026-10-08T23:58:04Z,closing,259b5df9aa0d10257f56de78523495e0,2026-10-09T00:18:00Z,Dallas Cowboys,Tampa Bay Buccaneers,draftkings,alternate_spreads,Tampa Bay Buccaneers,22.5,1.14
2026-10-08T23:58:04Z,closing,259b5df9aa0d10257f56de78523495e0,2026-10-09T00:18:00Z,Dallas Cowboys,Tampa Bay Buccaneers,draftkings,alternate_spreads,Tampa Bay Buccaneers,23.5,1.12
2026-10-08T23:58:04Z,closing,259b5df9aa0d10257f56de78523495e0,2026-10-09T00:18:00Z,Dallas Cowboys,Tampa Bay Buccaneers,draftkings,alternate_spreads,Tampa Bay Buccaneers,24.5,1.1
2026-10-08T23:58:04Z,closing,259b5df9aa0d10257f56de78523495e0,2026-10-09T00:18:00Z,Dallas Cowboys,Tampa Bay Buccaneers,draftkings,alternate_spreads,Tampa Bay Buccaneers,25.5,1.08
2026-10-08T23:58:04Z,closing,259b5df9aa0d10257f56de78523495e0,2026-10-09T00:18:00Z,Dallas Cowboys,Tampa Bay Buccaneers,draftkings,alternate_spreads,Tampa Bay Buccaneers,26.5,1.07
2026-10-08T23:58:04Z,closing,259b5df9aa0d10257f56de78523495e0,2026-10-09T00:18:00Z,Dallas Cowboys,Tampa Bay Buccaneers,draftkings,alternate_spreads,Tampa Bay Buccaneers,27.5,1.05
2026-10-08T23:58:04Z,closing,259b5df9aa0d10257f56de78523495e0,2026-10-09T00:18:00Z,Dallas Cowboys,Tampa Bay Buccaneers,draftkings,alternate_spreads,Tampa Bay Buccaneers,28.5,1.03
2026-10-08T23:58:04Z,closing,259b5df9aa0d10257f56de78523495e0,2026-10-09T00:18:00Z,Dallas Cowboys,Tampa Bay Buccaneers,draftkings,alternate_spreads,Tampa Bay Buccaneers,29.5,1.03
2026-10-08T23:58:04Z,closing,259b5df9aa0d10257f56de78523495e0,2026-10-09T00:18:00Z,Dallas Cowboys,Tampa Bay Buccaneers,draftkings,alternate_spreads,Tampa Bay Buccaneers,30.5,1.02
2026-10-08T23:58:04Z,closing,259b5df9aa0d10257f56de78523495e0,2026-10-09T00:18:00Z,Dallas Cowboys,Tampa Bay Buccaneers,draftkings,alternate_spreads,Tampa Bay Buccaneers,31.5,1.01
2026-10-08T23:58:04Z,closing,259b5df9aa0d10257f56de78523495e0,2026-10-09T00:18:00Z,Dallas Cowboys,Tampa Bay Buccaneers,draftkings,alternate_spreads,Tampa Bay Buccaneers,32.5,1.01
2026-10-08T23:58:04Z,closing,259b5df9aa0d10257f56de78523495e0,2026-10-09T00:18:00Z,Dallas Cowboys,Tampa Bay Buccaneers,draftkings,alternate_totals,Over,28.5,1.01
2026-10-08T23:58:04Z,closing,259b5df9aa0d10257f56de78523495e0,2026-10-09T00:18:00Z,Dallas Cowboys,Tampa Bay Buccaneers,draftkings,alternate_totals,Over,29.5,1.01
2026-10-08T23:58:04Z,closing,259b5df9aa0d10257f56de78523495e0,2026-10-09T00:18:00Z,Dallas Cowboys,Tampa Bay Buccaneers,draftkings,alternate_totals,Over,30.5,1.03
2026-10-08T23:58:04Z,closing,259b5df9aa0d10257f56de78523495e0,2026-10-09T00:18:00Z,Dallas Cowboys,Tampa Bay Buccaneers,draftkings,alternate_totals,Over,31.5,1.04
2026-10-08T23:58:04Z,closing,259b5df9aa0d10257f56de78523495e0,2026-10-09T00:18:00Z,Dallas Cowboys,Tampa Bay Buccaneers,draftkings,alternate_totals,Over,32.5,1.05
2026-10-08T23:58:04Z,closing,259b5df9aa0d10257f56de78523495e0,2026-10-09T00:18:00Z,Dallas Cowboys,Tampa Bay Buccaneers,draftkings,alternate_totals,Over,33.5,1.06
2026-10-08T23:58:04Z,closing,259b5df9aa0d10257f56de78523495e0,2026-10-09T00:18:00Z,Dallas Cowboys,Tampa Bay Buccaneers,draftkings,alternate_totals,Over,34.5,1.08
2026-10-08T23:58:04Z,closing,259b5df9aa0d10257f56de78523495e0,2026-10-09T00:18:00Z,Dallas Cowboys,Tampa Bay Buccaneers,draftkings,alternate_totals,Over,35.5,1.09
2026-10-08T23:58:04Z,closing,259b5df9aa0d10257f56de78523495e0,2026-10-09T00:18:00Z,Dallas Cowboys,Tampa Bay Buccaneers,draftkings,alternate_totals,Over,36.5,1.12
2026-10-08T23:58:04Z,closing,259b5df9aa0d10257f56de78523495e0,2026-10-09T00:18:00Z,Dallas Cowboys,Tampa Bay Buccaneers,draftkings,alternate_totals,Over,37.5,1.15
2026-10-08T23:58:04Z,closing,259b5df9aa0d10257f56de78523495e0,2026-10-09T00:18:00Z,Dallas Cowboys,Tampa Bay Buccaneers,draftkings,alternate_totals,Over,38.5,1.18
2026-10-08T23:58:04Z,closing,259b5df9aa0d10257f56de78523495e0,2026-10-09T00:18:00Z,Dallas Cowboys,Tampa Bay Buccaneers,draftkings,alternate_totals,Over,39.5,1.21
2026-10-08T23:58:04Z,closing,259b5df9aa0d10257f56de78523495e0,2026-10-09T00:18:00Z,Dallas Cowboys,Tampa Bay Buccaneers,draftkings,alternate_totals,Over,40.5,1.24
2026-10-08T23:58:04Z,closing,259b5df9aa0d10257f56de78523495e0,2026-10-09T00:18:00Z,Dallas Cowboys,Tampa Bay Buccaneers,draftkings,alternate_totals,Over,41.5,1.29
2026-10-08T23:58:04Z,closing,259b5df9aa0d10257f56de78523495e0,2026-10-09T00:18:00Z,Dallas Cowboys,Tampa Bay Buccaneers,draftkings,alternate_totals,Over,42.5,1.33
2026-10-08T23:58:04Z,closing,259b5df9aa0d10257f56de78523495e0,2026-10-09T00:18:00Z,Dallas Cowboys,Tampa Bay Buccaneers,draftkings,alternate_totals,Over,43.5,1.39
2026-10-08T23:58:04Z,closing,259b5df9aa0d10257f56de78523495e0,2026-10-09T00:18:00Z,Dallas Cowboys,Tampa Bay Buccaneers,draftkings,alternate_totals,Over,44.5,1.46
2026-10-08T23:58:04Z,closing,259b5df9aa0d10257f56de78523495e0,2026-10-09T00:18:00Z,Dallas Cowboys,Tampa Bay Buccaneers,draftkings,alternate_totals,Over,45.5,1.52
2026-10-08T23:58:04Z,closing,259b5df9aa0d10257f56de78523495e0,2026-10-09T00:18:00Z,Dallas Cowboys,Tampa Bay Buccaneers,draftkings,alternate_totals,Over,46.5,1.58
2026-10-08T23:58:04Z,closing,259b5df9aa0d10257f56de78523495e0,2026-10-09T00:18:00Z,Dallas Cowboys,Tampa Bay Buccaneers,draftkings,alternate_totals,Over,47.5,1.68
2026-10-08T23:58:04Z,closing,259b5df9aa0d10257f56de78523495e0,2026-10-09T00:18:00Z,Dallas Cowboys,Tampa Bay Buccaneers,draftkings,alternate_totals,Over,48.5,1.78
2026-10-08T23:58:04Z,closing,259b5df9aa0d10257f56de78523495e0,2026-10-09T00:18:00Z,Dallas Cowboys,Tampa Bay Buccaneers,draftkings,alternate_totals,Over,50.5,1.97
2026-10-08T23:58:04Z,closing,259b5df9aa0d10257f56de78523495e0,2026-10-09T00:18:00Z,Dallas Cowboys,Tampa Bay Buccaneers,draftkings,alternate_totals,Over,51.5,2.13
2026-10-08T23:58:04Z,closing,259b5df9aa0d10257f56de78523495e0,2026-10-09T00:18:00Z,Dallas Cowboys,Tampa Bay Buccaneers,draftkings,alternate_totals,Over,52.5,2.26
2026-10-08T23:58:04Z,closing,259b5df9aa0d10257f56de78523495e0,2026-10-09T00:18:00Z,Dallas Cowboys,Tampa Bay Buccaneers,draftkings,alternate_totals,Over,53.5,2.41
2026-10-08T23:58:04Z,closing,259b5df9aa0d10257f56de78523495e0,2026-10-09T00:18:00Z,Dallas Cowboys,Tampa Bay Buccaneers,draftkings,alternate_totals,Over,54.5,2.59
2026-10-08T23:58:04Z,closing,259b5df9aa0d10257f56de78523495e0,2026-10-09T00:18:00Z,Dallas Cowboys,Tampa Bay Buccaneers,draftkings,alternate_totals,Over,55.5,2.83
2026-10-08T23:58:04Z,closing,259b5df9aa0d10257f56de78523495e0,2026-10-09T00:18:00Z,Dallas Cowboys,Tampa Bay Buccaneers,draftkings,alternate_totals,Over,56.5,3.02
2026-10-08T23:58:04Z,closing,259b5df9aa0d10257f56de78523495e0,2026-10-09T00:18:00Z,Dallas Cowboys,Tampa Bay Buccaneers,draftkings,alternate_totals,Over,57.5,3.33
2026-10-08T23:58:04Z,closing,259b5df9aa0d10257f56de78523495e0,2026-10-09T00:18:00Z,Dallas Cowboys,Tampa Bay Buccaneers,draftkings,alternate_totals,Over,58.5,3.64
2026-10-08T23:58:04Z,closing,259b5df9aa0d10257f56de78523495e0,2026-10-09T00:18:00Z,Dallas Cowboys,Tampa Bay Buccaneers,draftkings,alternate_totals,Over,59.5,3.96
2026-10-08T23:58:04Z,closing,259b5df9aa0d10257f56de78523495e0,2026-10-09T00:18:00Z,Dallas Cowboys,Tampa Bay Buccaneers,draftkings,alternate_totals,Over,60.5,4.23
2026-10-08T23:58:04Z,closing,259b5df9aa0d10257f56de78523495e0,2026-10-09T00:18:00Z,Dallas Cowboys,Tampa Bay Buccaneers,draftkings,alternate_totals,Over,61.5,4.71
2026-10-08T23:58:04Z,closing,259b5df9aa0d10257f56de78523495e0,2026-10-09T00:18:00Z,Dallas Cowboys,Tampa Bay Buccaneers,draftkings,alternate_totals,Over,62.5,5.14
2026-10-08T23:58:04Z,closing,259b5df9aa0d10257f56de78523495e0,2026-10-09T00:18:00Z,Dallas Cowboys,Tampa Bay Buccaneers,draftkings,alternate_totals,Over,63.5,5.66
2026-10-08T23:58:04Z,closing,259b5df9aa0d10257f56de78523495e0,2026-10-09T00:18:00Z,Dallas Cowboys,Tampa Bay Buccaneers,draftkings,alternate_totals,Over,64.5,6.18
2026-10-08T23:58:04Z,closing,259b5df9aa0d10257f56de78523495e0,2026-10-09T00:18:00Z,Dallas Cowboys,Tampa Bay Buccaneers,draftkings,alternate_totals,Over,65.5,7.0
2026-10-08T23:58:04Z,closing,259b5df9aa0d10257f56de78523495e0,2026-10-09T00:18:00Z,Dallas Cowboys,Tampa Bay Buccaneers,draftkings,alternate_totals,Over,66.5,7.6
2026-10-08T23:58:04Z,closing,259b5df9aa0d10257f56de78523495e0,2026-10-09T00:18:00Z,Dallas Cowboys,Tampa Bay Buccaneers,draftkings,alternate_totals,Over,67.5,8.3
2026-10-08T23:58:04Z,closing,259b5df9aa0d10257f56de78523495e0,2026-10-09T00:18:00Z,Dallas Cowboys,Tampa Bay Buccaneers,draftkings,alternate_totals,Over,68.5,8.9
2026-10-08T23:58:04Z,closing,259b5df9aa0d10257f56de78523495e0,2026-10-09T00:18:00Z,Dallas Cowboys,Tampa Bay Buccaneers,draftkings,alternate_totals,Over,69.5,10.0
2026-10-08T23:58:04Z,closing,259b5df9aa0d10257f56de78523495e0,2026-10-09T00:18:00Z,Dallas Cowboys,Tampa Bay Buccaneers,draftkings,alternate_totals,Over,70.5,10.5
2026-10-08T23:58:04Z,closing,259b5df9aa0d10257f56de78523495e0,2026-10-09T00:18:00Z,Dallas Cowboys,Tampa Bay Buccaneers,draftkings,alternate_totals,Over,71.5,11.6
2026-10-08T23:58:04Z,closing,259b5df9aa0d10257f56de78523495e0,2026-10-09T00:18:00Z,Dallas Cowboys,Tampa Bay Buccaneers,draftkings,alternate_totals,Over,72.5,12.4
2026-10-08T23:58:04Z,closing,259b5df9aa0d10257f56de78523495e0,2026-10-09T00:18:00Z,Dallas Cowboys,Tampa Bay Buccaneers,draftkings,alternate_totals,Over,73.5,13.6
2026-10-08T23:58:04Z,closing,259b5df9aa0d10257f56de78523495e0,2026-10-09T00:18:00Z,Dallas Cowboys,Tampa Bay Buccaneers,draftkings,alternate_totals,Under,28.5,13.4
2026-10-08T23:58:04Z,closing,259b5df9aa0d10257f56de78523495e0,2026-10-09T00:18:00Z,Dallas Cowboys,Tampa Bay Buccaneers,draftkings,alternate_totals,Under,29.5,11.8
2026-10-08T23:58:04Z,closing,259b5df9aa0d10257f56de78523495e0,2026-10-09T00:18:00Z,Dallas Cowboys,Tampa Bay Buccaneers,draftkings,alternate_totals,Under,30.5,10.4
2026-10-08T23:58:04Z,closing,259b5df9aa0d10257f56de78523495e0,2026-10-09T00:18:00Z,Dallas Cowboys,Tampa Bay Buccaneers,draftkings,alternate_totals,Under,31.5,9.5
2026-10-08T23:58:04Z,closing,259b5df9aa0d10257f56de78523495e0,2026-10-09T00:18:00Z,Dallas Cowboys,Tampa Bay Buccaneers,draftkings,alternate_totals,Under,32.5,8.8
2026-10-08T23:58:04Z,closing,259b5df9aa0d10257f56de78523495e0,2026-10-09T00:18:00Z,Dallas Cowboys,Tampa Bay Buccaneers,draftkings,alternate_totals,Under,33.5,7.6
2026-10-08T23:58:04Z,closing,259b5df9aa0d10257f56de78523495e0,2026-10-09T00:18:00Z,Dallas Cowboys,Tampa Bay Buccaneers,draftkings,alternate_totals,Under,34.5,6.92
2026-10-08T23:58:04Z,closing,259b5df9aa0d10257f56de78523495e0,2026-10-09T00:18:00Z,Dallas Cowboys,Tampa Bay Buccaneers,draftkings,alternate_totals,Under,35.5,6.39
2026-10-08T23:58:04Z,closing,259b5df9aa0d10257f56de78523495e0,2026-10-09T00:18:00Z,Dallas Cowboys,Tampa Bay Buccaneers,draftkings,alternate_totals,Under,36.5,5.68
2026-10-08T23:58:04Z,closing,259b5df9aa0d10257f56de78523495e0,2026-10-09T00:18:00Z,Dallas Cowboys,Tampa Bay Buccaneers,draftkings,alternate_totals,Under,37.5,4.91
2026-10-08T23:58:04Z,closing,259b5df9aa0d10257f56de78523495e0,2026-10-09T00:18:00Z,Dallas Cowboys,Tampa Bay Buccaneers,draftkings,alternate_totals,Under,38.5,4.56
2026-10-08T23:58:04Z,closing,259b5df9aa0d10257f56de78523495e0,2026-10-09T00:18:00Z,Dallas Cowboys,Tampa Bay Buccaneers,draftkings,alternate_totals,Under,39.5,4.16
2026-10-08T23:58:04Z,closing,259b5df9aa0d10257f56de78523495e0,2026-10-09T00:18:00Z,Dallas Cowboys,Tampa Bay Buccaneers,draftkings,alternate_totals,Under,40.5,3.76
2026-10-08T23:58:04Z,closing,259b5df9aa0d10257f56de78523495e0,2026-10-09T00:18:00Z,Dallas Cowboys,Tampa Bay Buccaneers,draftkings,alternate_totals,Under,41.5,3.4
2026-10-08T23:58:04Z,closing,259b5df9aa0d10257f56de78523495e0,2026-10-09T00:18:00Z,Dallas Cowboys,Tampa Bay Buccaneers,draftkings,alternate_totals,Under,42.5,3.16
2026-10-08T23:58:04Z,closing,259b5df9aa0d10257f56de78523495e0,2026-10-09T00:18:00Z,Dallas Cowboys,Tampa Bay Buccaneers,draftkings,alternate_totals,Under,43.5,2.85
2026-10-08T23:58:04Z,closing,259b5df9aa0d10257f56de78523495e0,2026-10-09T00:18:00Z,Dallas Cowboys,Tampa Bay Buccaneers,draftkings,alternate_totals,Under,44.5,2.59
2026-10-08T23:58:04Z,closing,259b5df9aa0d10257f56de78523495e0,2026-10-09T00:18:00Z,Dallas Cowboys,Tampa Bay Buccaneers,draftkings,alternate_totals,Under,45.5,2.42
2026-10-08T23:58:04Z,closing,259b5df9aa0d10257f56de78523495e0,2026-10-09T00:18:00Z,Dallas Cowboys,Tampa Bay Buccaneers,draftkings,alternate_totals,Under,46.5,2.29
2026-10-08T23:58:04Z,closing,259b5df9aa0d10257f56de78523495e0,2026-10-09T00:18:00Z,Dallas Cowboys,Tampa Bay Buccaneers,draftkings,alternate_totals,Under,47.5,2.09
2026-10-08T23:58:04Z,closing,259b5df9aa0d10257f56de78523495e0,2026-10-09T00:18:00Z,Dallas Cowboys,Tampa Bay Buccaneers,draftkings,alternate_totals,Under,48.5,1.97
2026-10-08T23:58:04Z,closing,259b5df9aa0d10257f56de78523495e0,2026-10-09T00:18:00Z,Dallas Cowboys,Tampa Bay Buccaneers,draftkings,alternate_totals,Under,50.5,1.78
2026-10-08T23:58:04Z,closing,259b5df9aa0d10257f56de78523495e0,2026-10-09T00:18:00Z,Dallas Cowboys,Tampa Bay Buccaneers,draftkings,alternate_totals,Under,51.5,1.66
2026-10-08T23:58:04Z,closing,259b5df9aa0d10257f56de78523495e0,2026-10-09T00:18:00Z,Dallas Cowboys,Tampa Bay Buccaneers,draftkings,alternate_totals,Under,52.5,1.59
2026-10-08T23:58:04Z,closing,259b5df9aa0d10257f56de78523495e0,2026-10-09T00:18:00Z,Dallas Cowboys,Tampa Bay Buccaneers,draftkings,alternate_totals,Under,53.5,1.52
2026-10-08T23:58:04Z,closing,259b5df9aa0d10257f56de78523495e0,2026-10-09T00:18:00Z,Dallas Cowboys,Tampa Bay Buccaneers,draftkings,alternate_totals,Under,54.5,1.46
2026-10-08T23:58:04Z,closing,259b5df9aa0d10257f56de78523495e0,2026-10-09T00:18:00Z,Dallas Cowboys,Tampa Bay Buccaneers,draftkings,alternate_totals,Under,55.5,1.4
2026-10-08T23:58:04Z,closing,259b5df9aa0d10257f56de78523495e0,2026-10-09T00:18:00Z,Dallas Cowboys,Tampa Bay Buccaneers,draftkings,alternate_totals,Under,56.5,1.35
2026-10-08T23:58:04Z,closing,259b5df9aa0d10257f56de78523495e0,2026-10-09T00:18:00Z,Dallas Cowboys,Tampa Bay Buccaneers,draftkings,alternate_totals,Under,57.5,1.3
2026-10-08T23:58:04Z,closing,259b5df9aa0d10257f56de78523495e0,2026-10-09T00:18:00Z,Dallas Cowboys,Tampa Bay Buccaneers,draftkings,alternate_totals,Under,58.5,1.26
2026-10-08T23:58:04Z,closing,259b5df9aa0d10257f56de78523495e0,2026-10-09T00:18:00Z,Dallas Cowboys,Tampa Bay Buccaneers,draftkings,alternate_totals,Under,59.5,1.22
2026-10-08T23:58:04Z,closing,259b5df9aa0d10257f56de78523495e0,2026-10-09T00:18:00Z,Dallas Cowboys,Tampa Bay Buccaneers,draftkings,alternate_totals,Under,60.5,1.2
2026-10-08T23:58:04Z,closing,259b5df9aa0d10257f56de78523495e0,2026-10-09T00:18:00Z,Dallas Cowboys,Tampa Bay Buccaneers,draftkings,alternate_totals,Under,61.5,1.17
2026-10-08T23:58:04Z,closing,259b5df9aa0d10257f56de78523495e0,2026-10-09T00:18:00Z,Dallas Cowboys,Tampa Bay Buccaneers,draftkings,alternate_totals,Under,62.5,1.14
2026-10-08T23:58:04Z,closing,259b5df9aa0d10257f56de78523495e0,2026-10-09T00:18:00Z,Dallas Cowboys,Tampa Bay Buccaneers,draftkings,alternate_totals,Under,63.5,1.12
2026-10-08T23:58:04Z,closing,259b5df9aa0d10257f56de78523495e0,2026-10-09T00:18:00Z,Dallas Cowboys,Tampa Bay Buccaneers,draftkings,alternate_totals,Under,64.5,1.1
2026-10-08T23:58:04Z,closing,259b5df9aa0d10257f56de78523495e0,2026-10-09T00:18:00Z,Dallas Cowboys,Tampa Bay Buccaneers,draftkings,alternate_totals,Under,65.5,1.08
2026-10-08T23:58:04Z,closing,259b5df9aa0d10257f56de78523495e0,2026-10-09T00:18:00Z,Dallas Cowboys,Tampa Bay Buccaneers,draftkings,alternate_totals,Under,66.5,1.06
2026-10-08T23:58:04Z,closing,259b5df9aa0d10257f56de78523495e0,2026-10-09T00:18:00Z,Dallas Cowboys,Tampa Bay Buccaneers,draftkings,alternate_totals,Under,67.5,1.05
2026-10-08T23:58:04Z,closing,259b5df9aa0d10257f56de78523495e0,2026-10-09T00:18:00Z,Dallas Cowboys,Tampa Bay Buccaneers,draftkings,alternate_totals,Under,68.5,1.04
2026-10-08T23:58:04Z,closing,259b5df9aa0d10257f56de78523495e0,2026-10-09T00:18:00Z,Dallas Cowboys,Tampa Bay Buccaneers,draftkings,alternate_totals,Under,69.5,1.03
2026-10-08T23:58:04Z,closing,259b5df9aa0d10257f56de78523495e0,2026-10-09T00:18:00Z,Dallas Cowboys,Tampa Bay Buccaneers,draftkings,alternate_totals,Under,70.5,1.03
2026-10-08T23:58:04Z,closing,259b5df9aa0d10257f56de78523495e0,2026-10-09T00:18:00Z,Dallas Cowboys,Tampa Bay Buccaneers,draftkings,alternate_totals,Under,71.5,1.02
2026-10-08T23:58:04Z,closing,259b5df9aa0d10257f56de78523495e0,2026-10-09T00:18:00Z,Dallas Cowboys,Tampa Bay Buccaneers,draftkings,alternate_totals,Under,72.5,1.01
2026-10-08T23:58:04Z,closing,259b5df9aa0d10257f56de78523495e0,2026-10-09T00:18:00Z,Dallas Cowboys,Tampa Bay Buccaneers,draftkings,alternate_totals,Under,73.5,1.01
2026-10-08T23:58:04Z,closing,259b5df9aa0d10257f56de78523495e0,2026-10-09T00:18:00Z,Dallas Cowboys,Tampa Bay Buccaneers,fanduel,alternate_spreads,Dallas Cowboys,-35.5,23.0
2026-10-08T23:58:04Z,closing,259b5df9aa0d10257f56de78523495e0,2026-10-09T00:18:00Z,Dallas Cowboys,Tampa Bay Buccaneers,fanduel,alternate_spreads,Dallas Cowboys,-34.5,18.0
2026-10-08T23:58:04Z,closing,259b5df9aa0d10257f56de78523495e0,2026-10-09T00:18:00Z,Dallas Cowboys,Tampa Bay Buccaneers,fanduel,alternate_spreads,Dallas Cowboys,-33.5,16.0
2026-10-08T23:58:04Z,closing,259b5df9aa0d10257f56de78523495e0,2026-10-09T00:18:00Z,Dallas Cowboys,Tampa Bay Buccaneers,fanduel,alternate_spreads,Dallas Cowboys,-32.5,16.0
2026-10-08T23:58:04Z,closing,259b5df9aa0d10257f56de78523495e0,2026-10-09T00:18:00Z,Dallas Cowboys,Tampa Bay Buccaneers,fanduel,alternate_spreads,Dallas Cowboys,-31.5,14.0
2026-10-08T23:58:04Z,closing,259b5df9aa0d10257f56de78523495e0,2026-10-09T00:18:00Z,Dallas Cowboys,Tampa Bay Buccaneers,fanduel,alternate_spreads,Dallas Cowboys,-30.5,12.0
2026-10-08T23:58:04Z,closing,259b5df9aa0d10257f56de78523495e0,2026-10-09T00:18:00Z,Dallas Cowboys,Tampa Bay Buccaneers,fanduel,alternate_spreads,Dallas Cowboys,-29.5,11.6
2026-10-08T23:58:04Z,closing,259b5df9aa0d10257f56de78523495e0,2026-10-09T00:18:00Z,Dallas Cowboys,Tampa Bay Buccaneers,fanduel,alternate_spreads,Dallas Cowboys,-28.5,10.0
2026-10-08T23:58:04Z,closing,259b5df9aa0d10257f56de78523495e0,2026-10-09T00:18:00Z,Dallas Cowboys,Tampa Bay Buccaneers,fanduel,alternate_spreads,Dallas Cowboys,-27.5,9.0
2026-10-08T23:58:04Z,closing,259b5df9aa0d10257f56de78523495e0,2026-10-09T00:18:00Z,Dallas Cowboys,Tampa Bay Buccaneers,fanduel,alternate_spreads,Dallas Cowboys,-26.5,7.8
2026-10-08T23:58:04Z,closing,259b5df9aa0d10257f56de78523495e0,2026-10-09T00:18:00Z,Dallas Cowboys,Tampa Bay Buccaneers,fanduel,alternate_spreads,Dallas Cowboys,-25.5,7.3
2026-10-08T23:58:04Z,closing,259b5df9aa0d10257f56de78523495e0,2026-10-09T00:18:00Z,Dallas Cowboys,Tampa Bay Buccaneers,fanduel,alternate_spreads,Dallas Cowboys,-24.5,6.6
2026-10-08T23:58:04Z,closing,259b5df9aa0d10257f56de78523495e0,2026-10-09T00:18:00Z,Dallas Cowboys,Tampa Bay Buccaneers,fanduel,alternate_spreads,Dallas Cowboys,-23.5,5.6
2026-10-08T23:58:04Z,closing,259b5df9aa0d10257f56de78523495e0,2026-10-09T00:18:00Z,Dallas Cowboys,Tampa Bay Buccaneers,fanduel,alternate_spreads,Dallas Cowboys,-22.5,5.3
2026-10-08T23:58:04Z,closing,259b5df9aa0d10257f56de78523495e0,2026-10-09T00:18:00Z,Dallas Cowboys,Tampa Bay Buccaneers,fanduel,alternate_spreads,Dallas Cowboys,-21.5,4.9
2026-10-08T23:58:04Z,closing,259b5df9aa0d10257f56de78523495e0,2026-10-09T00:18:00Z,Dallas Cowboys,Tampa Bay Buccaneers,fanduel,alternate_spreads,Dallas Cowboys,-20.5,4.1
2026-10-08T23:58:04Z,closing,259b5df9aa0d10257f56de78523495e0,2026-10-09T00:18:00Z,Dallas Cowboys,Tampa Bay Buccaneers,fanduel,alternate_spreads,Dallas Cowboys,-19.5,3.85
2026-10-08T23:58:04Z,closing,259b5df9aa0d10257f56de78523495e0,2026-10-09T00:18:00Z,Dallas Cowboys,Tampa Bay Buccaneers,fanduel,alternate_spreads,Dallas Cowboys,-18.5,3.55
2026-10-08T23:58:04Z,closing,259b5df9aa0d10257f56de78523495e0,2026-10-09T00:18:00Z,Dallas Cowboys,Tampa Bay Buccaneers,fanduel,alternate_spreads,Dallas Cowboys,-17.5,3.2
2026-10-08T23:58:04Z,closing,259b5df9aa0d10257f56de78523495e0,2026-10-09T00:18:00Z,Dallas Cowboys,Tampa Bay Buccaneers,fanduel,alternate_spreads,Dallas Cowboys,-16.5,2.9
2026-10-08T23:58:04Z,closing,259b5df9aa0d10257f56de78523495e0,2026-10-09T00:18:00Z,Dallas Cowboys,Tampa Bay Buccaneers,fanduel,alternate_spreads,Dallas Cowboys,-15.5,2.76
2026-10-08T23:58:04Z,closing,259b5df9aa0d10257f56de78523495e0,2026-10-09T00:18:00Z,Dallas Cowboys,Tampa Bay Buccaneers,fanduel,alternate_spreads,Dallas Cowboys,-14.5,2.62
2026-10-08T23:58:04Z,closing,259b5df9aa0d10257f56de78523495e0,2026-10-09T00:18:00Z,Dallas Cowboys,Tampa Bay Buccaneers,fanduel,alternate_spreads,Dallas Cowboys,-13.5,2.32
2026-10-08T23:58:04Z,closing,259b5df9aa0d10257f56de78523495e0,2026-10-09T00:18:00Z,Dallas Cowboys,Tampa Bay Buccaneers,fanduel,alternate_spreads,Dallas Cowboys,-12.5,2.22
2026-10-08T23:58:04Z,closing,259b5df9aa0d10257f56de78523495e0,2026-10-09T00:18:00Z,Dallas Cowboys,Tampa Bay Buccaneers,fanduel,alternate_spreads,Dallas Cowboys,-11.5,2.12
2026-10-08T23:58:04Z,closing,259b5df9aa0d10257f56de78523495e0,2026-10-09T00:18:00Z,Dallas Cowboys,Tampa Bay Buccaneers,fanduel,alternate_spreads,Dallas Cowboys,-10.5,2.0
2026-10-08T23:58:04Z,closing,259b5df9aa0d10257f56de78523495e0,2026-10-09T00:18:00Z,Dallas Cowboys,Tampa Bay Buccaneers,fanduel,alternate_spreads,Dallas Cowboys,-9.5,1.87
2026-10-08T23:58:04Z,closing,259b5df9aa0d10257f56de78523495e0,2026-10-09T00:18:00Z,Dallas Cowboys,Tampa Bay Buccaneers,fanduel,alternate_spreads,Dallas Cowboys,-8.5,1.83
2026-10-08T23:58:04Z,closing,259b5df9aa0d10257f56de78523495e0,2026-10-09T00:18:00Z,Dallas Cowboys,Tampa Bay Buccaneers,fanduel,alternate_spreads,Dallas Cowboys,-7.5,1.7
2026-10-08T23:58:04Z,closing,259b5df9aa0d10257f56de78523495e0,2026-10-09T00:18:00Z,Dallas Cowboys,Tampa Bay Buccaneers,fanduel,alternate_spreads,Dallas Cowboys,-6.5,1.51
2026-10-08T23:58:04Z,closing,259b5df9aa0d10257f56de78523495e0,2026-10-09T00:18:00Z,Dallas Cowboys,Tampa Bay Buccaneers,fanduel,alternate_spreads,Dallas Cowboys,-5.5,1.43
2026-10-08T23:58:04Z,closing,259b5df9aa0d10257f56de78523495e0,2026-10-09T00:18:00Z,Dallas Cowboys,Tampa Bay Buccaneers,fanduel,alternate_spreads,Dallas Cowboys,-4.5,1.38
2026-10-08T23:58:04Z,closing,259b5df9aa0d10257f56de78523495e0,2026-10-09T00:18:00Z,Dallas Cowboys,Tampa Bay Buccaneers,fanduel,alternate_spreads,Dallas Cowboys,-3.5,1.32
2026-10-08T23:58:04Z,closing,259b5df9aa0d10257f56de78523495e0,2026-10-09T00:18:00Z,Dallas Cowboys,Tampa Bay Buccaneers,fanduel,alternate_spreads,Dallas Cowboys,-2.5,1.24
2026-10-08T23:58:04Z,closing,259b5df9aa0d10257f56de78523495e0,2026-10-09T00:18:00Z,Dallas Cowboys,Tampa Bay Buccaneers,fanduel,alternate_spreads,Dallas Cowboys,-1.5,1.22
2026-10-08T23:58:04Z,closing,259b5df9aa0d10257f56de78523495e0,2026-10-09T00:18:00Z,Dallas Cowboys,Tampa Bay Buccaneers,fanduel,alternate_spreads,Dallas Cowboys,1.5,1.15
2026-10-08T23:58:04Z,closing,259b5df9aa0d10257f56de78523495e0,2026-10-09T00:18:00Z,Dallas Cowboys,Tampa Bay Buccaneers,fanduel,alternate_spreads,Dallas Cowboys,2.5,1.14
2026-10-08T23:58:04Z,closing,259b5df9aa0d10257f56de78523495e0,2026-10-09T00:18:00Z,Dallas Cowboys,Tampa Bay Buccaneers,fanduel,alternate_spreads,Dallas Cowboys,3.5,1.07
2026-10-08T23:58:04Z,closing,259b5df9aa0d10257f56de78523495e0,2026-10-09T00:18:00Z,Dallas Cowboys,Tampa Bay Buccaneers,fanduel,alternate_spreads,Dallas Cowboys,4.5,1.06
2026-10-08T23:58:04Z,closing,259b5df9aa0d10257f56de78523495e0,2026-10-09T00:18:00Z,Dallas Cowboys,Tampa Bay Buccaneers,fanduel,alternate_spreads,Dallas Cowboys,5.5,1.05
2026-10-08T23:58:04Z,closing,259b5df9aa0d10257f56de78523495e0,2026-10-09T00:18:00Z,Dallas Cowboys,Tampa Bay Buccaneers,fanduel,alternate_spreads,Dallas Cowboys,6.5,1.03
2026-10-08T23:58:04Z,closing,259b5df9aa0d10257f56de78523495e0,2026-10-09T00:18:00Z,Dallas Cowboys,Tampa Bay Buccaneers,fanduel,alternate_spreads,Dallas Cowboys,7.5,1.02
2026-10-08T23:58:04Z,closing,259b5df9aa0d10257f56de78523495e0,2026-10-09T00:18:00Z,Dallas Cowboys,Tampa Bay Buccaneers,fanduel,alternate_spreads,Dallas Cowboys,8.5,1.02
2026-10-08T23:58:04Z,closing,259b5df9aa0d10257f56de78523495e0,2026-10-09T00:18:00Z,Dallas Cowboys,Tampa Bay Buccaneers,fanduel,alternate_spreads,Dallas Cowboys,9.5,1.02
2026-10-08T23:58:04Z,closing,259b5df9aa0d10257f56de78523495e0,2026-10-09T00:18:00Z,Dallas Cowboys,Tampa Bay Buccaneers,fanduel,alternate_spreads,Dallas Cowboys,10.5,1.01
2026-10-08T23:58:04Z,closing,259b5df9aa0d10257f56de78523495e0,2026-10-09T00:18:00Z,Dallas Cowboys,Tampa Bay Buccaneers,fanduel,alternate_spreads,Dallas Cowboys,11.5,1.01
2026-10-08T23:58:04Z,closing,259b5df9aa0d10257f56de78523495e0,2026-10-09T00:18:00Z,Dallas Cowboys,Tampa Bay Buccaneers,fanduel,alternate_spreads,Dallas Cowboys,12.5,1.01
2026-10-08T23:58:04Z,closing,259b5df9aa0d10257f56de78523495e0,2026-10-09T00:18:00Z,Dallas Cowboys,Tampa Bay Buccaneers,fanduel,alternate_spreads,Dallas Cowboys,13.5,1.0
2026-10-08T23:58:04Z,closing,259b5df9aa0d10257f56de78523495e0,2026-10-09T00:18:00Z,Dallas Cowboys,Tampa Bay Buccaneers,fanduel,alternate_spreads,Dallas Cowboys,14.5,1.0
2026-10-08T23:58:04Z,closing,259b5df9aa0d10257f56de78523495e0,2026-10-09T00:18:00Z,Dallas Cowboys,Tampa Bay Buccaneers,fanduel,alternate_spreads,Dallas Cowboys,15.5,1.0
2026-10-08T23:58:04Z,closing,259b5df9aa0d10257f56de78523495e0,2026-10-09T00:18:00Z,Dallas Cowboys,Tampa Bay Buccaneers,fanduel,alternate_spreads,Dallas Cowboys,16.5,1.0
2026-10-08T23:58:04Z,closing,259b5df9aa0d10257f56de78523495e0,2026-10-09T00:18:00Z,Dallas Cowboys,Tampa Bay Buccaneers,fanduel,alternate_spreads,Tampa Bay Buccaneers,35.5,1.0
2026-10-08T23:58:04Z,closing,259b5df9aa0d10257f56de78523495e0,2026-10-09T00:18:00Z,Dallas Cowboys,Tampa Bay Buccaneers,fanduel,alternate_spreads,Tampa Bay Buccaneers,34.5,1.01
2026-10-08T23:58:04Z,closing,259b5df9aa0d10257f56de78523495e0,2026-10-09T00:18:00Z,Dallas Cowboys,Tampa Bay Buccaneers,fanduel,alternate_spreads,Tampa Bay Buccaneers,33.5,1.01
2026-10-08T23:58:04Z,closing,259b5df9aa0d10257f56de78523495e0,2026-10-09T00:18:00Z,Dallas Cowboys,Tampa Bay Buccaneers,fanduel,alternate_spreads,Tampa Bay Buccaneers,32.5,1.01
2026-10-08T23:58:04Z,closing,259b5df9aa0d10257f56de78523495e0,2026-10-09T00:18:00Z,Dallas Cowboys,Tampa Bay Buccaneers,fanduel,alternate_spreads,Tampa Bay Buccaneers,31.5,1.02
2026-10-08T23:58:04Z,closing,259b5df9aa0d10257f56de78523495e0,2026-10-09T00:18:00Z,Dallas Cowboys,Tampa Bay Buccaneers,fanduel,alternate_spreads,Tampa Bay Buccaneers,30.5,1.02
2026-10-08T23:58:04Z,closing,259b5df9aa0d10257f56de78523495e0,2026-10-09T00:18:00Z,Dallas Cowboys,Tampa Bay Buccaneers,fanduel,alternate_spreads,Tampa Bay Buccaneers,29.5,1.03
2026-10-08T23:58:04Z,closing,259b5df9aa0d10257f56de78523495e0,2026-10-09T00:18:00Z,Dallas Cowboys,Tampa Bay Buccaneers,fanduel,alternate_spreads,Tampa Bay Buccaneers,28.5,1.04
2026-10-08T23:58:04Z,closing,259b5df9aa0d10257f56de78523495e0,2026-10-09T00:18:00Z,Dallas Cowboys,Tampa Bay Buccaneers,fanduel,alternate_spreads,Tampa Bay Buccaneers,27.5,1.06
2026-10-08T23:58:04Z,closing,259b5df9aa0d10257f56de78523495e0,2026-10-09T00:18:00Z,Dallas Cowboys,Tampa Bay Buccaneers,fanduel,alternate_spreads,Tampa Bay Buccaneers,26.5,1.07
2026-10-08T23:58:04Z,closing,259b5df9aa0d10257f56de78523495e0,2026-10-09T00:18:00Z,Dallas Cowboys,Tampa Bay Buccaneers,fanduel,alternate_spreads,Tampa Bay Buccaneers,25.5,1.08
2026-10-08T23:58:04Z,closing,259b5df9aa0d10257f56de78523495e0,2026-10-09T00:18:00Z,Dallas Cowboys,Tampa Bay Buccaneers,fanduel,alternate_spreads,Tampa Bay Buccaneers,24.5,1.1
2026-10-08T23:58:04Z,closing,259b5df9aa0d10257f56de78523495e0,2026-10-09T00:18:00Z,Dallas Cowboys,Tampa Bay Buccaneers,fanduel,alternate_spreads,Tampa Bay Buccaneers,23.5,1.13
2026-10-08T23:58:04Z,closing,259b5df9aa0d10257f56de78523495e0,2026-10-09T00:18:00Z,Dallas Cowboys,Tampa Bay Buccaneers,fanduel,alternate_spreads,Tampa Bay Buccaneers,22.5,1.15
2026-10-08T23:58:04Z,closing,259b5df9aa0d10257f56de78523495e0,2026-10-09T00:18:00Z,Dallas Cowboys,Tampa Bay Buccaneers,fanduel,alternate_spreads,Tampa Bay Buccaneers,21.5,1.17
2026-10-08T23:58:04Z,closing,259b5df9aa0d10257f56de78523495e0,2026-10-09T00:18:00Z,Dallas Cowboys,Tampa Bay Buccaneers,fanduel,alternate_spreads,Tampa Bay Buccaneers,20.5,1.23
2026-10-08T23:58:04Z,closing,259b5df9aa0d10257f56de78523495e0,2026-10-09T00:18:00Z,Dallas Cowboys,Tampa Bay Buccaneers,fanduel,alternate_spreads,Tampa Bay Buccaneers,19.5,1.26
2026-10-08T23:58:04Z,closing,259b5df9aa0d10257f56de78523495e0,2026-10-09T00:18:00Z,Dallas Cowboys,Tampa Bay Buccaneers,fanduel,alternate_spreads,Tampa Bay Buccaneers,18.5,1.29
2026-10-08T23:58:04Z,closing,259b5df9aa0d10257f56de78523495e0,2026-10-09T00:18:00Z,Dallas Cowboys,Tampa Bay Buccaneers,fanduel,alternate_spreads,Tampa Bay Buccaneers,17.5,1.34
2026-10-08T23:58:04Z,closing,259b5df9aa0d10257f56de78523495e0,2026-10-09T00:18:00Z,Dallas Cowboys,Tampa Bay Buccaneers,fanduel,alternate_spreads,Tampa Bay Buccaneers,16.5,1.4
2026-10-08T23:58:04Z,closing,259b5df9aa0d10257f56de78523495e0,2026-10-09T00:18:00Z,Dallas Cowboys,Tampa Bay Buccaneers,fanduel,alternate_spreads,Tampa Bay Buccaneers,15.5,1.43
2026-10-08T23:58:04Z,closing,259b5df9aa0d10257f56de78523495e0,2026-10-09T00:18:00Z,Dallas Cowboys,Tampa Bay Buccaneers,fanduel,alternate_spreads,Tampa Bay Buccaneers,14.5,1.48
2026-10-08T23:58:04Z,closing,259b5df9aa0d10257f56de78523495e0,2026-10-09T00:18:00Z,Dallas Cowboys,Tampa Bay Buccaneers,fanduel,alternate_spreads,Tampa Bay Buccaneers,13.5,1.59
2026-10-08T23:58:04Z,closing,259b5df9aa0d10257f56de78523495e0,2026-10-09T00:18:00Z,Dallas Cowboys,Tampa Bay Buccaneers,fanduel,alternate_spreads,Tampa Bay Buccaneers,12.5,1.64
2026-10-08T23:58:04Z,closing,259b5df9aa0d10257f56de78523495e0,2026-10-09T00:18:00Z,Dallas Cowboys,Tampa Bay Buccaneers,fanduel,alternate_spreads,Tampa Bay Buccaneers,11.5,1.7
2026-10-08T23:58:04Z,closing,259b5df9aa0d10257f56de78523495e0,2026-10-09T00:18:00Z,Dallas Cowboys,Tampa Bay Buccaneers,fanduel,alternate_spreads,Tampa Bay Buccaneers,10.5,1.78
2026-10-08T23:58:04Z,closing,259b5df9aa0d10257f56de78523495e0,2026-10-09T00:18:00Z,Dallas Cowboys,Tampa Bay Buccaneers,fanduel,alternate_spreads,Tampa Bay Buccaneers,9.5,1.9
2026-10-08T23:58:04Z,closing,259b5df9aa0d10257f56de78523495e0,2026-10-09T00:18:00Z,Dallas Cowboys,Tampa Bay Buccaneers,fanduel,alternate_spreads,Tampa Bay Buccaneers,8.5,1.94
2026-10-08T23:58:04Z,closing,259b5df9aa0d10257f56de78523495e0,2026-10-09T00:18:00Z,Dallas Cowboys,Tampa Bay Buccaneers,fanduel,alternate_spreads,Tampa Bay Buccaneers,7.5,2.12
2026-10-08T23:58:04Z,closing,259b5df9aa0d10257f56de78523495e0,2026-10-09T00:18:00Z,Dallas Cowboys,Tampa Bay Buccaneers,fanduel,alternate_spreads,Tampa Bay Buccaneers,6.5,2.52
2026-10-08T23:58:04Z,closing,259b5df9aa0d10257f56de78523495e0,2026-10-09T00:18:00Z,Dallas Cowboys,Tampa Bay Buccaneers,fanduel,alternate_spreads,Tampa Bay Buccaneers,5.5,2.76
2026-10-08T23:58:04Z,closing,259b5df9aa0d10257f56de78523495e0,2026-10-09T00:18:00Z,Dallas Cowboys,Tampa Bay Buccaneers,fanduel,alternate_spreads,Tampa Bay Buccaneers,4.5,3.0
2026-10-08T23:58:04Z,closing,259b5df9aa0d10257f56de78523495e0,2026-10-09T00:18:00Z,Dallas Cowboys,Tampa Bay Buccaneers,fanduel,alternate_spreads,Tampa Bay Buccaneers,3.5,3.3
2026-10-08T23:58:04Z,closing,259b5df9aa0d10257f56de78523495e0,2026-10-09T00:18:00Z,Dallas Cowboys,Tampa Bay Buccaneers,fanduel,alternate_spreads,Tampa Bay Buccaneers,2.5,3.9
2026-10-08T23:58:04Z,closing,259b5df9aa0d10257f56de78523495e0,2026-10-09T00:18:00Z,Dallas Cowboys,Tampa Bay Buccaneers,fanduel,alternate_spreads,Tampa Bay Buccaneers,1.5,4.2
2026-10-08T23:58:04Z,closing,259b5df9aa0d10257f56de78523495e0,2026-10-09T00:18:00Z,Dallas Cowboys,Tampa Bay Buccaneers,fanduel,alternate_spreads,Tampa Bay Buccaneers,-1.5,5.2
2026-10-08T23:58:04Z,closing,259b5df9aa0d10257f56de78523495e0,2026-10-09T00:18:00Z,Dallas Cowboys,Tampa Bay Buccaneers,fanduel,alternate_spreads,Tampa Bay Buccaneers,-2.5,5.5
2026-10-08T23:58:04Z,closing,259b5df9aa0d10257f56de78523495e0,2026-10-09T00:18:00Z,Dallas Cowboys,Tampa Bay Buccaneers,fanduel,alternate_spreads,Tampa Bay Buccaneers,-3.5,7.8
2026-10-08T23:58:04Z,closing,259b5df9aa0d10257f56de78523495e0,2026-10-09T00:18:00Z,Dallas Cowboys,Tampa Bay Buccaneers,fanduel,alternate_spreads,Tampa Bay Buccaneers,-4.5,9.0
2026-10-08T23:58:04Z,closing,259b5df9aa0d10257f56de78523495e0,2026-10-09T00:18:00Z,Dallas Cowboys,Tampa Bay Buccaneers,fanduel,alternate_spreads,Tampa Bay Buccaneers,-5.5,9.3
2026-10-08T23:58:04Z,closing,259b5df9aa0d10257f56de78523495e0,2026-10-09T00:18:00Z,Dallas Cowboys,Tampa Bay Buccaneers,fanduel,alternate_spreads,Tampa Bay Buccaneers,-6.5,11.0
2026-10-08T23:58:04Z,closing,259b5df9aa0d10257f56de78523495e0,2026-10-09T00:18:00Z,Dallas Cowboys,Tampa Bay Buccaneers,fanduel,alternate_spreads,Tampa Bay Buccaneers,-7.5,13.0
2026-10-08T23:58:04Z,closing,259b5df9aa0d10257f56de78523495e0,2026-10-09T00:18:00Z,Dallas Cowboys,Tampa Bay Buccaneers,fanduel,alternate_spreads,Tampa Bay Buccaneers,-8.5,15.0
2026-10-08T23:58:04Z,closing,259b5df9aa0d10257f56de78523495e0,2026-10-09T00:18:00Z,Dallas Cowboys,Tampa Bay Buccaneers,fanduel,alternate_spreads,Tampa Bay Buccaneers,-9.5,15.0
2026-10-08T23:58:04Z,closing,259b5df9aa0d10257f56de78523495e0,2026-10-09T00:18:00Z,Dallas Cowboys,Tampa Bay Buccaneers,fanduel,alternate_spreads,Tampa Bay Buccaneers,-10.5,16.0
2026-10-08T23:58:04Z,closing,259b5df9aa0d10257f56de78523495e0,2026-10-09T00:18:00Z,Dallas Cowboys,Tampa Bay Buccaneers,fanduel,alternate_spreads,Tampa Bay Buccaneers,-11.5,18.0
2026-10-08T23:58:04Z,closing,259b5df9aa0d10257f56de78523495e0,2026-10-09T00:18:00Z,Dallas Cowboys,Tampa Bay Buccaneers,fanduel,alternate_spreads,Tampa Bay Buccaneers,-12.5,18.0
2026-10-08T23:58:04Z,closing,259b5df9aa0d10257f56de78523495e0,2026-10-09T00:18:00Z,Dallas Cowboys,Tampa Bay Buccaneers,fanduel,alternate_spreads,Tampa Bay Buccaneers,-13.5,21.0
2026-10-08T23:58:04Z,closing,259b5df9aa0d10257f56de78523495e0,2026-10-09T00:18:00Z,Dallas Cowboys,Tampa Bay Buccaneers,fanduel,alternate_spreads,Tampa Bay Buccaneers,-14.5,26.0
2026-10-08T23:58:04Z,closing,259b5df9aa0d10257f56de78523495e0,2026-10-09T00:18:00Z,Dallas Cowboys,Tampa Bay Buccaneers,fanduel,alternate_spreads,Tampa Bay Buccaneers,-15.5,31.0
2026-10-08T23:58:04Z,closing,259b5df9aa0d10257f56de78523495e0,2026-10-09T00:18:00Z,Dallas Cowboys,Tampa Bay Buccaneers,fanduel,alternate_spreads,Tampa Bay Buccaneers,-16.5,31.0
2026-10-08T23:58:04Z,closing,259b5df9aa0d10257f56de78523495e0,2026-10-09T00:18:00Z,Dallas Cowboys,Tampa Bay Buccaneers,fanduel,alternate_totals,Over,22.5,1.0
2026-10-08T23:58:04Z,closing,259b5df9aa0d10257f56de78523495e0,2026-10-09T00:18:00Z,Dallas Cowboys,Tampa Bay Buccaneers,fanduel,alternate_totals,Over,23.5,1.0
2026-10-08T23:58:04Z,closing,259b5df9aa0d10257f56de78523495e0,2026-10-09T00:18:00Z,Dallas Cowboys,Tampa Bay Buccaneers,fanduel,alternate_totals,Over,24.5,1.0
2026-10-08T23:58:04Z,closing,259b5df9aa0d10257f56de78523495e0,2026-10-09T00:18:00Z,Dallas Cowboys,Tampa Bay Buccaneers,fanduel,alternate_totals,Over,25.5,1.01
2026-10-08T23:58:04Z,closing,259b5df9aa0d10257f56de78523495e0,2026-10-09T00:18:00Z,Dallas Cowboys,Tampa Bay Buccaneers,fanduel,alternate_totals,Over,26.5,1.01
2026-10-08T23:58:04Z,closing,259b5df9aa0d10257f56de78523495e0,2026-10-09T00:18:00Z,Dallas Cowboys,Tampa Bay Buccaneers,fanduel,alternate_totals,Over,27.5,1.02
2026-10-08T23:58:04Z,closing,259b5df9aa0d10257f56de78523495e0,2026-10-09T00:18:00Z,Dallas Cowboys,Tampa Bay Buccaneers,fanduel,alternate_totals,Over,28.5,1.02
2026-10-08T23:58:04Z,closing,259b5df9aa0d10257f56de78523495e0,2026-10-09T00:18:00Z,Dallas Cowboys,Tampa Bay Buccaneers,fanduel,alternate_totals,Over,29.5,1.02
2026-10-08T23:58:04Z,closing,259b5df9aa0d10257f56de78523495e0,2026-10-09T00:18:00Z,Dallas Cowboys,Tampa Bay Buccaneers,fanduel,alternate_totals,Over,30.5,1.03
2026-10-08T23:58:04Z,closing,259b5df9aa0d10257f56de78523495e0,2026-10-09T00:18:00Z,Dallas Cowboys,Tampa Bay Buccaneers,fanduel,alternate_totals,Over,31.5,1.04
2026-10-08T23:58:04Z,closing,259b5df9aa0d10257f56de78523495e0,2026-10-09T00:18:00Z,Dallas Cowboys,Tampa Bay Buccaneers,fanduel,alternate_totals,Over,32.5,1.05
2026-10-08T23:58:04Z,closing,259b5df9aa0d10257f56de78523495e0,2026-10-09T00:18:00Z,Dallas Cowboys,Tampa Bay Buccaneers,fanduel,alternate_totals,Over,33.5,1.07
2026-10-08T23:58:04Z,closing,259b5df9aa0d10257f56de78523495e0,2026-10-09T00:18:00Z,Dallas Cowboys,Tampa Bay Buccaneers,fanduel,alternate_totals,Over,34.5,1.1
2026-10-08T23:58:04Z,closing,259b5df9aa0d10257f56de78523495e0,2026-10-09T00:18:00Z,Dallas Cowboys,Tampa Bay Buccaneers,fanduel,alternate_totals,Over,35.5,1.11
2026-10-08T23:58:04Z,closing,259b5df9aa0d10257f56de78523495e0,2026-10-09T00:18:00Z,Dallas Cowboys,Tampa Bay Buccaneers,fanduel,alternate_totals,Over,36.5,1.13
2026-10-08T23:58:04Z,closing,259b5df9aa0d10257f56de78523495e0,2026-10-09T00:18:00Z,Dallas Cowboys,Tampa Bay Buccaneers,fanduel,alternate_totals,Over,37.5,1.17
2026-10-08T23:58:04Z,closing,259b5df9aa0d10257f56de78523495e0,2026-10-09T00:18:00Z,Dallas Cowboys,Tampa Bay Buccaneers,fanduel,alternate_totals,Over,38.5,1.19
2026-10-08T23:58:04Z,closing,259b5df9aa0d10257f56de78523495e0,2026-10-09T00:18:00Z,Dallas Cowboys,Tampa Bay Buccaneers,fanduel,alternate_totals,Over,39.5,1.22
2026-10-08T23:58:04Z,closing,259b5df9aa0d10257f56de78523495e0,2026-10-09T00:18:00Z,Dallas Cowboys,Tampa Bay Buccaneers,fanduel,alternate_totals,Over,40.5,1.26
2026-10-08T23:58:04Z,closing,259b5df9aa0d10257f56de78523495e0,2026-10-09T00:18:00Z,Dallas Cowboys,Tampa Bay Buccaneers,fanduel,alternate_totals,Over,41.5,1.32
2026-10-08T23:58:04Z,closing,259b5df9aa0d10257f56de78523495e0,2026-10-09T00:18:00Z,Dallas Cowboys,Tampa Bay Buccaneers,fanduel,alternate_totals,Over,42.5,1.34
2026-10-08T23:58:04Z,closing,259b5df9aa0d10257f56de78523495e0,2026-10-09T00:18:00Z,Dallas Cowboys,Tampa Bay Buccaneers,fanduel,alternate_totals,Over,43.5,1.4
2026-10-08T23:58:04Z,closing,259b5df9aa0d10257f56de78523495e0,2026-10-09T00:18:00Z,Dallas Cowboys,Tampa Bay Buccaneers,fanduel,alternate_totals,Over,44.5,1.49
2026-10-08T23:58:04Z,closing,259b5df9aa0d10257f56de78523495e0,2026-10-09T00:18:00Z,Dallas Cowboys,Tampa Bay Buccaneers,fanduel,alternate_totals,Over,45.5,1.54
2026-10-08T23:58:04Z,closing,259b5df9aa0d10257f56de78523495e0,2026-10-09T00:18:00Z,Dallas Cowboys,Tampa Bay Buccaneers,fanduel,alternate_totals,Over,46.5,1.6
2026-10-08T23:58:04Z,closing,259b5df9aa0d10257f56de78523495e0,2026-10-09T00:18:00Z,Dallas Cowboys,Tampa Bay Buccaneers,fanduel,alternate_totals,Over,47.5,1.71
2026-10-08T23:58:04Z,closing,259b5df9aa0d10257f56de78523495e0,2026-10-09T00:18:00Z,Dallas Cowboys,Tampa Bay Buccaneers,fanduel,alternate_totals,Over,48.5,1.83
2026-10-08T23:58:04Z,closing,259b5df9aa0d10257f56de78523495e0,2026-10-09T00:18:00Z,Dallas Cowboys,Tampa Bay Buccaneers,fanduel,alternate_totals,Over,49.5,1.9
2026-10-08T23:58:04Z,closing,259b5df9aa0d10257f56de78523495e0,2026-10-09T00:18:00Z,Dallas Cowboys,Tampa Bay Buccaneers,fanduel,alternate_totals,Over,50.5,2.02
2026-10-08T23:58:04Z,closing,259b5df9aa0d10257f56de78523495e0,2026-10-09T00:18:00Z,Dallas Cowboys,Tampa Bay Buccaneers,fanduel,alternate_totals,Over,51.5,2.24
2026-10-08T23:58:04Z,closing,259b5df9aa0d10257f56de78523495e0,2026-10-09T00:18:00Z,Dallas Cowboys,Tampa Bay Buccaneers,fanduel,alternate_totals,Over,52.5,2.38
2026-10-08T23:58:04Z,closing,259b5df9aa0d10257f56de78523495e0,2026-10-09T00:18:00Z,Dallas Cowboys,Tampa Bay Buccaneers,fanduel,alternate_totals,Over,53.5,2.5
2026-10-08T23:58:04Z,closing,259b5df9aa0d10257f56de78523495e0,2026-10-09T00:18:00Z,Dallas Cowboys,Tampa Bay Buccaneers,fanduel,alternate_totals,Over,54.5,2.72
2026-10-08T23:58:04Z,closing,259b5df9aa0d10257f56de78523495e0,2026-10-09T00:18:00Z,Dallas Cowboys,Tampa Bay Buccaneers,fanduel,alternate_totals,Over,55.5,3.0
2026-10-08T23:58:04Z,closing,259b5df9aa0d10257f56de78523495e0,2026-10-09T00:18:00Z,Dallas Cowboys,Tampa Bay Buccaneers,fanduel,alternate_totals,Over,56.5,3.2
2026-10-08T23:58:04Z,closing,259b5df9aa0d10257f56de78523495e0,2026-10-09T00:18:00Z,Dallas Cowboys,Tampa Bay Buccaneers,fanduel,alternate_totals,Over,57.5,3.4
2026-10-08T23:58:04Z,closing,259b5df9aa0d10257f56de78523495e0,2026-10-09T00:18:00Z,Dallas Cowboys,Tampa Bay Buccaneers,fanduel,alternate_totals,Over,58.5,3.85
2026-10-08T23:58:04Z,closing,259b5df9aa0d10257f56de78523495e0,2026-10-09T00:18:00Z,Dallas Cowboys,Tampa Bay Buccaneers,fanduel,alternate_totals,Over,59.5,4.1
2026-10-08T23:58:04Z,closing,259b5df9aa0d10257f56de78523495e0,2026-10-09T00:18:00Z,Dallas Cowboys,Tampa Bay Buccaneers,fanduel,alternate_totals,Over,60.5,4.3
2026-10-08T23:58:04Z,closing,259b5df9aa0d10257f56de78523495e0,2026-10-09T00:18:00Z,Dallas Cowboys,Tampa Bay Buccaneers,fanduel,alternate_totals,Over,61.5,4.9
2026-10-08T23:58:04Z,closing,259b5df9aa0d10257f56de78523495e0,2026-10-09T00:18:00Z,Dallas Cowboys,Tampa Bay Buccaneers,fanduel,alternate_totals,Over,62.5,5.4
2026-10-08T23:58:04Z,closing,259b5df9aa0d10257f56de78523495e0,2026-10-09T00:18:00Z,Dallas Cowboys,Tampa Bay Buccaneers,fanduel,alternate_totals,Over,63.5,5.8
2026-10-08T23:58:04Z,closing,259b5df9aa0d10257f56de78523495e0,2026-10-09T00:18:00Z,Dallas Cowboys,Tampa Bay Buccaneers,fanduel,alternate_totals,Over,64.5,6.2
2026-10-08T23:58:04Z,closing,259b5df9aa0d10257f56de78523495e0,2026-10-09T00:18:00Z,Dallas Cowboys,Tampa Bay Buccaneers,fanduel,alternate_totals,Over,65.5,7.0
2026-10-08T23:58:04Z,closing,259b5df9aa0d10257f56de78523495e0,2026-10-09T00:18:00Z,Dallas Cowboys,Tampa Bay Buccaneers,fanduel,alternate_totals,Over,66.5,7.8
2026-10-08T23:58:04Z,closing,259b5df9aa0d10257f56de78523495e0,2026-10-09T00:18:00Z,Dallas Cowboys,Tampa Bay Buccaneers,fanduel,alternate_totals,Over,67.5,8.5
2026-10-08T23:58:04Z,closing,259b5df9aa0d10257f56de78523495e0,2026-10-09T00:18:00Z,Dallas Cowboys,Tampa Bay Buccaneers,fanduel,alternate_totals,Over,68.5,9.3
2026-10-08T23:58:04Z,closing,259b5df9aa0d10257f56de78523495e0,2026-10-09T00:18:00Z,Dallas Cowboys,Tampa Bay Buccaneers,fanduel,alternate_totals,Over,69.5,11.0
2026-10-08T23:58:04Z,closing,259b5df9aa0d10257f56de78523495e0,2026-10-09T00:18:00Z,Dallas Cowboys,Tampa Bay Buccaneers,fanduel,alternate_totals,Over,70.5,11.6
2026-10-08T23:58:04Z,closing,259b5df9aa0d10257f56de78523495e0,2026-10-09T00:18:00Z,Dallas Cowboys,Tampa Bay Buccaneers,fanduel,alternate_totals,Over,71.5,12.0
2026-10-08T23:58:04Z,closing,259b5df9aa0d10257f56de78523495e0,2026-10-09T00:18:00Z,Dallas Cowboys,Tampa Bay Buccaneers,fanduel,alternate_totals,Over,72.5,14.0
2026-10-08T23:58:04Z,closing,259b5df9aa0d10257f56de78523495e0,2026-10-09T00:18:00Z,Dallas Cowboys,Tampa Bay Buccaneers,fanduel,alternate_totals,Over,73.5,15.0
2026-10-08T23:58:04Z,closing,259b5df9aa0d10257f56de78523495e0,2026-10-09T00:18:00Z,Dallas Cowboys,Tampa Bay Buccaneers,fanduel,alternate_totals,Over,74.5,15.0
2026-10-08T23:58:04Z,closing,259b5df9aa0d10257f56de78523495e0,2026-10-09T00:18:00Z,Dallas Cowboys,Tampa Bay Buccaneers,fanduel,alternate_totals,Over,75.5,16.0
2026-10-08T23:58:04Z,closing,259b5df9aa0d10257f56de78523495e0,2026-10-09T00:18:00Z,Dallas Cowboys,Tampa Bay Buccaneers,fanduel,alternate_totals,Over,76.5,18.0
2026-10-08T23:58:04Z,closing,259b5df9aa0d10257f56de78523495e0,2026-10-09T00:18:00Z,Dallas Cowboys,Tampa Bay Buccaneers,fanduel,alternate_totals,Over,77.5,19.0
2026-10-08T23:58:04Z,closing,259b5df9aa0d10257f56de78523495e0,2026-10-09T00:18:00Z,Dallas Cowboys,Tampa Bay Buccaneers,fanduel,alternate_totals,Under,22.5,36.0
2026-10-08T23:58:04Z,closing,259b5df9aa0d10257f56de78523495e0,2026-10-09T00:18:00Z,Dallas Cowboys,Tampa Bay Buccaneers,fanduel,alternate_totals,Under,23.5,26.0
2026-10-08T23:58:04Z,closing,259b5df9aa0d10257f56de78523495e0,2026-10-09T00:18:00Z,Dallas Cowboys,Tampa Bay Buccaneers,fanduel,alternate_totals,Under,24.5,21.0
2026-10-08T23:58:04Z,closing,259b5df9aa0d10257f56de78523495e0,2026-10-09T00:18:00Z,Dallas Cowboys,Tampa Bay Buccaneers,fanduel,alternate_totals,Under,25.5,19.0
2026-10-08T23:58:04Z,closing,259b5df9aa0d10257f56de78523495e0,2026-10-09T00:18:00Z,Dallas Cowboys,Tampa Bay Buccaneers,fanduel,alternate_totals,Under,26.5,16.0
2026-10-08T23:58:04Z,closing,259b5df9aa0d10257f56de78523495e0,2026-10-09T00:18:00Z,Dallas Cowboys,Tampa Bay Buccaneers,fanduel,alternate_totals,Under,27.5,15.0
2026-10-08T23:58:04Z,closing,259b5df9aa0d10257f56de78523495e0,2026-10-09T00:18:00Z,Dallas Cowboys,Tampa Bay Buccaneers,fanduel,alternate_totals,Under,28.5,14.0
2026-10-08T23:58:04Z,closing,259b5df9aa0d10257f56de78523495e0,2026-10-09T00:18:00Z,Dallas Cowboys,Tampa Bay Buccaneers,fanduel,alternate_totals,Under,29.5,13.0
2026-10-08T23:58:04Z,closing,259b5df9aa0d10257f56de78523495e0,2026-10-09T00:18:00Z,Dallas Cowboys,Tampa Bay Buccaneers,fanduel,alternate_totals,Under,30.5,11.0
2026-10-08T23:58:04Z,closing,259b5df9aa0d10257f56de78523495e0,2026-10-09T00:18:00Z,Dallas Cowboys,Tampa Bay Buccaneers,fanduel,alternate_totals,Under,31.5,10.0
2026-10-08T23:58:04Z,closing,259b5df9aa0d10257f56de78523495e0,2026-10-09T00:18:00Z,Dallas Cowboys,Tampa Bay Buccaneers,fanduel,alternate_totals,Under,32.5,9.3
2026-10-08T23:58:04Z,closing,259b5df9aa0d10257f56de78523495e0,2026-10-09T00:18:00Z,Dallas Cowboys,Tampa Bay Buccaneers,fanduel,alternate_totals,Under,33.5,7.8
2026-10-08T23:58:04Z,closing,259b5df9aa0d10257f56de78523495e0,2026-10-09T00:18:00Z,Dallas Cowboys,Tampa Bay Buccaneers,fanduel,alternate_totals,Under,34.5,6.6
2026-10-08T23:58:04Z,closing,259b5df9aa0d10257f56de78523495e0,2026-10-09T00:18:00Z,Dallas Cowboys,Tampa Bay Buccaneers,fanduel,alternate_totals,Under,35.5,6.2
2026-10-08T23:58:04Z,closing,259b5df9aa0d10257f56de78523495e0,2026-10-09T00:18:00Z,Dallas Cowboys,Tampa Bay Buccaneers,fanduel,alternate_totals,Under,36.5,5.6
2026-10-08T23:58:04Z,closing,259b5df9aa0d10257f56de78523495e0,2026-10-09T00:18:00Z,Dallas Cowboys,Tampa Bay Buccaneers,fanduel,alternate_totals,Under,37.5,4.9
2026-10-08T23:58:04Z,closing,259b5df9aa0d10257f56de78523495e0,2026-10-09T00:18:00Z,Dallas Cowboys,Tampa Bay Buccaneers,fanduel,alternate_totals,Under,38.5,4.5
2026-10-08T23:58:04Z,closing,259b5df9aa0d10257f56de78523495e0,2026-10-09T00:18:00Z,Dallas Cowboys,Tampa Bay Buccaneers,fanduel,alternate_totals,Under,39.5,4.2
2026-10-08T23:58:04Z,closing,259b5df9aa0d10257f56de78523495e0,2026-10-09T00:18:00Z,Dallas Cowboys,Tampa Bay Buccaneers,fanduel,alternate_totals,Under,40.5,3.8
2026-10-08T23:58:04Z,closing,259b5df9aa0d10257f56de78523495e0,2026-10-09T00:18:00Z,Dallas Cowboys,Tampa Bay Buccaneers,fanduel,alternate_totals,Under,41.5,3.3
2026-10-08T23:58:04Z,closing,259b5df9aa0d10257f56de78523495e0,2026-10-09T00:18:00Z,Dallas Cowboys,Tampa Bay Buccaneers,fanduel,alternate_totals,Under,42.5,3.15
2026-10-08T23:58:04Z,closing,259b5df9aa0d10257f56de78523495e0,2026-10-09T00:18:00Z,Dallas Cowboys,Tampa Bay Buccaneers,fanduel,alternate_totals,Under,43.5,2.9
2026-10-08T23:58:04Z,closing,259b5df9aa0d10257f56de78523495e0,2026-10-09T00:18:00Z,Dallas Cowboys,Tampa Bay Buccaneers,fanduel,alternate_totals,Under,44.5,2.58
2026-10-08T23:58:04Z,closing,259b5df9aa0d10257f56de78523495e0,2026-10-09T00:18:00Z,Dallas Cowboys,Tampa Bay Buccaneers,fanduel,alternate_totals,Under,45.5,2.42
2026-10-08T23:58:04Z,closing,259b5df9aa0d10257f56de78523495e0,2026-10-09T00:18:00Z,Dallas Cowboys,Tampa Bay Buccaneers,fanduel,alternate_totals,Under,46.5,2.3
2026-10-08T23:58:04Z,closing,259b5df9aa0d10257f56de78523495e0,2026-10-09T00:18:00Z,Dallas Cowboys,Tampa Bay Buccaneers,fanduel,alternate_totals,Under,47.5,2.1
2026-10-08T23:58:04Z,closing,259b5df9aa0d10257f56de78523495e0,2026-10-09T00:18:00Z,Dallas Cowboys,Tampa Bay Buccaneers,fanduel,alternate_totals,Under,48.5,1.96
2026-10-08T23:58:04Z,closing,259b5df9aa0d10257f56de78523495e0,2026-10-09T00:18:00Z,Dallas Cowboys,Tampa Bay Buccaneers,fanduel,alternate_totals,Under,49.5,1.87
2026-10-08T23:58:04Z,closing,259b5df9aa0d10257f56de78523495e0,2026-10-09T00:18:00Z,Dallas Cowboys,Tampa Bay Buccaneers,fanduel,alternate_totals,Under,50.5,1.77
2026-10-08T23:58:04Z,closing,259b5df9aa0d10257f56de78523495e0,2026-10-09T00:18:00Z,Dallas Cowboys,Tampa Bay Buccaneers,fanduel,alternate_totals,Under,51.5,1.63
2026-10-08T23:58:04Z,closing,259b5df9aa0d10257f56de78523495e0,2026-10-09T00:18:00Z,Dallas Cowboys,Tampa Bay Buccaneers,fanduel,alternate_totals,Under,52.5,1.56
2026-10-08T23:58:04Z,closing,259b5df9aa0d10257f56de78523495e0,2026-10-09T00:18:00Z,Dallas Cowboys,Tampa Bay Buccaneers,fanduel,alternate_totals,Under,53.5,1.52
2026-10-08T23:58:04Z,closing,259b5df9aa0d10257f56de78523495e0,2026-10-09T00:18:00Z,Dallas Cowboys,Tampa Bay Buccaneers,fanduel,alternate_totals,Under,54.5,1.44
2026-10-08T23:58:04Z,closing,259b5df9aa0d10257f56de78523495e0,2026-10-09T00:18:00Z,Dallas Cowboys,Tampa Bay Buccaneers,fanduel,alternate_totals,Under,55.5,1.38
2026-10-08T23:58:04Z,closing,259b5df9aa0d10257f56de78523495e0,2026-10-09T00:18:00Z,Dallas Cowboys,Tampa Bay Buccaneers,fanduel,alternate_totals,Under,56.5,1.34
2026-10-08T23:58:04Z,closing,259b5df9aa0d10257f56de78523495e0,2026-10-09T00:18:00Z,Dallas Cowboys,Tampa Bay Buccaneers,fanduel,alternate_totals,Under,57.5,1.3
2026-10-08T23:58:04Z,closing,259b5df9aa0d10257f56de78523495e0,2026-10-09T00:18:00Z,Dallas Cowboys,Tampa Bay Buccaneers,fanduel,alternate_totals,Under,58.5,1.25
2026-10-08T23:58:04Z,closing,259b5df9aa0d10257f56de78523495e0,2026-10-09T00:18:00Z,Dallas Cowboys,Tampa Bay Buccaneers,fanduel,alternate_totals,Under,59.5,1.23
2026-10-08T23:58:04Z,closing,259b5df9aa0d10257f56de78523495e0,2026-10-09T00:18:00Z,Dallas Cowboys,Tampa Bay Buccaneers,fanduel,alternate_totals,Under,60.5,1.21
2026-10-08T23:58:04Z,closing,259b5df9aa0d10257f56de78523495e0,2026-10-09T00:18:00Z,Dallas Cowboys,Tampa Bay Buccaneers,fanduel,alternate_totals,Under,61.5,1.17
2026-10-08T23:58:04Z,closing,259b5df9aa0d10257f56de78523495e0,2026-10-09T00:18:00Z,Dallas Cowboys,Tampa Bay Buccaneers,fanduel,alternate_totals,Under,62.5,1.14
2026-10-08T23:58:04Z,closing,259b5df9aa0d10257f56de78523495e0,2026-10-09T00:18:00Z,Dallas Cowboys,Tampa Bay Buccaneers,fanduel,alternate_totals,Under,63.5,1.12
2026-10-08T23:58:04Z,closing,259b5df9aa0d10257f56de78523495e0,2026-10-09T00:18:00Z,Dallas Cowboys,Tampa Bay Buccaneers,fanduel,alternate_totals,Under,64.5,1.11
2026-10-08T23:58:04Z,closing,259b5df9aa0d10257f56de78523495e0,2026-10-09T00:18:00Z,Dallas Cowboys,Tampa Bay Buccaneers,fanduel,alternate_totals,Under,65.5,1.09
2026-10-08T23:58:04Z,closing,259b5df9aa0d10257f56de78523495e0,2026-10-09T00:18:00Z,Dallas Cowboys,Tampa Bay Buccaneers,fanduel,alternate_totals,Under,66.5,1.07
2026-10-08T23:58:04Z,closing,259b5df9aa0d10257f56de78523495e0,2026-10-09T00:18:00Z,Dallas Cowboys,Tampa Bay Buccaneers,fanduel,alternate_totals,Under,67.5,1.06
2026-10-08T23:58:04Z,closing,259b5df9aa0d10257f56de78523495e0,2026-10-09T00:18:00Z,Dallas Cowboys,Tampa Bay Buccaneers,fanduel,alternate_totals,Under,68.5,1.05
2026-10-08T23:58:04Z,closing,259b5df9aa0d10257f56de78523495e0,2026-10-09T00:18:00Z,Dallas Cowboys,Tampa Bay Buccaneers,fanduel,alternate_totals,Under,69.5,1.03
2026-10-08T23:58:04Z,closing,259b5df9aa0d10257f56de78523495e0,2026-10-09T00:18:00Z,Dallas Cowboys,Tampa Bay Buccaneers,fanduel,alternate_totals,Under,70.5,1.03
2026-10-08T23:58:04Z,closing,259b5df9aa0d10257f56de78523495e0,2026-10-09T00:18:00Z,Dallas Cowboys,Tampa Bay Buccaneers,fanduel,alternate_totals,Under,71.5,1.02
2026-10-08T23:58:04Z,closing,259b5df9aa0d10257f56de78523495e0,2026-10-09T00:18:00Z,Dallas Cowboys,Tampa Bay Buccaneers,fanduel,alternate_totals,Under,72.5,1.02
2026-10-08T23:58:04Z,closing,259b5df9aa0d10257f56de78523495e0,2026-10-09T00:18:00Z,Dallas Cowboys,Tampa Bay Buccaneers,fanduel,alternate_totals,Under,73.5,1.02
2026-10-08T23:58:04Z,closing,259b5df9aa0d10257f56de78523495e0,2026-10-09T00:18:00Z,Dallas Cowboys,Tampa Bay Buccaneers,fanduel,alternate_totals,Under,74.5,1.02
2026-10-08T23:58:04Z,closing,259b5df9aa0d10257f56de78523495e0,2026-10-09T00:18:00Z,Dallas Cowboys,Tampa Bay Buccaneers,fanduel,alternate_totals,Under,75.5,1.01
2026-10-08T23:58:04Z,closing,259b5df9aa0d10257f56de78523495e0,2026-10-09T00:18:00Z,Dallas Cowboys,Tampa Bay Buccaneers,fanduel,alternate_totals,Under,76.5,1.01
2026-10-08T23:58:04Z,closing,259b5df9aa0d10257f56de78523495e0,2026-10-09T00:18:00Z,Dallas Cowboys,Tampa Bay Buccaneers,fanduel,alternate_totals,Under,77.5,1.01
2026-10-08T23:58:04Z,closing,259b5df9aa0d10257f56de78523495e0,2026-10-09T00:18:00Z,Dallas Cowboys,Tampa Bay Buccaneers,betrivers,alternate_spreads,Dallas Cowboys,-10.0,2.04
2026-10-08T23:58:04Z,closing,259b5df9aa0d10257f56de78523495e0,2026-10-09T00:18:00Z,Dallas Cowboys,Tampa Bay Buccaneers,betrivers,alternate_spreads,Dallas Cowboys,1.5,1.15
2026-10-08T23:58:04Z,closing,259b5df9aa0d10257f56de78523495e0,2026-10-09T00:18:00Z,Dallas Cowboys,Tampa Bay Buccaneers,betrivers,alternate_spreads,Dallas Cowboys,-16.0,3.1
2026-10-08T23:58:04Z,closing,259b5df9aa0d10257f56de78523495e0,2026-10-09T00:18:00Z,Dallas Cowboys,Tampa Bay Buccaneers,betrivers,alternate_spreads,Dallas Cowboys,-8.5,1.88
2026-10-08T23:58:04Z,closing,259b5df9aa0d10257f56de78523495e0,2026-10-09T00:18:00Z,Dallas Cowboys,Tampa Bay Buccaneers,betrivers,alternate_spreads,Dallas Cowboys,-15.5,2.95
2026-10-08T23:58:04Z,closing,259b5df9aa0d10257f56de78523495e0,2026-10-09T00:18:00Z,Dallas Cowboys,Tampa Bay Buccaneers,betrivers,alternate_spreads,Dallas Cowboys,2.0,1.14
2026-10-08T23:58:04Z,closing,259b5df9aa0d10257f56de78523495e0,2026-10-09T00:18:00Z,Dallas Cowboys,Tampa Bay Buccaneers,betrivers,alternate_spreads,Dallas Cowboys,2.5,1.13
2026-10-08T23:58:04Z,closing,259b5df9aa0d10257f56de78523495e0,2026-10-09T00:18:00Z,Dallas Cowboys,Tampa Bay Buccaneers,betrivers,alternate_spreads,Dallas Cowboys,-18.5,3.85
2026-10-08T23:58:04Z,closing,259b5df9aa0d10257f56de78523495e0,2026-10-09T00:18:00Z,Dallas Cowboys,Tampa Bay Buccaneers,betrivers,alternate_spreads,Dallas Cowboys,-14.0,2.65
2026-10-08T23:58:04Z,closing,259b5df9aa0d10257f56de78523495e0,2026-10-09T00:18:00Z,Dallas Cowboys,Tampa Bay Buccaneers,betrivers,alternate_spreads,Dallas Cowboys,0.5,1.18
2026-10-08T23:58:04Z,closing,259b5df9aa0d10257f56de78523495e0,2026-10-09T00:18:00Z,Dallas Cowboys,Tampa Bay Buccaneers,betrivers,alternate_spreads,Dallas Cowboys,-5.0,1.47
2026-10-08T23:58:04Z,closing,259b5df9aa0d10257f56de78523495e0,2026-10-09T00:18:00Z,Dallas Cowboys,Tampa Bay Buccaneers,betrivers,alternate_spreads,Dallas Cowboys,-7.5,1.78
2026-10-08T23:58:04Z,closing,259b5df9aa0d10257f56de78523495e0,2026-10-09T00:18:00Z,Dallas Cowboys,Tampa Bay Buccaneers,betrivers,alternate_spreads,Dallas Cowboys,-18.0,3.75
2026-10-08T23:58:04Z,closing,259b5df9aa0d10257f56de78523495e0,2026-10-09T00:18:00Z,Dallas Cowboys,Tampa Bay Buccaneers,betrivers,alternate_spreads,Dallas Cowboys,-9.0,1.92
2026-10-08T23:58:04Z,closing,259b5df9aa0d10257f56de78523495e0,2026-10-09T00:18:00Z,Dallas Cowboys,Tampa Bay Buccaneers,betrivers,alternate_spreads,Dallas Cowboys,-19.0,4.0
2026-10-08T23:58:04Z,closing,259b5df9aa0d10257f56de78523495e0,2026-10-09T00:18:00Z,Dallas Cowboys,Tampa Bay Buccaneers,betrivers,alternate_spreads,Dallas Cowboys,0.0,1.18
2026-10-08T23:58:04Z,closing,259b5df9aa0d10257f56de78523495e0,2026-10-09T00:18:00Z,Dallas Cowboys,Tampa Bay Buccaneers,betrivers,alternate_spreads,Dallas Cowboys,-20.0,4.4
2026-10-08T23:58:04Z,closing,259b5df9aa0d10257f56de78523495e0,2026-10-09T00:18:00Z,Dallas Cowboys,Tampa Bay Buccaneers,betrivers,alternate_spreads,Dallas Cowboys,-14.5,2.8
2026-10-08T23:58:04Z,closing,259b5df9aa0d10257f56de78523495e0,2026-10-09T00:18:00Z,Dallas Cowboys,Tampa Bay Buccaneers,betrivers,alternate_spreads,Dallas Cowboys,-20.5,4.5
2026-10-08T23:58:04Z,closing,259b5df9aa0d10257f56de78523495e0,2026-10-09T00:18:00Z,Dallas Cowboys,Tampa Bay Buccaneers,betrivers,alternate_spreads,Dallas Cowboys,-1.0,1.21
2026-10-08T23:58:04Z,closing,259b5df9aa0d10257f56de78523495e0,2026-10-09T00:18:00Z,Dallas Cowboys,Tampa Bay Buccaneers,betrivers,alternate_spreads,Dallas Cowboys,-0.5,1.18
2026-10-08T23:58:04Z,closing,259b5df9aa0d10257f56de78523495e0,2026-10-09T00:18:00Z,Dallas Cowboys,Tampa Bay Buccaneers,betrivers,alternate_spreads,Dallas Cowboys,-19.5,4.1
2026-10-08T23:58:04Z,closing,259b5df9aa0d10257f56de78523495e0,2026-10-09T00:18:00Z,Dallas Cowboys,Tampa Bay Buccaneers,betrivers,alternate_spreads,Dallas Cowboys,-8.0,1.83
2026-10-08T23:58:04Z,closing,259b5df9aa0d10257f56de78523495e0,2026-10-09T00:18:00Z,Dallas Cowboys,Tampa Bay Buccaneers,betrivers,alternate_spreads,Dallas Cowboys,-15.0,2.9
2026-10-08T23:58:04Z,closing,259b5df9aa0d10257f56de78523495e0,2026-10-09T00:18:00Z,Dallas Cowboys,Tampa Bay Buccaneers,betrivers,alternate_spreads,Dallas Cowboys,-17.5,3.5
2026-10-08T23:58:04Z,closing,259b5df9aa0d10257f56de78523495e0,2026-10-09T00:18:00Z,Dallas Cowboys,Tampa Bay Buccaneers,betrivers,alternate_spreads,Dallas Cowboys,-2.5,1.27
2026-10-08T23:58:04Z,closing,259b5df9aa0d10257f56de78523495e0,2026-10-09T00:18:00Z,Dallas Cowboys,Tampa Bay Buccaneers,betrivers,alternate_spreads,Dallas Cowboys,-6.0,1.54
2026-10-08T23:58:04Z,closing,259b5df9aa0d10257f56de78523495e0,2026-10-09T00:18:00Z,Dallas Cowboys,Tampa Bay Buccaneers,betrivers,alternate_spreads,Dallas Cowboys,-10.5,2.12
2026-10-08T23:58:04Z,closing,259b5df9aa0d10257f56de78523495e0,2026-10-09T00:18:00Z,Dallas Cowboys,Tampa Bay Buccaneers,betrivers,alternate_spreads,Dallas Cowboys,-5.5,1.5
2026-10-08T23:58:04Z,closing,259b5df9aa0d10257f56de78523495e0,2026-10-09T00:18:00Z,Dallas Cowboys,Tampa Bay Buccaneers,betrivers,alternate_spreads,Dallas Cowboys,-21.0,5.1
2026-10-08T23:58:04Z,closing,259b5df9aa0d10257f56de78523495e0,2026-10-09T00:18:00Z,Dallas Cowboys,Tampa Bay Buccaneers,betrivers,alternate_spreads,Dallas Cowboys,-3.0,1.3
2026-10-08T23:58:04Z,closing,259b5df9aa0d10257f56de78523495e0,2026-10-09T00:18:00Z,Dallas Cowboys,Tampa Bay Buccaneers,betrivers,alternate_spreads,Dallas Cowboys,-2.0,1.24
2026-10-08T23:58:04Z,closing,259b5df9aa0d10257f56de78523495e0,2026-10-09T00:18:00Z,Dallas Cowboys,Tampa Bay Buccaneers,betrivers,alternate_spreads,Dallas Cowboys,-12.5,2.35
2026-10-08T23:58:04Z,closing,259b5df9aa0d10257f56de78523495e0,2026-10-09T00:18:00Z,Dallas Cowboys,Tampa Bay Buccaneers,betrivers,alternate_spreads,Dallas Cowboys,-6.5,1.6
2026-10-08T23:58:04Z,closing,259b5df9aa0d10257f56de78523495e0,2026-10-09T00:18:00Z,Dallas Cowboys,Tampa Bay Buccaneers,betrivers,alternate_spreads,Dallas Cowboys,-9.5,1.94
2026-10-08T23:58:04Z,closing,259b5df9aa0d10257f56de78523495e0,2026-10-09T00:18:00Z,Dallas Cowboys,Tampa Bay Buccaneers,betrivers,alternate_spreads,Dallas Cowboys,-17.0,3.4
2026-10-08T23:58:04Z,closing,259b5df9aa0d10257f56de78523495e0,2026-10-09T00:18:00Z,Dallas Cowboys,Tampa Bay Buccaneers,betrivers,alternate_spreads,Dallas Cowboys,-7.0,1.67
2026-10-08T23:58:04Z,closing,259b5df9aa0d10257f56de78523495e0,2026-10-09T00:18:00Z,Dallas Cowboys,Tampa Bay Buccaneers,betrivers,alternate_spreads,Dallas Cowboys,-21.5,5.25
2026-10-08T23:58:04Z,closing,259b5df9aa0d10257f56de78523495e0,2026-10-09T00:18:00Z,Dallas Cowboys,Tampa Bay Buccaneers,betrivers,alternate_spreads,Dallas Cowboys,-1.5,1.23
2026-10-08T23:58:04Z,closing,259b5df9aa0d10257f56de78523495e0,2026-10-09T00:18:00Z,Dallas Cowboys,Tampa Bay Buccaneers,betrivers,alternate_spreads,Dallas Cowboys,-16.5,3.15
2026-10-08T23:58:04Z,closing,259b5df9aa0d10257f56de78523495e0,2026-10-09T00:18:00Z,Dallas Cowboys,Tampa Bay Buccaneers,betrivers,alternate_spreads,Dallas Cowboys,1.0,1.16
2026-10-08T23:58:04Z,closing,259b5df9aa0d10257f56de78523495e0,2026-10-09T00:18:00Z,Dallas Cowboys,Tampa Bay Buccaneers,betrivers,alternate_spreads,Dallas Cowboys,-11.5,2.23
2026-10-08T23:58:04Z,closing,259b5df9aa0d10257f56de78523495e0,2026-10-09T00:18:00Z,Dallas Cowboys,Tampa Bay Buccaneers,betrivers,alternate_spreads,Dallas Cowboys,-4.0,1.41
2026-10-08T23:58:04Z,closing,259b5df9aa0d10257f56de78523495e0,2026-10-09T00:18:00Z,Dallas Cowboys,Tampa Bay Buccaneers,betrivers,alternate_spreads,Dallas Cowboys,-12.0,2.3
2026-10-08T23:58:04Z,closing,259b5df9aa0d10257f56de78523495e0,2026-10-09T00:18:00Z,Dallas Cowboys,Tampa Bay Buccaneers,betrivers,alternate_spreads,Dallas Cowboys,-3.5,1.38
2026-10-08T23:58:04Z,closing,259b5df9aa0d10257f56de78523495e0,2026-10-09T00:18:00Z,Dallas Cowboys,Tampa Bay Buccaneers,betrivers,alternate_spreads,Dallas Cowboys,-13.0,2.43
2026-10-08T23:58:04Z,closing,259b5df9aa0d10257f56de78523495e0,2026-10-09T00:18:00Z,Dallas Cowboys,Tampa Bay Buccaneers,betrivers,alternate_spreads,Dallas Cowboys,-11.0,2.18
2026-10-08T23:58:04Z,closing,259b5df9aa0d10257f56de78523495e0,2026-10-09T00:18:00Z,Dallas Cowboys,Tampa Bay Buccaneers,betrivers,alternate_spreads,Dallas Cowboys,-4.5,1.44
2026-10-08T23:58:04Z,closing,259b5df9aa0d10257f56de78523495e0,2026-10-09T00:18:00Z,Dallas Cowboys,Tampa Bay Buccaneers,betrivers,alternate_spreads,Dallas Cowboys,-13.5,2.48
2026-10-08T23:58:04Z,closing,259b5df9aa0d10257f56de78523495e0,2026-10-09T00:18:00Z,Dallas Cowboys,Tampa Bay Buccaneers,betrivers,alternate_spreads,Tampa Bay Buccaneers,10.0,1.8
2026-10-08T23:58:04Z,closing,259b5df9aa0d10257f56de78523495e0,2026-10-09T00:18:00Z,Dallas Cowboys,Tampa Bay Buccaneers,betrivers,alternate_spreads,Tampa Bay Buccaneers,-1.5,4.6
2026-10-08T23:58:04Z,closing,259b5df9aa0d10257f56de78523495e0,2026-10-09T00:18:00Z,Dallas Cowboys,Tampa Bay Buccaneers,betrivers,alternate_spreads,Tampa Bay Buccaneers,16.0,1.36
2026-10-08T23:58:04Z,closing,259b5df9aa0d10257f56de78523495e0,2026-10-09T00:18:00Z,Dallas Cowboys,Tampa Bay Buccaneers,betrivers,alternate_spreads,Tampa Bay Buccaneers,8.5,1.93
2026-10-08T23:58:04Z,closing,259b5df9aa0d10257f56de78523495e0,2026-10-09T00:18:00Z,Dallas Cowboys,Tampa Bay Buccaneers,betrivers,alternate_spreads,Tampa Bay Buccaneers,15.5,1.38
2026-10-08T23:58:04Z,closing,259b5df9aa0d10257f56de78523495e0,2026-10-09T00:18:00Z,Dallas Cowboys,Tampa Bay Buccaneers,betrivers,alternate_spreads,Tampa Bay Buccaneers,-2.0,4.8
2026-10-08T23:58:04Z,closing,259b5df9aa0d10257f56de78523495e0,2026-10-09T00:18:00Z,Dallas Cowboys,Tampa Bay Buccaneers,betrivers,alternate_spreads,Tampa Bay Buccaneers,-2.5,4.8
2026-10-08T23:58:04Z,closing,259b5df9aa0d10257f56de78523495e0,2026-10-09T00:18:00Z,Dallas Cowboys,Tampa Bay Buccaneers,betrivers,alternate_spreads,Tampa Bay Buccaneers,18.5,1.24
2026-10-08T23:58:04Z,closing,259b5df9aa0d10257f56de78523495e0,2026-10-09T00:18:00Z,Dallas Cowboys,Tampa Bay Buccaneers,betrivers,alternate_spreads,Tampa Bay Buccaneers,14.0,1.45
2026-10-08T23:58:04Z,closing,259b5df9aa0d10257f56de78523495e0,2026-10-09T00:18:00Z,Dallas Cowboys,Tampa Bay Buccaneers,betrivers,alternate_spreads,Tampa Bay Buccaneers,-0.5,4.4
2026-10-08T23:58:04Z,closing,259b5df9aa0d10257f56de78523495e0,2026-10-09T00:18:00Z,Dallas Cowboys,Tampa Bay Buccaneers,betrivers,alternate_spreads,Tampa Bay Buccaneers,5.0,2.65
2026-10-08T23:58:04Z,closing,259b5df9aa0d10257f56de78523495e0,2026-10-09T00:18:00Z,Dallas Cowboys,Tampa Bay Buccaneers,betrivers,alternate_spreads,Tampa Bay Buccaneers,7.5,2.05
2026-10-08T23:58:04Z,closing,259b5df9aa0d10257f56de78523495e0,2026-10-09T00:18:00Z,Dallas Cowboys,Tampa Bay Buccaneers,betrivers,alternate_spreads,Tampa Bay Buccaneers,18.0,1.25
2026-10-08T23:58:04Z,closing,259b5df9aa0d10257f56de78523495e0,2026-10-09T00:18:00Z,Dallas Cowboys,Tampa Bay Buccaneers,betrivers,alternate_spreads,Tampa Bay Buccaneers,9.0,1.89
2026-10-08T23:58:04Z,closing,259b5df9aa0d10257f56de78523495e0,2026-10-09T00:18:00Z,Dallas Cowboys,Tampa Bay Buccaneers,betrivers,alternate_spreads,Tampa Bay Buccaneers,19.0,1.22
2026-10-08T23:58:04Z,closing,259b5df9aa0d10257f56de78523495e0,2026-10-09T00:18:00Z,Dallas Cowboys,Tampa Bay Buccaneers,betrivers,alternate_spreads,Tampa Bay Buccaneers,0.0,4.25
2026-10-08T23:58:04Z,closing,259b5df9aa0d10257f56de78523495e0,2026-10-09T00:18:00Z,Dallas Cowboys,Tampa Bay Buccaneers,betrivers,alternate_spreads,Tampa Bay Buccaneers,20.0,1.18
2026-10-08T23:58:04Z,closing,259b5df9aa0d10257f56de78523495e0,2026-10-09T00:18:00Z,Dallas Cowboys,Tampa Bay Buccaneers,betrivers,alternate_spreads,Tampa Bay Buccaneers,14.5,1.43
2026-10-08T23:58:04Z,closing,259b5df9aa0d10257f56de78523495e0,2026-10-09T00:18:00Z,Dallas Cowboys,Tampa Bay Buccaneers,betrivers,alternate_spreads,Tampa Bay Buccaneers,20.5,1.18
2026-10-08T23:58:04Z,closing,259b5df9aa0d10257f56de78523495e0,2026-10-09T00:18:00Z,Dallas Cowboys,Tampa Bay Buccaneers,betrivers,alternate_spreads,Tampa Bay Buccaneers,1.0,4.1
2026-10-08T23:58:04Z,closing,259b5df9aa0d10257f56de78523495e0,2026-10-09T00:18:00Z,Dallas Cowboys,Tampa Bay Buccaneers,betrivers,alternate_spreads,Tampa Bay Buccaneers,0.5,4.3
2026-10-08T23:58:04Z,closing,259b5df9aa0d10257f56de78523495e0,2026-10-09T00:18:00Z,Dallas Cowboys,Tampa Bay Buccaneers,betrivers,alternate_spreads,Tampa Bay Buccaneers,19.5,1.21
2026-10-08T23:58:04Z,closing,259b5df9aa0d10257f56de78523495e0,2026-10-09T00:18:00Z,Dallas Cowboys,Tampa Bay Buccaneers,betrivers,alternate_spreads,Tampa Bay Buccaneers,8.0,2.0
2026-10-08T23:58:04Z,closing,259b5df9aa0d10257f56de78523495e0,2026-10-09T00:18:00Z,Dallas Cowboys,Tampa Bay Buccaneers,betrivers,alternate_spreads,Tampa Bay Buccaneers,15.0,1.4
2026-10-08T23:58:04Z,closing,259b5df9aa0d10257f56de78523495e0,2026-10-09T00:18:00Z,Dallas Cowboys,Tampa Bay Buccaneers,betrivers,alternate_spreads,Tampa Bay Buccaneers,17.5,1.28
2026-10-08T23:58:04Z,closing,259b5df9aa0d10257f56de78523495e0,2026-10-09T00:18:00Z,Dallas Cowboys,Tampa Bay Buccaneers,betrivers,alternate_spreads,Tampa Bay Buccaneers,2.5,3.6
2026-10-08T23:58:04Z,closing,259b5df9aa0d10257f56de78523495e0,2026-10-09T00:18:00Z,Dallas Cowboys,Tampa Bay Buccaneers,betrivers,alternate_spreads,Tampa Bay Buccaneers,6.0,2.48
2026-10-08T23:58:04Z,closing,259b5df9aa0d10257f56de78523495e0,2026-10-09T00:18:00Z,Dallas Cowboys,Tampa Bay Buccaneers,betrivers,alternate_spreads,Tampa Bay Buccaneers,10.5,1.73
2026-10-08T23:58:04Z,closing,259b5df9aa0d10257f56de78523495e0,2026-10-09T00:18:00Z,Dallas Cowboys,Tampa Bay Buccaneers,betrivers,alternate_spreads,Tampa Bay Buccaneers,5.5,2.55
2026-10-08T23:58:04Z,closing,259b5df9aa0d10257f56de78523495e0,2026-10-09T00:18:00Z,Dallas Cowboys,Tampa Bay Buccaneers,betrivers,alternate_spreads,Tampa Bay Buccaneers,21.0,1.14
2026-10-08T23:58:04Z,closing,259b5df9aa0d10257f56de78523495e0,2026-10-09T00:18:00Z,Dallas Cowboys,Tampa Bay Buccaneers,betrivers,alternate_spreads,Tampa Bay Buccaneers,3.0,3.4
2026-10-08T23:58:04Z,closing,259b5df9aa0d10257f56de78523495e0,2026-10-09T00:18:00Z,Dallas Cowboys,Tampa Bay Buccaneers,betrivers,alternate_spreads,Tampa Bay Buccaneers,2.0,3.8
2026-10-08T23:58:04Z,closing,259b5df9aa0d10257f56de78523495e0,2026-10-09T00:18:00Z,Dallas Cowboys,Tampa Bay Buccaneers,betrivers,alternate_spreads,Tampa Bay Buccaneers,12.5,1.6
2026-10-08T23:58:04Z,closing,259b5df9aa0d10257f56de78523495e0,2026-10-09T00:18:00Z,Dallas Cowboys,Tampa Bay Buccaneers,betrivers,alternate_spreads,Tampa Bay Buccaneers,6.5,2.35
2026-10-08T23:58:04Z,closing,259b5df9aa0d10257f56de78523495e0,2026-10-09T00:18:00Z,Dallas Cowboys,Tampa Bay Buccaneers,betrivers,alternate_spreads,Tampa Bay Buccaneers,9.5,1.87
2026-10-08T23:58:04Z,closing,259b5df9aa0d10257f56de78523495e0,2026-10-09T00:18:00Z,Dallas Cowboys,Tampa Bay Buccaneers,betrivers,alternate_spreads,Tampa Bay Buccaneers,17.0,1.3
2026-10-08T23:58:04Z,closing,259b5df9aa0d10257f56de78523495e0,2026-10-09T00:18:00Z,Dallas Cowboys,Tampa Bay Buccaneers,betrivers,alternate_spreads,Tampa Bay Buccaneers,7.0,2.2
2026-10-08T23:58:04Z,closing,259b5df9aa0d10257f56de78523495e0,2026-10-09T00:18:00Z,Dallas Cowboys,Tampa Bay Buccaneers,betrivers,alternate_spreads,Tampa Bay Buccaneers,21.5,1.13
2026-10-08T23:58:04Z,closing,259b5df9aa0d10257f56de78523495e0,2026-10-09T00:18:00Z,Dallas Cowboys,Tampa Bay Buccaneers,betrivers,alternate_spreads,Tampa Bay Buccaneers,1.5,3.9
2026-10-08T23:58:04Z,closing,259b5df9aa0d10257f56de78523495e0,2026-10-09T00:18:00Z,Dallas Cowboys,Tampa Bay Buccaneers,betrivers,alternate_spreads,Tampa Bay Buccaneers,16.5,1.34
2026-10-08T23:58:04Z,closing,259b5df9aa0d10257f56de78523495e0,2026-10-09T00:18:00Z,Dallas Cowboys,Tampa Bay Buccaneers,betrivers,alternate_spreads,Tampa Bay Buccaneers,-1.0,4.5
2026-10-08T23:58:04Z,closing,259b5df9aa0d10257f56de78523495e0,2026-10-09T00:18:00Z,Dallas Cowboys,Tampa Bay Buccaneers,betrivers,alternate_spreads,Tampa Bay Buccaneers,11.5,1.65
2026-10-08T23:58:04Z,closing,259b5df9aa0d10257f56de78523495e0,2026-10-09T00:18:00Z,Dallas Cowboys,Tampa Bay Buccaneers,betrivers,alternate_spreads,Tampa Bay Buccaneers,4.0,2.88
2026-10-08T23:58:04Z,closing,259b5df9aa0d10257f56de78523495e0,2026-10-09T00:18:00Z,Dallas Cowboys,Tampa Bay Buccaneers,betrivers,alternate_spreads,Tampa Bay Buccaneers,12.0,1.62
2026-10-08T23:58:04Z,closing,259b5df9aa0d10257f56de78523495e0,2026-10-09T00:18:00Z,Dallas Cowboys,Tampa Bay Buccaneers,betrivers,alternate_spreads,Tampa Bay Buccaneers,3.5,2.95
2026-10-08T23:58:04Z,closing,259b5df9aa0d10257f56de78523495e0,2026-10-09T00:18:00Z,Dallas Cowboys,Tampa Bay Buccaneers,betrivers,alternate_spreads,Tampa Bay Buccaneers,13.0,1.56
2026-10-08T23:58:04Z,closing,259b5df9aa0d10257f56de78523495e0,2026-10-09T00:18:00Z,Dallas Cowboys,Tampa Bay Buccaneers,betrivers,alternate_spreads,Tampa Bay Buccaneers,11.0,1.68
2026-10-08T23:58:04Z,closing,259b5df9aa0d10257f56de78523495e0,2026-10-09T00:18:00Z,Dallas Cowboys,Tampa Bay Buccaneers,betrivers,alternate_spreads,Tampa Bay Buccaneers,4.5,2.7
2026-10-08T23:58:04Z,closing,259b5df9aa0d10257f56de78523495e0,2026-10-09T00:18:00Z,Dallas Cowboys,Tampa Bay Buccaneers,betrivers,alternate_spreads,Tampa Bay Buccaneers,13.5,1.54
2026-10-08T23:58:04Z,closing,259b5df9aa0d10257f56de78523495e0,2026-10-09T00:18:00Z,Dallas Cowboys,Tampa Bay Buccaneers,betmgm,alternate_spreads,Dallas Cowboys,-9.5,1.95
2026-10-08T23:58:04Z,closing,259b5df9aa0d10257f56de78523495e0,2026-10-09T00:18:00Z,Dallas Cowboys,Tampa Bay Buccaneers,betmgm,alternate_spreads,Dallas Cowboys,-10.0,1.95
2026-10-08T23:58:04Z,closing,259b5df9aa0d10257f56de78523495e0,2026-10-09T00:18:00Z,Dallas Cowboys,Tampa Bay Buccaneers,betmgm,alternate_spreads,Dallas Cowboys,-11.0,2.1
2026-10-08T23:58:04Z,closing,259b5df9aa0d10257f56de78523495e0,2026-10-09T00:18:00Z,Dallas Cowboys,Tampa Bay Buccaneers,betmgm,alternate_spreads,Dallas Cowboys,-10.5,2.05
2026-10-08T23:58:04Z,closing,259b5df9aa0d10257f56de78523495e0,2026-10-09T00:18:00Z,Dallas Cowboys,Tampa Bay Buccaneers,betmgm,alternate_spreads,Dallas Cowboys,-9.0,1.85
2026-10-08T23:58:04Z,closing,259b5df9aa0d10257f56de78523495e0,2026-10-09T00:18:00Z,Dallas Cowboys,Tampa Bay Buccaneers,betmgm,alternate_spreads,Dallas Cowboys,-11.5,2.15
2026-10-08T23:58:04Z,closing,259b5df9aa0d10257f56de78523495e0,2026-10-09T00:18:00Z,Dallas Cowboys,Tampa Bay Buccaneers,betmgm,alternate_spreads,Dallas Cowboys,-8.5,1.89
2026-10-08T23:58:04Z,closing,259b5df9aa0d10257f56de78523495e0,2026-10-09T00:18:00Z,Dallas Cowboys,Tampa Bay Buccaneers,betmgm,alternate_spreads,Dallas Cowboys,-8.0,1.77
2026-10-08T23:58:04Z,closing,259b5df9aa0d10257f56de78523495e0,2026-10-09T00:18:00Z,Dallas Cowboys,Tampa Bay Buccaneers,betmgm,alternate_spreads,Dallas Cowboys,-7.5,1.71
2026-10-08T23:58:04Z,closing,259b5df9aa0d10257f56de78523495e0,2026-10-09T00:18:00Z,Dallas Cowboys,Tampa Bay Buccaneers,betmgm,alternate_spreads,Dallas Cowboys,-12.0,2.2
2026-10-08T23:58:04Z,closing,259b5df9aa0d10257f56de78523495e0,2026-10-09T00:18:00Z,Dallas Cowboys,Tampa Bay Buccaneers,betmgm,alternate_spreads,Dallas Cowboys,-12.5,2.25
2026-10-08T23:58:04Z,closing,259b5df9aa0d10257f56de78523495e0,2026-10-09T00:18:00Z,Dallas Cowboys,Tampa Bay Buccaneers,betmgm,alternate_spreads,Dallas Cowboys,-13.0,2.3
2026-10-08T23:58:04Z,closing,259b5df9aa0d10257f56de78523495e0,2026-10-09T00:18:00Z,Dallas Cowboys,Tampa Bay Buccaneers,betmgm,alternate_spreads,Dallas Cowboys,-7.0,1.61
2026-10-08T23:58:04Z,closing,259b5df9aa0d10257f56de78523495e0,2026-10-09T00:18:00Z,Dallas Cowboys,Tampa Bay Buccaneers,betmgm,alternate_spreads,Dallas Cowboys,-6.5,1.53
2026-10-08T23:58:04Z,closing,259b5df9aa0d10257f56de78523495e0,2026-10-09T00:18:00Z,Dallas Cowboys,Tampa Bay Buccaneers,betmgm,alternate_spreads,Dallas Cowboys,-6.0,1.48
2026-10-08T23:58:04Z,closing,259b5df9aa0d10257f56de78523495e0,2026-10-09T00:18:00Z,Dallas Cowboys,Tampa Bay Buccaneers,betmgm,alternate_spreads,Dallas Cowboys,-14.0,2.55
2026-10-08T23:58:04Z,closing,259b5df9aa0d10257f56de78523495e0,2026-10-09T00:18:00Z,Dallas Cowboys,Tampa Bay Buccaneers,betmgm,alternate_spreads,Dallas Cowboys,-13.5,2.38
2026-10-08T23:58:04Z,closing,259b5df9aa0d10257f56de78523495e0,2026-10-09T00:18:00Z,Dallas Cowboys,Tampa Bay Buccaneers,betmgm,alternate_spreads,Dallas Cowboys,-5.5,1.45
2026-10-08T23:58:04Z,closing,259b5df9aa0d10257f56de78523495e0,2026-10-09T00:18:00Z,Dallas Cowboys,Tampa Bay Buccaneers,betmgm,alternate_spreads,Dallas Cowboys,-14.5,2.65
2026-10-08T23:58:04Z,closing,259b5df9aa0d10257f56de78523495e0,2026-10-09T00:18:00Z,Dallas Cowboys,Tampa Bay Buccaneers,betmgm,alternate_spreads,Dallas Cowboys,-5.0,1.43
2026-10-08T23:58:04Z,closing,259b5df9aa0d10257f56de78523495e0,2026-10-09T00:18:00Z,Dallas Cowboys,Tampa Bay Buccaneers,betmgm,alternate_spreads,Dallas Cowboys,-15.0,2.75
2026-10-08T23:58:04Z,closing,259b5df9aa0d10257f56de78523495e0,2026-10-09T00:18:00Z,Dallas Cowboys,Tampa Bay Buccaneers,betmgm,alternate_spreads,Dallas Cowboys,-4.5,1.43
2026-10-08T23:58:04Z,closing,259b5df9aa0d10257f56de78523495e0,2026-10-09T00:18:00Z,Dallas Cowboys,Tampa Bay Buccaneers,betmgm,alternate_spreads,Dallas Cowboys,-15.5,2.85
2026-10-08T23:58:04Z,closing,259b5df9aa0d10257f56de78523495e0,2026-10-09T00:18:00Z,Dallas Cowboys,Tampa Bay Buccaneers,betmgm,alternate_spreads,Dallas Cowboys,-4.0,1.36
2026-10-08T23:58:04Z,closing,259b5df9aa0d10257f56de78523495e0,2026-10-09T00:18:00Z,Dallas Cowboys,Tampa Bay Buccaneers,betmgm,alternate_spreads,Dallas Cowboys,-16.0,2.95
2026-10-08T23:58:04Z,closing,259b5df9aa0d10257f56de78523495e0,2026-10-09T00:18:00Z,Dallas Cowboys,Tampa Bay Buccaneers,betmgm,alternate_spreads,Dallas Cowboys,-3.5,1.36
2026-10-08T23:58:04Z,closing,259b5df9aa0d10257f56de78523495e0,2026-10-09T00:18:00Z,Dallas Cowboys,Tampa Bay Buccaneers,betmgm,alternate_spreads,Dallas Cowboys,-16.5,3.0
2026-10-08T23:58:04Z,closing,259b5df9aa0d10257f56de78523495e0,2026-10-09T00:18:00Z,Dallas Cowboys,Tampa Bay Buccaneers,betmgm,alternate_spreads,Dallas Cowboys,-3.0,1.27
2026-10-08T23:58:04Z,closing,259b5df9aa0d10257f56de78523495e0,2026-10-09T00:18:00Z,Dallas Cowboys,Tampa Bay Buccaneers,betmgm,alternate_spreads,Dallas Cowboys,-17.0,3.2
2026-10-08T23:58:04Z,closing,259b5df9aa0d10257f56de78523495e0,2026-10-09T00:18:00Z,Dallas Cowboys,Tampa Bay Buccaneers,betmgm,alternate_spreads,Dallas Cowboys,-2.5,1.24
2026-10-08T23:58:04Z,closing,259b5df9aa0d10257f56de78523495e0,2026-10-09T00:18:00Z,Dallas Cowboys,Tampa Bay Buccaneers,betmgm,alternate_spreads,Dallas Cowboys,-17.5,3.3
2026-10-08T23:58:04Z,closing,259b5df9aa0d10257f56de78523495e0,2026-10-09T00:18:00Z,Dallas Cowboys,Tampa Bay Buccaneers,betmgm,alternate_spreads,Dallas Cowboys,-2.0,1.22
2026-10-08T23:58:04Z,closing,259b5df9aa0d10257f56de78523495e0,2026-10-09T00:18:00Z,Dallas Cowboys,Tampa Bay Buccaneers,betmgm,alternate_spreads,Dallas Cowboys,-18.0,3.5
2026-10-08T23:58:04Z,closing,259b5df9aa0d10257f56de78523495e0,2026-10-09T00:18:00Z,Dallas Cowboys,Tampa Bay Buccaneers,betmgm,alternate_spreads,Dallas Cowboys,-1.5,1.22
2026-10-08T23:58:04Z,closing,259b5df9aa0d10257f56de78523495e0,2026-10-09T00:18:00Z,Dallas Cowboys,Tampa Bay Buccaneers,betmgm,alternate_spreads,Dallas Cowboys,-18.5,3.6
2026-10-08T23:58:04Z,closing,259b5df9aa0d10257f56de78523495e0,2026-10-09T00:18:00Z,Dallas Cowboys,Tampa Bay Buccaneers,betmgm,alternate_spreads,Dallas Cowboys,-1.0,1.19
2026-10-08T23:58:04Z,closing,259b5df9aa0d10257f56de78523495e0,2026-10-09T00:18:00Z,Dallas Cowboys,Tampa Bay Buccaneers,betmgm,alternate_spreads,Dallas Cowboys,-19.0,3.75
2026-10-08T23:58:04Z,closing,259b5df9aa0d10257f56de78523495e0,2026-10-09T00:18:00Z,Dallas Cowboys,Tampa Bay Buccaneers,betmgm,alternate_spreads,Dallas Cowboys,-19.5,3.8
2026-10-08T23:58:04Z,closing,259b5df9aa0d10257f56de78523495e0,2026-10-09T00:18:00Z,Dallas Cowboys,Tampa Bay Buccaneers,betmgm,alternate_spreads,Dallas Cowboys,-20.0,4.0
2026-10-08T23:58:04Z,closing,259b5df9aa0d10257f56de78523495e0,2026-10-09T00:18:00Z,Dallas Cowboys,Tampa Bay Buccaneers,betmgm,alternate_spreads,Dallas Cowboys,1.0,1.16
2026-10-08T23:58:04Z,closing,259b5df9aa0d10257f56de78523495e0,2026-10-09T00:18:00Z,Dallas Cowboys,Tampa Bay Buccaneers,betmgm,alternate_spreads,Dallas Cowboys,1.5,1.16
2026-10-08T23:58:04Z,closing,259b5df9aa0d10257f56de78523495e0,2026-10-09T00:18:00Z,Dallas Cowboys,Tampa Bay Buccaneers,betmgm,alternate_spreads,Tampa Bay Buccaneers,9.5,1.95
2026-10-08T23:58:04Z,closing,259b5df9aa0d10257f56de78523495e0,2026-10-09T00:18:00Z,Dallas Cowboys,Tampa Bay Buccaneers,betmgm,alternate_spreads,Tampa Bay Buccaneers,10.0,1.8
2026-10-08T23:58:04Z,closing,259b5df9aa0d10257f56de78523495e0,2026-10-09T00:18:00Z,Dallas Cowboys,Tampa Bay Buccaneers,betmgm,alternate_spreads,Tampa Bay Buccaneers,11.0,1.69
2026-10-08T23:58:04Z,closing,259b5df9aa0d10257f56de78523495e0,2026-10-09T00:18:00Z,Dallas Cowboys,Tampa Bay Buccaneers,betmgm,alternate_spreads,Tampa Bay Buccaneers,10.5,1.74
2026-10-08T23:58:04Z,closing,259b5df9aa0d10257f56de78523495e0,2026-10-09T00:18:00Z,Dallas Cowboys,Tampa Bay Buccaneers,betmgm,alternate_spreads,Tampa Bay Buccaneers,9.0,1.89
2026-10-08T23:58:04Z,closing,259b5df9aa0d10257f56de78523495e0,2026-10-09T00:18:00Z,Dallas Cowboys,Tampa Bay Buccaneers,betmgm,alternate_spreads,Tampa Bay Buccaneers,11.5,1.65
2026-10-08T23:58:04Z,closing,259b5df9aa0d10257f56de78523495e0,2026-10-09T00:18:00Z,Dallas Cowboys,Tampa Bay Buccaneers,betmgm,alternate_spreads,Tampa Bay Buccaneers,8.5,1.87
2026-10-08T23:58:04Z,closing,259b5df9aa0d10257f56de78523495e0,2026-10-09T00:18:00Z,Dallas Cowboys,Tampa Bay Buccaneers,betmgm,alternate_spreads,Tampa Bay Buccaneers,8.0,1.98
2026-10-08T23:58:04Z,closing,259b5df9aa0d10257f56de78523495e0,2026-10-09T00:18:00Z,Dallas Cowboys,Tampa Bay Buccaneers,betmgm,alternate_spreads,Tampa Bay Buccaneers,7.5,2.05
2026-10-08T23:58:04Z,closing,259b5df9aa0d10257f56de78523495e0,2026-10-09T00:18:00Z,Dallas Cowboys,Tampa Bay Buccaneers,betmgm,alternate_spreads,Tampa Bay Buccaneers,12.0,1.62
2026-10-08T23:58:04Z,closing,259b5df9aa0d10257f56de78523495e0,2026-10-09T00:18:00Z,Dallas Cowboys,Tampa Bay Buccaneers,betmgm,alternate_spreads,Tampa Bay Buccaneers,12.5,1.61
2026-10-08T23:58:04Z,closing,259b5df9aa0d10257f56de78523495e0,2026-10-09T00:18:00Z,Dallas Cowboys,Tampa Bay Buccaneers,betmgm,alternate_spreads,Tampa Bay Buccaneers,13.0,1.57
2026-10-08T23:58:04Z,closing,259b5df9aa0d10257f56de78523495e0,2026-10-09T00:18:00Z,Dallas Cowboys,Tampa Bay Buccaneers,betmgm,alternate_spreads,Tampa Bay Buccaneers,7.0,2.25
2026-10-08T23:58:04Z,closing,259b5df9aa0d10257f56de78523495e0,2026-10-09T00:18:00Z,Dallas Cowboys,Tampa Bay Buccaneers,betmgm,alternate_spreads,Tampa Bay Buccaneers,6.5,2.4
2026-10-08T23:58:04Z,closing,259b5df9aa0d10257f56de78523495e0,2026-10-09T00:18:00Z,Dallas Cowboys,Tampa Bay Buccaneers,betmgm,alternate_spreads,Tampa Bay Buccaneers,6.0,2.55
2026-10-08T23:58:04Z,closing,259b5df9aa0d10257f56de78523495e0,2026-10-09T00:18:00Z,Dallas Cowboys,Tampa Bay Buccaneers,betmgm,alternate_spreads,Tampa Bay Buccaneers,14.0,1.48
2026-10-08T23:58:04Z,closing,259b5df9aa0d10257f56de78523495e0,2026-10-09T00:18:00Z,Dallas Cowboys,Tampa Bay Buccaneers,betmgm,alternate_spreads,Tampa Bay Buccaneers,13.5,1.54
2026-10-08T23:58:04Z,closing,259b5df9aa0d10257f56de78523495e0,2026-10-09T00:18:00Z,Dallas Cowboys,Tampa Bay Buccaneers,betmgm,alternate_spreads,Tampa Bay Buccaneers,5.5,2.6
2026-10-08T23:58:04Z,closing,259b5df9aa0d10257f56de78523495e0,2026-10-09T00:18:00Z,Dallas Cowboys,Tampa Bay Buccaneers,betmgm,alternate_spreads,Tampa Bay Buccaneers,14.5,1.44
2026-10-08T23:58:04Z,closing,259b5df9aa0d10257f56de78523495e0,2026-10-09T00:18:00Z,Dallas Cowboys,Tampa Bay Buccaneers,betmgm,alternate_spreads,Tampa Bay Buccaneers,5.0,2.75
2026-10-08T23:58:04Z,closing,259b5df9aa0d10257f56de78523495e0,2026-10-09T00:18:00Z,Dallas Cowboys,Tampa Bay Buccaneers,betmgm,alternate_spreads,Tampa Bay Buccaneers,15.0,1.43
2026-10-08T23:58:04Z,closing,259b5df9aa0d10257f56de78523495e0,2026-10-09T00:18:00Z,Dallas Cowboys,Tampa Bay Buccaneers,betmgm,alternate_spreads,Tampa Bay Buccaneers,4.5,2.8
2026-10-08T23:58:04Z,closing,259b5df9aa0d10257f56de78523495e0,2026-10-09T00:18:00Z,Dallas Cowboys,Tampa Bay Buccaneers,betmgm,alternate_spreads,Tampa Bay Buccaneers,15.5,1.4
2026-10-08T23:58:04Z,closing,259b5df9aa0d10257f56de78523495e0,2026-10-09T00:18:00Z,Dallas Cowboys,Tampa Bay Buccaneers,betmgm,alternate_spreads,Tampa Bay Buccaneers,4.0,2.95
2026-10-08T23:58:04Z,closing,259b5df9aa0d10257f56de78523495e0,2026-10-09T00:18:00Z,Dallas Cowboys,Tampa Bay Buccaneers,betmgm,alternate_spreads,Tampa Bay Buccaneers,16.0,1.36
2026-10-08T23:58:04Z,closing,259b5df9aa0d10257f56de78523495e0,2026-10-09T00:18:00Z,Dallas Cowboys,Tampa Bay Buccaneers,betmgm,alternate_spreads,Tampa Bay Buccaneers,3.5,3.0
2026-10-08T23:58:04Z,closing,259b5df9aa0d10257f56de78523495e0,2026-10-09T00:18:00Z,Dallas Cowboys,Tampa Bay Buccaneers,betmgm,alternate_spreads,Tampa Bay Buccaneers,16.5,1.36
2026-10-08T23:58:04Z,closing,259b5df9aa0d10257f56de78523495e0,2026-10-09T00:18:00Z,Dallas Cowboys,Tampa Bay Buccaneers,betmgm,alternate_spreads,Tampa Bay Buccaneers,3.0,3.6
2026-10-08T23:58:04Z,closing,259b5df9aa0d10257f56de78523495e0,2026-10-09T00:18:00Z,Dallas Cowboys,Tampa Bay Buccaneers,betmgm,alternate_spreads,Tampa Bay Buccaneers,17.0,1.33
2026-10-08T23:58:04Z,closing,259b5df9aa0d10257f56de78523495e0,2026-10-09T00:18:00Z,Dallas Cowboys,Tampa Bay Buccaneers,betmgm,alternate_spreads,Tampa Bay Buccaneers,2.5,3.9
2026-10-08T23:58:04Z,closing,259b5df9aa0d10257f56de78523495e0,2026-10-09T00:18:00Z,Dallas Cowboys,Tampa Bay Buccaneers,betmgm,alternate_spreads,Tampa Bay Buccaneers,17.5,1.31
2026-10-08T23:58:04Z,closing,259b5df9aa0d10257f56de78523495e0,2026-10-09T00:18:00Z,Dallas Cowboys,Tampa Bay Buccaneers,betmgm,alternate_spreads,Tampa Bay Buccaneers,2.0,4.1
2026-10-08T23:58:04Z,closing,259b5df9aa0d10257f56de78523495e0,2026-10-09T00:18:00Z,Dallas Cowboys,Tampa Bay Buccaneers,betmgm,alternate_spreads,Tampa Bay Buccaneers,18.0,1.29
2026-10-08T23:58:04Z,closing,259b5df9aa0d10257f56de78523495e0,2026-10-09T00:18:00Z,Dallas Cowboys,Tampa Bay Buccaneers,betmgm,alternate_spreads,Tampa Bay Buccaneers,1.5,4.2
2026-10-08T23:58:04Z,closing,259b5df9aa0d10257f56de78523495e0,2026-10-09T00:18:00Z,Dallas Cowboys,Tampa Bay Buccaneers,betmgm,alternate_spreads,Tampa Bay Buccaneers,18.5,1.27
2026-10-08T23:58:04Z,closing,259b5df9aa0d10257f56de78523495e0,2026-10-09T00:18:00Z,Dallas Cowboys,Tampa Bay Buccaneers,betmgm,alternate_spreads,Tampa Bay Buccaneers,1.0,4.5
2026-10-08T23:58:04Z,closing,259b5df9aa0d10257f56de78523495e0,2026-10-09T00:18:00Z,Dallas Cowboys,Tampa Bay Buccaneers,betmgm,alternate_spreads,Tampa Bay Buccaneers,19.0,1.27
2026-10-08T23:58:04Z,closing,259b5df9aa0d10257f56de78523495e0,2026-10-09T00:18:00Z,Dallas Cowboys,Tampa Bay Buccaneers,betmgm,alternate_spreads,Tampa Bay Buccaneers,19.5,1.25
2026-10-08T23:58:04Z,closing,259b5df9aa0d10257f56de78523495e0,2026-10-09T00:18:00Z,Dallas Cowboys,Tampa Bay Buccaneers,betmgm,alternate_spreads,Tampa Bay Buccaneers,20.0,1.22
2026-10-08T23:58:04Z,closing,259b5df9aa0d10257f56de78523495e0,2026-10-09T00:18:00Z,Dallas Cowboys,Tampa Bay Buccaneers,betmgm,alternate_spreads,Tampa Bay Buccaneers,-1.0,5.0
2026-10-08T23:58:04Z,closing,259b5df9aa0d10257f56de78523495e0,2026-10-09T00:18:00Z,Dallas Cowboys,Tampa Bay Buccaneers,betmgm,alternate_spreads,Tampa Bay Buccaneers,-1.5,5.25
2026-10-08T23:58:04Z,closing,259b5df9aa0d10257f56de78523495e0,2026-10-09T00:18:00Z,Dallas Cowboys,Tampa Bay Buccaneers,betmgm,alternate_totals,Over,47.5,1.74
2026-10-08T23:58:04Z,closing,259b5df9aa0d10257f56de78523495e0,2026-10-09T00:18:00Z,Dallas Cowboys,Tampa Bay Buccaneers,betmgm,alternate_totals,Over,47.0,1.69
2026-10-08T23:58:04Z,closing,259b5df9aa0d10257f56de78523495e0,2026-10-09T00:18:00Z,Dallas Cowboys,Tampa Bay Buccaneers,betmgm,alternate_totals,Over,48.0,1.77
2026-10-08T23:58:04Z,closing,259b5df9aa0d10257f56de78523495e0,2026-10-09T00:18:00Z,Dallas Cowboys,Tampa Bay Buccaneers,betmgm,alternate_totals,Over,46.5,1.62
2026-10-08T23:58:04Z,closing,259b5df9aa0d10257f56de78523495e0,2026-10-09T00:18:00Z,Dallas Cowboys,Tampa Bay Buccaneers,betmgm,alternate_totals,Over,48.5,1.85
2026-10-08T23:58:04Z,closing,259b5df9aa0d10257f56de78523495e0,2026-10-09T00:18:00Z,Dallas Cowboys,Tampa Bay Buccaneers,betmgm,alternate_totals,Over,46.0,1.61
2026-10-08T23:58:04Z,closing,259b5df9aa0d10257f56de78523495e0,2026-10-09T00:18:00Z,Dallas Cowboys,Tampa Bay Buccaneers,betmgm,alternate_totals,Over,49.0,1.93
2026-10-08T23:58:04Z,closing,259b5df9aa0d10257f56de78523495e0,2026-10-09T00:18:00Z,Dallas Cowboys,Tampa Bay Buccaneers,betmgm,alternate_totals,Over,45.5,1.57
2026-10-08T23:58:04Z,closing,259b5df9aa0d10257f56de78523495e0,2026-10-09T00:18:00Z,Dallas Cowboys,Tampa Bay Buccaneers,betmgm,alternate_totals,Over,49.5,1.93
2026-10-08T23:58:04Z,closing,259b5df9aa0d10257f56de78523495e0,2026-10-09T00:18:00Z,Dallas Cowboys,Tampa Bay Buccaneers,betmgm,alternate_totals,Over,45.0,1.53
2026-10-08T23:58:04Z,closing,259b5df9aa0d10257f56de78523495e0,2026-10-09T00:18:00Z,Dallas Cowboys,Tampa Bay Buccaneers,betmgm,alternate_totals,Over,50.0,1.98
2026-10-08T23:58:04Z,closing,259b5df9aa0d10257f56de78523495e0,2026-10-09T00:18:00Z,Dallas Cowboys,Tampa Bay Buccaneers,betmgm,alternate_totals,Over,50.5,2.0
2026-10-08T23:58:04Z,closing,259b5df9aa0d10257f56de78523495e0,2026-10-09T00:18:00Z,Dallas Cowboys,Tampa Bay Buccaneers,betmgm,alternate_totals,Over,44.5,1.53
2026-10-08T23:58:04Z,closing,259b5df9aa0d10257f56de78523495e0,2026-10-09T00:18:00Z,Dallas Cowboys,Tampa Bay Buccaneers,betmgm,alternate_totals,Over,44.0,1.48
2026-10-08T23:58:04Z,closing,259b5df9aa0d10257f56de78523495e0,2026-10-09T00:18:00Z,Dallas Cowboys,Tampa Bay Buccaneers,betmgm,alternate_totals,Over,51.0,2.1
2026-10-08T23:58:04Z,closing,259b5df9aa0d10257f56de78523495e0,2026-10-09T00:18:00Z,Dallas Cowboys,Tampa Bay Buccaneers,betmgm,alternate_totals,Over,43.5,1.44
2026-10-08T23:58:04Z,closing,259b5df9aa0d10257f56de78523495e0,2026-10-09T00:18:00Z,Dallas Cowboys,Tampa Bay Buccaneers,betmgm,alternate_totals,Over,51.5,2.2
2026-10-08T23:58:04Z,closing,259b5df9aa0d10257f56de78523495e0,2026-10-09T00:18:00Z,Dallas Cowboys,Tampa Bay Buccaneers,betmgm,alternate_totals,Over,43.0,1.4
2026-10-08T23:58:04Z,closing,259b5df9aa0d10257f56de78523495e0,2026-10-09T00:18:00Z,Dallas Cowboys,Tampa Bay Buccaneers,betmgm,alternate_totals,Over,52.0,2.25
2026-10-08T23:58:04Z,closing,259b5df9aa0d10257f56de78523495e0,2026-10-09T00:18:00Z,Dallas Cowboys,Tampa Bay Buccaneers,betmgm,alternate_totals,Over,42.5,1.36
2026-10-08T23:58:04Z,closing,259b5df9aa0d10257f56de78523495e0,2026-10-09T00:18:00Z,Dallas Cowboys,Tampa Bay Buccaneers,betmgm,alternate_totals,Over,52.5,2.3
2026-10-08T23:58:04Z,closing,259b5df9aa0d10257f56de78523495e0,2026-10-09T00:18:00Z,Dallas Cowboys,Tampa Bay Buccaneers,betmgm,alternate_totals,Over,42.0,1.36
2026-10-08T23:58:04Z,closing,259b5df9aa0d10257f56de78523495e0,2026-10-09T00:18:00Z,Dallas Cowboys,Tampa Bay Buccaneers,betmgm,alternate_totals,Over,53.0,2.38
2026-10-08T23:58:04Z,closing,259b5df9aa0d10257f56de78523495e0,2026-10-09T00:18:00Z,Dallas Cowboys,Tampa Bay Buccaneers,betmgm,alternate_totals,Over,41.5,1.35
2026-10-08T23:58:04Z,closing,259b5df9aa0d10257f56de78523495e0,2026-10-09T00:18:00Z,Dallas Cowboys,Tampa Bay Buccaneers,betmgm,alternate_totals,Over,53.5,2.45
2026-10-08T23:58:04Z,closing,259b5df9aa0d10257f56de78523495e0,2026-10-09T00:18:00Z,Dallas Cowboys,Tampa Bay Buccaneers,betmgm,alternate_totals,Over,41.0,1.31
2026-10-08T23:58:04Z,closing,259b5df9aa0d10257f56de78523495e0,2026-10-09T00:18:00Z,Dallas Cowboys,Tampa Bay Buccaneers,betmgm,alternate_totals,Over,54.0,2.55
2026-10-08T23:58:04Z,closing,259b5df9aa0d10257f56de78523495e0,2026-10-09T00:18:00Z,Dallas Cowboys,Tampa Bay Buccaneers,betmgm,alternate_totals,Over,40.5,1.31
2026-10-08T23:58:04Z,closing,259b5df9aa0d10257f56de78523495e0,2026-10-09T00:18:00Z,Dallas Cowboys,Tampa Bay Buccaneers,betmgm,alternate_totals,Over,54.5,2.65
2026-10-08T23:58:04Z,closing,259b5df9aa0d10257f56de78523495e0,2026-10-09T00:18:00Z,Dallas Cowboys,Tampa Bay Buccaneers,betmgm,alternate_totals,Over,40.0,1.27
2026-10-08T23:58:04Z,closing,259b5df9aa0d10257f56de78523495e0,2026-10-09T00:18:00Z,Dallas Cowboys,Tampa Bay Buccaneers,betmgm,alternate_totals,Over,55.0,2.8
2026-10-08T23:58:04Z,closing,259b5df9aa0d10257f56de78523495e0,2026-10-09T00:18:00Z,Dallas Cowboys,Tampa Bay Buccaneers,betmgm,alternate_totals,Over,39.5,1.25
2026-10-08T23:58:04Z,closing,259b5df9aa0d10257f56de78523495e0,2026-10-09T00:18:00Z,Dallas Cowboys,Tampa Bay Buccaneers,betmgm,alternate_totals,Over,55.5,2.9
2026-10-08T23:58:04Z,closing,259b5df9aa0d10257f56de78523495e0,2026-10-09T00:18:00Z,Dallas Cowboys,Tampa Bay Buccaneers,betmgm,alternate_totals,Over,39.0,1.22
2026-10-08T23:58:04Z,closing,259b5df9aa0d10257f56de78523495e0,2026-10-09T00:18:00Z,Dallas Cowboys,Tampa Bay Buccaneers,betmgm,alternate_totals,Over,56.0,3.0
2026-10-08T23:58:04Z,closing,259b5df9aa0d10257f56de78523495e0,2026-10-09T00:18:00Z,Dallas Cowboys,Tampa Bay Buccaneers,betmgm,alternate_totals,Over,56.5,3.0
2026-10-08T23:58:04Z,closing,259b5df9aa0d10257f56de78523495e0,2026-10-09T00:18:00Z,Dallas Cowboys,Tampa Bay Buccaneers,betmgm,alternate_totals,Over,57.0,3.25
2026-10-08T23:58:04Z,closing,259b5df9aa0d10257f56de78523495e0,2026-10-09T00:18:00Z,Dallas Cowboys,Tampa Bay Buccaneers,betmgm,alternate_totals,Over,57.5,3.3
2026-10-08T23:58:04Z,closing,259b5df9aa0d10257f56de78523495e0,2026-10-09T00:18:00Z,Dallas Cowboys,Tampa Bay Buccaneers,betmgm,alternate_totals,Over,58.0,3.6
2026-10-08T23:58:04Z,closing,259b5df9aa0d10257f56de78523495e0,2026-10-09T00:18:00Z,Dallas Cowboys,Tampa Bay Buccaneers,betmgm,alternate_totals,Over,59.0,3.9
2026-10-08T23:58:04Z,closing,259b5df9aa0d10257f56de78523495e0,2026-10-09T00:18:00Z,Dallas Cowboys,Tampa Bay Buccaneers,betmgm,alternate_totals,Over,58.5,3.6
2026-10-08T23:58:04Z,closing,259b5df9aa0d10257f56de78523495e0,2026-10-09T00:18:00Z,Dallas Cowboys,Tampa Bay Buccaneers,betmgm,alternate_totals,Under,47.5,2.05
2026-10-08T23:58:04Z,closing,259b5df9aa0d10257f56de78523495e0,2026-10-09T00:18:00Z,Dallas Cowboys,Tampa Bay Buccaneers,betmgm,alternate_totals,Under,47.0,2.1
2026-10-08T23:58:04Z,closing,259b5df9aa0d10257f56de78523495e0,2026-10-09T00:18:00Z,Dallas Cowboys,Tampa Bay Buccaneers,betmgm,alternate_totals,Under,48.0,1.98
2026-10-08T23:58:04Z,closing,259b5df9aa0d10257f56de78523495e0,2026-10-09T00:18:00Z,Dallas Cowboys,Tampa Bay Buccaneers,betmgm,alternate_totals,Under,46.5,2.2
2026-10-08T23:58:04Z,closing,259b5df9aa0d10257f56de78523495e0,2026-10-09T00:18:00Z,Dallas Cowboys,Tampa Bay Buccaneers,betmgm,alternate_totals,Under,48.5,1.91
2026-10-08T23:58:04Z,closing,259b5df9aa0d10257f56de78523495e0,2026-10-09T00:18:00Z,Dallas Cowboys,Tampa Bay Buccaneers,betmgm,alternate_totals,Under,46.0,2.25
2026-10-08T23:58:04Z,closing,259b5df9aa0d10257f56de78523495e0,2026-10-09T00:18:00Z,Dallas Cowboys,Tampa Bay Buccaneers,betmgm,alternate_totals,Under,49.0,1.91
2026-10-08T23:58:04Z,closing,259b5df9aa0d10257f56de78523495e0,2026-10-09T00:18:00Z,Dallas Cowboys,Tampa Bay Buccaneers,betmgm,alternate_totals,Under,45.5,2.3
2026-10-08T23:58:04Z,closing,259b5df9aa0d10257f56de78523495e0,2026-10-09T00:18:00Z,Dallas Cowboys,Tampa Bay Buccaneers,betmgm,alternate_totals,Under,49.5,1.83
2026-10-08T23:58:04Z,closing,259b5df9aa0d10257f56de78523495e0,2026-10-09T00:18:00Z,Dallas Cowboys,Tampa Bay Buccaneers,betmgm,alternate_totals,Under,45.0,2.4
2026-10-08T23:58:04Z,closing,259b5df9aa0d10257f56de78523495e0,2026-10-09T00:18:00Z,Dallas Cowboys,Tampa Bay Buccaneers,betmgm,alternate_totals,Under,50.0,1.77
2026-10-08T23:58:04Z,closing,259b5df9aa0d10257f56de78523495e0,2026-10-09T00:18:00Z,Dallas Cowboys,Tampa Bay Buccaneers,betmgm,alternate_totals,Under,50.5,1.74
2026-10-08T23:58:04Z,closing,259b5df9aa0d10257f56de78523495e0,2026-10-09T00:18:00Z,Dallas Cowboys,Tampa Bay Buccaneers,betmgm,alternate_totals,Under,44.5,2.45
2026-10-08T23:58:04Z,closing,259b5df9aa0d10257f56de78523495e0,2026-10-09T00:18:00Z,Dallas Cowboys,Tampa Bay Buccaneers,betmgm,alternate_totals,Under,44.0,2.6
2026-10-08T23:58:04Z,closing,259b5df9aa0d10257f56de78523495e0,2026-10-09T00:18:00Z,Dallas Cowboys,Tampa Bay Buccaneers,betmgm,alternate_totals,Under,51.0,1.69
2026-10-08T23:58:04Z,closing,259b5df9aa0d10257f56de78523495e0,2026-10-09T00:18:00Z,Dallas Cowboys,Tampa Bay Buccaneers,betmgm,alternate_totals,Under,43.5,2.7
2026-10-08T23:58:04Z,closing,259b5df9aa0d10257f56de78523495e0,2026-10-09T00:18:00Z,Dallas Cowboys,Tampa Bay Buccaneers,betmgm,alternate_totals,Under,51.5,1.62
2026-10-08T23:58:04Z,closing,259b5df9aa0d10257f56de78523495e0,2026-10-09T00:18:00Z,Dallas Cowboys,Tampa Bay Buccaneers,betmgm,alternate_totals,Under,43.0,2.85
2026-10-08T23:58:04Z,closing,259b5df9aa0d10257f56de78523495e0,2026-10-09T00:18:00Z,Dallas Cowboys,Tampa Bay Buccaneers,betmgm,alternate_totals,Under,52.0,1.61
2026-10-08T23:58:04Z,closing,259b5df9aa0d10257f56de78523495e0,2026-10-09T00:18:00Z,Dallas Cowboys,Tampa Bay Buccaneers,betmgm,alternate_totals,Under,42.5,2.95
2026-10-08T23:58:04Z,closing,259b5df9aa0d10257f56de78523495e0,2026-10-09T00:18:00Z,Dallas Cowboys,Tampa Bay Buccaneers,betmgm,alternate_totals,Under,52.5,1.57
2026-10-08T23:58:04Z,closing,259b5df9aa0d10257f56de78523495e0,2026-10-09T00:18:00Z,Dallas Cowboys,Tampa Bay Buccaneers,betmgm,alternate_totals,Under,42.0,3.0
2026-10-08T23:58:04Z,closing,259b5df9aa0d10257f56de78523495e0,2026-10-09T00:18:00Z,Dallas Cowboys,Tampa Bay Buccaneers,betmgm,alternate_totals,Under,53.0,1.54
2026-10-08T23:58:04Z,closing,259b5df9aa0d10257f56de78523495e0,2026-10-09T00:18:00Z,Dallas Cowboys,Tampa Bay Buccaneers,betmgm,alternate_totals,Under,41.5,3.1
2026-10-08T23:58:04Z,closing,259b5df9aa0d10257f56de78523495e0,2026-10-09T00:18:00Z,Dallas Cowboys,Tampa Bay Buccaneers,betmgm,alternate_totals,Under,53.5,1.53
2026-10-08T23:58:04Z,closing,259b5df9aa0d10257f56de78523495e0,2026-10-09T00:18:00Z,Dallas Cowboys,Tampa Bay Buccaneers,betmgm,alternate_totals,Under,41.0,3.3
2026-10-08T23:58:04Z,closing,259b5df9aa0d10257f56de78523495e0,2026-10-09T00:18:00Z,Dallas Cowboys,Tampa Bay Buccaneers,betmgm,alternate_totals,Under,54.0,1.48
2026-10-08T23:58:04Z,closing,259b5df9aa0d10257f56de78523495e0,2026-10-09T00:18:00Z,Dallas Cowboys,Tampa Bay Buccaneers,betmgm,alternate_totals,Under,40.5,3.4
2026-10-08T23:58:04Z,closing,259b5df9aa0d10257f56de78523495e0,2026-10-09T00:18:00Z,Dallas Cowboys,Tampa Bay Buccaneers,betmgm,alternate_totals,Under,54.5,1.45
2026-10-08T23:58:04Z,closing,259b5df9aa0d10257f56de78523495e0,2026-10-09T00:18:00Z,Dallas Cowboys,Tampa Bay Buccaneers,betmgm,alternate_totals,Under,40.0,3.7
2026-10-08T23:58:04Z,closing,259b5df9aa0d10257f56de78523495e0,2026-10-09T00:18:00Z,Dallas Cowboys,Tampa Bay Buccaneers,betmgm,alternate_totals,Under,55.0,1.43
2026-10-08T23:58:04Z,closing,259b5df9aa0d10257f56de78523495e0,2026-10-09T00:18:00Z,Dallas Cowboys,Tampa Bay Buccaneers,betmgm,alternate_totals,Under,39.5,3.8
2026-10-08T23:58:04Z,closing,259b5df9aa0d10257f56de78523495e0,2026-10-09T00:18:00Z,Dallas Cowboys,Tampa Bay Buccaneers,betmgm,alternate_totals,Under,55.5,1.4
2026-10-08T23:58:04Z,closing,259b5df9aa0d10257f56de78523495e0,2026-10-09T00:18:00Z,Dallas Cowboys,Tampa Bay Buccaneers,betmgm,alternate_totals,Under,39.0,4.0
2026-10-08T23:58:04Z,closing,259b5df9aa0d10257f56de78523495e0,2026-10-09T00:18:00Z,Dallas Cowboys,Tampa Bay Buccaneers,betmgm,alternate_totals,Under,56.0,1.36
2026-10-08T23:58:04Z,closing,259b5df9aa0d10257f56de78523495e0,2026-10-09T00:18:00Z,Dallas Cowboys,Tampa Bay Buccaneers,betmgm,alternate_totals,Under,56.5,1.36
2026-10-08T23:58:04Z,closing,259b5df9aa0d10257f56de78523495e0,2026-10-09T00:18:00Z,Dallas Cowboys,Tampa Bay Buccaneers,betmgm,alternate_totals,Under,57.0,1.33
2026-10-08T23:58:04Z,closing,259b5df9aa0d10257f56de78523495e0,2026-10-09T00:18:00Z,Dallas Cowboys,Tampa Bay Buccaneers,betmgm,alternate_totals,Under,57.5,1.31
2026-10-08T23:58:04Z,closing,259b5df9aa0d10257f56de78523495e0,2026-10-09T00:18:00Z,Dallas Cowboys,Tampa Bay Buccaneers,betmgm,alternate_totals,Under,58.0,1.29
2026-10-08T23:58:04Z,closing,259b5df9aa0d10257f56de78523495e0,2026-10-09T00:18:00Z,Dallas Cowboys,Tampa Bay Buccaneers,betmgm,alternate_totals,Under,59.0,1.24
2026-10-08T23:58:04Z,closing,259b5df9aa0d10257f56de78523495e0,2026-10-09T00:18:00Z,Dallas Cowboys,Tampa Bay Buccaneers,betmgm,alternate_totals,Under,58.5,1.27
2026-10-08T23:58:04Z,closing,259b5df9aa0d10257f56de78523495e0,2026-10-09T00:18:00Z,Dallas Cowboys,Tampa Bay Buccaneers,pinnacle,alternate_spreads,Dallas Cowboys,-9.5,1.93
2026-10-08T23:58:04Z,closing,259b5df9aa0d10257f56de78523495e0,2026-10-09T00:18:00Z,Dallas Cowboys,Tampa Bay Buccaneers,pinnacle,alternate_spreads,Dallas Cowboys,-3.5,1.38
2026-10-08T23:58:04Z,closing,259b5df9aa0d10257f56de78523495e0,2026-10-09T00:18:00Z,Dallas Cowboys,Tampa Bay Buccaneers,pinnacle,alternate_spreads,Dallas Cowboys,-7.0,1.67
2026-10-08T23:58:04Z,closing,259b5df9aa0d10257f56de78523495e0,2026-10-09T00:18:00Z,Dallas Cowboys,Tampa Bay Buccaneers,pinnacle,alternate_spreads,Dallas Cowboys,-7.5,1.75
2026-10-08T23:58:04Z,closing,259b5df9aa0d10257f56de78523495e0,2026-10-09T00:18:00Z,Dallas Cowboys,Tampa Bay Buccaneers,pinnacle,alternate_spreads,Dallas Cowboys,-8.0,1.8
2026-10-08T23:58:04Z,closing,259b5df9aa0d10257f56de78523495e0,2026-10-09T00:18:00Z,Dallas Cowboys,Tampa Bay Buccaneers,pinnacle,alternate_spreads,Dallas Cowboys,-8.5,1.85
2026-10-08T23:58:04Z,closing,259b5df9aa0d10257f56de78523495e0,2026-10-09T00:18:00Z,Dallas Cowboys,Tampa Bay Buccaneers,pinnacle,alternate_spreads,Dallas Cowboys,-9.0,1.88
2026-10-08T23:58:04Z,closing,259b5df9aa0d10257f56de78523495e0,2026-10-09T00:18:00Z,Dallas Cowboys,Tampa Bay Buccaneers,pinnacle,alternate_spreads,Dallas Cowboys,-10.0,2.0
2026-10-08T23:58:04Z,closing,259b5df9aa0d10257f56de78523495e0,2026-10-09T00:18:00Z,Dallas Cowboys,Tampa Bay Buccaneers,pinnacle,alternate_spreads,Dallas Cowboys,-10.5,2.1
2026-10-08T23:58:04Z,closing,259b5df9aa0d10257f56de78523495e0,2026-10-09T00:18:00Z,Dallas Cowboys,Tampa Bay Buccaneers,pinnacle,alternate_spreads,Dallas Cowboys,-11.0,2.16
2026-10-08T23:58:04Z,closing,259b5df9aa0d10257f56de78523495e0,2026-10-09T00:18:00Z,Dallas Cowboys,Tampa Bay Buccaneers,pinnacle,alternate_spreads,Dallas Cowboys,-11.5,2.22
2026-10-08T23:58:04Z,closing,259b5df9aa0d10257f56de78523495e0,2026-10-09T00:18:00Z,Dallas Cowboys,Tampa Bay Buccaneers,pinnacle,alternate_spreads,Dallas Cowboys,-12.0,2.27
2026-10-08T23:58:04Z,closing,259b5df9aa0d10257f56de78523495e0,2026-10-09T00:18:00Z,Dallas Cowboys,Tampa Bay Buccaneers,pinnacle,alternate_spreads,Dallas Cowboys,-17.5,3.54
2026-10-08T23:58:04Z,closing,259b5df9aa0d10257f56de78523495e0,2026-10-09T00:18:00Z,Dallas Cowboys,Tampa Bay Buccaneers,pinnacle,alternate_spreads,Tampa Bay Buccaneers,9.5,1.98
2026-10-08T23:58:04Z,closing,259b5df9aa0d10257f56de78523495e0,2026-10-09T00:18:00Z,Dallas Cowboys,Tampa Bay Buccaneers,pinnacle,alternate_spreads,Tampa Bay Buccaneers,3.5,3.19
2026-10-08T23:58:04Z,closing,259b5df9aa0d10257f56de78523495e0,2026-10-09T00:18:00Z,Dallas Cowboys,Tampa Bay Buccaneers,pinnacle,alternate_spreads,Tampa Bay Buccaneers,7.0,2.31
2026-10-08T23:58:04Z,closing,259b5df9aa0d10257f56de78523495e0,2026-10-09T00:18:00Z,Dallas Cowboys,Tampa Bay Buccaneers,pinnacle,alternate_spreads,Tampa Bay Buccaneers,7.5,2.17
2026-10-08T23:58:04Z,closing,259b5df9aa0d10257f56de78523495e0,2026-10-09T00:18:00Z,Dallas Cowboys,Tampa Bay Buccaneers,pinnacle,alternate_spreads,Tampa Bay Buccaneers,8.0,2.1
2026-10-08T23:58:04Z,closing,259b5df9aa0d10257f56de78523495e0,2026-10-09T00:18:00Z,Dallas Cowboys,Tampa Bay Buccaneers,pinnacle,alternate_spreads,Tampa Bay Buccaneers,8.5,2.05
2026-10-08T23:58:04Z,closing,259b5df9aa0d10257f56de78523495e0,2026-10-09T00:18:00Z,Dallas Cowboys,Tampa Bay Buccaneers,pinnacle,alternate_spreads,Tampa Bay Buccaneers,9.0,2.01
2026-10-08T23:58:04Z,closing,259b5df9aa0d10257f56de78523495e0,2026-10-09T00:18:00Z,Dallas Cowboys,Tampa Bay Buccaneers,pinnacle,alternate_spreads,Tampa Bay Buccaneers,10.0,1.89
2026-10-08T23:58:04Z,closing,259b5df9aa0d10257f56de78523495e0,2026-10-09T00:18:00Z,Dallas Cowboys,Tampa Bay Buccaneers,pinnacle,alternate_spreads,Tampa Bay Buccaneers,10.5,1.81
2026-10-08T23:58:04Z,closing,259b5df9aa0d10257f56de78523495e0,2026-10-09T00:18:00Z,Dallas Cowboys,Tampa Bay Buccaneers,pinnacle,alternate_spreads,Tampa Bay Buccaneers,11.0,1.76
2026-10-08T23:58:04Z,closing,259b5df9aa0d10257f56de78523495e0,2026-10-09T00:18:00Z,Dallas Cowboys,Tampa Bay Buccaneers,pinnacle,alternate_spreads,Tampa Bay Buccaneers,11.5,1.72
2026-10-08T23:58:04Z,closing,259b5df9aa0d10257f56de78523495e0,2026-10-09T00:18:00Z,Dallas Cowboys,Tampa Bay Buccaneers,pinnacle,alternate_spreads,Tampa Bay Buccaneers,12.0,1.69
2026-10-08T23:58:04Z,closing,259b5df9aa0d10257f56de78523495e0,2026-10-09T00:18:00Z,Dallas Cowboys,Tampa Bay Buccaneers,pinnacle,alternate_spreads,Tampa Bay Buccaneers,17.5,1.32
2026-10-08T23:58:04Z,closing,259b5df9aa0d10257f56de78523495e0,2026-10-09T00:18:00Z,Dallas Cowboys,Tampa Bay Buccaneers,pinnacle,alternate_totals,Over,49.0,1.95
2026-10-08T23:58:04Z,closing,259b5df9aa0d10257f56de78523495e0,2026-10-09T00:18:00Z,Dallas Cowboys,Tampa Bay Buccaneers,pinnacle,alternate_totals,Over,42.5,1.42
2026-10-08T23:58:04Z,closing,259b5df9aa0d10257f56de78523495e0,2026-10-09T00:18:00Z,Dallas Cowboys,Tampa Bay Buccaneers,pinnacle,alternate_totals,Over,46.5,1.66
2026-10-08T23:58:04Z,closing,259b5df9aa0d10257f56de78523495e0,2026-10-09T00:18:00Z,Dallas Cowboys,Tampa Bay Buccaneers,pinnacle,alternate_totals,Over,47.0,1.71
2026-10-08T23:58:04Z,closing,259b5df9aa0d10257f56de78523495e0,2026-10-09T00:18:00Z,Dallas Cowboys,Tampa Bay Buccaneers,pinnacle,alternate_totals,Over,47.5,1.76
2026-10-08T23:58:04Z,closing,259b5df9aa0d10257f56de78523495e0,2026-10-09T00:18:00Z,Dallas Cowboys,Tampa Bay Buccaneers,pinnacle,alternate_totals,Over,48.0,1.81
2026-10-08T23:58:04Z,closing,259b5df9aa0d10257f56de78523495e0,2026-10-09T00:18:00Z,Dallas Cowboys,Tampa Bay Buccaneers,pinnacle,alternate_totals,Over,48.5,1.88
2026-10-08T23:58:04Z,closing,259b5df9aa0d10257f56de78523495e0,2026-10-09T00:18:00Z,Dallas Cowboys,Tampa Bay Buccaneers,pinnacle,alternate_totals,Over,49.5,2.02
2026-10-08T23:58:04Z,closing,259b5df9aa0d10257f56de78523495e0,2026-10-09T00:18:00Z,Dallas Cowboys,Tampa Bay Buccaneers,pinnacle,alternate_totals,Over,50.0,2.09
2026-10-08T23:58:04Z,closing,259b5df9aa0d10257f56de78523495e0,2026-10-09T00:18:00Z,Dallas Cowboys,Tampa Bay Buccaneers,pinnacle,alternate_totals,Over,50.5,2.17
2026-10-08T23:58:04Z,closing,259b5df9aa0d10257f56de78523495e0,2026-10-09T00:18:00Z,Dallas Cowboys,Tampa Bay Buccaneers,pinnacle,alternate_totals,Over,51.0,2.25
2026-10-08T23:58:04Z,closing,259b5df9aa0d10257f56de78523495e0,2026-10-09T00:18:00Z,Dallas Cowboys,Tampa Bay Buccaneers,pinnacle,alternate_totals,Over,51.5,2.33
2026-10-08T23:58:04Z,closing,259b5df9aa0d10257f56de78523495e0,2026-10-09T00:18:00Z,Dallas Cowboys,Tampa Bay Buccaneers,pinnacle,alternate_totals,Over,55.5,3.11
2026-10-08T23:58:04Z,closing,259b5df9aa0d10257f56de78523495e0,2026-10-09T00:18:00Z,Dallas Cowboys,Tampa Bay Buccaneers,pinnacle,alternate_totals,Under,49.0,1.93
2026-10-08T23:58:04Z,closing,259b5df9aa0d10257f56de78523495e0,2026-10-09T00:18:00Z,Dallas Cowboys,Tampa Bay Buccaneers,pinnacle,alternate_totals,Under,42.5,2.99
2026-10-08T23:58:04Z,closing,259b5df9aa0d10257f56de78523495e0,2026-10-09T00:18:00Z,Dallas Cowboys,Tampa Bay Buccaneers,pinnacle,alternate_totals,Under,46.5,2.31
2026-10-08T23:58:04Z,closing,259b5df9aa0d10257f56de78523495e0,2026-10-09T00:18:00Z,Dallas Cowboys,Tampa Bay Buccaneers,pinnacle,alternate_totals,Under,47.0,2.23
2026-10-08T23:58:04Z,closing,259b5df9aa0d10257f56de78523495e0,2026-10-09T00:18:00Z,Dallas Cowboys,Tampa Bay Buccaneers,pinnacle,alternate_totals,Under,47.5,2.14
2026-10-08T23:58:04Z,closing,259b5df9aa0d10257f56de78523495e0,2026-10-09T00:18:00Z,Dallas Cowboys,Tampa Bay Buccaneers,pinnacle,alternate_totals,Under,48.0,2.07
2026-10-08T23:58:04Z,closing,259b5df9aa0d10257f56de78523495e0,2026-10-09T00:18:00Z,Dallas Cowboys,Tampa Bay Buccaneers,pinnacle,alternate_totals,Under,48.5,2.0
2026-10-08T23:58:04Z,closing,259b5df9aa0d10257f56de78523495e0,2026-10-09T00:18:00Z,Dallas Cowboys,Tampa Bay Buccaneers,pinnacle,alternate_totals,Under,49.5,1.85
2026-10-08T23:58:04Z,closing,259b5df9aa0d10257f56de78523495e0,2026-10-09T00:18:00Z,Dallas Cowboys,Tampa Bay Buccaneers,pinnacle,alternate_totals,Under,50.0,1.79
2026-10-08T23:58:04Z,closing,259b5df9aa0d10257f56de78523495e0,2026-10-09T00:18:00Z,Dallas Cowboys,Tampa Bay Buccaneers,pinnacle,alternate_totals,Under,50.5,1.75
2026-10-08T23:58:04Z,closing,259b5df9aa0d10257f56de78523495e0,2026-10-09T00:18:00Z,Dallas Cowboys,Tampa Bay Buccaneers,pinnacle,alternate_totals,Under,51.0,1.69
2026-10-08T23:58:04Z,closing,259b5df9aa0d10257f56de78523495e0,2026-10-09T00:18:00Z,Dallas Cowboys,Tampa Bay Buccaneers,pinnacle,alternate_totals,Under,51.5,1.65
2026-10-08T23:58:04Z,closing,259b5df9aa0d10257f56de78523495e0,2026-10-09T00:18:00Z,Dallas Cowboys,Tampa Bay Buccaneers,pinnacle,alternate_totals,Under,55.5,1.39
2026-10-08T23:58:04Z,closing,259b5df9aa0d10257f56de78523495e0,2026-10-09T00:18:00Z,Dallas Cowboys,Tampa Bay Buccaneers,coolbet,alternate_spreads,Dallas Cowboys,-11.0,2.15
2026-10-08T23:58:04Z,closing,259b5df9aa0d10257f56de78523495e0,2026-10-09T00:18:00Z,Dallas Cowboys,Tampa Bay Buccaneers,coolbet,alternate_spreads,Dallas Cowboys,-10.5,2.1
2026-10-08T23:58:04Z,closing,259b5df9aa0d10257f56de78523495e0,2026-10-09T00:18:00Z,Dallas Cowboys,Tampa Bay Buccaneers,coolbet,alternate_spreads,Dallas Cowboys,-8.5,1.89
2026-10-08T23:58:04Z,closing,259b5df9aa0d10257f56de78523495e0,2026-10-09T00:18:00Z,Dallas Cowboys,Tampa Bay Buccaneers,coolbet,alternate_spreads,Dallas Cowboys,-9.5,1.93
2026-10-08T23:58:04Z,closing,259b5df9aa0d10257f56de78523495e0,2026-10-09T00:18:00Z,Dallas Cowboys,Tampa Bay Buccaneers,coolbet,alternate_spreads,Dallas Cowboys,-10.0,2.02
2026-10-08T23:58:04Z,closing,259b5df9aa0d10257f56de78523495e0,2026-10-09T00:18:00Z,Dallas Cowboys,Tampa Bay Buccaneers,coolbet,alternate_spreads,Dallas Cowboys,-8.0,1.85
2026-10-08T23:58:04Z,closing,259b5df9aa0d10257f56de78523495e0,2026-10-09T00:18:00Z,Dallas Cowboys,Tampa Bay Buccaneers,coolbet,alternate_spreads,Dallas Cowboys,-9.0,1.91
2026-10-08T23:58:04Z,closing,259b5df9aa0d10257f56de78523495e0,2026-10-09T00:18:00Z,Dallas Cowboys,Tampa Bay Buccaneers,coolbet,alternate_spreads,Dallas Cowboys,-7.5,1.82
2026-10-08T23:58:04Z,closing,259b5df9aa0d10257f56de78523495e0,2026-10-09T00:18:00Z,Dallas Cowboys,Tampa Bay Buccaneers,coolbet,alternate_spreads,Dallas Cowboys,-7.0,1.72
2026-10-08T23:58:04Z,closing,259b5df9aa0d10257f56de78523495e0,2026-10-09T00:18:00Z,Dallas Cowboys,Tampa Bay Buccaneers,coolbet,alternate_spreads,Dallas Cowboys,-11.5,2.2
2026-10-08T23:58:04Z,closing,259b5df9aa0d10257f56de78523495e0,2026-10-09T00:18:00Z,Dallas Cowboys,Tampa Bay Buccaneers,coolbet,alternate_spreads,Tampa Bay Buccaneers,11.0,1.74
2026-10-08T23:58:04Z,closing,259b5df9aa0d10257f56de78523495e0,2026-10-09T00:18:00Z,Dallas Cowboys,Tampa Bay Buccaneers,coolbet,alternate_spreads,Tampa Bay Buccaneers,10.5,1.77
2026-10-08T23:58:04Z,closing,259b5df9aa0d10257f56de78523495e0,2026-10-09T00:18:00Z,Dallas Cowboys,Tampa Bay Buccaneers,coolbet,alternate_spreads,Tampa Bay Buccaneers,8.5,1.96
2026-10-08T23:58:04Z,closing,259b5df9aa0d10257f56de78523495e0,2026-10-09T00:18:00Z,Dallas Cowboys,Tampa Bay Buccaneers,coolbet,alternate_spreads,Tampa Bay Buccaneers,9.5,1.91
2026-10-08T23:58:04Z,closing,259b5df9aa0d10257f56de78523495e0,2026-10-09T00:18:00Z,Dallas Cowboys,Tampa Bay Buccaneers,coolbet,alternate_spreads,Tampa Bay Buccaneers,10.0,1.83
2026-10-08T23:58:04Z,closing,259b5df9aa0d10257f56de78523495e0,2026-10-09T00:18:00Z,Dallas Cowboys,Tampa Bay Buccaneers,coolbet,alternate_spreads,Tampa Bay Buccaneers,8.0,2.0
2026-10-08T23:58:04Z,closing,259b5df9aa0d10257f56de78523495e0,2026-10-09T00:18:00Z,Dallas Cowboys,Tampa Bay Buccaneers,coolbet,alternate_spreads,Tampa Bay Buccaneers,9.0,1.93
2026-10-08T23:58:04Z,closing,259b5df9aa0d10257f56de78523495e0,2026-10-09T00:18:00Z,Dallas Cowboys,Tampa Bay Buccaneers,coolbet,alternate_spreads,Tampa Bay Buccaneers,7.5,2.03
2026-10-08T23:58:04Z,closing,259b5df9aa0d10257f56de78523495e0,2026-10-09T00:18:00Z,Dallas Cowboys,Tampa Bay Buccaneers,coolbet,alternate_spreads,Tampa Bay Buccaneers,7.0,2.18
2026-10-08T23:58:04Z,closing,259b5df9aa0d10257f56de78523495e0,2026-10-09T00:18:00Z,Dallas Cowboys,Tampa Bay Buccaneers,coolbet,alternate_spreads,Tampa Bay Buccaneers,11.5,1.71
2026-10-08T23:58:04Z,closing,259b5df9aa0d10257f56de78523495e0,2026-10-09T00:18:00Z,Dallas Cowboys,Tampa Bay Buccaneers,coolbet,alternate_totals,Over,47.0,1.74
2026-10-08T23:58:04Z,closing,259b5df9aa0d10257f56de78523495e0,2026-10-09T00:18:00Z,Dallas Cowboys,Tampa Bay Buccaneers,coolbet,alternate_totals,Over,46.5,1.7
2026-10-08T23:58:04Z,closing,259b5df9aa0d10257f56de78523495e0,2026-10-09T00:18:00Z,Dallas Cowboys,Tampa Bay Buccaneers,coolbet,alternate_totals,Over,48.0,1.84
2026-10-08T23:58:04Z,closing,259b5df9aa0d10257f56de78523495e0,2026-10-09T00:18:00Z,Dallas Cowboys,Tampa Bay Buccaneers,coolbet,alternate_totals,Over,47.5,1.8
2026-10-08T23:58:04Z,closing,259b5df9aa0d10257f56de78523495e0,2026-10-09T00:18:00Z,Dallas Cowboys,Tampa Bay Buccaneers,coolbet,alternate_totals,Over,49.0,1.92
2026-10-08T23:58:04Z,closing,259b5df9aa0d10257f56de78523495e0,2026-10-09T00:18:00Z,Dallas Cowboys,Tampa Bay Buccaneers,coolbet,alternate_totals,Over,48.5,1.89
2026-10-08T23:58:04Z,closing,259b5df9aa0d10257f56de78523495e0,2026-10-09T00:18:00Z,Dallas Cowboys,Tampa Bay Buccaneers,coolbet,alternate_totals,Over,50.0,2.02
2026-10-08T23:58:04Z,closing,259b5df9aa0d10257f56de78523495e0,2026-10-09T00:18:00Z,Dallas Cowboys,Tampa Bay Buccaneers,coolbet,alternate_totals,Over,49.5,1.97
2026-10-08T23:58:04Z,closing,259b5df9aa0d10257f56de78523495e0,2026-10-09T00:18:00Z,Dallas Cowboys,Tampa Bay Buccaneers,coolbet,alternate_totals,Over,51.0,2.15
2026-10-08T23:58:04Z,closing,259b5df9aa0d10257f56de78523495e0,2026-10-09T00:18:00Z,Dallas Cowboys,Tampa Bay Buccaneers,coolbet,alternate_totals,Over,50.5,2.06
2026-10-08T23:58:04Z,closing,259b5df9aa0d10257f56de78523495e0,2026-10-09T00:18:00Z,Dallas Cowboys,Tampa Bay Buccaneers,coolbet,alternate_totals,Under,47.0,2.15
2026-10-08T23:58:04Z,closing,259b5df9aa0d10257f56de78523495e0,2026-10-09T00:18:00Z,Dallas Cowboys,Tampa Bay Buccaneers,coolbet,alternate_totals,Under,46.5,2.21
2026-10-08T23:58:04Z,closing,259b5df9aa0d10257f56de78523495e0,2026-10-09T00:18:00Z,Dallas Cowboys,Tampa Bay Buccaneers,coolbet,alternate_totals,Under,48.0,2.01
2026-10-08T23:58:04Z,closing,259b5df9aa0d10257f56de78523495e0,2026-10-09T00:18:00Z,Dallas Cowboys,Tampa Bay Buccaneers,coolbet,alternate_totals,Under,47.5,2.06
2026-10-08T23:58:04Z,closing,259b5df9aa0d10257f56de78523495e0,2026-10-09T00:18:00Z,Dallas Cowboys,Tampa Bay Buccaneers,coolbet,alternate_totals,Under,49.0,1.92
2026-10-08T23:58:04Z,closing,259b5df9aa0d10257f56de78523495e0,2026-10-09T00:18:00Z,Dallas Cowboys,Tampa Bay Buccaneers,coolbet,alternate_totals,Under,48.5,1.96
2026-10-08T23:58:04Z,closing,259b5df9aa0d10257f56de78523495e0,2026-10-09T00:18:00Z,Dallas Cowboys,Tampa Bay Buccaneers,coolbet,alternate_totals,Under,50.0,1.83
2026-10-08T23:58:04Z,closing,259b5df9aa0d10257f56de78523495e0,2026-10-09T00:18:00Z,Dallas Cowboys,Tampa Bay Buccaneers,coolbet,alternate_totals,Under,49.5,1.88
2026-10-08T23:58:04Z,closing,259b5df9aa0d10257f56de78523495e0,2026-10-09T00:18:00Z,Dallas Cowboys,Tampa Bay Buccaneers,coolbet,alternate_totals,Under,51.0,1.74
2026-10-08T23:58:04Z,closing,259b5df9aa0d10257f56de78523495e0,2026-10-09T00:18:00Z,Dallas Cowboys,Tampa Bay Buccaneers,coolbet,alternate_totals,Under,50.5,1.8
