snapshot_utc,mode,event_id,commence_utc,home,away,book,market,outcome,point,price
2026-09-14T07:14:07Z,scheduled,5ad8135dc2b5f27de0b777acd317855a,2026-09-15T00:15:00Z,Kansas City Chiefs,Denver Broncos,draftkings,h2h,Denver Broncos,,2.14
2026-09-14T07:14:07Z,scheduled,5ad8135dc2b5f27de0b777acd317855a,2026-09-15T00:15:00Z,Kansas City Chiefs,Denver Broncos,draftkings,h2h,Kansas City Chiefs,,1.74
2026-09-14T07:14:07Z,scheduled,5ad8135dc2b5f27de0b777acd317855a,2026-09-15T00:15:00Z,Kansas City Chiefs,Denver Broncos,draftkings,spreads,Denver Broncos,2.5,1.91
2026-09-14T07:14:07Z,scheduled,5ad8135dc2b5f27de0b777acd317855a,2026-09-15T00:15:00Z,Kansas City Chiefs,Denver Broncos,draftkings,spreads,Kansas City Chiefs,-2.5,1.91
2026-09-14T07:14:07Z,scheduled,5ad8135dc2b5f27de0b777acd317855a,2026-09-15T00:15:00Z,Kansas City Chiefs,Denver Broncos,draftkings,totals,Over,43.5,1.93
2026-09-14T07:14:07Z,scheduled,5ad8135dc2b5f27de0b777acd317855a,2026-09-15T00:15:00Z,Kansas City Chiefs,Denver Broncos,draftkings,totals,Under,43.5,1.89
2026-09-14T07:14:07Z,scheduled,5ad8135dc2b5f27de0b777acd317855a,2026-09-15T00:15:00Z,Kansas City Chiefs,Denver Broncos,fanduel,h2h,Denver Broncos,,2.12
2026-09-14T07:14:07Z,scheduled,5ad8135dc2b5f27de0b777acd317855a,2026-09-15T00:15:00Z,Kansas City Chiefs,Denver Broncos,fanduel,h2h,Kansas City Chiefs,,1.76
2026-09-14T07:14:07Z,scheduled,5ad8135dc2b5f27de0b777acd317855a,2026-09-15T00:15:00Z,Kansas City Chiefs,Denver Broncos,fanduel,spreads,Denver Broncos,2.5,1.87
2026-09-14T07:14:07Z,scheduled,5ad8135dc2b5f27de0b777acd317855a,2026-09-15T00:15:00Z,Kansas City Chiefs,Denver Broncos,fanduel,spreads,Kansas City Chiefs,-2.5,1.95
2026-09-14T07:14:07Z,scheduled,5ad8135dc2b5f27de0b777acd317855a,2026-09-15T00:15:00Z,Kansas City Chiefs,Denver Broncos,fanduel,totals,Over,43.5,1.89
2026-09-14T07:14:07Z,scheduled,5ad8135dc2b5f27de0b777acd317855a,2026-09-15T00:15:00Z,Kansas City Chiefs,Denver Broncos,fanduel,totals,Under,43.5,1.93
2026-09-14T07:14:07Z,scheduled,5ad8135dc2b5f27de0b777acd317855a,2026-09-15T00:15:00Z,Kansas City Chiefs,Denver Broncos,betsson,h2h,Denver Broncos,,2.12
2026-09-14T07:14:07Z,scheduled,5ad8135dc2b5f27de0b777acd317855a,2026-09-15T00:15:00Z,Kansas City Chiefs,Denver Broncos,betsson,h2h,Kansas City Chiefs,,1.72
2026-09-14T07:14:07Z,scheduled,5ad8135dc2b5f27de0b777acd317855a,2026-09-15T00:15:00Z,Kansas City Chiefs,Denver Broncos,betsson,spreads,Denver Broncos,2.5,1.86
2026-09-14T07:14:07Z,scheduled,5ad8135dc2b5f27de0b777acd317855a,2026-09-15T00:15:00Z,Kansas City Chiefs,Denver Broncos,betsson,spreads,Kansas City Chiefs,-2.5,1.94
2026-09-14T07:14:07Z,scheduled,5ad8135dc2b5f27de0b777acd317855a,2026-09-15T00:15:00Z,Kansas City Chiefs,Denver Broncos,betsson,totals,Over,43.5,1.88
2026-09-14T07:14:07Z,scheduled,5ad8135dc2b5f27de0b777acd317855a,2026-09-15T00:15:00Z,Kansas City Chiefs,Denver Broncos,betsson,totals,Under,43.5,1.92
2026-09-14T07:14:07Z,scheduled,5ad8135dc2b5f27de0b777acd317855a,2026-09-15T00:15:00Z,Kansas City Chiefs,Denver Broncos,betmgm,h2h,Denver Broncos,,2.15
2026-09-14T07:14:07Z,scheduled,5ad8135dc2b5f27de0b777acd317855a,2026-09-15T00:15:00Z,Kansas City Chiefs,Denver Broncos,betmgm,h2h,Kansas City Chiefs,,1.74
2026-09-14T07:14:07Z,scheduled,5ad8135dc2b5f27de0b777acd317855a,2026-09-15T00:15:00Z,Kansas City Chiefs,Denver Broncos,betmgm,spreads,Denver Broncos,2.0,1.93
2026-09-14T07:14:07Z,scheduled,5ad8135dc2b5f27de0b777acd317855a,2026-09-15T00:15:00Z,Kansas City Chiefs,Denver Broncos,betmgm,spreads,Kansas City Chiefs,-2.0,1.91
2026-09-14T07:14:07Z,scheduled,5ad8135dc2b5f27de0b777acd317855a,2026-09-15T00:15:00Z,Kansas City Chiefs,Denver Broncos,betmgm,totals,Over,43.5,1.91
2026-09-14T07:14:07Z,scheduled,5ad8135dc2b5f27de0b777acd317855a,2026-09-15T00:15:00Z,Kansas City Chiefs,Denver Broncos,betmgm,totals,Under,43.5,1.93
2026-09-14T07:14:07Z,scheduled,5ad8135dc2b5f27de0b777acd317855a,2026-09-15T00:15:00Z,Kansas City Chiefs,Denver Broncos,betrivers,h2h,Denver Broncos,,2.1
2026-09-14T07:14:07Z,scheduled,5ad8135dc2b5f27de0b777acd317855a,2026-09-15T00:15:00Z,Kansas City Chiefs,Denver Broncos,betrivers,h2h,Kansas City Chiefs,,1.75
2026-09-14T07:14:07Z,scheduled,5ad8135dc2b5f27de0b777acd317855a,2026-09-15T00:15:00Z,Kansas City Chiefs,Denver Broncos,betrivers,spreads,Denver Broncos,2.5,1.89
2026-09-14T07:14:07Z,scheduled,5ad8135dc2b5f27de0b777acd317855a,2026-09-15T00:15:00Z,Kansas City Chiefs,Denver Broncos,betrivers,spreads,Kansas City Chiefs,-2.5,1.92
2026-09-14T07:14:07Z,scheduled,5ad8135dc2b5f27de0b777acd317855a,2026-09-15T00:15:00Z,Kansas City Chiefs,Denver Broncos,betrivers,totals,Over,43.0,1.88
2026-09-14T07:14:07Z,scheduled,5ad8135dc2b5f27de0b777acd317855a,2026-09-15T00:15:00Z,Kansas City Chiefs,Denver Broncos,betrivers,totals,Under,43.0,1.93
2026-09-14T07:14:07Z,scheduled,5ad8135dc2b5f27de0b777acd317855a,2026-09-15T00:15:00Z,Kansas City Chiefs,Denver Broncos,pinnacle,h2h,Denver Broncos,,2.16
2026-09-14T07:14:07Z,scheduled,5ad8135dc2b5f27de0b777acd317855a,2026-09-15T00:15:00Z,Kansas City Chiefs,Denver Broncos,pinnacle,h2h,Kansas City Chiefs,,1.76
2026-09-14T07:14:07Z,scheduled,5ad8135dc2b5f27de0b777acd317855a,2026-09-15T00:15:00Z,Kansas City Chiefs,Denver Broncos,pinnacle,spreads,Denver Broncos,2.5,1.91
2026-09-14T07:14:07Z,scheduled,5ad8135dc2b5f27de0b777acd317855a,2026-09-15T00:15:00Z,Kansas City Chiefs,Denver Broncos,pinnacle,spreads,Kansas City Chiefs,-2.5,1.98
2026-09-14T07:14:07Z,scheduled,5ad8135dc2b5f27de0b777acd317855a,2026-09-15T00:15:00Z,Kansas City Chiefs,Denver Broncos,pinnacle,totals,Over,44.0,2.02
2026-09-14T07:14:07Z,scheduled,5ad8135dc2b5f27de0b777acd317855a,2026-09-15T00:15:00Z,Kansas City Chiefs,Denver Broncos,pinnacle,totals,Under,44.0,1.84
2026-09-14T07:14:07Z,scheduled,5ad8135dc2b5f27de0b777acd317855a,2026-09-15T00:15:00Z,Kansas City Chiefs,Denver Broncos,coolbet,h2h,Denver Broncos,,2.15
2026-09-14T07:14:07Z,scheduled,5ad8135dc2b5f27de0b777acd317855a,2026-09-15T00:15:00Z,Kansas City Chiefs,Denver Broncos,coolbet,h2h,Kansas City Chiefs,,1.74
2026-09-14T07:14:07Z,scheduled,5ad8135dc2b5f27de0b777acd317855a,2026-09-15T00:15:00Z,Kansas City Chiefs,Denver Broncos,coolbet,spreads,Denver Broncos,2.0,1.95
2026-09-14T07:14:07Z,scheduled,5ad8135dc2b5f27de0b777acd317855a,2026-09-15T00:15:00Z,Kansas City Chiefs,Denver Broncos,coolbet,spreads,Kansas City Chiefs,-2.0,1.9
2026-09-14T07:14:07Z,scheduled,5ad8135dc2b5f27de0b777acd317855a,2026-09-15T00:15:00Z,Kansas City Chiefs,Denver Broncos,coolbet,totals,Over,43.5,1.9
2026-09-14T07:14:07Z,scheduled,5ad8135dc2b5f27de0b777acd317855a,2026-09-15T00:15:00Z,Kansas City Chiefs,Denver Broncos,coolbet,totals,Under,43.5,1.95
2026-09-14T07:14:07Z,scheduled,5ad8135dc2b5f27de0b777acd317855a,2026-09-15T00:15:00Z,Kansas City Chiefs,Denver Broncos,betfair_ex_eu,h2h,Denver Broncos,,2.22
2026-09-14T07:14:07Z,scheduled,5ad8135dc2b5f27de0b777acd317855a,2026-09-15T00:15:00Z,Kansas City Chiefs,Denver Broncos,betfair_ex_eu,h2h,Kansas City Chiefs,,1.8
2026-09-14T07:14:07Z,scheduled,5ad8135dc2b5f27de0b777acd317855a,2026-09-15T00:15:00Z,Kansas City Chiefs,Denver Broncos,betfair_ex_eu,h2h_lay,Denver Broncos,,2.26
2026-09-14T07:14:07Z,scheduled,5ad8135dc2b5f27de0b777acd317855a,2026-09-15T00:15:00Z,Kansas City Chiefs,Denver Broncos,betfair_ex_eu,h2h_lay,Kansas City Chiefs,,1.81
2026-09-14T07:14:07Z,scheduled,5ad8135dc2b5f27de0b777acd317855a,2026-09-15T00:15:00Z,Kansas City Chiefs,Denver Broncos,matchbook,h2h,Denver Broncos,,2.22
2026-09-14T07:14:07Z,scheduled,5ad8135dc2b5f27de0b777acd317855a,2026-09-15T00:15:00Z,Kansas City Chiefs,Denver Broncos,matchbook,h2h,Kansas City Chiefs,,1.8
2026-09-14T07:14:07Z,scheduled,5ad8135dc2b5f27de0b777acd317855a,2026-09-15T00:15:00Z,Kansas City Chiefs,Denver Broncos,matchbook,h2h_lay,Denver Broncos,,2.26
2026-09-14T07:14:07Z,scheduled,5ad8135dc2b5f27de0b777acd317855a,2026-09-15T00:15:00Z,Kansas City Chiefs,Denver Broncos,matchbook,h2h_lay,Kansas City Chiefs,,1.81
2026-09-14T07:14:07Z,scheduled,5ad8135dc2b5f27de0b777acd317855a,2026-09-15T00:15:00Z,Kansas City Chiefs,Denver Broncos,matchbook,spreads,Denver Broncos,2.0,2.0
2026-09-14T07:14:07Z,scheduled,5ad8135dc2b5f27de0b777acd317855a,2026-09-15T00:15:00Z,Kansas City Chiefs,Denver Broncos,matchbook,spreads,Kansas City Chiefs,-2.0,1.95
2026-09-14T07:14:07Z,scheduled,5ad8135dc2b5f27de0b777acd317855a,2026-09-15T00:15:00Z,Kansas City Chiefs,Denver Broncos,matchbook,totals,Over,43.5,1.97
2026-09-14T07:14:07Z,scheduled,5ad8135dc2b5f27de0b777acd317855a,2026-09-15T00:15:00Z,Kansas City Chiefs,Denver Broncos,matchbook,totals,Under,43.5,1.96
2026-09-14T07:14:07Z,scheduled,56e8897681915f7ec92baeee952bb1ae,2026-09-18T00:15:00Z,Buffalo Bills,Detroit Lions,draftkings,h2h,Buffalo Bills,,1.56
2026-09-14T07:14:07Z,scheduled,56e8897681915f7ec92baeee952bb1ae,2026-09-18T00:15:00Z,Buffalo Bills,Detroit Lions,draftkings,h2h,Detroit Lions,,2.5
2026-09-14T07:14:07Z,scheduled,56e8897681915f7ec92baeee952bb1ae,2026-09-18T00:15:00Z,Buffalo Bills,Detroit Lions,draftkings,spreads,Buffalo Bills,-3.5,1.95
2026-09-14T07:14:07Z,scheduled,56e8897681915f7ec92baeee952bb1ae,2026-09-18T00:15:00Z,Buffalo Bills,Detroit Lions,draftkings,spreads,Detroit Lions,3.5,1.87
2026-09-14T07:14:07Z,scheduled,56e8897681915f7ec92baeee952bb1ae,2026-09-18T00:15:00Z,Buffalo Bills,Detroit Lions,draftkings,totals,Over,53.5,1.91
2026-09-14T07:14:07Z,scheduled,56e8897681915f7ec92baeee952bb1ae,2026-09-18T00:15:00Z,Buffalo Bills,Detroit Lions,draftkings,totals,Under,53.5,1.91
2026-09-14T07:14:07Z,scheduled,56e8897681915f7ec92baeee952bb1ae,2026-09-18T00:15:00Z,Buffalo Bills,Detroit Lions,fanduel,h2h,Buffalo Bills,,1.51
2026-09-14T07:14:07Z,scheduled,56e8897681915f7ec92baeee952bb1ae,2026-09-18T00:15:00Z,Buffalo Bills,Detroit Lions,fanduel,h2h,Detroit Lions,,2.64
2026-09-14T07:14:07Z,scheduled,56e8897681915f7ec92baeee952bb1ae,2026-09-18T00:15:00Z,Buffalo Bills,Detroit Lions,fanduel,spreads,Buffalo Bills,-3.5,1.91
2026-09-14T07:14:07Z,scheduled,56e8897681915f7ec92baeee952bb1ae,2026-09-18T00:15:00Z,Buffalo Bills,Detroit Lions,fanduel,spreads,Detroit Lions,3.5,1.91
2026-09-14T07:14:07Z,scheduled,56e8897681915f7ec92baeee952bb1ae,2026-09-18T00:15:00Z,Buffalo Bills,Detroit Lions,fanduel,totals,Over,52.5,1.85
2026-09-14T07:14:07Z,scheduled,56e8897681915f7ec92baeee952bb1ae,2026-09-18T00:15:00Z,Buffalo Bills,Detroit Lions,fanduel,totals,Under,52.5,1.96
2026-09-14T07:14:07Z,scheduled,56e8897681915f7ec92baeee952bb1ae,2026-09-18T00:15:00Z,Buffalo Bills,Detroit Lions,betmgm,h2h,Buffalo Bills,,1.5
2026-09-14T07:14:07Z,scheduled,56e8897681915f7ec92baeee952bb1ae,2026-09-18T00:15:00Z,Buffalo Bills,Detroit Lions,betmgm,h2h,Detroit Lions,,2.65
2026-09-14T07:14:07Z,scheduled,56e8897681915f7ec92baeee952bb1ae,2026-09-18T00:15:00Z,Buffalo Bills,Detroit Lions,betmgm,spreads,Buffalo Bills,-3.5,1.91
2026-09-14T07:14:07Z,scheduled,56e8897681915f7ec92baeee952bb1ae,2026-09-18T00:15:00Z,Buffalo Bills,Detroit Lions,betmgm,spreads,Detroit Lions,3.5,1.93
2026-09-14T07:14:07Z,scheduled,56e8897681915f7ec92baeee952bb1ae,2026-09-18T00:15:00Z,Buffalo Bills,Detroit Lions,betmgm,totals,Over,53.5,1.93
2026-09-14T07:14:07Z,scheduled,56e8897681915f7ec92baeee952bb1ae,2026-09-18T00:15:00Z,Buffalo Bills,Detroit Lions,betmgm,totals,Under,53.5,1.91
2026-09-14T07:14:07Z,scheduled,56e8897681915f7ec92baeee952bb1ae,2026-09-18T00:15:00Z,Buffalo Bills,Detroit Lions,betsson,h2h,Buffalo Bills,,1.5
2026-09-14T07:14:07Z,scheduled,56e8897681915f7ec92baeee952bb1ae,2026-09-18T00:15:00Z,Buffalo Bills,Detroit Lions,betsson,h2h,Detroit Lions,,2.6
2026-09-14T07:14:07Z,scheduled,56e8897681915f7ec92baeee952bb1ae,2026-09-18T00:15:00Z,Buffalo Bills,Detroit Lions,betsson,spreads,Buffalo Bills,-3.5,1.92
2026-09-14T07:14:07Z,scheduled,56e8897681915f7ec92baeee952bb1ae,2026-09-18T00:15:00Z,Buffalo Bills,Detroit Lions,betsson,spreads,Detroit Lions,3.5,1.88
2026-09-14T07:14:07Z,scheduled,56e8897681915f7ec92baeee952bb1ae,2026-09-18T00:15:00Z,Buffalo Bills,Detroit Lions,betsson,totals,Over,53.5,1.9
2026-09-14T07:14:07Z,scheduled,56e8897681915f7ec92baeee952bb1ae,2026-09-18T00:15:00Z,Buffalo Bills,Detroit Lions,betsson,totals,Under,53.5,1.9
2026-09-14T07:14:07Z,scheduled,56e8897681915f7ec92baeee952bb1ae,2026-09-18T00:15:00Z,Buffalo Bills,Detroit Lions,betrivers,h2h,Buffalo Bills,,1.53
2026-09-14T07:14:07Z,scheduled,56e8897681915f7ec92baeee952bb1ae,2026-09-18T00:15:00Z,Buffalo Bills,Detroit Lions,betrivers,h2h,Detroit Lions,,2.55
2026-09-14T07:14:07Z,scheduled,56e8897681915f7ec92baeee952bb1ae,2026-09-18T00:15:00Z,Buffalo Bills,Detroit Lions,betrivers,spreads,Buffalo Bills,-3.5,1.88
2026-09-14T07:14:07Z,scheduled,56e8897681915f7ec92baeee952bb1ae,2026-09-18T00:15:00Z,Buffalo Bills,Detroit Lions,betrivers,spreads,Detroit Lions,3.5,1.93
2026-09-14T07:14:07Z,scheduled,56e8897681915f7ec92baeee952bb1ae,2026-09-18T00:15:00Z,Buffalo Bills,Detroit Lions,betrivers,totals,Over,53.0,1.91
2026-09-14T07:14:07Z,scheduled,56e8897681915f7ec92baeee952bb1ae,2026-09-18T00:15:00Z,Buffalo Bills,Detroit Lions,betrivers,totals,Under,53.0,1.91
2026-09-14T07:14:07Z,scheduled,56e8897681915f7ec92baeee952bb1ae,2026-09-18T00:15:00Z,Buffalo Bills,Detroit Lions,matchbook,h2h,Buffalo Bills,,1.52
2026-09-14T07:14:07Z,scheduled,56e8897681915f7ec92baeee952bb1ae,2026-09-18T00:15:00Z,Buffalo Bills,Detroit Lions,matchbook,h2h,Detroit Lions,,2.62
2026-09-14T07:14:07Z,scheduled,56e8897681915f7ec92baeee952bb1ae,2026-09-18T00:15:00Z,Buffalo Bills,Detroit Lions,matchbook,h2h_lay,Buffalo Bills,,1.62
2026-09-14T07:14:07Z,scheduled,56e8897681915f7ec92baeee952bb1ae,2026-09-18T00:15:00Z,Buffalo Bills,Detroit Lions,matchbook,h2h_lay,Detroit Lions,,2.92
2026-09-14T07:14:07Z,scheduled,56e8897681915f7ec92baeee952bb1ae,2026-09-18T00:15:00Z,Buffalo Bills,Detroit Lions,matchbook,spreads,Buffalo Bills,-3.5,1.98
2026-09-14T07:14:07Z,scheduled,56e8897681915f7ec92baeee952bb1ae,2026-09-18T00:15:00Z,Buffalo Bills,Detroit Lions,matchbook,spreads,Detroit Lions,3.5,1.95
2026-09-14T07:14:07Z,scheduled,56e8897681915f7ec92baeee952bb1ae,2026-09-18T00:15:00Z,Buffalo Bills,Detroit Lions,matchbook,totals,Over,53.0,1.85
2026-09-14T07:14:07Z,scheduled,56e8897681915f7ec92baeee952bb1ae,2026-09-18T00:15:00Z,Buffalo Bills,Detroit Lions,matchbook,totals,Under,53.0,1.97
2026-09-14T07:14:07Z,scheduled,56e8897681915f7ec92baeee952bb1ae,2026-09-18T00:15:00Z,Buffalo Bills,Detroit Lions,pinnacle,h2h,Buffalo Bills,,1.53
2026-09-14T07:14:07Z,scheduled,56e8897681915f7ec92baeee952bb1ae,2026-09-18T00:15:00Z,Buffalo Bills,Detroit Lions,pinnacle,h2h,Detroit Lions,,2.65
2026-09-14T07:14:07Z,scheduled,56e8897681915f7ec92baeee952bb1ae,2026-09-18T00:15:00Z,Buffalo Bills,Detroit Lions,pinnacle,spreads,Buffalo Bills,-4.0,2.0
2026-09-14T07:14:07Z,scheduled,56e8897681915f7ec92baeee952bb1ae,2026-09-18T00:15:00Z,Buffalo Bills,Detroit Lions,pinnacle,spreads,Detroit Lions,4.0,1.89
2026-09-14T07:14:07Z,scheduled,56e8897681915f7ec92baeee952bb1ae,2026-09-18T00:15:00Z,Buffalo Bills,Detroit Lions,pinnacle,totals,Over,54.0,2.01
2026-09-14T07:14:07Z,scheduled,56e8897681915f7ec92baeee952bb1ae,2026-09-18T00:15:00Z,Buffalo Bills,Detroit Lions,pinnacle,totals,Under,54.0,1.85
2026-09-14T15:14:40Z,scheduled,5ad8135dc2b5f27de0b777acd317855a,2026-09-15T00:15:00Z,Kansas City Chiefs,Denver Broncos,draftkings,h2h,Denver Broncos,,2.1
2026-09-14T15:14:40Z,scheduled,5ad8135dc2b5f27de0b777acd317855a,2026-09-15T00:15:00Z,Kansas City Chiefs,Denver Broncos,draftkings,h2h,Kansas City Chiefs,,1.77
2026-09-14T15:14:40Z,scheduled,5ad8135dc2b5f27de0b777acd317855a,2026-09-15T00:15:00Z,Kansas City Chiefs,Denver Broncos,draftkings,spreads,Denver Broncos,2.5,1.89
2026-09-14T15:14:40Z,scheduled,5ad8135dc2b5f27de0b777acd317855a,2026-09-15T00:15:00Z,Kansas City Chiefs,Denver Broncos,draftkings,spreads,Kansas City Chiefs,-2.5,1.93
2026-09-14T15:14:40Z,scheduled,5ad8135dc2b5f27de0b777acd317855a,2026-09-15T00:15:00Z,Kansas City Chiefs,Denver Broncos,draftkings,totals,Over,43.5,1.93
2026-09-14T15:14:40Z,scheduled,5ad8135dc2b5f27de0b777acd317855a,2026-09-15T00:15:00Z,Kansas City Chiefs,Denver Broncos,draftkings,totals,Under,43.5,1.89
2026-09-14T15:14:40Z,scheduled,5ad8135dc2b5f27de0b777acd317855a,2026-09-15T00:15:00Z,Kansas City Chiefs,Denver Broncos,fanduel,h2h,Denver Broncos,,2.12
2026-09-14T15:14:40Z,scheduled,5ad8135dc2b5f27de0b777acd317855a,2026-09-15T00:15:00Z,Kansas City Chiefs,Denver Broncos,fanduel,h2h,Kansas City Chiefs,,1.76
2026-09-14T15:14:40Z,scheduled,5ad8135dc2b5f27de0b777acd317855a,2026-09-15T00:15:00Z,Kansas City Chiefs,Denver Broncos,fanduel,spreads,Denver Broncos,2.5,1.87
2026-09-14T15:14:40Z,scheduled,5ad8135dc2b5f27de0b777acd317855a,2026-09-15T00:15:00Z,Kansas City Chiefs,Denver Broncos,fanduel,spreads,Kansas City Chiefs,-2.5,1.95
2026-09-14T15:14:40Z,scheduled,5ad8135dc2b5f27de0b777acd317855a,2026-09-15T00:15:00Z,Kansas City Chiefs,Denver Broncos,fanduel,totals,Over,43.5,1.93
2026-09-14T15:14:40Z,scheduled,5ad8135dc2b5f27de0b777acd317855a,2026-09-15T00:15:00Z,Kansas City Chiefs,Denver Broncos,fanduel,totals,Under,43.5,1.89
2026-09-14T15:14:40Z,scheduled,5ad8135dc2b5f27de0b777acd317855a,2026-09-15T00:15:00Z,Kansas City Chiefs,Denver Broncos,betsson,h2h,Denver Broncos,,2.1
2026-09-14T15:14:40Z,scheduled,5ad8135dc2b5f27de0b777acd317855a,2026-09-15T00:15:00Z,Kansas City Chiefs,Denver Broncos,betsson,h2h,Kansas City Chiefs,,1.73
2026-09-14T15:14:40Z,scheduled,5ad8135dc2b5f27de0b777acd317855a,2026-09-15T00:15:00Z,Kansas City Chiefs,Denver Broncos,betsson,spreads,Denver Broncos,2.5,1.85
2026-09-14T15:14:40Z,scheduled,5ad8135dc2b5f27de0b777acd317855a,2026-09-15T00:15:00Z,Kansas City Chiefs,Denver Broncos,betsson,spreads,Kansas City Chiefs,-2.5,1.96
2026-09-14T15:14:40Z,scheduled,5ad8135dc2b5f27de0b777acd317855a,2026-09-15T00:15:00Z,Kansas City Chiefs,Denver Broncos,betsson,totals,Over,43.5,1.88
2026-09-14T15:14:40Z,scheduled,5ad8135dc2b5f27de0b777acd317855a,2026-09-15T00:15:00Z,Kansas City Chiefs,Denver Broncos,betsson,totals,Under,43.5,1.92
2026-09-14T15:14:40Z,scheduled,5ad8135dc2b5f27de0b777acd317855a,2026-09-15T00:15:00Z,Kansas City Chiefs,Denver Broncos,betmgm,h2h,Denver Broncos,,2.1
2026-09-14T15:14:40Z,scheduled,5ad8135dc2b5f27de0b777acd317855a,2026-09-15T00:15:00Z,Kansas City Chiefs,Denver Broncos,betmgm,h2h,Kansas City Chiefs,,1.77
2026-09-14T15:14:40Z,scheduled,5ad8135dc2b5f27de0b777acd317855a,2026-09-15T00:15:00Z,Kansas City Chiefs,Denver Broncos,betmgm,spreads,Denver Broncos,2.5,1.91
2026-09-14T15:14:40Z,scheduled,5ad8135dc2b5f27de0b777acd317855a,2026-09-15T00:15:00Z,Kansas City Chiefs,Denver Broncos,betmgm,spreads,Kansas City Chiefs,-2.5,1.93
2026-09-14T15:14:40Z,scheduled,5ad8135dc2b5f27de0b777acd317855a,2026-09-15T00:15:00Z,Kansas City Chiefs,Denver Broncos,betmgm,totals,Over,43.5,1.91
2026-09-14T15:14:40Z,scheduled,5ad8135dc2b5f27de0b777acd317855a,2026-09-15T00:15:00Z,Kansas City Chiefs,Denver Broncos,betmgm,totals,Under,43.5,1.93
2026-09-14T15:14:40Z,scheduled,5ad8135dc2b5f27de0b777acd317855a,2026-09-15T00:15:00Z,Kansas City Chiefs,Denver Broncos,betrivers,h2h,Denver Broncos,,2.1
2026-09-14T15:14:40Z,scheduled,5ad8135dc2b5f27de0b777acd317855a,2026-09-15T00:15:00Z,Kansas City Chiefs,Denver Broncos,betrivers,h2h,Kansas City Chiefs,,1.75
2026-09-14T15:14:40Z,scheduled,5ad8135dc2b5f27de0b777acd317855a,2026-09-15T00:15:00Z,Kansas City Chiefs,Denver Broncos,betrivers,spreads,Denver Broncos,2.5,1.89
2026-09-14T15:14:40Z,scheduled,5ad8135dc2b5f27de0b777acd317855a,2026-09-15T00:15:00Z,Kansas City Chiefs,Denver Broncos,betrivers,spreads,Kansas City Chiefs,-2.5,1.92
2026-09-14T15:14:40Z,scheduled,5ad8135dc2b5f27de0b777acd317855a,2026-09-15T00:15:00Z,Kansas City Chiefs,Denver Broncos,betrivers,totals,Over,43.0,1.88
2026-09-14T15:14:40Z,scheduled,5ad8135dc2b5f27de0b777acd317855a,2026-09-15T00:15:00Z,Kansas City Chiefs,Denver Broncos,betrivers,totals,Under,43.0,1.93
2026-09-14T15:14:40Z,scheduled,5ad8135dc2b5f27de0b777acd317855a,2026-09-15T00:15:00Z,Kansas City Chiefs,Denver Broncos,pinnacle,h2h,Denver Broncos,,2.16
2026-09-14T15:14:40Z,scheduled,5ad8135dc2b5f27de0b777acd317855a,2026-09-15T00:15:00Z,Kansas City Chiefs,Denver Broncos,pinnacle,h2h,Kansas City Chiefs,,1.78
2026-09-14T15:14:40Z,scheduled,5ad8135dc2b5f27de0b777acd317855a,2026-09-15T00:15:00Z,Kansas City Chiefs,Denver Broncos,pinnacle,spreads,Denver Broncos,2.5,1.91
2026-09-14T15:14:40Z,scheduled,5ad8135dc2b5f27de0b777acd317855a,2026-09-15T00:15:00Z,Kansas City Chiefs,Denver Broncos,pinnacle,spreads,Kansas City Chiefs,-2.5,2.0
2026-09-14T15:14:40Z,scheduled,5ad8135dc2b5f27de0b777acd317855a,2026-09-15T00:15:00Z,Kansas City Chiefs,Denver Broncos,pinnacle,totals,Over,43.5,1.98
2026-09-14T15:14:40Z,scheduled,5ad8135dc2b5f27de0b777acd317855a,2026-09-15T00:15:00Z,Kansas City Chiefs,Denver Broncos,pinnacle,totals,Under,43.5,1.9
2026-09-14T15:14:40Z,scheduled,5ad8135dc2b5f27de0b777acd317855a,2026-09-15T00:15:00Z,Kansas City Chiefs,Denver Broncos,betfair_ex_eu,h2h,Denver Broncos,,2.22
2026-09-14T15:14:40Z,scheduled,5ad8135dc2b5f27de0b777acd317855a,2026-09-15T00:15:00Z,Kansas City Chiefs,Denver Broncos,betfair_ex_eu,h2h,Kansas City Chiefs,,1.81
2026-09-14T15:14:40Z,scheduled,5ad8135dc2b5f27de0b777acd317855a,2026-09-15T00:15:00Z,Kansas City Chiefs,Denver Broncos,betfair_ex_eu,h2h_lay,Denver Broncos,,2.24
2026-09-14T15:14:40Z,scheduled,5ad8135dc2b5f27de0b777acd317855a,2026-09-15T00:15:00Z,Kansas City Chiefs,Denver Broncos,betfair_ex_eu,h2h_lay,Kansas City Chiefs,,1.82
2026-09-14T15:14:40Z,scheduled,5ad8135dc2b5f27de0b777acd317855a,2026-09-15T00:15:00Z,Kansas City Chiefs,Denver Broncos,matchbook,h2h,Denver Broncos,,2.22
2026-09-14T15:14:40Z,scheduled,5ad8135dc2b5f27de0b777acd317855a,2026-09-15T00:15:00Z,Kansas City Chiefs,Denver Broncos,matchbook,h2h,Kansas City Chiefs,,1.81
2026-09-14T15:14:40Z,scheduled,5ad8135dc2b5f27de0b777acd317855a,2026-09-15T00:15:00Z,Kansas City Chiefs,Denver Broncos,matchbook,h2h_lay,Denver Broncos,,2.24
2026-09-14T15:14:40Z,scheduled,5ad8135dc2b5f27de0b777acd317855a,2026-09-15T00:15:00Z,Kansas City Chiefs,Denver Broncos,matchbook,h2h_lay,Kansas City Chiefs,,1.82
2026-09-14T15:14:40Z,scheduled,5ad8135dc2b5f27de0b777acd317855a,2026-09-15T00:15:00Z,Kansas City Chiefs,Denver Broncos,matchbook,spreads,Denver Broncos,2.0,2.0
2026-09-14T15:14:40Z,scheduled,5ad8135dc2b5f27de0b777acd317855a,2026-09-15T00:15:00Z,Kansas City Chiefs,Denver Broncos,matchbook,spreads,Kansas City Chiefs,-2.0,1.98
2026-09-14T15:14:40Z,scheduled,5ad8135dc2b5f27de0b777acd317855a,2026-09-15T00:15:00Z,Kansas City Chiefs,Denver Broncos,matchbook,totals,Over,43.5,2.04
2026-09-14T15:14:40Z,scheduled,5ad8135dc2b5f27de0b777acd317855a,2026-09-15T00:15:00Z,Kansas City Chiefs,Denver Broncos,matchbook,totals,Under,43.5,1.93
2026-09-14T15:14:40Z,scheduled,56e8897681915f7ec92baeee952bb1ae,2026-09-18T00:15:00Z,Buffalo Bills,Detroit Lions,draftkings,h2h,Buffalo Bills,,1.52
2026-09-14T15:14:40Z,scheduled,56e8897681915f7ec92baeee952bb1ae,2026-09-18T00:15:00Z,Buffalo Bills,Detroit Lions,draftkings,h2h,Detroit Lions,,2.6
2026-09-14T15:14:40Z,scheduled,56e8897681915f7ec92baeee952bb1ae,2026-09-18T00:15:00Z,Buffalo Bills,Detroit Lions,draftkings,spreads,Buffalo Bills,-4.5,1.95
2026-09-14T15:14:40Z,scheduled,56e8897681915f7ec92baeee952bb1ae,2026-09-18T00:15:00Z,Buffalo Bills,Detroit Lions,draftkings,spreads,Detroit Lions,4.5,1.87
2026-09-14T15:14:40Z,scheduled,56e8897681915f7ec92baeee952bb1ae,2026-09-18T00:15:00Z,Buffalo Bills,Detroit Lions,draftkings,totals,Over,53.5,1.91
2026-09-14T15:14:40Z,scheduled,56e8897681915f7ec92baeee952bb1ae,2026-09-18T00:15:00Z,Buffalo Bills,Detroit Lions,draftkings,totals,Under,53.5,1.91
2026-09-14T15:14:40Z,scheduled,56e8897681915f7ec92baeee952bb1ae,2026-09-18T00:15:00Z,Buffalo Bills,Detroit Lions,fanduel,h2h,Buffalo Bills,,1.45
2026-09-14T15:14:40Z,scheduled,56e8897681915f7ec92baeee952bb1ae,2026-09-18T00:15:00Z,Buffalo Bills,Detroit Lions,fanduel,h2h,Detroit Lions,,2.84
2026-09-14T15:14:40Z,scheduled,56e8897681915f7ec92baeee952bb1ae,2026-09-18T00:15:00Z,Buffalo Bills,Detroit Lions,fanduel,spreads,Buffalo Bills,-4.5,1.95
2026-09-14T15:14:40Z,scheduled,56e8897681915f7ec92baeee952bb1ae,2026-09-18T00:15:00Z,Buffalo Bills,Detroit Lions,fanduel,spreads,Detroit Lions,4.5,1.87
2026-09-14T15:14:40Z,scheduled,56e8897681915f7ec92baeee952bb1ae,2026-09-18T00:15:00Z,Buffalo Bills,Detroit Lions,fanduel,totals,Over,53.5,1.87
2026-09-14T15:14:40Z,scheduled,56e8897681915f7ec92baeee952bb1ae,2026-09-18T00:15:00Z,Buffalo Bills,Detroit Lions,fanduel,totals,Under,53.5,1.95
2026-09-14T15:14:40Z,scheduled,56e8897681915f7ec92baeee952bb1ae,2026-09-18T00:15:00Z,Buffalo Bills,Detroit Lions,betmgm,h2h,Buffalo Bills,,1.48
2026-09-14T15:14:40Z,scheduled,56e8897681915f7ec92baeee952bb1ae,2026-09-18T00:15:00Z,Buffalo Bills,Detroit Lions,betmgm,h2h,Detroit Lions,,2.75
2026-09-14T15:14:40Z,scheduled,56e8897681915f7ec92baeee952bb1ae,2026-09-18T00:15:00Z,Buffalo Bills,Detroit Lions,betmgm,spreads,Buffalo Bills,-4.5,1.93
2026-09-14T15:14:40Z,scheduled,56e8897681915f7ec92baeee952bb1ae,2026-09-18T00:15:00Z,Buffalo Bills,Detroit Lions,betmgm,spreads,Detroit Lions,4.5,1.91
2026-09-14T15:14:40Z,scheduled,56e8897681915f7ec92baeee952bb1ae,2026-09-18T00:15:00Z,Buffalo Bills,Detroit Lions,betmgm,totals,Over,53.5,1.91
2026-09-14T15:14:40Z,scheduled,56e8897681915f7ec92baeee952bb1ae,2026-09-18T00:15:00Z,Buffalo Bills,Detroit Lions,betmgm,totals,Under,53.5,1.93
2026-09-14T15:14:40Z,scheduled,56e8897681915f7ec92baeee952bb1ae,2026-09-18T00:15:00Z,Buffalo Bills,Detroit Lions,betsson,h2h,Buffalo Bills,,1.46
2026-09-14T15:14:40Z,scheduled,56e8897681915f7ec92baeee952bb1ae,2026-09-18T00:15:00Z,Buffalo Bills,Detroit Lions,betsson,h2h,Detroit Lions,,2.71
2026-09-14T15:14:40Z,scheduled,56e8897681915f7ec92baeee952bb1ae,2026-09-18T00:15:00Z,Buffalo Bills,Detroit Lions,betsson,spreads,Buffalo Bills,-3.5,1.9
2026-09-14T15:14:40Z,scheduled,56e8897681915f7ec92baeee952bb1ae,2026-09-18T00:15:00Z,Buffalo Bills,Detroit Lions,betsson,spreads,Detroit Lions,3.5,1.9
2026-09-14T15:14:40Z,scheduled,56e8897681915f7ec92baeee952bb1ae,2026-09-18T00:15:00Z,Buffalo Bills,Detroit Lions,betsson,totals,Over,53.5,1.9
2026-09-14T15:14:40Z,scheduled,56e8897681915f7ec92baeee952bb1ae,2026-09-18T00:15:00Z,Buffalo Bills,Detroit Lions,betsson,totals,Under,53.5,1.9
2026-09-14T15:14:40Z,scheduled,56e8897681915f7ec92baeee952bb1ae,2026-09-18T00:15:00Z,Buffalo Bills,Detroit Lions,betrivers,h2h,Buffalo Bills,,1.49
2026-09-14T15:14:40Z,scheduled,56e8897681915f7ec92baeee952bb1ae,2026-09-18T00:15:00Z,Buffalo Bills,Detroit Lions,betrivers,h2h,Detroit Lions,,2.65
2026-09-14T15:14:40Z,scheduled,56e8897681915f7ec92baeee952bb1ae,2026-09-18T00:15:00Z,Buffalo Bills,Detroit Lions,betrivers,spreads,Buffalo Bills,-4.0,1.88
2026-09-14T15:14:40Z,scheduled,56e8897681915f7ec92baeee952bb1ae,2026-09-18T00:15:00Z,Buffalo Bills,Detroit Lions,betrivers,spreads,Detroit Lions,4.0,1.93
2026-09-14T15:14:40Z,scheduled,56e8897681915f7ec92baeee952bb1ae,2026-09-18T00:15:00Z,Buffalo Bills,Detroit Lions,betrivers,totals,Over,53.0,1.89
2026-09-14T15:14:40Z,scheduled,56e8897681915f7ec92baeee952bb1ae,2026-09-18T00:15:00Z,Buffalo Bills,Detroit Lions,betrivers,totals,Under,53.0,1.92
2026-09-14T15:14:40Z,scheduled,56e8897681915f7ec92baeee952bb1ae,2026-09-18T00:15:00Z,Buffalo Bills,Detroit Lions,matchbook,h2h,Buffalo Bills,,1.5
2026-09-14T15:14:40Z,scheduled,56e8897681915f7ec92baeee952bb1ae,2026-09-18T00:15:00Z,Buffalo Bills,Detroit Lions,matchbook,h2h,Detroit Lions,,2.68
2026-09-14T15:14:40Z,scheduled,56e8897681915f7ec92baeee952bb1ae,2026-09-18T00:15:00Z,Buffalo Bills,Detroit Lions,matchbook,h2h_lay,Buffalo Bills,,1.6
2026-09-14T15:14:40Z,scheduled,56e8897681915f7ec92baeee952bb1ae,2026-09-18T00:15:00Z,Buffalo Bills,Detroit Lions,matchbook,h2h_lay,Detroit Lions,,3.0
2026-09-14T15:14:40Z,scheduled,56e8897681915f7ec92baeee952bb1ae,2026-09-18T00:15:00Z,Buffalo Bills,Detroit Lions,matchbook,spreads,Buffalo Bills,-4.0,1.93
2026-09-14T15:14:40Z,scheduled,56e8897681915f7ec92baeee952bb1ae,2026-09-18T00:15:00Z,Buffalo Bills,Detroit Lions,matchbook,spreads,Detroit Lions,4.0,1.89
2026-09-14T15:14:40Z,scheduled,56e8897681915f7ec92baeee952bb1ae,2026-09-18T00:15:00Z,Buffalo Bills,Detroit Lions,matchbook,totals,Over,53.5,1.92
2026-09-14T15:14:40Z,scheduled,56e8897681915f7ec92baeee952bb1ae,2026-09-18T00:15:00Z,Buffalo Bills,Detroit Lions,matchbook,totals,Under,53.5,1.9
2026-09-14T15:14:40Z,scheduled,56e8897681915f7ec92baeee952bb1ae,2026-09-18T00:15:00Z,Buffalo Bills,Detroit Lions,pinnacle,h2h,Buffalo Bills,,1.52
2026-09-14T15:14:40Z,scheduled,56e8897681915f7ec92baeee952bb1ae,2026-09-18T00:15:00Z,Buffalo Bills,Detroit Lions,pinnacle,h2h,Detroit Lions,,2.69
2026-09-14T15:14:40Z,scheduled,56e8897681915f7ec92baeee952bb1ae,2026-09-18T00:15:00Z,Buffalo Bills,Detroit Lions,pinnacle,spreads,Buffalo Bills,-4.0,1.97
2026-09-14T15:14:40Z,scheduled,56e8897681915f7ec92baeee952bb1ae,2026-09-18T00:15:00Z,Buffalo Bills,Detroit Lions,pinnacle,spreads,Detroit Lions,4.0,1.92
2026-09-14T15:14:40Z,scheduled,56e8897681915f7ec92baeee952bb1ae,2026-09-18T00:15:00Z,Buffalo Bills,Detroit Lions,pinnacle,totals,Over,54.0,2.01
2026-09-14T15:14:40Z,scheduled,56e8897681915f7ec92baeee952bb1ae,2026-09-18T00:15:00Z,Buffalo Bills,Detroit Lions,pinnacle,totals,Under,54.0,1.85
2026-09-14T21:12:25Z,scheduled,5ad8135dc2b5f27de0b777acd317855a,2026-09-15T00:15:00Z,Kansas City Chiefs,Denver Broncos,draftkings,h2h,Denver Broncos,,2.1
2026-09-14T21:12:25Z,scheduled,5ad8135dc2b5f27de0b777acd317855a,2026-09-15T00:15:00Z,Kansas City Chiefs,Denver Broncos,draftkings,h2h,Kansas City Chiefs,,1.77
2026-09-14T21:12:25Z,scheduled,5ad8135dc2b5f27de0b777acd317855a,2026-09-15T00:15:00Z,Kansas City Chiefs,Denver Broncos,draftkings,spreads,Denver Broncos,2.5,1.89
2026-09-14T21:12:25Z,scheduled,5ad8135dc2b5f27de0b777acd317855a,2026-09-15T00:15:00Z,Kansas City Chiefs,Denver Broncos,draftkings,spreads,Kansas City Chiefs,-2.5,1.93
2026-09-14T21:12:25Z,scheduled,5ad8135dc2b5f27de0b777acd317855a,2026-09-15T00:15:00Z,Kansas City Chiefs,Denver Broncos,draftkings,totals,Over,42.5,1.91
2026-09-14T21:12:25Z,scheduled,5ad8135dc2b5f27de0b777acd317855a,2026-09-15T00:15:00Z,Kansas City Chiefs,Denver Broncos,draftkings,totals,Under,42.5,1.91
2026-09-14T21:12:25Z,scheduled,5ad8135dc2b5f27de0b777acd317855a,2026-09-15T00:15:00Z,Kansas City Chiefs,Denver Broncos,fanduel,h2h,Denver Broncos,,2.14
2026-09-14T21:12:25Z,scheduled,5ad8135dc2b5f27de0b777acd317855a,2026-09-15T00:15:00Z,Kansas City Chiefs,Denver Broncos,fanduel,h2h,Kansas City Chiefs,,1.75
2026-09-14T21:12:25Z,scheduled,5ad8135dc2b5f27de0b777acd317855a,2026-09-15T00:15:00Z,Kansas City Chiefs,Denver Broncos,fanduel,spreads,Denver Broncos,2.5,1.87
2026-09-14T21:12:25Z,scheduled,5ad8135dc2b5f27de0b777acd317855a,2026-09-15T00:15:00Z,Kansas City Chiefs,Denver Broncos,fanduel,spreads,Kansas City Chiefs,-2.5,1.95
2026-09-14T21:12:25Z,scheduled,5ad8135dc2b5f27de0b777acd317855a,2026-09-15T00:15:00Z,Kansas City Chiefs,Denver Broncos,fanduel,totals,Over,43.5,1.98
2026-09-14T21:12:25Z,scheduled,5ad8135dc2b5f27de0b777acd317855a,2026-09-15T00:15:00Z,Kansas City Chiefs,Denver Broncos,fanduel,totals,Under,43.5,1.83
2026-09-14T21:12:25Z,scheduled,5ad8135dc2b5f27de0b777acd317855a,2026-09-15T00:15:00Z,Kansas City Chiefs,Denver Broncos,betsson,h2h,Denver Broncos,,2.1
2026-09-14T21:12:25Z,scheduled,5ad8135dc2b5f27de0b777acd317855a,2026-09-15T00:15:00Z,Kansas City Chiefs,Denver Broncos,betsson,h2h,Kansas City Chiefs,,1.73
2026-09-14T21:12:25Z,scheduled,5ad8135dc2b5f27de0b777acd317855a,2026-09-15T00:15:00Z,Kansas City Chiefs,Denver Broncos,betsson,spreads,Denver Broncos,2.5,1.85
2026-09-14T21:12:25Z,scheduled,5ad8135dc2b5f27de0b777acd317855a,2026-09-15T00:15:00Z,Kansas City Chiefs,Denver Broncos,betsson,spreads,Kansas City Chiefs,-2.5,1.96
2026-09-14T21:12:25Z,scheduled,5ad8135dc2b5f27de0b777acd317855a,2026-09-15T00:15:00Z,Kansas City Chiefs,Denver Broncos,betsson,totals,Over,42.5,1.85
2026-09-14T21:12:25Z,scheduled,5ad8135dc2b5f27de0b777acd317855a,2026-09-15T00:15:00Z,Kansas City Chiefs,Denver Broncos,betsson,totals,Under,42.5,1.96
2026-09-14T21:12:25Z,scheduled,5ad8135dc2b5f27de0b777acd317855a,2026-09-15T00:15:00Z,Kansas City Chiefs,Denver Broncos,betmgm,h2h,Denver Broncos,,2.1
2026-09-14T21:12:25Z,scheduled,5ad8135dc2b5f27de0b777acd317855a,2026-09-15T00:15:00Z,Kansas City Chiefs,Denver Broncos,betmgm,h2h,Kansas City Chiefs,,1.77
2026-09-14T21:12:25Z,scheduled,5ad8135dc2b5f27de0b777acd317855a,2026-09-15T00:15:00Z,Kansas City Chiefs,Denver Broncos,betmgm,spreads,Denver Broncos,2.0,1.95
2026-09-14T21:12:25Z,scheduled,5ad8135dc2b5f27de0b777acd317855a,2026-09-15T00:15:00Z,Kansas City Chiefs,Denver Broncos,betmgm,spreads,Kansas City Chiefs,-2.0,1.95
2026-09-14T21:12:25Z,scheduled,5ad8135dc2b5f27de0b777acd317855a,2026-09-15T00:15:00Z,Kansas City Chiefs,Denver Broncos,betmgm,totals,Over,43.0,1.93
2026-09-14T21:12:25Z,scheduled,5ad8135dc2b5f27de0b777acd317855a,2026-09-15T00:15:00Z,Kansas City Chiefs,Denver Broncos,betmgm,totals,Under,43.0,1.91
2026-09-14T21:12:25Z,scheduled,5ad8135dc2b5f27de0b777acd317855a,2026-09-15T00:15:00Z,Kansas City Chiefs,Denver Broncos,betrivers,h2h,Denver Broncos,,2.07
2026-09-14T21:12:25Z,scheduled,5ad8135dc2b5f27de0b777acd317855a,2026-09-15T00:15:00Z,Kansas City Chiefs,Denver Broncos,betrivers,h2h,Kansas City Chiefs,,1.77
2026-09-14T21:12:25Z,scheduled,5ad8135dc2b5f27de0b777acd317855a,2026-09-15T00:15:00Z,Kansas City Chiefs,Denver Broncos,betrivers,spreads,Denver Broncos,2.0,1.92
2026-09-14T21:12:25Z,scheduled,5ad8135dc2b5f27de0b777acd317855a,2026-09-15T00:15:00Z,Kansas City Chiefs,Denver Broncos,betrivers,spreads,Kansas City Chiefs,-2.0,1.89
2026-09-14T21:12:25Z,scheduled,5ad8135dc2b5f27de0b777acd317855a,2026-09-15T00:15:00Z,Kansas City Chiefs,Denver Broncos,betrivers,totals,Over,42.5,1.88
2026-09-14T21:12:25Z,scheduled,5ad8135dc2b5f27de0b777acd317855a,2026-09-15T00:15:00Z,Kansas City Chiefs,Denver Broncos,betrivers,totals,Under,42.5,1.93
2026-09-14T21:12:25Z,scheduled,5ad8135dc2b5f27de0b777acd317855a,2026-09-15T00:15:00Z,Kansas City Chiefs,Denver Broncos,pinnacle,h2h,Denver Broncos,,2.12
2026-09-14T21:12:25Z,scheduled,5ad8135dc2b5f27de0b777acd317855a,2026-09-15T00:15:00Z,Kansas City Chiefs,Denver Broncos,pinnacle,h2h,Kansas City Chiefs,,1.81
2026-09-14T21:12:25Z,scheduled,5ad8135dc2b5f27de0b777acd317855a,2026-09-15T00:15:00Z,Kansas City Chiefs,Denver Broncos,pinnacle,spreads,Denver Broncos,2.0,1.92
2026-09-14T21:12:25Z,scheduled,5ad8135dc2b5f27de0b777acd317855a,2026-09-15T00:15:00Z,Kansas City Chiefs,Denver Broncos,pinnacle,spreads,Kansas City Chiefs,-2.0,1.99
2026-09-14T21:12:25Z,scheduled,5ad8135dc2b5f27de0b777acd317855a,2026-09-15T00:15:00Z,Kansas City Chiefs,Denver Broncos,pinnacle,totals,Over,43.0,1.95
2026-09-14T21:12:25Z,scheduled,5ad8135dc2b5f27de0b777acd317855a,2026-09-15T00:15:00Z,Kansas City Chiefs,Denver Broncos,pinnacle,totals,Under,43.0,1.93
2026-09-14T21:12:25Z,scheduled,5ad8135dc2b5f27de0b777acd317855a,2026-09-15T00:15:00Z,Kansas City Chiefs,Denver Broncos,betfair_ex_eu,h2h,Denver Broncos,,2.18
2026-09-14T21:12:25Z,scheduled,5ad8135dc2b5f27de0b777acd317855a,2026-09-15T00:15:00Z,Kansas City Chiefs,Denver Broncos,betfair_ex_eu,h2h,Kansas City Chiefs,,1.83
2026-09-14T21:12:25Z,scheduled,5ad8135dc2b5f27de0b777acd317855a,2026-09-15T00:15:00Z,Kansas City Chiefs,Denver Broncos,betfair_ex_eu,h2h_lay,Denver Broncos,,2.2
2026-09-14T21:12:25Z,scheduled,5ad8135dc2b5f27de0b777acd317855a,2026-09-15T00:15:00Z,Kansas City Chiefs,Denver Broncos,betfair_ex_eu,h2h_lay,Kansas City Chiefs,,1.85
2026-09-14T21:12:25Z,scheduled,5ad8135dc2b5f27de0b777acd317855a,2026-09-15T00:15:00Z,Kansas City Chiefs,Denver Broncos,matchbook,h2h,Denver Broncos,,2.16
2026-09-14T21:12:25Z,scheduled,5ad8135dc2b5f27de0b777acd317855a,2026-09-15T00:15:00Z,Kansas City Chiefs,Denver Broncos,matchbook,h2h,Kansas City Chiefs,,1.84
2026-09-14T21:12:25Z,scheduled,5ad8135dc2b5f27de0b777acd317855a,2026-09-15T00:15:00Z,Kansas City Chiefs,Denver Broncos,matchbook,h2h_lay,Denver Broncos,,2.18
2026-09-14T21:12:25Z,scheduled,5ad8135dc2b5f27de0b777acd317855a,2026-09-15T00:15:00Z,Kansas City Chiefs,Denver Broncos,matchbook,h2h_lay,Kansas City Chiefs,,1.85
2026-09-14T21:12:25Z,scheduled,5ad8135dc2b5f27de0b777acd317855a,2026-09-15T00:15:00Z,Kansas City Chiefs,Denver Broncos,matchbook,spreads,Denver Broncos,2.0,1.97
2026-09-14T21:12:25Z,scheduled,5ad8135dc2b5f27de0b777acd317855a,2026-09-15T00:15:00Z,Kansas City Chiefs,Denver Broncos,matchbook,spreads,Kansas City Chiefs,-2.0,2.02
2026-09-14T21:12:25Z,scheduled,5ad8135dc2b5f27de0b777acd317855a,2026-09-15T00:15:00Z,Kansas City Chiefs,Denver Broncos,matchbook,totals,Over,43.0,1.98
2026-09-14T21:12:25Z,scheduled,5ad8135dc2b5f27de0b777acd317855a,2026-09-15T00:15:00Z,Kansas City Chiefs,Denver Broncos,matchbook,totals,Under,43.0,1.93
2026-09-14T21:12:25Z,scheduled,56e8897681915f7ec92baeee952bb1ae,2026-09-18T00:15:00Z,Buffalo Bills,Detroit Lions,draftkings,h2h,Buffalo Bills,,1.52
2026-09-14T21:12:25Z,scheduled,56e8897681915f7ec92baeee952bb1ae,2026-09-18T00:15:00Z,Buffalo Bills,Detroit Lions,draftkings,h2h,Detroit Lions,,2.6
2026-09-14T21:12:25Z,scheduled,56e8897681915f7ec92baeee952bb1ae,2026-09-18T00:15:00Z,Buffalo Bills,Detroit Lions,draftkings,spreads,Buffalo Bills,-4.5,1.93
2026-09-14T21:12:25Z,scheduled,56e8897681915f7ec92baeee952bb1ae,2026-09-18T00:15:00Z,Buffalo Bills,Detroit Lions,draftkings,spreads,Detroit Lions,4.5,1.89
2026-09-14T21:12:25Z,scheduled,56e8897681915f7ec92baeee952bb1ae,2026-09-18T00:15:00Z,Buffalo Bills,Detroit Lions,draftkings,totals,Over,53.5,1.87
2026-09-14T21:12:25Z,scheduled,56e8897681915f7ec92baeee952bb1ae,2026-09-18T00:15:00Z,Buffalo Bills,Detroit Lions,draftkings,totals,Under,53.5,1.95
2026-09-14T21:12:25Z,scheduled,56e8897681915f7ec92baeee952bb1ae,2026-09-18T00:15:00Z,Buffalo Bills,Detroit Lions,fanduel,h2h,Buffalo Bills,,1.45
2026-09-14T21:12:25Z,scheduled,56e8897681915f7ec92baeee952bb1ae,2026-09-18T00:15:00Z,Buffalo Bills,Detroit Lions,fanduel,h2h,Detroit Lions,,2.84
2026-09-14T21:12:25Z,scheduled,56e8897681915f7ec92baeee952bb1ae,2026-09-18T00:15:00Z,Buffalo Bills,Detroit Lions,fanduel,spreads,Buffalo Bills,-4.5,1.95
2026-09-14T21:12:25Z,scheduled,56e8897681915f7ec92baeee952bb1ae,2026-09-18T00:15:00Z,Buffalo Bills,Detroit Lions,fanduel,spreads,Detroit Lions,4.5,1.87
2026-09-14T21:12:25Z,scheduled,56e8897681915f7ec92baeee952bb1ae,2026-09-18T00:15:00Z,Buffalo Bills,Detroit Lions,fanduel,totals,Over,53.5,1.87
2026-09-14T21:12:25Z,scheduled,56e8897681915f7ec92baeee952bb1ae,2026-09-18T00:15:00Z,Buffalo Bills,Detroit Lions,fanduel,totals,Under,53.5,1.95
2026-09-14T21:12:25Z,scheduled,56e8897681915f7ec92baeee952bb1ae,2026-09-18T00:15:00Z,Buffalo Bills,Detroit Lions,betmgm,h2h,Buffalo Bills,,1.48
2026-09-14T21:12:25Z,scheduled,56e8897681915f7ec92baeee952bb1ae,2026-09-18T00:15:00Z,Buffalo Bills,Detroit Lions,betmgm,h2h,Detroit Lions,,2.75
2026-09-14T21:12:25Z,scheduled,56e8897681915f7ec92baeee952bb1ae,2026-09-18T00:15:00Z,Buffalo Bills,Detroit Lions,betmgm,spreads,Buffalo Bills,-4.5,1.93
2026-09-14T21:12:25Z,scheduled,56e8897681915f7ec92baeee952bb1ae,2026-09-18T00:15:00Z,Buffalo Bills,Detroit Lions,betmgm,spreads,Detroit Lions,4.5,1.91
2026-09-14T21:12:25Z,scheduled,56e8897681915f7ec92baeee952bb1ae,2026-09-18T00:15:00Z,Buffalo Bills,Detroit Lions,betmgm,totals,Over,53.5,1.91
2026-09-14T21:12:25Z,scheduled,56e8897681915f7ec92baeee952bb1ae,2026-09-18T00:15:00Z,Buffalo Bills,Detroit Lions,betmgm,totals,Under,53.5,1.93
2026-09-14T21:12:25Z,scheduled,56e8897681915f7ec92baeee952bb1ae,2026-09-18T00:15:00Z,Buffalo Bills,Detroit Lions,betsson,h2h,Buffalo Bills,,1.46
2026-09-14T21:12:25Z,scheduled,56e8897681915f7ec92baeee952bb1ae,2026-09-18T00:15:00Z,Buffalo Bills,Detroit Lions,betsson,h2h,Detroit Lions,,2.71
2026-09-14T21:12:25Z,scheduled,56e8897681915f7ec92baeee952bb1ae,2026-09-18T00:15:00Z,Buffalo Bills,Detroit Lions,betsson,spreads,Buffalo Bills,-3.5,1.88
2026-09-14T21:12:25Z,scheduled,56e8897681915f7ec92baeee952bb1ae,2026-09-18T00:15:00Z,Buffalo Bills,Detroit Lions,betsson,spreads,Detroit Lions,3.5,1.92
2026-09-14T21:12:25Z,scheduled,56e8897681915f7ec92baeee952bb1ae,2026-09-18T00:15:00Z,Buffalo Bills,Detroit Lions,betsson,totals,Over,53.5,1.9
2026-09-14T21:12:25Z,scheduled,56e8897681915f7ec92baeee952bb1ae,2026-09-18T00:15:00Z,Buffalo Bills,Detroit Lions,betsson,totals,Under,53.5,1.9
2026-09-14T21:12:25Z,scheduled,56e8897681915f7ec92baeee952bb1ae,2026-09-18T00:15:00Z,Buffalo Bills,Detroit Lions,betrivers,h2h,Buffalo Bills,,1.47
2026-09-14T21:12:25Z,scheduled,56e8897681915f7ec92baeee952bb1ae,2026-09-18T00:15:00Z,Buffalo Bills,Detroit Lions,betrivers,h2h,Detroit Lions,,2.7
2026-09-14T21:12:25Z,scheduled,56e8897681915f7ec92baeee952bb1ae,2026-09-18T00:15:00Z,Buffalo Bills,Detroit Lions,betrivers,spreads,Buffalo Bills,-4.5,1.93
2026-09-14T21:12:25Z,scheduled,56e8897681915f7ec92baeee952bb1ae,2026-09-18T00:15:00Z,Buffalo Bills,Detroit Lions,betrivers,spreads,Detroit Lions,4.5,1.88
2026-09-14T21:12:25Z,scheduled,56e8897681915f7ec92baeee952bb1ae,2026-09-18T00:15:00Z,Buffalo Bills,Detroit Lions,betrivers,totals,Over,53.0,1.88
2026-09-14T21:12:25Z,scheduled,56e8897681915f7ec92baeee952bb1ae,2026-09-18T00:15:00Z,Buffalo Bills,Detroit Lions,betrivers,totals,Under,53.0,1.93
2026-09-14T21:12:25Z,scheduled,56e8897681915f7ec92baeee952bb1ae,2026-09-18T00:15:00Z,Buffalo Bills,Detroit Lions,matchbook,h2h,Buffalo Bills,,1.49
2026-09-14T21:12:25Z,scheduled,56e8897681915f7ec92baeee952bb1ae,2026-09-18T00:15:00Z,Buffalo Bills,Detroit Lions,matchbook,h2h,Detroit Lions,,3.0
2026-09-14T21:12:25Z,scheduled,56e8897681915f7ec92baeee952bb1ae,2026-09-18T00:15:00Z,Buffalo Bills,Detroit Lions,matchbook,h2h_lay,Buffalo Bills,,1.5
2026-09-14T21:12:25Z,scheduled,56e8897681915f7ec92baeee952bb1ae,2026-09-18T00:15:00Z,Buffalo Bills,Detroit Lions,matchbook,h2h_lay,Detroit Lions,,3.05
2026-09-14T21:12:25Z,scheduled,56e8897681915f7ec92baeee952bb1ae,2026-09-18T00:15:00Z,Buffalo Bills,Detroit Lions,matchbook,spreads,Buffalo Bills,-4.5,1.96
2026-09-14T21:12:25Z,scheduled,56e8897681915f7ec92baeee952bb1ae,2026-09-18T00:15:00Z,Buffalo Bills,Detroit Lions,matchbook,spreads,Detroit Lions,4.5,1.92
2026-09-14T21:12:25Z,scheduled,56e8897681915f7ec92baeee952bb1ae,2026-09-18T00:15:00Z,Buffalo Bills,Detroit Lions,matchbook,totals,Over,53.0,1.87
2026-09-14T21:12:25Z,scheduled,56e8897681915f7ec92baeee952bb1ae,2026-09-18T00:15:00Z,Buffalo Bills,Detroit Lions,matchbook,totals,Under,53.0,1.97
2026-09-14T21:12:25Z,scheduled,56e8897681915f7ec92baeee952bb1ae,2026-09-18T00:15:00Z,Buffalo Bills,Detroit Lions,pinnacle,h2h,Buffalo Bills,,1.49
2026-09-14T21:12:25Z,scheduled,56e8897681915f7ec92baeee952bb1ae,2026-09-18T00:15:00Z,Buffalo Bills,Detroit Lions,pinnacle,h2h,Detroit Lions,,2.79
2026-09-14T21:12:25Z,scheduled,56e8897681915f7ec92baeee952bb1ae,2026-09-18T00:15:00Z,Buffalo Bills,Detroit Lions,pinnacle,spreads,Buffalo Bills,-4.5,1.96
2026-09-14T21:12:25Z,scheduled,56e8897681915f7ec92baeee952bb1ae,2026-09-18T00:15:00Z,Buffalo Bills,Detroit Lions,pinnacle,spreads,Detroit Lions,4.5,1.93
2026-09-14T21:12:25Z,scheduled,56e8897681915f7ec92baeee952bb1ae,2026-09-18T00:15:00Z,Buffalo Bills,Detroit Lions,pinnacle,totals,Over,54.0,2.02
2026-09-14T21:12:25Z,scheduled,56e8897681915f7ec92baeee952bb1ae,2026-09-18T00:15:00Z,Buffalo Bills,Detroit Lions,pinnacle,totals,Under,54.0,1.84
2026-09-14T21:12:25Z,scheduled,56e8897681915f7ec92baeee952bb1ae,2026-09-18T00:15:00Z,Buffalo Bills,Detroit Lions,betfair_ex_eu,h2h,Buffalo Bills,,1.49
2026-09-14T21:12:25Z,scheduled,56e8897681915f7ec92baeee952bb1ae,2026-09-18T00:15:00Z,Buffalo Bills,Detroit Lions,betfair_ex_eu,h2h,Detroit Lions,,2.94
2026-09-14T21:12:25Z,scheduled,56e8897681915f7ec92baeee952bb1ae,2026-09-18T00:15:00Z,Buffalo Bills,Detroit Lions,betfair_ex_eu,h2h_lay,Buffalo Bills,,1.52
2026-09-14T21:12:25Z,scheduled,56e8897681915f7ec92baeee952bb1ae,2026-09-18T00:15:00Z,Buffalo Bills,Detroit Lions,betfair_ex_eu,h2h_lay,Detroit Lions,,3.05
2026-09-14T23:51:04Z,closing,5ad8135dc2b5f27de0b777acd317855a,2026-09-15T00:15:00Z,Kansas City Chiefs,Denver Broncos,draftkings,h2h,Denver Broncos,,2.1
2026-09-14T23:51:04Z,closing,5ad8135dc2b5f27de0b777acd317855a,2026-09-15T00:15:00Z,Kansas City Chiefs,Denver Broncos,draftkings,h2h,Kansas City Chiefs,,1.77
2026-09-14T23:51:04Z,closing,5ad8135dc2b5f27de0b777acd317855a,2026-09-15T00:15:00Z,Kansas City Chiefs,Denver Broncos,draftkings,spreads,Denver Broncos,2.5,1.89
2026-09-14T23:51:04Z,closing,5ad8135dc2b5f27de0b777acd317855a,2026-09-15T00:15:00Z,Kansas City Chiefs,Denver Broncos,draftkings,spreads,Kansas City Chiefs,-2.5,1.93
2026-09-14T23:51:04Z,closing,5ad8135dc2b5f27de0b777acd317855a,2026-09-15T00:15:00Z,Kansas City Chiefs,Denver Broncos,draftkings,totals,Over,42.5,1.91
2026-09-14T23:51:04Z,closing,5ad8135dc2b5f27de0b777acd317855a,2026-09-15T00:15:00Z,Kansas City Chiefs,Denver Broncos,draftkings,totals,Under,42.5,1.91
2026-09-14T23:51:04Z,closing,5ad8135dc2b5f27de0b777acd317855a,2026-09-15T00:15:00Z,Kansas City Chiefs,Denver Broncos,fanduel,h2h,Denver Broncos,,2.14
2026-09-14T23:51:04Z,closing,5ad8135dc2b5f27de0b777acd317855a,2026-09-15T00:15:00Z,Kansas City Chiefs,Denver Broncos,fanduel,h2h,Kansas City Chiefs,,1.75
2026-09-14T23:51:04Z,closing,5ad8135dc2b5f27de0b777acd317855a,2026-09-15T00:15:00Z,Kansas City Chiefs,Denver Broncos,fanduel,spreads,Denver Broncos,2.5,1.85
2026-09-14T23:51:04Z,closing,5ad8135dc2b5f27de0b777acd317855a,2026-09-15T00:15:00Z,Kansas City Chiefs,Denver Broncos,fanduel,spreads,Kansas City Chiefs,-2.5,1.96
2026-09-14T23:51:04Z,closing,5ad8135dc2b5f27de0b777acd317855a,2026-09-15T00:15:00Z,Kansas City Chiefs,Denver Broncos,fanduel,totals,Over,42.5,1.89
2026-09-14T23:51:04Z,closing,5ad8135dc2b5f27de0b777acd317855a,2026-09-15T00:15:00Z,Kansas City Chiefs,Denver Broncos,fanduel,totals,Under,42.5,1.93
2026-09-14T23:51:04Z,closing,5ad8135dc2b5f27de0b777acd317855a,2026-09-15T00:15:00Z,Kansas City Chiefs,Denver Broncos,betsson,h2h,Denver Broncos,,2.07
2026-09-14T23:51:04Z,closing,5ad8135dc2b5f27de0b777acd317855a,2026-09-15T00:15:00Z,Kansas City Chiefs,Denver Broncos,betsson,h2h,Kansas City Chiefs,,1.75
2026-09-14T23:51:04Z,closing,5ad8135dc2b5f27de0b777acd317855a,2026-09-15T00:15:00Z,Kansas City Chiefs,Denver Broncos,betsson,spreads,Denver Broncos,1.5,1.94
2026-09-14T23:51:04Z,closing,5ad8135dc2b5f27de0b777acd317855a,2026-09-15T00:15:00Z,Kansas City Chiefs,Denver Broncos,betsson,spreads,Kansas City Chiefs,-1.5,1.86
2026-09-14T23:51:04Z,closing,5ad8135dc2b5f27de0b777acd317855a,2026-09-15T00:15:00Z,Kansas City Chiefs,Denver Broncos,betsson,totals,Over,42.5,1.85
2026-09-14T23:51:04Z,closing,5ad8135dc2b5f27de0b777acd317855a,2026-09-15T00:15:00Z,Kansas City Chiefs,Denver Broncos,betsson,totals,Under,42.5,1.96
2026-09-14T23:51:04Z,closing,5ad8135dc2b5f27de0b777acd317855a,2026-09-15T00:15:00Z,Kansas City Chiefs,Denver Broncos,betmgm,h2h,Denver Broncos,,2.1
2026-09-14T23:51:04Z,closing,5ad8135dc2b5f27de0b777acd317855a,2026-09-15T00:15:00Z,Kansas City Chiefs,Denver Broncos,betmgm,h2h,Kansas City Chiefs,,1.77
2026-09-14T23:51:04Z,closing,5ad8135dc2b5f27de0b777acd317855a,2026-09-15T00:15:00Z,Kansas City Chiefs,Denver Broncos,betmgm,spreads,Denver Broncos,2.0,1.95
2026-09-14T23:51:04Z,closing,5ad8135dc2b5f27de0b777acd317855a,2026-09-15T00:15:00Z,Kansas City Chiefs,Denver Broncos,betmgm,spreads,Kansas City Chiefs,-2.0,1.95
2026-09-14T23:51:04Z,closing,5ad8135dc2b5f27de0b777acd317855a,2026-09-15T00:15:00Z,Kansas City Chiefs,Denver Broncos,betmgm,totals,Over,42.5,1.89
2026-09-14T23:51:04Z,closing,5ad8135dc2b5f27de0b777acd317855a,2026-09-15T00:15:00Z,Kansas City Chiefs,Denver Broncos,betmgm,totals,Under,42.5,1.95
2026-09-14T23:51:04Z,closing,5ad8135dc2b5f27de0b777acd317855a,2026-09-15T00:15:00Z,Kansas City Chiefs,Denver Broncos,betrivers,h2h,Denver Broncos,,2.08
2026-09-14T23:51:04Z,closing,5ad8135dc2b5f27de0b777acd317855a,2026-09-15T00:15:00Z,Kansas City Chiefs,Denver Broncos,betrivers,h2h,Kansas City Chiefs,,1.76
2026-09-14T23:51:04Z,closing,5ad8135dc2b5f27de0b777acd317855a,2026-09-15T00:15:00Z,Kansas City Chiefs,Denver Broncos,betrivers,spreads,Denver Broncos,2.0,1.93
2026-09-14T23:51:04Z,closing,5ad8135dc2b5f27de0b777acd317855a,2026-09-15T00:15:00Z,Kansas City Chiefs,Denver Broncos,betrivers,spreads,Kansas City Chiefs,-2.0,1.88
2026-09-14T23:51:04Z,closing,5ad8135dc2b5f27de0b777acd317855a,2026-09-15T00:15:00Z,Kansas City Chiefs,Denver Broncos,betrivers,totals,Over,42.5,1.89
2026-09-14T23:51:04Z,closing,5ad8135dc2b5f27de0b777acd317855a,2026-09-15T00:15:00Z,Kansas City Chiefs,Denver Broncos,betrivers,totals,Under,42.5,1.92
2026-09-14T23:51:04Z,closing,5ad8135dc2b5f27de0b777acd317855a,2026-09-15T00:15:00Z,Kansas City Chiefs,Denver Broncos,pinnacle,h2h,Denver Broncos,,2.08
2026-09-14T23:51:04Z,closing,5ad8135dc2b5f27de0b777acd317855a,2026-09-15T00:15:00Z,Kansas City Chiefs,Denver Broncos,pinnacle,h2h,Kansas City Chiefs,,1.84
2026-09-14T23:51:04Z,closing,5ad8135dc2b5f27de0b777acd317855a,2026-09-15T00:15:00Z,Kansas City Chiefs,Denver Broncos,pinnacle,spreads,Denver Broncos,2.0,1.88
2026-09-14T23:51:04Z,closing,5ad8135dc2b5f27de0b777acd317855a,2026-09-15T00:15:00Z,Kansas City Chiefs,Denver Broncos,pinnacle,spreads,Kansas City Chiefs,-2.0,2.03
2026-09-14T23:51:04Z,closing,5ad8135dc2b5f27de0b777acd317855a,2026-09-15T00:15:00Z,Kansas City Chiefs,Denver Broncos,pinnacle,totals,Over,43.0,2.01
2026-09-14T23:51:04Z,closing,5ad8135dc2b5f27de0b777acd317855a,2026-09-15T00:15:00Z,Kansas City Chiefs,Denver Broncos,pinnacle,totals,Under,43.0,1.88
2026-09-14T23:51:04Z,closing,5ad8135dc2b5f27de0b777acd317855a,2026-09-15T00:15:00Z,Kansas City Chiefs,Denver Broncos,betfair_ex_eu,h2h,Denver Broncos,,2.14
2026-09-14T23:51:04Z,closing,5ad8135dc2b5f27de0b777acd317855a,2026-09-15T00:15:00Z,Kansas City Chiefs,Denver Broncos,betfair_ex_eu,h2h,Kansas City Chiefs,,1.86
2026-09-14T23:51:04Z,closing,5ad8135dc2b5f27de0b777acd317855a,2026-09-15T00:15:00Z,Kansas City Chiefs,Denver Broncos,betfair_ex_eu,h2h_lay,Denver Broncos,,2.18
2026-09-14T23:51:04Z,closing,5ad8135dc2b5f27de0b777acd317855a,2026-09-15T00:15:00Z,Kansas City Chiefs,Denver Broncos,betfair_ex_eu,h2h_lay,Kansas City Chiefs,,1.87
2026-09-14T23:51:04Z,closing,5ad8135dc2b5f27de0b777acd317855a,2026-09-15T00:15:00Z,Kansas City Chiefs,Denver Broncos,matchbook,h2h,Denver Broncos,,2.14
2026-09-14T23:51:04Z,closing,5ad8135dc2b5f27de0b777acd317855a,2026-09-15T00:15:00Z,Kansas City Chiefs,Denver Broncos,matchbook,h2h,Kansas City Chiefs,,1.86
2026-09-14T23:51:04Z,closing,5ad8135dc2b5f27de0b777acd317855a,2026-09-15T00:15:00Z,Kansas City Chiefs,Denver Broncos,matchbook,h2h_lay,Denver Broncos,,2.16
2026-09-14T23:51:04Z,closing,5ad8135dc2b5f27de0b777acd317855a,2026-09-15T00:15:00Z,Kansas City Chiefs,Denver Broncos,matchbook,h2h_lay,Kansas City Chiefs,,1.87
2026-09-14T23:51:04Z,closing,5ad8135dc2b5f27de0b777acd317855a,2026-09-15T00:15:00Z,Kansas City Chiefs,Denver Broncos,matchbook,spreads,Denver Broncos,2.0,1.95
2026-09-14T23:51:04Z,closing,5ad8135dc2b5f27de0b777acd317855a,2026-09-15T00:15:00Z,Kansas City Chiefs,Denver Broncos,matchbook,spreads,Kansas City Chiefs,-2.0,2.02
2026-09-14T23:51:04Z,closing,5ad8135dc2b5f27de0b777acd317855a,2026-09-15T00:15:00Z,Kansas City Chiefs,Denver Broncos,matchbook,totals,Over,42.5,1.97
2026-09-14T23:51:04Z,closing,5ad8135dc2b5f27de0b777acd317855a,2026-09-15T00:15:00Z,Kansas City Chiefs,Denver Broncos,matchbook,totals,Under,42.5,2.0
2026-09-14T23:51:04Z,closing,5ad8135dc2b5f27de0b777acd317855a,2026-09-15T00:15:00Z,Kansas City Chiefs,Denver Broncos,draftkings,alternate_spreads,Denver Broncos,-23.5,14.0
2026-09-14T23:51:04Z,closing,5ad8135dc2b5f27de0b777acd317855a,2026-09-15T00:15:00Z,Kansas City Chiefs,Denver Broncos,draftkings,alternate_spreads,Denver Broncos,-22.5,13.2
2026-09-14T23:51:04Z,closing,5ad8135dc2b5f27de0b777acd317855a,2026-09-15T00:15:00Z,Kansas City Chiefs,Denver Broncos,draftkings,alternate_spreads,Denver Broncos,-21.5,12.4
2026-09-14T23:51:04Z,closing,5ad8135dc2b5f27de0b777acd317855a,2026-09-15T00:15:00Z,Kansas City Chiefs,Denver Broncos,draftkings,alternate_spreads,Denver Broncos,-20.5,11.2
2026-09-14T23:51:04Z,closing,5ad8135dc2b5f27de0b777acd317855a,2026-09-15T00:15:00Z,Kansas City Chiefs,Denver Broncos,draftkings,alternate_spreads,Denver Broncos,-19.5,10.3
2026-09-14T23:51:04Z,closing,5ad8135dc2b5f27de0b777acd317855a,2026-09-15T00:15:00Z,Kansas City Chiefs,Denver Broncos,draftkings,alternate_spreads,Denver Broncos,-18.5,9.5
2026-09-14T23:51:04Z,closing,5ad8135dc2b5f27de0b777acd317855a,2026-09-15T00:15:00Z,Kansas City Chiefs,Denver Broncos,draftkings,alternate_spreads,Denver Broncos,-17.5,8.8
2026-09-14T23:51:04Z,closing,5ad8135dc2b5f27de0b777acd317855a,2026-09-15T00:15:00Z,Kansas City Chiefs,Denver Broncos,draftkings,alternate_spreads,Denver Broncos,-16.5,7.7
2026-09-14T23:51:04Z,closing,5ad8135dc2b5f27de0b777acd317855a,2026-09-15T00:15:00Z,Kansas City Chiefs,Denver Broncos,draftkings,alternate_spreads,Denver Broncos,-15.5,7.2
2026-09-14T23:51:04Z,closing,5ad8135dc2b5f27de0b777acd317855a,2026-09-15T00:15:00Z,Kansas City Chiefs,Denver Broncos,draftkings,alternate_spreads,Denver Broncos,-14.5,6.75
2026-09-14T23:51:04Z,closing,5ad8135dc2b5f27de0b777acd317855a,2026-09-15T00:15:00Z,Kansas City Chiefs,Denver Broncos,draftkings,alternate_spreads,Denver Broncos,-13.5,5.89
2026-09-14T23:51:04Z,closing,5ad8135dc2b5f27de0b777acd317855a,2026-09-15T00:15:00Z,Kansas City Chiefs,Denver Broncos,draftkings,alternate_spreads,Denver Broncos,-12.5,5.42
2026-09-14T23:51:04Z,closing,5ad8135dc2b5f27de0b777acd317855a,2026-09-15T00:15:00Z,Kansas City Chiefs,Denver Broncos,draftkings,alternate_spreads,Denver Broncos,-11.5,5.12
2026-09-14T23:51:04Z,closing,5ad8135dc2b5f27de0b777acd317855a,2026-09-15T00:15:00Z,Kansas City Chiefs,Denver Broncos,draftkings,alternate_spreads,Denver Broncos,-10.5,4.82
2026-09-14T23:51:04Z,closing,5ad8135dc2b5f27de0b777acd317855a,2026-09-15T00:15:00Z,Kansas City Chiefs,Denver Broncos,draftkings,alternate_spreads,Denver Broncos,-9.5,4.29
2026-09-14T23:51:04Z,closing,5ad8135dc2b5f27de0b777acd317855a,2026-09-15T00:15:00Z,Kansas City Chiefs,Denver Broncos,draftkings,alternate_spreads,Denver Broncos,-8.5,4.06
2026-09-14T23:51:04Z,closing,5ad8135dc2b5f27de0b777acd317855a,2026-09-15T00:15:00Z,Kansas City Chiefs,Denver Broncos,draftkings,alternate_spreads,Denver Broncos,-7.5,3.79
2026-09-14T23:51:04Z,closing,5ad8135dc2b5f27de0b777acd317855a,2026-09-15T00:15:00Z,Kansas City Chiefs,Denver Broncos,draftkings,alternate_spreads,Denver Broncos,-6.5,3.27
2026-09-14T23:51:04Z,closing,5ad8135dc2b5f27de0b777acd317855a,2026-09-15T00:15:00Z,Kansas City Chiefs,Denver Broncos,draftkings,alternate_spreads,Denver Broncos,-5.5,3.01
2026-09-14T23:51:04Z,closing,5ad8135dc2b5f27de0b777acd317855a,2026-09-15T00:15:00Z,Kansas City Chiefs,Denver Broncos,draftkings,alternate_spreads,Denver Broncos,-4.5,2.85
2026-09-14T23:51:04Z,closing,5ad8135dc2b5f27de0b777acd317855a,2026-09-15T00:15:00Z,Kansas City Chiefs,Denver Broncos,draftkings,alternate_spreads,Denver Broncos,-3.5,2.64
2026-09-14T23:51:04Z,closing,5ad8135dc2b5f27de0b777acd317855a,2026-09-15T00:15:00Z,Kansas City Chiefs,Denver Broncos,draftkings,alternate_spreads,Denver Broncos,-2.5,2.25
2026-09-14T23:51:04Z,closing,5ad8135dc2b5f27de0b777acd317855a,2026-09-15T00:15:00Z,Kansas City Chiefs,Denver Broncos,draftkings,alternate_spreads,Denver Broncos,-1.5,2.16
2026-09-14T23:51:04Z,closing,5ad8135dc2b5f27de0b777acd317855a,2026-09-15T00:15:00Z,Kansas City Chiefs,Denver Broncos,draftkings,alternate_spreads,Denver Broncos,1.5,1.93
2026-09-14T23:51:04Z,closing,5ad8135dc2b5f27de0b777acd317855a,2026-09-15T00:15:00Z,Kansas City Chiefs,Denver Broncos,draftkings,alternate_spreads,Denver Broncos,3.5,1.64
2026-09-14T23:51:04Z,closing,5ad8135dc2b5f27de0b777acd317855a,2026-09-15T00:15:00Z,Kansas City Chiefs,Denver Broncos,draftkings,alternate_spreads,Denver Broncos,4.5,1.57
2026-09-14T23:51:04Z,closing,5ad8135dc2b5f27de0b777acd317855a,2026-09-15T00:15:00Z,Kansas City Chiefs,Denver Broncos,draftkings,alternate_spreads,Denver Broncos,5.5,1.53
2026-09-14T23:51:04Z,closing,5ad8135dc2b5f27de0b777acd317855a,2026-09-15T00:15:00Z,Kansas City Chiefs,Denver Broncos,draftkings,alternate_spreads,Denver Broncos,6.5,1.46
2026-09-14T23:51:04Z,closing,5ad8135dc2b5f27de0b777acd317855a,2026-09-15T00:15:00Z,Kansas City Chiefs,Denver Broncos,draftkings,alternate_spreads,Denver Broncos,7.5,1.37
2026-09-14T23:51:04Z,closing,5ad8135dc2b5f27de0b777acd317855a,2026-09-15T00:15:00Z,Kansas City Chiefs,Denver Broncos,draftkings,alternate_spreads,Denver Broncos,8.5,1.33
2026-09-14T23:51:04Z,closing,5ad8135dc2b5f27de0b777acd317855a,2026-09-15T00:15:00Z,Kansas City Chiefs,Denver Broncos,draftkings,alternate_spreads,Denver Broncos,9.5,1.31
2026-09-14T23:51:04Z,closing,5ad8135dc2b5f27de0b777acd317855a,2026-09-15T00:15:00Z,Kansas City Chiefs,Denver Broncos,draftkings,alternate_spreads,Denver Broncos,10.5,1.26
2026-09-14T23:51:04Z,closing,5ad8135dc2b5f27de0b777acd317855a,2026-09-15T00:15:00Z,Kansas City Chiefs,Denver Broncos,draftkings,alternate_spreads,Denver Broncos,11.5,1.24
2026-09-14T23:51:04Z,closing,5ad8135dc2b5f27de0b777acd317855a,2026-09-15T00:15:00Z,Kansas City Chiefs,Denver Broncos,draftkings,alternate_spreads,Denver Broncos,12.5,1.21
2026-09-14T23:51:04Z,closing,5ad8135dc2b5f27de0b777acd317855a,2026-09-15T00:15:00Z,Kansas City Chiefs,Denver Broncos,draftkings,alternate_spreads,Denver Broncos,13.5,1.19
2026-09-14T23:51:04Z,closing,5ad8135dc2b5f27de0b777acd317855a,2026-09-15T00:15:00Z,Kansas City Chiefs,Denver Broncos,draftkings,alternate_spreads,Denver Broncos,14.5,1.15
2026-09-14T23:51:04Z,closing,5ad8135dc2b5f27de0b777acd317855a,2026-09-15T00:15:00Z,Kansas City Chiefs,Denver Broncos,draftkings,alternate_spreads,Denver Broncos,15.5,1.14
2026-09-14T23:51:04Z,closing,5ad8135dc2b5f27de0b777acd317855a,2026-09-15T00:15:00Z,Kansas City Chiefs,Denver Broncos,draftkings,alternate_spreads,Denver Broncos,16.5,1.12
2026-09-14T23:51:04Z,closing,5ad8135dc2b5f27de0b777acd317855a,2026-09-15T00:15:00Z,Kansas City Chiefs,Denver Broncos,draftkings,alternate_spreads,Denver Broncos,17.5,1.1
2026-09-14T23:51:04Z,closing,5ad8135dc2b5f27de0b777acd317855a,2026-09-15T00:15:00Z,Kansas City Chiefs,Denver Broncos,draftkings,alternate_spreads,Denver Broncos,18.5,1.08
2026-09-14T23:51:04Z,closing,5ad8135dc2b5f27de0b777acd317855a,2026-09-15T00:15:00Z,Kansas City Chiefs,Denver Broncos,draftkings,alternate_spreads,Denver Broncos,19.5,1.07
2026-09-14T23:51:04Z,closing,5ad8135dc2b5f27de0b777acd317855a,2026-09-15T00:15:00Z,Kansas City Chiefs,Denver Broncos,draftkings,alternate_spreads,Denver Broncos,20.5,1.06
2026-09-14T23:51:04Z,closing,5ad8135dc2b5f27de0b777acd317855a,2026-09-15T00:15:00Z,Kansas City Chiefs,Denver Broncos,draftkings,alternate_spreads,Denver Broncos,21.5,1.04
2026-09-14T23:51:04Z,closing,5ad8135dc2b5f27de0b777acd317855a,2026-09-15T00:15:00Z,Kansas City Chiefs,Denver Broncos,draftkings,alternate_spreads,Denver Broncos,22.5,1.03
2026-09-14T23:51:04Z,closing,5ad8135dc2b5f27de0b777acd317855a,2026-09-15T00:15:00Z,Kansas City Chiefs,Denver Broncos,draftkings,alternate_spreads,Denver Broncos,23.5,1.03
2026-09-14T23:51:04Z,closing,5ad8135dc2b5f27de0b777acd317855a,2026-09-15T00:15:00Z,Kansas City Chiefs,Denver Broncos,draftkings,alternate_spreads,Denver Broncos,24.5,1.02
2026-09-14T23:51:04Z,closing,5ad8135dc2b5f27de0b777acd317855a,2026-09-15T00:15:00Z,Kansas City Chiefs,Denver Broncos,draftkings,alternate_spreads,Denver Broncos,25.5,1.01
2026-09-14T23:51:04Z,closing,5ad8135dc2b5f27de0b777acd317855a,2026-09-15T00:15:00Z,Kansas City Chiefs,Denver Broncos,draftkings,alternate_spreads,Denver Broncos,26.5,1.01
2026-09-14T23:51:04Z,closing,5ad8135dc2b5f27de0b777acd317855a,2026-09-15T00:15:00Z,Kansas City Chiefs,Denver Broncos,draftkings,alternate_spreads,Kansas City Chiefs,23.5,1.01
2026-09-14T23:51:04Z,closing,5ad8135dc2b5f27de0b777acd317855a,2026-09-15T00:15:00Z,Kansas City Chiefs,Denver Broncos,draftkings,alternate_spreads,Kansas City Chiefs,22.5,1.01
2026-09-14T23:51:04Z,closing,5ad8135dc2b5f27de0b777acd317855a,2026-09-15T00:15:00Z,Kansas City Chiefs,Denver Broncos,draftkings,alternate_spreads,Kansas City Chiefs,21.5,1.01
2026-09-14T23:51:04Z,closing,5ad8135dc2b5f27de0b777acd317855a,2026-09-15T00:15:00Z,Kansas City Chiefs,Denver Broncos,draftkings,alternate_spreads,Kansas City Chiefs,20.5,1.02
2026-09-14T23:51:04Z,closing,5ad8135dc2b5f27de0b777acd317855a,2026-09-15T00:15:00Z,Kansas City Chiefs,Denver Broncos,draftkings,alternate_spreads,Kansas City Chiefs,19.5,1.03
2026-09-14T23:51:04Z,closing,5ad8135dc2b5f27de0b777acd317855a,2026-09-15T00:15:00Z,Kansas City Chiefs,Denver Broncos,draftkings,alternate_spreads,Kansas City Chiefs,18.5,1.04
2026-09-14T23:51:04Z,closing,5ad8135dc2b5f27de0b777acd317855a,2026-09-15T00:15:00Z,Kansas City Chiefs,Denver Broncos,draftkings,alternate_spreads,Kansas City Chiefs,17.5,1.05
2026-09-14T23:51:04Z,closing,5ad8135dc2b5f27de0b777acd317855a,2026-09-15T00:15:00Z,Kansas City Chiefs,Denver Broncos,draftkings,alternate_spreads,Kansas City Chiefs,16.5,1.06
2026-09-14T23:51:04Z,closing,5ad8135dc2b5f27de0b777acd317855a,2026-09-15T00:15:00Z,Kansas City Chiefs,Denver Broncos,draftkings,alternate_spreads,Kansas City Chiefs,15.5,1.07
2026-09-14T23:51:04Z,closing,5ad8135dc2b5f27de0b777acd317855a,2026-09-15T00:15:00Z,Kansas City Chiefs,Denver Broncos,draftkings,alternate_spreads,Kansas City Chiefs,14.5,1.08
2026-09-14T23:51:04Z,closing,5ad8135dc2b5f27de0b777acd317855a,2026-09-15T00:15:00Z,Kansas City Chiefs,Denver Broncos,draftkings,alternate_spreads,Kansas City Chiefs,13.5,1.11
2026-09-14T23:51:04Z,closing,5ad8135dc2b5f27de0b777acd317855a,2026-09-15T00:15:00Z,Kansas City Chiefs,Denver Broncos,draftkings,alternate_spreads,Kansas City Chiefs,12.5,1.13
2026-09-14T23:51:04Z,closing,5ad8135dc2b5f27de0b777acd317855a,2026-09-15T00:15:00Z,Kansas City Chiefs,Denver Broncos,draftkings,alternate_spreads,Kansas City Chiefs,11.5,1.14
2026-09-14T23:51:04Z,closing,5ad8135dc2b5f27de0b777acd317855a,2026-09-15T00:15:00Z,Kansas City Chiefs,Denver Broncos,draftkings,alternate_spreads,Kansas City Chiefs,10.5,1.16
2026-09-14T23:51:04Z,closing,5ad8135dc2b5f27de0b777acd317855a,2026-09-15T00:15:00Z,Kansas City Chiefs,Denver Broncos,draftkings,alternate_spreads,Kansas City Chiefs,9.5,1.19
2026-09-14T23:51:04Z,closing,5ad8135dc2b5f27de0b777acd317855a,2026-09-15T00:15:00Z,Kansas City Chiefs,Denver Broncos,draftkings,alternate_spreads,Kansas City Chiefs,8.5,1.21
2026-09-14T23:51:04Z,closing,5ad8135dc2b5f27de0b777acd317855a,2026-09-15T00:15:00Z,Kansas City Chiefs,Denver Broncos,draftkings,alternate_spreads,Kansas City Chiefs,7.5,1.24
2026-09-14T23:51:04Z,closing,5ad8135dc2b5f27de0b777acd317855a,2026-09-15T00:15:00Z,Kansas City Chiefs,Denver Broncos,draftkings,alternate_spreads,Kansas City Chiefs,6.5,1.31
2026-09-14T23:51:04Z,closing,5ad8135dc2b5f27de0b777acd317855a,2026-09-15T00:15:00Z,Kansas City Chiefs,Denver Broncos,draftkings,alternate_spreads,Kansas City Chiefs,5.5,1.35
2026-09-14T23:51:04Z,closing,5ad8135dc2b5f27de0b777acd317855a,2026-09-15T00:15:00Z,Kansas City Chiefs,Denver Broncos,draftkings,alternate_spreads,Kansas City Chiefs,4.5,1.39
2026-09-14T23:51:04Z,closing,5ad8135dc2b5f27de0b777acd317855a,2026-09-15T00:15:00Z,Kansas City Chiefs,Denver Broncos,draftkings,alternate_spreads,Kansas City Chiefs,3.5,1.44
2026-09-14T23:51:04Z,closing,5ad8135dc2b5f27de0b777acd317855a,2026-09-15T00:15:00Z,Kansas City Chiefs,Denver Broncos,draftkings,alternate_spreads,Kansas City Chiefs,2.5,1.6
2026-09-14T23:51:04Z,closing,5ad8135dc2b5f27de0b777acd317855a,2026-09-15T00:15:00Z,Kansas City Chiefs,Denver Broncos,draftkings,alternate_spreads,Kansas City Chiefs,1.5,1.65
2026-09-14T23:51:04Z,closing,5ad8135dc2b5f27de0b777acd317855a,2026-09-15T00:15:00Z,Kansas City Chiefs,Denver Broncos,draftkings,alternate_spreads,Kansas City Chiefs,-1.5,1.81
2026-09-14T23:51:04Z,closing,5ad8135dc2b5f27de0b777acd317855a,2026-09-15T00:15:00Z,Kansas City Chiefs,Denver Broncos,draftkings,alternate_spreads,Kansas City Chiefs,-3.5,2.17
2026-09-14T23:51:04Z,closing,5ad8135dc2b5f27de0b777acd317855a,2026-09-15T00:15:00Z,Kansas City Chiefs,Denver Broncos,draftkings,alternate_spreads,Kansas City Chiefs,-4.5,2.3
2026-09-14T23:51:04Z,closing,5ad8135dc2b5f27de0b777acd317855a,2026-09-15T00:15:00Z,Kansas City Chiefs,Denver Broncos,draftkings,alternate_spreads,Kansas City Chiefs,-5.5,2.41
2026-09-14T23:51:04Z,closing,5ad8135dc2b5f27de0b777acd317855a,2026-09-15T00:15:00Z,Kansas City Chiefs,Denver Broncos,draftkings,alternate_spreads,Kansas City Chiefs,-6.5,2.58
2026-09-14T23:51:04Z,closing,5ad8135dc2b5f27de0b777acd317855a,2026-09-15T00:15:00Z,Kansas City Chiefs,Denver Broncos,draftkings,alternate_spreads,Kansas City Chiefs,-7.5,2.94
2026-09-14T23:51:04Z,closing,5ad8135dc2b5f27de0b777acd317855a,2026-09-15T00:15:00Z,Kansas City Chiefs,Denver Broncos,draftkings,alternate_spreads,Kansas City Chiefs,-8.5,3.14
2026-09-14T23:51:04Z,closing,5ad8135dc2b5f27de0b777acd317855a,2026-09-15T00:15:00Z,Kansas City Chiefs,Denver Broncos,draftkings,alternate_spreads,Kansas City Chiefs,-9.5,3.27
2026-09-14T23:51:04Z,closing,5ad8135dc2b5f27de0b777acd317855a,2026-09-15T00:15:00Z,Kansas City Chiefs,Denver Broncos,draftkings,alternate_spreads,Kansas City Chiefs,-10.5,3.61
2026-09-14T23:51:04Z,closing,5ad8135dc2b5f27de0b777acd317855a,2026-09-15T00:15:00Z,Kansas City Chiefs,Denver Broncos,draftkings,alternate_spreads,Kansas City Chiefs,-11.5,3.84
2026-09-14T23:51:04Z,closing,5ad8135dc2b5f27de0b777acd317855a,2026-09-15T00:15:00Z,Kansas City Chiefs,Denver Broncos,draftkings,alternate_spreads,Kansas City Chiefs,-12.5,4.07
2026-09-14T23:51:04Z,closing,5ad8135dc2b5f27de0b777acd317855a,2026-09-15T00:15:00Z,Kansas City Chiefs,Denver Broncos,draftkings,alternate_spreads,Kansas City Chiefs,-13.5,4.37
2026-09-14T23:51:04Z,closing,5ad8135dc2b5f27de0b777acd317855a,2026-09-15T00:15:00Z,Kansas City Chiefs,Denver Broncos,draftkings,alternate_spreads,Kansas City Chiefs,-14.5,4.96
2026-09-14T23:51:04Z,closing,5ad8135dc2b5f27de0b777acd317855a,2026-09-15T00:15:00Z,Kansas City Chiefs,Denver Broncos,draftkings,alternate_spreads,Kansas City Chiefs,-15.5,5.29
2026-09-14T23:51:04Z,closing,5ad8135dc2b5f27de0b777acd317855a,2026-09-15T00:15:00Z,Kansas City Chiefs,Denver Broncos,draftkings,alternate_spreads,Kansas City Chiefs,-16.5,5.71
2026-09-14T23:51:04Z,closing,5ad8135dc2b5f27de0b777acd317855a,2026-09-15T00:15:00Z,Kansas City Chiefs,Denver Broncos,draftkings,alternate_spreads,Kansas City Chiefs,-17.5,6.36
2026-09-14T23:51:04Z,closing,5ad8135dc2b5f27de0b777acd317855a,2026-09-15T00:15:00Z,Kansas City Chiefs,Denver Broncos,draftkings,alternate_spreads,Kansas City Chiefs,-18.5,6.91
2026-09-14T23:51:04Z,closing,5ad8135dc2b5f27de0b777acd317855a,2026-09-15T00:15:00Z,Kansas City Chiefs,Denver Broncos,draftkings,alternate_spreads,Kansas City Chiefs,-19.5,7.4
2026-09-14T23:51:04Z,closing,5ad8135dc2b5f27de0b777acd317855a,2026-09-15T00:15:00Z,Kansas City Chiefs,Denver Broncos,draftkings,alternate_spreads,Kansas City Chiefs,-20.5,8.1
2026-09-14T23:51:04Z,closing,5ad8135dc2b5f27de0b777acd317855a,2026-09-15T00:15:00Z,Kansas City Chiefs,Denver Broncos,draftkings,alternate_spreads,Kansas City Chiefs,-21.5,9.2
2026-09-14T23:51:04Z,closing,5ad8135dc2b5f27de0b777acd317855a,2026-09-15T00:15:00Z,Kansas City Chiefs,Denver Broncos,draftkings,alternate_spreads,Kansas City Chiefs,-22.5,9.6
2026-09-14T23:51:04Z,closing,5ad8135dc2b5f27de0b777acd317855a,2026-09-15T00:15:00Z,Kansas City Chiefs,Denver Broncos,draftkings,alternate_spreads,Kansas City Chiefs,-23.5,10.4
2026-09-14T23:51:04Z,closing,5ad8135dc2b5f27de0b777acd317855a,2026-09-15T00:15:00Z,Kansas City Chiefs,Denver Broncos,draftkings,alternate_spreads,Kansas City Chiefs,-24.5,11.4
2026-09-14T23:51:04Z,closing,5ad8135dc2b5f27de0b777acd317855a,2026-09-15T00:15:00Z,Kansas City Chiefs,Denver Broncos,draftkings,alternate_spreads,Kansas City Chiefs,-25.5,12.4
2026-09-14T23:51:04Z,closing,5ad8135dc2b5f27de0b777acd317855a,2026-09-15T00:15:00Z,Kansas City Chiefs,Denver Broncos,draftkings,alternate_spreads,Kansas City Chiefs,-26.5,13.0
2026-09-14T23:51:04Z,closing,5ad8135dc2b5f27de0b777acd317855a,2026-09-15T00:15:00Z,Kansas City Chiefs,Denver Broncos,draftkings,alternate_totals,Over,22.5,1.01
2026-09-14T23:51:04Z,closing,5ad8135dc2b5f27de0b777acd317855a,2026-09-15T00:15:00Z,Kansas City Chiefs,Denver Broncos,draftkings,alternate_totals,Over,23.5,1.02
2026-09-14T23:51:04Z,closing,5ad8135dc2b5f27de0b777acd317855a,2026-09-15T00:15:00Z,Kansas City Chiefs,Denver Broncos,draftkings,alternate_totals,Over,24.5,1.03
2026-09-14T23:51:04Z,closing,5ad8135dc2b5f27de0b777acd317855a,2026-09-15T00:15:00Z,Kansas City Chiefs,Denver Broncos,draftkings,alternate_totals,Over,25.5,1.04
2026-09-14T23:51:04Z,closing,5ad8135dc2b5f27de0b777acd317855a,2026-09-15T00:15:00Z,Kansas City Chiefs,Denver Broncos,draftkings,alternate_totals,Over,26.5,1.05
2026-09-14T23:51:04Z,closing,5ad8135dc2b5f27de0b777acd317855a,2026-09-15T00:15:00Z,Kansas City Chiefs,Denver Broncos,draftkings,alternate_totals,Over,27.5,1.07
2026-09-14T23:51:04Z,closing,5ad8135dc2b5f27de0b777acd317855a,2026-09-15T00:15:00Z,Kansas City Chiefs,Denver Broncos,draftkings,alternate_totals,Over,28.5,1.09
2026-09-14T23:51:04Z,closing,5ad8135dc2b5f27de0b777acd317855a,2026-09-15T00:15:00Z,Kansas City Chiefs,Denver Broncos,draftkings,alternate_totals,Over,29.5,1.12
2026-09-14T23:51:04Z,closing,5ad8135dc2b5f27de0b777acd317855a,2026-09-15T00:15:00Z,Kansas City Chiefs,Denver Broncos,draftkings,alternate_totals,Over,30.5,1.15
2026-09-14T23:51:04Z,closing,5ad8135dc2b5f27de0b777acd317855a,2026-09-15T00:15:00Z,Kansas City Chiefs,Denver Broncos,draftkings,alternate_totals,Over,31.5,1.17
2026-09-14T23:51:04Z,closing,5ad8135dc2b5f27de0b777acd317855a,2026-09-15T00:15:00Z,Kansas City Chiefs,Denver Broncos,draftkings,alternate_totals,Over,32.5,1.2
2026-09-14T23:51:04Z,closing,5ad8135dc2b5f27de0b777acd317855a,2026-09-15T00:15:00Z,Kansas City Chiefs,Denver Broncos,draftkings,alternate_totals,Over,33.5,1.25
2026-09-14T23:51:04Z,closing,5ad8135dc2b5f27de0b777acd317855a,2026-09-15T00:15:00Z,Kansas City Chiefs,Denver Broncos,draftkings,alternate_totals,Over,34.5,1.28
2026-09-14T23:51:04Z,closing,5ad8135dc2b5f27de0b777acd317855a,2026-09-15T00:15:00Z,Kansas City Chiefs,Denver Broncos,draftkings,alternate_totals,Over,35.5,1.33
2026-09-14T23:51:04Z,closing,5ad8135dc2b5f27de0b777acd317855a,2026-09-15T00:15:00Z,Kansas City Chiefs,Denver Broncos,draftkings,alternate_totals,Over,36.5,1.39
2026-09-14T23:51:04Z,closing,5ad8135dc2b5f27de0b777acd317855a,2026-09-15T00:15:00Z,Kansas City Chiefs,Denver Broncos,draftkings,alternate_totals,Over,37.5,1.47
2026-09-14T23:51:04Z,closing,5ad8135dc2b5f27de0b777acd317855a,2026-09-15T00:15:00Z,Kansas City Chiefs,Denver Broncos,draftkings,alternate_totals,Over,38.5,1.52
2026-09-14T23:51:04Z,closing,5ad8135dc2b5f27de0b777acd317855a,2026-09-15T00:15:00Z,Kansas City Chiefs,Denver Broncos,draftkings,alternate_totals,Over,39.5,1.59
2026-09-14T23:51:04Z,closing,5ad8135dc2b5f27de0b777acd317855a,2026-09-15T00:15:00Z,Kansas City Chiefs,Denver Broncos,draftkings,alternate_totals,Over,40.5,1.68
2026-09-14T23:51:04Z,closing,5ad8135dc2b5f27de0b777acd317855a,2026-09-15T00:15:00Z,Kansas City Chiefs,Denver Broncos,draftkings,alternate_totals,Over,41.5,1.78
2026-09-14T23:51:04Z,closing,5ad8135dc2b5f27de0b777acd317855a,2026-09-15T00:15:00Z,Kansas City Chiefs,Denver Broncos,draftkings,alternate_totals,Over,43.5,2.02
2026-09-14T23:51:04Z,closing,5ad8135dc2b5f27de0b777acd317855a,2026-09-15T00:15:00Z,Kansas City Chiefs,Denver Broncos,draftkings,alternate_totals,Over,44.5,2.16
2026-09-14T23:51:04Z,closing,5ad8135dc2b5f27de0b777acd317855a,2026-09-15T00:15:00Z,Kansas City Chiefs,Denver Broncos,draftkings,alternate_totals,Over,45.5,2.3
2026-09-14T23:51:04Z,closing,5ad8135dc2b5f27de0b777acd317855a,2026-09-15T00:15:00Z,Kansas City Chiefs,Denver Broncos,draftkings,alternate_totals,Over,46.5,2.45
2026-09-14T23:51:04Z,closing,5ad8135dc2b5f27de0b777acd317855a,2026-09-15T00:15:00Z,Kansas City Chiefs,Denver Broncos,draftkings,alternate_totals,Over,47.5,2.69
2026-09-14T23:51:04Z,closing,5ad8135dc2b5f27de0b777acd317855a,2026-09-15T00:15:00Z,Kansas City Chiefs,Denver Broncos,draftkings,alternate_totals,Over,48.5,2.88
2026-09-14T23:51:04Z,closing,5ad8135dc2b5f27de0b777acd317855a,2026-09-15T00:15:00Z,Kansas City Chiefs,Denver Broncos,draftkings,alternate_totals,Over,49.5,3.15
2026-09-14T23:51:04Z,closing,5ad8135dc2b5f27de0b777acd317855a,2026-09-15T00:15:00Z,Kansas City Chiefs,Denver Broncos,draftkings,alternate_totals,Over,50.5,3.42
2026-09-14T23:51:04Z,closing,5ad8135dc2b5f27de0b777acd317855a,2026-09-15T00:15:00Z,Kansas City Chiefs,Denver Broncos,draftkings,alternate_totals,Over,51.5,3.81
2026-09-14T23:51:04Z,closing,5ad8135dc2b5f27de0b777acd317855a,2026-09-15T00:15:00Z,Kansas City Chiefs,Denver Broncos,draftkings,alternate_totals,Over,52.5,4.09
2026-09-14T23:51:04Z,closing,5ad8135dc2b5f27de0b777acd317855a,2026-09-15T00:15:00Z,Kansas City Chiefs,Denver Broncos,draftkings,alternate_totals,Over,53.5,4.47
2026-09-14T23:51:04Z,closing,5ad8135dc2b5f27de0b777acd317855a,2026-09-15T00:15:00Z,Kansas City Chiefs,Denver Broncos,draftkings,alternate_totals,Over,54.5,4.89
2026-09-14T23:51:04Z,closing,5ad8135dc2b5f27de0b777acd317855a,2026-09-15T00:15:00Z,Kansas City Chiefs,Denver Broncos,draftkings,alternate_totals,Over,55.5,5.41
2026-09-14T23:51:04Z,closing,5ad8135dc2b5f27de0b777acd317855a,2026-09-15T00:15:00Z,Kansas City Chiefs,Denver Broncos,draftkings,alternate_totals,Over,56.5,5.78
2026-09-14T23:51:04Z,closing,5ad8135dc2b5f27de0b777acd317855a,2026-09-15T00:15:00Z,Kansas City Chiefs,Denver Broncos,draftkings,alternate_totals,Over,57.5,6.62
2026-09-14T23:51:04Z,closing,5ad8135dc2b5f27de0b777acd317855a,2026-09-15T00:15:00Z,Kansas City Chiefs,Denver Broncos,draftkings,alternate_totals,Over,58.5,7.2
2026-09-14T23:51:04Z,closing,5ad8135dc2b5f27de0b777acd317855a,2026-09-15T00:15:00Z,Kansas City Chiefs,Denver Broncos,draftkings,alternate_totals,Over,59.5,7.9
2026-09-14T23:51:04Z,closing,5ad8135dc2b5f27de0b777acd317855a,2026-09-15T00:15:00Z,Kansas City Chiefs,Denver Broncos,draftkings,alternate_totals,Over,60.5,8.6
2026-09-14T23:51:04Z,closing,5ad8135dc2b5f27de0b777acd317855a,2026-09-15T00:15:00Z,Kansas City Chiefs,Denver Broncos,draftkings,alternate_totals,Over,61.5,9.7
2026-09-14T23:51:04Z,closing,5ad8135dc2b5f27de0b777acd317855a,2026-09-15T00:15:00Z,Kansas City Chiefs,Denver Broncos,draftkings,alternate_totals,Over,62.5,10.4
2026-09-14T23:51:04Z,closing,5ad8135dc2b5f27de0b777acd317855a,2026-09-15T00:15:00Z,Kansas City Chiefs,Denver Broncos,draftkings,alternate_totals,Over,63.5,11.4
2026-09-14T23:51:04Z,closing,5ad8135dc2b5f27de0b777acd317855a,2026-09-15T00:15:00Z,Kansas City Chiefs,Denver Broncos,draftkings,alternate_totals,Over,64.5,12.4
2026-09-14T23:51:04Z,closing,5ad8135dc2b5f27de0b777acd317855a,2026-09-15T00:15:00Z,Kansas City Chiefs,Denver Broncos,draftkings,alternate_totals,Over,65.5,13.6
2026-09-14T23:51:04Z,closing,5ad8135dc2b5f27de0b777acd317855a,2026-09-15T00:15:00Z,Kansas City Chiefs,Denver Broncos,draftkings,alternate_totals,Under,22.5,13.0
2026-09-14T23:51:04Z,closing,5ad8135dc2b5f27de0b777acd317855a,2026-09-15T00:15:00Z,Kansas City Chiefs,Denver Broncos,draftkings,alternate_totals,Under,23.5,11.2
2026-09-14T23:51:04Z,closing,5ad8135dc2b5f27de0b777acd317855a,2026-09-15T00:15:00Z,Kansas City Chiefs,Denver Broncos,draftkings,alternate_totals,Under,24.5,10.5
2026-09-14T23:51:04Z,closing,5ad8135dc2b5f27de0b777acd317855a,2026-09-15T00:15:00Z,Kansas City Chiefs,Denver Broncos,draftkings,alternate_totals,Under,25.5,9.5
2026-09-14T23:51:04Z,closing,5ad8135dc2b5f27de0b777acd317855a,2026-09-15T00:15:00Z,Kansas City Chiefs,Denver Broncos,draftkings,alternate_totals,Under,26.5,8.2
2026-09-14T23:51:04Z,closing,5ad8135dc2b5f27de0b777acd317855a,2026-09-15T00:15:00Z,Kansas City Chiefs,Denver Broncos,draftkings,alternate_totals,Under,27.5,7.3
2026-09-14T23:51:04Z,closing,5ad8135dc2b5f27de0b777acd317855a,2026-09-15T00:15:00Z,Kansas City Chiefs,Denver Broncos,draftkings,alternate_totals,Under,28.5,6.69
2026-09-14T23:51:04Z,closing,5ad8135dc2b5f27de0b777acd317855a,2026-09-15T00:15:00Z,Kansas City Chiefs,Denver Broncos,draftkings,alternate_totals,Under,29.5,5.73
2026-09-14T23:51:04Z,closing,5ad8135dc2b5f27de0b777acd317855a,2026-09-15T00:15:00Z,Kansas City Chiefs,Denver Broncos,draftkings,alternate_totals,Under,30.5,5.05
2026-09-14T23:51:04Z,closing,5ad8135dc2b5f27de0b777acd317855a,2026-09-15T00:15:00Z,Kansas City Chiefs,Denver Broncos,draftkings,alternate_totals,Under,31.5,4.61
2026-09-14T23:51:04Z,closing,5ad8135dc2b5f27de0b777acd317855a,2026-09-15T00:15:00Z,Kansas City Chiefs,Denver Broncos,draftkings,alternate_totals,Under,32.5,4.23
2026-09-14T23:51:04Z,closing,5ad8135dc2b5f27de0b777acd317855a,2026-09-15T00:15:00Z,Kansas City Chiefs,Denver Broncos,draftkings,alternate_totals,Under,33.5,3.73
2026-09-14T23:51:04Z,closing,5ad8135dc2b5f27de0b777acd317855a,2026-09-15T00:15:00Z,Kansas City Chiefs,Denver Broncos,draftkings,alternate_totals,Under,34.5,3.43
2026-09-14T23:51:04Z,closing,5ad8135dc2b5f27de0b777acd317855a,2026-09-15T00:15:00Z,Kansas City Chiefs,Denver Broncos,draftkings,alternate_totals,Under,35.5,3.16
2026-09-14T23:51:04Z,closing,5ad8135dc2b5f27de0b777acd317855a,2026-09-15T00:15:00Z,Kansas City Chiefs,Denver Broncos,draftkings,alternate_totals,Under,36.5,2.86
2026-09-14T23:51:04Z,closing,5ad8135dc2b5f27de0b777acd317855a,2026-09-15T00:15:00Z,Kansas City Chiefs,Denver Broncos,draftkings,alternate_totals,Under,37.5,2.57
2026-09-14T23:51:04Z,closing,5ad8135dc2b5f27de0b777acd317855a,2026-09-15T00:15:00Z,Kansas City Chiefs,Denver Broncos,draftkings,alternate_totals,Under,38.5,2.43
2026-09-14T23:51:04Z,closing,5ad8135dc2b5f27de0b777acd317855a,2026-09-15T00:15:00Z,Kansas City Chiefs,Denver Broncos,draftkings,alternate_totals,Under,39.5,2.26
2026-09-14T23:51:04Z,closing,5ad8135dc2b5f27de0b777acd317855a,2026-09-15T00:15:00Z,Kansas City Chiefs,Denver Broncos,draftkings,alternate_totals,Under,40.5,2.1
2026-09-14T23:51:04Z,closing,5ad8135dc2b5f27de0b777acd317855a,2026-09-15T00:15:00Z,Kansas City Chiefs,Denver Broncos,draftkings,alternate_totals,Under,41.5,1.96
2026-09-14T23:51:04Z,closing,5ad8135dc2b5f27de0b777acd317855a,2026-09-15T00:15:00Z,Kansas City Chiefs,Denver Broncos,draftkings,alternate_totals,Under,43.5,1.74
2026-09-14T23:51:04Z,closing,5ad8135dc2b5f27de0b777acd317855a,2026-09-15T00:15:00Z,Kansas City Chiefs,Denver Broncos,draftkings,alternate_totals,Under,44.5,1.65
2026-09-14T23:51:04Z,closing,5ad8135dc2b5f27de0b777acd317855a,2026-09-15T00:15:00Z,Kansas City Chiefs,Denver Broncos,draftkings,alternate_totals,Under,45.5,1.57
2026-09-14T23:51:04Z,closing,5ad8135dc2b5f27de0b777acd317855a,2026-09-15T00:15:00Z,Kansas City Chiefs,Denver Broncos,draftkings,alternate_totals,Under,46.5,1.51
2026-09-14T23:51:04Z,closing,5ad8135dc2b5f27de0b777acd317855a,2026-09-15T00:15:00Z,Kansas City Chiefs,Denver Broncos,draftkings,alternate_totals,Under,47.5,1.43
2026-09-14T23:51:04Z,closing,5ad8135dc2b5f27de0b777acd317855a,2026-09-15T00:15:00Z,Kansas City Chiefs,Denver Broncos,draftkings,alternate_totals,Under,48.5,1.38
2026-09-14T23:51:04Z,closing,5ad8135dc2b5f27de0b777acd317855a,2026-09-15T00:15:00Z,Kansas City Chiefs,Denver Broncos,draftkings,alternate_totals,Under,49.5,1.33
2026-09-14T23:51:04Z,closing,5ad8135dc2b5f27de0b777acd317855a,2026-09-15T00:15:00Z,Kansas City Chiefs,Denver Broncos,draftkings,alternate_totals,Under,50.5,1.29
2026-09-14T23:51:04Z,closing,5ad8135dc2b5f27de0b777acd317855a,2026-09-15T00:15:00Z,Kansas City Chiefs,Denver Broncos,draftkings,alternate_totals,Under,51.5,1.24
2026-09-14T23:51:04Z,closing,5ad8135dc2b5f27de0b777acd317855a,2026-09-15T00:15:00Z,Kansas City Chiefs,Denver Broncos,draftkings,alternate_totals,Under,52.5,1.21
2026-09-14T23:51:04Z,closing,5ad8135dc2b5f27de0b777acd317855a,2026-09-15T00:15:00Z,Kansas City Chiefs,Denver Broncos,draftkings,alternate_totals,Under,53.5,1.18
2026-09-14T23:51:04Z,closing,5ad8135dc2b5f27de0b777acd317855a,2026-09-15T00:15:00Z,Kansas City Chiefs,Denver Broncos,draftkings,alternate_totals,Under,54.5,1.15
2026-09-14T23:51:04Z,closing,5ad8135dc2b5f27de0b777acd317855a,2026-09-15T00:15:00Z,Kansas City Chiefs,Denver Broncos,draftkings,alternate_totals,Under,55.5,1.13
2026-09-14T23:51:04Z,closing,5ad8135dc2b5f27de0b777acd317855a,2026-09-15T00:15:00Z,Kansas City Chiefs,Denver Broncos,draftkings,alternate_totals,Under,56.5,1.11
2026-09-14T23:51:04Z,closing,5ad8135dc2b5f27de0b777acd317855a,2026-09-15T00:15:00Z,Kansas City Chiefs,Denver Broncos,draftkings,alternate_totals,Under,57.5,1.09
2026-09-14T23:51:04Z,closing,5ad8135dc2b5f27de0b777acd317855a,2026-09-15T00:15:00Z,Kansas City Chiefs,Denver Broncos,draftkings,alternate_totals,Under,58.5,1.07
2026-09-14T23:51:04Z,closing,5ad8135dc2b5f27de0b777acd317855a,2026-09-15T00:15:00Z,Kansas City Chiefs,Denver Broncos,draftkings,alternate_totals,Under,59.5,1.06
2026-09-14T23:51:04Z,closing,5ad8135dc2b5f27de0b777acd317855a,2026-09-15T00:15:00Z,Kansas City Chiefs,Denver Broncos,draftkings,alternate_totals,Under,60.5,1.05
2026-09-14T23:51:04Z,closing,5ad8135dc2b5f27de0b777acd317855a,2026-09-15T00:15:00Z,Kansas City Chiefs,Denver Broncos,draftkings,alternate_totals,Under,61.5,1.03
2026-09-14T23:51:04Z,closing,5ad8135dc2b5f27de0b777acd317855a,2026-09-15T00:15:00Z,Kansas City Chiefs,Denver Broncos,draftkings,alternate_totals,Under,62.5,1.03
2026-09-14T23:51:04Z,closing,5ad8135dc2b5f27de0b777acd317855a,2026-09-15T00:15:00Z,Kansas City Chiefs,Denver Broncos,draftkings,alternate_totals,Under,63.5,1.02
2026-09-14T23:51:04Z,closing,5ad8135dc2b5f27de0b777acd317855a,2026-09-15T00:15:00Z,Kansas City Chiefs,Denver Broncos,draftkings,alternate_totals,Under,64.5,1.01
2026-09-14T23:51:04Z,closing,5ad8135dc2b5f27de0b777acd317855a,2026-09-15T00:15:00Z,Kansas City Chiefs,Denver Broncos,draftkings,alternate_totals,Under,65.5,1.01
2026-09-14T23:51:04Z,closing,5ad8135dc2b5f27de0b777acd317855a,2026-09-15T00:15:00Z,Kansas City Chiefs,Denver Broncos,fanduel,alternate_spreads,Denver Broncos,28.5,1.0
2026-09-14T23:51:04Z,closing,5ad8135dc2b5f27de0b777acd317855a,2026-09-15T00:15:00Z,Kansas City Chiefs,Denver Broncos,fanduel,alternate_spreads,Denver Broncos,27.5,1.0
2026-09-14T23:51:04Z,closing,5ad8135dc2b5f27de0b777acd317855a,2026-09-15T00:15:00Z,Kansas City Chiefs,Denver Broncos,fanduel,alternate_spreads,Denver Broncos,26.5,1.0
2026-09-14T23:51:04Z,closing,5ad8135dc2b5f27de0b777acd317855a,2026-09-15T00:15:00Z,Kansas City Chiefs,Denver Broncos,fanduel,alternate_spreads,Denver Broncos,25.5,1.01
2026-09-14T23:51:04Z,closing,5ad8135dc2b5f27de0b777acd317855a,2026-09-15T00:15:00Z,Kansas City Chiefs,Denver Broncos,fanduel,alternate_spreads,Denver Broncos,24.5,1.01
2026-09-14T23:51:04Z,closing,5ad8135dc2b5f27de0b777acd317855a,2026-09-15T00:15:00Z,Kansas City Chiefs,Denver Broncos,fanduel,alternate_spreads,Denver Broncos,23.5,1.01
2026-09-14T23:51:04Z,closing,5ad8135dc2b5f27de0b777acd317855a,2026-09-15T00:15:00Z,Kansas City Chiefs,Denver Broncos,fanduel,alternate_spreads,Denver Broncos,22.5,1.02
2026-09-14T23:51:04Z,closing,5ad8135dc2b5f27de0b777acd317855a,2026-09-15T00:15:00Z,Kansas City Chiefs,Denver Broncos,fanduel,alternate_spreads,Denver Broncos,21.5,1.02
2026-09-14T23:51:04Z,closing,5ad8135dc2b5f27de0b777acd317855a,2026-09-15T00:15:00Z,Kansas City Chiefs,Denver Broncos,fanduel,alternate_spreads,Denver Broncos,20.5,1.03
2026-09-14T23:51:04Z,closing,5ad8135dc2b5f27de0b777acd317855a,2026-09-15T00:15:00Z,Kansas City Chiefs,Denver Broncos,fanduel,alternate_spreads,Denver Broncos,19.5,1.04
2026-09-14T23:51:04Z,closing,5ad8135dc2b5f27de0b777acd317855a,2026-09-15T00:15:00Z,Kansas City Chiefs,Denver Broncos,fanduel,alternate_spreads,Denver Broncos,18.5,1.04
2026-09-14T23:51:04Z,closing,5ad8135dc2b5f27de0b777acd317855a,2026-09-15T00:15:00Z,Kansas City Chiefs,Denver Broncos,fanduel,alternate_spreads,Denver Broncos,17.5,1.06
2026-09-14T23:51:04Z,closing,5ad8135dc2b5f27de0b777acd317855a,2026-09-15T00:15:00Z,Kansas City Chiefs,Denver Broncos,fanduel,alternate_spreads,Denver Broncos,16.5,1.07
2026-09-14T23:51:04Z,closing,5ad8135dc2b5f27de0b777acd317855a,2026-09-15T00:15:00Z,Kansas City Chiefs,Denver Broncos,fanduel,alternate_spreads,Denver Broncos,15.5,1.09
2026-09-14T23:51:04Z,closing,5ad8135dc2b5f27de0b777acd317855a,2026-09-15T00:15:00Z,Kansas City Chiefs,Denver Broncos,fanduel,alternate_spreads,Denver Broncos,14.5,1.1
2026-09-14T23:51:04Z,closing,5ad8135dc2b5f27de0b777acd317855a,2026-09-15T00:15:00Z,Kansas City Chiefs,Denver Broncos,fanduel,alternate_spreads,Denver Broncos,13.5,1.13
2026-09-14T23:51:04Z,closing,5ad8135dc2b5f27de0b777acd317855a,2026-09-15T00:15:00Z,Kansas City Chiefs,Denver Broncos,fanduel,alternate_spreads,Denver Broncos,12.5,1.15
2026-09-14T23:51:04Z,closing,5ad8135dc2b5f27de0b777acd317855a,2026-09-15T00:15:00Z,Kansas City Chiefs,Denver Broncos,fanduel,alternate_spreads,Denver Broncos,11.5,1.17
2026-09-14T23:51:04Z,closing,5ad8135dc2b5f27de0b777acd317855a,2026-09-15T00:15:00Z,Kansas City Chiefs,Denver Broncos,fanduel,alternate_spreads,Denver Broncos,10.5,1.19
2026-09-14T23:51:04Z,closing,5ad8135dc2b5f27de0b777acd317855a,2026-09-15T00:15:00Z,Kansas City Chiefs,Denver Broncos,fanduel,alternate_spreads,Denver Broncos,9.5,1.23
2026-09-14T23:51:04Z,closing,5ad8135dc2b5f27de0b777acd317855a,2026-09-15T00:15:00Z,Kansas City Chiefs,Denver Broncos,fanduel,alternate_spreads,Denver Broncos,8.5,1.25
2026-09-14T23:51:04Z,closing,5ad8135dc2b5f27de0b777acd317855a,2026-09-15T00:15:00Z,Kansas City Chiefs,Denver Broncos,fanduel,alternate_spreads,Denver Broncos,7.5,1.29
2026-09-14T23:51:04Z,closing,5ad8135dc2b5f27de0b777acd317855a,2026-09-15T00:15:00Z,Kansas City Chiefs,Denver Broncos,fanduel,alternate_spreads,Denver Broncos,6.5,1.38
2026-09-14T23:51:04Z,closing,5ad8135dc2b5f27de0b777acd317855a,2026-09-15T00:15:00Z,Kansas City Chiefs,Denver Broncos,fanduel,alternate_spreads,Denver Broncos,5.5,1.48
2026-09-14T23:51:04Z,closing,5ad8135dc2b5f27de0b777acd317855a,2026-09-15T00:15:00Z,Kansas City Chiefs,Denver Broncos,fanduel,alternate_spreads,Denver Broncos,4.5,1.53
2026-09-14T23:51:04Z,closing,5ad8135dc2b5f27de0b777acd317855a,2026-09-15T00:15:00Z,Kansas City Chiefs,Denver Broncos,fanduel,alternate_spreads,Denver Broncos,3.5,1.61
2026-09-14T23:51:04Z,closing,5ad8135dc2b5f27de0b777acd317855a,2026-09-15T00:15:00Z,Kansas City Chiefs,Denver Broncos,fanduel,alternate_spreads,Denver Broncos,2.5,1.88
2026-09-14T23:51:04Z,closing,5ad8135dc2b5f27de0b777acd317855a,2026-09-15T00:15:00Z,Kansas City Chiefs,Denver Broncos,fanduel,alternate_spreads,Denver Broncos,1.5,1.98
2026-09-14T23:51:04Z,closing,5ad8135dc2b5f27de0b777acd317855a,2026-09-15T00:15:00Z,Kansas City Chiefs,Denver Broncos,fanduel,alternate_spreads,Denver Broncos,-1.5,2.26
2026-09-14T23:51:04Z,closing,5ad8135dc2b5f27de0b777acd317855a,2026-09-15T00:15:00Z,Kansas City Chiefs,Denver Broncos,fanduel,alternate_spreads,Denver Broncos,-2.5,2.4
2026-09-14T23:51:04Z,closing,5ad8135dc2b5f27de0b777acd317855a,2026-09-15T00:15:00Z,Kansas City Chiefs,Denver Broncos,fanduel,alternate_spreads,Denver Broncos,-3.5,2.8
2026-09-14T23:51:04Z,closing,5ad8135dc2b5f27de0b777acd317855a,2026-09-15T00:15:00Z,Kansas City Chiefs,Denver Broncos,fanduel,alternate_spreads,Denver Broncos,-4.5,3.1
2026-09-14T23:51:04Z,closing,5ad8135dc2b5f27de0b777acd317855a,2026-09-15T00:15:00Z,Kansas City Chiefs,Denver Broncos,fanduel,alternate_spreads,Denver Broncos,-5.5,3.3
2026-09-14T23:51:04Z,closing,5ad8135dc2b5f27de0b777acd317855a,2026-09-15T00:15:00Z,Kansas City Chiefs,Denver Broncos,fanduel,alternate_spreads,Denver Broncos,-6.5,3.65
2026-09-14T23:51:04Z,closing,5ad8135dc2b5f27de0b777acd317855a,2026-09-15T00:15:00Z,Kansas City Chiefs,Denver Broncos,fanduel,alternate_spreads,Denver Broncos,-7.5,4.4
2026-09-14T23:51:04Z,closing,5ad8135dc2b5f27de0b777acd317855a,2026-09-15T00:15:00Z,Kansas City Chiefs,Denver Broncos,fanduel,alternate_spreads,Denver Broncos,-8.5,4.9
2026-09-14T23:51:04Z,closing,5ad8135dc2b5f27de0b777acd317855a,2026-09-15T00:15:00Z,Kansas City Chiefs,Denver Broncos,fanduel,alternate_spreads,Denver Broncos,-9.5,5.2
2026-09-14T23:51:04Z,closing,5ad8135dc2b5f27de0b777acd317855a,2026-09-15T00:15:00Z,Kansas City Chiefs,Denver Broncos,fanduel,alternate_spreads,Denver Broncos,-10.5,5.8
2026-09-14T23:51:04Z,closing,5ad8135dc2b5f27de0b777acd317855a,2026-09-15T00:15:00Z,Kansas City Chiefs,Denver Broncos,fanduel,alternate_spreads,Denver Broncos,-11.5,6.2
2026-09-14T23:51:04Z,closing,5ad8135dc2b5f27de0b777acd317855a,2026-09-15T00:15:00Z,Kansas City Chiefs,Denver Broncos,fanduel,alternate_spreads,Denver Broncos,-12.5,6.6
2026-09-14T23:51:04Z,closing,5ad8135dc2b5f27de0b777acd317855a,2026-09-15T00:15:00Z,Kansas City Chiefs,Denver Broncos,fanduel,alternate_spreads,Denver Broncos,-13.5,7.3
2026-09-14T23:51:04Z,closing,5ad8135dc2b5f27de0b777acd317855a,2026-09-15T00:15:00Z,Kansas City Chiefs,Denver Broncos,fanduel,alternate_spreads,Denver Broncos,-14.5,8.5
2026-09-14T23:51:04Z,closing,5ad8135dc2b5f27de0b777acd317855a,2026-09-15T00:15:00Z,Kansas City Chiefs,Denver Broncos,fanduel,alternate_spreads,Denver Broncos,-15.5,9.3
2026-09-14T23:51:04Z,closing,5ad8135dc2b5f27de0b777acd317855a,2026-09-15T00:15:00Z,Kansas City Chiefs,Denver Broncos,fanduel,alternate_spreads,Denver Broncos,-16.5,10.0
2026-09-14T23:51:04Z,closing,5ad8135dc2b5f27de0b777acd317855a,2026-09-15T00:15:00Z,Kansas City Chiefs,Denver Broncos,fanduel,alternate_spreads,Denver Broncos,-17.5,11.6
2026-09-14T23:51:04Z,closing,5ad8135dc2b5f27de0b777acd317855a,2026-09-15T00:15:00Z,Kansas City Chiefs,Denver Broncos,fanduel,alternate_spreads,Denver Broncos,-18.5,12.0
2026-09-14T23:51:04Z,closing,5ad8135dc2b5f27de0b777acd317855a,2026-09-15T00:15:00Z,Kansas City Chiefs,Denver Broncos,fanduel,alternate_spreads,Denver Broncos,-19.5,13.0
2026-09-14T23:51:04Z,closing,5ad8135dc2b5f27de0b777acd317855a,2026-09-15T00:15:00Z,Kansas City Chiefs,Denver Broncos,fanduel,alternate_spreads,Denver Broncos,-20.5,15.0
2026-09-14T23:51:04Z,closing,5ad8135dc2b5f27de0b777acd317855a,2026-09-15T00:15:00Z,Kansas City Chiefs,Denver Broncos,fanduel,alternate_spreads,Denver Broncos,-21.5,16.0
2026-09-14T23:51:04Z,closing,5ad8135dc2b5f27de0b777acd317855a,2026-09-15T00:15:00Z,Kansas City Chiefs,Denver Broncos,fanduel,alternate_spreads,Denver Broncos,-22.5,18.0
2026-09-14T23:51:04Z,closing,5ad8135dc2b5f27de0b777acd317855a,2026-09-15T00:15:00Z,Kansas City Chiefs,Denver Broncos,fanduel,alternate_spreads,Denver Broncos,-23.5,18.0
2026-09-14T23:51:04Z,closing,5ad8135dc2b5f27de0b777acd317855a,2026-09-15T00:15:00Z,Kansas City Chiefs,Denver Broncos,fanduel,alternate_spreads,Kansas City Chiefs,-28.5,36.0
2026-09-14T23:51:04Z,closing,5ad8135dc2b5f27de0b777acd317855a,2026-09-15T00:15:00Z,Kansas City Chiefs,Denver Broncos,fanduel,alternate_spreads,Kansas City Chiefs,-27.5,31.0
2026-09-14T23:51:04Z,closing,5ad8135dc2b5f27de0b777acd317855a,2026-09-15T00:15:00Z,Kansas City Chiefs,Denver Broncos,fanduel,alternate_spreads,Kansas City Chiefs,-26.5,21.0
2026-09-14T23:51:04Z,closing,5ad8135dc2b5f27de0b777acd317855a,2026-09-15T00:15:00Z,Kansas City Chiefs,Denver Broncos,fanduel,alternate_spreads,Kansas City Chiefs,-25.5,19.0
2026-09-14T23:51:04Z,closing,5ad8135dc2b5f27de0b777acd317855a,2026-09-15T00:15:00Z,Kansas City Chiefs,Denver Broncos,fanduel,alternate_spreads,Kansas City Chiefs,-24.5,18.0
2026-09-14T23:51:04Z,closing,5ad8135dc2b5f27de0b777acd317855a,2026-09-15T00:15:00Z,Kansas City Chiefs,Denver Broncos,fanduel,alternate_spreads,Kansas City Chiefs,-23.5,16.0
2026-09-14T23:51:04Z,closing,5ad8135dc2b5f27de0b777acd317855a,2026-09-15T00:15:00Z,Kansas City Chiefs,Denver Broncos,fanduel,alternate_spreads,Kansas City Chiefs,-22.5,15.0
2026-09-14T23:51:04Z,closing,5ad8135dc2b5f27de0b777acd317855a,2026-09-15T00:15:00Z,Kansas City Chiefs,Denver Broncos,fanduel,alternate_spreads,Kansas City Chiefs,-21.5,14.0
2026-09-14T23:51:04Z,closing,5ad8135dc2b5f27de0b777acd317855a,2026-09-15T00:15:00Z,Kansas City Chiefs,Denver Broncos,fanduel,alternate_spreads,Kansas City Chiefs,-20.5,11.6
2026-09-14T23:51:04Z,closing,5ad8135dc2b5f27de0b777acd317855a,2026-09-15T00:15:00Z,Kansas City Chiefs,Denver Broncos,fanduel,alternate_spreads,Kansas City Chiefs,-19.5,10.0
2026-09-14T23:51:04Z,closing,5ad8135dc2b5f27de0b777acd317855a,2026-09-15T00:15:00Z,Kansas City Chiefs,Denver Broncos,fanduel,alternate_spreads,Kansas City Chiefs,-18.5,10.0
2026-09-14T23:51:04Z,closing,5ad8135dc2b5f27de0b777acd317855a,2026-09-15T00:15:00Z,Kansas City Chiefs,Denver Broncos,fanduel,alternate_spreads,Kansas City Chiefs,-17.5,9.0
2026-09-14T23:51:04Z,closing,5ad8135dc2b5f27de0b777acd317855a,2026-09-15T00:15:00Z,Kansas City Chiefs,Denver Broncos,fanduel,alternate_spreads,Kansas City Chiefs,-16.5,7.8
2026-09-14T23:51:04Z,closing,5ad8135dc2b5f27de0b777acd317855a,2026-09-15T00:15:00Z,Kansas City Chiefs,Denver Broncos,fanduel,alternate_spreads,Kansas City Chiefs,-15.5,7.0
2026-09-14T23:51:04Z,closing,5ad8135dc2b5f27de0b777acd317855a,2026-09-15T00:15:00Z,Kansas City Chiefs,Denver Broncos,fanduel,alternate_spreads,Kansas City Chiefs,-14.5,6.6
2026-09-14T23:51:04Z,closing,5ad8135dc2b5f27de0b777acd317855a,2026-09-15T00:15:00Z,Kansas City Chiefs,Denver Broncos,fanduel,alternate_spreads,Kansas City Chiefs,-13.5,5.7
2026-09-14T23:51:04Z,closing,5ad8135dc2b5f27de0b777acd317855a,2026-09-15T00:15:00Z,Kansas City Chiefs,Denver Broncos,fanduel,alternate_spreads,Kansas City Chiefs,-12.5,5.2
2026-09-14T23:51:04Z,closing,5ad8135dc2b5f27de0b777acd317855a,2026-09-15T00:15:00Z,Kansas City Chiefs,Denver Broncos,fanduel,alternate_spreads,Kansas City Chiefs,-11.5,4.9
2026-09-14T23:51:04Z,closing,5ad8135dc2b5f27de0b777acd317855a,2026-09-15T00:15:00Z,Kansas City Chiefs,Denver Broncos,fanduel,alternate_spreads,Kansas City Chiefs,-10.5,4.5
2026-09-14T23:51:04Z,closing,5ad8135dc2b5f27de0b777acd317855a,2026-09-15T00:15:00Z,Kansas City Chiefs,Denver Broncos,fanduel,alternate_spreads,Kansas City Chiefs,-9.5,4.0
2026-09-14T23:51:04Z,closing,5ad8135dc2b5f27de0b777acd317855a,2026-09-15T00:15:00Z,Kansas City Chiefs,Denver Broncos,fanduel,alternate_spreads,Kansas City Chiefs,-8.5,3.85
2026-09-14T23:51:04Z,closing,5ad8135dc2b5f27de0b777acd317855a,2026-09-15T00:15:00Z,Kansas City Chiefs,Denver Broncos,fanduel,alternate_spreads,Kansas City Chiefs,-7.5,3.5
2026-09-14T23:51:04Z,closing,5ad8135dc2b5f27de0b777acd317855a,2026-09-15T00:15:00Z,Kansas City Chiefs,Denver Broncos,fanduel,alternate_spreads,Kansas City Chiefs,-6.5,2.96
2026-09-14T23:51:04Z,closing,5ad8135dc2b5f27de0b777acd317855a,2026-09-15T00:15:00Z,Kansas City Chiefs,Denver Broncos,fanduel,alternate_spreads,Kansas City Chiefs,-5.5,2.62
2026-09-14T23:51:04Z,closing,5ad8135dc2b5f27de0b777acd317855a,2026-09-15T00:15:00Z,Kansas City Chiefs,Denver Broncos,fanduel,alternate_spreads,Kansas City Chiefs,-4.5,2.46
2026-09-14T23:51:04Z,closing,5ad8135dc2b5f27de0b777acd317855a,2026-09-15T00:15:00Z,Kansas City Chiefs,Denver Broncos,fanduel,alternate_spreads,Kansas City Chiefs,-3.5,2.28
2026-09-14T23:51:04Z,closing,5ad8135dc2b5f27de0b777acd317855a,2026-09-15T00:15:00Z,Kansas City Chiefs,Denver Broncos,fanduel,alternate_spreads,Kansas City Chiefs,-2.5,1.88
2026-09-14T23:51:04Z,closing,5ad8135dc2b5f27de0b777acd317855a,2026-09-15T00:15:00Z,Kansas City Chiefs,Denver Broncos,fanduel,alternate_spreads,Kansas City Chiefs,-1.5,1.8
2026-09-14T23:51:04Z,closing,5ad8135dc2b5f27de0b777acd317855a,2026-09-15T00:15:00Z,Kansas City Chiefs,Denver Broncos,fanduel,alternate_spreads,Kansas City Chiefs,1.5,1.62
2026-09-14T23:51:04Z,closing,5ad8135dc2b5f27de0b777acd317855a,2026-09-15T00:15:00Z,Kansas City Chiefs,Denver Broncos,fanduel,alternate_spreads,Kansas City Chiefs,2.5,1.56
2026-09-14T23:51:04Z,closing,5ad8135dc2b5f27de0b777acd317855a,2026-09-15T00:15:00Z,Kansas City Chiefs,Denver Broncos,fanduel,alternate_spreads,Kansas City Chiefs,3.5,1.43
2026-09-14T23:51:04Z,closing,5ad8135dc2b5f27de0b777acd317855a,2026-09-15T00:15:00Z,Kansas City Chiefs,Denver Broncos,fanduel,alternate_spreads,Kansas City Chiefs,4.5,1.36
2026-09-14T23:51:04Z,closing,5ad8135dc2b5f27de0b777acd317855a,2026-09-15T00:15:00Z,Kansas City Chiefs,Denver Broncos,fanduel,alternate_spreads,Kansas City Chiefs,5.5,1.32
2026-09-14T23:51:04Z,closing,5ad8135dc2b5f27de0b777acd317855a,2026-09-15T00:15:00Z,Kansas City Chiefs,Denver Broncos,fanduel,alternate_spreads,Kansas City Chiefs,6.5,1.27
2026-09-14T23:51:04Z,closing,5ad8135dc2b5f27de0b777acd317855a,2026-09-15T00:15:00Z,Kansas City Chiefs,Denver Broncos,fanduel,alternate_spreads,Kansas City Chiefs,7.5,1.2
2026-09-14T23:51:04Z,closing,5ad8135dc2b5f27de0b777acd317855a,2026-09-15T00:15:00Z,Kansas City Chiefs,Denver Broncos,fanduel,alternate_spreads,Kansas City Chiefs,8.5,1.17
2026-09-14T23:51:04Z,closing,5ad8135dc2b5f27de0b777acd317855a,2026-09-15T00:15:00Z,Kansas City Chiefs,Denver Broncos,fanduel,alternate_spreads,Kansas City Chiefs,9.5,1.15
2026-09-14T23:51:04Z,closing,5ad8135dc2b5f27de0b777acd317855a,2026-09-15T00:15:00Z,Kansas City Chiefs,Denver Broncos,fanduel,alternate_spreads,Kansas City Chiefs,10.5,1.12
2026-09-14T23:51:04Z,closing,5ad8135dc2b5f27de0b777acd317855a,2026-09-15T00:15:00Z,Kansas City Chiefs,Denver Broncos,fanduel,alternate_spreads,Kansas City Chiefs,11.5,1.11
2026-09-14T23:51:04Z,closing,5ad8135dc2b5f27de0b777acd317855a,2026-09-15T00:15:00Z,Kansas City Chiefs,Denver Broncos,fanduel,alternate_spreads,Kansas City Chiefs,12.5,1.1
2026-09-14T23:51:04Z,closing,5ad8135dc2b5f27de0b777acd317855a,2026-09-15T00:15:00Z,Kansas City Chiefs,Denver Broncos,fanduel,alternate_spreads,Kansas City Chiefs,13.5,1.08
2026-09-14T23:51:04Z,closing,5ad8135dc2b5f27de0b777acd317855a,2026-09-15T00:15:00Z,Kansas City Chiefs,Denver Broncos,fanduel,alternate_spreads,Kansas City Chiefs,14.5,1.06
2026-09-14T23:51:04Z,closing,5ad8135dc2b5f27de0b777acd317855a,2026-09-15T00:15:00Z,Kansas City Chiefs,Denver Broncos,fanduel,alternate_spreads,Kansas City Chiefs,15.5,1.05
2026-09-14T23:51:04Z,closing,5ad8135dc2b5f27de0b777acd317855a,2026-09-15T00:15:00Z,Kansas City Chiefs,Denver Broncos,fanduel,alternate_spreads,Kansas City Chiefs,16.5,1.04
2026-09-14T23:51:04Z,closing,5ad8135dc2b5f27de0b777acd317855a,2026-09-15T00:15:00Z,Kansas City Chiefs,Denver Broncos,fanduel,alternate_spreads,Kansas City Chiefs,17.5,1.03
2026-09-14T23:51:04Z,closing,5ad8135dc2b5f27de0b777acd317855a,2026-09-15T00:15:00Z,Kansas City Chiefs,Denver Broncos,fanduel,alternate_spreads,Kansas City Chiefs,18.5,1.02
2026-09-14T23:51:04Z,closing,5ad8135dc2b5f27de0b777acd317855a,2026-09-15T00:15:00Z,Kansas City Chiefs,Denver Broncos,fanduel,alternate_spreads,Kansas City Chiefs,19.5,1.02
2026-09-14T23:51:04Z,closing,5ad8135dc2b5f27de0b777acd317855a,2026-09-15T00:15:00Z,Kansas City Chiefs,Denver Broncos,fanduel,alternate_spreads,Kansas City Chiefs,20.5,1.02
2026-09-14T23:51:04Z,closing,5ad8135dc2b5f27de0b777acd317855a,2026-09-15T00:15:00Z,Kansas City Chiefs,Denver Broncos,fanduel,alternate_spreads,Kansas City Chiefs,21.5,1.01
2026-09-14T23:51:04Z,closing,5ad8135dc2b5f27de0b777acd317855a,2026-09-15T00:15:00Z,Kansas City Chiefs,Denver Broncos,fanduel,alternate_spreads,Kansas City Chiefs,22.5,1.01
2026-09-14T23:51:04Z,closing,5ad8135dc2b5f27de0b777acd317855a,2026-09-15T00:15:00Z,Kansas City Chiefs,Denver Broncos,fanduel,alternate_spreads,Kansas City Chiefs,23.5,1.01
2026-09-14T23:51:04Z,closing,5ad8135dc2b5f27de0b777acd317855a,2026-09-15T00:15:00Z,Kansas City Chiefs,Denver Broncos,fanduel,alternate_totals,Over,16.5,1.0
2026-09-14T23:51:04Z,closing,5ad8135dc2b5f27de0b777acd317855a,2026-09-15T00:15:00Z,Kansas City Chiefs,Denver Broncos,fanduel,alternate_totals,Over,17.5,1.0
2026-09-14T23:51:04Z,closing,5ad8135dc2b5f27de0b777acd317855a,2026-09-15T00:15:00Z,Kansas City Chiefs,Denver Broncos,fanduel,alternate_totals,Over,18.5,1.0
2026-09-14T23:51:04Z,closing,5ad8135dc2b5f27de0b777acd317855a,2026-09-15T00:15:00Z,Kansas City Chiefs,Denver Broncos,fanduel,alternate_totals,Over,19.5,1.0
2026-09-14T23:51:04Z,closing,5ad8135dc2b5f27de0b777acd317855a,2026-09-15T00:15:00Z,Kansas City Chiefs,Denver Broncos,fanduel,alternate_totals,Over,20.5,1.01
2026-09-14T23:51:04Z,closing,5ad8135dc2b5f27de0b777acd317855a,2026-09-15T00:15:00Z,Kansas City Chiefs,Denver Broncos,fanduel,alternate_totals,Over,21.5,1.01
2026-09-14T23:51:04Z,closing,5ad8135dc2b5f27de0b777acd317855a,2026-09-15T00:15:00Z,Kansas City Chiefs,Denver Broncos,fanduel,alternate_totals,Over,22.5,1.02
2026-09-14T23:51:04Z,closing,5ad8135dc2b5f27de0b777acd317855a,2026-09-15T00:15:00Z,Kansas City Chiefs,Denver Broncos,fanduel,alternate_totals,Over,23.5,1.02
2026-09-14T23:51:04Z,closing,5ad8135dc2b5f27de0b777acd317855a,2026-09-15T00:15:00Z,Kansas City Chiefs,Denver Broncos,fanduel,alternate_totals,Over,24.5,1.03
2026-09-14T23:51:04Z,closing,5ad8135dc2b5f27de0b777acd317855a,2026-09-15T00:15:00Z,Kansas City Chiefs,Denver Broncos,fanduel,alternate_totals,Over,25.5,1.04
2026-09-14T23:51:04Z,closing,5ad8135dc2b5f27de0b777acd317855a,2026-09-15T00:15:00Z,Kansas City Chiefs,Denver Broncos,fanduel,alternate_totals,Over,26.5,1.06
2026-09-14T23:51:04Z,closing,5ad8135dc2b5f27de0b777acd317855a,2026-09-15T00:15:00Z,Kansas City Chiefs,Denver Broncos,fanduel,alternate_totals,Over,27.5,1.08
2026-09-14T23:51:04Z,closing,5ad8135dc2b5f27de0b777acd317855a,2026-09-15T00:15:00Z,Kansas City Chiefs,Denver Broncos,fanduel,alternate_totals,Over,28.5,1.09
2026-09-14T23:51:04Z,closing,5ad8135dc2b5f27de0b777acd317855a,2026-09-15T00:15:00Z,Kansas City Chiefs,Denver Broncos,fanduel,alternate_totals,Over,29.5,1.11
2026-09-14T23:51:04Z,closing,5ad8135dc2b5f27de0b777acd317855a,2026-09-15T00:15:00Z,Kansas City Chiefs,Denver Broncos,fanduel,alternate_totals,Over,30.5,1.15
2026-09-14T23:51:04Z,closing,5ad8135dc2b5f27de0b777acd317855a,2026-09-15T00:15:00Z,Kansas City Chiefs,Denver Broncos,fanduel,alternate_totals,Over,31.5,1.17
2026-09-14T23:51:04Z,closing,5ad8135dc2b5f27de0b777acd317855a,2026-09-15T00:15:00Z,Kansas City Chiefs,Denver Broncos,fanduel,alternate_totals,Over,32.5,1.2
2026-09-14T23:51:04Z,closing,5ad8135dc2b5f27de0b777acd317855a,2026-09-15T00:15:00Z,Kansas City Chiefs,Denver Broncos,fanduel,alternate_totals,Over,33.5,1.25
2026-09-14T23:51:04Z,closing,5ad8135dc2b5f27de0b777acd317855a,2026-09-15T00:15:00Z,Kansas City Chiefs,Denver Broncos,fanduel,alternate_totals,Over,34.5,1.29
2026-09-14T23:51:04Z,closing,5ad8135dc2b5f27de0b777acd317855a,2026-09-15T00:15:00Z,Kansas City Chiefs,Denver Broncos,fanduel,alternate_totals,Over,35.5,1.32
2026-09-14T23:51:04Z,closing,5ad8135dc2b5f27de0b777acd317855a,2026-09-15T00:15:00Z,Kansas City Chiefs,Denver Broncos,fanduel,alternate_totals,Over,36.5,1.38
2026-09-14T23:51:04Z,closing,5ad8135dc2b5f27de0b777acd317855a,2026-09-15T00:15:00Z,Kansas City Chiefs,Denver Broncos,fanduel,alternate_totals,Over,37.5,1.47
2026-09-14T23:51:04Z,closing,5ad8135dc2b5f27de0b777acd317855a,2026-09-15T00:15:00Z,Kansas City Chiefs,Denver Broncos,fanduel,alternate_totals,Over,38.5,1.52
2026-09-14T23:51:04Z,closing,5ad8135dc2b5f27de0b777acd317855a,2026-09-15T00:15:00Z,Kansas City Chiefs,Denver Broncos,fanduel,alternate_totals,Over,39.5,1.58
2026-09-14T23:51:04Z,closing,5ad8135dc2b5f27de0b777acd317855a,2026-09-15T00:15:00Z,Kansas City Chiefs,Denver Broncos,fanduel,alternate_totals,Over,40.5,1.68
2026-09-14T23:51:04Z,closing,5ad8135dc2b5f27de0b777acd317855a,2026-09-15T00:15:00Z,Kansas City Chiefs,Denver Broncos,fanduel,alternate_totals,Over,41.5,1.8
2026-09-14T23:51:04Z,closing,5ad8135dc2b5f27de0b777acd317855a,2026-09-15T00:15:00Z,Kansas City Chiefs,Denver Broncos,fanduel,alternate_totals,Over,42.5,1.88
2026-09-14T23:51:04Z,closing,5ad8135dc2b5f27de0b777acd317855a,2026-09-15T00:15:00Z,Kansas City Chiefs,Denver Broncos,fanduel,alternate_totals,Over,43.5,2.02
2026-09-14T23:51:04Z,closing,5ad8135dc2b5f27de0b777acd317855a,2026-09-15T00:15:00Z,Kansas City Chiefs,Denver Broncos,fanduel,alternate_totals,Over,44.5,2.2
2026-09-14T23:51:04Z,closing,5ad8135dc2b5f27de0b777acd317855a,2026-09-15T00:15:00Z,Kansas City Chiefs,Denver Broncos,fanduel,alternate_totals,Over,45.5,2.34
2026-09-14T23:51:04Z,closing,5ad8135dc2b5f27de0b777acd317855a,2026-09-15T00:15:00Z,Kansas City Chiefs,Denver Broncos,fanduel,alternate_totals,Over,46.5,2.46
2026-09-14T23:51:04Z,closing,5ad8135dc2b5f27de0b777acd317855a,2026-09-15T00:15:00Z,Kansas City Chiefs,Denver Broncos,fanduel,alternate_totals,Over,47.5,2.76
2026-09-14T23:51:04Z,closing,5ad8135dc2b5f27de0b777acd317855a,2026-09-15T00:15:00Z,Kansas City Chiefs,Denver Broncos,fanduel,alternate_totals,Over,48.5,3.0
2026-09-14T23:51:04Z,closing,5ad8135dc2b5f27de0b777acd317855a,2026-09-15T00:15:00Z,Kansas City Chiefs,Denver Broncos,fanduel,alternate_totals,Over,49.5,3.2
2026-09-14T23:51:04Z,closing,5ad8135dc2b5f27de0b777acd317855a,2026-09-15T00:15:00Z,Kansas City Chiefs,Denver Broncos,fanduel,alternate_totals,Over,50.5,3.5
2026-09-14T23:51:04Z,closing,5ad8135dc2b5f27de0b777acd317855a,2026-09-15T00:15:00Z,Kansas City Chiefs,Denver Broncos,fanduel,alternate_totals,Over,51.5,3.85
2026-09-14T23:51:04Z,closing,5ad8135dc2b5f27de0b777acd317855a,2026-09-15T00:15:00Z,Kansas City Chiefs,Denver Broncos,fanduel,alternate_totals,Over,52.5,4.1
2026-09-14T23:51:04Z,closing,5ad8135dc2b5f27de0b777acd317855a,2026-09-15T00:15:00Z,Kansas City Chiefs,Denver Broncos,fanduel,alternate_totals,Over,53.5,4.5
2026-09-14T23:51:04Z,closing,5ad8135dc2b5f27de0b777acd317855a,2026-09-15T00:15:00Z,Kansas City Chiefs,Denver Broncos,fanduel,alternate_totals,Over,54.5,5.0
2026-09-14T23:51:04Z,closing,5ad8135dc2b5f27de0b777acd317855a,2026-09-15T00:15:00Z,Kansas City Chiefs,Denver Broncos,fanduel,alternate_totals,Over,55.5,5.5
2026-09-14T23:51:04Z,closing,5ad8135dc2b5f27de0b777acd317855a,2026-09-15T00:15:00Z,Kansas City Chiefs,Denver Broncos,fanduel,alternate_totals,Over,56.5,5.8
2026-09-14T23:51:04Z,closing,5ad8135dc2b5f27de0b777acd317855a,2026-09-15T00:15:00Z,Kansas City Chiefs,Denver Broncos,fanduel,alternate_totals,Over,57.5,6.6
2026-09-14T23:51:04Z,closing,5ad8135dc2b5f27de0b777acd317855a,2026-09-15T00:15:00Z,Kansas City Chiefs,Denver Broncos,fanduel,alternate_totals,Over,58.5,7.3
2026-09-14T23:51:04Z,closing,5ad8135dc2b5f27de0b777acd317855a,2026-09-15T00:15:00Z,Kansas City Chiefs,Denver Broncos,fanduel,alternate_totals,Over,59.5,8.5
2026-09-14T23:51:04Z,closing,5ad8135dc2b5f27de0b777acd317855a,2026-09-15T00:15:00Z,Kansas City Chiefs,Denver Broncos,fanduel,alternate_totals,Over,60.5,9.0
2026-09-14T23:51:04Z,closing,5ad8135dc2b5f27de0b777acd317855a,2026-09-15T00:15:00Z,Kansas City Chiefs,Denver Broncos,fanduel,alternate_totals,Over,61.5,10.0
2026-09-14T23:51:04Z,closing,5ad8135dc2b5f27de0b777acd317855a,2026-09-15T00:15:00Z,Kansas City Chiefs,Denver Broncos,fanduel,alternate_totals,Over,62.5,11.0
2026-09-14T23:51:04Z,closing,5ad8135dc2b5f27de0b777acd317855a,2026-09-15T00:15:00Z,Kansas City Chiefs,Denver Broncos,fanduel,alternate_totals,Over,63.5,11.6
2026-09-14T23:51:04Z,closing,5ad8135dc2b5f27de0b777acd317855a,2026-09-15T00:15:00Z,Kansas City Chiefs,Denver Broncos,fanduel,alternate_totals,Over,64.5,12.0
2026-09-14T23:51:04Z,closing,5ad8135dc2b5f27de0b777acd317855a,2026-09-15T00:15:00Z,Kansas City Chiefs,Denver Broncos,fanduel,alternate_totals,Over,65.5,14.0
2026-09-14T23:51:04Z,closing,5ad8135dc2b5f27de0b777acd317855a,2026-09-15T00:15:00Z,Kansas City Chiefs,Denver Broncos,fanduel,alternate_totals,Over,66.5,15.0
2026-09-14T23:51:04Z,closing,5ad8135dc2b5f27de0b777acd317855a,2026-09-15T00:15:00Z,Kansas City Chiefs,Denver Broncos,fanduel,alternate_totals,Over,67.5,16.0
2026-09-14T23:51:04Z,closing,5ad8135dc2b5f27de0b777acd317855a,2026-09-15T00:15:00Z,Kansas City Chiefs,Denver Broncos,fanduel,alternate_totals,Over,68.5,18.0
2026-09-14T23:51:04Z,closing,5ad8135dc2b5f27de0b777acd317855a,2026-09-15T00:15:00Z,Kansas City Chiefs,Denver Broncos,fanduel,alternate_totals,Over,69.5,19.0
2026-09-14T23:51:04Z,closing,5ad8135dc2b5f27de0b777acd317855a,2026-09-15T00:15:00Z,Kansas City Chiefs,Denver Broncos,fanduel,alternate_totals,Over,70.5,21.0
2026-09-14T23:51:04Z,closing,5ad8135dc2b5f27de0b777acd317855a,2026-09-15T00:15:00Z,Kansas City Chiefs,Denver Broncos,fanduel,alternate_totals,Over,71.5,26.0
2026-09-14T23:51:04Z,closing,5ad8135dc2b5f27de0b777acd317855a,2026-09-15T00:15:00Z,Kansas City Chiefs,Denver Broncos,fanduel,alternate_totals,Over,72.5,31.0
2026-09-14T23:51:04Z,closing,5ad8135dc2b5f27de0b777acd317855a,2026-09-15T00:15:00Z,Kansas City Chiefs,Denver Broncos,fanduel,alternate_totals,Over,73.5,36.0
2026-09-14T23:51:04Z,closing,5ad8135dc2b5f27de0b777acd317855a,2026-09-15T00:15:00Z,Kansas City Chiefs,Denver Broncos,fanduel,alternate_totals,Under,17.5,36.0
2026-09-14T23:51:04Z,closing,5ad8135dc2b5f27de0b777acd317855a,2026-09-15T00:15:00Z,Kansas City Chiefs,Denver Broncos,fanduel,alternate_totals,Under,18.5,31.0
2026-09-14T23:51:04Z,closing,5ad8135dc2b5f27de0b777acd317855a,2026-09-15T00:15:00Z,Kansas City Chiefs,Denver Broncos,fanduel,alternate_totals,Under,19.5,21.0
2026-09-14T23:51:04Z,closing,5ad8135dc2b5f27de0b777acd317855a,2026-09-15T00:15:00Z,Kansas City Chiefs,Denver Broncos,fanduel,alternate_totals,Under,20.5,18.0
2026-09-14T23:51:04Z,closing,5ad8135dc2b5f27de0b777acd317855a,2026-09-15T00:15:00Z,Kansas City Chiefs,Denver Broncos,fanduel,alternate_totals,Under,21.5,16.0
2026-09-14T23:51:04Z,closing,5ad8135dc2b5f27de0b777acd317855a,2026-09-15T00:15:00Z,Kansas City Chiefs,Denver Broncos,fanduel,alternate_totals,Under,22.5,15.0
2026-09-14T23:51:04Z,closing,5ad8135dc2b5f27de0b777acd317855a,2026-09-15T00:15:00Z,Kansas City Chiefs,Denver Broncos,fanduel,alternate_totals,Under,23.5,12.0
2026-09-14T23:51:04Z,closing,5ad8135dc2b5f27de0b777acd317855a,2026-09-15T00:15:00Z,Kansas City Chiefs,Denver Broncos,fanduel,alternate_totals,Under,24.5,11.6
2026-09-14T23:51:04Z,closing,5ad8135dc2b5f27de0b777acd317855a,2026-09-15T00:15:00Z,Kansas City Chiefs,Denver Broncos,fanduel,alternate_totals,Under,25.5,10.0
2026-09-14T23:51:04Z,closing,5ad8135dc2b5f27de0b777acd317855a,2026-09-15T00:15:00Z,Kansas City Chiefs,Denver Broncos,fanduel,alternate_totals,Under,26.5,9.0
2026-09-14T23:51:04Z,closing,5ad8135dc2b5f27de0b777acd317855a,2026-09-15T00:15:00Z,Kansas City Chiefs,Denver Broncos,fanduel,alternate_totals,Under,27.5,7.3
2026-09-14T23:51:04Z,closing,5ad8135dc2b5f27de0b777acd317855a,2026-09-15T00:15:00Z,Kansas City Chiefs,Denver Broncos,fanduel,alternate_totals,Under,28.5,7.0
2026-09-14T23:51:04Z,closing,5ad8135dc2b5f27de0b777acd317855a,2026-09-15T00:15:00Z,Kansas City Chiefs,Denver Broncos,fanduel,alternate_totals,Under,29.5,6.2
2026-09-14T23:51:04Z,closing,5ad8135dc2b5f27de0b777acd317855a,2026-09-15T00:15:00Z,Kansas City Chiefs,Denver Broncos,fanduel,alternate_totals,Under,30.5,5.3
2026-09-14T23:51:04Z,closing,5ad8135dc2b5f27de0b777acd317855a,2026-09-15T00:15:00Z,Kansas City Chiefs,Denver Broncos,fanduel,alternate_totals,Under,31.5,4.9
2026-09-14T23:51:04Z,closing,5ad8135dc2b5f27de0b777acd317855a,2026-09-15T00:15:00Z,Kansas City Chiefs,Denver Broncos,fanduel,alternate_totals,Under,32.5,4.4
2026-09-14T23:51:04Z,closing,5ad8135dc2b5f27de0b777acd317855a,2026-09-15T00:15:00Z,Kansas City Chiefs,Denver Broncos,fanduel,alternate_totals,Under,33.5,3.85
2026-09-14T23:51:04Z,closing,5ad8135dc2b5f27de0b777acd317855a,2026-09-15T00:15:00Z,Kansas City Chiefs,Denver Broncos,fanduel,alternate_totals,Under,34.5,3.55
2026-09-14T23:51:04Z,closing,5ad8135dc2b5f27de0b777acd317855a,2026-09-15T00:15:00Z,Kansas City Chiefs,Denver Broncos,fanduel,alternate_totals,Under,35.5,3.3
2026-09-14T23:51:04Z,closing,5ad8135dc2b5f27de0b777acd317855a,2026-09-15T00:15:00Z,Kansas City Chiefs,Denver Broncos,fanduel,alternate_totals,Under,36.5,3.0
2026-09-14T23:51:04Z,closing,5ad8135dc2b5f27de0b777acd317855a,2026-09-15T00:15:00Z,Kansas City Chiefs,Denver Broncos,fanduel,alternate_totals,Under,37.5,2.64
2026-09-14T23:51:04Z,closing,5ad8135dc2b5f27de0b777acd317855a,2026-09-15T00:15:00Z,Kansas City Chiefs,Denver Broncos,fanduel,alternate_totals,Under,38.5,2.5
2026-09-14T23:51:04Z,closing,5ad8135dc2b5f27de0b777acd317855a,2026-09-15T00:15:00Z,Kansas City Chiefs,Denver Broncos,fanduel,alternate_totals,Under,39.5,2.34
2026-09-14T23:51:04Z,closing,5ad8135dc2b5f27de0b777acd317855a,2026-09-15T00:15:00Z,Kansas City Chiefs,Denver Broncos,fanduel,alternate_totals,Under,40.5,2.14
2026-09-14T23:51:04Z,closing,5ad8135dc2b5f27de0b777acd317855a,2026-09-15T00:15:00Z,Kansas City Chiefs,Denver Broncos,fanduel,alternate_totals,Under,41.5,1.98
2026-09-14T23:51:04Z,closing,5ad8135dc2b5f27de0b777acd317855a,2026-09-15T00:15:00Z,Kansas City Chiefs,Denver Broncos,fanduel,alternate_totals,Under,42.5,1.88
2026-09-14T23:51:04Z,closing,5ad8135dc2b5f27de0b777acd317855a,2026-09-15T00:15:00Z,Kansas City Chiefs,Denver Broncos,fanduel,alternate_totals,Under,43.5,1.77
2026-09-14T23:51:04Z,closing,5ad8135dc2b5f27de0b777acd317855a,2026-09-15T00:15:00Z,Kansas City Chiefs,Denver Broncos,fanduel,alternate_totals,Under,44.5,1.65
2026-09-14T23:51:04Z,closing,5ad8135dc2b5f27de0b777acd317855a,2026-09-15T00:15:00Z,Kansas City Chiefs,Denver Broncos,fanduel,alternate_totals,Under,45.5,1.58
2026-09-14T23:51:04Z,closing,5ad8135dc2b5f27de0b777acd317855a,2026-09-15T00:15:00Z,Kansas City Chiefs,Denver Broncos,fanduel,alternate_totals,Under,46.5,1.53
2026-09-14T23:51:04Z,closing,5ad8135dc2b5f27de0b777acd317855a,2026-09-15T00:15:00Z,Kansas City Chiefs,Denver Broncos,fanduel,alternate_totals,Under,47.5,1.43
2026-09-14T23:51:04Z,closing,5ad8135dc2b5f27de0b777acd317855a,2026-09-15T00:15:00Z,Kansas City Chiefs,Denver Broncos,fanduel,alternate_totals,Under,48.5,1.38
2026-09-14T23:51:04Z,closing,5ad8135dc2b5f27de0b777acd317855a,2026-09-15T00:15:00Z,Kansas City Chiefs,Denver Broncos,fanduel,alternate_totals,Under,49.5,1.34
2026-09-14T23:51:04Z,closing,5ad8135dc2b5f27de0b777acd317855a,2026-09-15T00:15:00Z,Kansas City Chiefs,Denver Broncos,fanduel,alternate_totals,Under,50.5,1.29
2026-09-14T23:51:04Z,closing,5ad8135dc2b5f27de0b777acd317855a,2026-09-15T00:15:00Z,Kansas City Chiefs,Denver Broncos,fanduel,alternate_totals,Under,51.5,1.25
2026-09-14T23:51:04Z,closing,5ad8135dc2b5f27de0b777acd317855a,2026-09-15T00:15:00Z,Kansas City Chiefs,Denver Broncos,fanduel,alternate_totals,Under,52.5,1.23
2026-09-14T23:51:04Z,closing,5ad8135dc2b5f27de0b777acd317855a,2026-09-15T00:15:00Z,Kansas City Chiefs,Denver Broncos,fanduel,alternate_totals,Under,53.5,1.19
2026-09-14T23:51:04Z,closing,5ad8135dc2b5f27de0b777acd317855a,2026-09-15T00:15:00Z,Kansas City Chiefs,Denver Broncos,fanduel,alternate_totals,Under,54.5,1.16
2026-09-14T23:51:04Z,closing,5ad8135dc2b5f27de0b777acd317855a,2026-09-15T00:15:00Z,Kansas City Chiefs,Denver Broncos,fanduel,alternate_totals,Under,55.5,1.14
2026-09-14T23:51:04Z,closing,5ad8135dc2b5f27de0b777acd317855a,2026-09-15T00:15:00Z,Kansas City Chiefs,Denver Broncos,fanduel,alternate_totals,Under,56.5,1.12
2026-09-14T23:51:04Z,closing,5ad8135dc2b5f27de0b777acd317855a,2026-09-15T00:15:00Z,Kansas City Chiefs,Denver Broncos,fanduel,alternate_totals,Under,57.5,1.1
2026-09-14T23:51:04Z,closing,5ad8135dc2b5f27de0b777acd317855a,2026-09-15T00:15:00Z,Kansas City Chiefs,Denver Broncos,fanduel,alternate_totals,Under,58.5,1.08
2026-09-14T23:51:04Z,closing,5ad8135dc2b5f27de0b777acd317855a,2026-09-15T00:15:00Z,Kansas City Chiefs,Denver Broncos,fanduel,alternate_totals,Under,59.5,1.06
2026-09-14T23:51:04Z,closing,5ad8135dc2b5f27de0b777acd317855a,2026-09-15T00:15:00Z,Kansas City Chiefs,Denver Broncos,fanduel,alternate_totals,Under,60.5,1.06
2026-09-14T23:51:04Z,closing,5ad8135dc2b5f27de0b777acd317855a,2026-09-15T00:15:00Z,Kansas City Chiefs,Denver Broncos,fanduel,alternate_totals,Under,61.5,1.04
2026-09-14T23:51:04Z,closing,5ad8135dc2b5f27de0b777acd317855a,2026-09-15T00:15:00Z,Kansas City Chiefs,Denver Broncos,fanduel,alternate_totals,Under,62.5,1.03
2026-09-14T23:51:04Z,closing,5ad8135dc2b5f27de0b777acd317855a,2026-09-15T00:15:00Z,Kansas City Chiefs,Denver Broncos,fanduel,alternate_totals,Under,63.5,1.03
2026-09-14T23:51:04Z,closing,5ad8135dc2b5f27de0b777acd317855a,2026-09-15T00:15:00Z,Kansas City Chiefs,Denver Broncos,fanduel,alternate_totals,Under,64.5,1.02
2026-09-14T23:51:04Z,closing,5ad8135dc2b5f27de0b777acd317855a,2026-09-15T00:15:00Z,Kansas City Chiefs,Denver Broncos,fanduel,alternate_totals,Under,65.5,1.02
2026-09-14T23:51:04Z,closing,5ad8135dc2b5f27de0b777acd317855a,2026-09-15T00:15:00Z,Kansas City Chiefs,Denver Broncos,fanduel,alternate_totals,Under,66.5,1.02
2026-09-14T23:51:04Z,closing,5ad8135dc2b5f27de0b777acd317855a,2026-09-15T00:15:00Z,Kansas City Chiefs,Denver Broncos,fanduel,alternate_totals,Under,67.5,1.01
2026-09-14T23:51:04Z,closing,5ad8135dc2b5f27de0b777acd317855a,2026-09-15T00:15:00Z,Kansas City Chiefs,Denver Broncos,fanduel,alternate_totals,Under,68.5,1.01
2026-09-14T23:51:04Z,closing,5ad8135dc2b5f27de0b777acd317855a,2026-09-15T00:15:00Z,Kansas City Chiefs,Denver Broncos,fanduel,alternate_totals,Under,69.5,1.01
2026-09-14T23:51:04Z,closing,5ad8135dc2b5f27de0b777acd317855a,2026-09-15T00:15:00Z,Kansas City Chiefs,Denver Broncos,fanduel,alternate_totals,Under,70.5,1.0
2026-09-14T23:51:04Z,closing,5ad8135dc2b5f27de0b777acd317855a,2026-09-15T00:15:00Z,Kansas City Chiefs,Denver Broncos,fanduel,alternate_totals,Under,71.5,1.0
2026-09-14T23:51:04Z,closing,5ad8135dc2b5f27de0b777acd317855a,2026-09-15T00:15:00Z,Kansas City Chiefs,Denver Broncos,fanduel,alternate_totals,Under,72.5,1.0
2026-09-14T23:51:04Z,closing,5ad8135dc2b5f27de0b777acd317855a,2026-09-15T00:15:00Z,Kansas City Chiefs,Denver Broncos,fanduel,alternate_totals,Under,73.5,1.0
2026-09-14T23:51:04Z,closing,5ad8135dc2b5f27de0b777acd317855a,2026-09-15T00:15:00Z,Kansas City Chiefs,Denver Broncos,betmgm,alternate_spreads,Denver Broncos,3.0,1.69
2026-09-14T23:51:04Z,closing,5ad8135dc2b5f27de0b777acd317855a,2026-09-15T00:15:00Z,Kansas City Chiefs,Denver Broncos,betmgm,alternate_spreads,Denver Broncos,2.5,1.83
2026-09-14T23:51:04Z,closing,5ad8135dc2b5f27de0b777acd317855a,2026-09-15T00:15:00Z,Kansas City Chiefs,Denver Broncos,betmgm,alternate_spreads,Denver Broncos,3.5,1.61
2026-09-14T23:51:04Z,closing,5ad8135dc2b5f27de0b777acd317855a,2026-09-15T00:15:00Z,Kansas City Chiefs,Denver Broncos,betmgm,alternate_spreads,Denver Broncos,1.5,1.91
2026-09-14T23:51:04Z,closing,5ad8135dc2b5f27de0b777acd317855a,2026-09-15T00:15:00Z,Kansas City Chiefs,Denver Broncos,betmgm,alternate_spreads,Denver Broncos,2.0,1.95
2026-09-14T23:51:04Z,closing,5ad8135dc2b5f27de0b777acd317855a,2026-09-15T00:15:00Z,Kansas City Chiefs,Denver Broncos,betmgm,alternate_spreads,Denver Broncos,4.5,1.53
2026-09-14T23:51:04Z,closing,5ad8135dc2b5f27de0b777acd317855a,2026-09-15T00:15:00Z,Kansas City Chiefs,Denver Broncos,betmgm,alternate_spreads,Denver Broncos,4.0,1.54
2026-09-14T23:51:04Z,closing,5ad8135dc2b5f27de0b777acd317855a,2026-09-15T00:15:00Z,Kansas City Chiefs,Denver Broncos,betmgm,alternate_spreads,Denver Broncos,1.0,1.98
2026-09-14T23:51:04Z,closing,5ad8135dc2b5f27de0b777acd317855a,2026-09-15T00:15:00Z,Kansas City Chiefs,Denver Broncos,betmgm,alternate_spreads,Denver Broncos,5.0,1.48
2026-09-14T23:51:04Z,closing,5ad8135dc2b5f27de0b777acd317855a,2026-09-15T00:15:00Z,Kansas City Chiefs,Denver Broncos,betmgm,alternate_spreads,Denver Broncos,5.5,1.48
2026-09-14T23:51:04Z,closing,5ad8135dc2b5f27de0b777acd317855a,2026-09-15T00:15:00Z,Kansas City Chiefs,Denver Broncos,betmgm,alternate_spreads,Denver Broncos,6.0,1.43
2026-09-14T23:51:04Z,closing,5ad8135dc2b5f27de0b777acd317855a,2026-09-15T00:15:00Z,Kansas City Chiefs,Denver Broncos,betmgm,alternate_spreads,Denver Broncos,-1.0,2.1
2026-09-14T23:51:04Z,closing,5ad8135dc2b5f27de0b777acd317855a,2026-09-15T00:15:00Z,Kansas City Chiefs,Denver Broncos,betmgm,alternate_spreads,Denver Broncos,6.5,1.4
2026-09-14T23:51:04Z,closing,5ad8135dc2b5f27de0b777acd317855a,2026-09-15T00:15:00Z,Kansas City Chiefs,Denver Broncos,betmgm,alternate_spreads,Denver Broncos,-1.5,2.15
2026-09-14T23:51:04Z,closing,5ad8135dc2b5f27de0b777acd317855a,2026-09-15T00:15:00Z,Kansas City Chiefs,Denver Broncos,betmgm,alternate_spreads,Denver Broncos,7.0,1.33
2026-09-14T23:51:04Z,closing,5ad8135dc2b5f27de0b777acd317855a,2026-09-15T00:15:00Z,Kansas City Chiefs,Denver Broncos,betmgm,alternate_spreads,Denver Broncos,-2.0,2.2
2026-09-14T23:51:04Z,closing,5ad8135dc2b5f27de0b777acd317855a,2026-09-15T00:15:00Z,Kansas City Chiefs,Denver Broncos,betmgm,alternate_spreads,Denver Broncos,-2.5,2.25
2026-09-14T23:51:04Z,closing,5ad8135dc2b5f27de0b777acd317855a,2026-09-15T00:15:00Z,Kansas City Chiefs,Denver Broncos,betmgm,alternate_spreads,Denver Broncos,7.5,1.29
2026-09-14T23:51:04Z,closing,5ad8135dc2b5f27de0b777acd317855a,2026-09-15T00:15:00Z,Kansas City Chiefs,Denver Broncos,betmgm,alternate_spreads,Denver Broncos,8.0,1.27
2026-09-14T23:51:04Z,closing,5ad8135dc2b5f27de0b777acd317855a,2026-09-15T00:15:00Z,Kansas City Chiefs,Denver Broncos,betmgm,alternate_spreads,Denver Broncos,8.5,1.25
2026-09-14T23:51:04Z,closing,5ad8135dc2b5f27de0b777acd317855a,2026-09-15T00:15:00Z,Kansas City Chiefs,Denver Broncos,betmgm,alternate_spreads,Denver Broncos,-3.0,2.5
2026-09-14T23:51:04Z,closing,5ad8135dc2b5f27de0b777acd317855a,2026-09-15T00:15:00Z,Kansas City Chiefs,Denver Broncos,betmgm,alternate_spreads,Denver Broncos,-3.5,2.65
2026-09-14T23:51:04Z,closing,5ad8135dc2b5f27de0b777acd317855a,2026-09-15T00:15:00Z,Kansas City Chiefs,Denver Broncos,betmgm,alternate_spreads,Denver Broncos,9.0,1.24
2026-09-14T23:51:04Z,closing,5ad8135dc2b5f27de0b777acd317855a,2026-09-15T00:15:00Z,Kansas City Chiefs,Denver Broncos,betmgm,alternate_spreads,Denver Broncos,-4.0,2.8
2026-09-14T23:51:04Z,closing,5ad8135dc2b5f27de0b777acd317855a,2026-09-15T00:15:00Z,Kansas City Chiefs,Denver Broncos,betmgm,alternate_spreads,Denver Broncos,9.5,1.22
2026-09-14T23:51:04Z,closing,5ad8135dc2b5f27de0b777acd317855a,2026-09-15T00:15:00Z,Kansas City Chiefs,Denver Broncos,betmgm,alternate_spreads,Denver Broncos,-4.5,2.9
2026-09-14T23:51:04Z,closing,5ad8135dc2b5f27de0b777acd317855a,2026-09-15T00:15:00Z,Kansas City Chiefs,Denver Broncos,betmgm,alternate_spreads,Denver Broncos,-5.0,3.0
2026-09-14T23:51:04Z,closing,5ad8135dc2b5f27de0b777acd317855a,2026-09-15T00:15:00Z,Kansas City Chiefs,Denver Broncos,betmgm,alternate_spreads,Denver Broncos,10.0,1.2
2026-09-14T23:51:04Z,closing,5ad8135dc2b5f27de0b777acd317855a,2026-09-15T00:15:00Z,Kansas City Chiefs,Denver Broncos,betmgm,alternate_spreads,Denver Broncos,-5.5,3.1
2026-09-14T23:51:04Z,closing,5ad8135dc2b5f27de0b777acd317855a,2026-09-15T00:15:00Z,Kansas City Chiefs,Denver Broncos,betmgm,alternate_spreads,Denver Broncos,10.5,1.19
2026-09-14T23:51:04Z,closing,5ad8135dc2b5f27de0b777acd317855a,2026-09-15T00:15:00Z,Kansas City Chiefs,Denver Broncos,betmgm,alternate_spreads,Denver Broncos,11.0,1.17
2026-09-14T23:51:04Z,closing,5ad8135dc2b5f27de0b777acd317855a,2026-09-15T00:15:00Z,Kansas City Chiefs,Denver Broncos,betmgm,alternate_spreads,Denver Broncos,-6.0,3.25
2026-09-14T23:51:04Z,closing,5ad8135dc2b5f27de0b777acd317855a,2026-09-15T00:15:00Z,Kansas City Chiefs,Denver Broncos,betmgm,alternate_spreads,Denver Broncos,11.5,1.17
2026-09-14T23:51:04Z,closing,5ad8135dc2b5f27de0b777acd317855a,2026-09-15T00:15:00Z,Kansas City Chiefs,Denver Broncos,betmgm,alternate_spreads,Denver Broncos,-6.5,3.4
2026-09-14T23:51:04Z,closing,5ad8135dc2b5f27de0b777acd317855a,2026-09-15T00:15:00Z,Kansas City Chiefs,Denver Broncos,betmgm,alternate_spreads,Denver Broncos,-7.0,3.8
2026-09-14T23:51:04Z,closing,5ad8135dc2b5f27de0b777acd317855a,2026-09-15T00:15:00Z,Kansas City Chiefs,Denver Broncos,betmgm,alternate_spreads,Denver Broncos,12.0,1.16
2026-09-14T23:51:04Z,closing,5ad8135dc2b5f27de0b777acd317855a,2026-09-15T00:15:00Z,Kansas City Chiefs,Denver Broncos,betmgm,alternate_spreads,Denver Broncos,12.5,1.16
2026-09-14T23:51:04Z,closing,5ad8135dc2b5f27de0b777acd317855a,2026-09-15T00:15:00Z,Kansas City Chiefs,Denver Broncos,betmgm,alternate_spreads,Denver Broncos,13.0,1.14
2026-09-14T23:51:04Z,closing,5ad8135dc2b5f27de0b777acd317855a,2026-09-15T00:15:00Z,Kansas City Chiefs,Denver Broncos,betmgm,alternate_spreads,Denver Broncos,-7.5,4.0
2026-09-14T23:51:04Z,closing,5ad8135dc2b5f27de0b777acd317855a,2026-09-15T00:15:00Z,Kansas City Chiefs,Denver Broncos,betmgm,alternate_spreads,Denver Broncos,-8.0,4.33
2026-09-14T23:51:04Z,closing,5ad8135dc2b5f27de0b777acd317855a,2026-09-15T00:15:00Z,Kansas City Chiefs,Denver Broncos,betmgm,alternate_spreads,Denver Broncos,-8.5,4.4
2026-09-14T23:51:04Z,closing,5ad8135dc2b5f27de0b777acd317855a,2026-09-15T00:15:00Z,Kansas City Chiefs,Denver Broncos,betmgm,alternate_spreads,Kansas City Chiefs,-3.0,2.1
2026-09-14T23:51:04Z,closing,5ad8135dc2b5f27de0b777acd317855a,2026-09-15T00:15:00Z,Kansas City Chiefs,Denver Broncos,betmgm,alternate_spreads,Kansas City Chiefs,-2.5,1.91
2026-09-14T23:51:04Z,closing,5ad8135dc2b5f27de0b777acd317855a,2026-09-15T00:15:00Z,Kansas City Chiefs,Denver Broncos,betmgm,alternate_spreads,Kansas City Chiefs,-3.5,2.25
2026-09-14T23:51:04Z,closing,5ad8135dc2b5f27de0b777acd317855a,2026-09-15T00:15:00Z,Kansas City Chiefs,Denver Broncos,betmgm,alternate_spreads,Kansas City Chiefs,-1.5,1.83
2026-09-14T23:51:04Z,closing,5ad8135dc2b5f27de0b777acd317855a,2026-09-15T00:15:00Z,Kansas City Chiefs,Denver Broncos,betmgm,alternate_spreads,Kansas City Chiefs,-2.0,1.95
2026-09-14T23:51:04Z,closing,5ad8135dc2b5f27de0b777acd317855a,2026-09-15T00:15:00Z,Kansas City Chiefs,Denver Broncos,betmgm,alternate_spreads,Kansas City Chiefs,-4.5,2.45
2026-09-14T23:51:04Z,closing,5ad8135dc2b5f27de0b777acd317855a,2026-09-15T00:15:00Z,Kansas City Chiefs,Denver Broncos,betmgm,alternate_spreads,Kansas City Chiefs,-4.0,2.38
2026-09-14T23:51:04Z,closing,5ad8135dc2b5f27de0b777acd317855a,2026-09-15T00:15:00Z,Kansas City Chiefs,Denver Broncos,betmgm,alternate_spreads,Kansas City Chiefs,-1.0,1.77
2026-09-14T23:51:04Z,closing,5ad8135dc2b5f27de0b777acd317855a,2026-09-15T00:15:00Z,Kansas City Chiefs,Denver Broncos,betmgm,alternate_spreads,Kansas City Chiefs,-5.0,2.55
2026-09-14T23:51:04Z,closing,5ad8135dc2b5f27de0b777acd317855a,2026-09-15T00:15:00Z,Kansas City Chiefs,Denver Broncos,betmgm,alternate_spreads,Kansas City Chiefs,-5.5,2.6
2026-09-14T23:51:04Z,closing,5ad8135dc2b5f27de0b777acd317855a,2026-09-15T00:15:00Z,Kansas City Chiefs,Denver Broncos,betmgm,alternate_spreads,Kansas City Chiefs,-6.0,2.75
2026-09-14T23:51:04Z,closing,5ad8135dc2b5f27de0b777acd317855a,2026-09-15T00:15:00Z,Kansas City Chiefs,Denver Broncos,betmgm,alternate_spreads,Kansas City Chiefs,1.0,1.69
2026-09-14T23:51:04Z,closing,5ad8135dc2b5f27de0b777acd317855a,2026-09-15T00:15:00Z,Kansas City Chiefs,Denver Broncos,betmgm,alternate_spreads,Kansas City Chiefs,-6.5,2.85
2026-09-14T23:51:04Z,closing,5ad8135dc2b5f27de0b777acd317855a,2026-09-15T00:15:00Z,Kansas City Chiefs,Denver Broncos,betmgm,alternate_spreads,Kansas City Chiefs,1.5,1.65
2026-09-14T23:51:04Z,closing,5ad8135dc2b5f27de0b777acd317855a,2026-09-15T00:15:00Z,Kansas City Chiefs,Denver Broncos,betmgm,alternate_spreads,Kansas City Chiefs,-7.0,3.25
2026-09-14T23:51:04Z,closing,5ad8135dc2b5f27de0b777acd317855a,2026-09-15T00:15:00Z,Kansas City Chiefs,Denver Broncos,betmgm,alternate_spreads,Kansas City Chiefs,2.0,1.62
2026-09-14T23:51:04Z,closing,5ad8135dc2b5f27de0b777acd317855a,2026-09-15T00:15:00Z,Kansas City Chiefs,Denver Broncos,betmgm,alternate_spreads,Kansas City Chiefs,2.5,1.61
2026-09-14T23:51:04Z,closing,5ad8135dc2b5f27de0b777acd317855a,2026-09-15T00:15:00Z,Kansas City Chiefs,Denver Broncos,betmgm,alternate_spreads,Kansas City Chiefs,-7.5,3.4
2026-09-14T23:51:04Z,closing,5ad8135dc2b5f27de0b777acd317855a,2026-09-15T00:15:00Z,Kansas City Chiefs,Denver Broncos,betmgm,alternate_spreads,Kansas City Chiefs,-8.0,3.75
2026-09-14T23:51:04Z,closing,5ad8135dc2b5f27de0b777acd317855a,2026-09-15T00:15:00Z,Kansas City Chiefs,Denver Broncos,betmgm,alternate_spreads,Kansas City Chiefs,-8.5,3.8
2026-09-14T23:51:04Z,closing,5ad8135dc2b5f27de0b777acd317855a,2026-09-15T00:15:00Z,Kansas City Chiefs,Denver Broncos,betmgm,alternate_spreads,Kansas City Chiefs,3.0,1.5
2026-09-14T23:51:04Z,closing,5ad8135dc2b5f27de0b777acd317855a,2026-09-15T00:15:00Z,Kansas City Chiefs,Denver Broncos,betmgm,alternate_spreads,Kansas City Chiefs,3.5,1.44
2026-09-14T23:51:04Z,closing,5ad8135dc2b5f27de0b777acd317855a,2026-09-15T00:15:00Z,Kansas City Chiefs,Denver Broncos,betmgm,alternate_spreads,Kansas City Chiefs,-9.0,3.9
2026-09-14T23:51:04Z,closing,5ad8135dc2b5f27de0b777acd317855a,2026-09-15T00:15:00Z,Kansas City Chiefs,Denver Broncos,betmgm,alternate_spreads,Kansas City Chiefs,4.0,1.4
2026-09-14T23:51:04Z,closing,5ad8135dc2b5f27de0b777acd317855a,2026-09-15T00:15:00Z,Kansas City Chiefs,Denver Broncos,betmgm,alternate_spreads,Kansas City Chiefs,-9.5,4.0
2026-09-14T23:51:04Z,closing,5ad8135dc2b5f27de0b777acd317855a,2026-09-15T00:15:00Z,Kansas City Chiefs,Denver Broncos,betmgm,alternate_spreads,Kansas City Chiefs,4.5,1.4
2026-09-14T23:51:04Z,closing,5ad8135dc2b5f27de0b777acd317855a,2026-09-15T00:15:00Z,Kansas City Chiefs,Denver Broncos,betmgm,alternate_spreads,Kansas City Chiefs,5.0,1.36
2026-09-14T23:51:04Z,closing,5ad8135dc2b5f27de0b777acd317855a,2026-09-15T00:15:00Z,Kansas City Chiefs,Denver Broncos,betmgm,alternate_spreads,Kansas City Chiefs,-10.0,4.4
2026-09-14T23:51:04Z,closing,5ad8135dc2b5f27de0b777acd317855a,2026-09-15T00:15:00Z,Kansas City Chiefs,Denver Broncos,betmgm,alternate_spreads,Kansas City Chiefs,5.5,1.35
2026-09-14T23:51:04Z,closing,5ad8135dc2b5f27de0b777acd317855a,2026-09-15T00:15:00Z,Kansas City Chiefs,Denver Broncos,betmgm,alternate_spreads,Kansas City Chiefs,-10.5,4.5
2026-09-14T23:51:04Z,closing,5ad8135dc2b5f27de0b777acd317855a,2026-09-15T00:15:00Z,Kansas City Chiefs,Denver Broncos,betmgm,alternate_spreads,Kansas City Chiefs,-11.0,4.8
2026-09-14T23:51:04Z,closing,5ad8135dc2b5f27de0b777acd317855a,2026-09-15T00:15:00Z,Kansas City Chiefs,Denver Broncos,betmgm,alternate_spreads,Kansas City Chiefs,6.0,1.33
2026-09-14T23:51:04Z,closing,5ad8135dc2b5f27de0b777acd317855a,2026-09-15T00:15:00Z,Kansas City Chiefs,Denver Broncos,betmgm,alternate_spreads,Kansas City Chiefs,-11.5,5.0
2026-09-14T23:51:04Z,closing,5ad8135dc2b5f27de0b777acd317855a,2026-09-15T00:15:00Z,Kansas City Chiefs,Denver Broncos,betmgm,alternate_spreads,Kansas City Chiefs,6.5,1.31
2026-09-14T23:51:04Z,closing,5ad8135dc2b5f27de0b777acd317855a,2026-09-15T00:15:00Z,Kansas City Chiefs,Denver Broncos,betmgm,alternate_spreads,Kansas City Chiefs,7.0,1.25
2026-09-14T23:51:04Z,closing,5ad8135dc2b5f27de0b777acd317855a,2026-09-15T00:15:00Z,Kansas City Chiefs,Denver Broncos,betmgm,alternate_spreads,Kansas City Chiefs,-12.0,5.0
2026-09-14T23:51:04Z,closing,5ad8135dc2b5f27de0b777acd317855a,2026-09-15T00:15:00Z,Kansas City Chiefs,Denver Broncos,betmgm,alternate_spreads,Kansas City Chiefs,-12.5,5.25
2026-09-14T23:51:04Z,closing,5ad8135dc2b5f27de0b777acd317855a,2026-09-15T00:15:00Z,Kansas City Chiefs,Denver Broncos,betmgm,alternate_spreads,Kansas City Chiefs,-13.0,5.5
2026-09-14T23:51:04Z,closing,5ad8135dc2b5f27de0b777acd317855a,2026-09-15T00:15:00Z,Kansas City Chiefs,Denver Broncos,betmgm,alternate_spreads,Kansas City Chiefs,7.5,1.22
2026-09-14T23:51:04Z,closing,5ad8135dc2b5f27de0b777acd317855a,2026-09-15T00:15:00Z,Kansas City Chiefs,Denver Broncos,betmgm,alternate_spreads,Kansas City Chiefs,8.0,1.21
2026-09-14T23:51:04Z,closing,5ad8135dc2b5f27de0b777acd317855a,2026-09-15T00:15:00Z,Kansas City Chiefs,Denver Broncos,betmgm,alternate_spreads,Kansas City Chiefs,8.5,1.2
2026-09-14T23:51:04Z,closing,5ad8135dc2b5f27de0b777acd317855a,2026-09-15T00:15:00Z,Kansas City Chiefs,Denver Broncos,betmgm,alternate_totals,Over,42.5,1.89
2026-09-14T23:51:04Z,closing,5ad8135dc2b5f27de0b777acd317855a,2026-09-15T00:15:00Z,Kansas City Chiefs,Denver Broncos,betmgm,alternate_totals,Over,43.0,1.91
2026-09-14T23:51:04Z,closing,5ad8135dc2b5f27de0b777acd317855a,2026-09-15T00:15:00Z,Kansas City Chiefs,Denver Broncos,betmgm,alternate_totals,Over,43.5,2.0
2026-09-14T23:51:04Z,closing,5ad8135dc2b5f27de0b777acd317855a,2026-09-15T00:15:00Z,Kansas City Chiefs,Denver Broncos,betmgm,alternate_totals,Over,44.0,2.1
2026-09-14T23:51:04Z,closing,5ad8135dc2b5f27de0b777acd317855a,2026-09-15T00:15:00Z,Kansas City Chiefs,Denver Broncos,betmgm,alternate_totals,Over,44.5,2.15
2026-09-14T23:51:04Z,closing,5ad8135dc2b5f27de0b777acd317855a,2026-09-15T00:15:00Z,Kansas City Chiefs,Denver Broncos,betmgm,alternate_totals,Over,42.0,1.8
2026-09-14T23:51:04Z,closing,5ad8135dc2b5f27de0b777acd317855a,2026-09-15T00:15:00Z,Kansas City Chiefs,Denver Broncos,betmgm,alternate_totals,Over,45.0,2.25
2026-09-14T23:51:04Z,closing,5ad8135dc2b5f27de0b777acd317855a,2026-09-15T00:15:00Z,Kansas City Chiefs,Denver Broncos,betmgm,alternate_totals,Over,41.5,1.77
2026-09-14T23:51:04Z,closing,5ad8135dc2b5f27de0b777acd317855a,2026-09-15T00:15:00Z,Kansas City Chiefs,Denver Broncos,betmgm,alternate_totals,Over,45.5,2.3
2026-09-14T23:51:04Z,closing,5ad8135dc2b5f27de0b777acd317855a,2026-09-15T00:15:00Z,Kansas City Chiefs,Denver Broncos,betmgm,alternate_totals,Over,41.0,1.71
2026-09-14T23:51:04Z,closing,5ad8135dc2b5f27de0b777acd317855a,2026-09-15T00:15:00Z,Kansas City Chiefs,Denver Broncos,betmgm,alternate_totals,Over,46.0,2.38
2026-09-14T23:51:04Z,closing,5ad8135dc2b5f27de0b777acd317855a,2026-09-15T00:15:00Z,Kansas City Chiefs,Denver Broncos,betmgm,alternate_totals,Over,40.5,1.67
2026-09-14T23:51:04Z,closing,5ad8135dc2b5f27de0b777acd317855a,2026-09-15T00:15:00Z,Kansas City Chiefs,Denver Broncos,betmgm,alternate_totals,Over,46.5,2.4
2026-09-14T23:51:04Z,closing,5ad8135dc2b5f27de0b777acd317855a,2026-09-15T00:15:00Z,Kansas City Chiefs,Denver Broncos,betmgm,alternate_totals,Over,40.0,1.61
2026-09-14T23:51:04Z,closing,5ad8135dc2b5f27de0b777acd317855a,2026-09-15T00:15:00Z,Kansas City Chiefs,Denver Broncos,betmgm,alternate_totals,Over,47.0,2.6
2026-09-14T23:51:04Z,closing,5ad8135dc2b5f27de0b777acd317855a,2026-09-15T00:15:00Z,Kansas City Chiefs,Denver Broncos,betmgm,alternate_totals,Over,39.5,1.57
2026-09-14T23:51:04Z,closing,5ad8135dc2b5f27de0b777acd317855a,2026-09-15T00:15:00Z,Kansas City Chiefs,Denver Broncos,betmgm,alternate_totals,Over,39.0,1.53
2026-09-14T23:51:04Z,closing,5ad8135dc2b5f27de0b777acd317855a,2026-09-15T00:15:00Z,Kansas City Chiefs,Denver Broncos,betmgm,alternate_totals,Over,47.5,2.65
2026-09-14T23:51:04Z,closing,5ad8135dc2b5f27de0b777acd317855a,2026-09-15T00:15:00Z,Kansas City Chiefs,Denver Broncos,betmgm,alternate_totals,Over,48.0,2.8
2026-09-14T23:51:04Z,closing,5ad8135dc2b5f27de0b777acd317855a,2026-09-15T00:15:00Z,Kansas City Chiefs,Denver Broncos,betmgm,alternate_totals,Over,38.5,1.5
2026-09-14T23:51:04Z,closing,5ad8135dc2b5f27de0b777acd317855a,2026-09-15T00:15:00Z,Kansas City Chiefs,Denver Broncos,betmgm,alternate_totals,Over,48.5,2.88
2026-09-14T23:51:04Z,closing,5ad8135dc2b5f27de0b777acd317855a,2026-09-15T00:15:00Z,Kansas City Chiefs,Denver Broncos,betmgm,alternate_totals,Over,38.0,1.48
2026-09-14T23:51:04Z,closing,5ad8135dc2b5f27de0b777acd317855a,2026-09-15T00:15:00Z,Kansas City Chiefs,Denver Broncos,betmgm,alternate_totals,Over,49.0,3.0
2026-09-14T23:51:04Z,closing,5ad8135dc2b5f27de0b777acd317855a,2026-09-15T00:15:00Z,Kansas City Chiefs,Denver Broncos,betmgm,alternate_totals,Over,37.5,1.45
2026-09-14T23:51:04Z,closing,5ad8135dc2b5f27de0b777acd317855a,2026-09-15T00:15:00Z,Kansas City Chiefs,Denver Broncos,betmgm,alternate_totals,Over,49.5,3.1
2026-09-14T23:51:04Z,closing,5ad8135dc2b5f27de0b777acd317855a,2026-09-15T00:15:00Z,Kansas City Chiefs,Denver Broncos,betmgm,alternate_totals,Over,37.0,1.4
2026-09-14T23:51:04Z,closing,5ad8135dc2b5f27de0b777acd317855a,2026-09-15T00:15:00Z,Kansas City Chiefs,Denver Broncos,betmgm,alternate_totals,Over,50.0,3.25
2026-09-14T23:51:04Z,closing,5ad8135dc2b5f27de0b777acd317855a,2026-09-15T00:15:00Z,Kansas City Chiefs,Denver Broncos,betmgm,alternate_totals,Over,36.5,1.36
2026-09-14T23:51:04Z,closing,5ad8135dc2b5f27de0b777acd317855a,2026-09-15T00:15:00Z,Kansas City Chiefs,Denver Broncos,betmgm,alternate_totals,Over,50.5,3.3
2026-09-14T23:51:04Z,closing,5ad8135dc2b5f27de0b777acd317855a,2026-09-15T00:15:00Z,Kansas City Chiefs,Denver Broncos,betmgm,alternate_totals,Over,36.0,1.34
2026-09-14T23:51:04Z,closing,5ad8135dc2b5f27de0b777acd317855a,2026-09-15T00:15:00Z,Kansas City Chiefs,Denver Broncos,betmgm,alternate_totals,Over,51.0,3.7
2026-09-14T23:51:04Z,closing,5ad8135dc2b5f27de0b777acd317855a,2026-09-15T00:15:00Z,Kansas City Chiefs,Denver Broncos,betmgm,alternate_totals,Over,35.5,1.33
2026-09-14T23:51:04Z,closing,5ad8135dc2b5f27de0b777acd317855a,2026-09-15T00:15:00Z,Kansas City Chiefs,Denver Broncos,betmgm,alternate_totals,Over,51.5,3.8
2026-09-14T23:51:04Z,closing,5ad8135dc2b5f27de0b777acd317855a,2026-09-15T00:15:00Z,Kansas City Chiefs,Denver Broncos,betmgm,alternate_totals,Over,35.0,1.31
2026-09-14T23:51:04Z,closing,5ad8135dc2b5f27de0b777acd317855a,2026-09-15T00:15:00Z,Kansas City Chiefs,Denver Broncos,betmgm,alternate_totals,Over,52.0,4.1
2026-09-14T23:51:04Z,closing,5ad8135dc2b5f27de0b777acd317855a,2026-09-15T00:15:00Z,Kansas City Chiefs,Denver Broncos,betmgm,alternate_totals,Over,34.5,1.29
2026-09-14T23:51:04Z,closing,5ad8135dc2b5f27de0b777acd317855a,2026-09-15T00:15:00Z,Kansas City Chiefs,Denver Broncos,betmgm,alternate_totals,Over,52.5,4.1
2026-09-14T23:51:04Z,closing,5ad8135dc2b5f27de0b777acd317855a,2026-09-15T00:15:00Z,Kansas City Chiefs,Denver Broncos,betmgm,alternate_totals,Over,34.0,1.27
2026-09-14T23:51:04Z,closing,5ad8135dc2b5f27de0b777acd317855a,2026-09-15T00:15:00Z,Kansas City Chiefs,Denver Broncos,betmgm,alternate_totals,Over,33.5,1.25
2026-09-14T23:51:04Z,closing,5ad8135dc2b5f27de0b777acd317855a,2026-09-15T00:15:00Z,Kansas City Chiefs,Denver Broncos,betmgm,alternate_totals,Over,33.0,1.21
2026-09-14T23:51:04Z,closing,5ad8135dc2b5f27de0b777acd317855a,2026-09-15T00:15:00Z,Kansas City Chiefs,Denver Broncos,betmgm,alternate_totals,Over,32.5,1.2
2026-09-14T23:51:04Z,closing,5ad8135dc2b5f27de0b777acd317855a,2026-09-15T00:15:00Z,Kansas City Chiefs,Denver Broncos,betmgm,alternate_totals,Under,42.5,1.95
2026-09-14T23:51:04Z,closing,5ad8135dc2b5f27de0b777acd317855a,2026-09-15T00:15:00Z,Kansas City Chiefs,Denver Broncos,betmgm,alternate_totals,Under,43.0,1.83
2026-09-14T23:51:04Z,closing,5ad8135dc2b5f27de0b777acd317855a,2026-09-15T00:15:00Z,Kansas City Chiefs,Denver Broncos,betmgm,alternate_totals,Under,43.5,1.77
2026-09-14T23:51:04Z,closing,5ad8135dc2b5f27de0b777acd317855a,2026-09-15T00:15:00Z,Kansas City Chiefs,Denver Broncos,betmgm,alternate_totals,Under,44.0,1.69
2026-09-14T23:51:04Z,closing,5ad8135dc2b5f27de0b777acd317855a,2026-09-15T00:15:00Z,Kansas City Chiefs,Denver Broncos,betmgm,alternate_totals,Under,44.5,1.65
2026-09-14T23:51:04Z,closing,5ad8135dc2b5f27de0b777acd317855a,2026-09-15T00:15:00Z,Kansas City Chiefs,Denver Broncos,betmgm,alternate_totals,Under,42.0,1.95
2026-09-14T23:51:04Z,closing,5ad8135dc2b5f27de0b777acd317855a,2026-09-15T00:15:00Z,Kansas City Chiefs,Denver Broncos,betmgm,alternate_totals,Under,45.0,1.61
2026-09-14T23:51:04Z,closing,5ad8135dc2b5f27de0b777acd317855a,2026-09-15T00:15:00Z,Kansas City Chiefs,Denver Broncos,betmgm,alternate_totals,Under,41.5,1.98
2026-09-14T23:51:04Z,closing,5ad8135dc2b5f27de0b777acd317855a,2026-09-15T00:15:00Z,Kansas City Chiefs,Denver Broncos,betmgm,alternate_totals,Under,45.5,1.57
2026-09-14T23:51:04Z,closing,5ad8135dc2b5f27de0b777acd317855a,2026-09-15T00:15:00Z,Kansas City Chiefs,Denver Broncos,betmgm,alternate_totals,Under,41.0,2.05
2026-09-14T23:51:04Z,closing,5ad8135dc2b5f27de0b777acd317855a,2026-09-15T00:15:00Z,Kansas City Chiefs,Denver Broncos,betmgm,alternate_totals,Under,46.0,1.54
2026-09-14T23:51:04Z,closing,5ad8135dc2b5f27de0b777acd317855a,2026-09-15T00:15:00Z,Kansas City Chiefs,Denver Broncos,betmgm,alternate_totals,Under,40.5,2.15
2026-09-14T23:51:04Z,closing,5ad8135dc2b5f27de0b777acd317855a,2026-09-15T00:15:00Z,Kansas City Chiefs,Denver Broncos,betmgm,alternate_totals,Under,46.5,1.53
2026-09-14T23:51:04Z,closing,5ad8135dc2b5f27de0b777acd317855a,2026-09-15T00:15:00Z,Kansas City Chiefs,Denver Broncos,betmgm,alternate_totals,Under,40.0,2.25
2026-09-14T23:51:04Z,closing,5ad8135dc2b5f27de0b777acd317855a,2026-09-15T00:15:00Z,Kansas City Chiefs,Denver Broncos,betmgm,alternate_totals,Under,47.0,1.48
2026-09-14T23:51:04Z,closing,5ad8135dc2b5f27de0b777acd317855a,2026-09-15T00:15:00Z,Kansas City Chiefs,Denver Broncos,betmgm,alternate_totals,Under,39.5,2.3
2026-09-14T23:51:04Z,closing,5ad8135dc2b5f27de0b777acd317855a,2026-09-15T00:15:00Z,Kansas City Chiefs,Denver Broncos,betmgm,alternate_totals,Under,39.0,2.4
2026-09-14T23:51:04Z,closing,5ad8135dc2b5f27de0b777acd317855a,2026-09-15T00:15:00Z,Kansas City Chiefs,Denver Broncos,betmgm,alternate_totals,Under,47.5,1.44
2026-09-14T23:51:04Z,closing,5ad8135dc2b5f27de0b777acd317855a,2026-09-15T00:15:00Z,Kansas City Chiefs,Denver Broncos,betmgm,alternate_totals,Under,48.0,1.43
2026-09-14T23:51:04Z,closing,5ad8135dc2b5f27de0b777acd317855a,2026-09-15T00:15:00Z,Kansas City Chiefs,Denver Broncos,betmgm,alternate_totals,Under,38.5,2.5
2026-09-14T23:51:04Z,closing,5ad8135dc2b5f27de0b777acd317855a,2026-09-15T00:15:00Z,Kansas City Chiefs,Denver Broncos,betmgm,alternate_totals,Under,48.5,1.4
2026-09-14T23:51:04Z,closing,5ad8135dc2b5f27de0b777acd317855a,2026-09-15T00:15:00Z,Kansas City Chiefs,Denver Broncos,betmgm,alternate_totals,Under,38.0,2.55
2026-09-14T23:51:04Z,closing,5ad8135dc2b5f27de0b777acd317855a,2026-09-15T00:15:00Z,Kansas City Chiefs,Denver Broncos,betmgm,alternate_totals,Under,49.0,1.36
2026-09-14T23:51:04Z,closing,5ad8135dc2b5f27de0b777acd317855a,2026-09-15T00:15:00Z,Kansas City Chiefs,Denver Broncos,betmgm,alternate_totals,Under,37.5,2.6
2026-09-14T23:51:04Z,closing,5ad8135dc2b5f27de0b777acd317855a,2026-09-15T00:15:00Z,Kansas City Chiefs,Denver Broncos,betmgm,alternate_totals,Under,49.5,1.35
2026-09-14T23:51:04Z,closing,5ad8135dc2b5f27de0b777acd317855a,2026-09-15T00:15:00Z,Kansas City Chiefs,Denver Broncos,betmgm,alternate_totals,Under,37.0,2.85
2026-09-14T23:51:04Z,closing,5ad8135dc2b5f27de0b777acd317855a,2026-09-15T00:15:00Z,Kansas City Chiefs,Denver Broncos,betmgm,alternate_totals,Under,50.0,1.33
2026-09-14T23:51:04Z,closing,5ad8135dc2b5f27de0b777acd317855a,2026-09-15T00:15:00Z,Kansas City Chiefs,Denver Broncos,betmgm,alternate_totals,Under,36.5,2.95
2026-09-14T23:51:04Z,closing,5ad8135dc2b5f27de0b777acd317855a,2026-09-15T00:15:00Z,Kansas City Chiefs,Denver Broncos,betmgm,alternate_totals,Under,50.5,1.31
2026-09-14T23:51:04Z,closing,5ad8135dc2b5f27de0b777acd317855a,2026-09-15T00:15:00Z,Kansas City Chiefs,Denver Broncos,betmgm,alternate_totals,Under,36.0,3.1
2026-09-14T23:51:04Z,closing,5ad8135dc2b5f27de0b777acd317855a,2026-09-15T00:15:00Z,Kansas City Chiefs,Denver Broncos,betmgm,alternate_totals,Under,51.0,1.27
2026-09-14T23:51:04Z,closing,5ad8135dc2b5f27de0b777acd317855a,2026-09-15T00:15:00Z,Kansas City Chiefs,Denver Broncos,betmgm,alternate_totals,Under,35.5,3.25
2026-09-14T23:51:04Z,closing,5ad8135dc2b5f27de0b777acd317855a,2026-09-15T00:15:00Z,Kansas City Chiefs,Denver Broncos,betmgm,alternate_totals,Under,51.5,1.25
2026-09-14T23:51:04Z,closing,5ad8135dc2b5f27de0b777acd317855a,2026-09-15T00:15:00Z,Kansas City Chiefs,Denver Broncos,betmgm,alternate_totals,Under,35.0,3.4
2026-09-14T23:51:04Z,closing,5ad8135dc2b5f27de0b777acd317855a,2026-09-15T00:15:00Z,Kansas City Chiefs,Denver Broncos,betmgm,alternate_totals,Under,52.0,1.22
2026-09-14T23:51:04Z,closing,5ad8135dc2b5f27de0b777acd317855a,2026-09-15T00:15:00Z,Kansas City Chiefs,Denver Broncos,betmgm,alternate_totals,Under,34.5,3.5
2026-09-14T23:51:04Z,closing,5ad8135dc2b5f27de0b777acd317855a,2026-09-15T00:15:00Z,Kansas City Chiefs,Denver Broncos,betmgm,alternate_totals,Under,52.5,1.22
2026-09-14T23:51:04Z,closing,5ad8135dc2b5f27de0b777acd317855a,2026-09-15T00:15:00Z,Kansas City Chiefs,Denver Broncos,betmgm,alternate_totals,Under,34.0,3.75
2026-09-14T23:51:04Z,closing,5ad8135dc2b5f27de0b777acd317855a,2026-09-15T00:15:00Z,Kansas City Chiefs,Denver Broncos,betmgm,alternate_totals,Under,33.5,3.8
2026-09-14T23:51:04Z,closing,5ad8135dc2b5f27de0b777acd317855a,2026-09-15T00:15:00Z,Kansas City Chiefs,Denver Broncos,betmgm,alternate_totals,Under,33.0,4.33
2026-09-14T23:51:04Z,closing,5ad8135dc2b5f27de0b777acd317855a,2026-09-15T00:15:00Z,Kansas City Chiefs,Denver Broncos,betmgm,alternate_totals,Under,32.5,4.5
2026-09-14T23:51:04Z,closing,5ad8135dc2b5f27de0b777acd317855a,2026-09-15T00:15:00Z,Kansas City Chiefs,Denver Broncos,betrivers,alternate_spreads,Denver Broncos,-7.0,4.1
2026-09-14T23:51:04Z,closing,5ad8135dc2b5f27de0b777acd317855a,2026-09-15T00:15:00Z,Kansas City Chiefs,Denver Broncos,betrivers,alternate_spreads,Denver Broncos,5.0,1.54
2026-09-14T23:51:04Z,closing,5ad8135dc2b5f27de0b777acd317855a,2026-09-15T00:15:00Z,Kansas City Chiefs,Denver Broncos,betrivers,alternate_spreads,Denver Broncos,9.0,1.24
2026-09-14T23:51:04Z,closing,5ad8135dc2b5f27de0b777acd317855a,2026-09-15T00:15:00Z,Kansas City Chiefs,Denver Broncos,betrivers,alternate_spreads,Denver Broncos,-8.0,4.7
2026-09-14T23:51:04Z,closing,5ad8135dc2b5f27de0b777acd317855a,2026-09-15T00:15:00Z,Kansas City Chiefs,Denver Broncos,betrivers,alternate_spreads,Denver Broncos,-4.0,2.85
2026-09-14T23:51:04Z,closing,5ad8135dc2b5f27de0b777acd317855a,2026-09-15T00:15:00Z,Kansas City Chiefs,Denver Broncos,betrivers,alternate_spreads,Denver Broncos,3.5,1.62
2026-09-14T23:51:04Z,closing,5ad8135dc2b5f27de0b777acd317855a,2026-09-15T00:15:00Z,Kansas City Chiefs,Denver Broncos,betrivers,alternate_spreads,Denver Broncos,-9.5,5.0
2026-09-14T23:51:04Z,closing,5ad8135dc2b5f27de0b777acd317855a,2026-09-15T00:15:00Z,Kansas City Chiefs,Denver Broncos,betrivers,alternate_spreads,Denver Broncos,6.5,1.43
2026-09-14T23:51:04Z,closing,5ad8135dc2b5f27de0b777acd317855a,2026-09-15T00:15:00Z,Kansas City Chiefs,Denver Broncos,betrivers,alternate_spreads,Denver Broncos,-2.5,2.32
2026-09-14T23:51:04Z,closing,5ad8135dc2b5f27de0b777acd317855a,2026-09-15T00:15:00Z,Kansas City Chiefs,Denver Broncos,betrivers,alternate_spreads,Denver Broncos,-6.0,3.4
2026-09-14T23:51:04Z,closing,5ad8135dc2b5f27de0b777acd317855a,2026-09-15T00:15:00Z,Kansas City Chiefs,Denver Broncos,betrivers,alternate_spreads,Denver Broncos,-5.5,3.15
2026-09-14T23:51:04Z,closing,5ad8135dc2b5f27de0b777acd317855a,2026-09-15T00:15:00Z,Kansas City Chiefs,Denver Broncos,betrivers,alternate_spreads,Denver Broncos,1.0,2.02
2026-09-14T23:51:04Z,closing,5ad8135dc2b5f27de0b777acd317855a,2026-09-15T00:15:00Z,Kansas City Chiefs,Denver Broncos,betrivers,alternate_spreads,Denver Broncos,-1.5,2.2
2026-09-14T23:51:04Z,closing,5ad8135dc2b5f27de0b777acd317855a,2026-09-15T00:15:00Z,Kansas City Chiefs,Denver Broncos,betrivers,alternate_spreads,Denver Broncos,-2.0,2.28
2026-09-14T23:51:04Z,closing,5ad8135dc2b5f27de0b777acd317855a,2026-09-15T00:15:00Z,Kansas City Chiefs,Denver Broncos,betrivers,alternate_spreads,Denver Broncos,0.0,2.08
2026-09-14T23:51:04Z,closing,5ad8135dc2b5f27de0b777acd317855a,2026-09-15T00:15:00Z,Kansas City Chiefs,Denver Broncos,betrivers,alternate_spreads,Denver Broncos,-3.5,2.7
2026-09-14T23:51:04Z,closing,5ad8135dc2b5f27de0b777acd317855a,2026-09-15T00:15:00Z,Kansas City Chiefs,Denver Broncos,betrivers,alternate_spreads,Denver Broncos,-8.5,4.75
2026-09-14T23:51:04Z,closing,5ad8135dc2b5f27de0b777acd317855a,2026-09-15T00:15:00Z,Kansas City Chiefs,Denver Broncos,betrivers,alternate_spreads,Denver Broncos,11.0,1.17
2026-09-14T23:51:04Z,closing,5ad8135dc2b5f27de0b777acd317855a,2026-09-15T00:15:00Z,Kansas City Chiefs,Denver Broncos,betrivers,alternate_spreads,Denver Broncos,0.5,2.08
2026-09-14T23:51:04Z,closing,5ad8135dc2b5f27de0b777acd317855a,2026-09-15T00:15:00Z,Kansas City Chiefs,Denver Broncos,betrivers,alternate_spreads,Denver Broncos,10.0,1.2
2026-09-14T23:51:04Z,closing,5ad8135dc2b5f27de0b777acd317855a,2026-09-15T00:15:00Z,Kansas City Chiefs,Denver Broncos,betrivers,alternate_spreads,Denver Broncos,7.0,1.34
2026-09-14T23:51:04Z,closing,5ad8135dc2b5f27de0b777acd317855a,2026-09-15T00:15:00Z,Kansas City Chiefs,Denver Broncos,betrivers,alternate_spreads,Denver Broncos,-4.5,2.95
2026-09-14T23:51:04Z,closing,5ad8135dc2b5f27de0b777acd317855a,2026-09-15T00:15:00Z,Kansas City Chiefs,Denver Broncos,betrivers,alternate_spreads,Denver Broncos,9.5,1.24
2026-09-14T23:51:04Z,closing,5ad8135dc2b5f27de0b777acd317855a,2026-09-15T00:15:00Z,Kansas City Chiefs,Denver Broncos,betrivers,alternate_spreads,Denver Broncos,-5.0,3.05
2026-09-14T23:51:04Z,closing,5ad8135dc2b5f27de0b777acd317855a,2026-09-15T00:15:00Z,Kansas City Chiefs,Denver Broncos,betrivers,alternate_spreads,Denver Broncos,12.0,1.14
2026-09-14T23:51:04Z,closing,5ad8135dc2b5f27de0b777acd317855a,2026-09-15T00:15:00Z,Kansas City Chiefs,Denver Broncos,betrivers,alternate_spreads,Denver Broncos,4.5,1.57
2026-09-14T23:51:04Z,closing,5ad8135dc2b5f27de0b777acd317855a,2026-09-15T00:15:00Z,Kansas City Chiefs,Denver Broncos,betrivers,alternate_spreads,Denver Broncos,-6.5,3.5
2026-09-14T23:51:04Z,closing,5ad8135dc2b5f27de0b777acd317855a,2026-09-15T00:15:00Z,Kansas City Chiefs,Denver Broncos,betrivers,alternate_spreads,Denver Broncos,5.5,1.51
2026-09-14T23:51:04Z,closing,5ad8135dc2b5f27de0b777acd317855a,2026-09-15T00:15:00Z,Kansas City Chiefs,Denver Broncos,betrivers,alternate_spreads,Denver Broncos,12.5,1.14
2026-09-14T23:51:04Z,closing,5ad8135dc2b5f27de0b777acd317855a,2026-09-15T00:15:00Z,Kansas City Chiefs,Denver Broncos,betrivers,alternate_spreads,Denver Broncos,8.0,1.27
2026-09-14T23:51:04Z,closing,5ad8135dc2b5f27de0b777acd317855a,2026-09-15T00:15:00Z,Kansas City Chiefs,Denver Broncos,betrivers,alternate_spreads,Denver Broncos,6.0,1.45
2026-09-14T23:51:04Z,closing,5ad8135dc2b5f27de0b777acd317855a,2026-09-15T00:15:00Z,Kansas City Chiefs,Denver Broncos,betrivers,alternate_spreads,Denver Broncos,-3.0,2.55
2026-09-14T23:51:04Z,closing,5ad8135dc2b5f27de0b777acd317855a,2026-09-15T00:15:00Z,Kansas City Chiefs,Denver Broncos,betrivers,alternate_spreads,Denver Broncos,-1.0,2.16
2026-09-14T23:51:04Z,closing,5ad8135dc2b5f27de0b777acd317855a,2026-09-15T00:15:00Z,Kansas City Chiefs,Denver Broncos,betrivers,alternate_spreads,Denver Broncos,7.5,1.3
2026-09-14T23:51:04Z,closing,5ad8135dc2b5f27de0b777acd317855a,2026-09-15T00:15:00Z,Kansas City Chiefs,Denver Broncos,betrivers,alternate_spreads,Denver Broncos,-7.5,4.3
2026-09-14T23:51:04Z,closing,5ad8135dc2b5f27de0b777acd317855a,2026-09-15T00:15:00Z,Kansas City Chiefs,Denver Broncos,betrivers,alternate_spreads,Denver Broncos,8.5,1.26
2026-09-14T23:51:04Z,closing,5ad8135dc2b5f27de0b777acd317855a,2026-09-15T00:15:00Z,Kansas City Chiefs,Denver Broncos,betrivers,alternate_spreads,Denver Broncos,11.5,1.16
2026-09-14T23:51:04Z,closing,5ad8135dc2b5f27de0b777acd317855a,2026-09-15T00:15:00Z,Kansas City Chiefs,Denver Broncos,betrivers,alternate_spreads,Denver Broncos,-9.0,5.0
2026-09-14T23:51:04Z,closing,5ad8135dc2b5f27de0b777acd317855a,2026-09-15T00:15:00Z,Kansas City Chiefs,Denver Broncos,betrivers,alternate_spreads,Denver Broncos,4.0,1.6
2026-09-14T23:51:04Z,closing,5ad8135dc2b5f27de0b777acd317855a,2026-09-15T00:15:00Z,Kansas City Chiefs,Denver Broncos,betrivers,alternate_spreads,Denver Broncos,-0.5,2.1
2026-09-14T23:51:04Z,closing,5ad8135dc2b5f27de0b777acd317855a,2026-09-15T00:15:00Z,Kansas City Chiefs,Denver Broncos,betrivers,alternate_spreads,Denver Broncos,1.5,1.96
2026-09-14T23:51:04Z,closing,5ad8135dc2b5f27de0b777acd317855a,2026-09-15T00:15:00Z,Kansas City Chiefs,Denver Broncos,betrivers,alternate_spreads,Denver Broncos,13.0,1.12
2026-09-14T23:51:04Z,closing,5ad8135dc2b5f27de0b777acd317855a,2026-09-15T00:15:00Z,Kansas City Chiefs,Denver Broncos,betrivers,alternate_spreads,Denver Broncos,10.5,1.19
2026-09-14T23:51:04Z,closing,5ad8135dc2b5f27de0b777acd317855a,2026-09-15T00:15:00Z,Kansas City Chiefs,Denver Broncos,betrivers,alternate_spreads,Denver Broncos,2.0,1.93
2026-09-14T23:51:04Z,closing,5ad8135dc2b5f27de0b777acd317855a,2026-09-15T00:15:00Z,Kansas City Chiefs,Denver Broncos,betrivers,alternate_spreads,Denver Broncos,2.5,1.88
2026-09-14T23:51:04Z,closing,5ad8135dc2b5f27de0b777acd317855a,2026-09-15T00:15:00Z,Kansas City Chiefs,Denver Broncos,betrivers,alternate_spreads,Denver Broncos,3.0,1.76
2026-09-14T23:51:04Z,closing,5ad8135dc2b5f27de0b777acd317855a,2026-09-15T00:15:00Z,Kansas City Chiefs,Denver Broncos,betrivers,alternate_spreads,Kansas City Chiefs,7.0,1.21
2026-09-14T23:51:04Z,closing,5ad8135dc2b5f27de0b777acd317855a,2026-09-15T00:15:00Z,Kansas City Chiefs,Denver Broncos,betrivers,alternate_spreads,Kansas City Chiefs,-5.0,2.48
2026-09-14T23:51:04Z,closing,5ad8135dc2b5f27de0b777acd317855a,2026-09-15T00:15:00Z,Kansas City Chiefs,Denver Broncos,betrivers,alternate_spreads,Kansas City Chiefs,-9.0,3.8
2026-09-14T23:51:04Z,closing,5ad8135dc2b5f27de0b777acd317855a,2026-09-15T00:15:00Z,Kansas City Chiefs,Denver Broncos,betrivers,alternate_spreads,Kansas City Chiefs,8.0,1.16
2026-09-14T23:51:04Z,closing,5ad8135dc2b5f27de0b777acd317855a,2026-09-15T00:15:00Z,Kansas City Chiefs,Denver Broncos,betrivers,alternate_spreads,Kansas City Chiefs,4.0,1.41
2026-09-14T23:51:04Z,closing,5ad8135dc2b5f27de0b777acd317855a,2026-09-15T00:15:00Z,Kansas City Chiefs,Denver Broncos,betrivers,alternate_spreads,Kansas City Chiefs,-3.5,2.3
2026-09-14T23:51:04Z,closing,5ad8135dc2b5f27de0b777acd317855a,2026-09-15T00:15:00Z,Kansas City Chiefs,Denver Broncos,betrivers,alternate_spreads,Kansas City Chiefs,9.5,1.14
2026-09-14T23:51:04Z,closing,5ad8135dc2b5f27de0b777acd317855a,2026-09-15T00:15:00Z,Kansas City Chiefs,Denver Broncos,betrivers,alternate_spreads,Kansas City Chiefs,-6.5,2.8
2026-09-14T23:51:04Z,closing,5ad8135dc2b5f27de0b777acd317855a,2026-09-15T00:15:00Z,Kansas City Chiefs,Denver Broncos,betrivers,alternate_spreads,Kansas City Chiefs,2.5,1.61
2026-09-14T23:51:04Z,closing,5ad8135dc2b5f27de0b777acd317855a,2026-09-15T00:15:00Z,Kansas City Chiefs,Denver Broncos,betrivers,alternate_spreads,Kansas City Chiefs,6.0,1.3
2026-09-14T23:51:04Z,closing,5ad8135dc2b5f27de0b777acd317855a,2026-09-15T00:15:00Z,Kansas City Chiefs,Denver Broncos,betrivers,alternate_spreads,Kansas City Chiefs,5.5,1.35
2026-09-14T23:51:04Z,closing,5ad8135dc2b5f27de0b777acd317855a,2026-09-15T00:15:00Z,Kansas City Chiefs,Denver Broncos,betrivers,alternate_spreads,Kansas City Chiefs,-1.0,1.81
2026-09-14T23:51:04Z,closing,5ad8135dc2b5f27de0b777acd317855a,2026-09-15T00:15:00Z,Kansas City Chiefs,Denver Broncos,betrivers,alternate_spreads,Kansas City Chiefs,1.5,1.67
2026-09-14T23:51:04Z,closing,5ad8135dc2b5f27de0b777acd317855a,2026-09-15T00:15:00Z,Kansas City Chiefs,Denver Broncos,betrivers,alternate_spreads,Kansas City Chiefs,2.0,1.64
2026-09-14T23:51:04Z,closing,5ad8135dc2b5f27de0b777acd317855a,2026-09-15T00:15:00Z,Kansas City Chiefs,Denver Broncos,betrivers,alternate_spreads,Kansas City Chiefs,0.0,1.74
2026-09-14T23:51:04Z,closing,5ad8135dc2b5f27de0b777acd317855a,2026-09-15T00:15:00Z,Kansas City Chiefs,Denver Broncos,betrivers,alternate_spreads,Kansas City Chiefs,3.5,1.45
2026-09-14T23:51:04Z,closing,5ad8135dc2b5f27de0b777acd317855a,2026-09-15T00:15:00Z,Kansas City Chiefs,Denver Broncos,betrivers,alternate_spreads,Kansas City Chiefs,8.5,1.16
2026-09-14T23:51:04Z,closing,5ad8135dc2b5f27de0b777acd317855a,2026-09-15T00:15:00Z,Kansas City Chiefs,Denver Broncos,betrivers,alternate_spreads,Kansas City Chiefs,-11.0,4.6
2026-09-14T23:51:04Z,closing,5ad8135dc2b5f27de0b777acd317855a,2026-09-15T00:15:00Z,Kansas City Chiefs,Denver Broncos,betrivers,alternate_spreads,Kansas City Chiefs,-0.5,1.74
2026-09-14T23:51:04Z,closing,5ad8135dc2b5f27de0b777acd317855a,2026-09-15T00:15:00Z,Kansas City Chiefs,Denver Broncos,betrivers,alternate_spreads,Kansas City Chiefs,-10.0,4.25
2026-09-14T23:51:04Z,closing,5ad8135dc2b5f27de0b777acd317855a,2026-09-15T00:15:00Z,Kansas City Chiefs,Denver Broncos,betrivers,alternate_spreads,Kansas City Chiefs,-7.0,3.15
2026-09-14T23:51:04Z,closing,5ad8135dc2b5f27de0b777acd317855a,2026-09-15T00:15:00Z,Kansas City Chiefs,Denver Broncos,betrivers,alternate_spreads,Kansas City Chiefs,4.5,1.38
2026-09-14T23:51:04Z,closing,5ad8135dc2b5f27de0b777acd317855a,2026-09-15T00:15:00Z,Kansas City Chiefs,Denver Broncos,betrivers,alternate_spreads,Kansas City Chiefs,-9.5,3.8
2026-09-14T23:51:04Z,closing,5ad8135dc2b5f27de0b777acd317855a,2026-09-15T00:15:00Z,Kansas City Chiefs,Denver Broncos,betrivers,alternate_spreads,Kansas City Chiefs,5.0,1.36
2026-09-14T23:51:04Z,closing,5ad8135dc2b5f27de0b777acd317855a,2026-09-15T00:15:00Z,Kansas City Chiefs,Denver Broncos,betrivers,alternate_spreads,Kansas City Chiefs,-12.0,5.0
2026-09-14T23:51:04Z,closing,5ad8135dc2b5f27de0b777acd317855a,2026-09-15T00:15:00Z,Kansas City Chiefs,Denver Broncos,betrivers,alternate_spreads,Kansas City Chiefs,-4.5,2.38
2026-09-14T23:51:04Z,closing,5ad8135dc2b5f27de0b777acd317855a,2026-09-15T00:15:00Z,Kansas City Chiefs,Denver Broncos,betrivers,alternate_spreads,Kansas City Chiefs,6.5,1.28
2026-09-14T23:51:04Z,closing,5ad8135dc2b5f27de0b777acd317855a,2026-09-15T00:15:00Z,Kansas City Chiefs,Denver Broncos,betrivers,alternate_spreads,Kansas City Chiefs,-5.5,2.5
2026-09-14T23:51:04Z,closing,5ad8135dc2b5f27de0b777acd317855a,2026-09-15T00:15:00Z,Kansas City Chiefs,Denver Broncos,betrivers,alternate_spreads,Kansas City Chiefs,-12.5,5.0
2026-09-14T23:51:04Z,closing,5ad8135dc2b5f27de0b777acd317855a,2026-09-15T00:15:00Z,Kansas City Chiefs,Denver Broncos,betrivers,alternate_spreads,Kansas City Chiefs,-8.0,3.55
2026-09-14T23:51:04Z,closing,5ad8135dc2b5f27de0b777acd317855a,2026-09-15T00:15:00Z,Kansas City Chiefs,Denver Broncos,betrivers,alternate_spreads,Kansas City Chiefs,-6.0,2.7
2026-09-14T23:51:04Z,closing,5ad8135dc2b5f27de0b777acd317855a,2026-09-15T00:15:00Z,Kansas City Chiefs,Denver Broncos,betrivers,alternate_spreads,Kansas City Chiefs,3.0,1.51
2026-09-14T23:51:04Z,closing,5ad8135dc2b5f27de0b777acd317855a,2026-09-15T00:15:00Z,Kansas City Chiefs,Denver Broncos,betrivers,alternate_spreads,Kansas City Chiefs,1.0,1.7
2026-09-14T23:51:04Z,closing,5ad8135dc2b5f27de0b777acd317855a,2026-09-15T00:15:00Z,Kansas City Chiefs,Denver Broncos,betrivers,alternate_spreads,Kansas City Chiefs,-7.5,3.35
2026-09-14T23:51:04Z,closing,5ad8135dc2b5f27de0b777acd317855a,2026-09-15T00:15:00Z,Kansas City Chiefs,Denver Broncos,betrivers,alternate_spreads,Kansas City Chiefs,7.5,1.19
2026-09-14T23:51:04Z,closing,5ad8135dc2b5f27de0b777acd317855a,2026-09-15T00:15:00Z,Kansas City Chiefs,Denver Broncos,betrivers,alternate_spreads,Kansas City Chiefs,-8.5,3.65
2026-09-14T23:51:04Z,closing,5ad8135dc2b5f27de0b777acd317855a,2026-09-15T00:15:00Z,Kansas City Chiefs,Denver Broncos,betrivers,alternate_spreads,Kansas City Chiefs,-11.5,4.7
2026-09-14T23:51:04Z,closing,5ad8135dc2b5f27de0b777acd317855a,2026-09-15T00:15:00Z,Kansas City Chiefs,Denver Broncos,betrivers,alternate_spreads,Kansas City Chiefs,9.0,1.14
2026-09-14T23:51:04Z,closing,5ad8135dc2b5f27de0b777acd317855a,2026-09-15T00:15:00Z,Kansas City Chiefs,Denver Broncos,betrivers,alternate_spreads,Kansas City Chiefs,-4.0,2.35
2026-09-14T23:51:04Z,closing,5ad8135dc2b5f27de0b777acd317855a,2026-09-15T00:15:00Z,Kansas City Chiefs,Denver Broncos,betrivers,alternate_spreads,Kansas City Chiefs,0.5,1.74
2026-09-14T23:51:04Z,closing,5ad8135dc2b5f27de0b777acd317855a,2026-09-15T00:15:00Z,Kansas City Chiefs,Denver Broncos,betrivers,alternate_spreads,Kansas City Chiefs,-1.5,1.85
2026-09-14T23:51:04Z,closing,5ad8135dc2b5f27de0b777acd317855a,2026-09-15T00:15:00Z,Kansas City Chiefs,Denver Broncos,betrivers,alternate_spreads,Kansas City Chiefs,-13.0,5.4
2026-09-14T23:51:04Z,closing,5ad8135dc2b5f27de0b777acd317855a,2026-09-15T00:15:00Z,Kansas City Chiefs,Denver Broncos,betrivers,alternate_spreads,Kansas City Chiefs,-10.5,4.35
2026-09-14T23:51:04Z,closing,5ad8135dc2b5f27de0b777acd317855a,2026-09-15T00:15:00Z,Kansas City Chiefs,Denver Broncos,betrivers,alternate_spreads,Kansas City Chiefs,-2.0,1.88
2026-09-14T23:51:04Z,closing,5ad8135dc2b5f27de0b777acd317855a,2026-09-15T00:15:00Z,Kansas City Chiefs,Denver Broncos,betrivers,alternate_spreads,Kansas City Chiefs,-2.5,1.93
2026-09-14T23:51:04Z,closing,5ad8135dc2b5f27de0b777acd317855a,2026-09-15T00:15:00Z,Kansas City Chiefs,Denver Broncos,betrivers,alternate_spreads,Kansas City Chiefs,-3.0,2.07
2026-09-14T23:51:04Z,closing,5ad8135dc2b5f27de0b777acd317855a,2026-09-15T00:15:00Z,Kansas City Chiefs,Denver Broncos,pinnacle,alternate_spreads,Denver Broncos,2.0,1.88
2026-09-14T23:51:04Z,closing,5ad8135dc2b5f27de0b777acd317855a,2026-09-15T00:15:00Z,Kansas City Chiefs,Denver Broncos,pinnacle,alternate_spreads,Denver Broncos,-3.5,2.75
2026-09-14T23:51:04Z,closing,5ad8135dc2b5f27de0b777acd317855a,2026-09-15T00:15:00Z,Kansas City Chiefs,Denver Broncos,pinnacle,alternate_spreads,Denver Broncos,-2.0,2.24
2026-09-14T23:51:04Z,closing,5ad8135dc2b5f27de0b777acd317855a,2026-09-15T00:15:00Z,Kansas City Chiefs,Denver Broncos,pinnacle,alternate_spreads,Denver Broncos,-1.5,2.16
2026-09-14T23:51:04Z,closing,5ad8135dc2b5f27de0b777acd317855a,2026-09-15T00:15:00Z,Kansas City Chiefs,Denver Broncos,pinnacle,alternate_spreads,Denver Broncos,-1.0,2.11
2026-09-14T23:51:04Z,closing,5ad8135dc2b5f27de0b777acd317855a,2026-09-15T00:15:00Z,Kansas City Chiefs,Denver Broncos,pinnacle,alternate_spreads,Denver Broncos,1.0,2.0
2026-09-14T23:51:04Z,closing,5ad8135dc2b5f27de0b777acd317855a,2026-09-15T00:15:00Z,Kansas City Chiefs,Denver Broncos,pinnacle,alternate_spreads,Denver Broncos,1.5,1.94
2026-09-14T23:51:04Z,closing,5ad8135dc2b5f27de0b777acd317855a,2026-09-15T00:15:00Z,Kansas City Chiefs,Denver Broncos,pinnacle,alternate_spreads,Denver Broncos,2.5,1.83
2026-09-14T23:51:04Z,closing,5ad8135dc2b5f27de0b777acd317855a,2026-09-15T00:15:00Z,Kansas City Chiefs,Denver Broncos,pinnacle,alternate_spreads,Denver Broncos,3.0,1.68
2026-09-14T23:51:04Z,closing,5ad8135dc2b5f27de0b777acd317855a,2026-09-15T00:15:00Z,Kansas City Chiefs,Denver Broncos,pinnacle,alternate_spreads,Denver Broncos,3.5,1.58
2026-09-14T23:51:04Z,closing,5ad8135dc2b5f27de0b777acd317855a,2026-09-15T00:15:00Z,Kansas City Chiefs,Denver Broncos,pinnacle,alternate_spreads,Denver Broncos,4.0,1.54
2026-09-14T23:51:04Z,closing,5ad8135dc2b5f27de0b777acd317855a,2026-09-15T00:15:00Z,Kansas City Chiefs,Denver Broncos,pinnacle,alternate_spreads,Denver Broncos,4.5,1.51
2026-09-14T23:51:04Z,closing,5ad8135dc2b5f27de0b777acd317855a,2026-09-15T00:15:00Z,Kansas City Chiefs,Denver Broncos,pinnacle,alternate_spreads,Denver Broncos,7.5,1.32
2026-09-14T23:51:04Z,closing,5ad8135dc2b5f27de0b777acd317855a,2026-09-15T00:15:00Z,Kansas City Chiefs,Denver Broncos,pinnacle,alternate_spreads,Kansas City Chiefs,-2.0,2.03
2026-09-14T23:51:04Z,closing,5ad8135dc2b5f27de0b777acd317855a,2026-09-15T00:15:00Z,Kansas City Chiefs,Denver Broncos,pinnacle,alternate_spreads,Kansas City Chiefs,3.5,1.49
2026-09-14T23:51:04Z,closing,5ad8135dc2b5f27de0b777acd317855a,2026-09-15T00:15:00Z,Kansas City Chiefs,Denver Broncos,pinnacle,alternate_spreads,Kansas City Chiefs,2.0,1.71
2026-09-14T23:51:04Z,closing,5ad8135dc2b5f27de0b777acd317855a,2026-09-15T00:15:00Z,Kansas City Chiefs,Denver Broncos,pinnacle,alternate_spreads,Kansas City Chiefs,1.5,1.76
2026-09-14T23:51:04Z,closing,5ad8135dc2b5f27de0b777acd317855a,2026-09-15T00:15:00Z,Kansas City Chiefs,Denver Broncos,pinnacle,alternate_spreads,Kansas City Chiefs,1.0,1.79
2026-09-14T23:51:04Z,closing,5ad8135dc2b5f27de0b777acd317855a,2026-09-15T00:15:00Z,Kansas City Chiefs,Denver Broncos,pinnacle,alternate_spreads,Kansas City Chiefs,-1.0,1.88
2026-09-14T23:51:04Z,closing,5ad8135dc2b5f27de0b777acd317855a,2026-09-15T00:15:00Z,Kansas City Chiefs,Denver Broncos,pinnacle,alternate_spreads,Kansas City Chiefs,-1.5,1.95
2026-09-14T23:51:04Z,closing,5ad8135dc2b5f27de0b777acd317855a,2026-09-15T00:15:00Z,Kansas City Chiefs,Denver Broncos,pinnacle,alternate_spreads,Kansas City Chiefs,-2.5,2.09
2026-09-14T23:51:04Z,closing,5ad8135dc2b5f27de0b777acd317855a,2026-09-15T00:15:00Z,Kansas City Chiefs,Denver Broncos,pinnacle,alternate_spreads,Kansas City Chiefs,-3.0,2.31
2026-09-14T23:51:04Z,closing,5ad8135dc2b5f27de0b777acd317855a,2026-09-15T00:15:00Z,Kansas City Chiefs,Denver Broncos,pinnacle,alternate_spreads,Kansas City Chiefs,-3.5,2.5
2026-09-14T23:51:04Z,closing,5ad8135dc2b5f27de0b777acd317855a,2026-09-15T00:15:00Z,Kansas City Chiefs,Denver Broncos,pinnacle,alternate_spreads,Kansas City Chiefs,-4.0,2.6
2026-09-14T23:51:04Z,closing,5ad8135dc2b5f27de0b777acd317855a,2026-09-15T00:15:00Z,Kansas City Chiefs,Denver Broncos,pinnacle,alternate_spreads,Kansas City Chiefs,-4.5,2.68
2026-09-14T23:51:04Z,closing,5ad8135dc2b5f27de0b777acd317855a,2026-09-15T00:15:00Z,Kansas City Chiefs,Denver Broncos,pinnacle,alternate_spreads,Kansas City Chiefs,-7.5,3.56
2026-09-14T23:51:04Z,closing,5ad8135dc2b5f27de0b777acd317855a,2026-09-15T00:15:00Z,Kansas City Chiefs,Denver Broncos,pinnacle,alternate_totals,Over,43.0,2.01
2026-09-14T23:51:04Z,closing,5ad8135dc2b5f27de0b777acd317855a,2026-09-15T00:15:00Z,Kansas City Chiefs,Denver Broncos,pinnacle,alternate_totals,Over,36.5,1.42
2026-09-14T23:51:04Z,closing,5ad8135dc2b5f27de0b777acd317855a,2026-09-15T00:15:00Z,Kansas City Chiefs,Denver Broncos,pinnacle,alternate_totals,Over,40.5,1.7
2026-09-14T23:51:04Z,closing,5ad8135dc2b5f27de0b777acd317855a,2026-09-15T00:15:00Z,Kansas City Chiefs,Denver Broncos,pinnacle,alternate_totals,Over,41.0,1.75
2026-09-14T23:51:04Z,closing,5ad8135dc2b5f27de0b777acd317855a,2026-09-15T00:15:00Z,Kansas City Chiefs,Denver Broncos,pinnacle,alternate_totals,Over,41.5,1.81
2026-09-14T23:51:04Z,closing,5ad8135dc2b5f27de0b777acd317855a,2026-09-15T00:15:00Z,Kansas City Chiefs,Denver Broncos,pinnacle,alternate_totals,Over,42.0,1.86
2026-09-14T23:51:04Z,closing,5ad8135dc2b5f27de0b777acd317855a,2026-09-15T00:15:00Z,Kansas City Chiefs,Denver Broncos,pinnacle,alternate_totals,Over,42.5,1.93
2026-09-14T23:51:04Z,closing,5ad8135dc2b5f27de0b777acd317855a,2026-09-15T00:15:00Z,Kansas City Chiefs,Denver Broncos,pinnacle,alternate_totals,Over,43.5,2.08
2026-09-14T23:51:04Z,closing,5ad8135dc2b5f27de0b777acd317855a,2026-09-15T00:15:00Z,Kansas City Chiefs,Denver Broncos,pinnacle,alternate_totals,Over,44.0,2.16
2026-09-14T23:51:04Z,closing,5ad8135dc2b5f27de0b777acd317855a,2026-09-15T00:15:00Z,Kansas City Chiefs,Denver Broncos,pinnacle,alternate_totals,Over,44.5,2.24
2026-09-14T23:51:04Z,closing,5ad8135dc2b5f27de0b777acd317855a,2026-09-15T00:15:00Z,Kansas City Chiefs,Denver Broncos,pinnacle,alternate_totals,Over,45.0,2.33
2026-09-14T23:51:04Z,closing,5ad8135dc2b5f27de0b777acd317855a,2026-09-15T00:15:00Z,Kansas City Chiefs,Denver Broncos,pinnacle,alternate_totals,Over,45.5,2.42
2026-09-14T23:51:04Z,closing,5ad8135dc2b5f27de0b777acd317855a,2026-09-15T00:15:00Z,Kansas City Chiefs,Denver Broncos,pinnacle,alternate_totals,Over,49.5,3.04
2026-09-14T23:51:04Z,closing,5ad8135dc2b5f27de0b777acd317855a,2026-09-15T00:15:00Z,Kansas City Chiefs,Denver Broncos,pinnacle,alternate_totals,Under,43.0,1.88
2026-09-14T23:51:04Z,closing,5ad8135dc2b5f27de0b777acd317855a,2026-09-15T00:15:00Z,Kansas City Chiefs,Denver Broncos,pinnacle,alternate_totals,Under,36.5,2.98
2026-09-14T23:51:04Z,closing,5ad8135dc2b5f27de0b777acd317855a,2026-09-15T00:15:00Z,Kansas City Chiefs,Denver Broncos,pinnacle,alternate_totals,Under,40.5,2.23
2026-09-14T23:51:04Z,closing,5ad8135dc2b5f27de0b777acd317855a,2026-09-15T00:15:00Z,Kansas City Chiefs,Denver Broncos,pinnacle,alternate_totals,Under,41.0,2.15
2026-09-14T23:51:04Z,closing,5ad8135dc2b5f27de0b777acd317855a,2026-09-15T00:15:00Z,Kansas City Chiefs,Denver Broncos,pinnacle,alternate_totals,Under,41.5,2.08
2026-09-14T23:51:04Z,closing,5ad8135dc2b5f27de0b777acd317855a,2026-09-15T00:15:00Z,Kansas City Chiefs,Denver Broncos,pinnacle,alternate_totals,Under,42.0,2.01
2026-09-14T23:51:04Z,closing,5ad8135dc2b5f27de0b777acd317855a,2026-09-15T00:15:00Z,Kansas City Chiefs,Denver Broncos,pinnacle,alternate_totals,Under,42.5,1.94
2026-09-14T23:51:04Z,closing,5ad8135dc2b5f27de0b777acd317855a,2026-09-15T00:15:00Z,Kansas City Chiefs,Denver Broncos,pinnacle,alternate_totals,Under,43.5,1.81
2026-09-14T23:51:04Z,closing,5ad8135dc2b5f27de0b777acd317855a,2026-09-15T00:15:00Z,Kansas City Chiefs,Denver Broncos,pinnacle,alternate_totals,Under,44.0,1.75
2026-09-14T23:51:04Z,closing,5ad8135dc2b5f27de0b777acd317855a,2026-09-15T00:15:00Z,Kansas City Chiefs,Denver Broncos,pinnacle,alternate_totals,Under,44.5,1.7
2026-09-14T23:51:04Z,closing,5ad8135dc2b5f27de0b777acd317855a,2026-09-15T00:15:00Z,Kansas City Chiefs,Denver Broncos,pinnacle,alternate_totals,Under,45.0,1.65
2026-09-14T23:51:04Z,closing,5ad8135dc2b5f27de0b777acd317855a,2026-09-15T00:15:00Z,Kansas City Chiefs,Denver Broncos,pinnacle,alternate_totals,Under,45.5,1.61
2026-09-14T23:51:04Z,closing,5ad8135dc2b5f27de0b777acd317855a,2026-09-15T00:15:00Z,Kansas City Chiefs,Denver Broncos,pinnacle,alternate_totals,Under,49.5,1.41
