snapshot_utc,mode,event_id,commence_utc,home,away,book,market,outcome,point,price
2026-09-17T07:14:46Z,scheduled,56e8897681915f7ec92baeee952bb1ae,2026-09-18T00:15:00Z,Buffalo Bills,Detroit Lions,draftkings,h2h,Buffalo Bills,,1.42
2026-09-17T07:14:46Z,scheduled,56e8897681915f7ec92baeee952bb1ae,2026-09-18T00:15:00Z,Buffalo Bills,Detroit Lions,draftkings,h2h,Detroit Lions,,2.95
2026-09-17T07:14:46Z,scheduled,56e8897681915f7ec92baeee952bb1ae,2026-09-18T00:15:00Z,Buffalo Bills,Detroit Lions,draftkings,spreads,Buffalo Bills,-4.5,1.85
2026-09-17T07:14:46Z,scheduled,56e8897681915f7ec92baeee952bb1ae,2026-09-18T00:15:00Z,Buffalo Bills,Detroit Lions,draftkings,spreads,Detroit Lions,4.5,1.98
2026-09-17T07:14:46Z,scheduled,56e8897681915f7ec92baeee952bb1ae,2026-09-18T00:15:00Z,Buffalo Bills,Detroit Lions,draftkings,totals,Over,54.5,1.85
2026-09-17T07:14:46Z,scheduled,56e8897681915f7ec92baeee952bb1ae,2026-09-18T00:15:00Z,Buffalo Bills,Detroit Lions,draftkings,totals,Under,54.5,1.98
2026-09-17T07:14:46Z,scheduled,56e8897681915f7ec92baeee952bb1ae,2026-09-18T00:15:00Z,Buffalo Bills,Detroit Lions,fanduel,h2h,Buffalo Bills,,1.42
2026-09-17T07:14:46Z,scheduled,56e8897681915f7ec92baeee952bb1ae,2026-09-18T00:15:00Z,Buffalo Bills,Detroit Lions,fanduel,h2h,Detroit Lions,,2.98
2026-09-17T07:14:46Z,scheduled,56e8897681915f7ec92baeee952bb1ae,2026-09-18T00:15:00Z,Buffalo Bills,Detroit Lions,fanduel,spreads,Buffalo Bills,-4.5,1.87
2026-09-17T07:14:46Z,scheduled,56e8897681915f7ec92baeee952bb1ae,2026-09-18T00:15:00Z,Buffalo Bills,Detroit Lions,fanduel,spreads,Detroit Lions,4.5,1.95
2026-09-17T07:14:46Z,scheduled,56e8897681915f7ec92baeee952bb1ae,2026-09-18T00:15:00Z,Buffalo Bills,Detroit Lions,fanduel,totals,Over,54.5,1.88
2026-09-17T07:14:46Z,scheduled,56e8897681915f7ec92baeee952bb1ae,2026-09-18T00:15:00Z,Buffalo Bills,Detroit Lions,fanduel,totals,Under,54.5,1.94
2026-09-17T07:14:46Z,scheduled,56e8897681915f7ec92baeee952bb1ae,2026-09-18T00:15:00Z,Buffalo Bills,Detroit Lions,betmgm,h2h,Buffalo Bills,,1.44
2026-09-17T07:14:46Z,scheduled,56e8897681915f7ec92baeee952bb1ae,2026-09-18T00:15:00Z,Buffalo Bills,Detroit Lions,betmgm,h2h,Detroit Lions,,2.88
2026-09-17T07:14:46Z,scheduled,56e8897681915f7ec92baeee952bb1ae,2026-09-18T00:15:00Z,Buffalo Bills,Detroit Lions,betmgm,spreads,Buffalo Bills,-5.5,1.93
2026-09-17T07:14:46Z,scheduled,56e8897681915f7ec92baeee952bb1ae,2026-09-18T00:15:00Z,Buffalo Bills,Detroit Lions,betmgm,spreads,Detroit Lions,5.5,1.91
2026-09-17T07:14:46Z,scheduled,56e8897681915f7ec92baeee952bb1ae,2026-09-18T00:15:00Z,Buffalo Bills,Detroit Lions,betmgm,totals,Over,55.0,1.93
2026-09-17T07:14:46Z,scheduled,56e8897681915f7ec92baeee952bb1ae,2026-09-18T00:15:00Z,Buffalo Bills,Detroit Lions,betmgm,totals,Under,55.0,1.91
2026-09-17T07:14:46Z,scheduled,56e8897681915f7ec92baeee952bb1ae,2026-09-18T00:15:00Z,Buffalo Bills,Detroit Lions,betrivers,h2h,Buffalo Bills,,1.42
2026-09-17T07:14:46Z,scheduled,56e8897681915f7ec92baeee952bb1ae,2026-09-18T00:15:00Z,Buffalo Bills,Detroit Lions,betrivers,h2h,Detroit Lions,,2.9
2026-09-17T07:14:46Z,scheduled,56e8897681915f7ec92baeee952bb1ae,2026-09-18T00:15:00Z,Buffalo Bills,Detroit Lions,betrivers,spreads,Buffalo Bills,-5.0,1.92
2026-09-17T07:14:46Z,scheduled,56e8897681915f7ec92baeee952bb1ae,2026-09-18T00:15:00Z,Buffalo Bills,Detroit Lions,betrivers,spreads,Detroit Lions,5.0,1.89
2026-09-17T07:14:46Z,scheduled,56e8897681915f7ec92baeee952bb1ae,2026-09-18T00:15:00Z,Buffalo Bills,Detroit Lions,betrivers,totals,Over,54.5,1.93
2026-09-17T07:14:46Z,scheduled,56e8897681915f7ec92baeee952bb1ae,2026-09-18T00:15:00Z,Buffalo Bills,Detroit Lions,betrivers,totals,Under,54.5,1.88
2026-09-17T07:14:46Z,scheduled,56e8897681915f7ec92baeee952bb1ae,2026-09-18T00:15:00Z,Buffalo Bills,Detroit Lions,matchbook,h2h,Buffalo Bills,,1.46
2026-09-17T07:14:46Z,scheduled,56e8897681915f7ec92baeee952bb1ae,2026-09-18T00:15:00Z,Buffalo Bills,Detroit Lions,matchbook,h2h,Detroit Lions,,3.1
2026-09-17T07:14:46Z,scheduled,56e8897681915f7ec92baeee952bb1ae,2026-09-18T00:15:00Z,Buffalo Bills,Detroit Lions,matchbook,h2h_lay,Buffalo Bills,,1.47
2026-09-17T07:14:46Z,scheduled,56e8897681915f7ec92baeee952bb1ae,2026-09-18T00:15:00Z,Buffalo Bills,Detroit Lions,matchbook,h2h_lay,Detroit Lions,,3.15
2026-09-17T07:14:46Z,scheduled,56e8897681915f7ec92baeee952bb1ae,2026-09-18T00:15:00Z,Buffalo Bills,Detroit Lions,matchbook,spreads,Buffalo Bills,-5.0,1.96
2026-09-17T07:14:46Z,scheduled,56e8897681915f7ec92baeee952bb1ae,2026-09-18T00:15:00Z,Buffalo Bills,Detroit Lions,matchbook,spreads,Detroit Lions,5.0,2.02
2026-09-17T07:14:46Z,scheduled,56e8897681915f7ec92baeee952bb1ae,2026-09-18T00:15:00Z,Buffalo Bills,Detroit Lions,matchbook,totals,Over,54.5,1.9
2026-09-17T07:14:46Z,scheduled,56e8897681915f7ec92baeee952bb1ae,2026-09-18T00:15:00Z,Buffalo Bills,Detroit Lions,matchbook,totals,Under,54.5,2.08
2026-09-17T07:14:46Z,scheduled,56e8897681915f7ec92baeee952bb1ae,2026-09-18T00:15:00Z,Buffalo Bills,Detroit Lions,pinnacle,h2h,Buffalo Bills,,1.43
2026-09-17T07:14:46Z,scheduled,56e8897681915f7ec92baeee952bb1ae,2026-09-18T00:15:00Z,Buffalo Bills,Detroit Lions,pinnacle,h2h,Detroit Lions,,2.98
2026-09-17T07:14:46Z,scheduled,56e8897681915f7ec92baeee952bb1ae,2026-09-18T00:15:00Z,Buffalo Bills,Detroit Lions,pinnacle,spreads,Buffalo Bills,-5.0,1.88
2026-09-17T07:14:46Z,scheduled,56e8897681915f7ec92baeee952bb1ae,2026-09-18T00:15:00Z,Buffalo Bills,Detroit Lions,pinnacle,spreads,Detroit Lions,5.0,2.0
2026-09-17T07:14:46Z,scheduled,56e8897681915f7ec92baeee952bb1ae,2026-09-18T00:15:00Z,Buffalo Bills,Detroit Lions,pinnacle,totals,Over,54.5,1.87
2026-09-17T07:14:46Z,scheduled,56e8897681915f7ec92baeee952bb1ae,2026-09-18T00:15:00Z,Buffalo Bills,Detroit Lions,pinnacle,totals,Under,54.5,1.99
2026-09-17T07:14:46Z,scheduled,56e8897681915f7ec92baeee952bb1ae,2026-09-18T00:15:00Z,Buffalo Bills,Detroit Lions,coolbet,h2h,Buffalo Bills,,1.42
2026-09-17T07:14:46Z,scheduled,56e8897681915f7ec92baeee952bb1ae,2026-09-18T00:15:00Z,Buffalo Bills,Detroit Lions,coolbet,h2h,Detroit Lions,,2.98
2026-09-17T07:14:46Z,scheduled,56e8897681915f7ec92baeee952bb1ae,2026-09-18T00:15:00Z,Buffalo Bills,Detroit Lions,coolbet,spreads,Buffalo Bills,-4.5,1.91
2026-09-17T07:14:46Z,scheduled,56e8897681915f7ec92baeee952bb1ae,2026-09-18T00:15:00Z,Buffalo Bills,Detroit Lions,coolbet,spreads,Detroit Lions,4.5,1.93
2026-09-17T07:14:46Z,scheduled,56e8897681915f7ec92baeee952bb1ae,2026-09-18T00:15:00Z,Buffalo Bills,Detroit Lions,coolbet,totals,Over,55.0,1.93
2026-09-17T07:14:46Z,scheduled,56e8897681915f7ec92baeee952bb1ae,2026-09-18T00:15:00Z,Buffalo Bills,Detroit Lions,coolbet,totals,Under,55.0,1.91
2026-09-17T07:14:46Z,scheduled,56e8897681915f7ec92baeee952bb1ae,2026-09-18T00:15:00Z,Buffalo Bills,Detroit Lions,betfair_ex_eu,h2h,Buffalo Bills,,1.46
2026-09-17T07:14:46Z,scheduled,56e8897681915f7ec92baeee952bb1ae,2026-09-18T00:15:00Z,Buffalo Bills,Detroit Lions,betfair_ex_eu,h2h,Detroit Lions,,3.1
2026-09-17T07:14:46Z,scheduled,56e8897681915f7ec92baeee952bb1ae,2026-09-18T00:15:00Z,Buffalo Bills,Detroit Lions,betfair_ex_eu,h2h_lay,Buffalo Bills,,1.47
2026-09-17T07:14:46Z,scheduled,56e8897681915f7ec92baeee952bb1ae,2026-09-18T00:15:00Z,Buffalo Bills,Detroit Lions,betfair_ex_eu,h2h_lay,Detroit Lions,,3.15
2026-09-17T07:14:46Z,scheduled,aee7eae1849ebb103b9bf233e9741392,2026-09-20T17:00:00Z,Atlanta Falcons,Carolina Panthers,draftkings,h2h,Atlanta Falcons,,2.3
2026-09-17T07:14:46Z,scheduled,aee7eae1849ebb103b9bf233e9741392,2026-09-20T17:00:00Z,Atlanta Falcons,Carolina Panthers,draftkings,h2h,Carolina Panthers,,1.65
2026-09-17T07:14:46Z,scheduled,aee7eae1849ebb103b9bf233e9741392,2026-09-20T17:00:00Z,Atlanta Falcons,Carolina Panthers,draftkings,spreads,Atlanta Falcons,2.5,1.98
2026-09-17T07:14:46Z,scheduled,aee7eae1849ebb103b9bf233e9741392,2026-09-20T17:00:00Z,Atlanta Falcons,Carolina Panthers,draftkings,spreads,Carolina Panthers,-2.5,1.85
2026-09-17T07:14:46Z,scheduled,aee7eae1849ebb103b9bf233e9741392,2026-09-20T17:00:00Z,Atlanta Falcons,Carolina Panthers,draftkings,totals,Over,43.5,1.87
2026-09-17T07:14:46Z,scheduled,aee7eae1849ebb103b9bf233e9741392,2026-09-20T17:00:00Z,Atlanta Falcons,Carolina Panthers,draftkings,totals,Under,43.5,1.95
2026-09-17T07:14:46Z,scheduled,aee7eae1849ebb103b9bf233e9741392,2026-09-20T17:00:00Z,Atlanta Falcons,Carolina Panthers,fanduel,h2h,Atlanta Falcons,,2.12
2026-09-17T07:14:46Z,scheduled,aee7eae1849ebb103b9bf233e9741392,2026-09-20T17:00:00Z,Atlanta Falcons,Carolina Panthers,fanduel,h2h,Carolina Panthers,,1.76
2026-09-17T07:14:46Z,scheduled,aee7eae1849ebb103b9bf233e9741392,2026-09-20T17:00:00Z,Atlanta Falcons,Carolina Panthers,fanduel,spreads,Atlanta Falcons,2.5,1.87
2026-09-17T07:14:46Z,scheduled,aee7eae1849ebb103b9bf233e9741392,2026-09-20T17:00:00Z,Atlanta Falcons,Carolina Panthers,fanduel,spreads,Carolina Panthers,-2.5,1.95
2026-09-17T07:14:46Z,scheduled,aee7eae1849ebb103b9bf233e9741392,2026-09-20T17:00:00Z,Atlanta Falcons,Carolina Panthers,fanduel,totals,Over,43.5,1.87
2026-09-17T07:14:46Z,scheduled,aee7eae1849ebb103b9bf233e9741392,2026-09-20T17:00:00Z,Atlanta Falcons,Carolina Panthers,fanduel,totals,Under,43.5,1.95
2026-09-17T07:14:46Z,scheduled,aee7eae1849ebb103b9bf233e9741392,2026-09-20T17:00:00Z,Atlanta Falcons,Carolina Panthers,betrivers,h2h,Atlanta Falcons,,2.2
2026-09-17T07:14:46Z,scheduled,aee7eae1849ebb103b9bf233e9741392,2026-09-20T17:00:00Z,Atlanta Falcons,Carolina Panthers,betrivers,h2h,Carolina Panthers,,1.7
2026-09-17T07:14:46Z,scheduled,aee7eae1849ebb103b9bf233e9741392,2026-09-20T17:00:00Z,Atlanta Falcons,Carolina Panthers,betrivers,spreads,Atlanta Falcons,2.5,1.94
2026-09-17T07:14:46Z,scheduled,aee7eae1849ebb103b9bf233e9741392,2026-09-20T17:00:00Z,Atlanta Falcons,Carolina Panthers,betrivers,spreads,Carolina Panthers,-2.5,1.87
2026-09-17T07:14:46Z,scheduled,aee7eae1849ebb103b9bf233e9741392,2026-09-20T17:00:00Z,Atlanta Falcons,Carolina Panthers,betrivers,totals,Over,43.5,1.91
2026-09-17T07:14:46Z,scheduled,aee7eae1849ebb103b9bf233e9741392,2026-09-20T17:00:00Z,Atlanta Falcons,Carolina Panthers,betrivers,totals,Under,43.5,1.91
2026-09-17T07:14:46Z,scheduled,aee7eae1849ebb103b9bf233e9741392,2026-09-20T17:00:00Z,Atlanta Falcons,Carolina Panthers,betmgm,h2h,Atlanta Falcons,,2.2
2026-09-17T07:14:46Z,scheduled,aee7eae1849ebb103b9bf233e9741392,2026-09-20T17:00:00Z,Atlanta Falcons,Carolina Panthers,betmgm,h2h,Carolina Panthers,,1.69
2026-09-17T07:14:46Z,scheduled,aee7eae1849ebb103b9bf233e9741392,2026-09-20T17:00:00Z,Atlanta Falcons,Carolina Panthers,betmgm,spreads,Atlanta Falcons,2.5,1.95
2026-09-17T07:14:46Z,scheduled,aee7eae1849ebb103b9bf233e9741392,2026-09-20T17:00:00Z,Atlanta Falcons,Carolina Panthers,betmgm,spreads,Carolina Panthers,-2.5,1.89
2026-09-17T07:14:46Z,scheduled,aee7eae1849ebb103b9bf233e9741392,2026-09-20T17:00:00Z,Atlanta Falcons,Carolina Panthers,betmgm,totals,Over,44.0,1.93
2026-09-17T07:14:46Z,scheduled,aee7eae1849ebb103b9bf233e9741392,2026-09-20T17:00:00Z,Atlanta Falcons,Carolina Panthers,betmgm,totals,Under,44.0,1.91
2026-09-17T07:14:46Z,scheduled,aee7eae1849ebb103b9bf233e9741392,2026-09-20T17:00:00Z,Atlanta Falcons,Carolina Panthers,coolbet,h2h,Atlanta Falcons,,2.21
2026-09-17T07:14:46Z,scheduled,aee7eae1849ebb103b9bf233e9741392,2026-09-20T17:00:00Z,Atlanta Falcons,Carolina Panthers,coolbet,h2h,Carolina Panthers,,1.7
2026-09-17T07:14:46Z,scheduled,aee7eae1849ebb103b9bf233e9741392,2026-09-20T17:00:00Z,Atlanta Falcons,Carolina Panthers,coolbet,spreads,Atlanta Falcons,2.5,1.92
2026-09-17T07:14:46Z,scheduled,aee7eae1849ebb103b9bf233e9741392,2026-09-20T17:00:00Z,Atlanta Falcons,Carolina Panthers,coolbet,spreads,Carolina Panthers,-2.5,1.92
2026-09-17T07:14:46Z,scheduled,aee7eae1849ebb103b9bf233e9741392,2026-09-20T17:00:00Z,Atlanta Falcons,Carolina Panthers,coolbet,totals,Over,43.5,1.89
2026-09-17T07:14:46Z,scheduled,aee7eae1849ebb103b9bf233e9741392,2026-09-20T17:00:00Z,Atlanta Falcons,Carolina Panthers,coolbet,totals,Under,43.5,1.96
2026-09-17T07:14:46Z,scheduled,aee7eae1849ebb103b9bf233e9741392,2026-09-20T17:00:00Z,Atlanta Falcons,Carolina Panthers,matchbook,h2h,Atlanta Falcons,,2.3
2026-09-17T07:14:46Z,scheduled,aee7eae1849ebb103b9bf233e9741392,2026-09-20T17:00:00Z,Atlanta Falcons,Carolina Panthers,matchbook,h2h,Carolina Panthers,,1.74
2026-09-17T07:14:46Z,scheduled,aee7eae1849ebb103b9bf233e9741392,2026-09-20T17:00:00Z,Atlanta Falcons,Carolina Panthers,matchbook,h2h_lay,Atlanta Falcons,,2.36
2026-09-17T07:14:46Z,scheduled,aee7eae1849ebb103b9bf233e9741392,2026-09-20T17:00:00Z,Atlanta Falcons,Carolina Panthers,matchbook,h2h_lay,Carolina Panthers,,1.76
2026-09-17T07:14:46Z,scheduled,aee7eae1849ebb103b9bf233e9741392,2026-09-20T17:00:00Z,Atlanta Falcons,Carolina Panthers,matchbook,spreads,Atlanta Falcons,2.5,2.0
2026-09-17T07:14:46Z,scheduled,aee7eae1849ebb103b9bf233e9741392,2026-09-20T17:00:00Z,Atlanta Falcons,Carolina Panthers,matchbook,spreads,Carolina Panthers,-2.5,1.92
2026-09-17T07:14:46Z,scheduled,aee7eae1849ebb103b9bf233e9741392,2026-09-20T17:00:00Z,Atlanta Falcons,Carolina Panthers,matchbook,totals,Over,44.0,1.92
2026-09-17T07:14:46Z,scheduled,aee7eae1849ebb103b9bf233e9741392,2026-09-20T17:00:00Z,Atlanta Falcons,Carolina Panthers,matchbook,totals,Under,44.0,1.97
2026-09-17T07:14:46Z,scheduled,aee7eae1849ebb103b9bf233e9741392,2026-09-20T17:00:00Z,Atlanta Falcons,Carolina Panthers,betfair_ex_eu,h2h,Atlanta Falcons,,2.3
2026-09-17T07:14:46Z,scheduled,aee7eae1849ebb103b9bf233e9741392,2026-09-20T17:00:00Z,Atlanta Falcons,Carolina Panthers,betfair_ex_eu,h2h,Carolina Panthers,,1.74
2026-09-17T07:14:46Z,scheduled,aee7eae1849ebb103b9bf233e9741392,2026-09-20T17:00:00Z,Atlanta Falcons,Carolina Panthers,betfair_ex_eu,h2h_lay,Atlanta Falcons,,2.36
2026-09-17T07:14:46Z,scheduled,aee7eae1849ebb103b9bf233e9741392,2026-09-20T17:00:00Z,Atlanta Falcons,Carolina Panthers,betfair_ex_eu,h2h_lay,Carolina Panthers,,1.76
2026-09-17T07:14:46Z,scheduled,aee7eae1849ebb103b9bf233e9741392,2026-09-20T17:00:00Z,Atlanta Falcons,Carolina Panthers,pinnacle,h2h,Atlanta Falcons,,2.26
2026-09-17T07:14:46Z,scheduled,aee7eae1849ebb103b9bf233e9741392,2026-09-20T17:00:00Z,Atlanta Falcons,Carolina Panthers,pinnacle,h2h,Carolina Panthers,,1.7
2026-09-17T07:14:46Z,scheduled,aee7eae1849ebb103b9bf233e9741392,2026-09-20T17:00:00Z,Atlanta Falcons,Carolina Panthers,pinnacle,spreads,Atlanta Falcons,2.5,2.0
2026-09-17T07:14:46Z,scheduled,aee7eae1849ebb103b9bf233e9741392,2026-09-20T17:00:00Z,Atlanta Falcons,Carolina Panthers,pinnacle,spreads,Carolina Panthers,-2.5,1.89
2026-09-17T07:14:46Z,scheduled,aee7eae1849ebb103b9bf233e9741392,2026-09-20T17:00:00Z,Atlanta Falcons,Carolina Panthers,pinnacle,totals,Over,44.0,1.93
2026-09-17T07:14:46Z,scheduled,aee7eae1849ebb103b9bf233e9741392,2026-09-20T17:00:00Z,Atlanta Falcons,Carolina Panthers,pinnacle,totals,Under,44.0,1.93
2026-09-17T07:14:46Z,scheduled,2143ade9684fd876b68a4e8cbf451f05,2026-09-20T17:00:00Z,Baltimore Ravens,New Orleans Saints,draftkings,h2h,Baltimore Ravens,,1.26
2026-09-17T07:14:46Z,scheduled,2143ade9684fd876b68a4e8cbf451f05,2026-09-20T17:00:00Z,Baltimore Ravens,New Orleans Saints,draftkings,h2h,New Orleans Saints,,4.0
2026-09-17T07:14:46Z,scheduled,2143ade9684fd876b68a4e8cbf451f05,2026-09-20T17:00:00Z,Baltimore Ravens,New Orleans Saints,draftkings,spreads,Baltimore Ravens,-8.5,1.95
2026-09-17T07:14:46Z,scheduled,2143ade9684fd876b68a4e8cbf451f05,2026-09-20T17:00:00Z,Baltimore Ravens,New Orleans Saints,draftkings,spreads,New Orleans Saints,8.5,1.87
2026-09-17T07:14:46Z,scheduled,2143ade9684fd876b68a4e8cbf451f05,2026-09-20T17:00:00Z,Baltimore Ravens,New Orleans Saints,draftkings,totals,Over,46.5,1.85
2026-09-17T07:14:46Z,scheduled,2143ade9684fd876b68a4e8cbf451f05,2026-09-20T17:00:00Z,Baltimore Ravens,New Orleans Saints,draftkings,totals,Under,46.5,1.98
2026-09-17T07:14:46Z,scheduled,2143ade9684fd876b68a4e8cbf451f05,2026-09-20T17:00:00Z,Baltimore Ravens,New Orleans Saints,fanduel,h2h,Baltimore Ravens,,1.25
2026-09-17T07:14:46Z,scheduled,2143ade9684fd876b68a4e8cbf451f05,2026-09-20T17:00:00Z,Baltimore Ravens,New Orleans Saints,fanduel,h2h,New Orleans Saints,,4.2
2026-09-17T07:14:46Z,scheduled,2143ade9684fd876b68a4e8cbf451f05,2026-09-20T17:00:00Z,Baltimore Ravens,New Orleans Saints,fanduel,spreads,Baltimore Ravens,-8.5,1.95
2026-09-17T07:14:46Z,scheduled,2143ade9684fd876b68a4e8cbf451f05,2026-09-20T17:00:00Z,Baltimore Ravens,New Orleans Saints,fanduel,spreads,New Orleans Saints,8.5,1.87
2026-09-17T07:14:46Z,scheduled,2143ade9684fd876b68a4e8cbf451f05,2026-09-20T17:00:00Z,Baltimore Ravens,New Orleans Saints,fanduel,totals,Over,46.5,1.87
2026-09-17T07:14:46Z,scheduled,2143ade9684fd876b68a4e8cbf451f05,2026-09-20T17:00:00Z,Baltimore Ravens,New Orleans Saints,fanduel,totals,Under,46.5,1.95
2026-09-17T07:14:46Z,scheduled,2143ade9684fd876b68a4e8cbf451f05,2026-09-20T17:00:00Z,Baltimore Ravens,New Orleans Saints,betrivers,h2h,Baltimore Ravens,,1.23
2026-09-17T07:14:46Z,scheduled,2143ade9684fd876b68a4e8cbf451f05,2026-09-20T17:00:00Z,Baltimore Ravens,New Orleans Saints,betrivers,h2h,New Orleans Saints,,4.3
2026-09-17T07:14:46Z,scheduled,2143ade9684fd876b68a4e8cbf451f05,2026-09-20T17:00:00Z,Baltimore Ravens,New Orleans Saints,betrivers,spreads,Baltimore Ravens,-8.5,1.93
2026-09-17T07:14:46Z,scheduled,2143ade9684fd876b68a4e8cbf451f05,2026-09-20T17:00:00Z,Baltimore Ravens,New Orleans Saints,betrivers,spreads,New Orleans Saints,8.5,1.88
2026-09-17T07:14:46Z,scheduled,2143ade9684fd876b68a4e8cbf451f05,2026-09-20T17:00:00Z,Baltimore Ravens,New Orleans Saints,betrivers,totals,Over,47.0,1.88
2026-09-17T07:14:46Z,scheduled,2143ade9684fd876b68a4e8cbf451f05,2026-09-20T17:00:00Z,Baltimore Ravens,New Orleans Saints,betrivers,totals,Under,47.0,1.93
2026-09-17T07:14:46Z,scheduled,2143ade9684fd876b68a4e8cbf451f05,2026-09-20T17:00:00Z,Baltimore Ravens,New Orleans Saints,betmgm,h2h,Baltimore Ravens,,1.25
2026-09-17T07:14:46Z,scheduled,2143ade9684fd876b68a4e8cbf451f05,2026-09-20T17:00:00Z,Baltimore Ravens,New Orleans Saints,betmgm,h2h,New Orleans Saints,,4.2
2026-09-17T07:14:46Z,scheduled,2143ade9684fd876b68a4e8cbf451f05,2026-09-20T17:00:00Z,Baltimore Ravens,New Orleans Saints,betmgm,spreads,Baltimore Ravens,-8.5,1.93
2026-09-17T07:14:46Z,scheduled,2143ade9684fd876b68a4e8cbf451f05,2026-09-20T17:00:00Z,Baltimore Ravens,New Orleans Saints,betmgm,spreads,New Orleans Saints,8.5,1.91
2026-09-17T07:14:46Z,scheduled,2143ade9684fd876b68a4e8cbf451f05,2026-09-20T17:00:00Z,Baltimore Ravens,New Orleans Saints,betmgm,totals,Over,46.5,1.91
2026-09-17T07:14:46Z,scheduled,2143ade9684fd876b68a4e8cbf451f05,2026-09-20T17:00:00Z,Baltimore Ravens,New Orleans Saints,betmgm,totals,Under,46.5,1.93
2026-09-17T07:14:46Z,scheduled,2143ade9684fd876b68a4e8cbf451f05,2026-09-20T17:00:00Z,Baltimore Ravens,New Orleans Saints,pinnacle,h2h,Baltimore Ravens,,1.25
2026-09-17T07:14:46Z,scheduled,2143ade9684fd876b68a4e8cbf451f05,2026-09-20T17:00:00Z,Baltimore Ravens,New Orleans Saints,pinnacle,h2h,New Orleans Saints,,4.22
2026-09-17T07:14:46Z,scheduled,2143ade9684fd876b68a4e8cbf451f05,2026-09-20T17:00:00Z,Baltimore Ravens,New Orleans Saints,pinnacle,spreads,Baltimore Ravens,-9.0,2.07
2026-09-17T07:14:46Z,scheduled,2143ade9684fd876b68a4e8cbf451f05,2026-09-20T17:00:00Z,Baltimore Ravens,New Orleans Saints,pinnacle,spreads,New Orleans Saints,9.0,1.83
2026-09-17T07:14:46Z,scheduled,2143ade9684fd876b68a4e8cbf451f05,2026-09-20T17:00:00Z,Baltimore Ravens,New Orleans Saints,pinnacle,totals,Over,47.5,2.01
2026-09-17T07:14:46Z,scheduled,2143ade9684fd876b68a4e8cbf451f05,2026-09-20T17:00:00Z,Baltimore Ravens,New Orleans Saints,pinnacle,totals,Under,47.5,1.85
2026-09-17T07:14:46Z,scheduled,2143ade9684fd876b68a4e8cbf451f05,2026-09-20T17:00:00Z,Baltimore Ravens,New Orleans Saints,matchbook,h2h,Baltimore Ravens,,1.26
2026-09-17T07:14:46Z,scheduled,2143ade9684fd876b68a4e8cbf451f05,2026-09-20T17:00:00Z,Baltimore Ravens,New Orleans Saints,matchbook,h2h,New Orleans Saints,,4.6
2026-09-17T07:14:46Z,scheduled,2143ade9684fd876b68a4e8cbf451f05,2026-09-20T17:00:00Z,Baltimore Ravens,New Orleans Saints,matchbook,h2h_lay,Baltimore Ravens,,1.28
2026-09-17T07:14:46Z,scheduled,2143ade9684fd876b68a4e8cbf451f05,2026-09-20T17:00:00Z,Baltimore Ravens,New Orleans Saints,matchbook,h2h_lay,New Orleans Saints,,4.9
2026-09-17T07:14:46Z,scheduled,2143ade9684fd876b68a4e8cbf451f05,2026-09-20T17:00:00Z,Baltimore Ravens,New Orleans Saints,matchbook,spreads,Baltimore Ravens,-8.0,1.96
2026-09-17T07:14:46Z,scheduled,2143ade9684fd876b68a4e8cbf451f05,2026-09-20T17:00:00Z,Baltimore Ravens,New Orleans Saints,matchbook,spreads,New Orleans Saints,8.0,1.93
2026-09-17T07:14:46Z,scheduled,2143ade9684fd876b68a4e8cbf451f05,2026-09-20T17:00:00Z,Baltimore Ravens,New Orleans Saints,matchbook,totals,Over,47.0,1.95
2026-09-17T07:14:46Z,scheduled,2143ade9684fd876b68a4e8cbf451f05,2026-09-20T17:00:00Z,Baltimore Ravens,New Orleans Saints,matchbook,totals,Under,47.0,1.92
2026-09-17T07:14:46Z,scheduled,2143ade9684fd876b68a4e8cbf451f05,2026-09-20T17:00:00Z,Baltimore Ravens,New Orleans Saints,coolbet,h2h,Baltimore Ravens,,1.25
2026-09-17T07:14:46Z,scheduled,2143ade9684fd876b68a4e8cbf451f05,2026-09-20T17:00:00Z,Baltimore Ravens,New Orleans Saints,coolbet,h2h,New Orleans Saints,,4.2
2026-09-17T07:14:46Z,scheduled,2143ade9684fd876b68a4e8cbf451f05,2026-09-20T17:00:00Z,Baltimore Ravens,New Orleans Saints,coolbet,spreads,Baltimore Ravens,-8.0,1.93
2026-09-17T07:14:46Z,scheduled,2143ade9684fd876b68a4e8cbf451f05,2026-09-20T17:00:00Z,Baltimore Ravens,New Orleans Saints,coolbet,spreads,New Orleans Saints,8.0,1.91
2026-09-17T07:14:46Z,scheduled,2143ade9684fd876b68a4e8cbf451f05,2026-09-20T17:00:00Z,Baltimore Ravens,New Orleans Saints,coolbet,totals,Over,47.0,1.93
2026-09-17T07:14:46Z,scheduled,2143ade9684fd876b68a4e8cbf451f05,2026-09-20T17:00:00Z,Baltimore Ravens,New Orleans Saints,coolbet,totals,Under,47.0,1.91
2026-09-17T07:14:46Z,scheduled,2143ade9684fd876b68a4e8cbf451f05,2026-09-20T17:00:00Z,Baltimore Ravens,New Orleans Saints,betfair_ex_eu,h2h,Baltimore Ravens,,1.26
2026-09-17T07:14:46Z,scheduled,2143ade9684fd876b68a4e8cbf451f05,2026-09-20T17:00:00Z,Baltimore Ravens,New Orleans Saints,betfair_ex_eu,h2h,New Orleans Saints,,4.6
2026-09-17T07:14:46Z,scheduled,2143ade9684fd876b68a4e8cbf451f05,2026-09-20T17:00:00Z,Baltimore Ravens,New Orleans Saints,betfair_ex_eu,h2h_lay,Baltimore Ravens,,1.28
2026-09-17T07:14:46Z,scheduled,2143ade9684fd876b68a4e8cbf451f05,2026-09-20T17:00:00Z,Baltimore Ravens,New Orleans Saints,betfair_ex_eu,h2h_lay,New Orleans Saints,,4.9
2026-09-17T07:14:46Z,scheduled,0283a29e1b38ef78b29b904fd56a16dd,2026-09-20T17:00:00Z,Chicago Bears,Minnesota Vikings,draftkings,h2h,Chicago Bears,,1.49
2026-09-17T07:14:46Z,scheduled,0283a29e1b38ef78b29b904fd56a16dd,2026-09-20T17:00:00Z,Chicago Bears,Minnesota Vikings,draftkings,h2h,Minnesota Vikings,,2.7
2026-09-17T07:14:46Z,scheduled,0283a29e1b38ef78b29b904fd56a16dd,2026-09-20T17:00:00Z,Chicago Bears,Minnesota Vikings,draftkings,spreads,Chicago Bears,-4.5,1.93
2026-09-17T07:14:46Z,scheduled,0283a29e1b38ef78b29b904fd56a16dd,2026-09-20T17:00:00Z,Chicago Bears,Minnesota Vikings,draftkings,spreads,Minnesota Vikings,4.5,1.89
2026-09-17T07:14:46Z,scheduled,0283a29e1b38ef78b29b904fd56a16dd,2026-09-20T17:00:00Z,Chicago Bears,Minnesota Vikings,draftkings,totals,Over,48.5,1.91
2026-09-17T07:14:46Z,scheduled,0283a29e1b38ef78b29b904fd56a16dd,2026-09-20T17:00:00Z,Chicago Bears,Minnesota Vikings,draftkings,totals,Under,48.5,1.91
2026-09-17T07:14:46Z,scheduled,0283a29e1b38ef78b29b904fd56a16dd,2026-09-20T17:00:00Z,Chicago Bears,Minnesota Vikings,fanduel,h2h,Chicago Bears,,1.45
2026-09-17T07:14:46Z,scheduled,0283a29e1b38ef78b29b904fd56a16dd,2026-09-20T17:00:00Z,Chicago Bears,Minnesota Vikings,fanduel,h2h,Minnesota Vikings,,2.88
2026-09-17T07:14:46Z,scheduled,0283a29e1b38ef78b29b904fd56a16dd,2026-09-20T17:00:00Z,Chicago Bears,Minnesota Vikings,fanduel,spreads,Chicago Bears,-4.5,1.91
2026-09-17T07:14:46Z,scheduled,0283a29e1b38ef78b29b904fd56a16dd,2026-09-20T17:00:00Z,Chicago Bears,Minnesota Vikings,fanduel,spreads,Minnesota Vikings,4.5,1.91
2026-09-17T07:14:46Z,scheduled,0283a29e1b38ef78b29b904fd56a16dd,2026-09-20T17:00:00Z,Chicago Bears,Minnesota Vikings,fanduel,totals,Over,48.5,1.95
2026-09-17T07:14:46Z,scheduled,0283a29e1b38ef78b29b904fd56a16dd,2026-09-20T17:00:00Z,Chicago Bears,Minnesota Vikings,fanduel,totals,Under,48.5,1.87
2026-09-17T07:14:46Z,scheduled,0283a29e1b38ef78b29b904fd56a16dd,2026-09-20T17:00:00Z,Chicago Bears,Minnesota Vikings,betrivers,h2h,Chicago Bears,,1.43
2026-09-17T07:14:46Z,scheduled,0283a29e1b38ef78b29b904fd56a16dd,2026-09-20T17:00:00Z,Chicago Bears,Minnesota Vikings,betrivers,h2h,Minnesota Vikings,,2.85
2026-09-17T07:14:46Z,scheduled,0283a29e1b38ef78b29b904fd56a16dd,2026-09-20T17:00:00Z,Chicago Bears,Minnesota Vikings,betrivers,spreads,Chicago Bears,-4.5,1.88
2026-09-17T07:14:46Z,scheduled,0283a29e1b38ef78b29b904fd56a16dd,2026-09-20T17:00:00Z,Chicago Bears,Minnesota Vikings,betrivers,spreads,Minnesota Vikings,4.5,1.93
2026-09-17T07:14:46Z,scheduled,0283a29e1b38ef78b29b904fd56a16dd,2026-09-20T17:00:00Z,Chicago Bears,Minnesota Vikings,betrivers,totals,Over,48.5,1.92
2026-09-17T07:14:46Z,scheduled,0283a29e1b38ef78b29b904fd56a16dd,2026-09-20T17:00:00Z,Chicago Bears,Minnesota Vikings,betrivers,totals,Under,48.5,1.89
2026-09-17T07:14:46Z,scheduled,0283a29e1b38ef78b29b904fd56a16dd,2026-09-20T17:00:00Z,Chicago Bears,Minnesota Vikings,betmgm,h2h,Chicago Bears,,1.45
2026-09-17T07:14:46Z,scheduled,0283a29e1b38ef78b29b904fd56a16dd,2026-09-20T17:00:00Z,Chicago Bears,Minnesota Vikings,betmgm,h2h,Minnesota Vikings,,2.8
2026-09-17T07:14:46Z,scheduled,0283a29e1b38ef78b29b904fd56a16dd,2026-09-20T17:00:00Z,Chicago Bears,Minnesota Vikings,betmgm,spreads,Chicago Bears,-4.5,1.93
2026-09-17T07:14:46Z,scheduled,0283a29e1b38ef78b29b904fd56a16dd,2026-09-20T17:00:00Z,Chicago Bears,Minnesota Vikings,betmgm,spreads,Minnesota Vikings,4.5,1.91
2026-09-17T07:14:46Z,scheduled,0283a29e1b38ef78b29b904fd56a16dd,2026-09-20T17:00:00Z,Chicago Bears,Minnesota Vikings,betmgm,totals,Over,48.0,1.91
2026-09-17T07:14:46Z,scheduled,0283a29e1b38ef78b29b904fd56a16dd,2026-09-20T17:00:00Z,Chicago Bears,Minnesota Vikings,betmgm,totals,Under,48.0,1.93
2026-09-17T07:14:46Z,scheduled,0283a29e1b38ef78b29b904fd56a16dd,2026-09-20T17:00:00Z,Chicago Bears,Minnesota Vikings,coolbet,h2h,Chicago Bears,,1.46
2026-09-17T07:14:46Z,scheduled,0283a29e1b38ef78b29b904fd56a16dd,2026-09-20T17:00:00Z,Chicago Bears,Minnesota Vikings,coolbet,h2h,Minnesota Vikings,,2.82
2026-09-17T07:14:46Z,scheduled,0283a29e1b38ef78b29b904fd56a16dd,2026-09-20T17:00:00Z,Chicago Bears,Minnesota Vikings,coolbet,spreads,Chicago Bears,-4.0,1.92
2026-09-17T07:14:46Z,scheduled,0283a29e1b38ef78b29b904fd56a16dd,2026-09-20T17:00:00Z,Chicago Bears,Minnesota Vikings,coolbet,spreads,Minnesota Vikings,4.0,1.92
2026-09-17T07:14:46Z,scheduled,0283a29e1b38ef78b29b904fd56a16dd,2026-09-20T17:00:00Z,Chicago Bears,Minnesota Vikings,coolbet,totals,Over,48.0,1.9
2026-09-17T07:14:46Z,scheduled,0283a29e1b38ef78b29b904fd56a16dd,2026-09-20T17:00:00Z,Chicago Bears,Minnesota Vikings,coolbet,totals,Under,48.0,1.95
2026-09-17T07:14:46Z,scheduled,0283a29e1b38ef78b29b904fd56a16dd,2026-09-20T17:00:00Z,Chicago Bears,Minnesota Vikings,matchbook,h2h,Chicago Bears,,1.52
2026-09-17T07:14:46Z,scheduled,0283a29e1b38ef78b29b904fd56a16dd,2026-09-20T17:00:00Z,Chicago Bears,Minnesota Vikings,matchbook,h2h,Minnesota Vikings,,2.9
2026-09-17T07:14:46Z,scheduled,0283a29e1b38ef78b29b904fd56a16dd,2026-09-20T17:00:00Z,Chicago Bears,Minnesota Vikings,matchbook,h2h_lay,Chicago Bears,,1.53
2026-09-17T07:14:46Z,scheduled,0283a29e1b38ef78b29b904fd56a16dd,2026-09-20T17:00:00Z,Chicago Bears,Minnesota Vikings,matchbook,h2h_lay,Minnesota Vikings,,2.92
2026-09-17T07:14:46Z,scheduled,0283a29e1b38ef78b29b904fd56a16dd,2026-09-20T17:00:00Z,Chicago Bears,Minnesota Vikings,matchbook,spreads,Chicago Bears,-4.0,1.94
2026-09-17T07:14:46Z,scheduled,0283a29e1b38ef78b29b904fd56a16dd,2026-09-20T17:00:00Z,Chicago Bears,Minnesota Vikings,matchbook,spreads,Minnesota Vikings,4.0,1.94
2026-09-17T07:14:46Z,scheduled,0283a29e1b38ef78b29b904fd56a16dd,2026-09-20T17:00:00Z,Chicago Bears,Minnesota Vikings,matchbook,totals,Over,48.5,2.0
2026-09-17T07:14:46Z,scheduled,0283a29e1b38ef78b29b904fd56a16dd,2026-09-20T17:00:00Z,Chicago Bears,Minnesota Vikings,matchbook,totals,Under,48.5,1.88
2026-09-17T07:14:46Z,scheduled,0283a29e1b38ef78b29b904fd56a16dd,2026-09-20T17:00:00Z,Chicago Bears,Minnesota Vikings,betfair_ex_eu,h2h,Chicago Bears,,1.52
2026-09-17T07:14:46Z,scheduled,0283a29e1b38ef78b29b904fd56a16dd,2026-09-20T17:00:00Z,Chicago Bears,Minnesota Vikings,betfair_ex_eu,h2h,Minnesota Vikings,,2.9
2026-09-17T07:14:46Z,scheduled,0283a29e1b38ef78b29b904fd56a16dd,2026-09-20T17:00:00Z,Chicago Bears,Minnesota Vikings,betfair_ex_eu,h2h_lay,Chicago Bears,,1.53
2026-09-17T07:14:46Z,scheduled,0283a29e1b38ef78b29b904fd56a16dd,2026-09-20T17:00:00Z,Chicago Bears,Minnesota Vikings,betfair_ex_eu,h2h_lay,Minnesota Vikings,,2.94
2026-09-17T07:14:46Z,scheduled,0283a29e1b38ef78b29b904fd56a16dd,2026-09-20T17:00:00Z,Chicago Bears,Minnesota Vikings,pinnacle,h2h,Chicago Bears,,1.47
2026-09-17T07:14:46Z,scheduled,0283a29e1b38ef78b29b904fd56a16dd,2026-09-20T17:00:00Z,Chicago Bears,Minnesota Vikings,pinnacle,h2h,Minnesota Vikings,,2.85
2026-09-17T07:14:46Z,scheduled,0283a29e1b38ef78b29b904fd56a16dd,2026-09-20T17:00:00Z,Chicago Bears,Minnesota Vikings,pinnacle,spreads,Chicago Bears,-5.5,2.09
2026-09-17T07:14:46Z,scheduled,0283a29e1b38ef78b29b904fd56a16dd,2026-09-20T17:00:00Z,Chicago Bears,Minnesota Vikings,pinnacle,spreads,Minnesota Vikings,5.5,1.81
2026-09-17T07:14:46Z,scheduled,0283a29e1b38ef78b29b904fd56a16dd,2026-09-20T17:00:00Z,Chicago Bears,Minnesota Vikings,pinnacle,totals,Over,48.5,2.0
2026-09-17T07:14:46Z,scheduled,0283a29e1b38ef78b29b904fd56a16dd,2026-09-20T17:00:00Z,Chicago Bears,Minnesota Vikings,pinnacle,totals,Under,48.5,1.86
2026-09-17T07:14:46Z,scheduled,36ad2fa722f4915ef23d2c81351261de,2026-09-20T17:00:00Z,Houston Texans,Cincinnati Bengals,draftkings,h2h,Cincinnati Bengals,,2.2
2026-09-17T07:14:46Z,scheduled,36ad2fa722f4915ef23d2c81351261de,2026-09-20T17:00:00Z,Houston Texans,Cincinnati Bengals,draftkings,h2h,Houston Texans,,1.7
2026-09-17T07:14:46Z,scheduled,36ad2fa722f4915ef23d2c81351261de,2026-09-20T17:00:00Z,Houston Texans,Cincinnati Bengals,draftkings,spreads,Cincinnati Bengals,2.5,1.98
2026-09-17T07:14:46Z,scheduled,36ad2fa722f4915ef23d2c81351261de,2026-09-20T17:00:00Z,Houston Texans,Cincinnati Bengals,draftkings,spreads,Houston Texans,-2.5,1.85
2026-09-17T07:14:46Z,scheduled,36ad2fa722f4915ef23d2c81351261de,2026-09-20T17:00:00Z,Houston Texans,Cincinnati Bengals,draftkings,totals,Over,46.5,1.95
2026-09-17T07:14:46Z,scheduled,36ad2fa722f4915ef23d2c81351261de,2026-09-20T17:00:00Z,Houston Texans,Cincinnati Bengals,draftkings,totals,Under,46.5,1.87
2026-09-17T07:14:46Z,scheduled,36ad2fa722f4915ef23d2c81351261de,2026-09-20T17:00:00Z,Houston Texans,Cincinnati Bengals,fanduel,h2h,Cincinnati Bengals,,2.26
2026-09-17T07:14:46Z,scheduled,36ad2fa722f4915ef23d2c81351261de,2026-09-20T17:00:00Z,Houston Texans,Cincinnati Bengals,fanduel,h2h,Houston Texans,,1.68
2026-09-17T07:14:46Z,scheduled,36ad2fa722f4915ef23d2c81351261de,2026-09-20T17:00:00Z,Houston Texans,Cincinnati Bengals,fanduel,spreads,Cincinnati Bengals,2.5,1.95
2026-09-17T07:14:46Z,scheduled,36ad2fa722f4915ef23d2c81351261de,2026-09-20T17:00:00Z,Houston Texans,Cincinnati Bengals,fanduel,spreads,Houston Texans,-2.5,1.87
2026-09-17T07:14:46Z,scheduled,36ad2fa722f4915ef23d2c81351261de,2026-09-20T17:00:00Z,Houston Texans,Cincinnati Bengals,fanduel,totals,Over,45.5,1.88
2026-09-17T07:14:46Z,scheduled,36ad2fa722f4915ef23d2c81351261de,2026-09-20T17:00:00Z,Houston Texans,Cincinnati Bengals,fanduel,totals,Under,45.5,1.94
2026-09-17T07:14:46Z,scheduled,36ad2fa722f4915ef23d2c81351261de,2026-09-20T17:00:00Z,Houston Texans,Cincinnati Bengals,betrivers,h2h,Cincinnati Bengals,,2.3
2026-09-17T07:14:46Z,scheduled,36ad2fa722f4915ef23d2c81351261de,2026-09-20T17:00:00Z,Houston Texans,Cincinnati Bengals,betrivers,h2h,Houston Texans,,1.64
2026-09-17T07:14:46Z,scheduled,36ad2fa722f4915ef23d2c81351261de,2026-09-20T17:00:00Z,Houston Texans,Cincinnati Bengals,betrivers,spreads,Cincinnati Bengals,2.5,1.95
2026-09-17T07:14:46Z,scheduled,36ad2fa722f4915ef23d2c81351261de,2026-09-20T17:00:00Z,Houston Texans,Cincinnati Bengals,betrivers,spreads,Houston Texans,-2.5,1.85
2026-09-17T07:14:46Z,scheduled,36ad2fa722f4915ef23d2c81351261de,2026-09-20T17:00:00Z,Houston Texans,Cincinnati Bengals,betrivers,totals,Over,46.5,1.92
2026-09-17T07:14:46Z,scheduled,36ad2fa722f4915ef23d2c81351261de,2026-09-20T17:00:00Z,Houston Texans,Cincinnati Bengals,betrivers,totals,Under,46.5,1.89
2026-09-17T07:14:46Z,scheduled,36ad2fa722f4915ef23d2c81351261de,2026-09-20T17:00:00Z,Houston Texans,Cincinnati Bengals,betmgm,h2h,Cincinnati Bengals,,2.25
2026-09-17T07:14:46Z,scheduled,36ad2fa722f4915ef23d2c81351261de,2026-09-20T17:00:00Z,Houston Texans,Cincinnati Bengals,betmgm,h2h,Houston Texans,,1.69
2026-09-17T07:14:46Z,scheduled,36ad2fa722f4915ef23d2c81351261de,2026-09-20T17:00:00Z,Houston Texans,Cincinnati Bengals,betmgm,spreads,Cincinnati Bengals,2.5,2.0
2026-09-17T07:14:46Z,scheduled,36ad2fa722f4915ef23d2c81351261de,2026-09-20T17:00:00Z,Houston Texans,Cincinnati Bengals,betmgm,spreads,Houston Texans,-2.5,1.85
2026-09-17T07:14:46Z,scheduled,36ad2fa722f4915ef23d2c81351261de,2026-09-20T17:00:00Z,Houston Texans,Cincinnati Bengals,betmgm,totals,Over,46.0,1.91
2026-09-17T07:14:46Z,scheduled,36ad2fa722f4915ef23d2c81351261de,2026-09-20T17:00:00Z,Houston Texans,Cincinnati Bengals,betmgm,totals,Under,46.0,1.93
2026-09-17T07:14:46Z,scheduled,36ad2fa722f4915ef23d2c81351261de,2026-09-20T17:00:00Z,Houston Texans,Cincinnati Bengals,pinnacle,h2h,Cincinnati Bengals,,2.33
2026-09-17T07:14:46Z,scheduled,36ad2fa722f4915ef23d2c81351261de,2026-09-20T17:00:00Z,Houston Texans,Cincinnati Bengals,pinnacle,h2h,Houston Texans,,1.66
2026-09-17T07:14:46Z,scheduled,36ad2fa722f4915ef23d2c81351261de,2026-09-20T17:00:00Z,Houston Texans,Cincinnati Bengals,pinnacle,spreads,Cincinnati Bengals,3.0,1.82
2026-09-17T07:14:46Z,scheduled,36ad2fa722f4915ef23d2c81351261de,2026-09-20T17:00:00Z,Houston Texans,Cincinnati Bengals,pinnacle,spreads,Houston Texans,-3.0,2.09
2026-09-17T07:14:46Z,scheduled,36ad2fa722f4915ef23d2c81351261de,2026-09-20T17:00:00Z,Houston Texans,Cincinnati Bengals,pinnacle,totals,Over,46.5,2.0
2026-09-17T07:14:46Z,scheduled,36ad2fa722f4915ef23d2c81351261de,2026-09-20T17:00:00Z,Houston Texans,Cincinnati Bengals,pinnacle,totals,Under,46.5,1.85
2026-09-17T07:14:46Z,scheduled,36ad2fa722f4915ef23d2c81351261de,2026-09-20T17:00:00Z,Houston Texans,Cincinnati Bengals,matchbook,h2h,Cincinnati Bengals,,2.44
2026-09-17T07:14:46Z,scheduled,36ad2fa722f4915ef23d2c81351261de,2026-09-20T17:00:00Z,Houston Texans,Cincinnati Bengals,matchbook,h2h,Houston Texans,,1.68
2026-09-17T07:14:46Z,scheduled,36ad2fa722f4915ef23d2c81351261de,2026-09-20T17:00:00Z,Houston Texans,Cincinnati Bengals,matchbook,h2h_lay,Cincinnati Bengals,,2.48
2026-09-17T07:14:46Z,scheduled,36ad2fa722f4915ef23d2c81351261de,2026-09-20T17:00:00Z,Houston Texans,Cincinnati Bengals,matchbook,h2h_lay,Houston Texans,,1.69
2026-09-17T07:14:46Z,scheduled,36ad2fa722f4915ef23d2c81351261de,2026-09-20T17:00:00Z,Houston Texans,Cincinnati Bengals,matchbook,spreads,Cincinnati Bengals,3.0,1.9
2026-09-17T07:14:46Z,scheduled,36ad2fa722f4915ef23d2c81351261de,2026-09-20T17:00:00Z,Houston Texans,Cincinnati Bengals,matchbook,spreads,Houston Texans,-3.0,2.08
2026-09-17T07:14:46Z,scheduled,36ad2fa722f4915ef23d2c81351261de,2026-09-20T17:00:00Z,Houston Texans,Cincinnati Bengals,matchbook,totals,Over,45.5,1.9
2026-09-17T07:14:46Z,scheduled,36ad2fa722f4915ef23d2c81351261de,2026-09-20T17:00:00Z,Houston Texans,Cincinnati Bengals,matchbook,totals,Under,45.5,1.98
2026-09-17T07:14:46Z,scheduled,36ad2fa722f4915ef23d2c81351261de,2026-09-20T17:00:00Z,Houston Texans,Cincinnati Bengals,coolbet,h2h,Cincinnati Bengals,,2.25
2026-09-17T07:14:46Z,scheduled,36ad2fa722f4915ef23d2c81351261de,2026-09-20T17:00:00Z,Houston Texans,Cincinnati Bengals,coolbet,h2h,Houston Texans,,1.68
2026-09-17T07:14:46Z,scheduled,36ad2fa722f4915ef23d2c81351261de,2026-09-20T17:00:00Z,Houston Texans,Cincinnati Bengals,coolbet,spreads,Cincinnati Bengals,2.5,1.96
2026-09-17T07:14:46Z,scheduled,36ad2fa722f4915ef23d2c81351261de,2026-09-20T17:00:00Z,Houston Texans,Cincinnati Bengals,coolbet,spreads,Houston Texans,-2.5,1.89
2026-09-17T07:14:46Z,scheduled,36ad2fa722f4915ef23d2c81351261de,2026-09-20T17:00:00Z,Houston Texans,Cincinnati Bengals,coolbet,totals,Over,46.0,1.91
2026-09-17T07:14:46Z,scheduled,36ad2fa722f4915ef23d2c81351261de,2026-09-20T17:00:00Z,Houston Texans,Cincinnati Bengals,coolbet,totals,Under,46.0,1.93
2026-09-17T07:14:46Z,scheduled,36ad2fa722f4915ef23d2c81351261de,2026-09-20T17:00:00Z,Houston Texans,Cincinnati Bengals,betfair_ex_eu,h2h,Cincinnati Bengals,,2.44
2026-09-17T07:14:46Z,scheduled,36ad2fa722f4915ef23d2c81351261de,2026-09-20T17:00:00Z,Houston Texans,Cincinnati Bengals,betfair_ex_eu,h2h,Houston Texans,,1.68
2026-09-17T07:14:46Z,scheduled,36ad2fa722f4915ef23d2c81351261de,2026-09-20T17:00:00Z,Houston Texans,Cincinnati Bengals,betfair_ex_eu,h2h_lay,Cincinnati Bengals,,2.48
2026-09-17T07:14:46Z,scheduled,36ad2fa722f4915ef23d2c81351261de,2026-09-20T17:00:00Z,Houston Texans,Cincinnati Bengals,betfair_ex_eu,h2h_lay,Houston Texans,,1.69
2026-09-17T07:14:46Z,scheduled,0636ebff776d43f8c829a36713c80b22,2026-09-20T17:00:00Z,Tampa Bay Buccaneers,Cleveland Browns,draftkings,h2h,Cleveland Browns,,4.4
2026-09-17T07:14:46Z,scheduled,0636ebff776d43f8c829a36713c80b22,2026-09-20T17:00:00Z,Tampa Bay Buccaneers,Cleveland Browns,draftkings,h2h,Tampa Bay Buccaneers,,1.23
2026-09-17T07:14:46Z,scheduled,0636ebff776d43f8c829a36713c80b22,2026-09-20T17:00:00Z,Tampa Bay Buccaneers,Cleveland Browns,draftkings,spreads,Cleveland Browns,8.5,1.89
2026-09-17T07:14:46Z,scheduled,0636ebff776d43f8c829a36713c80b22,2026-09-20T17:00:00Z,Tampa Bay Buccaneers,Cleveland Browns,draftkings,spreads,Tampa Bay Buccaneers,-8.5,1.93
2026-09-17T07:14:46Z,scheduled,0636ebff776d43f8c829a36713c80b22,2026-09-20T17:00:00Z,Tampa Bay Buccaneers,Cleveland Browns,draftkings,totals,Over,41.5,1.91
2026-09-17T07:14:46Z,scheduled,0636ebff776d43f8c829a36713c80b22,2026-09-20T17:00:00Z,Tampa Bay Buccaneers,Cleveland Browns,draftkings,totals,Under,41.5,1.91
2026-09-17T07:14:46Z,scheduled,0636ebff776d43f8c829a36713c80b22,2026-09-20T17:00:00Z,Tampa Bay Buccaneers,Cleveland Browns,fanduel,h2h,Cleveland Browns,,4.6
2026-09-17T07:14:46Z,scheduled,0636ebff776d43f8c829a36713c80b22,2026-09-20T17:00:00Z,Tampa Bay Buccaneers,Cleveland Browns,fanduel,h2h,Tampa Bay Buccaneers,,1.22
2026-09-17T07:14:46Z,scheduled,0636ebff776d43f8c829a36713c80b22,2026-09-20T17:00:00Z,Tampa Bay Buccaneers,Cleveland Browns,fanduel,spreads,Cleveland Browns,8.5,1.82
2026-09-17T07:14:46Z,scheduled,0636ebff776d43f8c829a36713c80b22,2026-09-20T17:00:00Z,Tampa Bay Buccaneers,Cleveland Browns,fanduel,spreads,Tampa Bay Buccaneers,-8.5,2.0
2026-09-17T07:14:46Z,scheduled,0636ebff776d43f8c829a36713c80b22,2026-09-20T17:00:00Z,Tampa Bay Buccaneers,Cleveland Browns,fanduel,totals,Over,41.5,1.95
2026-09-17T07:14:46Z,scheduled,0636ebff776d43f8c829a36713c80b22,2026-09-20T17:00:00Z,Tampa Bay Buccaneers,Cleveland Browns,fanduel,totals,Under,41.5,1.87
2026-09-17T07:14:46Z,scheduled,0636ebff776d43f8c829a36713c80b22,2026-09-20T17:00:00Z,Tampa Bay Buccaneers,Cleveland Browns,betrivers,h2h,Cleveland Browns,,4.3
2026-09-17T07:14:46Z,scheduled,0636ebff776d43f8c829a36713c80b22,2026-09-20T17:00:00Z,Tampa Bay Buccaneers,Cleveland Browns,betrivers,h2h,Tampa Bay Buccaneers,,1.22
2026-09-17T07:14:46Z,scheduled,0636ebff776d43f8c829a36713c80b22,2026-09-20T17:00:00Z,Tampa Bay Buccaneers,Cleveland Browns,betrivers,spreads,Cleveland Browns,8.5,1.88
2026-09-17T07:14:46Z,scheduled,0636ebff776d43f8c829a36713c80b22,2026-09-20T17:00:00Z,Tampa Bay Buccaneers,Cleveland Browns,betrivers,spreads,Tampa Bay Buccaneers,-8.5,1.93
2026-09-17T07:14:46Z,scheduled,0636ebff776d43f8c829a36713c80b22,2026-09-20T17:00:00Z,Tampa Bay Buccaneers,Cleveland Browns,betrivers,totals,Over,41.0,1.88
2026-09-17T07:14:46Z,scheduled,0636ebff776d43f8c829a36713c80b22,2026-09-20T17:00:00Z,Tampa Bay Buccaneers,Cleveland Browns,betrivers,totals,Under,41.0,1.93
2026-09-17T07:14:46Z,scheduled,0636ebff776d43f8c829a36713c80b22,2026-09-20T17:00:00Z,Tampa Bay Buccaneers,Cleveland Browns,betmgm,h2h,Cleveland Browns,,4.4
2026-09-17T07:14:46Z,scheduled,0636ebff776d43f8c829a36713c80b22,2026-09-20T17:00:00Z,Tampa Bay Buccaneers,Cleveland Browns,betmgm,h2h,Tampa Bay Buccaneers,,1.22
2026-09-17T07:14:46Z,scheduled,0636ebff776d43f8c829a36713c80b22,2026-09-20T17:00:00Z,Tampa Bay Buccaneers,Cleveland Browns,betmgm,spreads,Cleveland Browns,8.5,1.91
2026-09-17T07:14:46Z,scheduled,0636ebff776d43f8c829a36713c80b22,2026-09-20T17:00:00Z,Tampa Bay Buccaneers,Cleveland Browns,betmgm,spreads,Tampa Bay Buccaneers,-8.5,1.93
2026-09-17T07:14:46Z,scheduled,0636ebff776d43f8c829a36713c80b22,2026-09-20T17:00:00Z,Tampa Bay Buccaneers,Cleveland Browns,betmgm,totals,Over,41.5,1.93
2026-09-17T07:14:46Z,scheduled,0636ebff776d43f8c829a36713c80b22,2026-09-20T17:00:00Z,Tampa Bay Buccaneers,Cleveland Browns,betmgm,totals,Under,41.5,1.91
2026-09-17T07:14:46Z,scheduled,0636ebff776d43f8c829a36713c80b22,2026-09-20T17:00:00Z,Tampa Bay Buccaneers,Cleveland Browns,pinnacle,h2h,Cleveland Browns,,4.25
2026-09-17T07:14:46Z,scheduled,0636ebff776d43f8c829a36713c80b22,2026-09-20T17:00:00Z,Tampa Bay Buccaneers,Cleveland Browns,pinnacle,h2h,Tampa Bay Buccaneers,,1.25
2026-09-17T07:14:46Z,scheduled,0636ebff776d43f8c829a36713c80b22,2026-09-20T17:00:00Z,Tampa Bay Buccaneers,Cleveland Browns,pinnacle,spreads,Cleveland Browns,9.0,1.84
2026-09-17T07:14:46Z,scheduled,0636ebff776d43f8c829a36713c80b22,2026-09-20T17:00:00Z,Tampa Bay Buccaneers,Cleveland Browns,pinnacle,spreads,Tampa Bay Buccaneers,-9.0,2.06
2026-09-17T07:14:46Z,scheduled,0636ebff776d43f8c829a36713c80b22,2026-09-20T17:00:00Z,Tampa Bay Buccaneers,Cleveland Browns,pinnacle,totals,Over,41.0,1.85
2026-09-17T07:14:46Z,scheduled,0636ebff776d43f8c829a36713c80b22,2026-09-20T17:00:00Z,Tampa Bay Buccaneers,Cleveland Browns,pinnacle,totals,Under,41.0,2.0
2026-09-17T07:14:46Z,scheduled,0636ebff776d43f8c829a36713c80b22,2026-09-20T17:00:00Z,Tampa Bay Buccaneers,Cleveland Browns,matchbook,h2h,Cleveland Browns,,4.7
2026-09-17T07:14:46Z,scheduled,0636ebff776d43f8c829a36713c80b22,2026-09-20T17:00:00Z,Tampa Bay Buccaneers,Cleveland Browns,matchbook,h2h,Tampa Bay Buccaneers,,1.26
2026-09-17T07:14:46Z,scheduled,0636ebff776d43f8c829a36713c80b22,2026-09-20T17:00:00Z,Tampa Bay Buccaneers,Cleveland Browns,matchbook,h2h_lay,Cleveland Browns,,4.8
2026-09-17T07:14:46Z,scheduled,0636ebff776d43f8c829a36713c80b22,2026-09-20T17:00:00Z,Tampa Bay Buccaneers,Cleveland Browns,matchbook,h2h_lay,Tampa Bay Buccaneers,,1.28
2026-09-17T07:14:46Z,scheduled,0636ebff776d43f8c829a36713c80b22,2026-09-20T17:00:00Z,Tampa Bay Buccaneers,Cleveland Browns,matchbook,spreads,Cleveland Browns,8.0,1.93
2026-09-17T07:14:46Z,scheduled,0636ebff776d43f8c829a36713c80b22,2026-09-20T17:00:00Z,Tampa Bay Buccaneers,Cleveland Browns,matchbook,spreads,Tampa Bay Buccaneers,-8.0,1.96
2026-09-17T07:14:46Z,scheduled,0636ebff776d43f8c829a36713c80b22,2026-09-20T17:00:00Z,Tampa Bay Buccaneers,Cleveland Browns,matchbook,totals,Over,41.5,1.97
2026-09-17T07:14:46Z,scheduled,0636ebff776d43f8c829a36713c80b22,2026-09-20T17:00:00Z,Tampa Bay Buccaneers,Cleveland Browns,matchbook,totals,Under,41.5,1.91
2026-09-17T07:14:46Z,scheduled,0636ebff776d43f8c829a36713c80b22,2026-09-20T17:00:00Z,Tampa Bay Buccaneers,Cleveland Browns,coolbet,h2h,Cleveland Browns,,4.4
2026-09-17T07:14:46Z,scheduled,0636ebff776d43f8c829a36713c80b22,2026-09-20T17:00:00Z,Tampa Bay Buccaneers,Cleveland Browns,coolbet,h2h,Tampa Bay Buccaneers,,1.23
2026-09-17T07:14:46Z,scheduled,0636ebff776d43f8c829a36713c80b22,2026-09-20T17:00:00Z,Tampa Bay Buccaneers,Cleveland Browns,coolbet,spreads,Cleveland Browns,8.0,1.91
2026-09-17T07:14:46Z,scheduled,0636ebff776d43f8c829a36713c80b22,2026-09-20T17:00:00Z,Tampa Bay Buccaneers,Cleveland Browns,coolbet,spreads,Tampa Bay Buccaneers,-8.0,1.93
2026-09-17T07:14:46Z,scheduled,0636ebff776d43f8c829a36713c80b22,2026-09-20T17:00:00Z,Tampa Bay Buccaneers,Cleveland Browns,coolbet,totals,Over,41.5,1.91
2026-09-17T07:14:46Z,scheduled,0636ebff776d43f8c829a36713c80b22,2026-09-20T17:00:00Z,Tampa Bay Buccaneers,Cleveland Browns,coolbet,totals,Under,41.5,1.93
2026-09-17T07:14:46Z,scheduled,0636ebff776d43f8c829a36713c80b22,2026-09-20T17:00:00Z,Tampa Bay Buccaneers,Cleveland Browns,betfair_ex_eu,h2h,Cleveland Browns,,4.7
2026-09-17T07:14:46Z,scheduled,0636ebff776d43f8c829a36713c80b22,2026-09-20T17:00:00Z,Tampa Bay Buccaneers,Cleveland Browns,betfair_ex_eu,h2h,Tampa Bay Buccaneers,,1.26
2026-09-17T07:14:46Z,scheduled,0636ebff776d43f8c829a36713c80b22,2026-09-20T17:00:00Z,Tampa Bay Buccaneers,Cleveland Browns,betfair_ex_eu,h2h_lay,Cleveland Browns,,4.8
2026-09-17T07:14:46Z,scheduled,0636ebff776d43f8c829a36713c80b22,2026-09-20T17:00:00Z,Tampa Bay Buccaneers,Cleveland Browns,betfair_ex_eu,h2h_lay,Tampa Bay Buccaneers,,1.28
2026-09-17T07:14:46Z,scheduled,4aeee070bb6ec60bdfae4dede61b9014,2026-09-20T17:00:00Z,New York Jets,Green Bay Packers,draftkings,h2h,Green Bay Packers,,1.52
2026-09-17T07:14:46Z,scheduled,4aeee070bb6ec60bdfae4dede61b9014,2026-09-20T17:00:00Z,New York Jets,Green Bay Packers,draftkings,h2h,New York Jets,,2.6
2026-09-17T07:14:46Z,scheduled,4aeee070bb6ec60bdfae4dede61b9014,2026-09-20T17:00:00Z,New York Jets,Green Bay Packers,draftkings,spreads,Green Bay Packers,-3.5,1.89
2026-09-17T07:14:46Z,scheduled,4aeee070bb6ec60bdfae4dede61b9014,2026-09-20T17:00:00Z,New York Jets,Green Bay Packers,draftkings,spreads,New York Jets,3.5,1.93
2026-09-17T07:14:46Z,scheduled,4aeee070bb6ec60bdfae4dede61b9014,2026-09-20T17:00:00Z,New York Jets,Green Bay Packers,draftkings,totals,Over,44.5,1.91
2026-09-17T07:14:46Z,scheduled,4aeee070bb6ec60bdfae4dede61b9014,2026-09-20T17:00:00Z,New York Jets,Green Bay Packers,draftkings,totals,Under,44.5,1.91
2026-09-17T07:14:46Z,scheduled,4aeee070bb6ec60bdfae4dede61b9014,2026-09-20T17:00:00Z,New York Jets,Green Bay Packers,fanduel,h2h,Green Bay Packers,,1.57
2026-09-17T07:14:46Z,scheduled,4aeee070bb6ec60bdfae4dede61b9014,2026-09-20T17:00:00Z,New York Jets,Green Bay Packers,fanduel,h2h,New York Jets,,2.46
2026-09-17T07:14:46Z,scheduled,4aeee070bb6ec60bdfae4dede61b9014,2026-09-20T17:00:00Z,New York Jets,Green Bay Packers,fanduel,spreads,Green Bay Packers,-3.5,1.95
2026-09-17T07:14:46Z,scheduled,4aeee070bb6ec60bdfae4dede61b9014,2026-09-20T17:00:00Z,New York Jets,Green Bay Packers,fanduel,spreads,New York Jets,3.5,1.87
2026-09-17T07:14:46Z,scheduled,4aeee070bb6ec60bdfae4dede61b9014,2026-09-20T17:00:00Z,New York Jets,Green Bay Packers,fanduel,totals,Over,44.5,1.87
2026-09-17T07:14:46Z,scheduled,4aeee070bb6ec60bdfae4dede61b9014,2026-09-20T17:00:00Z,New York Jets,Green Bay Packers,fanduel,totals,Under,44.5,1.95
2026-09-17T07:14:46Z,scheduled,4aeee070bb6ec60bdfae4dede61b9014,2026-09-20T17:00:00Z,New York Jets,Green Bay Packers,betrivers,h2h,Green Bay Packers,,1.5
2026-09-17T07:14:46Z,scheduled,4aeee070bb6ec60bdfae4dede61b9014,2026-09-20T17:00:00Z,New York Jets,Green Bay Packers,betrivers,h2h,New York Jets,,2.63
2026-09-17T07:14:46Z,scheduled,4aeee070bb6ec60bdfae4dede61b9014,2026-09-20T17:00:00Z,New York Jets,Green Bay Packers,betrivers,spreads,Green Bay Packers,-3.5,1.92
2026-09-17T07:14:46Z,scheduled,4aeee070bb6ec60bdfae4dede61b9014,2026-09-20T17:00:00Z,New York Jets,Green Bay Packers,betrivers,spreads,New York Jets,3.5,1.89
2026-09-17T07:14:46Z,scheduled,4aeee070bb6ec60bdfae4dede61b9014,2026-09-20T17:00:00Z,New York Jets,Green Bay Packers,betrivers,totals,Over,44.5,1.91
2026-09-17T07:14:46Z,scheduled,4aeee070bb6ec60bdfae4dede61b9014,2026-09-20T17:00:00Z,New York Jets,Green Bay Packers,betrivers,totals,Under,44.5,1.91
2026-09-17T07:14:46Z,scheduled,4aeee070bb6ec60bdfae4dede61b9014,2026-09-20T17:00:00Z,New York Jets,Green Bay Packers,betmgm,h2h,Green Bay Packers,,1.54
2026-09-17T07:14:46Z,scheduled,4aeee070bb6ec60bdfae4dede61b9014,2026-09-20T17:00:00Z,New York Jets,Green Bay Packers,betmgm,h2h,New York Jets,,2.5
2026-09-17T07:14:46Z,scheduled,4aeee070bb6ec60bdfae4dede61b9014,2026-09-20T17:00:00Z,New York Jets,Green Bay Packers,betmgm,spreads,Green Bay Packers,-3.5,1.95
2026-09-17T07:14:46Z,scheduled,4aeee070bb6ec60bdfae4dede61b9014,2026-09-20T17:00:00Z,New York Jets,Green Bay Packers,betmgm,spreads,New York Jets,3.5,1.89
2026-09-17T07:14:46Z,scheduled,4aeee070bb6ec60bdfae4dede61b9014,2026-09-20T17:00:00Z,New York Jets,Green Bay Packers,betmgm,totals,Over,44.5,1.91
2026-09-17T07:14:46Z,scheduled,4aeee070bb6ec60bdfae4dede61b9014,2026-09-20T17:00:00Z,New York Jets,Green Bay Packers,betmgm,totals,Under,44.5,1.93
2026-09-17T07:14:46Z,scheduled,4aeee070bb6ec60bdfae4dede61b9014,2026-09-20T17:00:00Z,New York Jets,Green Bay Packers,pinnacle,h2h,Green Bay Packers,,1.58
2026-09-17T07:14:46Z,scheduled,4aeee070bb6ec60bdfae4dede61b9014,2026-09-20T17:00:00Z,New York Jets,Green Bay Packers,pinnacle,h2h,New York Jets,,2.5
2026-09-17T07:14:46Z,scheduled,4aeee070bb6ec60bdfae4dede61b9014,2026-09-20T17:00:00Z,New York Jets,Green Bay Packers,pinnacle,spreads,Green Bay Packers,-3.0,1.88
2026-09-17T07:14:46Z,scheduled,4aeee070bb6ec60bdfae4dede61b9014,2026-09-20T17:00:00Z,New York Jets,Green Bay Packers,pinnacle,spreads,New York Jets,3.0,2.01
2026-09-17T07:14:46Z,scheduled,4aeee070bb6ec60bdfae4dede61b9014,2026-09-20T17:00:00Z,New York Jets,Green Bay Packers,pinnacle,totals,Over,45.0,1.98
2026-09-17T07:14:46Z,scheduled,4aeee070bb6ec60bdfae4dede61b9014,2026-09-20T17:00:00Z,New York Jets,Green Bay Packers,pinnacle,totals,Under,45.0,1.87
2026-09-17T07:14:46Z,scheduled,4aeee070bb6ec60bdfae4dede61b9014,2026-09-20T17:00:00Z,New York Jets,Green Bay Packers,matchbook,h2h,Green Bay Packers,,1.61
2026-09-17T07:14:46Z,scheduled,4aeee070bb6ec60bdfae4dede61b9014,2026-09-20T17:00:00Z,New York Jets,Green Bay Packers,matchbook,h2h,New York Jets,,2.62
2026-09-17T07:14:46Z,scheduled,4aeee070bb6ec60bdfae4dede61b9014,2026-09-20T17:00:00Z,New York Jets,Green Bay Packers,matchbook,h2h_lay,Green Bay Packers,,1.62
2026-09-17T07:14:46Z,scheduled,4aeee070bb6ec60bdfae4dede61b9014,2026-09-20T17:00:00Z,New York Jets,Green Bay Packers,matchbook,h2h_lay,New York Jets,,2.64
2026-09-17T07:14:46Z,scheduled,4aeee070bb6ec60bdfae4dede61b9014,2026-09-20T17:00:00Z,New York Jets,Green Bay Packers,matchbook,spreads,Green Bay Packers,-3.0,1.88
2026-09-17T07:14:46Z,scheduled,4aeee070bb6ec60bdfae4dede61b9014,2026-09-20T17:00:00Z,New York Jets,Green Bay Packers,matchbook,spreads,New York Jets,3.0,2.04
2026-09-17T07:14:46Z,scheduled,4aeee070bb6ec60bdfae4dede61b9014,2026-09-20T17:00:00Z,New York Jets,Green Bay Packers,matchbook,totals,Over,44.5,1.96
2026-09-17T07:14:46Z,scheduled,4aeee070bb6ec60bdfae4dede61b9014,2026-09-20T17:00:00Z,New York Jets,Green Bay Packers,matchbook,totals,Under,44.5,1.93
2026-09-17T07:14:46Z,scheduled,4aeee070bb6ec60bdfae4dede61b9014,2026-09-20T17:00:00Z,New York Jets,Green Bay Packers,coolbet,h2h,Green Bay Packers,,1.55
2026-09-17T07:14:46Z,scheduled,4aeee070bb6ec60bdfae4dede61b9014,2026-09-20T17:00:00Z,New York Jets,Green Bay Packers,coolbet,h2h,New York Jets,,2.53
2026-09-17T07:14:46Z,scheduled,4aeee070bb6ec60bdfae4dede61b9014,2026-09-20T17:00:00Z,New York Jets,Green Bay Packers,coolbet,spreads,Green Bay Packers,-3.0,1.85
2026-09-17T07:14:46Z,scheduled,4aeee070bb6ec60bdfae4dede61b9014,2026-09-20T17:00:00Z,New York Jets,Green Bay Packers,coolbet,spreads,New York Jets,3.0,2.0
2026-09-17T07:14:46Z,scheduled,4aeee070bb6ec60bdfae4dede61b9014,2026-09-20T17:00:00Z,New York Jets,Green Bay Packers,coolbet,totals,Over,45.0,1.93
2026-09-17T07:14:46Z,scheduled,4aeee070bb6ec60bdfae4dede61b9014,2026-09-20T17:00:00Z,New York Jets,Green Bay Packers,coolbet,totals,Under,45.0,1.91
2026-09-17T07:14:46Z,scheduled,4aeee070bb6ec60bdfae4dede61b9014,2026-09-20T17:00:00Z,New York Jets,Green Bay Packers,betfair_ex_eu,h2h,Green Bay Packers,,1.61
2026-09-17T07:14:46Z,scheduled,4aeee070bb6ec60bdfae4dede61b9014,2026-09-20T17:00:00Z,New York Jets,Green Bay Packers,betfair_ex_eu,h2h,New York Jets,,2.62
2026-09-17T07:14:46Z,scheduled,4aeee070bb6ec60bdfae4dede61b9014,2026-09-20T17:00:00Z,New York Jets,Green Bay Packers,betfair_ex_eu,h2h_lay,Green Bay Packers,,1.62
2026-09-17T07:14:46Z,scheduled,4aeee070bb6ec60bdfae4dede61b9014,2026-09-20T17:00:00Z,New York Jets,Green Bay Packers,betfair_ex_eu,h2h_lay,New York Jets,,2.64
2026-09-17T07:14:46Z,scheduled,9d14f87600f6edc74dbcb5c74edf6246,2026-09-20T17:00:00Z,New England Patriots,Pittsburgh Steelers,draftkings,h2h,New England Patriots,,1.44
2026-09-17T07:14:46Z,scheduled,9d14f87600f6edc74dbcb5c74edf6246,2026-09-20T17:00:00Z,New England Patriots,Pittsburgh Steelers,draftkings,h2h,Pittsburgh Steelers,,2.85
2026-09-17T07:14:46Z,scheduled,9d14f87600f6edc74dbcb5c74edf6246,2026-09-20T17:00:00Z,New England Patriots,Pittsburgh Steelers,draftkings,spreads,New England Patriots,-5.5,1.95
2026-09-17T07:14:46Z,scheduled,9d14f87600f6edc74dbcb5c74edf6246,2026-09-20T17:00:00Z,New England Patriots,Pittsburgh Steelers,draftkings,spreads,Pittsburgh Steelers,5.5,1.87
2026-09-17T07:14:46Z,scheduled,9d14f87600f6edc74dbcb5c74edf6246,2026-09-20T17:00:00Z,New England Patriots,Pittsburgh Steelers,draftkings,totals,Over,41.5,1.89
2026-09-17T07:14:46Z,scheduled,9d14f87600f6edc74dbcb5c74edf6246,2026-09-20T17:00:00Z,New England Patriots,Pittsburgh Steelers,draftkings,totals,Under,41.5,1.93
2026-09-17T07:14:46Z,scheduled,9d14f87600f6edc74dbcb5c74edf6246,2026-09-20T17:00:00Z,New England Patriots,Pittsburgh Steelers,fanduel,h2h,New England Patriots,,1.4
2026-09-17T07:14:46Z,scheduled,9d14f87600f6edc74dbcb5c74edf6246,2026-09-20T17:00:00Z,New England Patriots,Pittsburgh Steelers,fanduel,h2h,Pittsburgh Steelers,,3.05
2026-09-17T07:14:46Z,scheduled,9d14f87600f6edc74dbcb5c74edf6246,2026-09-20T17:00:00Z,New England Patriots,Pittsburgh Steelers,fanduel,spreads,New England Patriots,-4.5,1.83
2026-09-17T07:14:46Z,scheduled,9d14f87600f6edc74dbcb5c74edf6246,2026-09-20T17:00:00Z,New England Patriots,Pittsburgh Steelers,fanduel,spreads,Pittsburgh Steelers,4.5,1.98
2026-09-17T07:14:46Z,scheduled,9d14f87600f6edc74dbcb5c74edf6246,2026-09-20T17:00:00Z,New England Patriots,Pittsburgh Steelers,fanduel,totals,Over,41.5,1.91
2026-09-17T07:14:46Z,scheduled,9d14f87600f6edc74dbcb5c74edf6246,2026-09-20T17:00:00Z,New England Patriots,Pittsburgh Steelers,fanduel,totals,Under,41.5,1.91
2026-09-17T07:14:46Z,scheduled,9d14f87600f6edc74dbcb5c74edf6246,2026-09-20T17:00:00Z,New England Patriots,Pittsburgh Steelers,betrivers,h2h,New England Patriots,,1.42
2026-09-17T07:14:46Z,scheduled,9d14f87600f6edc74dbcb5c74edf6246,2026-09-20T17:00:00Z,New England Patriots,Pittsburgh Steelers,betrivers,h2h,Pittsburgh Steelers,,2.95
2026-09-17T07:14:46Z,scheduled,9d14f87600f6edc74dbcb5c74edf6246,2026-09-20T17:00:00Z,New England Patriots,Pittsburgh Steelers,betrivers,spreads,New England Patriots,-5.0,1.89
2026-09-17T07:14:46Z,scheduled,9d14f87600f6edc74dbcb5c74edf6246,2026-09-20T17:00:00Z,New England Patriots,Pittsburgh Steelers,betrivers,spreads,Pittsburgh Steelers,5.0,1.92
2026-09-17T07:14:46Z,scheduled,9d14f87600f6edc74dbcb5c74edf6246,2026-09-20T17:00:00Z,New England Patriots,Pittsburgh Steelers,betrivers,totals,Over,41.5,1.92
2026-09-17T07:14:46Z,scheduled,9d14f87600f6edc74dbcb5c74edf6246,2026-09-20T17:00:00Z,New England Patriots,Pittsburgh Steelers,betrivers,totals,Under,41.5,1.89
2026-09-17T07:14:46Z,scheduled,9d14f87600f6edc74dbcb5c74edf6246,2026-09-20T17:00:00Z,New England Patriots,Pittsburgh Steelers,betmgm,h2h,New England Patriots,,1.43
2026-09-17T07:14:46Z,scheduled,9d14f87600f6edc74dbcb5c74edf6246,2026-09-20T17:00:00Z,New England Patriots,Pittsburgh Steelers,betmgm,h2h,Pittsburgh Steelers,,2.95
2026-09-17T07:14:46Z,scheduled,9d14f87600f6edc74dbcb5c74edf6246,2026-09-20T17:00:00Z,New England Patriots,Pittsburgh Steelers,betmgm,spreads,New England Patriots,-5.0,1.91
2026-09-17T07:14:46Z,scheduled,9d14f87600f6edc74dbcb5c74edf6246,2026-09-20T17:00:00Z,New England Patriots,Pittsburgh Steelers,betmgm,spreads,Pittsburgh Steelers,5.0,1.93
2026-09-17T07:14:46Z,scheduled,9d14f87600f6edc74dbcb5c74edf6246,2026-09-20T17:00:00Z,New England Patriots,Pittsburgh Steelers,betmgm,totals,Over,41.5,1.91
2026-09-17T07:14:46Z,scheduled,9d14f87600f6edc74dbcb5c74edf6246,2026-09-20T17:00:00Z,New England Patriots,Pittsburgh Steelers,betmgm,totals,Under,41.5,1.93
2026-09-17T07:14:46Z,scheduled,9d14f87600f6edc74dbcb5c74edf6246,2026-09-20T17:00:00Z,New England Patriots,Pittsburgh Steelers,matchbook,h2h,New England Patriots,,1.46
2026-09-17T07:14:46Z,scheduled,9d14f87600f6edc74dbcb5c74edf6246,2026-09-20T17:00:00Z,New England Patriots,Pittsburgh Steelers,matchbook,h2h,Pittsburgh Steelers,,3.1
2026-09-17T07:14:46Z,scheduled,9d14f87600f6edc74dbcb5c74edf6246,2026-09-20T17:00:00Z,New England Patriots,Pittsburgh Steelers,matchbook,h2h_lay,New England Patriots,,1.48
2026-09-17T07:14:46Z,scheduled,9d14f87600f6edc74dbcb5c74edf6246,2026-09-20T17:00:00Z,New England Patriots,Pittsburgh Steelers,matchbook,h2h_lay,Pittsburgh Steelers,,3.2
2026-09-17T07:14:46Z,scheduled,9d14f87600f6edc74dbcb5c74edf6246,2026-09-20T17:00:00Z,New England Patriots,Pittsburgh Steelers,matchbook,spreads,New England Patriots,-5.5,2.02
2026-09-17T07:14:46Z,scheduled,9d14f87600f6edc74dbcb5c74edf6246,2026-09-20T17:00:00Z,New England Patriots,Pittsburgh Steelers,matchbook,spreads,Pittsburgh Steelers,5.5,1.92
2026-09-17T07:14:46Z,scheduled,9d14f87600f6edc74dbcb5c74edf6246,2026-09-20T17:00:00Z,New England Patriots,Pittsburgh Steelers,matchbook,totals,Over,41.0,1.88
2026-09-17T07:14:46Z,scheduled,9d14f87600f6edc74dbcb5c74edf6246,2026-09-20T17:00:00Z,New England Patriots,Pittsburgh Steelers,matchbook,totals,Under,41.0,1.98
2026-09-17T07:14:46Z,scheduled,9d14f87600f6edc74dbcb5c74edf6246,2026-09-20T17:00:00Z,New England Patriots,Pittsburgh Steelers,pinnacle,h2h,New England Patriots,,1.42
2026-09-17T07:14:46Z,scheduled,9d14f87600f6edc74dbcb5c74edf6246,2026-09-20T17:00:00Z,New England Patriots,Pittsburgh Steelers,pinnacle,h2h,Pittsburgh Steelers,,3.03
2026-09-17T07:14:46Z,scheduled,9d14f87600f6edc74dbcb5c74edf6246,2026-09-20T17:00:00Z,New England Patriots,Pittsburgh Steelers,pinnacle,spreads,New England Patriots,-5.5,1.98
2026-09-17T07:14:46Z,scheduled,9d14f87600f6edc74dbcb5c74edf6246,2026-09-20T17:00:00Z,New England Patriots,Pittsburgh Steelers,pinnacle,spreads,Pittsburgh Steelers,5.5,1.91
2026-09-17T07:14:46Z,scheduled,9d14f87600f6edc74dbcb5c74edf6246,2026-09-20T17:00:00Z,New England Patriots,Pittsburgh Steelers,pinnacle,totals,Over,42.0,2.01
2026-09-17T07:14:46Z,scheduled,9d14f87600f6edc74dbcb5c74edf6246,2026-09-20T17:00:00Z,New England Patriots,Pittsburgh Steelers,pinnacle,totals,Under,42.0,1.85
2026-09-17T07:14:46Z,scheduled,9d14f87600f6edc74dbcb5c74edf6246,2026-09-20T17:00:00Z,New England Patriots,Pittsburgh Steelers,coolbet,h2h,New England Patriots,,1.41
2026-09-17T07:14:46Z,scheduled,9d14f87600f6edc74dbcb5c74edf6246,2026-09-20T17:00:00Z,New England Patriots,Pittsburgh Steelers,coolbet,h2h,Pittsburgh Steelers,,3.02
2026-09-17T07:14:46Z,scheduled,9d14f87600f6edc74dbcb5c74edf6246,2026-09-20T17:00:00Z,New England Patriots,Pittsburgh Steelers,coolbet,spreads,New England Patriots,-5.0,1.93
2026-09-17T07:14:46Z,scheduled,9d14f87600f6edc74dbcb5c74edf6246,2026-09-20T17:00:00Z,New England Patriots,Pittsburgh Steelers,coolbet,spreads,Pittsburgh Steelers,5.0,1.91
2026-09-17T07:14:46Z,scheduled,9d14f87600f6edc74dbcb5c74edf6246,2026-09-20T17:00:00Z,New England Patriots,Pittsburgh Steelers,coolbet,totals,Over,41.5,1.91
2026-09-17T07:14:46Z,scheduled,9d14f87600f6edc74dbcb5c74edf6246,2026-09-20T17:00:00Z,New England Patriots,Pittsburgh Steelers,coolbet,totals,Under,41.5,1.93
2026-09-17T07:14:46Z,scheduled,9d14f87600f6edc74dbcb5c74edf6246,2026-09-20T17:00:00Z,New England Patriots,Pittsburgh Steelers,betfair_ex_eu,h2h,New England Patriots,,1.45
2026-09-17T07:14:46Z,scheduled,9d14f87600f6edc74dbcb5c74edf6246,2026-09-20T17:00:00Z,New England Patriots,Pittsburgh Steelers,betfair_ex_eu,h2h,Pittsburgh Steelers,,3.1
2026-09-17T07:14:46Z,scheduled,9d14f87600f6edc74dbcb5c74edf6246,2026-09-20T17:00:00Z,New England Patriots,Pittsburgh Steelers,betfair_ex_eu,h2h_lay,New England Patriots,,1.48
2026-09-17T07:14:46Z,scheduled,9d14f87600f6edc74dbcb5c74edf6246,2026-09-20T17:00:00Z,New England Patriots,Pittsburgh Steelers,betfair_ex_eu,h2h_lay,Pittsburgh Steelers,,3.2
2026-09-17T07:14:46Z,scheduled,fafc649c455e32a0f2ba1bd06e2039bc,2026-09-20T17:00:00Z,Tennessee Titans,Philadelphia Eagles,draftkings,h2h,Philadelphia Eagles,,1.31
2026-09-17T07:14:46Z,scheduled,fafc649c455e32a0f2ba1bd06e2039bc,2026-09-20T17:00:00Z,Tennessee Titans,Philadelphia Eagles,draftkings,h2h,Tennessee Titans,,3.6
2026-09-17T07:14:46Z,scheduled,fafc649c455e32a0f2ba1bd06e2039bc,2026-09-20T17:00:00Z,Tennessee Titans,Philadelphia Eagles,draftkings,spreads,Philadelphia Eagles,-7.0,1.89
2026-09-17T07:14:46Z,scheduled,fafc649c455e32a0f2ba1bd06e2039bc,2026-09-20T17:00:00Z,Tennessee Titans,Philadelphia Eagles,draftkings,spreads,Tennessee Titans,7.0,1.93
2026-09-17T07:14:46Z,scheduled,fafc649c455e32a0f2ba1bd06e2039bc,2026-09-20T17:00:00Z,Tennessee Titans,Philadelphia Eagles,draftkings,totals,Over,39.5,1.91
2026-09-17T07:14:46Z,scheduled,fafc649c455e32a0f2ba1bd06e2039bc,2026-09-20T17:00:00Z,Tennessee Titans,Philadelphia Eagles,draftkings,totals,Under,39.5,1.91
2026-09-17T07:14:46Z,scheduled,fafc649c455e32a0f2ba1bd06e2039bc,2026-09-20T17:00:00Z,Tennessee Titans,Philadelphia Eagles,fanduel,h2h,Philadelphia Eagles,,1.29
2026-09-17T07:14:46Z,scheduled,fafc649c455e32a0f2ba1bd06e2039bc,2026-09-20T17:00:00Z,Tennessee Titans,Philadelphia Eagles,fanduel,h2h,Tennessee Titans,,3.8
2026-09-17T07:14:46Z,scheduled,fafc649c455e32a0f2ba1bd06e2039bc,2026-09-20T17:00:00Z,Tennessee Titans,Philadelphia Eagles,fanduel,spreads,Philadelphia Eagles,-7.0,1.91
2026-09-17T07:14:46Z,scheduled,fafc649c455e32a0f2ba1bd06e2039bc,2026-09-20T17:00:00Z,Tennessee Titans,Philadelphia Eagles,fanduel,spreads,Tennessee Titans,7.0,1.91
2026-09-17T07:14:46Z,scheduled,fafc649c455e32a0f2ba1bd06e2039bc,2026-09-20T17:00:00Z,Tennessee Titans,Philadelphia Eagles,fanduel,totals,Over,39.5,1.91
2026-09-17T07:14:46Z,scheduled,fafc649c455e32a0f2ba1bd06e2039bc,2026-09-20T17:00:00Z,Tennessee Titans,Philadelphia Eagles,fanduel,totals,Under,39.5,1.91
2026-09-17T07:14:46Z,scheduled,fafc649c455e32a0f2ba1bd06e2039bc,2026-09-20T17:00:00Z,Tennessee Titans,Philadelphia Eagles,betrivers,h2h,Philadelphia Eagles,,1.29
2026-09-17T07:14:46Z,scheduled,fafc649c455e32a0f2ba1bd06e2039bc,2026-09-20T17:00:00Z,Tennessee Titans,Philadelphia Eagles,betrivers,h2h,Tennessee Titans,,3.65
2026-09-17T07:14:46Z,scheduled,fafc649c455e32a0f2ba1bd06e2039bc,2026-09-20T17:00:00Z,Tennessee Titans,Philadelphia Eagles,betrivers,spreads,Philadelphia Eagles,-7.0,1.91
2026-09-17T07:14:46Z,scheduled,fafc649c455e32a0f2ba1bd06e2039bc,2026-09-20T17:00:00Z,Tennessee Titans,Philadelphia Eagles,betrivers,spreads,Tennessee Titans,7.0,1.91
2026-09-17T07:14:46Z,scheduled,fafc649c455e32a0f2ba1bd06e2039bc,2026-09-20T17:00:00Z,Tennessee Titans,Philadelphia Eagles,betrivers,totals,Over,39.5,1.89
2026-09-17T07:14:46Z,scheduled,fafc649c455e32a0f2ba1bd06e2039bc,2026-09-20T17:00:00Z,Tennessee Titans,Philadelphia Eagles,betrivers,totals,Under,39.5,1.92
2026-09-17T07:14:46Z,scheduled,fafc649c455e32a0f2ba1bd06e2039bc,2026-09-20T17:00:00Z,Tennessee Titans,Philadelphia Eagles,betmgm,h2h,Philadelphia Eagles,,1.31
2026-09-17T07:14:46Z,scheduled,fafc649c455e32a0f2ba1bd06e2039bc,2026-09-20T17:00:00Z,Tennessee Titans,Philadelphia Eagles,betmgm,h2h,Tennessee Titans,,3.7
2026-09-17T07:14:46Z,scheduled,fafc649c455e32a0f2ba1bd06e2039bc,2026-09-20T17:00:00Z,Tennessee Titans,Philadelphia Eagles,betmgm,spreads,Philadelphia Eagles,-7.0,1.87
2026-09-17T07:14:46Z,scheduled,fafc649c455e32a0f2ba1bd06e2039bc,2026-09-20T17:00:00Z,Tennessee Titans,Philadelphia Eagles,betmgm,spreads,Tennessee Titans,7.0,1.95
2026-09-17T07:14:46Z,scheduled,fafc649c455e32a0f2ba1bd06e2039bc,2026-09-20T17:00:00Z,Tennessee Titans,Philadelphia Eagles,betmgm,totals,Over,39.5,1.91
2026-09-17T07:14:46Z,scheduled,fafc649c455e32a0f2ba1bd06e2039bc,2026-09-20T17:00:00Z,Tennessee Titans,Philadelphia Eagles,betmgm,totals,Under,39.5,1.93
2026-09-17T07:14:46Z,scheduled,fafc649c455e32a0f2ba1bd06e2039bc,2026-09-20T17:00:00Z,Tennessee Titans,Philadelphia Eagles,matchbook,h2h,Philadelphia Eagles,,1.32
2026-09-17T07:14:46Z,scheduled,fafc649c455e32a0f2ba1bd06e2039bc,2026-09-20T17:00:00Z,Tennessee Titans,Philadelphia Eagles,matchbook,h2h,Tennessee Titans,,4.0
2026-09-17T07:14:46Z,scheduled,fafc649c455e32a0f2ba1bd06e2039bc,2026-09-20T17:00:00Z,Tennessee Titans,Philadelphia Eagles,matchbook,h2h_lay,Philadelphia Eagles,,1.33
2026-09-17T07:14:46Z,scheduled,fafc649c455e32a0f2ba1bd06e2039bc,2026-09-20T17:00:00Z,Tennessee Titans,Philadelphia Eagles,matchbook,h2h_lay,Tennessee Titans,,4.1
2026-09-17T07:14:46Z,scheduled,fafc649c455e32a0f2ba1bd06e2039bc,2026-09-20T17:00:00Z,Tennessee Titans,Philadelphia Eagles,matchbook,spreads,Philadelphia Eagles,-7.0,1.93
2026-09-17T07:14:46Z,scheduled,fafc649c455e32a0f2ba1bd06e2039bc,2026-09-20T17:00:00Z,Tennessee Titans,Philadelphia Eagles,matchbook,spreads,Tennessee Titans,7.0,1.96
2026-09-17T07:14:46Z,scheduled,fafc649c455e32a0f2ba1bd06e2039bc,2026-09-20T17:00:00Z,Tennessee Titans,Philadelphia Eagles,matchbook,totals,Over,39.5,1.9
2026-09-17T07:14:46Z,scheduled,fafc649c455e32a0f2ba1bd06e2039bc,2026-09-20T17:00:00Z,Tennessee Titans,Philadelphia Eagles,matchbook,totals,Under,39.5,1.95
2026-09-17T07:14:46Z,scheduled,fafc649c455e32a0f2ba1bd06e2039bc,2026-09-20T17:00:00Z,Tennessee Titans,Philadelphia Eagles,pinnacle,h2h,Philadelphia Eagles,,1.3
2026-09-17T07:14:46Z,scheduled,fafc649c455e32a0f2ba1bd06e2039bc,2026-09-20T17:00:00Z,Tennessee Titans,Philadelphia Eagles,pinnacle,h2h,Tennessee Titans,,3.74
2026-09-17T07:14:46Z,scheduled,fafc649c455e32a0f2ba1bd06e2039bc,2026-09-20T17:00:00Z,Tennessee Titans,Philadelphia Eagles,pinnacle,spreads,Philadelphia Eagles,-7.5,2.07
2026-09-17T07:14:46Z,scheduled,fafc649c455e32a0f2ba1bd06e2039bc,2026-09-20T17:00:00Z,Tennessee Titans,Philadelphia Eagles,pinnacle,spreads,Tennessee Titans,7.5,1.83
2026-09-17T07:14:46Z,scheduled,fafc649c455e32a0f2ba1bd06e2039bc,2026-09-20T17:00:00Z,Tennessee Titans,Philadelphia Eagles,pinnacle,totals,Over,40.0,1.96
2026-09-17T07:14:46Z,scheduled,fafc649c455e32a0f2ba1bd06e2039bc,2026-09-20T17:00:00Z,Tennessee Titans,Philadelphia Eagles,pinnacle,totals,Under,40.0,1.88
2026-09-17T07:14:46Z,scheduled,fafc649c455e32a0f2ba1bd06e2039bc,2026-09-20T17:00:00Z,Tennessee Titans,Philadelphia Eagles,coolbet,h2h,Philadelphia Eagles,,1.3
2026-09-17T07:14:46Z,scheduled,fafc649c455e32a0f2ba1bd06e2039bc,2026-09-20T17:00:00Z,Tennessee Titans,Philadelphia Eagles,coolbet,h2h,Tennessee Titans,,3.7
2026-09-17T07:14:46Z,scheduled,fafc649c455e32a0f2ba1bd06e2039bc,2026-09-20T17:00:00Z,Tennessee Titans,Philadelphia Eagles,coolbet,spreads,Philadelphia Eagles,-7.0,1.95
2026-09-17T07:14:46Z,scheduled,fafc649c455e32a0f2ba1bd06e2039bc,2026-09-20T17:00:00Z,Tennessee Titans,Philadelphia Eagles,coolbet,spreads,Tennessee Titans,7.0,1.9
2026-09-17T07:14:46Z,scheduled,fafc649c455e32a0f2ba1bd06e2039bc,2026-09-20T17:00:00Z,Tennessee Titans,Philadelphia Eagles,coolbet,totals,Over,39.5,1.91
2026-09-17T07:14:46Z,scheduled,fafc649c455e32a0f2ba1bd06e2039bc,2026-09-20T17:00:00Z,Tennessee Titans,Philadelphia Eagles,coolbet,totals,Under,39.5,1.93
2026-09-17T07:14:46Z,scheduled,fafc649c455e32a0f2ba1bd06e2039bc,2026-09-20T17:00:00Z,Tennessee Titans,Philadelphia Eagles,betfair_ex_eu,h2h,Philadelphia Eagles,,1.32
2026-09-17T07:14:46Z,scheduled,fafc649c455e32a0f2ba1bd06e2039bc,2026-09-20T17:00:00Z,Tennessee Titans,Philadelphia Eagles,betfair_ex_eu,h2h,Tennessee Titans,,4.0
2026-09-17T07:14:46Z,scheduled,fafc649c455e32a0f2ba1bd06e2039bc,2026-09-20T17:00:00Z,Tennessee Titans,Philadelphia Eagles,betfair_ex_eu,h2h_lay,Philadelphia Eagles,,1.33
2026-09-17T07:14:46Z,scheduled,fafc649c455e32a0f2ba1bd06e2039bc,2026-09-20T17:00:00Z,Tennessee Titans,Philadelphia Eagles,betfair_ex_eu,h2h_lay,Tennessee Titans,,4.2
2026-09-17T07:14:46Z,scheduled,1fd6628c781f556a7a19638e97d7107f,2026-09-20T20:05:00Z,Denver Broncos,Jacksonville Jaguars,draftkings,h2h,Denver Broncos,,1.68
2026-09-17T07:14:46Z,scheduled,1fd6628c781f556a7a19638e97d7107f,2026-09-20T20:05:00Z,Denver Broncos,Jacksonville Jaguars,draftkings,h2h,Jacksonville Jaguars,,2.24
2026-09-17T07:14:46Z,scheduled,1fd6628c781f556a7a19638e97d7107f,2026-09-20T20:05:00Z,Denver Broncos,Jacksonville Jaguars,draftkings,spreads,Denver Broncos,-2.5,1.85
2026-09-17T07:14:46Z,scheduled,1fd6628c781f556a7a19638e97d7107f,2026-09-20T20:05:00Z,Denver Broncos,Jacksonville Jaguars,draftkings,spreads,Jacksonville Jaguars,2.5,1.98
2026-09-17T07:14:46Z,scheduled,1fd6628c781f556a7a19638e97d7107f,2026-09-20T20:05:00Z,Denver Broncos,Jacksonville Jaguars,draftkings,totals,Over,45.5,1.93
2026-09-17T07:14:46Z,scheduled,1fd6628c781f556a7a19638e97d7107f,2026-09-20T20:05:00Z,Denver Broncos,Jacksonville Jaguars,draftkings,totals,Under,45.5,1.89
2026-09-17T07:14:46Z,scheduled,1fd6628c781f556a7a19638e97d7107f,2026-09-20T20:05:00Z,Denver Broncos,Jacksonville Jaguars,fanduel,h2h,Denver Broncos,,1.68
2026-09-17T07:14:46Z,scheduled,1fd6628c781f556a7a19638e97d7107f,2026-09-20T20:05:00Z,Denver Broncos,Jacksonville Jaguars,fanduel,h2h,Jacksonville Jaguars,,2.26
2026-09-17T07:14:46Z,scheduled,1fd6628c781f556a7a19638e97d7107f,2026-09-20T20:05:00Z,Denver Broncos,Jacksonville Jaguars,fanduel,spreads,Denver Broncos,-2.5,1.83
2026-09-17T07:14:46Z,scheduled,1fd6628c781f556a7a19638e97d7107f,2026-09-20T20:05:00Z,Denver Broncos,Jacksonville Jaguars,fanduel,spreads,Jacksonville Jaguars,2.5,1.98
2026-09-17T07:14:46Z,scheduled,1fd6628c781f556a7a19638e97d7107f,2026-09-20T20:05:00Z,Denver Broncos,Jacksonville Jaguars,fanduel,totals,Over,45.5,1.95
2026-09-17T07:14:46Z,scheduled,1fd6628c781f556a7a19638e97d7107f,2026-09-20T20:05:00Z,Denver Broncos,Jacksonville Jaguars,fanduel,totals,Under,45.5,1.87
2026-09-17T07:14:46Z,scheduled,1fd6628c781f556a7a19638e97d7107f,2026-09-20T20:05:00Z,Denver Broncos,Jacksonville Jaguars,betrivers,h2h,Denver Broncos,,1.65
2026-09-17T07:14:46Z,scheduled,1fd6628c781f556a7a19638e97d7107f,2026-09-20T20:05:00Z,Denver Broncos,Jacksonville Jaguars,betrivers,h2h,Jacksonville Jaguars,,2.3
2026-09-17T07:14:46Z,scheduled,1fd6628c781f556a7a19638e97d7107f,2026-09-20T20:05:00Z,Denver Broncos,Jacksonville Jaguars,betrivers,spreads,Denver Broncos,-3.0,1.92
2026-09-17T07:14:46Z,scheduled,1fd6628c781f556a7a19638e97d7107f,2026-09-20T20:05:00Z,Denver Broncos,Jacksonville Jaguars,betrivers,spreads,Jacksonville Jaguars,3.0,1.89
2026-09-17T07:14:46Z,scheduled,1fd6628c781f556a7a19638e97d7107f,2026-09-20T20:05:00Z,Denver Broncos,Jacksonville Jaguars,betrivers,totals,Over,45.0,1.91
2026-09-17T07:14:46Z,scheduled,1fd6628c781f556a7a19638e97d7107f,2026-09-20T20:05:00Z,Denver Broncos,Jacksonville Jaguars,betrivers,totals,Under,45.0,1.91
2026-09-17T07:14:46Z,scheduled,1fd6628c781f556a7a19638e97d7107f,2026-09-20T20:05:00Z,Denver Broncos,Jacksonville Jaguars,betmgm,h2h,Denver Broncos,,1.67
2026-09-17T07:14:46Z,scheduled,1fd6628c781f556a7a19638e97d7107f,2026-09-20T20:05:00Z,Denver Broncos,Jacksonville Jaguars,betmgm,h2h,Jacksonville Jaguars,,2.25
2026-09-17T07:14:46Z,scheduled,1fd6628c781f556a7a19638e97d7107f,2026-09-20T20:05:00Z,Denver Broncos,Jacksonville Jaguars,betmgm,spreads,Denver Broncos,-2.5,1.85
2026-09-17T07:14:46Z,scheduled,1fd6628c781f556a7a19638e97d7107f,2026-09-20T20:05:00Z,Denver Broncos,Jacksonville Jaguars,betmgm,spreads,Jacksonville Jaguars,2.5,1.98
2026-09-17T07:14:46Z,scheduled,1fd6628c781f556a7a19638e97d7107f,2026-09-20T20:05:00Z,Denver Broncos,Jacksonville Jaguars,betmgm,totals,Over,45.5,1.93
2026-09-17T07:14:46Z,scheduled,1fd6628c781f556a7a19638e97d7107f,2026-09-20T20:05:00Z,Denver Broncos,Jacksonville Jaguars,betmgm,totals,Under,45.5,1.91
2026-09-17T07:14:46Z,scheduled,1fd6628c781f556a7a19638e97d7107f,2026-09-20T20:05:00Z,Denver Broncos,Jacksonville Jaguars,coolbet,h2h,Denver Broncos,,1.65
2026-09-17T07:14:46Z,scheduled,1fd6628c781f556a7a19638e97d7107f,2026-09-20T20:05:00Z,Denver Broncos,Jacksonville Jaguars,coolbet,h2h,Jacksonville Jaguars,,2.3
2026-09-17T07:14:46Z,scheduled,1fd6628c781f556a7a19638e97d7107f,2026-09-20T20:05:00Z,Denver Broncos,Jacksonville Jaguars,coolbet,spreads,Denver Broncos,-2.5,1.86
2026-09-17T07:14:46Z,scheduled,1fd6628c781f556a7a19638e97d7107f,2026-09-20T20:05:00Z,Denver Broncos,Jacksonville Jaguars,coolbet,spreads,Jacksonville Jaguars,2.5,1.99
2026-09-17T07:14:46Z,scheduled,1fd6628c781f556a7a19638e97d7107f,2026-09-20T20:05:00Z,Denver Broncos,Jacksonville Jaguars,coolbet,totals,Over,45.0,1.93
2026-09-17T07:14:46Z,scheduled,1fd6628c781f556a7a19638e97d7107f,2026-09-20T20:05:00Z,Denver Broncos,Jacksonville Jaguars,coolbet,totals,Under,45.0,1.91
2026-09-17T07:14:46Z,scheduled,1fd6628c781f556a7a19638e97d7107f,2026-09-20T20:05:00Z,Denver Broncos,Jacksonville Jaguars,betfair_ex_eu,h2h,Denver Broncos,,1.72
2026-09-17T07:14:46Z,scheduled,1fd6628c781f556a7a19638e97d7107f,2026-09-20T20:05:00Z,Denver Broncos,Jacksonville Jaguars,betfair_ex_eu,h2h,Jacksonville Jaguars,,2.36
2026-09-17T07:14:46Z,scheduled,1fd6628c781f556a7a19638e97d7107f,2026-09-20T20:05:00Z,Denver Broncos,Jacksonville Jaguars,betfair_ex_eu,h2h_lay,Denver Broncos,,1.73
2026-09-17T07:14:46Z,scheduled,1fd6628c781f556a7a19638e97d7107f,2026-09-20T20:05:00Z,Denver Broncos,Jacksonville Jaguars,betfair_ex_eu,h2h_lay,Jacksonville Jaguars,,2.4
2026-09-17T07:14:46Z,scheduled,1fd6628c781f556a7a19638e97d7107f,2026-09-20T20:05:00Z,Denver Broncos,Jacksonville Jaguars,matchbook,h2h,Denver Broncos,,1.72
2026-09-17T07:14:46Z,scheduled,1fd6628c781f556a7a19638e97d7107f,2026-09-20T20:05:00Z,Denver Broncos,Jacksonville Jaguars,matchbook,h2h,Jacksonville Jaguars,,2.36
2026-09-17T07:14:46Z,scheduled,1fd6628c781f556a7a19638e97d7107f,2026-09-20T20:05:00Z,Denver Broncos,Jacksonville Jaguars,matchbook,h2h_lay,Denver Broncos,,1.73
2026-09-17T07:14:46Z,scheduled,1fd6628c781f556a7a19638e97d7107f,2026-09-20T20:05:00Z,Denver Broncos,Jacksonville Jaguars,matchbook,h2h_lay,Jacksonville Jaguars,,2.4
2026-09-17T07:14:46Z,scheduled,1fd6628c781f556a7a19638e97d7107f,2026-09-20T20:05:00Z,Denver Broncos,Jacksonville Jaguars,matchbook,spreads,Denver Broncos,-3.0,2.02
2026-09-17T07:14:46Z,scheduled,1fd6628c781f556a7a19638e97d7107f,2026-09-20T20:05:00Z,Denver Broncos,Jacksonville Jaguars,matchbook,spreads,Jacksonville Jaguars,3.0,1.89
2026-09-17T07:14:46Z,scheduled,1fd6628c781f556a7a19638e97d7107f,2026-09-20T20:05:00Z,Denver Broncos,Jacksonville Jaguars,matchbook,totals,Over,45.5,1.96
2026-09-17T07:14:46Z,scheduled,1fd6628c781f556a7a19638e97d7107f,2026-09-20T20:05:00Z,Denver Broncos,Jacksonville Jaguars,matchbook,totals,Under,45.5,1.91
2026-09-17T07:14:46Z,scheduled,1fd6628c781f556a7a19638e97d7107f,2026-09-20T20:05:00Z,Denver Broncos,Jacksonville Jaguars,pinnacle,h2h,Denver Broncos,,1.65
2026-09-17T07:14:46Z,scheduled,1fd6628c781f556a7a19638e97d7107f,2026-09-20T20:05:00Z,Denver Broncos,Jacksonville Jaguars,pinnacle,h2h,Jacksonville Jaguars,,2.36
2026-09-17T07:14:46Z,scheduled,1fd6628c781f556a7a19638e97d7107f,2026-09-20T20:05:00Z,Denver Broncos,Jacksonville Jaguars,pinnacle,spreads,Denver Broncos,-2.5,1.83
2026-09-17T07:14:46Z,scheduled,1fd6628c781f556a7a19638e97d7107f,2026-09-20T20:05:00Z,Denver Broncos,Jacksonville Jaguars,pinnacle,spreads,Jacksonville Jaguars,2.5,2.07
2026-09-17T07:14:46Z,scheduled,1fd6628c781f556a7a19638e97d7107f,2026-09-20T20:05:00Z,Denver Broncos,Jacksonville Jaguars,pinnacle,totals,Over,45.5,1.96
2026-09-17T07:14:46Z,scheduled,1fd6628c781f556a7a19638e97d7107f,2026-09-20T20:05:00Z,Denver Broncos,Jacksonville Jaguars,pinnacle,totals,Under,45.5,1.89
2026-09-17T07:14:46Z,scheduled,71b3b83747589efdc5baef2c5cf811bf,2026-09-20T20:05:00Z,Los Angeles Chargers,Las Vegas Raiders,draftkings,h2h,Las Vegas Raiders,,3.45
2026-09-17T07:14:46Z,scheduled,71b3b83747589efdc5baef2c5cf811bf,2026-09-20T20:05:00Z,Los Angeles Chargers,Las Vegas Raiders,draftkings,h2h,Los Angeles Chargers,,1.33
2026-09-17T07:14:46Z,scheduled,71b3b83747589efdc5baef2c5cf811bf,2026-09-20T20:05:00Z,Los Angeles Chargers,Las Vegas Raiders,draftkings,spreads,Las Vegas Raiders,6.5,1.98
2026-09-17T07:14:46Z,scheduled,71b3b83747589efdc5baef2c5cf811bf,2026-09-20T20:05:00Z,Los Angeles Chargers,Las Vegas Raiders,draftkings,spreads,Los Angeles Chargers,-6.5,1.85
2026-09-17T07:14:46Z,scheduled,71b3b83747589efdc5baef2c5cf811bf,2026-09-20T20:05:00Z,Los Angeles Chargers,Las Vegas Raiders,draftkings,totals,Over,43.5,1.95
2026-09-17T07:14:46Z,scheduled,71b3b83747589efdc5baef2c5cf811bf,2026-09-20T20:05:00Z,Los Angeles Chargers,Las Vegas Raiders,draftkings,totals,Under,43.5,1.87
2026-09-17T07:14:46Z,scheduled,71b3b83747589efdc5baef2c5cf811bf,2026-09-20T20:05:00Z,Los Angeles Chargers,Las Vegas Raiders,fanduel,h2h,Las Vegas Raiders,,3.5
2026-09-17T07:14:46Z,scheduled,71b3b83747589efdc5baef2c5cf811bf,2026-09-20T20:05:00Z,Los Angeles Chargers,Las Vegas Raiders,fanduel,h2h,Los Angeles Chargers,,1.32
2026-09-17T07:14:46Z,scheduled,71b3b83747589efdc5baef2c5cf811bf,2026-09-20T20:05:00Z,Los Angeles Chargers,Las Vegas Raiders,fanduel,spreads,Las Vegas Raiders,6.5,1.95
2026-09-17T07:14:46Z,scheduled,71b3b83747589efdc5baef2c5cf811bf,2026-09-20T20:05:00Z,Los Angeles Chargers,Las Vegas Raiders,fanduel,spreads,Los Angeles Chargers,-6.5,1.87
2026-09-17T07:14:46Z,scheduled,71b3b83747589efdc5baef2c5cf811bf,2026-09-20T20:05:00Z,Los Angeles Chargers,Las Vegas Raiders,fanduel,totals,Over,43.5,1.91
2026-09-17T07:14:46Z,scheduled,71b3b83747589efdc5baef2c5cf811bf,2026-09-20T20:05:00Z,Los Angeles Chargers,Las Vegas Raiders,fanduel,totals,Under,43.5,1.91
2026-09-17T07:14:46Z,scheduled,71b3b83747589efdc5baef2c5cf811bf,2026-09-20T20:05:00Z,Los Angeles Chargers,Las Vegas Raiders,betrivers,h2h,Las Vegas Raiders,,3.45
2026-09-17T07:14:46Z,scheduled,71b3b83747589efdc5baef2c5cf811bf,2026-09-20T20:05:00Z,Los Angeles Chargers,Las Vegas Raiders,betrivers,h2h,Los Angeles Chargers,,1.32
2026-09-17T07:14:46Z,scheduled,71b3b83747589efdc5baef2c5cf811bf,2026-09-20T20:05:00Z,Los Angeles Chargers,Las Vegas Raiders,betrivers,spreads,Las Vegas Raiders,6.5,1.96
2026-09-17T07:14:46Z,scheduled,71b3b83747589efdc5baef2c5cf811bf,2026-09-20T20:05:00Z,Los Angeles Chargers,Las Vegas Raiders,betrivers,spreads,Los Angeles Chargers,-6.5,1.85
2026-09-17T07:14:46Z,scheduled,71b3b83747589efdc5baef2c5cf811bf,2026-09-20T20:05:00Z,Los Angeles Chargers,Las Vegas Raiders,betrivers,totals,Over,43.5,1.92
2026-09-17T07:14:46Z,scheduled,71b3b83747589efdc5baef2c5cf811bf,2026-09-20T20:05:00Z,Los Angeles Chargers,Las Vegas Raiders,betrivers,totals,Under,43.5,1.89
2026-09-17T07:14:46Z,scheduled,71b3b83747589efdc5baef2c5cf811bf,2026-09-20T20:05:00Z,Los Angeles Chargers,Las Vegas Raiders,betmgm,h2h,Las Vegas Raiders,,3.4
2026-09-17T07:14:46Z,scheduled,71b3b83747589efdc5baef2c5cf811bf,2026-09-20T20:05:00Z,Los Angeles Chargers,Las Vegas Raiders,betmgm,h2h,Los Angeles Chargers,,1.33
2026-09-17T07:14:46Z,scheduled,71b3b83747589efdc5baef2c5cf811bf,2026-09-20T20:05:00Z,Los Angeles Chargers,Las Vegas Raiders,betmgm,spreads,Las Vegas Raiders,6.5,1.95
2026-09-17T07:14:46Z,scheduled,71b3b83747589efdc5baef2c5cf811bf,2026-09-20T20:05:00Z,Los Angeles Chargers,Las Vegas Raiders,betmgm,spreads,Los Angeles Chargers,-6.5,1.89
2026-09-17T07:14:46Z,scheduled,71b3b83747589efdc5baef2c5cf811bf,2026-09-20T20:05:00Z,Los Angeles Chargers,Las Vegas Raiders,betmgm,totals,Over,43.5,1.95
2026-09-17T07:14:46Z,scheduled,71b3b83747589efdc5baef2c5cf811bf,2026-09-20T20:05:00Z,Los Angeles Chargers,Las Vegas Raiders,betmgm,totals,Under,43.5,1.89
2026-09-17T07:14:46Z,scheduled,71b3b83747589efdc5baef2c5cf811bf,2026-09-20T20:05:00Z,Los Angeles Chargers,Las Vegas Raiders,pinnacle,h2h,Las Vegas Raiders,,3.46
2026-09-17T07:14:46Z,scheduled,71b3b83747589efdc5baef2c5cf811bf,2026-09-20T20:05:00Z,Los Angeles Chargers,Las Vegas Raiders,pinnacle,h2h,Los Angeles Chargers,,1.34
2026-09-17T07:14:46Z,scheduled,71b3b83747589efdc5baef2c5cf811bf,2026-09-20T20:05:00Z,Los Angeles Chargers,Las Vegas Raiders,pinnacle,spreads,Las Vegas Raiders,6.5,1.95
2026-09-17T07:14:46Z,scheduled,71b3b83747589efdc5baef2c5cf811bf,2026-09-20T20:05:00Z,Los Angeles Chargers,Las Vegas Raiders,pinnacle,spreads,Los Angeles Chargers,-6.5,1.93
2026-09-17T07:14:46Z,scheduled,71b3b83747589efdc5baef2c5cf811bf,2026-09-20T20:05:00Z,Los Angeles Chargers,Las Vegas Raiders,pinnacle,totals,Over,44.0,2.03
2026-09-17T07:14:46Z,scheduled,71b3b83747589efdc5baef2c5cf811bf,2026-09-20T20:05:00Z,Los Angeles Chargers,Las Vegas Raiders,pinnacle,totals,Under,44.0,1.83
2026-09-17T07:14:46Z,scheduled,71b3b83747589efdc5baef2c5cf811bf,2026-09-20T20:05:00Z,Los Angeles Chargers,Las Vegas Raiders,matchbook,h2h,Las Vegas Raiders,,3.6
2026-09-17T07:14:46Z,scheduled,71b3b83747589efdc5baef2c5cf811bf,2026-09-20T20:05:00Z,Los Angeles Chargers,Las Vegas Raiders,matchbook,h2h,Los Angeles Chargers,,1.37
2026-09-17T07:14:46Z,scheduled,71b3b83747589efdc5baef2c5cf811bf,2026-09-20T20:05:00Z,Los Angeles Chargers,Las Vegas Raiders,matchbook,h2h_lay,Las Vegas Raiders,,3.65
2026-09-17T07:14:46Z,scheduled,71b3b83747589efdc5baef2c5cf811bf,2026-09-20T20:05:00Z,Los Angeles Chargers,Las Vegas Raiders,matchbook,h2h_lay,Los Angeles Chargers,,1.39
2026-09-17T07:14:46Z,scheduled,71b3b83747589efdc5baef2c5cf811bf,2026-09-20T20:05:00Z,Los Angeles Chargers,Las Vegas Raiders,matchbook,spreads,Las Vegas Raiders,6.5,1.94
2026-09-17T07:14:46Z,scheduled,71b3b83747589efdc5baef2c5cf811bf,2026-09-20T20:05:00Z,Los Angeles Chargers,Las Vegas Raiders,matchbook,spreads,Los Angeles Chargers,-6.5,1.96
2026-09-17T07:14:46Z,scheduled,71b3b83747589efdc5baef2c5cf811bf,2026-09-20T20:05:00Z,Los Angeles Chargers,Las Vegas Raiders,matchbook,totals,Over,43.5,1.97
2026-09-17T07:14:46Z,scheduled,71b3b83747589efdc5baef2c5cf811bf,2026-09-20T20:05:00Z,Los Angeles Chargers,Las Vegas Raiders,matchbook,totals,Under,43.5,1.89
2026-09-17T07:14:46Z,scheduled,71b3b83747589efdc5baef2c5cf811bf,2026-09-20T20:05:00Z,Los Angeles Chargers,Las Vegas Raiders,coolbet,h2h,Las Vegas Raiders,,3.5
2026-09-17T07:14:46Z,scheduled,71b3b83747589efdc5baef2c5cf811bf,2026-09-20T20:05:00Z,Los Angeles Chargers,Las Vegas Raiders,coolbet,h2h,Los Angeles Chargers,,1.33
2026-09-17T07:14:46Z,scheduled,71b3b83747589efdc5baef2c5cf811bf,2026-09-20T20:05:00Z,Los Angeles Chargers,Las Vegas Raiders,coolbet,spreads,Las Vegas Raiders,6.5,1.93
2026-09-17T07:14:46Z,scheduled,71b3b83747589efdc5baef2c5cf811bf,2026-09-20T20:05:00Z,Los Angeles Chargers,Las Vegas Raiders,coolbet,spreads,Los Angeles Chargers,-6.5,1.91
2026-09-17T07:14:46Z,scheduled,71b3b83747589efdc5baef2c5cf811bf,2026-09-20T20:05:00Z,Los Angeles Chargers,Las Vegas Raiders,coolbet,totals,Over,43.5,1.91
2026-09-17T07:14:46Z,scheduled,71b3b83747589efdc5baef2c5cf811bf,2026-09-20T20:05:00Z,Los Angeles Chargers,Las Vegas Raiders,coolbet,totals,Under,43.5,1.93
2026-09-17T07:14:46Z,scheduled,71b3b83747589efdc5baef2c5cf811bf,2026-09-20T20:05:00Z,Los Angeles Chargers,Las Vegas Raiders,betfair_ex_eu,h2h,Las Vegas Raiders,,3.6
2026-09-17T07:14:46Z,scheduled,71b3b83747589efdc5baef2c5cf811bf,2026-09-20T20:05:00Z,Los Angeles Chargers,Las Vegas Raiders,betfair_ex_eu,h2h,Los Angeles Chargers,,1.37
2026-09-17T07:14:46Z,scheduled,71b3b83747589efdc5baef2c5cf811bf,2026-09-20T20:05:00Z,Los Angeles Chargers,Las Vegas Raiders,betfair_ex_eu,h2h_lay,Las Vegas Raiders,,3.7
2026-09-17T07:14:46Z,scheduled,71b3b83747589efdc5baef2c5cf811bf,2026-09-20T20:05:00Z,Los Angeles Chargers,Las Vegas Raiders,betfair_ex_eu,h2h_lay,Los Angeles Chargers,,1.39
2026-09-17T07:14:46Z,scheduled,4dd8020192a544385db42374e5555303,2026-09-20T20:25:00Z,Arizona Cardinals,Seattle Seahawks,draftkings,h2h,Arizona Cardinals,,2.8
2026-09-17T07:14:46Z,scheduled,4dd8020192a544385db42374e5555303,2026-09-20T20:25:00Z,Arizona Cardinals,Seattle Seahawks,draftkings,h2h,Seattle Seahawks,,1.46
2026-09-17T07:14:46Z,scheduled,4dd8020192a544385db42374e5555303,2026-09-20T20:25:00Z,Arizona Cardinals,Seattle Seahawks,draftkings,spreads,Arizona Cardinals,3.5,2.0
2026-09-17T07:14:46Z,scheduled,4dd8020192a544385db42374e5555303,2026-09-20T20:25:00Z,Arizona Cardinals,Seattle Seahawks,draftkings,spreads,Seattle Seahawks,-3.5,1.83
2026-09-17T07:14:46Z,scheduled,4dd8020192a544385db42374e5555303,2026-09-20T20:25:00Z,Arizona Cardinals,Seattle Seahawks,draftkings,totals,Over,41.5,1.95
2026-09-17T07:14:46Z,scheduled,4dd8020192a544385db42374e5555303,2026-09-20T20:25:00Z,Arizona Cardinals,Seattle Seahawks,draftkings,totals,Under,41.5,1.87
2026-09-17T07:14:46Z,scheduled,4dd8020192a544385db42374e5555303,2026-09-20T20:25:00Z,Arizona Cardinals,Seattle Seahawks,fanduel,h2h,Arizona Cardinals,,2.66
2026-09-17T07:14:46Z,scheduled,4dd8020192a544385db42374e5555303,2026-09-20T20:25:00Z,Arizona Cardinals,Seattle Seahawks,fanduel,h2h,Seattle Seahawks,,1.51
2026-09-17T07:14:46Z,scheduled,4dd8020192a544385db42374e5555303,2026-09-20T20:25:00Z,Arizona Cardinals,Seattle Seahawks,fanduel,spreads,Arizona Cardinals,4.5,1.83
2026-09-17T07:14:46Z,scheduled,4dd8020192a544385db42374e5555303,2026-09-20T20:25:00Z,Arizona Cardinals,Seattle Seahawks,fanduel,spreads,Seattle Seahawks,-4.5,1.98
2026-09-17T07:14:46Z,scheduled,4dd8020192a544385db42374e5555303,2026-09-20T20:25:00Z,Arizona Cardinals,Seattle Seahawks,fanduel,totals,Over,41.5,1.98
2026-09-17T07:14:46Z,scheduled,4dd8020192a544385db42374e5555303,2026-09-20T20:25:00Z,Arizona Cardinals,Seattle Seahawks,fanduel,totals,Under,41.5,1.83
2026-09-17T07:14:46Z,scheduled,4dd8020192a544385db42374e5555303,2026-09-20T20:25:00Z,Arizona Cardinals,Seattle Seahawks,betrivers,h2h,Arizona Cardinals,,2.7
2026-09-17T07:14:46Z,scheduled,4dd8020192a544385db42374e5555303,2026-09-20T20:25:00Z,Arizona Cardinals,Seattle Seahawks,betrivers,h2h,Seattle Seahawks,,1.48
2026-09-17T07:14:46Z,scheduled,4dd8020192a544385db42374e5555303,2026-09-20T20:25:00Z,Arizona Cardinals,Seattle Seahawks,betrivers,spreads,Arizona Cardinals,4.0,1.91
2026-09-17T07:14:46Z,scheduled,4dd8020192a544385db42374e5555303,2026-09-20T20:25:00Z,Arizona Cardinals,Seattle Seahawks,betrivers,spreads,Seattle Seahawks,-4.0,1.91
2026-09-17T07:14:46Z,scheduled,4dd8020192a544385db42374e5555303,2026-09-20T20:25:00Z,Arizona Cardinals,Seattle Seahawks,betrivers,totals,Over,41.0,1.91
2026-09-17T07:14:46Z,scheduled,4dd8020192a544385db42374e5555303,2026-09-20T20:25:00Z,Arizona Cardinals,Seattle Seahawks,betrivers,totals,Under,41.0,1.91
2026-09-17T07:14:46Z,scheduled,4dd8020192a544385db42374e5555303,2026-09-20T20:25:00Z,Arizona Cardinals,Seattle Seahawks,betmgm,h2h,Arizona Cardinals,,2.7
2026-09-17T07:14:46Z,scheduled,4dd8020192a544385db42374e5555303,2026-09-20T20:25:00Z,Arizona Cardinals,Seattle Seahawks,betmgm,h2h,Seattle Seahawks,,1.48
2026-09-17T07:14:46Z,scheduled,4dd8020192a544385db42374e5555303,2026-09-20T20:25:00Z,Arizona Cardinals,Seattle Seahawks,betmgm,spreads,Arizona Cardinals,4.0,1.91
2026-09-17T07:14:46Z,scheduled,4dd8020192a544385db42374e5555303,2026-09-20T20:25:00Z,Arizona Cardinals,Seattle Seahawks,betmgm,spreads,Seattle Seahawks,-4.0,1.93
2026-09-17T07:14:46Z,scheduled,4dd8020192a544385db42374e5555303,2026-09-20T20:25:00Z,Arizona Cardinals,Seattle Seahawks,betmgm,totals,Over,41.0,1.91
2026-09-17T07:14:46Z,scheduled,4dd8020192a544385db42374e5555303,2026-09-20T20:25:00Z,Arizona Cardinals,Seattle Seahawks,betmgm,totals,Under,41.0,1.93
2026-09-17T07:14:46Z,scheduled,4dd8020192a544385db42374e5555303,2026-09-20T20:25:00Z,Arizona Cardinals,Seattle Seahawks,matchbook,h2h,Arizona Cardinals,,2.84
2026-09-17T07:14:46Z,scheduled,4dd8020192a544385db42374e5555303,2026-09-20T20:25:00Z,Arizona Cardinals,Seattle Seahawks,matchbook,h2h,Seattle Seahawks,,1.53
2026-09-17T07:14:46Z,scheduled,4dd8020192a544385db42374e5555303,2026-09-20T20:25:00Z,Arizona Cardinals,Seattle Seahawks,matchbook,h2h_lay,Arizona Cardinals,,2.88
2026-09-17T07:14:46Z,scheduled,4dd8020192a544385db42374e5555303,2026-09-20T20:25:00Z,Arizona Cardinals,Seattle Seahawks,matchbook,h2h_lay,Seattle Seahawks,,1.55
2026-09-17T07:14:46Z,scheduled,4dd8020192a544385db42374e5555303,2026-09-20T20:25:00Z,Arizona Cardinals,Seattle Seahawks,matchbook,spreads,Arizona Cardinals,4.0,1.95
2026-09-17T07:14:46Z,scheduled,4dd8020192a544385db42374e5555303,2026-09-20T20:25:00Z,Arizona Cardinals,Seattle Seahawks,matchbook,spreads,Seattle Seahawks,-4.0,1.98
2026-09-17T07:14:46Z,scheduled,4dd8020192a544385db42374e5555303,2026-09-20T20:25:00Z,Arizona Cardinals,Seattle Seahawks,matchbook,totals,Over,41.0,1.92
2026-09-17T07:14:46Z,scheduled,4dd8020192a544385db42374e5555303,2026-09-20T20:25:00Z,Arizona Cardinals,Seattle Seahawks,matchbook,totals,Under,41.0,1.95
2026-09-17T07:14:46Z,scheduled,4dd8020192a544385db42374e5555303,2026-09-20T20:25:00Z,Arizona Cardinals,Seattle Seahawks,pinnacle,h2h,Arizona Cardinals,,2.72
2026-09-17T07:14:46Z,scheduled,4dd8020192a544385db42374e5555303,2026-09-20T20:25:00Z,Arizona Cardinals,Seattle Seahawks,pinnacle,h2h,Seattle Seahawks,,1.51
2026-09-17T07:14:46Z,scheduled,4dd8020192a544385db42374e5555303,2026-09-20T20:25:00Z,Arizona Cardinals,Seattle Seahawks,pinnacle,spreads,Arizona Cardinals,4.0,1.9
2026-09-17T07:14:46Z,scheduled,4dd8020192a544385db42374e5555303,2026-09-20T20:25:00Z,Arizona Cardinals,Seattle Seahawks,pinnacle,spreads,Seattle Seahawks,-4.0,1.98
2026-09-17T07:14:46Z,scheduled,4dd8020192a544385db42374e5555303,2026-09-20T20:25:00Z,Arizona Cardinals,Seattle Seahawks,pinnacle,totals,Over,41.5,2.01
2026-09-17T07:14:46Z,scheduled,4dd8020192a544385db42374e5555303,2026-09-20T20:25:00Z,Arizona Cardinals,Seattle Seahawks,pinnacle,totals,Under,41.5,1.85
2026-09-17T07:14:46Z,scheduled,4dd8020192a544385db42374e5555303,2026-09-20T20:25:00Z,Arizona Cardinals,Seattle Seahawks,coolbet,h2h,Arizona Cardinals,,2.75
2026-09-17T07:14:46Z,scheduled,4dd8020192a544385db42374e5555303,2026-09-20T20:25:00Z,Arizona Cardinals,Seattle Seahawks,coolbet,h2h,Seattle Seahawks,,1.48
2026-09-17T07:14:46Z,scheduled,4dd8020192a544385db42374e5555303,2026-09-20T20:25:00Z,Arizona Cardinals,Seattle Seahawks,coolbet,spreads,Arizona Cardinals,3.5,1.95
2026-09-17T07:14:46Z,scheduled,4dd8020192a544385db42374e5555303,2026-09-20T20:25:00Z,Arizona Cardinals,Seattle Seahawks,coolbet,spreads,Seattle Seahawks,-3.5,1.9
2026-09-17T07:14:46Z,scheduled,4dd8020192a544385db42374e5555303,2026-09-20T20:25:00Z,Arizona Cardinals,Seattle Seahawks,coolbet,totals,Over,41.0,1.92
2026-09-17T07:14:46Z,scheduled,4dd8020192a544385db42374e5555303,2026-09-20T20:25:00Z,Arizona Cardinals,Seattle Seahawks,coolbet,totals,Under,41.0,1.92
2026-09-17T07:14:46Z,scheduled,4dd8020192a544385db42374e5555303,2026-09-20T20:25:00Z,Arizona Cardinals,Seattle Seahawks,betfair_ex_eu,h2h,Arizona Cardinals,,2.84
2026-09-17T07:14:46Z,scheduled,4dd8020192a544385db42374e5555303,2026-09-20T20:25:00Z,Arizona Cardinals,Seattle Seahawks,betfair_ex_eu,h2h,Seattle Seahawks,,1.53
2026-09-17T07:14:46Z,scheduled,4dd8020192a544385db42374e5555303,2026-09-20T20:25:00Z,Arizona Cardinals,Seattle Seahawks,betfair_ex_eu,h2h_lay,Arizona Cardinals,,2.88
2026-09-17T07:14:46Z,scheduled,4dd8020192a544385db42374e5555303,2026-09-20T20:25:00Z,Arizona Cardinals,Seattle Seahawks,betfair_ex_eu,h2h_lay,Seattle Seahawks,,1.55
2026-09-17T07:14:46Z,scheduled,85ef85098ddd22fe4ecf45e7e3c0a9c0,2026-09-20T20:25:00Z,Dallas Cowboys,Washington Commanders,draftkings,h2h,Dallas Cowboys,,1.46
2026-09-17T07:14:46Z,scheduled,85ef85098ddd22fe4ecf45e7e3c0a9c0,2026-09-20T20:25:00Z,Dallas Cowboys,Washington Commanders,draftkings,h2h,Washington Commanders,,2.8
2026-09-17T07:14:46Z,scheduled,85ef85098ddd22fe4ecf45e7e3c0a9c0,2026-09-20T20:25:00Z,Dallas Cowboys,Washington Commanders,draftkings,spreads,Dallas Cowboys,-4.5,1.95
2026-09-17T07:14:46Z,scheduled,85ef85098ddd22fe4ecf45e7e3c0a9c0,2026-09-20T20:25:00Z,Dallas Cowboys,Washington Commanders,draftkings,spreads,Washington Commanders,4.5,1.87
2026-09-17T07:14:46Z,scheduled,85ef85098ddd22fe4ecf45e7e3c0a9c0,2026-09-20T20:25:00Z,Dallas Cowboys,Washington Commanders,draftkings,totals,Over,50.5,1.93
2026-09-17T07:14:46Z,scheduled,85ef85098ddd22fe4ecf45e7e3c0a9c0,2026-09-20T20:25:00Z,Dallas Cowboys,Washington Commanders,draftkings,totals,Under,50.5,1.89
2026-09-17T07:14:46Z,scheduled,85ef85098ddd22fe4ecf45e7e3c0a9c0,2026-09-20T20:25:00Z,Dallas Cowboys,Washington Commanders,fanduel,h2h,Dallas Cowboys,,1.48
2026-09-17T07:14:46Z,scheduled,85ef85098ddd22fe4ecf45e7e3c0a9c0,2026-09-20T20:25:00Z,Dallas Cowboys,Washington Commanders,fanduel,h2h,Washington Commanders,,2.76
2026-09-17T07:14:46Z,scheduled,85ef85098ddd22fe4ecf45e7e3c0a9c0,2026-09-20T20:25:00Z,Dallas Cowboys,Washington Commanders,fanduel,spreads,Dallas Cowboys,-3.5,1.87
2026-09-17T07:14:46Z,scheduled,85ef85098ddd22fe4ecf45e7e3c0a9c0,2026-09-20T20:25:00Z,Dallas Cowboys,Washington Commanders,fanduel,spreads,Washington Commanders,3.5,1.95
2026-09-17T07:14:46Z,scheduled,85ef85098ddd22fe4ecf45e7e3c0a9c0,2026-09-20T20:25:00Z,Dallas Cowboys,Washington Commanders,fanduel,totals,Over,50.5,1.91
2026-09-17T07:14:46Z,scheduled,85ef85098ddd22fe4ecf45e7e3c0a9c0,2026-09-20T20:25:00Z,Dallas Cowboys,Washington Commanders,fanduel,totals,Under,50.5,1.91
2026-09-17T07:14:46Z,scheduled,85ef85098ddd22fe4ecf45e7e3c0a9c0,2026-09-20T20:25:00Z,Dallas Cowboys,Washington Commanders,betrivers,h2h,Dallas Cowboys,,1.5
2026-09-17T07:14:46Z,scheduled,85ef85098ddd22fe4ecf45e7e3c0a9c0,2026-09-20T20:25:00Z,Dallas Cowboys,Washington Commanders,betrivers,h2h,Washington Commanders,,2.65
2026-09-17T07:14:46Z,scheduled,85ef85098ddd22fe4ecf45e7e3c0a9c0,2026-09-20T20:25:00Z,Dallas Cowboys,Washington Commanders,betrivers,spreads,Dallas Cowboys,-4.0,1.92
2026-09-17T07:14:46Z,scheduled,85ef85098ddd22fe4ecf45e7e3c0a9c0,2026-09-20T20:25:00Z,Dallas Cowboys,Washington Commanders,betrivers,spreads,Washington Commanders,4.0,1.89
2026-09-17T07:14:46Z,scheduled,85ef85098ddd22fe4ecf45e7e3c0a9c0,2026-09-20T20:25:00Z,Dallas Cowboys,Washington Commanders,betrivers,totals,Over,50.5,1.88
2026-09-17T07:14:46Z,scheduled,85ef85098ddd22fe4ecf45e7e3c0a9c0,2026-09-20T20:25:00Z,Dallas Cowboys,Washington Commanders,betrivers,totals,Under,50.5,1.93
2026-09-17T07:14:46Z,scheduled,85ef85098ddd22fe4ecf45e7e3c0a9c0,2026-09-20T20:25:00Z,Dallas Cowboys,Washington Commanders,betmgm,h2h,Dallas Cowboys,,1.48
2026-09-17T07:14:46Z,scheduled,85ef85098ddd22fe4ecf45e7e3c0a9c0,2026-09-20T20:25:00Z,Dallas Cowboys,Washington Commanders,betmgm,h2h,Washington Commanders,,2.75
2026-09-17T07:14:46Z,scheduled,85ef85098ddd22fe4ecf45e7e3c0a9c0,2026-09-20T20:25:00Z,Dallas Cowboys,Washington Commanders,betmgm,spreads,Dallas Cowboys,-4.0,1.93
2026-09-17T07:14:46Z,scheduled,85ef85098ddd22fe4ecf45e7e3c0a9c0,2026-09-20T20:25:00Z,Dallas Cowboys,Washington Commanders,betmgm,spreads,Washington Commanders,4.0,1.91
2026-09-17T07:14:46Z,scheduled,85ef85098ddd22fe4ecf45e7e3c0a9c0,2026-09-20T20:25:00Z,Dallas Cowboys,Washington Commanders,betmgm,totals,Over,50.5,1.93
2026-09-17T07:14:46Z,scheduled,85ef85098ddd22fe4ecf45e7e3c0a9c0,2026-09-20T20:25:00Z,Dallas Cowboys,Washington Commanders,betmgm,totals,Under,50.5,1.91
2026-09-17T07:14:46Z,scheduled,85ef85098ddd22fe4ecf45e7e3c0a9c0,2026-09-20T20:25:00Z,Dallas Cowboys,Washington Commanders,coolbet,h2h,Dallas Cowboys,,1.47
2026-09-17T07:14:46Z,scheduled,85ef85098ddd22fe4ecf45e7e3c0a9c0,2026-09-20T20:25:00Z,Dallas Cowboys,Washington Commanders,coolbet,h2h,Washington Commanders,,2.78
2026-09-17T07:14:46Z,scheduled,85ef85098ddd22fe4ecf45e7e3c0a9c0,2026-09-20T20:25:00Z,Dallas Cowboys,Washington Commanders,coolbet,spreads,Dallas Cowboys,-3.5,1.9
2026-09-17T07:14:46Z,scheduled,85ef85098ddd22fe4ecf45e7e3c0a9c0,2026-09-20T20:25:00Z,Dallas Cowboys,Washington Commanders,coolbet,spreads,Washington Commanders,3.5,1.95
2026-09-17T07:14:46Z,scheduled,85ef85098ddd22fe4ecf45e7e3c0a9c0,2026-09-20T20:25:00Z,Dallas Cowboys,Washington Commanders,coolbet,totals,Over,50.5,1.93
2026-09-17T07:14:46Z,scheduled,85ef85098ddd22fe4ecf45e7e3c0a9c0,2026-09-20T20:25:00Z,Dallas Cowboys,Washington Commanders,coolbet,totals,Under,50.5,1.91
2026-09-17T07:14:46Z,scheduled,85ef85098ddd22fe4ecf45e7e3c0a9c0,2026-09-20T20:25:00Z,Dallas Cowboys,Washington Commanders,betfair_ex_eu,h2h,Dallas Cowboys,,1.53
2026-09-17T07:14:46Z,scheduled,85ef85098ddd22fe4ecf45e7e3c0a9c0,2026-09-20T20:25:00Z,Dallas Cowboys,Washington Commanders,betfair_ex_eu,h2h,Washington Commanders,,2.86
2026-09-17T07:14:46Z,scheduled,85ef85098ddd22fe4ecf45e7e3c0a9c0,2026-09-20T20:25:00Z,Dallas Cowboys,Washington Commanders,betfair_ex_eu,h2h_lay,Dallas Cowboys,,1.54
2026-09-17T07:14:46Z,scheduled,85ef85098ddd22fe4ecf45e7e3c0a9c0,2026-09-20T20:25:00Z,Dallas Cowboys,Washington Commanders,betfair_ex_eu,h2h_lay,Washington Commanders,,2.88
2026-09-17T07:14:46Z,scheduled,85ef85098ddd22fe4ecf45e7e3c0a9c0,2026-09-20T20:25:00Z,Dallas Cowboys,Washington Commanders,matchbook,h2h,Dallas Cowboys,,1.53
2026-09-17T07:14:46Z,scheduled,85ef85098ddd22fe4ecf45e7e3c0a9c0,2026-09-20T20:25:00Z,Dallas Cowboys,Washington Commanders,matchbook,h2h,Washington Commanders,,2.86
2026-09-17T07:14:46Z,scheduled,85ef85098ddd22fe4ecf45e7e3c0a9c0,2026-09-20T20:25:00Z,Dallas Cowboys,Washington Commanders,matchbook,h2h_lay,Dallas Cowboys,,1.54
2026-09-17T07:14:46Z,scheduled,85ef85098ddd22fe4ecf45e7e3c0a9c0,2026-09-20T20:25:00Z,Dallas Cowboys,Washington Commanders,matchbook,h2h_lay,Washington Commanders,,2.88
2026-09-17T07:14:46Z,scheduled,85ef85098ddd22fe4ecf45e7e3c0a9c0,2026-09-20T20:25:00Z,Dallas Cowboys,Washington Commanders,matchbook,spreads,Dallas Cowboys,-4.0,1.95
2026-09-17T07:14:46Z,scheduled,85ef85098ddd22fe4ecf45e7e3c0a9c0,2026-09-20T20:25:00Z,Dallas Cowboys,Washington Commanders,matchbook,spreads,Washington Commanders,4.0,1.95
2026-09-17T07:14:46Z,scheduled,85ef85098ddd22fe4ecf45e7e3c0a9c0,2026-09-20T20:25:00Z,Dallas Cowboys,Washington Commanders,matchbook,totals,Over,50.5,1.96
2026-09-17T07:14:46Z,scheduled,85ef85098ddd22fe4ecf45e7e3c0a9c0,2026-09-20T20:25:00Z,Dallas Cowboys,Washington Commanders,matchbook,totals,Under,50.5,1.93
2026-09-17T07:14:46Z,scheduled,85ef85098ddd22fe4ecf45e7e3c0a9c0,2026-09-20T20:25:00Z,Dallas Cowboys,Washington Commanders,pinnacle,h2h,Dallas Cowboys,,1.5
2026-09-17T07:14:46Z,scheduled,85ef85098ddd22fe4ecf45e7e3c0a9c0,2026-09-20T20:25:00Z,Dallas Cowboys,Washington Commanders,pinnacle,h2h,Washington Commanders,,2.76
2026-09-17T07:14:46Z,scheduled,85ef85098ddd22fe4ecf45e7e3c0a9c0,2026-09-20T20:25:00Z,Dallas Cowboys,Washington Commanders,pinnacle,spreads,Dallas Cowboys,-4.0,1.94
2026-09-17T07:14:46Z,scheduled,85ef85098ddd22fe4ecf45e7e3c0a9c0,2026-09-20T20:25:00Z,Dallas Cowboys,Washington Commanders,pinnacle,spreads,Washington Commanders,4.0,1.94
2026-09-17T07:14:46Z,scheduled,85ef85098ddd22fe4ecf45e7e3c0a9c0,2026-09-20T20:25:00Z,Dallas Cowboys,Washington Commanders,pinnacle,totals,Over,50.0,1.88
2026-09-17T07:14:46Z,scheduled,85ef85098ddd22fe4ecf45e7e3c0a9c0,2026-09-20T20:25:00Z,Dallas Cowboys,Washington Commanders,pinnacle,totals,Under,50.0,1.97
2026-09-17T07:14:46Z,scheduled,68bc55903f50af4af4766adcc89fcc61,2026-09-20T20:25:00Z,San Francisco 49ers,Miami Dolphins,draftkings,h2h,Miami Dolphins,,7.0
2026-09-17T07:14:46Z,scheduled,68bc55903f50af4af4766adcc89fcc61,2026-09-20T20:25:00Z,San Francisco 49ers,Miami Dolphins,draftkings,h2h,San Francisco 49ers,,1.11
2026-09-17T07:14:46Z,scheduled,68bc55903f50af4af4766adcc89fcc61,2026-09-20T20:25:00Z,San Francisco 49ers,Miami Dolphins,draftkings,spreads,Miami Dolphins,13.5,1.87
2026-09-17T07:14:46Z,scheduled,68bc55903f50af4af4766adcc89fcc61,2026-09-20T20:25:00Z,San Francisco 49ers,Miami Dolphins,draftkings,spreads,San Francisco 49ers,-13.5,1.95
2026-09-17T07:14:46Z,scheduled,68bc55903f50af4af4766adcc89fcc61,2026-09-20T20:25:00Z,San Francisco 49ers,Miami Dolphins,draftkings,totals,Over,44.5,1.87
2026-09-17T07:14:46Z,scheduled,68bc55903f50af4af4766adcc89fcc61,2026-09-20T20:25:00Z,San Francisco 49ers,Miami Dolphins,draftkings,totals,Under,44.5,1.95
2026-09-17T07:14:46Z,scheduled,68bc55903f50af4af4766adcc89fcc61,2026-09-20T20:25:00Z,San Francisco 49ers,Miami Dolphins,fanduel,h2h,Miami Dolphins,,7.4
2026-09-17T07:14:46Z,scheduled,68bc55903f50af4af4766adcc89fcc61,2026-09-20T20:25:00Z,San Francisco 49ers,Miami Dolphins,fanduel,h2h,San Francisco 49ers,,1.11
2026-09-17T07:14:46Z,scheduled,68bc55903f50af4af4766adcc89fcc61,2026-09-20T20:25:00Z,San Francisco 49ers,Miami Dolphins,fanduel,spreads,Miami Dolphins,13.5,1.85
2026-09-17T07:14:46Z,scheduled,68bc55903f50af4af4766adcc89fcc61,2026-09-20T20:25:00Z,San Francisco 49ers,Miami Dolphins,fanduel,spreads,San Francisco 49ers,-13.5,1.96
2026-09-17T07:14:46Z,scheduled,68bc55903f50af4af4766adcc89fcc61,2026-09-20T20:25:00Z,San Francisco 49ers,Miami Dolphins,fanduel,totals,Over,45.5,1.91
2026-09-17T07:14:46Z,scheduled,68bc55903f50af4af4766adcc89fcc61,2026-09-20T20:25:00Z,San Francisco 49ers,Miami Dolphins,fanduel,totals,Under,45.5,1.91
2026-09-17T07:14:46Z,scheduled,68bc55903f50af4af4766adcc89fcc61,2026-09-20T20:25:00Z,San Francisco 49ers,Miami Dolphins,betrivers,h2h,Miami Dolphins,,7.0
2026-09-17T07:14:46Z,scheduled,68bc55903f50af4af4766adcc89fcc61,2026-09-20T20:25:00Z,San Francisco 49ers,Miami Dolphins,betrivers,h2h,San Francisco 49ers,,1.1
2026-09-17T07:14:46Z,scheduled,68bc55903f50af4af4766adcc89fcc61,2026-09-20T20:25:00Z,San Francisco 49ers,Miami Dolphins,betrivers,spreads,Miami Dolphins,13.5,1.93
2026-09-17T07:14:46Z,scheduled,68bc55903f50af4af4766adcc89fcc61,2026-09-20T20:25:00Z,San Francisco 49ers,Miami Dolphins,betrivers,spreads,San Francisco 49ers,-13.5,1.88
2026-09-17T07:14:46Z,scheduled,68bc55903f50af4af4766adcc89fcc61,2026-09-20T20:25:00Z,San Francisco 49ers,Miami Dolphins,betrivers,totals,Over,45.0,1.91
2026-09-17T07:14:46Z,scheduled,68bc55903f50af4af4766adcc89fcc61,2026-09-20T20:25:00Z,San Francisco 49ers,Miami Dolphins,betrivers,totals,Under,45.0,1.91
2026-09-17T07:14:46Z,scheduled,68bc55903f50af4af4766adcc89fcc61,2026-09-20T20:25:00Z,San Francisco 49ers,Miami Dolphins,betmgm,h2h,Miami Dolphins,,7.75
2026-09-17T07:14:46Z,scheduled,68bc55903f50af4af4766adcc89fcc61,2026-09-20T20:25:00Z,San Francisco 49ers,Miami Dolphins,betmgm,h2h,San Francisco 49ers,,1.1
2026-09-17T07:14:46Z,scheduled,68bc55903f50af4af4766adcc89fcc61,2026-09-20T20:25:00Z,San Francisco 49ers,Miami Dolphins,betmgm,spreads,Miami Dolphins,13.0,1.91
2026-09-17T07:14:46Z,scheduled,68bc55903f50af4af4766adcc89fcc61,2026-09-20T20:25:00Z,San Francisco 49ers,Miami Dolphins,betmgm,spreads,San Francisco 49ers,-13.0,1.83
2026-09-17T07:14:46Z,scheduled,68bc55903f50af4af4766adcc89fcc61,2026-09-20T20:25:00Z,San Francisco 49ers,Miami Dolphins,betmgm,totals,Over,45.0,1.93
2026-09-17T07:14:46Z,scheduled,68bc55903f50af4af4766adcc89fcc61,2026-09-20T20:25:00Z,San Francisco 49ers,Miami Dolphins,betmgm,totals,Under,45.0,1.91
2026-09-17T07:14:46Z,scheduled,68bc55903f50af4af4766adcc89fcc61,2026-09-20T20:25:00Z,San Francisco 49ers,Miami Dolphins,pinnacle,h2h,Miami Dolphins,,7.9
2026-09-17T07:14:46Z,scheduled,68bc55903f50af4af4766adcc89fcc61,2026-09-20T20:25:00Z,San Francisco 49ers,Miami Dolphins,pinnacle,h2h,San Francisco 49ers,,1.1
2026-09-17T07:14:46Z,scheduled,68bc55903f50af4af4766adcc89fcc61,2026-09-20T20:25:00Z,San Francisco 49ers,Miami Dolphins,pinnacle,spreads,Miami Dolphins,13.5,1.9
2026-09-17T07:14:46Z,scheduled,68bc55903f50af4af4766adcc89fcc61,2026-09-20T20:25:00Z,San Francisco 49ers,Miami Dolphins,pinnacle,spreads,San Francisco 49ers,-13.5,1.99
2026-09-17T07:14:46Z,scheduled,68bc55903f50af4af4766adcc89fcc61,2026-09-20T20:25:00Z,San Francisco 49ers,Miami Dolphins,pinnacle,totals,Over,45.5,2.02
2026-09-17T07:14:46Z,scheduled,68bc55903f50af4af4766adcc89fcc61,2026-09-20T20:25:00Z,San Francisco 49ers,Miami Dolphins,pinnacle,totals,Under,45.5,1.84
2026-09-17T07:14:46Z,scheduled,68bc55903f50af4af4766adcc89fcc61,2026-09-20T20:25:00Z,San Francisco 49ers,Miami Dolphins,matchbook,h2h,Miami Dolphins,,9.6
2026-09-17T07:14:46Z,scheduled,68bc55903f50af4af4766adcc89fcc61,2026-09-20T20:25:00Z,San Francisco 49ers,Miami Dolphins,matchbook,h2h,San Francisco 49ers,,1.11
2026-09-17T07:14:46Z,scheduled,68bc55903f50af4af4766adcc89fcc61,2026-09-20T20:25:00Z,San Francisco 49ers,Miami Dolphins,matchbook,h2h_lay,Miami Dolphins,,9.8
2026-09-17T07:14:46Z,scheduled,68bc55903f50af4af4766adcc89fcc61,2026-09-20T20:25:00Z,San Francisco 49ers,Miami Dolphins,matchbook,h2h_lay,San Francisco 49ers,,1.12
2026-09-17T07:14:46Z,scheduled,68bc55903f50af4af4766adcc89fcc61,2026-09-20T20:25:00Z,San Francisco 49ers,Miami Dolphins,matchbook,spreads,Miami Dolphins,13.5,1.9
2026-09-17T07:14:46Z,scheduled,68bc55903f50af4af4766adcc89fcc61,2026-09-20T20:25:00Z,San Francisco 49ers,Miami Dolphins,matchbook,spreads,San Francisco 49ers,-13.5,2.0
2026-09-17T07:14:46Z,scheduled,68bc55903f50af4af4766adcc89fcc61,2026-09-20T20:25:00Z,San Francisco 49ers,Miami Dolphins,matchbook,totals,Over,44.5,1.92
2026-09-17T07:14:46Z,scheduled,68bc55903f50af4af4766adcc89fcc61,2026-09-20T20:25:00Z,San Francisco 49ers,Miami Dolphins,matchbook,totals,Under,44.5,1.96
2026-09-17T07:14:46Z,scheduled,68bc55903f50af4af4766adcc89fcc61,2026-09-20T20:25:00Z,San Francisco 49ers,Miami Dolphins,coolbet,h2h,Miami Dolphins,,7.5
2026-09-17T07:14:46Z,scheduled,68bc55903f50af4af4766adcc89fcc61,2026-09-20T20:25:00Z,San Francisco 49ers,Miami Dolphins,coolbet,h2h,San Francisco 49ers,,1.1
2026-09-17T07:14:46Z,scheduled,68bc55903f50af4af4766adcc89fcc61,2026-09-20T20:25:00Z,San Francisco 49ers,Miami Dolphins,coolbet,spreads,Miami Dolphins,13.5,1.9
2026-09-17T07:14:46Z,scheduled,68bc55903f50af4af4766adcc89fcc61,2026-09-20T20:25:00Z,San Francisco 49ers,Miami Dolphins,coolbet,spreads,San Francisco 49ers,-13.5,1.95
2026-09-17T07:14:46Z,scheduled,68bc55903f50af4af4766adcc89fcc61,2026-09-20T20:25:00Z,San Francisco 49ers,Miami Dolphins,coolbet,totals,Over,45.0,1.92
2026-09-17T07:14:46Z,scheduled,68bc55903f50af4af4766adcc89fcc61,2026-09-20T20:25:00Z,San Francisco 49ers,Miami Dolphins,coolbet,totals,Under,45.0,1.92
2026-09-17T07:14:46Z,scheduled,68bc55903f50af4af4766adcc89fcc61,2026-09-20T20:25:00Z,San Francisco 49ers,Miami Dolphins,betfair_ex_eu,h2h,Miami Dolphins,,9.6
2026-09-17T07:14:46Z,scheduled,68bc55903f50af4af4766adcc89fcc61,2026-09-20T20:25:00Z,San Francisco 49ers,Miami Dolphins,betfair_ex_eu,h2h,San Francisco 49ers,,1.11
2026-09-17T07:14:46Z,scheduled,68bc55903f50af4af4766adcc89fcc61,2026-09-20T20:25:00Z,San Francisco 49ers,Miami Dolphins,betfair_ex_eu,h2h_lay,Miami Dolphins,,9.8
2026-09-17T07:14:46Z,scheduled,68bc55903f50af4af4766adcc89fcc61,2026-09-20T20:25:00Z,San Francisco 49ers,Miami Dolphins,betfair_ex_eu,h2h_lay,San Francisco 49ers,,1.12
2026-09-17T07:14:46Z,scheduled,50bc247030707d823b9c3581d7eb5760,2026-09-21T00:20:00Z,Kansas City Chiefs,Indianapolis Colts,draftkings,h2h,Indianapolis Colts,,3.25
2026-09-17T07:14:46Z,scheduled,50bc247030707d823b9c3581d7eb5760,2026-09-21T00:20:00Z,Kansas City Chiefs,Indianapolis Colts,draftkings,h2h,Kansas City Chiefs,,1.36
2026-09-17T07:14:46Z,scheduled,50bc247030707d823b9c3581d7eb5760,2026-09-21T00:20:00Z,Kansas City Chiefs,Indianapolis Colts,draftkings,spreads,Indianapolis Colts,6.5,2.0
2026-09-17T07:14:46Z,scheduled,50bc247030707d823b9c3581d7eb5760,2026-09-21T00:20:00Z,Kansas City Chiefs,Indianapolis Colts,draftkings,spreads,Kansas City Chiefs,-6.5,1.83
2026-09-17T07:14:46Z,scheduled,50bc247030707d823b9c3581d7eb5760,2026-09-21T00:20:00Z,Kansas City Chiefs,Indianapolis Colts,draftkings,totals,Over,46.5,1.91
2026-09-17T07:14:46Z,scheduled,50bc247030707d823b9c3581d7eb5760,2026-09-21T00:20:00Z,Kansas City Chiefs,Indianapolis Colts,draftkings,totals,Under,46.5,1.91
2026-09-17T07:14:46Z,scheduled,50bc247030707d823b9c3581d7eb5760,2026-09-21T00:20:00Z,Kansas City Chiefs,Indianapolis Colts,fanduel,h2h,Indianapolis Colts,,3.65
2026-09-17T07:14:46Z,scheduled,50bc247030707d823b9c3581d7eb5760,2026-09-21T00:20:00Z,Kansas City Chiefs,Indianapolis Colts,fanduel,h2h,Kansas City Chiefs,,1.3
2026-09-17T07:14:46Z,scheduled,50bc247030707d823b9c3581d7eb5760,2026-09-21T00:20:00Z,Kansas City Chiefs,Indianapolis Colts,fanduel,spreads,Indianapolis Colts,6.5,1.95
2026-09-17T07:14:46Z,scheduled,50bc247030707d823b9c3581d7eb5760,2026-09-21T00:20:00Z,Kansas City Chiefs,Indianapolis Colts,fanduel,spreads,Kansas City Chiefs,-6.5,1.87
2026-09-17T07:14:46Z,scheduled,50bc247030707d823b9c3581d7eb5760,2026-09-21T00:20:00Z,Kansas City Chiefs,Indianapolis Colts,fanduel,totals,Over,46.5,1.91
2026-09-17T07:14:46Z,scheduled,50bc247030707d823b9c3581d7eb5760,2026-09-21T00:20:00Z,Kansas City Chiefs,Indianapolis Colts,fanduel,totals,Under,46.5,1.91
2026-09-17T07:14:46Z,scheduled,50bc247030707d823b9c3581d7eb5760,2026-09-21T00:20:00Z,Kansas City Chiefs,Indianapolis Colts,betrivers,h2h,Indianapolis Colts,,3.6
2026-09-17T07:14:46Z,scheduled,50bc247030707d823b9c3581d7eb5760,2026-09-21T00:20:00Z,Kansas City Chiefs,Indianapolis Colts,betrivers,h2h,Kansas City Chiefs,,1.3
2026-09-17T07:14:46Z,scheduled,50bc247030707d823b9c3581d7eb5760,2026-09-21T00:20:00Z,Kansas City Chiefs,Indianapolis Colts,betrivers,spreads,Indianapolis Colts,7.0,1.85
2026-09-17T07:14:46Z,scheduled,50bc247030707d823b9c3581d7eb5760,2026-09-21T00:20:00Z,Kansas City Chiefs,Indianapolis Colts,betrivers,spreads,Kansas City Chiefs,-7.0,1.96
2026-09-17T07:14:46Z,scheduled,50bc247030707d823b9c3581d7eb5760,2026-09-21T00:20:00Z,Kansas City Chiefs,Indianapolis Colts,betrivers,totals,Over,47.0,1.93
2026-09-17T07:14:46Z,scheduled,50bc247030707d823b9c3581d7eb5760,2026-09-21T00:20:00Z,Kansas City Chiefs,Indianapolis Colts,betrivers,totals,Under,47.0,1.88
2026-09-17T07:14:46Z,scheduled,50bc247030707d823b9c3581d7eb5760,2026-09-21T00:20:00Z,Kansas City Chiefs,Indianapolis Colts,betmgm,h2h,Indianapolis Colts,,3.4
2026-09-17T07:14:46Z,scheduled,50bc247030707d823b9c3581d7eb5760,2026-09-21T00:20:00Z,Kansas City Chiefs,Indianapolis Colts,betmgm,h2h,Kansas City Chiefs,,1.34
2026-09-17T07:14:46Z,scheduled,50bc247030707d823b9c3581d7eb5760,2026-09-21T00:20:00Z,Kansas City Chiefs,Indianapolis Colts,betmgm,totals,Over,46.5,1.93
2026-09-17T07:14:46Z,scheduled,50bc247030707d823b9c3581d7eb5760,2026-09-21T00:20:00Z,Kansas City Chiefs,Indianapolis Colts,betmgm,totals,Under,46.5,1.91
2026-09-17T07:14:46Z,scheduled,50bc247030707d823b9c3581d7eb5760,2026-09-21T00:20:00Z,Kansas City Chiefs,Indianapolis Colts,betfair_ex_eu,h2h,Indianapolis Colts,,3.6
2026-09-17T07:14:46Z,scheduled,50bc247030707d823b9c3581d7eb5760,2026-09-21T00:20:00Z,Kansas City Chiefs,Indianapolis Colts,betfair_ex_eu,h2h,Kansas City Chiefs,,1.36
2026-09-17T07:14:46Z,scheduled,50bc247030707d823b9c3581d7eb5760,2026-09-21T00:20:00Z,Kansas City Chiefs,Indianapolis Colts,betfair_ex_eu,h2h_lay,Indianapolis Colts,,3.75
2026-09-17T07:14:46Z,scheduled,50bc247030707d823b9c3581d7eb5760,2026-09-21T00:20:00Z,Kansas City Chiefs,Indianapolis Colts,betfair_ex_eu,h2h_lay,Kansas City Chiefs,,1.39
2026-09-17T07:14:46Z,scheduled,50bc247030707d823b9c3581d7eb5760,2026-09-21T00:20:00Z,Kansas City Chiefs,Indianapolis Colts,matchbook,h2h,Indianapolis Colts,,3.6
2026-09-17T07:14:46Z,scheduled,50bc247030707d823b9c3581d7eb5760,2026-09-21T00:20:00Z,Kansas City Chiefs,Indianapolis Colts,matchbook,h2h,Kansas City Chiefs,,1.36
2026-09-17T07:14:46Z,scheduled,50bc247030707d823b9c3581d7eb5760,2026-09-21T00:20:00Z,Kansas City Chiefs,Indianapolis Colts,matchbook,h2h_lay,Indianapolis Colts,,3.75
2026-09-17T07:14:46Z,scheduled,50bc247030707d823b9c3581d7eb5760,2026-09-21T00:20:00Z,Kansas City Chiefs,Indianapolis Colts,matchbook,h2h_lay,Kansas City Chiefs,,1.39
2026-09-17T07:14:46Z,scheduled,50bc247030707d823b9c3581d7eb5760,2026-09-21T00:20:00Z,Kansas City Chiefs,Indianapolis Colts,matchbook,spreads,Indianapolis Colts,6.5,1.95
2026-09-17T07:14:46Z,scheduled,50bc247030707d823b9c3581d7eb5760,2026-09-21T00:20:00Z,Kansas City Chiefs,Indianapolis Colts,matchbook,spreads,Kansas City Chiefs,-6.5,1.94
2026-09-17T07:14:46Z,scheduled,50bc247030707d823b9c3581d7eb5760,2026-09-21T00:20:00Z,Kansas City Chiefs,Indianapolis Colts,matchbook,totals,Over,46.5,1.94
2026-09-17T07:14:46Z,scheduled,50bc247030707d823b9c3581d7eb5760,2026-09-21T00:20:00Z,Kansas City Chiefs,Indianapolis Colts,matchbook,totals,Under,46.5,1.91
2026-09-17T07:14:46Z,scheduled,50bc247030707d823b9c3581d7eb5760,2026-09-21T00:20:00Z,Kansas City Chiefs,Indianapolis Colts,coolbet,h2h,Indianapolis Colts,,3.4
2026-09-17T07:14:46Z,scheduled,50bc247030707d823b9c3581d7eb5760,2026-09-21T00:20:00Z,Kansas City Chiefs,Indianapolis Colts,coolbet,h2h,Kansas City Chiefs,,1.34
2026-09-17T07:14:46Z,scheduled,50bc247030707d823b9c3581d7eb5760,2026-09-21T00:20:00Z,Kansas City Chiefs,Indianapolis Colts,coolbet,spreads,Indianapolis Colts,7.0,1.88
2026-09-17T07:14:46Z,scheduled,50bc247030707d823b9c3581d7eb5760,2026-09-21T00:20:00Z,Kansas City Chiefs,Indianapolis Colts,coolbet,spreads,Kansas City Chiefs,-7.0,1.97
2026-09-17T07:14:46Z,scheduled,50bc247030707d823b9c3581d7eb5760,2026-09-21T00:20:00Z,Kansas City Chiefs,Indianapolis Colts,coolbet,totals,Over,46.0,1.91
2026-09-17T07:14:46Z,scheduled,50bc247030707d823b9c3581d7eb5760,2026-09-21T00:20:00Z,Kansas City Chiefs,Indianapolis Colts,coolbet,totals,Under,46.0,1.93
2026-09-17T07:14:46Z,scheduled,50bc247030707d823b9c3581d7eb5760,2026-09-21T00:20:00Z,Kansas City Chiefs,Indianapolis Colts,pinnacle,h2h,Indianapolis Colts,,3.42
2026-09-17T07:14:46Z,scheduled,50bc247030707d823b9c3581d7eb5760,2026-09-21T00:20:00Z,Kansas City Chiefs,Indianapolis Colts,pinnacle,h2h,Kansas City Chiefs,,1.35
2026-09-17T07:14:46Z,scheduled,50bc247030707d823b9c3581d7eb5760,2026-09-21T00:20:00Z,Kansas City Chiefs,Indianapolis Colts,pinnacle,spreads,Indianapolis Colts,7.0,1.82
2026-09-17T07:14:46Z,scheduled,50bc247030707d823b9c3581d7eb5760,2026-09-21T00:20:00Z,Kansas City Chiefs,Indianapolis Colts,pinnacle,spreads,Kansas City Chiefs,-7.0,2.09
2026-09-17T07:14:46Z,scheduled,50bc247030707d823b9c3581d7eb5760,2026-09-21T00:20:00Z,Kansas City Chiefs,Indianapolis Colts,pinnacle,totals,Over,47.0,2.02
2026-09-17T07:14:46Z,scheduled,50bc247030707d823b9c3581d7eb5760,2026-09-21T00:20:00Z,Kansas City Chiefs,Indianapolis Colts,pinnacle,totals,Under,47.0,1.84
2026-09-17T15:13:36Z,scheduled,56e8897681915f7ec92baeee952bb1ae,2026-09-18T00:15:00Z,Buffalo Bills,Detroit Lions,draftkings,h2h,Buffalo Bills,,1.42
2026-09-17T15:13:36Z,scheduled,56e8897681915f7ec92baeee952bb1ae,2026-09-18T00:15:00Z,Buffalo Bills,Detroit Lions,draftkings,h2h,Detroit Lions,,2.95
2026-09-17T15:13:36Z,scheduled,56e8897681915f7ec92baeee952bb1ae,2026-09-18T00:15:00Z,Buffalo Bills,Detroit Lions,draftkings,spreads,Buffalo Bills,-5.5,1.95
2026-09-17T15:13:36Z,scheduled,56e8897681915f7ec92baeee952bb1ae,2026-09-18T00:15:00Z,Buffalo Bills,Detroit Lions,draftkings,spreads,Detroit Lions,5.5,1.87
2026-09-17T15:13:36Z,scheduled,56e8897681915f7ec92baeee952bb1ae,2026-09-18T00:15:00Z,Buffalo Bills,Detroit Lions,draftkings,totals,Over,54.5,1.83
2026-09-17T15:13:36Z,scheduled,56e8897681915f7ec92baeee952bb1ae,2026-09-18T00:15:00Z,Buffalo Bills,Detroit Lions,draftkings,totals,Under,54.5,2.0
2026-09-17T15:13:36Z,scheduled,56e8897681915f7ec92baeee952bb1ae,2026-09-18T00:15:00Z,Buffalo Bills,Detroit Lions,fanduel,h2h,Buffalo Bills,,1.39
2026-09-17T15:13:36Z,scheduled,56e8897681915f7ec92baeee952bb1ae,2026-09-18T00:15:00Z,Buffalo Bills,Detroit Lions,fanduel,h2h,Detroit Lions,,3.1
2026-09-17T15:13:36Z,scheduled,56e8897681915f7ec92baeee952bb1ae,2026-09-18T00:15:00Z,Buffalo Bills,Detroit Lions,fanduel,spreads,Buffalo Bills,-5.5,1.89
2026-09-17T15:13:36Z,scheduled,56e8897681915f7ec92baeee952bb1ae,2026-09-18T00:15:00Z,Buffalo Bills,Detroit Lions,fanduel,spreads,Detroit Lions,5.5,1.93
2026-09-17T15:13:36Z,scheduled,56e8897681915f7ec92baeee952bb1ae,2026-09-18T00:15:00Z,Buffalo Bills,Detroit Lions,fanduel,totals,Over,54.5,1.88
2026-09-17T15:13:36Z,scheduled,56e8897681915f7ec92baeee952bb1ae,2026-09-18T00:15:00Z,Buffalo Bills,Detroit Lions,fanduel,totals,Under,54.5,1.94
2026-09-17T15:13:36Z,scheduled,56e8897681915f7ec92baeee952bb1ae,2026-09-18T00:15:00Z,Buffalo Bills,Detroit Lions,betmgm,h2h,Buffalo Bills,,1.43
2026-09-17T15:13:36Z,scheduled,56e8897681915f7ec92baeee952bb1ae,2026-09-18T00:15:00Z,Buffalo Bills,Detroit Lions,betmgm,h2h,Detroit Lions,,3.0
2026-09-17T15:13:36Z,scheduled,56e8897681915f7ec92baeee952bb1ae,2026-09-18T00:15:00Z,Buffalo Bills,Detroit Lions,betmgm,spreads,Buffalo Bills,-5.5,1.91
2026-09-17T15:13:36Z,scheduled,56e8897681915f7ec92baeee952bb1ae,2026-09-18T00:15:00Z,Buffalo Bills,Detroit Lions,betmgm,spreads,Detroit Lions,5.5,1.93
2026-09-17T15:13:36Z,scheduled,56e8897681915f7ec92baeee952bb1ae,2026-09-18T00:15:00Z,Buffalo Bills,Detroit Lions,betmgm,totals,Over,55.0,1.91
2026-09-17T15:13:36Z,scheduled,56e8897681915f7ec92baeee952bb1ae,2026-09-18T00:15:00Z,Buffalo Bills,Detroit Lions,betmgm,totals,Under,55.0,1.93
2026-09-17T15:13:36Z,scheduled,56e8897681915f7ec92baeee952bb1ae,2026-09-18T00:15:00Z,Buffalo Bills,Detroit Lions,betsson,h2h,Buffalo Bills,,1.39
2026-09-17T15:13:36Z,scheduled,56e8897681915f7ec92baeee952bb1ae,2026-09-18T00:15:00Z,Buffalo Bills,Detroit Lions,betsson,h2h,Detroit Lions,,3.0
2026-09-17T15:13:36Z,scheduled,56e8897681915f7ec92baeee952bb1ae,2026-09-18T00:15:00Z,Buffalo Bills,Detroit Lions,betsson,spreads,Buffalo Bills,-5.5,1.92
2026-09-17T15:13:36Z,scheduled,56e8897681915f7ec92baeee952bb1ae,2026-09-18T00:15:00Z,Buffalo Bills,Detroit Lions,betsson,spreads,Detroit Lions,5.5,1.88
2026-09-17T15:13:36Z,scheduled,56e8897681915f7ec92baeee952bb1ae,2026-09-18T00:15:00Z,Buffalo Bills,Detroit Lions,betsson,totals,Over,55.5,1.94
2026-09-17T15:13:36Z,scheduled,56e8897681915f7ec92baeee952bb1ae,2026-09-18T00:15:00Z,Buffalo Bills,Detroit Lions,betsson,totals,Under,55.5,1.86
2026-09-17T15:13:36Z,scheduled,56e8897681915f7ec92baeee952bb1ae,2026-09-18T00:15:00Z,Buffalo Bills,Detroit Lions,betrivers,h2h,Buffalo Bills,,1.42
2026-09-17T15:13:36Z,scheduled,56e8897681915f7ec92baeee952bb1ae,2026-09-18T00:15:00Z,Buffalo Bills,Detroit Lions,betrivers,h2h,Detroit Lions,,2.9
2026-09-17T15:13:36Z,scheduled,56e8897681915f7ec92baeee952bb1ae,2026-09-18T00:15:00Z,Buffalo Bills,Detroit Lions,betrivers,spreads,Buffalo Bills,-5.0,1.89
2026-09-17T15:13:36Z,scheduled,56e8897681915f7ec92baeee952bb1ae,2026-09-18T00:15:00Z,Buffalo Bills,Detroit Lions,betrivers,spreads,Detroit Lions,5.0,1.92
2026-09-17T15:13:36Z,scheduled,56e8897681915f7ec92baeee952bb1ae,2026-09-18T00:15:00Z,Buffalo Bills,Detroit Lions,betrivers,totals,Over,54.5,1.88
2026-09-17T15:13:36Z,scheduled,56e8897681915f7ec92baeee952bb1ae,2026-09-18T00:15:00Z,Buffalo Bills,Detroit Lions,betrivers,totals,Under,54.5,1.93
2026-09-17T15:13:36Z,scheduled,56e8897681915f7ec92baeee952bb1ae,2026-09-18T00:15:00Z,Buffalo Bills,Detroit Lions,matchbook,h2h,Buffalo Bills,,1.46
2026-09-17T15:13:36Z,scheduled,56e8897681915f7ec92baeee952bb1ae,2026-09-18T00:15:00Z,Buffalo Bills,Detroit Lions,matchbook,h2h,Detroit Lions,,3.1
2026-09-17T15:13:36Z,scheduled,56e8897681915f7ec92baeee952bb1ae,2026-09-18T00:15:00Z,Buffalo Bills,Detroit Lions,matchbook,h2h_lay,Buffalo Bills,,1.47
2026-09-17T15:13:36Z,scheduled,56e8897681915f7ec92baeee952bb1ae,2026-09-18T00:15:00Z,Buffalo Bills,Detroit Lions,matchbook,h2h_lay,Detroit Lions,,3.2
2026-09-17T15:13:36Z,scheduled,56e8897681915f7ec92baeee952bb1ae,2026-09-18T00:15:00Z,Buffalo Bills,Detroit Lions,matchbook,spreads,Buffalo Bills,-5.5,1.98
2026-09-17T15:13:36Z,scheduled,56e8897681915f7ec92baeee952bb1ae,2026-09-18T00:15:00Z,Buffalo Bills,Detroit Lions,matchbook,spreads,Detroit Lions,5.5,1.97
2026-09-17T15:13:36Z,scheduled,56e8897681915f7ec92baeee952bb1ae,2026-09-18T00:15:00Z,Buffalo Bills,Detroit Lions,matchbook,totals,Over,54.5,1.9
2026-09-17T15:13:36Z,scheduled,56e8897681915f7ec92baeee952bb1ae,2026-09-18T00:15:00Z,Buffalo Bills,Detroit Lions,matchbook,totals,Under,54.5,2.06
2026-09-17T15:13:36Z,scheduled,56e8897681915f7ec92baeee952bb1ae,2026-09-18T00:15:00Z,Buffalo Bills,Detroit Lions,pinnacle,h2h,Buffalo Bills,,1.42
2026-09-17T15:13:36Z,scheduled,56e8897681915f7ec92baeee952bb1ae,2026-09-18T00:15:00Z,Buffalo Bills,Detroit Lions,pinnacle,h2h,Detroit Lions,,3.07
2026-09-17T15:13:36Z,scheduled,56e8897681915f7ec92baeee952bb1ae,2026-09-18T00:15:00Z,Buffalo Bills,Detroit Lions,pinnacle,spreads,Buffalo Bills,-5.5,1.94
2026-09-17T15:13:36Z,scheduled,56e8897681915f7ec92baeee952bb1ae,2026-09-18T00:15:00Z,Buffalo Bills,Detroit Lions,pinnacle,spreads,Detroit Lions,5.5,1.96
2026-09-17T15:13:36Z,scheduled,56e8897681915f7ec92baeee952bb1ae,2026-09-18T00:15:00Z,Buffalo Bills,Detroit Lions,pinnacle,totals,Over,55.0,1.93
2026-09-17T15:13:36Z,scheduled,56e8897681915f7ec92baeee952bb1ae,2026-09-18T00:15:00Z,Buffalo Bills,Detroit Lions,pinnacle,totals,Under,55.0,1.95
2026-09-17T15:13:36Z,scheduled,56e8897681915f7ec92baeee952bb1ae,2026-09-18T00:15:00Z,Buffalo Bills,Detroit Lions,coolbet,h2h,Buffalo Bills,,1.42
2026-09-17T15:13:36Z,scheduled,56e8897681915f7ec92baeee952bb1ae,2026-09-18T00:15:00Z,Buffalo Bills,Detroit Lions,coolbet,h2h,Detroit Lions,,3.15
2026-09-17T15:13:36Z,scheduled,56e8897681915f7ec92baeee952bb1ae,2026-09-18T00:15:00Z,Buffalo Bills,Detroit Lions,coolbet,spreads,Buffalo Bills,-5.0,1.91
2026-09-17T15:13:36Z,scheduled,56e8897681915f7ec92baeee952bb1ae,2026-09-18T00:15:00Z,Buffalo Bills,Detroit Lions,coolbet,spreads,Detroit Lions,5.0,1.93
2026-09-17T15:13:36Z,scheduled,56e8897681915f7ec92baeee952bb1ae,2026-09-18T00:15:00Z,Buffalo Bills,Detroit Lions,coolbet,totals,Over,55.0,1.9
2026-09-17T15:13:36Z,scheduled,56e8897681915f7ec92baeee952bb1ae,2026-09-18T00:15:00Z,Buffalo Bills,Detroit Lions,coolbet,totals,Under,55.0,1.95
2026-09-17T15:13:36Z,scheduled,56e8897681915f7ec92baeee952bb1ae,2026-09-18T00:15:00Z,Buffalo Bills,Detroit Lions,betfair_ex_eu,h2h,Buffalo Bills,,1.46
2026-09-17T15:13:36Z,scheduled,56e8897681915f7ec92baeee952bb1ae,2026-09-18T00:15:00Z,Buffalo Bills,Detroit Lions,betfair_ex_eu,h2h,Detroit Lions,,3.1
2026-09-17T15:13:36Z,scheduled,56e8897681915f7ec92baeee952bb1ae,2026-09-18T00:15:00Z,Buffalo Bills,Detroit Lions,betfair_ex_eu,h2h_lay,Buffalo Bills,,1.47
2026-09-17T15:13:36Z,scheduled,56e8897681915f7ec92baeee952bb1ae,2026-09-18T00:15:00Z,Buffalo Bills,Detroit Lions,betfair_ex_eu,h2h_lay,Detroit Lions,,3.2
2026-09-17T15:13:36Z,scheduled,aee7eae1849ebb103b9bf233e9741392,2026-09-20T17:00:00Z,Atlanta Falcons,Carolina Panthers,draftkings,h2h,Atlanta Falcons,,2.3
2026-09-17T15:13:36Z,scheduled,aee7eae1849ebb103b9bf233e9741392,2026-09-20T17:00:00Z,Atlanta Falcons,Carolina Panthers,draftkings,h2h,Carolina Panthers,,1.65
2026-09-17T15:13:36Z,scheduled,aee7eae1849ebb103b9bf233e9741392,2026-09-20T17:00:00Z,Atlanta Falcons,Carolina Panthers,draftkings,spreads,Atlanta Falcons,2.5,1.98
2026-09-17T15:13:36Z,scheduled,aee7eae1849ebb103b9bf233e9741392,2026-09-20T17:00:00Z,Atlanta Falcons,Carolina Panthers,draftkings,spreads,Carolina Panthers,-2.5,1.85
2026-09-17T15:13:36Z,scheduled,aee7eae1849ebb103b9bf233e9741392,2026-09-20T17:00:00Z,Atlanta Falcons,Carolina Panthers,draftkings,totals,Over,43.5,1.87
2026-09-17T15:13:36Z,scheduled,aee7eae1849ebb103b9bf233e9741392,2026-09-20T17:00:00Z,Atlanta Falcons,Carolina Panthers,draftkings,totals,Under,43.5,1.95
2026-09-17T15:13:36Z,scheduled,aee7eae1849ebb103b9bf233e9741392,2026-09-20T17:00:00Z,Atlanta Falcons,Carolina Panthers,betsson,h2h,Atlanta Falcons,,2.18
2026-09-17T15:13:36Z,scheduled,aee7eae1849ebb103b9bf233e9741392,2026-09-20T17:00:00Z,Atlanta Falcons,Carolina Panthers,betsson,h2h,Carolina Panthers,,1.68
2026-09-17T15:13:36Z,scheduled,aee7eae1849ebb103b9bf233e9741392,2026-09-20T17:00:00Z,Atlanta Falcons,Carolina Panthers,betsson,spreads,Atlanta Falcons,2.5,1.92
2026-09-17T15:13:36Z,scheduled,aee7eae1849ebb103b9bf233e9741392,2026-09-20T17:00:00Z,Atlanta Falcons,Carolina Panthers,betsson,spreads,Carolina Panthers,-2.5,1.88
2026-09-17T15:13:36Z,scheduled,aee7eae1849ebb103b9bf233e9741392,2026-09-20T17:00:00Z,Atlanta Falcons,Carolina Panthers,betsson,totals,Over,43.5,1.86
2026-09-17T15:13:36Z,scheduled,aee7eae1849ebb103b9bf233e9741392,2026-09-20T17:00:00Z,Atlanta Falcons,Carolina Panthers,betsson,totals,Under,43.5,1.94
2026-09-17T15:13:36Z,scheduled,aee7eae1849ebb103b9bf233e9741392,2026-09-20T17:00:00Z,Atlanta Falcons,Carolina Panthers,fanduel,h2h,Atlanta Falcons,,2.14
2026-09-17T15:13:36Z,scheduled,aee7eae1849ebb103b9bf233e9741392,2026-09-20T17:00:00Z,Atlanta Falcons,Carolina Panthers,fanduel,h2h,Carolina Panthers,,1.75
2026-09-17T15:13:36Z,scheduled,aee7eae1849ebb103b9bf233e9741392,2026-09-20T17:00:00Z,Atlanta Falcons,Carolina Panthers,fanduel,spreads,Atlanta Falcons,2.5,1.87
2026-09-17T15:13:36Z,scheduled,aee7eae1849ebb103b9bf233e9741392,2026-09-20T17:00:00Z,Atlanta Falcons,Carolina Panthers,fanduel,spreads,Carolina Panthers,-2.5,1.95
2026-09-17T15:13:36Z,scheduled,aee7eae1849ebb103b9bf233e9741392,2026-09-20T17:00:00Z,Atlanta Falcons,Carolina Panthers,fanduel,totals,Over,43.5,1.87
2026-09-17T15:13:36Z,scheduled,aee7eae1849ebb103b9bf233e9741392,2026-09-20T17:00:00Z,Atlanta Falcons,Carolina Panthers,fanduel,totals,Under,43.5,1.95
2026-09-17T15:13:36Z,scheduled,aee7eae1849ebb103b9bf233e9741392,2026-09-20T17:00:00Z,Atlanta Falcons,Carolina Panthers,betrivers,h2h,Atlanta Falcons,,2.2
2026-09-17T15:13:36Z,scheduled,aee7eae1849ebb103b9bf233e9741392,2026-09-20T17:00:00Z,Atlanta Falcons,Carolina Panthers,betrivers,h2h,Carolina Panthers,,1.7
2026-09-17T15:13:36Z,scheduled,aee7eae1849ebb103b9bf233e9741392,2026-09-20T17:00:00Z,Atlanta Falcons,Carolina Panthers,betrivers,spreads,Atlanta Falcons,2.5,1.94
2026-09-17T15:13:36Z,scheduled,aee7eae1849ebb103b9bf233e9741392,2026-09-20T17:00:00Z,Atlanta Falcons,Carolina Panthers,betrivers,spreads,Carolina Panthers,-2.5,1.87
2026-09-17T15:13:36Z,scheduled,aee7eae1849ebb103b9bf233e9741392,2026-09-20T17:00:00Z,Atlanta Falcons,Carolina Panthers,betrivers,totals,Over,43.5,1.88
2026-09-17T15:13:36Z,scheduled,aee7eae1849ebb103b9bf233e9741392,2026-09-20T17:00:00Z,Atlanta Falcons,Carolina Panthers,betrivers,totals,Under,43.5,1.93
2026-09-17T15:13:36Z,scheduled,aee7eae1849ebb103b9bf233e9741392,2026-09-20T17:00:00Z,Atlanta Falcons,Carolina Panthers,betmgm,h2h,Atlanta Falcons,,2.2
2026-09-17T15:13:36Z,scheduled,aee7eae1849ebb103b9bf233e9741392,2026-09-20T17:00:00Z,Atlanta Falcons,Carolina Panthers,betmgm,h2h,Carolina Panthers,,1.69
2026-09-17T15:13:36Z,scheduled,aee7eae1849ebb103b9bf233e9741392,2026-09-20T17:00:00Z,Atlanta Falcons,Carolina Panthers,betmgm,spreads,Atlanta Falcons,2.5,1.93
2026-09-17T15:13:36Z,scheduled,aee7eae1849ebb103b9bf233e9741392,2026-09-20T17:00:00Z,Atlanta Falcons,Carolina Panthers,betmgm,spreads,Carolina Panthers,-2.5,1.89
2026-09-17T15:13:36Z,scheduled,aee7eae1849ebb103b9bf233e9741392,2026-09-20T17:00:00Z,Atlanta Falcons,Carolina Panthers,betmgm,totals,Over,44.0,1.93
2026-09-17T15:13:36Z,scheduled,aee7eae1849ebb103b9bf233e9741392,2026-09-20T17:00:00Z,Atlanta Falcons,Carolina Panthers,betmgm,totals,Under,44.0,1.91
2026-09-17T15:13:36Z,scheduled,aee7eae1849ebb103b9bf233e9741392,2026-09-20T17:00:00Z,Atlanta Falcons,Carolina Panthers,coolbet,h2h,Atlanta Falcons,,2.21
2026-09-17T15:13:36Z,scheduled,aee7eae1849ebb103b9bf233e9741392,2026-09-20T17:00:00Z,Atlanta Falcons,Carolina Panthers,coolbet,h2h,Carolina Panthers,,1.7
2026-09-17T15:13:36Z,scheduled,aee7eae1849ebb103b9bf233e9741392,2026-09-20T17:00:00Z,Atlanta Falcons,Carolina Panthers,coolbet,spreads,Atlanta Falcons,2.5,1.93
2026-09-17T15:13:36Z,scheduled,aee7eae1849ebb103b9bf233e9741392,2026-09-20T17:00:00Z,Atlanta Falcons,Carolina Panthers,coolbet,spreads,Carolina Panthers,-2.5,1.91
2026-09-17T15:13:36Z,scheduled,aee7eae1849ebb103b9bf233e9741392,2026-09-20T17:00:00Z,Atlanta Falcons,Carolina Panthers,coolbet,totals,Over,44.0,1.93
2026-09-17T15:13:36Z,scheduled,aee7eae1849ebb103b9bf233e9741392,2026-09-20T17:00:00Z,Atlanta Falcons,Carolina Panthers,coolbet,totals,Under,44.0,1.91
2026-09-17T15:13:36Z,scheduled,aee7eae1849ebb103b9bf233e9741392,2026-09-20T17:00:00Z,Atlanta Falcons,Carolina Panthers,matchbook,h2h,Atlanta Falcons,,2.28
2026-09-17T15:13:36Z,scheduled,aee7eae1849ebb103b9bf233e9741392,2026-09-20T17:00:00Z,Atlanta Falcons,Carolina Panthers,matchbook,h2h,Carolina Panthers,,1.76
2026-09-17T15:13:36Z,scheduled,aee7eae1849ebb103b9bf233e9741392,2026-09-20T17:00:00Z,Atlanta Falcons,Carolina Panthers,matchbook,h2h_lay,Atlanta Falcons,,2.32
2026-09-17T15:13:36Z,scheduled,aee7eae1849ebb103b9bf233e9741392,2026-09-20T17:00:00Z,Atlanta Falcons,Carolina Panthers,matchbook,h2h_lay,Carolina Panthers,,1.78
2026-09-17T15:13:36Z,scheduled,aee7eae1849ebb103b9bf233e9741392,2026-09-20T17:00:00Z,Atlanta Falcons,Carolina Panthers,matchbook,spreads,Atlanta Falcons,2.5,2.02
2026-09-17T15:13:36Z,scheduled,aee7eae1849ebb103b9bf233e9741392,2026-09-20T17:00:00Z,Atlanta Falcons,Carolina Panthers,matchbook,spreads,Carolina Panthers,-2.5,1.93
2026-09-17T15:13:36Z,scheduled,aee7eae1849ebb103b9bf233e9741392,2026-09-20T17:00:00Z,Atlanta Falcons,Carolina Panthers,matchbook,totals,Over,44.0,1.92
2026-09-17T15:13:36Z,scheduled,aee7eae1849ebb103b9bf233e9741392,2026-09-20T17:00:00Z,Atlanta Falcons,Carolina Panthers,matchbook,totals,Under,44.0,1.97
2026-09-17T15:13:36Z,scheduled,aee7eae1849ebb103b9bf233e9741392,2026-09-20T17:00:00Z,Atlanta Falcons,Carolina Panthers,betfair_ex_eu,h2h,Atlanta Falcons,,2.28
2026-09-17T15:13:36Z,scheduled,aee7eae1849ebb103b9bf233e9741392,2026-09-20T17:00:00Z,Atlanta Falcons,Carolina Panthers,betfair_ex_eu,h2h,Carolina Panthers,,1.76
2026-09-17T15:13:36Z,scheduled,aee7eae1849ebb103b9bf233e9741392,2026-09-20T17:00:00Z,Atlanta Falcons,Carolina Panthers,betfair_ex_eu,h2h_lay,Atlanta Falcons,,2.3
2026-09-17T15:13:36Z,scheduled,aee7eae1849ebb103b9bf233e9741392,2026-09-20T17:00:00Z,Atlanta Falcons,Carolina Panthers,betfair_ex_eu,h2h_lay,Carolina Panthers,,1.78
2026-09-17T15:13:36Z,scheduled,aee7eae1849ebb103b9bf233e9741392,2026-09-20T17:00:00Z,Atlanta Falcons,Carolina Panthers,pinnacle,h2h,Atlanta Falcons,,2.28
2026-09-17T15:13:36Z,scheduled,aee7eae1849ebb103b9bf233e9741392,2026-09-20T17:00:00Z,Atlanta Falcons,Carolina Panthers,pinnacle,h2h,Carolina Panthers,,1.69
2026-09-17T15:13:36Z,scheduled,aee7eae1849ebb103b9bf233e9741392,2026-09-20T17:00:00Z,Atlanta Falcons,Carolina Panthers,pinnacle,spreads,Atlanta Falcons,2.5,2.02
2026-09-17T15:13:36Z,scheduled,aee7eae1849ebb103b9bf233e9741392,2026-09-20T17:00:00Z,Atlanta Falcons,Carolina Panthers,pinnacle,spreads,Carolina Panthers,-2.5,1.88
2026-09-17T15:13:36Z,scheduled,aee7eae1849ebb103b9bf233e9741392,2026-09-20T17:00:00Z,Atlanta Falcons,Carolina Panthers,pinnacle,totals,Over,44.0,1.93
2026-09-17T15:13:36Z,scheduled,aee7eae1849ebb103b9bf233e9741392,2026-09-20T17:00:00Z,Atlanta Falcons,Carolina Panthers,pinnacle,totals,Under,44.0,1.93
2026-09-17T15:13:36Z,scheduled,2143ade9684fd876b68a4e8cbf451f05,2026-09-20T17:00:00Z,Baltimore Ravens,New Orleans Saints,draftkings,h2h,Baltimore Ravens,,1.26
2026-09-17T15:13:36Z,scheduled,2143ade9684fd876b68a4e8cbf451f05,2026-09-20T17:00:00Z,Baltimore Ravens,New Orleans Saints,draftkings,h2h,New Orleans Saints,,4.0
2026-09-17T15:13:36Z,scheduled,2143ade9684fd876b68a4e8cbf451f05,2026-09-20T17:00:00Z,Baltimore Ravens,New Orleans Saints,draftkings,spreads,Baltimore Ravens,-8.5,1.95
2026-09-17T15:13:36Z,scheduled,2143ade9684fd876b68a4e8cbf451f05,2026-09-20T17:00:00Z,Baltimore Ravens,New Orleans Saints,draftkings,spreads,New Orleans Saints,8.5,1.87
2026-09-17T15:13:36Z,scheduled,2143ade9684fd876b68a4e8cbf451f05,2026-09-20T17:00:00Z,Baltimore Ravens,New Orleans Saints,draftkings,totals,Over,46.5,1.85
2026-09-17T15:13:36Z,scheduled,2143ade9684fd876b68a4e8cbf451f05,2026-09-20T17:00:00Z,Baltimore Ravens,New Orleans Saints,draftkings,totals,Under,46.5,1.98
2026-09-17T15:13:36Z,scheduled,2143ade9684fd876b68a4e8cbf451f05,2026-09-20T17:00:00Z,Baltimore Ravens,New Orleans Saints,betsson,h2h,Baltimore Ravens,,1.23
2026-09-17T15:13:36Z,scheduled,2143ade9684fd876b68a4e8cbf451f05,2026-09-20T17:00:00Z,Baltimore Ravens,New Orleans Saints,betsson,h2h,New Orleans Saints,,4.16
2026-09-17T15:13:36Z,scheduled,2143ade9684fd876b68a4e8cbf451f05,2026-09-20T17:00:00Z,Baltimore Ravens,New Orleans Saints,betsson,spreads,Baltimore Ravens,-7.5,1.88
2026-09-17T15:13:36Z,scheduled,2143ade9684fd876b68a4e8cbf451f05,2026-09-20T17:00:00Z,Baltimore Ravens,New Orleans Saints,betsson,spreads,New Orleans Saints,7.5,1.92
2026-09-17T15:13:36Z,scheduled,2143ade9684fd876b68a4e8cbf451f05,2026-09-20T17:00:00Z,Baltimore Ravens,New Orleans Saints,betsson,totals,Over,46.5,1.85
2026-09-17T15:13:36Z,scheduled,2143ade9684fd876b68a4e8cbf451f05,2026-09-20T17:00:00Z,Baltimore Ravens,New Orleans Saints,betsson,totals,Under,46.5,1.96
2026-09-17T15:13:36Z,scheduled,2143ade9684fd876b68a4e8cbf451f05,2026-09-20T17:00:00Z,Baltimore Ravens,New Orleans Saints,fanduel,h2h,Baltimore Ravens,,1.24
2026-09-17T15:13:36Z,scheduled,2143ade9684fd876b68a4e8cbf451f05,2026-09-20T17:00:00Z,Baltimore Ravens,New Orleans Saints,fanduel,h2h,New Orleans Saints,,4.3
2026-09-17T15:13:36Z,scheduled,2143ade9684fd876b68a4e8cbf451f05,2026-09-20T17:00:00Z,Baltimore Ravens,New Orleans Saints,fanduel,spreads,Baltimore Ravens,-8.5,1.95
2026-09-17T15:13:36Z,scheduled,2143ade9684fd876b68a4e8cbf451f05,2026-09-20T17:00:00Z,Baltimore Ravens,New Orleans Saints,fanduel,spreads,New Orleans Saints,8.5,1.87
2026-09-17T15:13:36Z,scheduled,2143ade9684fd876b68a4e8cbf451f05,2026-09-20T17:00:00Z,Baltimore Ravens,New Orleans Saints,fanduel,totals,Over,46.5,1.87
2026-09-17T15:13:36Z,scheduled,2143ade9684fd876b68a4e8cbf451f05,2026-09-20T17:00:00Z,Baltimore Ravens,New Orleans Saints,fanduel,totals,Under,46.5,1.95
2026-09-17T15:13:36Z,scheduled,2143ade9684fd876b68a4e8cbf451f05,2026-09-20T17:00:00Z,Baltimore Ravens,New Orleans Saints,betrivers,h2h,Baltimore Ravens,,1.23
2026-09-17T15:13:36Z,scheduled,2143ade9684fd876b68a4e8cbf451f05,2026-09-20T17:00:00Z,Baltimore Ravens,New Orleans Saints,betrivers,h2h,New Orleans Saints,,4.25
2026-09-17T15:13:36Z,scheduled,2143ade9684fd876b68a4e8cbf451f05,2026-09-20T17:00:00Z,Baltimore Ravens,New Orleans Saints,betrivers,spreads,Baltimore Ravens,-8.0,1.88
2026-09-17T15:13:36Z,scheduled,2143ade9684fd876b68a4e8cbf451f05,2026-09-20T17:00:00Z,Baltimore Ravens,New Orleans Saints,betrivers,spreads,New Orleans Saints,8.0,1.93
2026-09-17T15:13:36Z,scheduled,2143ade9684fd876b68a4e8cbf451f05,2026-09-20T17:00:00Z,Baltimore Ravens,New Orleans Saints,betrivers,totals,Over,47.0,1.92
2026-09-17T15:13:36Z,scheduled,2143ade9684fd876b68a4e8cbf451f05,2026-09-20T17:00:00Z,Baltimore Ravens,New Orleans Saints,betrivers,totals,Under,47.0,1.89
2026-09-17T15:13:36Z,scheduled,2143ade9684fd876b68a4e8cbf451f05,2026-09-20T17:00:00Z,Baltimore Ravens,New Orleans Saints,betmgm,h2h,Baltimore Ravens,,1.25
2026-09-17T15:13:36Z,scheduled,2143ade9684fd876b68a4e8cbf451f05,2026-09-20T17:00:00Z,Baltimore Ravens,New Orleans Saints,betmgm,h2h,New Orleans Saints,,4.2
2026-09-17T15:13:36Z,scheduled,2143ade9684fd876b68a4e8cbf451f05,2026-09-20T17:00:00Z,Baltimore Ravens,New Orleans Saints,betmgm,spreads,Baltimore Ravens,-8.5,1.93
2026-09-17T15:13:36Z,scheduled,2143ade9684fd876b68a4e8cbf451f05,2026-09-20T17:00:00Z,Baltimore Ravens,New Orleans Saints,betmgm,spreads,New Orleans Saints,8.5,1.91
2026-09-17T15:13:36Z,scheduled,2143ade9684fd876b68a4e8cbf451f05,2026-09-20T17:00:00Z,Baltimore Ravens,New Orleans Saints,betmgm,totals,Over,46.5,1.91
2026-09-17T15:13:36Z,scheduled,2143ade9684fd876b68a4e8cbf451f05,2026-09-20T17:00:00Z,Baltimore Ravens,New Orleans Saints,betmgm,totals,Under,46.5,1.93
2026-09-17T15:13:36Z,scheduled,2143ade9684fd876b68a4e8cbf451f05,2026-09-20T17:00:00Z,Baltimore Ravens,New Orleans Saints,pinnacle,h2h,Baltimore Ravens,,1.25
2026-09-17T15:13:36Z,scheduled,2143ade9684fd876b68a4e8cbf451f05,2026-09-20T17:00:00Z,Baltimore Ravens,New Orleans Saints,pinnacle,h2h,New Orleans Saints,,4.22
2026-09-17T15:13:36Z,scheduled,2143ade9684fd876b68a4e8cbf451f05,2026-09-20T17:00:00Z,Baltimore Ravens,New Orleans Saints,pinnacle,spreads,Baltimore Ravens,-9.0,2.07
2026-09-17T15:13:36Z,scheduled,2143ade9684fd876b68a4e8cbf451f05,2026-09-20T17:00:00Z,Baltimore Ravens,New Orleans Saints,pinnacle,spreads,New Orleans Saints,9.0,1.83
2026-09-17T15:13:36Z,scheduled,2143ade9684fd876b68a4e8cbf451f05,2026-09-20T17:00:00Z,Baltimore Ravens,New Orleans Saints,pinnacle,totals,Over,47.5,2.01
2026-09-17T15:13:36Z,scheduled,2143ade9684fd876b68a4e8cbf451f05,2026-09-20T17:00:00Z,Baltimore Ravens,New Orleans Saints,pinnacle,totals,Under,47.5,1.85
2026-09-17T15:13:36Z,scheduled,2143ade9684fd876b68a4e8cbf451f05,2026-09-20T17:00:00Z,Baltimore Ravens,New Orleans Saints,matchbook,h2h,Baltimore Ravens,,1.27
2026-09-17T15:13:36Z,scheduled,2143ade9684fd876b68a4e8cbf451f05,2026-09-20T17:00:00Z,Baltimore Ravens,New Orleans Saints,matchbook,h2h,New Orleans Saints,,4.5
2026-09-17T15:13:36Z,scheduled,2143ade9684fd876b68a4e8cbf451f05,2026-09-20T17:00:00Z,Baltimore Ravens,New Orleans Saints,matchbook,h2h_lay,Baltimore Ravens,,1.28
2026-09-17T15:13:36Z,scheduled,2143ade9684fd876b68a4e8cbf451f05,2026-09-20T17:00:00Z,Baltimore Ravens,New Orleans Saints,matchbook,h2h_lay,New Orleans Saints,,4.8
2026-09-17T15:13:36Z,scheduled,2143ade9684fd876b68a4e8cbf451f05,2026-09-20T17:00:00Z,Baltimore Ravens,New Orleans Saints,matchbook,spreads,Baltimore Ravens,-7.5,1.93
2026-09-17T15:13:36Z,scheduled,2143ade9684fd876b68a4e8cbf451f05,2026-09-20T17:00:00Z,Baltimore Ravens,New Orleans Saints,matchbook,spreads,New Orleans Saints,7.5,1.96
2026-09-17T15:13:36Z,scheduled,2143ade9684fd876b68a4e8cbf451f05,2026-09-20T17:00:00Z,Baltimore Ravens,New Orleans Saints,matchbook,totals,Over,47.0,1.95
2026-09-17T15:13:36Z,scheduled,2143ade9684fd876b68a4e8cbf451f05,2026-09-20T17:00:00Z,Baltimore Ravens,New Orleans Saints,matchbook,totals,Under,47.0,1.92
2026-09-17T15:13:36Z,scheduled,2143ade9684fd876b68a4e8cbf451f05,2026-09-20T17:00:00Z,Baltimore Ravens,New Orleans Saints,coolbet,h2h,Baltimore Ravens,,1.25
2026-09-17T15:13:36Z,scheduled,2143ade9684fd876b68a4e8cbf451f05,2026-09-20T17:00:00Z,Baltimore Ravens,New Orleans Saints,coolbet,h2h,New Orleans Saints,,4.2
2026-09-17T15:13:36Z,scheduled,2143ade9684fd876b68a4e8cbf451f05,2026-09-20T17:00:00Z,Baltimore Ravens,New Orleans Saints,coolbet,spreads,Baltimore Ravens,-8.0,1.92
2026-09-17T15:13:36Z,scheduled,2143ade9684fd876b68a4e8cbf451f05,2026-09-20T17:00:00Z,Baltimore Ravens,New Orleans Saints,coolbet,spreads,New Orleans Saints,8.0,1.92
2026-09-17T15:13:36Z,scheduled,2143ade9684fd876b68a4e8cbf451f05,2026-09-20T17:00:00Z,Baltimore Ravens,New Orleans Saints,coolbet,totals,Over,47.0,1.92
2026-09-17T15:13:36Z,scheduled,2143ade9684fd876b68a4e8cbf451f05,2026-09-20T17:00:00Z,Baltimore Ravens,New Orleans Saints,coolbet,totals,Under,47.0,1.92
2026-09-17T15:13:36Z,scheduled,2143ade9684fd876b68a4e8cbf451f05,2026-09-20T17:00:00Z,Baltimore Ravens,New Orleans Saints,betfair_ex_eu,h2h,Baltimore Ravens,,1.27
2026-09-17T15:13:36Z,scheduled,2143ade9684fd876b68a4e8cbf451f05,2026-09-20T17:00:00Z,Baltimore Ravens,New Orleans Saints,betfair_ex_eu,h2h,New Orleans Saints,,4.5
2026-09-17T15:13:36Z,scheduled,2143ade9684fd876b68a4e8cbf451f05,2026-09-20T17:00:00Z,Baltimore Ravens,New Orleans Saints,betfair_ex_eu,h2h_lay,Baltimore Ravens,,1.28
2026-09-17T15:13:36Z,scheduled,2143ade9684fd876b68a4e8cbf451f05,2026-09-20T17:00:00Z,Baltimore Ravens,New Orleans Saints,betfair_ex_eu,h2h_lay,New Orleans Saints,,4.8
2026-09-17T15:13:36Z,scheduled,0283a29e1b38ef78b29b904fd56a16dd,2026-09-20T17:00:00Z,Chicago Bears,Minnesota Vikings,draftkings,h2h,Chicago Bears,,1.51
2026-09-17T15:13:36Z,scheduled,0283a29e1b38ef78b29b904fd56a16dd,2026-09-20T17:00:00Z,Chicago Bears,Minnesota Vikings,draftkings,h2h,Minnesota Vikings,,2.64
2026-09-17T15:13:36Z,scheduled,0283a29e1b38ef78b29b904fd56a16dd,2026-09-20T17:00:00Z,Chicago Bears,Minnesota Vikings,draftkings,spreads,Chicago Bears,-4.5,1.93
2026-09-17T15:13:36Z,scheduled,0283a29e1b38ef78b29b904fd56a16dd,2026-09-20T17:00:00Z,Chicago Bears,Minnesota Vikings,draftkings,spreads,Minnesota Vikings,4.5,1.89
2026-09-17T15:13:36Z,scheduled,0283a29e1b38ef78b29b904fd56a16dd,2026-09-20T17:00:00Z,Chicago Bears,Minnesota Vikings,draftkings,totals,Over,47.5,1.87
2026-09-17T15:13:36Z,scheduled,0283a29e1b38ef78b29b904fd56a16dd,2026-09-20T17:00:00Z,Chicago Bears,Minnesota Vikings,draftkings,totals,Under,47.5,1.95
2026-09-17T15:13:36Z,scheduled,0283a29e1b38ef78b29b904fd56a16dd,2026-09-20T17:00:00Z,Chicago Bears,Minnesota Vikings,betsson,h2h,Chicago Bears,,1.45
2026-09-17T15:13:36Z,scheduled,0283a29e1b38ef78b29b904fd56a16dd,2026-09-20T17:00:00Z,Chicago Bears,Minnesota Vikings,betsson,h2h,Minnesota Vikings,,2.75
2026-09-17T15:13:36Z,scheduled,0283a29e1b38ef78b29b904fd56a16dd,2026-09-20T17:00:00Z,Chicago Bears,Minnesota Vikings,betsson,spreads,Chicago Bears,-4.5,1.96
2026-09-17T15:13:36Z,scheduled,0283a29e1b38ef78b29b904fd56a16dd,2026-09-20T17:00:00Z,Chicago Bears,Minnesota Vikings,betsson,spreads,Minnesota Vikings,4.5,1.85
2026-09-17T15:13:36Z,scheduled,0283a29e1b38ef78b29b904fd56a16dd,2026-09-20T17:00:00Z,Chicago Bears,Minnesota Vikings,betsson,totals,Over,48.5,1.92
2026-09-17T15:13:36Z,scheduled,0283a29e1b38ef78b29b904fd56a16dd,2026-09-20T17:00:00Z,Chicago Bears,Minnesota Vikings,betsson,totals,Under,48.5,1.88
2026-09-17T15:13:36Z,scheduled,0283a29e1b38ef78b29b904fd56a16dd,2026-09-20T17:00:00Z,Chicago Bears,Minnesota Vikings,fanduel,h2h,Chicago Bears,,1.45
2026-09-17T15:13:36Z,scheduled,0283a29e1b38ef78b29b904fd56a16dd,2026-09-20T17:00:00Z,Chicago Bears,Minnesota Vikings,fanduel,h2h,Minnesota Vikings,,2.84
2026-09-17T15:13:36Z,scheduled,0283a29e1b38ef78b29b904fd56a16dd,2026-09-20T17:00:00Z,Chicago Bears,Minnesota Vikings,fanduel,spreads,Chicago Bears,-4.5,1.91
2026-09-17T15:13:36Z,scheduled,0283a29e1b38ef78b29b904fd56a16dd,2026-09-20T17:00:00Z,Chicago Bears,Minnesota Vikings,fanduel,spreads,Minnesota Vikings,4.5,1.91
2026-09-17T15:13:36Z,scheduled,0283a29e1b38ef78b29b904fd56a16dd,2026-09-20T17:00:00Z,Chicago Bears,Minnesota Vikings,fanduel,totals,Over,48.5,1.95
2026-09-17T15:13:36Z,scheduled,0283a29e1b38ef78b29b904fd56a16dd,2026-09-20T17:00:00Z,Chicago Bears,Minnesota Vikings,fanduel,totals,Under,48.5,1.87
2026-09-17T15:13:36Z,scheduled,0283a29e1b38ef78b29b904fd56a16dd,2026-09-20T17:00:00Z,Chicago Bears,Minnesota Vikings,betrivers,h2h,Chicago Bears,,1.43
2026-09-17T15:13:36Z,scheduled,0283a29e1b38ef78b29b904fd56a16dd,2026-09-20T17:00:00Z,Chicago Bears,Minnesota Vikings,betrivers,h2h,Minnesota Vikings,,2.85
2026-09-17T15:13:36Z,scheduled,0283a29e1b38ef78b29b904fd56a16dd,2026-09-20T17:00:00Z,Chicago Bears,Minnesota Vikings,betrivers,spreads,Chicago Bears,-4.5,1.91
2026-09-17T15:13:36Z,scheduled,0283a29e1b38ef78b29b904fd56a16dd,2026-09-20T17:00:00Z,Chicago Bears,Minnesota Vikings,betrivers,spreads,Minnesota Vikings,4.5,1.91
2026-09-17T15:13:36Z,scheduled,0283a29e1b38ef78b29b904fd56a16dd,2026-09-20T17:00:00Z,Chicago Bears,Minnesota Vikings,betrivers,totals,Over,48.5,1.92
2026-09-17T15:13:36Z,scheduled,0283a29e1b38ef78b29b904fd56a16dd,2026-09-20T17:00:00Z,Chicago Bears,Minnesota Vikings,betrivers,totals,Under,48.5,1.89
2026-09-17T15:13:36Z,scheduled,0283a29e1b38ef78b29b904fd56a16dd,2026-09-20T17:00:00Z,Chicago Bears,Minnesota Vikings,betmgm,h2h,Chicago Bears,,1.45
2026-09-17T15:13:36Z,scheduled,0283a29e1b38ef78b29b904fd56a16dd,2026-09-20T17:00:00Z,Chicago Bears,Minnesota Vikings,betmgm,h2h,Minnesota Vikings,,2.75
2026-09-17T15:13:36Z,scheduled,0283a29e1b38ef78b29b904fd56a16dd,2026-09-20T17:00:00Z,Chicago Bears,Minnesota Vikings,betmgm,spreads,Chicago Bears,-4.5,1.93
2026-09-17T15:13:36Z,scheduled,0283a29e1b38ef78b29b904fd56a16dd,2026-09-20T17:00:00Z,Chicago Bears,Minnesota Vikings,betmgm,spreads,Minnesota Vikings,4.5,1.91
2026-09-17T15:13:36Z,scheduled,0283a29e1b38ef78b29b904fd56a16dd,2026-09-20T17:00:00Z,Chicago Bears,Minnesota Vikings,betmgm,totals,Over,48.0,1.91
2026-09-17T15:13:36Z,scheduled,0283a29e1b38ef78b29b904fd56a16dd,2026-09-20T17:00:00Z,Chicago Bears,Minnesota Vikings,betmgm,totals,Under,48.0,1.93
2026-09-17T15:13:36Z,scheduled,0283a29e1b38ef78b29b904fd56a16dd,2026-09-20T17:00:00Z,Chicago Bears,Minnesota Vikings,coolbet,h2h,Chicago Bears,,1.46
2026-09-17T15:13:36Z,scheduled,0283a29e1b38ef78b29b904fd56a16dd,2026-09-20T17:00:00Z,Chicago Bears,Minnesota Vikings,coolbet,h2h,Minnesota Vikings,,2.82
2026-09-17T15:13:36Z,scheduled,0283a29e1b38ef78b29b904fd56a16dd,2026-09-20T17:00:00Z,Chicago Bears,Minnesota Vikings,coolbet,spreads,Chicago Bears,-4.0,1.92
2026-09-17T15:13:36Z,scheduled,0283a29e1b38ef78b29b904fd56a16dd,2026-09-20T17:00:00Z,Chicago Bears,Minnesota Vikings,coolbet,spreads,Minnesota Vikings,4.0,1.92
2026-09-17T15:13:36Z,scheduled,0283a29e1b38ef78b29b904fd56a16dd,2026-09-20T17:00:00Z,Chicago Bears,Minnesota Vikings,coolbet,totals,Over,48.0,1.9
2026-09-17T15:13:36Z,scheduled,0283a29e1b38ef78b29b904fd56a16dd,2026-09-20T17:00:00Z,Chicago Bears,Minnesota Vikings,coolbet,totals,Under,48.0,1.95
2026-09-17T15:13:36Z,scheduled,0283a29e1b38ef78b29b904fd56a16dd,2026-09-20T17:00:00Z,Chicago Bears,Minnesota Vikings,matchbook,h2h,Chicago Bears,,1.52
2026-09-17T15:13:36Z,scheduled,0283a29e1b38ef78b29b904fd56a16dd,2026-09-20T17:00:00Z,Chicago Bears,Minnesota Vikings,matchbook,h2h,Minnesota Vikings,,2.86
2026-09-17T15:13:36Z,scheduled,0283a29e1b38ef78b29b904fd56a16dd,2026-09-20T17:00:00Z,Chicago Bears,Minnesota Vikings,matchbook,h2h_lay,Chicago Bears,,1.54
2026-09-17T15:13:36Z,scheduled,0283a29e1b38ef78b29b904fd56a16dd,2026-09-20T17:00:00Z,Chicago Bears,Minnesota Vikings,matchbook,h2h_lay,Minnesota Vikings,,2.92
2026-09-17T15:13:36Z,scheduled,0283a29e1b38ef78b29b904fd56a16dd,2026-09-20T17:00:00Z,Chicago Bears,Minnesota Vikings,matchbook,spreads,Chicago Bears,-4.0,1.94
2026-09-17T15:13:36Z,scheduled,0283a29e1b38ef78b29b904fd56a16dd,2026-09-20T17:00:00Z,Chicago Bears,Minnesota Vikings,matchbook,spreads,Minnesota Vikings,4.0,1.96
2026-09-17T15:13:36Z,scheduled,0283a29e1b38ef78b29b904fd56a16dd,2026-09-20T17:00:00Z,Chicago Bears,Minnesota Vikings,matchbook,totals,Over,48.0,1.94
2026-09-17T15:13:36Z,scheduled,0283a29e1b38ef78b29b904fd56a16dd,2026-09-20T17:00:00Z,Chicago Bears,Minnesota Vikings,matchbook,totals,Under,48.0,1.98
2026-09-17T15:13:36Z,scheduled,0283a29e1b38ef78b29b904fd56a16dd,2026-09-20T17:00:00Z,Chicago Bears,Minnesota Vikings,betfair_ex_eu,h2h,Chicago Bears,,1.52
2026-09-17T15:13:36Z,scheduled,0283a29e1b38ef78b29b904fd56a16dd,2026-09-20T17:00:00Z,Chicago Bears,Minnesota Vikings,betfair_ex_eu,h2h,Minnesota Vikings,,2.86
2026-09-17T15:13:36Z,scheduled,0283a29e1b38ef78b29b904fd56a16dd,2026-09-20T17:00:00Z,Chicago Bears,Minnesota Vikings,betfair_ex_eu,h2h_lay,Chicago Bears,,1.54
2026-09-17T15:13:36Z,scheduled,0283a29e1b38ef78b29b904fd56a16dd,2026-09-20T17:00:00Z,Chicago Bears,Minnesota Vikings,betfair_ex_eu,h2h_lay,Minnesota Vikings,,2.92
2026-09-17T15:13:36Z,scheduled,0283a29e1b38ef78b29b904fd56a16dd,2026-09-20T17:00:00Z,Chicago Bears,Minnesota Vikings,pinnacle,h2h,Chicago Bears,,1.47
2026-09-17T15:13:36Z,scheduled,0283a29e1b38ef78b29b904fd56a16dd,2026-09-20T17:00:00Z,Chicago Bears,Minnesota Vikings,pinnacle,h2h,Minnesota Vikings,,2.86
2026-09-17T15:13:36Z,scheduled,0283a29e1b38ef78b29b904fd56a16dd,2026-09-20T17:00:00Z,Chicago Bears,Minnesota Vikings,pinnacle,spreads,Chicago Bears,-5.5,2.09
2026-09-17T15:13:36Z,scheduled,0283a29e1b38ef78b29b904fd56a16dd,2026-09-20T17:00:00Z,Chicago Bears,Minnesota Vikings,pinnacle,spreads,Minnesota Vikings,5.5,1.81
2026-09-17T15:13:36Z,scheduled,0283a29e1b38ef78b29b904fd56a16dd,2026-09-20T17:00:00Z,Chicago Bears,Minnesota Vikings,pinnacle,totals,Over,48.5,1.99
2026-09-17T15:13:36Z,scheduled,0283a29e1b38ef78b29b904fd56a16dd,2026-09-20T17:00:00Z,Chicago Bears,Minnesota Vikings,pinnacle,totals,Under,48.5,1.86
2026-09-17T15:13:36Z,scheduled,36ad2fa722f4915ef23d2c81351261de,2026-09-20T17:00:00Z,Houston Texans,Cincinnati Bengals,draftkings,h2h,Cincinnati Bengals,,2.2
2026-09-17T15:13:36Z,scheduled,36ad2fa722f4915ef23d2c81351261de,2026-09-20T17:00:00Z,Houston Texans,Cincinnati Bengals,draftkings,h2h,Houston Texans,,1.7
2026-09-17T15:13:36Z,scheduled,36ad2fa722f4915ef23d2c81351261de,2026-09-20T17:00:00Z,Houston Texans,Cincinnati Bengals,draftkings,spreads,Cincinnati Bengals,2.5,1.98
2026-09-17T15:13:36Z,scheduled,36ad2fa722f4915ef23d2c81351261de,2026-09-20T17:00:00Z,Houston Texans,Cincinnati Bengals,draftkings,spreads,Houston Texans,-2.5,1.85
2026-09-17T15:13:36Z,scheduled,36ad2fa722f4915ef23d2c81351261de,2026-09-20T17:00:00Z,Houston Texans,Cincinnati Bengals,draftkings,totals,Over,46.5,1.95
2026-09-17T15:13:36Z,scheduled,36ad2fa722f4915ef23d2c81351261de,2026-09-20T17:00:00Z,Houston Texans,Cincinnati Bengals,draftkings,totals,Under,46.5,1.87
2026-09-17T15:13:36Z,scheduled,36ad2fa722f4915ef23d2c81351261de,2026-09-20T17:00:00Z,Houston Texans,Cincinnati Bengals,betsson,h2h,Cincinnati Bengals,,2.22
2026-09-17T15:13:36Z,scheduled,36ad2fa722f4915ef23d2c81351261de,2026-09-20T17:00:00Z,Houston Texans,Cincinnati Bengals,betsson,h2h,Houston Texans,,1.66
2026-09-17T15:13:36Z,scheduled,36ad2fa722f4915ef23d2c81351261de,2026-09-20T17:00:00Z,Houston Texans,Cincinnati Bengals,betsson,spreads,Cincinnati Bengals,2.5,1.94
2026-09-17T15:13:36Z,scheduled,36ad2fa722f4915ef23d2c81351261de,2026-09-20T17:00:00Z,Houston Texans,Cincinnati Bengals,betsson,spreads,Houston Texans,-2.5,1.86
2026-09-17T15:13:36Z,scheduled,36ad2fa722f4915ef23d2c81351261de,2026-09-20T17:00:00Z,Houston Texans,Cincinnati Bengals,betsson,totals,Over,45.5,1.88
2026-09-17T15:13:36Z,scheduled,36ad2fa722f4915ef23d2c81351261de,2026-09-20T17:00:00Z,Houston Texans,Cincinnati Bengals,betsson,totals,Under,45.5,1.92
2026-09-17T15:13:36Z,scheduled,36ad2fa722f4915ef23d2c81351261de,2026-09-20T17:00:00Z,Houston Texans,Cincinnati Bengals,fanduel,h2h,Cincinnati Bengals,,2.26
2026-09-17T15:13:36Z,scheduled,36ad2fa722f4915ef23d2c81351261de,2026-09-20T17:00:00Z,Houston Texans,Cincinnati Bengals,fanduel,h2h,Houston Texans,,1.68
2026-09-17T15:13:36Z,scheduled,36ad2fa722f4915ef23d2c81351261de,2026-09-20T17:00:00Z,Houston Texans,Cincinnati Bengals,fanduel,spreads,Cincinnati Bengals,2.5,1.95
2026-09-17T15:13:36Z,scheduled,36ad2fa722f4915ef23d2c81351261de,2026-09-20T17:00:00Z,Houston Texans,Cincinnati Bengals,fanduel,spreads,Houston Texans,-2.5,1.87
2026-09-17T15:13:36Z,scheduled,36ad2fa722f4915ef23d2c81351261de,2026-09-20T17:00:00Z,Houston Texans,Cincinnati Bengals,fanduel,totals,Over,45.5,1.88
2026-09-17T15:13:36Z,scheduled,36ad2fa722f4915ef23d2c81351261de,2026-09-20T17:00:00Z,Houston Texans,Cincinnati Bengals,fanduel,totals,Under,45.5,1.94
2026-09-17T15:13:36Z,scheduled,36ad2fa722f4915ef23d2c81351261de,2026-09-20T17:00:00Z,Houston Texans,Cincinnati Bengals,betrivers,h2h,Cincinnati Bengals,,2.3
2026-09-17T15:13:36Z,scheduled,36ad2fa722f4915ef23d2c81351261de,2026-09-20T17:00:00Z,Houston Texans,Cincinnati Bengals,betrivers,h2h,Houston Texans,,1.64
2026-09-17T15:13:36Z,scheduled,36ad2fa722f4915ef23d2c81351261de,2026-09-20T17:00:00Z,Houston Texans,Cincinnati Bengals,betrivers,spreads,Cincinnati Bengals,2.5,1.95
2026-09-17T15:13:36Z,scheduled,36ad2fa722f4915ef23d2c81351261de,2026-09-20T17:00:00Z,Houston Texans,Cincinnati Bengals,betrivers,spreads,Houston Texans,-2.5,1.85
2026-09-17T15:13:36Z,scheduled,36ad2fa722f4915ef23d2c81351261de,2026-09-20T17:00:00Z,Houston Texans,Cincinnati Bengals,betrivers,totals,Over,46.0,1.92
2026-09-17T15:13:36Z,scheduled,36ad2fa722f4915ef23d2c81351261de,2026-09-20T17:00:00Z,Houston Texans,Cincinnati Bengals,betrivers,totals,Under,46.0,1.89
2026-09-17T15:13:36Z,scheduled,36ad2fa722f4915ef23d2c81351261de,2026-09-20T17:00:00Z,Houston Texans,Cincinnati Bengals,betmgm,h2h,Cincinnati Bengals,,2.25
2026-09-17T15:13:36Z,scheduled,36ad2fa722f4915ef23d2c81351261de,2026-09-20T17:00:00Z,Houston Texans,Cincinnati Bengals,betmgm,h2h,Houston Texans,,1.69
2026-09-17T15:13:36Z,scheduled,36ad2fa722f4915ef23d2c81351261de,2026-09-20T17:00:00Z,Houston Texans,Cincinnati Bengals,betmgm,spreads,Cincinnati Bengals,2.5,2.0
2026-09-17T15:13:36Z,scheduled,36ad2fa722f4915ef23d2c81351261de,2026-09-20T17:00:00Z,Houston Texans,Cincinnati Bengals,betmgm,spreads,Houston Texans,-2.5,1.85
2026-09-17T15:13:36Z,scheduled,36ad2fa722f4915ef23d2c81351261de,2026-09-20T17:00:00Z,Houston Texans,Cincinnati Bengals,betmgm,totals,Over,46.0,1.93
2026-09-17T15:13:36Z,scheduled,36ad2fa722f4915ef23d2c81351261de,2026-09-20T17:00:00Z,Houston Texans,Cincinnati Bengals,betmgm,totals,Under,46.0,1.91
2026-09-17T15:13:36Z,scheduled,36ad2fa722f4915ef23d2c81351261de,2026-09-20T17:00:00Z,Houston Texans,Cincinnati Bengals,pinnacle,h2h,Cincinnati Bengals,,2.32
2026-09-17T15:13:36Z,scheduled,36ad2fa722f4915ef23d2c81351261de,2026-09-20T17:00:00Z,Houston Texans,Cincinnati Bengals,pinnacle,h2h,Houston Texans,,1.67
2026-09-17T15:13:36Z,scheduled,36ad2fa722f4915ef23d2c81351261de,2026-09-20T17:00:00Z,Houston Texans,Cincinnati Bengals,pinnacle,spreads,Cincinnati Bengals,3.0,1.81
2026-09-17T15:13:36Z,scheduled,36ad2fa722f4915ef23d2c81351261de,2026-09-20T17:00:00Z,Houston Texans,Cincinnati Bengals,pinnacle,spreads,Houston Texans,-3.0,2.1
2026-09-17T15:13:36Z,scheduled,36ad2fa722f4915ef23d2c81351261de,2026-09-20T17:00:00Z,Houston Texans,Cincinnati Bengals,pinnacle,totals,Over,46.5,2.03
2026-09-17T15:13:36Z,scheduled,36ad2fa722f4915ef23d2c81351261de,2026-09-20T17:00:00Z,Houston Texans,Cincinnati Bengals,pinnacle,totals,Under,46.5,1.83
2026-09-17T15:13:36Z,scheduled,36ad2fa722f4915ef23d2c81351261de,2026-09-20T17:00:00Z,Houston Texans,Cincinnati Bengals,matchbook,h2h,Cincinnati Bengals,,2.38
2026-09-17T15:13:36Z,scheduled,36ad2fa722f4915ef23d2c81351261de,2026-09-20T17:00:00Z,Houston Texans,Cincinnati Bengals,matchbook,h2h,Houston Texans,,1.69
2026-09-17T15:13:36Z,scheduled,36ad2fa722f4915ef23d2c81351261de,2026-09-20T17:00:00Z,Houston Texans,Cincinnati Bengals,matchbook,h2h_lay,Cincinnati Bengals,,2.46
2026-09-17T15:13:36Z,scheduled,36ad2fa722f4915ef23d2c81351261de,2026-09-20T17:00:00Z,Houston Texans,Cincinnati Bengals,matchbook,h2h_lay,Houston Texans,,1.73
2026-09-17T15:13:36Z,scheduled,36ad2fa722f4915ef23d2c81351261de,2026-09-20T17:00:00Z,Houston Texans,Cincinnati Bengals,matchbook,spreads,Cincinnati Bengals,2.5,2.04
2026-09-17T15:13:36Z,scheduled,36ad2fa722f4915ef23d2c81351261de,2026-09-20T17:00:00Z,Houston Texans,Cincinnati Bengals,matchbook,spreads,Houston Texans,-2.5,1.88
2026-09-17T15:13:36Z,scheduled,36ad2fa722f4915ef23d2c81351261de,2026-09-20T17:00:00Z,Houston Texans,Cincinnati Bengals,matchbook,totals,Over,45.5,1.92
2026-09-17T15:13:36Z,scheduled,36ad2fa722f4915ef23d2c81351261de,2026-09-20T17:00:00Z,Houston Texans,Cincinnati Bengals,matchbook,totals,Under,45.5,1.95
2026-09-17T15:13:36Z,scheduled,36ad2fa722f4915ef23d2c81351261de,2026-09-20T17:00:00Z,Houston Texans,Cincinnati Bengals,coolbet,h2h,Cincinnati Bengals,,2.25
2026-09-17T15:13:36Z,scheduled,36ad2fa722f4915ef23d2c81351261de,2026-09-20T17:00:00Z,Houston Texans,Cincinnati Bengals,coolbet,h2h,Houston Texans,,1.68
2026-09-17T15:13:36Z,scheduled,36ad2fa722f4915ef23d2c81351261de,2026-09-20T17:00:00Z,Houston Texans,Cincinnati Bengals,coolbet,spreads,Cincinnati Bengals,2.5,1.96
2026-09-17T15:13:36Z,scheduled,36ad2fa722f4915ef23d2c81351261de,2026-09-20T17:00:00Z,Houston Texans,Cincinnati Bengals,coolbet,spreads,Houston Texans,-2.5,1.89
2026-09-17T15:13:36Z,scheduled,36ad2fa722f4915ef23d2c81351261de,2026-09-20T17:00:00Z,Houston Texans,Cincinnati Bengals,coolbet,totals,Over,46.0,1.93
2026-09-17T15:13:36Z,scheduled,36ad2fa722f4915ef23d2c81351261de,2026-09-20T17:00:00Z,Houston Texans,Cincinnati Bengals,coolbet,totals,Under,46.0,1.91
2026-09-17T15:13:36Z,scheduled,36ad2fa722f4915ef23d2c81351261de,2026-09-20T17:00:00Z,Houston Texans,Cincinnati Bengals,betfair_ex_eu,h2h,Cincinnati Bengals,,2.38
2026-09-17T15:13:36Z,scheduled,36ad2fa722f4915ef23d2c81351261de,2026-09-20T17:00:00Z,Houston Texans,Cincinnati Bengals,betfair_ex_eu,h2h,Houston Texans,,1.69
2026-09-17T15:13:36Z,scheduled,36ad2fa722f4915ef23d2c81351261de,2026-09-20T17:00:00Z,Houston Texans,Cincinnati Bengals,betfair_ex_eu,h2h_lay,Cincinnati Bengals,,2.46
2026-09-17T15:13:36Z,scheduled,36ad2fa722f4915ef23d2c81351261de,2026-09-20T17:00:00Z,Houston Texans,Cincinnati Bengals,betfair_ex_eu,h2h_lay,Houston Texans,,1.73
2026-09-17T15:13:36Z,scheduled,0636ebff776d43f8c829a36713c80b22,2026-09-20T17:00:00Z,Tampa Bay Buccaneers,Cleveland Browns,draftkings,h2h,Cleveland Browns,,4.5
2026-09-17T15:13:36Z,scheduled,0636ebff776d43f8c829a36713c80b22,2026-09-20T17:00:00Z,Tampa Bay Buccaneers,Cleveland Browns,draftkings,h2h,Tampa Bay Buccaneers,,1.22
2026-09-17T15:13:36Z,scheduled,0636ebff776d43f8c829a36713c80b22,2026-09-20T17:00:00Z,Tampa Bay Buccaneers,Cleveland Browns,draftkings,spreads,Cleveland Browns,8.5,1.89
2026-09-17T15:13:36Z,scheduled,0636ebff776d43f8c829a36713c80b22,2026-09-20T17:00:00Z,Tampa Bay Buccaneers,Cleveland Browns,draftkings,spreads,Tampa Bay Buccaneers,-8.5,1.93
2026-09-17T15:13:36Z,scheduled,0636ebff776d43f8c829a36713c80b22,2026-09-20T17:00:00Z,Tampa Bay Buccaneers,Cleveland Browns,draftkings,totals,Over,41.5,1.91
2026-09-17T15:13:36Z,scheduled,0636ebff776d43f8c829a36713c80b22,2026-09-20T17:00:00Z,Tampa Bay Buccaneers,Cleveland Browns,draftkings,totals,Under,41.5,1.91
2026-09-17T15:13:36Z,scheduled,0636ebff776d43f8c829a36713c80b22,2026-09-20T17:00:00Z,Tampa Bay Buccaneers,Cleveland Browns,betsson,h2h,Cleveland Browns,,4.3
2026-09-17T15:13:36Z,scheduled,0636ebff776d43f8c829a36713c80b22,2026-09-20T17:00:00Z,Tampa Bay Buccaneers,Cleveland Browns,betsson,h2h,Tampa Bay Buccaneers,,1.22
2026-09-17T15:13:36Z,scheduled,0636ebff776d43f8c829a36713c80b22,2026-09-20T17:00:00Z,Tampa Bay Buccaneers,Cleveland Browns,betsson,spreads,Cleveland Browns,8.5,1.86
2026-09-17T15:13:36Z,scheduled,0636ebff776d43f8c829a36713c80b22,2026-09-20T17:00:00Z,Tampa Bay Buccaneers,Cleveland Browns,betsson,spreads,Tampa Bay Buccaneers,-8.5,1.94
2026-09-17T15:13:36Z,scheduled,0636ebff776d43f8c829a36713c80b22,2026-09-20T17:00:00Z,Tampa Bay Buccaneers,Cleveland Browns,betsson,totals,Over,41.5,1.92
2026-09-17T15:13:36Z,scheduled,0636ebff776d43f8c829a36713c80b22,2026-09-20T17:00:00Z,Tampa Bay Buccaneers,Cleveland Browns,betsson,totals,Under,41.5,1.88
2026-09-17T15:13:36Z,scheduled,0636ebff776d43f8c829a36713c80b22,2026-09-20T17:00:00Z,Tampa Bay Buccaneers,Cleveland Browns,fanduel,h2h,Cleveland Browns,,4.6
2026-09-17T15:13:36Z,scheduled,0636ebff776d43f8c829a36713c80b22,2026-09-20T17:00:00Z,Tampa Bay Buccaneers,Cleveland Browns,fanduel,h2h,Tampa Bay Buccaneers,,1.22
2026-09-17T15:13:36Z,scheduled,0636ebff776d43f8c829a36713c80b22,2026-09-20T17:00:00Z,Tampa Bay Buccaneers,Cleveland Browns,fanduel,spreads,Cleveland Browns,8.5,1.82
2026-09-17T15:13:36Z,scheduled,0636ebff776d43f8c829a36713c80b22,2026-09-20T17:00:00Z,Tampa Bay Buccaneers,Cleveland Browns,fanduel,spreads,Tampa Bay Buccaneers,-8.5,2.0
2026-09-17T15:13:36Z,scheduled,0636ebff776d43f8c829a36713c80b22,2026-09-20T17:00:00Z,Tampa Bay Buccaneers,Cleveland Browns,fanduel,totals,Over,41.5,1.95
2026-09-17T15:13:36Z,scheduled,0636ebff776d43f8c829a36713c80b22,2026-09-20T17:00:00Z,Tampa Bay Buccaneers,Cleveland Browns,fanduel,totals,Under,41.5,1.87
2026-09-17T15:13:36Z,scheduled,0636ebff776d43f8c829a36713c80b22,2026-09-20T17:00:00Z,Tampa Bay Buccaneers,Cleveland Browns,betrivers,h2h,Cleveland Browns,,4.3
2026-09-17T15:13:36Z,scheduled,0636ebff776d43f8c829a36713c80b22,2026-09-20T17:00:00Z,Tampa Bay Buccaneers,Cleveland Browns,betrivers,h2h,Tampa Bay Buccaneers,,1.22
2026-09-17T15:13:36Z,scheduled,0636ebff776d43f8c829a36713c80b22,2026-09-20T17:00:00Z,Tampa Bay Buccaneers,Cleveland Browns,betrivers,spreads,Cleveland Browns,8.0,1.93
2026-09-17T15:13:36Z,scheduled,0636ebff776d43f8c829a36713c80b22,2026-09-20T17:00:00Z,Tampa Bay Buccaneers,Cleveland Browns,betrivers,spreads,Tampa Bay Buccaneers,-8.0,1.88
2026-09-17T15:13:36Z,scheduled,0636ebff776d43f8c829a36713c80b22,2026-09-20T17:00:00Z,Tampa Bay Buccaneers,Cleveland Browns,betrivers,totals,Over,41.5,1.92
2026-09-17T15:13:36Z,scheduled,0636ebff776d43f8c829a36713c80b22,2026-09-20T17:00:00Z,Tampa Bay Buccaneers,Cleveland Browns,betrivers,totals,Under,41.5,1.89
2026-09-17T15:13:36Z,scheduled,0636ebff776d43f8c829a36713c80b22,2026-09-20T17:00:00Z,Tampa Bay Buccaneers,Cleveland Browns,betmgm,h2h,Cleveland Browns,,4.4
2026-09-17T15:13:36Z,scheduled,0636ebff776d43f8c829a36713c80b22,2026-09-20T17:00:00Z,Tampa Bay Buccaneers,Cleveland Browns,betmgm,h2h,Tampa Bay Buccaneers,,1.22
2026-09-17T15:13:36Z,scheduled,0636ebff776d43f8c829a36713c80b22,2026-09-20T17:00:00Z,Tampa Bay Buccaneers,Cleveland Browns,betmgm,spreads,Cleveland Browns,8.5,1.91
2026-09-17T15:13:36Z,scheduled,0636ebff776d43f8c829a36713c80b22,2026-09-20T17:00:00Z,Tampa Bay Buccaneers,Cleveland Browns,betmgm,spreads,Tampa Bay Buccaneers,-8.5,1.93
2026-09-17T15:13:36Z,scheduled,0636ebff776d43f8c829a36713c80b22,2026-09-20T17:00:00Z,Tampa Bay Buccaneers,Cleveland Browns,betmgm,totals,Over,41.5,1.93
2026-09-17T15:13:36Z,scheduled,0636ebff776d43f8c829a36713c80b22,2026-09-20T17:00:00Z,Tampa Bay Buccaneers,Cleveland Browns,betmgm,totals,Under,41.5,1.91
2026-09-17T15:13:36Z,scheduled,0636ebff776d43f8c829a36713c80b22,2026-09-20T17:00:00Z,Tampa Bay Buccaneers,Cleveland Browns,pinnacle,h2h,Cleveland Browns,,4.27
2026-09-17T15:13:36Z,scheduled,0636ebff776d43f8c829a36713c80b22,2026-09-20T17:00:00Z,Tampa Bay Buccaneers,Cleveland Browns,pinnacle,h2h,Tampa Bay Buccaneers,,1.25
2026-09-17T15:13:36Z,scheduled,0636ebff776d43f8c829a36713c80b22,2026-09-20T17:00:00Z,Tampa Bay Buccaneers,Cleveland Browns,pinnacle,spreads,Cleveland Browns,9.0,1.85
2026-09-17T15:13:36Z,scheduled,0636ebff776d43f8c829a36713c80b22,2026-09-20T17:00:00Z,Tampa Bay Buccaneers,Cleveland Browns,pinnacle,spreads,Tampa Bay Buccaneers,-9.0,2.05
2026-09-17T15:13:36Z,scheduled,0636ebff776d43f8c829a36713c80b22,2026-09-20T17:00:00Z,Tampa Bay Buccaneers,Cleveland Browns,pinnacle,totals,Over,42.0,2.01
2026-09-17T15:13:36Z,scheduled,0636ebff776d43f8c829a36713c80b22,2026-09-20T17:00:00Z,Tampa Bay Buccaneers,Cleveland Browns,pinnacle,totals,Under,42.0,1.85
2026-09-17T15:13:36Z,scheduled,0636ebff776d43f8c829a36713c80b22,2026-09-20T17:00:00Z,Tampa Bay Buccaneers,Cleveland Browns,matchbook,h2h,Cleveland Browns,,4.7
2026-09-17T15:13:36Z,scheduled,0636ebff776d43f8c829a36713c80b22,2026-09-20T17:00:00Z,Tampa Bay Buccaneers,Cleveland Browns,matchbook,h2h,Tampa Bay Buccaneers,,1.27
2026-09-17T15:13:36Z,scheduled,0636ebff776d43f8c829a36713c80b22,2026-09-20T17:00:00Z,Tampa Bay Buccaneers,Cleveland Browns,matchbook,h2h_lay,Cleveland Browns,,4.8
2026-09-17T15:13:36Z,scheduled,0636ebff776d43f8c829a36713c80b22,2026-09-20T17:00:00Z,Tampa Bay Buccaneers,Cleveland Browns,matchbook,h2h_lay,Tampa Bay Buccaneers,,1.28
2026-09-17T15:13:36Z,scheduled,0636ebff776d43f8c829a36713c80b22,2026-09-20T17:00:00Z,Tampa Bay Buccaneers,Cleveland Browns,matchbook,spreads,Cleveland Browns,8.0,1.91
2026-09-17T15:13:36Z,scheduled,0636ebff776d43f8c829a36713c80b22,2026-09-20T17:00:00Z,Tampa Bay Buccaneers,Cleveland Browns,matchbook,spreads,Tampa Bay Buccaneers,-8.0,1.97
2026-09-17T15:13:36Z,scheduled,0636ebff776d43f8c829a36713c80b22,2026-09-20T17:00:00Z,Tampa Bay Buccaneers,Cleveland Browns,matchbook,totals,Over,41.5,1.93
2026-09-17T15:13:36Z,scheduled,0636ebff776d43f8c829a36713c80b22,2026-09-20T17:00:00Z,Tampa Bay Buccaneers,Cleveland Browns,matchbook,totals,Under,41.5,1.93
2026-09-17T15:13:36Z,scheduled,0636ebff776d43f8c829a36713c80b22,2026-09-20T17:00:00Z,Tampa Bay Buccaneers,Cleveland Browns,coolbet,h2h,Cleveland Browns,,4.4
2026-09-17T15:13:36Z,scheduled,0636ebff776d43f8c829a36713c80b22,2026-09-20T17:00:00Z,Tampa Bay Buccaneers,Cleveland Browns,coolbet,h2h,Tampa Bay Buccaneers,,1.23
2026-09-17T15:13:36Z,scheduled,0636ebff776d43f8c829a36713c80b22,2026-09-20T17:00:00Z,Tampa Bay Buccaneers,Cleveland Browns,coolbet,spreads,Cleveland Browns,8.0,1.92
2026-09-17T15:13:36Z,scheduled,0636ebff776d43f8c829a36713c80b22,2026-09-20T17:00:00Z,Tampa Bay Buccaneers,Cleveland Browns,coolbet,spreads,Tampa Bay Buccaneers,-8.0,1.92
2026-09-17T15:13:36Z,scheduled,0636ebff776d43f8c829a36713c80b22,2026-09-20T17:00:00Z,Tampa Bay Buccaneers,Cleveland Browns,coolbet,totals,Over,41.5,1.95
2026-09-17T15:13:36Z,scheduled,0636ebff776d43f8c829a36713c80b22,2026-09-20T17:00:00Z,Tampa Bay Buccaneers,Cleveland Browns,coolbet,totals,Under,41.5,1.9
2026-09-17T15:13:36Z,scheduled,0636ebff776d43f8c829a36713c80b22,2026-09-20T17:00:00Z,Tampa Bay Buccaneers,Cleveland Browns,betfair_ex_eu,h2h,Cleveland Browns,,4.7
2026-09-17T15:13:36Z,scheduled,0636ebff776d43f8c829a36713c80b22,2026-09-20T17:00:00Z,Tampa Bay Buccaneers,Cleveland Browns,betfair_ex_eu,h2h,Tampa Bay Buccaneers,,1.27
2026-09-17T15:13:36Z,scheduled,0636ebff776d43f8c829a36713c80b22,2026-09-20T17:00:00Z,Tampa Bay Buccaneers,Cleveland Browns,betfair_ex_eu,h2h_lay,Cleveland Browns,,4.8
2026-09-17T15:13:36Z,scheduled,0636ebff776d43f8c829a36713c80b22,2026-09-20T17:00:00Z,Tampa Bay Buccaneers,Cleveland Browns,betfair_ex_eu,h2h_lay,Tampa Bay Buccaneers,,1.28
2026-09-17T15:13:36Z,scheduled,4aeee070bb6ec60bdfae4dede61b9014,2026-09-20T17:00:00Z,New York Jets,Green Bay Packers,draftkings,h2h,Green Bay Packers,,1.52
2026-09-17T15:13:36Z,scheduled,4aeee070bb6ec60bdfae4dede61b9014,2026-09-20T17:00:00Z,New York Jets,Green Bay Packers,draftkings,h2h,New York Jets,,2.6
2026-09-17T15:13:36Z,scheduled,4aeee070bb6ec60bdfae4dede61b9014,2026-09-20T17:00:00Z,New York Jets,Green Bay Packers,draftkings,spreads,Green Bay Packers,-3.5,1.89
2026-09-17T15:13:36Z,scheduled,4aeee070bb6ec60bdfae4dede61b9014,2026-09-20T17:00:00Z,New York Jets,Green Bay Packers,draftkings,spreads,New York Jets,3.5,1.93
2026-09-17T15:13:36Z,scheduled,4aeee070bb6ec60bdfae4dede61b9014,2026-09-20T17:00:00Z,New York Jets,Green Bay Packers,draftkings,totals,Over,44.5,1.91
2026-09-17T15:13:36Z,scheduled,4aeee070bb6ec60bdfae4dede61b9014,2026-09-20T17:00:00Z,New York Jets,Green Bay Packers,draftkings,totals,Under,44.5,1.91
2026-09-17T15:13:36Z,scheduled,4aeee070bb6ec60bdfae4dede61b9014,2026-09-20T17:00:00Z,New York Jets,Green Bay Packers,betsson,h2h,Green Bay Packers,,1.53
2026-09-17T15:13:36Z,scheduled,4aeee070bb6ec60bdfae4dede61b9014,2026-09-20T17:00:00Z,New York Jets,Green Bay Packers,betsson,h2h,New York Jets,,2.5
2026-09-17T15:13:36Z,scheduled,4aeee070bb6ec60bdfae4dede61b9014,2026-09-20T17:00:00Z,New York Jets,Green Bay Packers,betsson,spreads,Green Bay Packers,-3.5,1.98
2026-09-17T15:13:36Z,scheduled,4aeee070bb6ec60bdfae4dede61b9014,2026-09-20T17:00:00Z,New York Jets,Green Bay Packers,betsson,spreads,New York Jets,3.5,1.83
2026-09-17T15:13:36Z,scheduled,4aeee070bb6ec60bdfae4dede61b9014,2026-09-20T17:00:00Z,New York Jets,Green Bay Packers,betsson,totals,Over,44.5,1.88
2026-09-17T15:13:36Z,scheduled,4aeee070bb6ec60bdfae4dede61b9014,2026-09-20T17:00:00Z,New York Jets,Green Bay Packers,betsson,totals,Under,44.5,1.92
2026-09-17T15:13:36Z,scheduled,4aeee070bb6ec60bdfae4dede61b9014,2026-09-20T17:00:00Z,New York Jets,Green Bay Packers,fanduel,h2h,Green Bay Packers,,1.57
2026-09-17T15:13:36Z,scheduled,4aeee070bb6ec60bdfae4dede61b9014,2026-09-20T17:00:00Z,New York Jets,Green Bay Packers,fanduel,h2h,New York Jets,,2.46
2026-09-17T15:13:36Z,scheduled,4aeee070bb6ec60bdfae4dede61b9014,2026-09-20T17:00:00Z,New York Jets,Green Bay Packers,fanduel,spreads,Green Bay Packers,-3.5,1.95
2026-09-17T15:13:36Z,scheduled,4aeee070bb6ec60bdfae4dede61b9014,2026-09-20T17:00:00Z,New York Jets,Green Bay Packers,fanduel,spreads,New York Jets,3.5,1.87
2026-09-17T15:13:36Z,scheduled,4aeee070bb6ec60bdfae4dede61b9014,2026-09-20T17:00:00Z,New York Jets,Green Bay Packers,fanduel,totals,Over,44.5,1.87
2026-09-17T15:13:36Z,scheduled,4aeee070bb6ec60bdfae4dede61b9014,2026-09-20T17:00:00Z,New York Jets,Green Bay Packers,fanduel,totals,Under,44.5,1.95
2026-09-17T15:13:36Z,scheduled,4aeee070bb6ec60bdfae4dede61b9014,2026-09-20T17:00:00Z,New York Jets,Green Bay Packers,betrivers,h2h,Green Bay Packers,,1.5
2026-09-17T15:13:36Z,scheduled,4aeee070bb6ec60bdfae4dede61b9014,2026-09-20T17:00:00Z,New York Jets,Green Bay Packers,betrivers,h2h,New York Jets,,2.63
2026-09-17T15:13:36Z,scheduled,4aeee070bb6ec60bdfae4dede61b9014,2026-09-20T17:00:00Z,New York Jets,Green Bay Packers,betrivers,spreads,Green Bay Packers,-3.5,1.89
2026-09-17T15:13:36Z,scheduled,4aeee070bb6ec60bdfae4dede61b9014,2026-09-20T17:00:00Z,New York Jets,Green Bay Packers,betrivers,spreads,New York Jets,3.5,1.92
2026-09-17T15:13:36Z,scheduled,4aeee070bb6ec60bdfae4dede61b9014,2026-09-20T17:00:00Z,New York Jets,Green Bay Packers,betrivers,totals,Over,44.5,1.91
2026-09-17T15:13:36Z,scheduled,4aeee070bb6ec60bdfae4dede61b9014,2026-09-20T17:00:00Z,New York Jets,Green Bay Packers,betrivers,totals,Under,44.5,1.91
2026-09-17T15:13:36Z,scheduled,4aeee070bb6ec60bdfae4dede61b9014,2026-09-20T17:00:00Z,New York Jets,Green Bay Packers,betmgm,h2h,Green Bay Packers,,1.57
2026-09-17T15:13:36Z,scheduled,4aeee070bb6ec60bdfae4dede61b9014,2026-09-20T17:00:00Z,New York Jets,Green Bay Packers,betmgm,h2h,New York Jets,,2.45
2026-09-17T15:13:36Z,scheduled,4aeee070bb6ec60bdfae4dede61b9014,2026-09-20T17:00:00Z,New York Jets,Green Bay Packers,betmgm,spreads,Green Bay Packers,-3.5,1.95
2026-09-17T15:13:36Z,scheduled,4aeee070bb6ec60bdfae4dede61b9014,2026-09-20T17:00:00Z,New York Jets,Green Bay Packers,betmgm,spreads,New York Jets,3.5,1.89
2026-09-17T15:13:36Z,scheduled,4aeee070bb6ec60bdfae4dede61b9014,2026-09-20T17:00:00Z,New York Jets,Green Bay Packers,betmgm,totals,Over,44.5,1.91
2026-09-17T15:13:36Z,scheduled,4aeee070bb6ec60bdfae4dede61b9014,2026-09-20T17:00:00Z,New York Jets,Green Bay Packers,betmgm,totals,Under,44.5,1.93
2026-09-17T15:13:36Z,scheduled,4aeee070bb6ec60bdfae4dede61b9014,2026-09-20T17:00:00Z,New York Jets,Green Bay Packers,pinnacle,h2h,Green Bay Packers,,1.6
2026-09-17T15:13:36Z,scheduled,4aeee070bb6ec60bdfae4dede61b9014,2026-09-20T17:00:00Z,New York Jets,Green Bay Packers,pinnacle,h2h,New York Jets,,2.47
2026-09-17T15:13:36Z,scheduled,4aeee070bb6ec60bdfae4dede61b9014,2026-09-20T17:00:00Z,New York Jets,Green Bay Packers,pinnacle,spreads,Green Bay Packers,-3.0,1.9
2026-09-17T15:13:36Z,scheduled,4aeee070bb6ec60bdfae4dede61b9014,2026-09-20T17:00:00Z,New York Jets,Green Bay Packers,pinnacle,spreads,New York Jets,3.0,1.99
2026-09-17T15:13:36Z,scheduled,4aeee070bb6ec60bdfae4dede61b9014,2026-09-20T17:00:00Z,New York Jets,Green Bay Packers,pinnacle,totals,Over,45.0,1.98
2026-09-17T15:13:36Z,scheduled,4aeee070bb6ec60bdfae4dede61b9014,2026-09-20T17:00:00Z,New York Jets,Green Bay Packers,pinnacle,totals,Under,45.0,1.88
2026-09-17T15:13:36Z,scheduled,4aeee070bb6ec60bdfae4dede61b9014,2026-09-20T17:00:00Z,New York Jets,Green Bay Packers,matchbook,h2h,Green Bay Packers,,1.62
2026-09-17T15:13:36Z,scheduled,4aeee070bb6ec60bdfae4dede61b9014,2026-09-20T17:00:00Z,New York Jets,Green Bay Packers,matchbook,h2h,New York Jets,,2.58
2026-09-17T15:13:36Z,scheduled,4aeee070bb6ec60bdfae4dede61b9014,2026-09-20T17:00:00Z,New York Jets,Green Bay Packers,matchbook,h2h_lay,Green Bay Packers,,1.63
2026-09-17T15:13:36Z,scheduled,4aeee070bb6ec60bdfae4dede61b9014,2026-09-20T17:00:00Z,New York Jets,Green Bay Packers,matchbook,h2h_lay,New York Jets,,2.62
2026-09-17T15:13:36Z,scheduled,4aeee070bb6ec60bdfae4dede61b9014,2026-09-20T17:00:00Z,New York Jets,Green Bay Packers,matchbook,spreads,Green Bay Packers,-3.0,1.92
2026-09-17T15:13:36Z,scheduled,4aeee070bb6ec60bdfae4dede61b9014,2026-09-20T17:00:00Z,New York Jets,Green Bay Packers,matchbook,spreads,New York Jets,3.0,1.99
2026-09-17T15:13:36Z,scheduled,4aeee070bb6ec60bdfae4dede61b9014,2026-09-20T17:00:00Z,New York Jets,Green Bay Packers,matchbook,totals,Over,44.5,1.96
2026-09-17T15:13:36Z,scheduled,4aeee070bb6ec60bdfae4dede61b9014,2026-09-20T17:00:00Z,New York Jets,Green Bay Packers,matchbook,totals,Under,44.5,1.93
2026-09-17T15:13:36Z,scheduled,4aeee070bb6ec60bdfae4dede61b9014,2026-09-20T17:00:00Z,New York Jets,Green Bay Packers,coolbet,h2h,Green Bay Packers,,1.55
2026-09-17T15:13:36Z,scheduled,4aeee070bb6ec60bdfae4dede61b9014,2026-09-20T17:00:00Z,New York Jets,Green Bay Packers,coolbet,h2h,New York Jets,,2.53
2026-09-17T15:13:36Z,scheduled,4aeee070bb6ec60bdfae4dede61b9014,2026-09-20T17:00:00Z,New York Jets,Green Bay Packers,coolbet,spreads,Green Bay Packers,-3.0,1.84
2026-09-17T15:13:36Z,scheduled,4aeee070bb6ec60bdfae4dede61b9014,2026-09-20T17:00:00Z,New York Jets,Green Bay Packers,coolbet,spreads,New York Jets,3.0,2.01
2026-09-17T15:13:36Z,scheduled,4aeee070bb6ec60bdfae4dede61b9014,2026-09-20T17:00:00Z,New York Jets,Green Bay Packers,coolbet,totals,Over,44.5,1.9
2026-09-17T15:13:36Z,scheduled,4aeee070bb6ec60bdfae4dede61b9014,2026-09-20T17:00:00Z,New York Jets,Green Bay Packers,coolbet,totals,Under,44.5,1.95
2026-09-17T15:13:36Z,scheduled,4aeee070bb6ec60bdfae4dede61b9014,2026-09-20T17:00:00Z,New York Jets,Green Bay Packers,betfair_ex_eu,h2h,Green Bay Packers,,1.62
2026-09-17T15:13:36Z,scheduled,4aeee070bb6ec60bdfae4dede61b9014,2026-09-20T17:00:00Z,New York Jets,Green Bay Packers,betfair_ex_eu,h2h,New York Jets,,2.58
2026-09-17T15:13:36Z,scheduled,4aeee070bb6ec60bdfae4dede61b9014,2026-09-20T17:00:00Z,New York Jets,Green Bay Packers,betfair_ex_eu,h2h_lay,Green Bay Packers,,1.63
2026-09-17T15:13:36Z,scheduled,4aeee070bb6ec60bdfae4dede61b9014,2026-09-20T17:00:00Z,New York Jets,Green Bay Packers,betfair_ex_eu,h2h_lay,New York Jets,,2.62
2026-09-17T15:13:36Z,scheduled,9d14f87600f6edc74dbcb5c74edf6246,2026-09-20T17:00:00Z,New England Patriots,Pittsburgh Steelers,draftkings,h2h,New England Patriots,,1.46
2026-09-17T15:13:36Z,scheduled,9d14f87600f6edc74dbcb5c74edf6246,2026-09-20T17:00:00Z,New England Patriots,Pittsburgh Steelers,draftkings,h2h,Pittsburgh Steelers,,2.8
2026-09-17T15:13:36Z,scheduled,9d14f87600f6edc74dbcb5c74edf6246,2026-09-20T17:00:00Z,New England Patriots,Pittsburgh Steelers,draftkings,spreads,New England Patriots,-5.5,1.95
2026-09-17T15:13:36Z,scheduled,9d14f87600f6edc74dbcb5c74edf6246,2026-09-20T17:00:00Z,New England Patriots,Pittsburgh Steelers,draftkings,spreads,Pittsburgh Steelers,5.5,1.87
2026-09-17T15:13:36Z,scheduled,9d14f87600f6edc74dbcb5c74edf6246,2026-09-20T17:00:00Z,New England Patriots,Pittsburgh Steelers,draftkings,totals,Over,41.5,1.89
2026-09-17T15:13:36Z,scheduled,9d14f87600f6edc74dbcb5c74edf6246,2026-09-20T17:00:00Z,New England Patriots,Pittsburgh Steelers,draftkings,totals,Under,41.5,1.93
2026-09-17T15:13:36Z,scheduled,9d14f87600f6edc74dbcb5c74edf6246,2026-09-20T17:00:00Z,New England Patriots,Pittsburgh Steelers,betsson,h2h,New England Patriots,,1.42
2026-09-17T15:13:36Z,scheduled,9d14f87600f6edc74dbcb5c74edf6246,2026-09-20T17:00:00Z,New England Patriots,Pittsburgh Steelers,betsson,h2h,Pittsburgh Steelers,,2.86
2026-09-17T15:13:36Z,scheduled,9d14f87600f6edc74dbcb5c74edf6246,2026-09-20T17:00:00Z,New England Patriots,Pittsburgh Steelers,betsson,spreads,New England Patriots,-4.5,1.88
2026-09-17T15:13:36Z,scheduled,9d14f87600f6edc74dbcb5c74edf6246,2026-09-20T17:00:00Z,New England Patriots,Pittsburgh Steelers,betsson,spreads,Pittsburgh Steelers,4.5,1.92
2026-09-17T15:13:36Z,scheduled,9d14f87600f6edc74dbcb5c74edf6246,2026-09-20T17:00:00Z,New England Patriots,Pittsburgh Steelers,betsson,totals,Over,41.5,1.9
2026-09-17T15:13:36Z,scheduled,9d14f87600f6edc74dbcb5c74edf6246,2026-09-20T17:00:00Z,New England Patriots,Pittsburgh Steelers,betsson,totals,Under,41.5,1.9
2026-09-17T15:13:36Z,scheduled,9d14f87600f6edc74dbcb5c74edf6246,2026-09-20T17:00:00Z,New England Patriots,Pittsburgh Steelers,fanduel,h2h,New England Patriots,,1.42
2026-09-17T15:13:36Z,scheduled,9d14f87600f6edc74dbcb5c74edf6246,2026-09-20T17:00:00Z,New England Patriots,Pittsburgh Steelers,fanduel,h2h,Pittsburgh Steelers,,2.98
2026-09-17T15:13:36Z,scheduled,9d14f87600f6edc74dbcb5c74edf6246,2026-09-20T17:00:00Z,New England Patriots,Pittsburgh Steelers,fanduel,spreads,New England Patriots,-4.5,1.83
2026-09-17T15:13:36Z,scheduled,9d14f87600f6edc74dbcb5c74edf6246,2026-09-20T17:00:00Z,New England Patriots,Pittsburgh Steelers,fanduel,spreads,Pittsburgh Steelers,4.5,1.98
2026-09-17T15:13:36Z,scheduled,9d14f87600f6edc74dbcb5c74edf6246,2026-09-20T17:00:00Z,New England Patriots,Pittsburgh Steelers,fanduel,totals,Over,41.5,1.91
2026-09-17T15:13:36Z,scheduled,9d14f87600f6edc74dbcb5c74edf6246,2026-09-20T17:00:00Z,New England Patriots,Pittsburgh Steelers,fanduel,totals,Under,41.5,1.91
2026-09-17T15:13:36Z,scheduled,9d14f87600f6edc74dbcb5c74edf6246,2026-09-20T17:00:00Z,New England Patriots,Pittsburgh Steelers,betrivers,h2h,New England Patriots,,1.42
2026-09-17T15:13:36Z,scheduled,9d14f87600f6edc74dbcb5c74edf6246,2026-09-20T17:00:00Z,New England Patriots,Pittsburgh Steelers,betrivers,h2h,Pittsburgh Steelers,,2.95
2026-09-17T15:13:36Z,scheduled,9d14f87600f6edc74dbcb5c74edf6246,2026-09-20T17:00:00Z,New England Patriots,Pittsburgh Steelers,betrivers,spreads,New England Patriots,-5.0,1.89
2026-09-17T15:13:36Z,scheduled,9d14f87600f6edc74dbcb5c74edf6246,2026-09-20T17:00:00Z,New England Patriots,Pittsburgh Steelers,betrivers,spreads,Pittsburgh Steelers,5.0,1.92
2026-09-17T15:13:36Z,scheduled,9d14f87600f6edc74dbcb5c74edf6246,2026-09-20T17:00:00Z,New England Patriots,Pittsburgh Steelers,betrivers,totals,Over,41.5,1.92
2026-09-17T15:13:36Z,scheduled,9d14f87600f6edc74dbcb5c74edf6246,2026-09-20T17:00:00Z,New England Patriots,Pittsburgh Steelers,betrivers,totals,Under,41.5,1.89
2026-09-17T15:13:36Z,scheduled,9d14f87600f6edc74dbcb5c74edf6246,2026-09-20T17:00:00Z,New England Patriots,Pittsburgh Steelers,betmgm,h2h,New England Patriots,,1.43
2026-09-17T15:13:36Z,scheduled,9d14f87600f6edc74dbcb5c74edf6246,2026-09-20T17:00:00Z,New England Patriots,Pittsburgh Steelers,betmgm,h2h,Pittsburgh Steelers,,2.95
2026-09-17T15:13:36Z,scheduled,9d14f87600f6edc74dbcb5c74edf6246,2026-09-20T17:00:00Z,New England Patriots,Pittsburgh Steelers,betmgm,spreads,New England Patriots,-5.0,1.91
2026-09-17T15:13:36Z,scheduled,9d14f87600f6edc74dbcb5c74edf6246,2026-09-20T17:00:00Z,New England Patriots,Pittsburgh Steelers,betmgm,spreads,Pittsburgh Steelers,5.0,1.93
2026-09-17T15:13:36Z,scheduled,9d14f87600f6edc74dbcb5c74edf6246,2026-09-20T17:00:00Z,New England Patriots,Pittsburgh Steelers,betmgm,totals,Over,41.5,1.93
2026-09-17T15:13:36Z,scheduled,9d14f87600f6edc74dbcb5c74edf6246,2026-09-20T17:00:00Z,New England Patriots,Pittsburgh Steelers,betmgm,totals,Under,41.5,1.91
2026-09-17T15:13:36Z,scheduled,9d14f87600f6edc74dbcb5c74edf6246,2026-09-20T17:00:00Z,New England Patriots,Pittsburgh Steelers,matchbook,h2h,New England Patriots,,1.46
2026-09-17T15:13:36Z,scheduled,9d14f87600f6edc74dbcb5c74edf6246,2026-09-20T17:00:00Z,New England Patriots,Pittsburgh Steelers,matchbook,h2h,Pittsburgh Steelers,,3.1
2026-09-17T15:13:36Z,scheduled,9d14f87600f6edc74dbcb5c74edf6246,2026-09-20T17:00:00Z,New England Patriots,Pittsburgh Steelers,matchbook,h2h_lay,New England Patriots,,1.48
2026-09-17T15:13:36Z,scheduled,9d14f87600f6edc74dbcb5c74edf6246,2026-09-20T17:00:00Z,New England Patriots,Pittsburgh Steelers,matchbook,h2h_lay,Pittsburgh Steelers,,3.2
2026-09-17T15:13:36Z,scheduled,9d14f87600f6edc74dbcb5c74edf6246,2026-09-20T17:00:00Z,New England Patriots,Pittsburgh Steelers,matchbook,spreads,New England Patriots,-5.0,1.94
2026-09-17T15:13:36Z,scheduled,9d14f87600f6edc74dbcb5c74edf6246,2026-09-20T17:00:00Z,New England Patriots,Pittsburgh Steelers,matchbook,spreads,Pittsburgh Steelers,5.0,1.95
2026-09-17T15:13:36Z,scheduled,9d14f87600f6edc74dbcb5c74edf6246,2026-09-20T17:00:00Z,New England Patriots,Pittsburgh Steelers,matchbook,totals,Over,41.0,1.87
2026-09-17T15:13:36Z,scheduled,9d14f87600f6edc74dbcb5c74edf6246,2026-09-20T17:00:00Z,New England Patriots,Pittsburgh Steelers,matchbook,totals,Under,41.0,2.0
2026-09-17T15:13:36Z,scheduled,9d14f87600f6edc74dbcb5c74edf6246,2026-09-20T17:00:00Z,New England Patriots,Pittsburgh Steelers,pinnacle,h2h,New England Patriots,,1.42
2026-09-17T15:13:36Z,scheduled,9d14f87600f6edc74dbcb5c74edf6246,2026-09-20T17:00:00Z,New England Patriots,Pittsburgh Steelers,pinnacle,h2h,Pittsburgh Steelers,,3.03
2026-09-17T15:13:36Z,scheduled,9d14f87600f6edc74dbcb5c74edf6246,2026-09-20T17:00:00Z,New England Patriots,Pittsburgh Steelers,pinnacle,spreads,New England Patriots,-5.5,1.98
2026-09-17T15:13:36Z,scheduled,9d14f87600f6edc74dbcb5c74edf6246,2026-09-20T17:00:00Z,New England Patriots,Pittsburgh Steelers,pinnacle,spreads,Pittsburgh Steelers,5.5,1.91
2026-09-17T15:13:36Z,scheduled,9d14f87600f6edc74dbcb5c74edf6246,2026-09-20T17:00:00Z,New England Patriots,Pittsburgh Steelers,pinnacle,totals,Over,42.0,2.01
2026-09-17T15:13:36Z,scheduled,9d14f87600f6edc74dbcb5c74edf6246,2026-09-20T17:00:00Z,New England Patriots,Pittsburgh Steelers,pinnacle,totals,Under,42.0,1.85
2026-09-17T15:13:36Z,scheduled,9d14f87600f6edc74dbcb5c74edf6246,2026-09-20T17:00:00Z,New England Patriots,Pittsburgh Steelers,coolbet,h2h,New England Patriots,,1.44
2026-09-17T15:13:36Z,scheduled,9d14f87600f6edc74dbcb5c74edf6246,2026-09-20T17:00:00Z,New England Patriots,Pittsburgh Steelers,coolbet,h2h,Pittsburgh Steelers,,2.9
2026-09-17T15:13:36Z,scheduled,9d14f87600f6edc74dbcb5c74edf6246,2026-09-20T17:00:00Z,New England Patriots,Pittsburgh Steelers,coolbet,spreads,New England Patriots,-5.0,1.93
2026-09-17T15:13:36Z,scheduled,9d14f87600f6edc74dbcb5c74edf6246,2026-09-20T17:00:00Z,New England Patriots,Pittsburgh Steelers,coolbet,spreads,Pittsburgh Steelers,5.0,1.91
2026-09-17T15:13:36Z,scheduled,9d14f87600f6edc74dbcb5c74edf6246,2026-09-20T17:00:00Z,New England Patriots,Pittsburgh Steelers,coolbet,totals,Over,41.5,1.91
2026-09-17T15:13:36Z,scheduled,9d14f87600f6edc74dbcb5c74edf6246,2026-09-20T17:00:00Z,New England Patriots,Pittsburgh Steelers,coolbet,totals,Under,41.5,1.93
2026-09-17T15:13:36Z,scheduled,9d14f87600f6edc74dbcb5c74edf6246,2026-09-20T17:00:00Z,New England Patriots,Pittsburgh Steelers,betfair_ex_eu,h2h,New England Patriots,,1.44
2026-09-17T15:13:36Z,scheduled,9d14f87600f6edc74dbcb5c74edf6246,2026-09-20T17:00:00Z,New England Patriots,Pittsburgh Steelers,betfair_ex_eu,h2h,Pittsburgh Steelers,,3.1
2026-09-17T15:13:36Z,scheduled,9d14f87600f6edc74dbcb5c74edf6246,2026-09-20T17:00:00Z,New England Patriots,Pittsburgh Steelers,betfair_ex_eu,h2h_lay,New England Patriots,,1.48
2026-09-17T15:13:36Z,scheduled,9d14f87600f6edc74dbcb5c74edf6246,2026-09-20T17:00:00Z,New England Patriots,Pittsburgh Steelers,betfair_ex_eu,h2h_lay,Pittsburgh Steelers,,3.25
2026-09-17T15:13:36Z,scheduled,fafc649c455e32a0f2ba1bd06e2039bc,2026-09-20T17:00:00Z,Tennessee Titans,Philadelphia Eagles,draftkings,h2h,Philadelphia Eagles,,1.32
2026-09-17T15:13:36Z,scheduled,fafc649c455e32a0f2ba1bd06e2039bc,2026-09-20T17:00:00Z,Tennessee Titans,Philadelphia Eagles,draftkings,h2h,Tennessee Titans,,3.5
2026-09-17T15:13:36Z,scheduled,fafc649c455e32a0f2ba1bd06e2039bc,2026-09-20T17:00:00Z,Tennessee Titans,Philadelphia Eagles,draftkings,spreads,Philadelphia Eagles,-7.0,1.91
2026-09-17T15:13:36Z,scheduled,fafc649c455e32a0f2ba1bd06e2039bc,2026-09-20T17:00:00Z,Tennessee Titans,Philadelphia Eagles,draftkings,spreads,Tennessee Titans,7.0,1.91
2026-09-17T15:13:36Z,scheduled,fafc649c455e32a0f2ba1bd06e2039bc,2026-09-20T17:00:00Z,Tennessee Titans,Philadelphia Eagles,draftkings,totals,Over,39.5,1.91
2026-09-17T15:13:36Z,scheduled,fafc649c455e32a0f2ba1bd06e2039bc,2026-09-20T17:00:00Z,Tennessee Titans,Philadelphia Eagles,draftkings,totals,Under,39.5,1.91
2026-09-17T15:13:36Z,scheduled,fafc649c455e32a0f2ba1bd06e2039bc,2026-09-20T17:00:00Z,Tennessee Titans,Philadelphia Eagles,betsson,h2h,Philadelphia Eagles,,1.29
2026-09-17T15:13:36Z,scheduled,fafc649c455e32a0f2ba1bd06e2039bc,2026-09-20T17:00:00Z,Tennessee Titans,Philadelphia Eagles,betsson,h2h,Tennessee Titans,,3.6
2026-09-17T15:13:36Z,scheduled,fafc649c455e32a0f2ba1bd06e2039bc,2026-09-20T17:00:00Z,Tennessee Titans,Philadelphia Eagles,betsson,spreads,Philadelphia Eagles,-6.5,1.81
2026-09-17T15:13:36Z,scheduled,fafc649c455e32a0f2ba1bd06e2039bc,2026-09-20T17:00:00Z,Tennessee Titans,Philadelphia Eagles,betsson,spreads,Tennessee Titans,6.5,2.0
2026-09-17T15:13:36Z,scheduled,fafc649c455e32a0f2ba1bd06e2039bc,2026-09-20T17:00:00Z,Tennessee Titans,Philadelphia Eagles,betsson,totals,Over,39.5,1.88
2026-09-17T15:13:36Z,scheduled,fafc649c455e32a0f2ba1bd06e2039bc,2026-09-20T17:00:00Z,Tennessee Titans,Philadelphia Eagles,betsson,totals,Under,39.5,1.92
2026-09-17T15:13:36Z,scheduled,fafc649c455e32a0f2ba1bd06e2039bc,2026-09-20T17:00:00Z,Tennessee Titans,Philadelphia Eagles,fanduel,h2h,Philadelphia Eagles,,1.29
2026-09-17T15:13:36Z,scheduled,fafc649c455e32a0f2ba1bd06e2039bc,2026-09-20T17:00:00Z,Tennessee Titans,Philadelphia Eagles,fanduel,h2h,Tennessee Titans,,3.8
2026-09-17T15:13:36Z,scheduled,fafc649c455e32a0f2ba1bd06e2039bc,2026-09-20T17:00:00Z,Tennessee Titans,Philadelphia Eagles,fanduel,spreads,Philadelphia Eagles,-7.0,1.91
2026-09-17T15:13:36Z,scheduled,fafc649c455e32a0f2ba1bd06e2039bc,2026-09-20T17:00:00Z,Tennessee Titans,Philadelphia Eagles,fanduel,spreads,Tennessee Titans,7.0,1.91
2026-09-17T15:13:36Z,scheduled,fafc649c455e32a0f2ba1bd06e2039bc,2026-09-20T17:00:00Z,Tennessee Titans,Philadelphia Eagles,fanduel,totals,Over,39.5,1.91
2026-09-17T15:13:36Z,scheduled,fafc649c455e32a0f2ba1bd06e2039bc,2026-09-20T17:00:00Z,Tennessee Titans,Philadelphia Eagles,fanduel,totals,Under,39.5,1.91
2026-09-17T15:13:36Z,scheduled,fafc649c455e32a0f2ba1bd06e2039bc,2026-09-20T17:00:00Z,Tennessee Titans,Philadelphia Eagles,betrivers,h2h,Philadelphia Eagles,,1.29
2026-09-17T15:13:36Z,scheduled,fafc649c455e32a0f2ba1bd06e2039bc,2026-09-20T17:00:00Z,Tennessee Titans,Philadelphia Eagles,betrivers,h2h,Tennessee Titans,,3.65
2026-09-17T15:13:36Z,scheduled,fafc649c455e32a0f2ba1bd06e2039bc,2026-09-20T17:00:00Z,Tennessee Titans,Philadelphia Eagles,betrivers,spreads,Philadelphia Eagles,-7.0,1.88
2026-09-17T15:13:36Z,scheduled,fafc649c455e32a0f2ba1bd06e2039bc,2026-09-20T17:00:00Z,Tennessee Titans,Philadelphia Eagles,betrivers,spreads,Tennessee Titans,7.0,1.93
2026-09-17T15:13:36Z,scheduled,fafc649c455e32a0f2ba1bd06e2039bc,2026-09-20T17:00:00Z,Tennessee Titans,Philadelphia Eagles,betrivers,totals,Over,39.5,1.88
2026-09-17T15:13:36Z,scheduled,fafc649c455e32a0f2ba1bd06e2039bc,2026-09-20T17:00:00Z,Tennessee Titans,Philadelphia Eagles,betrivers,totals,Under,39.5,1.93
2026-09-17T15:13:36Z,scheduled,fafc649c455e32a0f2ba1bd06e2039bc,2026-09-20T17:00:00Z,Tennessee Titans,Philadelphia Eagles,betmgm,h2h,Philadelphia Eagles,,1.31
2026-09-17T15:13:36Z,scheduled,fafc649c455e32a0f2ba1bd06e2039bc,2026-09-20T17:00:00Z,Tennessee Titans,Philadelphia Eagles,betmgm,h2h,Tennessee Titans,,3.7
2026-09-17T15:13:36Z,scheduled,fafc649c455e32a0f2ba1bd06e2039bc,2026-09-20T17:00:00Z,Tennessee Titans,Philadelphia Eagles,betmgm,spreads,Philadelphia Eagles,-7.0,1.87
2026-09-17T15:13:36Z,scheduled,fafc649c455e32a0f2ba1bd06e2039bc,2026-09-20T17:00:00Z,Tennessee Titans,Philadelphia Eagles,betmgm,spreads,Tennessee Titans,7.0,1.95
2026-09-17T15:13:36Z,scheduled,fafc649c455e32a0f2ba1bd06e2039bc,2026-09-20T17:00:00Z,Tennessee Titans,Philadelphia Eagles,betmgm,totals,Over,39.5,1.91
2026-09-17T15:13:36Z,scheduled,fafc649c455e32a0f2ba1bd06e2039bc,2026-09-20T17:00:00Z,Tennessee Titans,Philadelphia Eagles,betmgm,totals,Under,39.5,1.93
2026-09-17T15:13:36Z,scheduled,fafc649c455e32a0f2ba1bd06e2039bc,2026-09-20T17:00:00Z,Tennessee Titans,Philadelphia Eagles,matchbook,h2h,Philadelphia Eagles,,1.33
2026-09-17T15:13:36Z,scheduled,fafc649c455e32a0f2ba1bd06e2039bc,2026-09-20T17:00:00Z,Tennessee Titans,Philadelphia Eagles,matchbook,h2h,Tennessee Titans,,3.9
2026-09-17T15:13:36Z,scheduled,fafc649c455e32a0f2ba1bd06e2039bc,2026-09-20T17:00:00Z,Tennessee Titans,Philadelphia Eagles,matchbook,h2h_lay,Philadelphia Eagles,,1.35
2026-09-17T15:13:36Z,scheduled,fafc649c455e32a0f2ba1bd06e2039bc,2026-09-20T17:00:00Z,Tennessee Titans,Philadelphia Eagles,matchbook,h2h_lay,Tennessee Titans,,4.1
2026-09-17T15:13:36Z,scheduled,fafc649c455e32a0f2ba1bd06e2039bc,2026-09-20T17:00:00Z,Tennessee Titans,Philadelphia Eagles,matchbook,spreads,Philadelphia Eagles,-7.0,1.93
2026-09-17T15:13:36Z,scheduled,fafc649c455e32a0f2ba1bd06e2039bc,2026-09-20T17:00:00Z,Tennessee Titans,Philadelphia Eagles,matchbook,spreads,Tennessee Titans,7.0,1.96
2026-09-17T15:13:36Z,scheduled,fafc649c455e32a0f2ba1bd06e2039bc,2026-09-20T17:00:00Z,Tennessee Titans,Philadelphia Eagles,matchbook,totals,Over,39.5,1.91
2026-09-17T15:13:36Z,scheduled,fafc649c455e32a0f2ba1bd06e2039bc,2026-09-20T17:00:00Z,Tennessee Titans,Philadelphia Eagles,matchbook,totals,Under,39.5,1.95
2026-09-17T15:13:36Z,scheduled,fafc649c455e32a0f2ba1bd06e2039bc,2026-09-20T17:00:00Z,Tennessee Titans,Philadelphia Eagles,pinnacle,h2h,Philadelphia Eagles,,1.3
2026-09-17T15:13:36Z,scheduled,fafc649c455e32a0f2ba1bd06e2039bc,2026-09-20T17:00:00Z,Tennessee Titans,Philadelphia Eagles,pinnacle,h2h,Tennessee Titans,,3.74
2026-09-17T15:13:36Z,scheduled,fafc649c455e32a0f2ba1bd06e2039bc,2026-09-20T17:00:00Z,Tennessee Titans,Philadelphia Eagles,pinnacle,spreads,Philadelphia Eagles,-7.5,2.07
2026-09-17T15:13:36Z,scheduled,fafc649c455e32a0f2ba1bd06e2039bc,2026-09-20T17:00:00Z,Tennessee Titans,Philadelphia Eagles,pinnacle,spreads,Tennessee Titans,7.5,1.83
2026-09-17T15:13:36Z,scheduled,fafc649c455e32a0f2ba1bd06e2039bc,2026-09-20T17:00:00Z,Tennessee Titans,Philadelphia Eagles,pinnacle,totals,Over,40.0,1.96
2026-09-17T15:13:36Z,scheduled,fafc649c455e32a0f2ba1bd06e2039bc,2026-09-20T17:00:00Z,Tennessee Titans,Philadelphia Eagles,pinnacle,totals,Under,40.0,1.88
2026-09-17T15:13:36Z,scheduled,fafc649c455e32a0f2ba1bd06e2039bc,2026-09-20T17:00:00Z,Tennessee Titans,Philadelphia Eagles,coolbet,h2h,Philadelphia Eagles,,1.3
2026-09-17T15:13:36Z,scheduled,fafc649c455e32a0f2ba1bd06e2039bc,2026-09-20T17:00:00Z,Tennessee Titans,Philadelphia Eagles,coolbet,h2h,Tennessee Titans,,3.7
2026-09-17T15:13:36Z,scheduled,fafc649c455e32a0f2ba1bd06e2039bc,2026-09-20T17:00:00Z,Tennessee Titans,Philadelphia Eagles,coolbet,spreads,Philadelphia Eagles,-7.0,1.91
2026-09-17T15:13:36Z,scheduled,fafc649c455e32a0f2ba1bd06e2039bc,2026-09-20T17:00:00Z,Tennessee Titans,Philadelphia Eagles,coolbet,spreads,Tennessee Titans,7.0,1.93
2026-09-17T15:13:36Z,scheduled,fafc649c455e32a0f2ba1bd06e2039bc,2026-09-20T17:00:00Z,Tennessee Titans,Philadelphia Eagles,coolbet,totals,Over,39.5,1.91
2026-09-17T15:13:36Z,scheduled,fafc649c455e32a0f2ba1bd06e2039bc,2026-09-20T17:00:00Z,Tennessee Titans,Philadelphia Eagles,coolbet,totals,Under,39.5,1.93
2026-09-17T15:13:36Z,scheduled,fafc649c455e32a0f2ba1bd06e2039bc,2026-09-20T17:00:00Z,Tennessee Titans,Philadelphia Eagles,betfair_ex_eu,h2h,Philadelphia Eagles,,1.32
2026-09-17T15:13:36Z,scheduled,fafc649c455e32a0f2ba1bd06e2039bc,2026-09-20T17:00:00Z,Tennessee Titans,Philadelphia Eagles,betfair_ex_eu,h2h,Tennessee Titans,,3.85
2026-09-17T15:13:36Z,scheduled,fafc649c455e32a0f2ba1bd06e2039bc,2026-09-20T17:00:00Z,Tennessee Titans,Philadelphia Eagles,betfair_ex_eu,h2h_lay,Philadelphia Eagles,,1.35
2026-09-17T15:13:36Z,scheduled,fafc649c455e32a0f2ba1bd06e2039bc,2026-09-20T17:00:00Z,Tennessee Titans,Philadelphia Eagles,betfair_ex_eu,h2h_lay,Tennessee Titans,,4.1
2026-09-17T15:13:36Z,scheduled,1fd6628c781f556a7a19638e97d7107f,2026-09-20T20:05:00Z,Denver Broncos,Jacksonville Jaguars,draftkings,h2h,Denver Broncos,,1.68
2026-09-17T15:13:36Z,scheduled,1fd6628c781f556a7a19638e97d7107f,2026-09-20T20:05:00Z,Denver Broncos,Jacksonville Jaguars,draftkings,h2h,Jacksonville Jaguars,,2.24
2026-09-17T15:13:36Z,scheduled,1fd6628c781f556a7a19638e97d7107f,2026-09-20T20:05:00Z,Denver Broncos,Jacksonville Jaguars,draftkings,spreads,Denver Broncos,-2.5,1.85
2026-09-17T15:13:36Z,scheduled,1fd6628c781f556a7a19638e97d7107f,2026-09-20T20:05:00Z,Denver Broncos,Jacksonville Jaguars,draftkings,spreads,Jacksonville Jaguars,2.5,1.98
2026-09-17T15:13:36Z,scheduled,1fd6628c781f556a7a19638e97d7107f,2026-09-20T20:05:00Z,Denver Broncos,Jacksonville Jaguars,draftkings,totals,Over,45.5,1.93
2026-09-17T15:13:36Z,scheduled,1fd6628c781f556a7a19638e97d7107f,2026-09-20T20:05:00Z,Denver Broncos,Jacksonville Jaguars,draftkings,totals,Under,45.5,1.89
2026-09-17T15:13:36Z,scheduled,1fd6628c781f556a7a19638e97d7107f,2026-09-20T20:05:00Z,Denver Broncos,Jacksonville Jaguars,betsson,h2h,Denver Broncos,,1.62
2026-09-17T15:13:36Z,scheduled,1fd6628c781f556a7a19638e97d7107f,2026-09-20T20:05:00Z,Denver Broncos,Jacksonville Jaguars,betsson,h2h,Jacksonville Jaguars,,2.3
2026-09-17T15:13:36Z,scheduled,1fd6628c781f556a7a19638e97d7107f,2026-09-20T20:05:00Z,Denver Broncos,Jacksonville Jaguars,betsson,spreads,Denver Broncos,-2.5,1.83
2026-09-17T15:13:36Z,scheduled,1fd6628c781f556a7a19638e97d7107f,2026-09-20T20:05:00Z,Denver Broncos,Jacksonville Jaguars,betsson,spreads,Jacksonville Jaguars,2.5,1.98
2026-09-17T15:13:36Z,scheduled,1fd6628c781f556a7a19638e97d7107f,2026-09-20T20:05:00Z,Denver Broncos,Jacksonville Jaguars,betsson,totals,Over,45.5,1.92
2026-09-17T15:13:36Z,scheduled,1fd6628c781f556a7a19638e97d7107f,2026-09-20T20:05:00Z,Denver Broncos,Jacksonville Jaguars,betsson,totals,Under,45.5,1.88
2026-09-17T15:13:36Z,scheduled,1fd6628c781f556a7a19638e97d7107f,2026-09-20T20:05:00Z,Denver Broncos,Jacksonville Jaguars,fanduel,h2h,Denver Broncos,,1.68
2026-09-17T15:13:36Z,scheduled,1fd6628c781f556a7a19638e97d7107f,2026-09-20T20:05:00Z,Denver Broncos,Jacksonville Jaguars,fanduel,h2h,Jacksonville Jaguars,,2.26
2026-09-17T15:13:36Z,scheduled,1fd6628c781f556a7a19638e97d7107f,2026-09-20T20:05:00Z,Denver Broncos,Jacksonville Jaguars,fanduel,spreads,Denver Broncos,-2.5,1.83
2026-09-17T15:13:36Z,scheduled,1fd6628c781f556a7a19638e97d7107f,2026-09-20T20:05:00Z,Denver Broncos,Jacksonville Jaguars,fanduel,spreads,Jacksonville Jaguars,2.5,1.98
2026-09-17T15:13:36Z,scheduled,1fd6628c781f556a7a19638e97d7107f,2026-09-20T20:05:00Z,Denver Broncos,Jacksonville Jaguars,fanduel,totals,Over,45.5,1.95
2026-09-17T15:13:36Z,scheduled,1fd6628c781f556a7a19638e97d7107f,2026-09-20T20:05:00Z,Denver Broncos,Jacksonville Jaguars,fanduel,totals,Under,45.5,1.87
2026-09-17T15:13:36Z,scheduled,1fd6628c781f556a7a19638e97d7107f,2026-09-20T20:05:00Z,Denver Broncos,Jacksonville Jaguars,betrivers,h2h,Denver Broncos,,1.65
2026-09-17T15:13:36Z,scheduled,1fd6628c781f556a7a19638e97d7107f,2026-09-20T20:05:00Z,Denver Broncos,Jacksonville Jaguars,betrivers,h2h,Jacksonville Jaguars,,2.3
2026-09-17T15:13:36Z,scheduled,1fd6628c781f556a7a19638e97d7107f,2026-09-20T20:05:00Z,Denver Broncos,Jacksonville Jaguars,betrivers,spreads,Denver Broncos,-3.0,1.89
2026-09-17T15:13:36Z,scheduled,1fd6628c781f556a7a19638e97d7107f,2026-09-20T20:05:00Z,Denver Broncos,Jacksonville Jaguars,betrivers,spreads,Jacksonville Jaguars,3.0,1.91
2026-09-17T15:13:36Z,scheduled,1fd6628c781f556a7a19638e97d7107f,2026-09-20T20:05:00Z,Denver Broncos,Jacksonville Jaguars,betrivers,totals,Over,45.0,1.92
2026-09-17T15:13:36Z,scheduled,1fd6628c781f556a7a19638e97d7107f,2026-09-20T20:05:00Z,Denver Broncos,Jacksonville Jaguars,betrivers,totals,Under,45.0,1.89
2026-09-17T15:13:36Z,scheduled,1fd6628c781f556a7a19638e97d7107f,2026-09-20T20:05:00Z,Denver Broncos,Jacksonville Jaguars,betmgm,h2h,Denver Broncos,,1.67
2026-09-17T15:13:36Z,scheduled,1fd6628c781f556a7a19638e97d7107f,2026-09-20T20:05:00Z,Denver Broncos,Jacksonville Jaguars,betmgm,h2h,Jacksonville Jaguars,,2.25
2026-09-17T15:13:36Z,scheduled,1fd6628c781f556a7a19638e97d7107f,2026-09-20T20:05:00Z,Denver Broncos,Jacksonville Jaguars,betmgm,spreads,Denver Broncos,-2.5,1.85
2026-09-17T15:13:36Z,scheduled,1fd6628c781f556a7a19638e97d7107f,2026-09-20T20:05:00Z,Denver Broncos,Jacksonville Jaguars,betmgm,spreads,Jacksonville Jaguars,2.5,1.98
2026-09-17T15:13:36Z,scheduled,1fd6628c781f556a7a19638e97d7107f,2026-09-20T20:05:00Z,Denver Broncos,Jacksonville Jaguars,betmgm,totals,Over,45.5,1.93
2026-09-17T15:13:36Z,scheduled,1fd6628c781f556a7a19638e97d7107f,2026-09-20T20:05:00Z,Denver Broncos,Jacksonville Jaguars,betmgm,totals,Under,45.5,1.91
2026-09-17T15:13:36Z,scheduled,1fd6628c781f556a7a19638e97d7107f,2026-09-20T20:05:00Z,Denver Broncos,Jacksonville Jaguars,coolbet,h2h,Denver Broncos,,1.65
2026-09-17T15:13:36Z,scheduled,1fd6628c781f556a7a19638e97d7107f,2026-09-20T20:05:00Z,Denver Broncos,Jacksonville Jaguars,coolbet,h2h,Jacksonville Jaguars,,2.3
2026-09-17T15:13:36Z,scheduled,1fd6628c781f556a7a19638e97d7107f,2026-09-20T20:05:00Z,Denver Broncos,Jacksonville Jaguars,coolbet,spreads,Denver Broncos,-2.5,1.85
2026-09-17T15:13:36Z,scheduled,1fd6628c781f556a7a19638e97d7107f,2026-09-20T20:05:00Z,Denver Broncos,Jacksonville Jaguars,coolbet,spreads,Jacksonville Jaguars,2.5,2.0
2026-09-17T15:13:36Z,scheduled,1fd6628c781f556a7a19638e97d7107f,2026-09-20T20:05:00Z,Denver Broncos,Jacksonville Jaguars,coolbet,totals,Over,45.5,1.95
2026-09-17T15:13:36Z,scheduled,1fd6628c781f556a7a19638e97d7107f,2026-09-20T20:05:00Z,Denver Broncos,Jacksonville Jaguars,coolbet,totals,Under,45.5,1.9
2026-09-17T15:13:36Z,scheduled,1fd6628c781f556a7a19638e97d7107f,2026-09-20T20:05:00Z,Denver Broncos,Jacksonville Jaguars,betfair_ex_eu,h2h,Denver Broncos,,1.71
2026-09-17T15:13:36Z,scheduled,1fd6628c781f556a7a19638e97d7107f,2026-09-20T20:05:00Z,Denver Broncos,Jacksonville Jaguars,betfair_ex_eu,h2h,Jacksonville Jaguars,,2.34
2026-09-17T15:13:36Z,scheduled,1fd6628c781f556a7a19638e97d7107f,2026-09-20T20:05:00Z,Denver Broncos,Jacksonville Jaguars,betfair_ex_eu,h2h_lay,Denver Broncos,,1.75
2026-09-17T15:13:36Z,scheduled,1fd6628c781f556a7a19638e97d7107f,2026-09-20T20:05:00Z,Denver Broncos,Jacksonville Jaguars,betfair_ex_eu,h2h_lay,Jacksonville Jaguars,,2.4
2026-09-17T15:13:36Z,scheduled,1fd6628c781f556a7a19638e97d7107f,2026-09-20T20:05:00Z,Denver Broncos,Jacksonville Jaguars,matchbook,h2h,Denver Broncos,,1.72
2026-09-17T15:13:36Z,scheduled,1fd6628c781f556a7a19638e97d7107f,2026-09-20T20:05:00Z,Denver Broncos,Jacksonville Jaguars,matchbook,h2h,Jacksonville Jaguars,,2.34
2026-09-17T15:13:36Z,scheduled,1fd6628c781f556a7a19638e97d7107f,2026-09-20T20:05:00Z,Denver Broncos,Jacksonville Jaguars,matchbook,h2h_lay,Denver Broncos,,1.75
2026-09-17T15:13:36Z,scheduled,1fd6628c781f556a7a19638e97d7107f,2026-09-20T20:05:00Z,Denver Broncos,Jacksonville Jaguars,matchbook,h2h_lay,Jacksonville Jaguars,,2.38
2026-09-17T15:13:36Z,scheduled,1fd6628c781f556a7a19638e97d7107f,2026-09-20T20:05:00Z,Denver Broncos,Jacksonville Jaguars,matchbook,spreads,Denver Broncos,-3.0,2.02
2026-09-17T15:13:36Z,scheduled,1fd6628c781f556a7a19638e97d7107f,2026-09-20T20:05:00Z,Denver Broncos,Jacksonville Jaguars,matchbook,spreads,Jacksonville Jaguars,3.0,1.88
2026-09-17T15:13:36Z,scheduled,1fd6628c781f556a7a19638e97d7107f,2026-09-20T20:05:00Z,Denver Broncos,Jacksonville Jaguars,matchbook,totals,Over,45.5,1.99
2026-09-17T15:13:36Z,scheduled,1fd6628c781f556a7a19638e97d7107f,2026-09-20T20:05:00Z,Denver Broncos,Jacksonville Jaguars,matchbook,totals,Under,45.5,1.89
2026-09-17T15:13:36Z,scheduled,1fd6628c781f556a7a19638e97d7107f,2026-09-20T20:05:00Z,Denver Broncos,Jacksonville Jaguars,pinnacle,h2h,Denver Broncos,,1.65
2026-09-17T15:13:36Z,scheduled,1fd6628c781f556a7a19638e97d7107f,2026-09-20T20:05:00Z,Denver Broncos,Jacksonville Jaguars,pinnacle,h2h,Jacksonville Jaguars,,2.36
2026-09-17T15:13:36Z,scheduled,1fd6628c781f556a7a19638e97d7107f,2026-09-20T20:05:00Z,Denver Broncos,Jacksonville Jaguars,pinnacle,spreads,Denver Broncos,-2.5,1.83
2026-09-17T15:13:36Z,scheduled,1fd6628c781f556a7a19638e97d7107f,2026-09-20T20:05:00Z,Denver Broncos,Jacksonville Jaguars,pinnacle,spreads,Jacksonville Jaguars,2.5,2.07
2026-09-17T15:13:36Z,scheduled,1fd6628c781f556a7a19638e97d7107f,2026-09-20T20:05:00Z,Denver Broncos,Jacksonville Jaguars,pinnacle,totals,Over,45.5,1.96
2026-09-17T15:13:36Z,scheduled,1fd6628c781f556a7a19638e97d7107f,2026-09-20T20:05:00Z,Denver Broncos,Jacksonville Jaguars,pinnacle,totals,Under,45.5,1.89
2026-09-17T15:13:36Z,scheduled,71b3b83747589efdc5baef2c5cf811bf,2026-09-20T20:05:00Z,Los Angeles Chargers,Las Vegas Raiders,draftkings,h2h,Las Vegas Raiders,,3.45
2026-09-17T15:13:36Z,scheduled,71b3b83747589efdc5baef2c5cf811bf,2026-09-20T20:05:00Z,Los Angeles Chargers,Las Vegas Raiders,draftkings,h2h,Los Angeles Chargers,,1.33
2026-09-17T15:13:36Z,scheduled,71b3b83747589efdc5baef2c5cf811bf,2026-09-20T20:05:00Z,Los Angeles Chargers,Las Vegas Raiders,draftkings,spreads,Las Vegas Raiders,6.5,1.98
2026-09-17T15:13:36Z,scheduled,71b3b83747589efdc5baef2c5cf811bf,2026-09-20T20:05:00Z,Los Angeles Chargers,Las Vegas Raiders,draftkings,spreads,Los Angeles Chargers,-6.5,1.85
2026-09-17T15:13:36Z,scheduled,71b3b83747589efdc5baef2c5cf811bf,2026-09-20T20:05:00Z,Los Angeles Chargers,Las Vegas Raiders,draftkings,totals,Over,43.5,1.95
2026-09-17T15:13:36Z,scheduled,71b3b83747589efdc5baef2c5cf811bf,2026-09-20T20:05:00Z,Los Angeles Chargers,Las Vegas Raiders,draftkings,totals,Under,43.5,1.87
2026-09-17T15:13:36Z,scheduled,71b3b83747589efdc5baef2c5cf811bf,2026-09-20T20:05:00Z,Los Angeles Chargers,Las Vegas Raiders,betsson,h2h,Las Vegas Raiders,,3.4
2026-09-17T15:13:36Z,scheduled,71b3b83747589efdc5baef2c5cf811bf,2026-09-20T20:05:00Z,Los Angeles Chargers,Las Vegas Raiders,betsson,h2h,Los Angeles Chargers,,1.32
2026-09-17T15:13:36Z,scheduled,71b3b83747589efdc5baef2c5cf811bf,2026-09-20T20:05:00Z,Los Angeles Chargers,Las Vegas Raiders,betsson,spreads,Las Vegas Raiders,6.5,1.92
2026-09-17T15:13:36Z,scheduled,71b3b83747589efdc5baef2c5cf811bf,2026-09-20T20:05:00Z,Los Angeles Chargers,Las Vegas Raiders,betsson,spreads,Los Angeles Chargers,-6.5,1.88
2026-09-17T15:13:36Z,scheduled,71b3b83747589efdc5baef2c5cf811bf,2026-09-20T20:05:00Z,Los Angeles Chargers,Las Vegas Raiders,betsson,totals,Over,43.5,1.9
2026-09-17T15:13:36Z,scheduled,71b3b83747589efdc5baef2c5cf811bf,2026-09-20T20:05:00Z,Los Angeles Chargers,Las Vegas Raiders,betsson,totals,Under,43.5,1.9
2026-09-17T15:13:36Z,scheduled,71b3b83747589efdc5baef2c5cf811bf,2026-09-20T20:05:00Z,Los Angeles Chargers,Las Vegas Raiders,fanduel,h2h,Las Vegas Raiders,,3.5
2026-09-17T15:13:36Z,scheduled,71b3b83747589efdc5baef2c5cf811bf,2026-09-20T20:05:00Z,Los Angeles Chargers,Las Vegas Raiders,fanduel,h2h,Los Angeles Chargers,,1.32
2026-09-17T15:13:36Z,scheduled,71b3b83747589efdc5baef2c5cf811bf,2026-09-20T20:05:00Z,Los Angeles Chargers,Las Vegas Raiders,fanduel,spreads,Las Vegas Raiders,6.5,1.95
2026-09-17T15:13:36Z,scheduled,71b3b83747589efdc5baef2c5cf811bf,2026-09-20T20:05:00Z,Los Angeles Chargers,Las Vegas Raiders,fanduel,spreads,Los Angeles Chargers,-6.5,1.87
2026-09-17T15:13:36Z,scheduled,71b3b83747589efdc5baef2c5cf811bf,2026-09-20T20:05:00Z,Los Angeles Chargers,Las Vegas Raiders,fanduel,totals,Over,43.5,1.91
2026-09-17T15:13:36Z,scheduled,71b3b83747589efdc5baef2c5cf811bf,2026-09-20T20:05:00Z,Los Angeles Chargers,Las Vegas Raiders,fanduel,totals,Under,43.5,1.91
2026-09-17T15:13:36Z,scheduled,71b3b83747589efdc5baef2c5cf811bf,2026-09-20T20:05:00Z,Los Angeles Chargers,Las Vegas Raiders,betrivers,h2h,Las Vegas Raiders,,3.45
2026-09-17T15:13:36Z,scheduled,71b3b83747589efdc5baef2c5cf811bf,2026-09-20T20:05:00Z,Los Angeles Chargers,Las Vegas Raiders,betrivers,h2h,Los Angeles Chargers,,1.32
2026-09-17T15:13:36Z,scheduled,71b3b83747589efdc5baef2c5cf811bf,2026-09-20T20:05:00Z,Los Angeles Chargers,Las Vegas Raiders,betrivers,spreads,Las Vegas Raiders,6.5,1.96
2026-09-17T15:13:36Z,scheduled,71b3b83747589efdc5baef2c5cf811bf,2026-09-20T20:05:00Z,Los Angeles Chargers,Las Vegas Raiders,betrivers,spreads,Los Angeles Chargers,-6.5,1.85
2026-09-17T15:13:36Z,scheduled,71b3b83747589efdc5baef2c5cf811bf,2026-09-20T20:05:00Z,Los Angeles Chargers,Las Vegas Raiders,betrivers,totals,Over,43.5,1.92
2026-09-17T15:13:36Z,scheduled,71b3b83747589efdc5baef2c5cf811bf,2026-09-20T20:05:00Z,Los Angeles Chargers,Las Vegas Raiders,betrivers,totals,Under,43.5,1.89
2026-09-17T15:13:36Z,scheduled,71b3b83747589efdc5baef2c5cf811bf,2026-09-20T20:05:00Z,Los Angeles Chargers,Las Vegas Raiders,betmgm,h2h,Las Vegas Raiders,,3.4
2026-09-17T15:13:36Z,scheduled,71b3b83747589efdc5baef2c5cf811bf,2026-09-20T20:05:00Z,Los Angeles Chargers,Las Vegas Raiders,betmgm,h2h,Los Angeles Chargers,,1.33
2026-09-17T15:13:36Z,scheduled,71b3b83747589efdc5baef2c5cf811bf,2026-09-20T20:05:00Z,Los Angeles Chargers,Las Vegas Raiders,betmgm,spreads,Las Vegas Raiders,6.5,1.95
2026-09-17T15:13:36Z,scheduled,71b3b83747589efdc5baef2c5cf811bf,2026-09-20T20:05:00Z,Los Angeles Chargers,Las Vegas Raiders,betmgm,spreads,Los Angeles Chargers,-6.5,1.89
2026-09-17T15:13:36Z,scheduled,71b3b83747589efdc5baef2c5cf811bf,2026-09-20T20:05:00Z,Los Angeles Chargers,Las Vegas Raiders,betmgm,totals,Over,43.5,1.95
2026-09-17T15:13:36Z,scheduled,71b3b83747589efdc5baef2c5cf811bf,2026-09-20T20:05:00Z,Los Angeles Chargers,Las Vegas Raiders,betmgm,totals,Under,43.5,1.89
2026-09-17T15:13:36Z,scheduled,71b3b83747589efdc5baef2c5cf811bf,2026-09-20T20:05:00Z,Los Angeles Chargers,Las Vegas Raiders,pinnacle,h2h,Las Vegas Raiders,,3.46
2026-09-17T15:13:36Z,scheduled,71b3b83747589efdc5baef2c5cf811bf,2026-09-20T20:05:00Z,Los Angeles Chargers,Las Vegas Raiders,pinnacle,h2h,Los Angeles Chargers,,1.34
2026-09-17T15:13:36Z,scheduled,71b3b83747589efdc5baef2c5cf811bf,2026-09-20T20:05:00Z,Los Angeles Chargers,Las Vegas Raiders,pinnacle,spreads,Las Vegas Raiders,6.5,1.95
2026-09-17T15:13:36Z,scheduled,71b3b83747589efdc5baef2c5cf811bf,2026-09-20T20:05:00Z,Los Angeles Chargers,Las Vegas Raiders,pinnacle,spreads,Los Angeles Chargers,-6.5,1.93
2026-09-17T15:13:36Z,scheduled,71b3b83747589efdc5baef2c5cf811bf,2026-09-20T20:05:00Z,Los Angeles Chargers,Las Vegas Raiders,pinnacle,totals,Over,44.0,2.03
2026-09-17T15:13:36Z,scheduled,71b3b83747589efdc5baef2c5cf811bf,2026-09-20T20:05:00Z,Los Angeles Chargers,Las Vegas Raiders,pinnacle,totals,Under,44.0,1.83
2026-09-17T15:13:36Z,scheduled,71b3b83747589efdc5baef2c5cf811bf,2026-09-20T20:05:00Z,Los Angeles Chargers,Las Vegas Raiders,matchbook,h2h,Las Vegas Raiders,,3.65
2026-09-17T15:13:36Z,scheduled,71b3b83747589efdc5baef2c5cf811bf,2026-09-20T20:05:00Z,Los Angeles Chargers,Las Vegas Raiders,matchbook,h2h,Los Angeles Chargers,,1.37
2026-09-17T15:13:36Z,scheduled,71b3b83747589efdc5baef2c5cf811bf,2026-09-20T20:05:00Z,Los Angeles Chargers,Las Vegas Raiders,matchbook,h2h_lay,Las Vegas Raiders,,3.75
2026-09-17T15:13:36Z,scheduled,71b3b83747589efdc5baef2c5cf811bf,2026-09-20T20:05:00Z,Los Angeles Chargers,Las Vegas Raiders,matchbook,h2h_lay,Los Angeles Chargers,,1.38
2026-09-17T15:13:36Z,scheduled,71b3b83747589efdc5baef2c5cf811bf,2026-09-20T20:05:00Z,Los Angeles Chargers,Las Vegas Raiders,matchbook,spreads,Las Vegas Raiders,6.5,1.94
2026-09-17T15:13:36Z,scheduled,71b3b83747589efdc5baef2c5cf811bf,2026-09-20T20:05:00Z,Los Angeles Chargers,Las Vegas Raiders,matchbook,spreads,Los Angeles Chargers,-6.5,1.99
2026-09-17T15:13:36Z,scheduled,71b3b83747589efdc5baef2c5cf811bf,2026-09-20T20:05:00Z,Los Angeles Chargers,Las Vegas Raiders,matchbook,totals,Over,43.5,1.97
2026-09-17T15:13:36Z,scheduled,71b3b83747589efdc5baef2c5cf811bf,2026-09-20T20:05:00Z,Los Angeles Chargers,Las Vegas Raiders,matchbook,totals,Under,43.5,1.9
2026-09-17T15:13:36Z,scheduled,71b3b83747589efdc5baef2c5cf811bf,2026-09-20T20:05:00Z,Los Angeles Chargers,Las Vegas Raiders,coolbet,h2h,Las Vegas Raiders,,3.5
2026-09-17T15:13:36Z,scheduled,71b3b83747589efdc5baef2c5cf811bf,2026-09-20T20:05:00Z,Los Angeles Chargers,Las Vegas Raiders,coolbet,h2h,Los Angeles Chargers,,1.33
2026-09-17T15:13:36Z,scheduled,71b3b83747589efdc5baef2c5cf811bf,2026-09-20T20:05:00Z,Los Angeles Chargers,Las Vegas Raiders,coolbet,spreads,Las Vegas Raiders,6.5,1.93
2026-09-17T15:13:36Z,scheduled,71b3b83747589efdc5baef2c5cf811bf,2026-09-20T20:05:00Z,Los Angeles Chargers,Las Vegas Raiders,coolbet,spreads,Los Angeles Chargers,-6.5,1.91
2026-09-17T15:13:36Z,scheduled,71b3b83747589efdc5baef2c5cf811bf,2026-09-20T20:05:00Z,Los Angeles Chargers,Las Vegas Raiders,coolbet,totals,Over,43.5,1.91
2026-09-17T15:13:36Z,scheduled,71b3b83747589efdc5baef2c5cf811bf,2026-09-20T20:05:00Z,Los Angeles Chargers,Las Vegas Raiders,coolbet,totals,Under,43.5,1.93
2026-09-17T15:13:36Z,scheduled,71b3b83747589efdc5baef2c5cf811bf,2026-09-20T20:05:00Z,Los Angeles Chargers,Las Vegas Raiders,betfair_ex_eu,h2h,Las Vegas Raiders,,3.65
2026-09-17T15:13:36Z,scheduled,71b3b83747589efdc5baef2c5cf811bf,2026-09-20T20:05:00Z,Los Angeles Chargers,Las Vegas Raiders,betfair_ex_eu,h2h,Los Angeles Chargers,,1.37
2026-09-17T15:13:36Z,scheduled,71b3b83747589efdc5baef2c5cf811bf,2026-09-20T20:05:00Z,Los Angeles Chargers,Las Vegas Raiders,betfair_ex_eu,h2h_lay,Las Vegas Raiders,,3.75
2026-09-17T15:13:36Z,scheduled,71b3b83747589efdc5baef2c5cf811bf,2026-09-20T20:05:00Z,Los Angeles Chargers,Las Vegas Raiders,betfair_ex_eu,h2h_lay,Los Angeles Chargers,,1.38
2026-09-17T15:13:36Z,scheduled,4dd8020192a544385db42374e5555303,2026-09-20T20:25:00Z,Arizona Cardinals,Seattle Seahawks,draftkings,h2h,Arizona Cardinals,,2.8
2026-09-17T15:13:36Z,scheduled,4dd8020192a544385db42374e5555303,2026-09-20T20:25:00Z,Arizona Cardinals,Seattle Seahawks,draftkings,h2h,Seattle Seahawks,,1.46
2026-09-17T15:13:36Z,scheduled,4dd8020192a544385db42374e5555303,2026-09-20T20:25:00Z,Arizona Cardinals,Seattle Seahawks,draftkings,spreads,Arizona Cardinals,3.5,2.0
2026-09-17T15:13:36Z,scheduled,4dd8020192a544385db42374e5555303,2026-09-20T20:25:00Z,Arizona Cardinals,Seattle Seahawks,draftkings,spreads,Seattle Seahawks,-3.5,1.83
2026-09-17T15:13:36Z,scheduled,4dd8020192a544385db42374e5555303,2026-09-20T20:25:00Z,Arizona Cardinals,Seattle Seahawks,draftkings,totals,Over,41.5,1.95
2026-09-17T15:13:36Z,scheduled,4dd8020192a544385db42374e5555303,2026-09-20T20:25:00Z,Arizona Cardinals,Seattle Seahawks,draftkings,totals,Under,41.5,1.87
2026-09-17T15:13:36Z,scheduled,4dd8020192a544385db42374e5555303,2026-09-20T20:25:00Z,Arizona Cardinals,Seattle Seahawks,betsson,h2h,Arizona Cardinals,,2.65
2026-09-17T15:13:36Z,scheduled,4dd8020192a544385db42374e5555303,2026-09-20T20:25:00Z,Arizona Cardinals,Seattle Seahawks,betsson,h2h,Seattle Seahawks,,1.48
2026-09-17T15:13:36Z,scheduled,4dd8020192a544385db42374e5555303,2026-09-20T20:25:00Z,Arizona Cardinals,Seattle Seahawks,betsson,spreads,Arizona Cardinals,3.5,1.94
2026-09-17T15:13:36Z,scheduled,4dd8020192a544385db42374e5555303,2026-09-20T20:25:00Z,Arizona Cardinals,Seattle Seahawks,betsson,spreads,Seattle Seahawks,-3.5,1.86
2026-09-17T15:13:36Z,scheduled,4dd8020192a544385db42374e5555303,2026-09-20T20:25:00Z,Arizona Cardinals,Seattle Seahawks,betsson,totals,Over,40.5,1.85
2026-09-17T15:13:36Z,scheduled,4dd8020192a544385db42374e5555303,2026-09-20T20:25:00Z,Arizona Cardinals,Seattle Seahawks,betsson,totals,Under,40.5,1.96
2026-09-17T15:13:36Z,scheduled,4dd8020192a544385db42374e5555303,2026-09-20T20:25:00Z,Arizona Cardinals,Seattle Seahawks,fanduel,h2h,Arizona Cardinals,,2.66
2026-09-17T15:13:36Z,scheduled,4dd8020192a544385db42374e5555303,2026-09-20T20:25:00Z,Arizona Cardinals,Seattle Seahawks,fanduel,h2h,Seattle Seahawks,,1.51
2026-09-17T15:13:36Z,scheduled,4dd8020192a544385db42374e5555303,2026-09-20T20:25:00Z,Arizona Cardinals,Seattle Seahawks,fanduel,spreads,Arizona Cardinals,4.5,1.83
2026-09-17T15:13:36Z,scheduled,4dd8020192a544385db42374e5555303,2026-09-20T20:25:00Z,Arizona Cardinals,Seattle Seahawks,fanduel,spreads,Seattle Seahawks,-4.5,1.98
2026-09-17T15:13:36Z,scheduled,4dd8020192a544385db42374e5555303,2026-09-20T20:25:00Z,Arizona Cardinals,Seattle Seahawks,fanduel,totals,Over,41.5,1.98
2026-09-17T15:13:36Z,scheduled,4dd8020192a544385db42374e5555303,2026-09-20T20:25:00Z,Arizona Cardinals,Seattle Seahawks,fanduel,totals,Under,41.5,1.83
2026-09-17T15:13:36Z,scheduled,4dd8020192a544385db42374e5555303,2026-09-20T20:25:00Z,Arizona Cardinals,Seattle Seahawks,betrivers,h2h,Arizona Cardinals,,2.7
2026-09-17T15:13:36Z,scheduled,4dd8020192a544385db42374e5555303,2026-09-20T20:25:00Z,Arizona Cardinals,Seattle Seahawks,betrivers,h2h,Seattle Seahawks,,1.48
2026-09-17T15:13:36Z,scheduled,4dd8020192a544385db42374e5555303,2026-09-20T20:25:00Z,Arizona Cardinals,Seattle Seahawks,betrivers,spreads,Arizona Cardinals,4.0,1.91
2026-09-17T15:13:36Z,scheduled,4dd8020192a544385db42374e5555303,2026-09-20T20:25:00Z,Arizona Cardinals,Seattle Seahawks,betrivers,spreads,Seattle Seahawks,-4.0,1.91
2026-09-17T15:13:36Z,scheduled,4dd8020192a544385db42374e5555303,2026-09-20T20:25:00Z,Arizona Cardinals,Seattle Seahawks,betrivers,totals,Over,41.0,1.91
2026-09-17T15:13:36Z,scheduled,4dd8020192a544385db42374e5555303,2026-09-20T20:25:00Z,Arizona Cardinals,Seattle Seahawks,betrivers,totals,Under,41.0,1.91
2026-09-17T15:13:36Z,scheduled,4dd8020192a544385db42374e5555303,2026-09-20T20:25:00Z,Arizona Cardinals,Seattle Seahawks,betmgm,h2h,Arizona Cardinals,,2.7
2026-09-17T15:13:36Z,scheduled,4dd8020192a544385db42374e5555303,2026-09-20T20:25:00Z,Arizona Cardinals,Seattle Seahawks,betmgm,h2h,Seattle Seahawks,,1.48
2026-09-17T15:13:36Z,scheduled,4dd8020192a544385db42374e5555303,2026-09-20T20:25:00Z,Arizona Cardinals,Seattle Seahawks,betmgm,spreads,Arizona Cardinals,4.0,1.91
2026-09-17T15:13:36Z,scheduled,4dd8020192a544385db42374e5555303,2026-09-20T20:25:00Z,Arizona Cardinals,Seattle Seahawks,betmgm,spreads,Seattle Seahawks,-4.0,1.93
2026-09-17T15:13:36Z,scheduled,4dd8020192a544385db42374e5555303,2026-09-20T20:25:00Z,Arizona Cardinals,Seattle Seahawks,betmgm,totals,Over,41.0,1.91
2026-09-17T15:13:36Z,scheduled,4dd8020192a544385db42374e5555303,2026-09-20T20:25:00Z,Arizona Cardinals,Seattle Seahawks,betmgm,totals,Under,41.0,1.93
2026-09-17T15:13:36Z,scheduled,4dd8020192a544385db42374e5555303,2026-09-20T20:25:00Z,Arizona Cardinals,Seattle Seahawks,matchbook,h2h,Arizona Cardinals,,2.86
2026-09-17T15:13:36Z,scheduled,4dd8020192a544385db42374e5555303,2026-09-20T20:25:00Z,Arizona Cardinals,Seattle Seahawks,matchbook,h2h,Seattle Seahawks,,1.53
2026-09-17T15:13:36Z,scheduled,4dd8020192a544385db42374e5555303,2026-09-20T20:25:00Z,Arizona Cardinals,Seattle Seahawks,matchbook,h2h_lay,Arizona Cardinals,,2.9
2026-09-17T15:13:36Z,scheduled,4dd8020192a544385db42374e5555303,2026-09-20T20:25:00Z,Arizona Cardinals,Seattle Seahawks,matchbook,h2h_lay,Seattle Seahawks,,1.54
2026-09-17T15:13:36Z,scheduled,4dd8020192a544385db42374e5555303,2026-09-20T20:25:00Z,Arizona Cardinals,Seattle Seahawks,matchbook,spreads,Arizona Cardinals,3.5,1.97
2026-09-17T15:13:36Z,scheduled,4dd8020192a544385db42374e5555303,2026-09-20T20:25:00Z,Arizona Cardinals,Seattle Seahawks,matchbook,spreads,Seattle Seahawks,-3.5,1.95
2026-09-17T15:13:36Z,scheduled,4dd8020192a544385db42374e5555303,2026-09-20T20:25:00Z,Arizona Cardinals,Seattle Seahawks,matchbook,totals,Over,41.0,1.92
2026-09-17T15:13:36Z,scheduled,4dd8020192a544385db42374e5555303,2026-09-20T20:25:00Z,Arizona Cardinals,Seattle Seahawks,matchbook,totals,Under,41.0,1.95
2026-09-17T15:13:36Z,scheduled,4dd8020192a544385db42374e5555303,2026-09-20T20:25:00Z,Arizona Cardinals,Seattle Seahawks,pinnacle,h2h,Arizona Cardinals,,2.72
2026-09-17T15:13:36Z,scheduled,4dd8020192a544385db42374e5555303,2026-09-20T20:25:00Z,Arizona Cardinals,Seattle Seahawks,pinnacle,h2h,Seattle Seahawks,,1.51
2026-09-17T15:13:36Z,scheduled,4dd8020192a544385db42374e5555303,2026-09-20T20:25:00Z,Arizona Cardinals,Seattle Seahawks,pinnacle,spreads,Arizona Cardinals,4.0,1.9
2026-09-17T15:13:36Z,scheduled,4dd8020192a544385db42374e5555303,2026-09-20T20:25:00Z,Arizona Cardinals,Seattle Seahawks,pinnacle,spreads,Seattle Seahawks,-4.0,1.98
2026-09-17T15:13:36Z,scheduled,4dd8020192a544385db42374e5555303,2026-09-20T20:25:00Z,Arizona Cardinals,Seattle Seahawks,pinnacle,totals,Over,41.5,2.01
2026-09-17T15:13:36Z,scheduled,4dd8020192a544385db42374e5555303,2026-09-20T20:25:00Z,Arizona Cardinals,Seattle Seahawks,pinnacle,totals,Under,41.5,1.85
2026-09-17T15:13:36Z,scheduled,4dd8020192a544385db42374e5555303,2026-09-20T20:25:00Z,Arizona Cardinals,Seattle Seahawks,coolbet,h2h,Arizona Cardinals,,2.75
2026-09-17T15:13:36Z,scheduled,4dd8020192a544385db42374e5555303,2026-09-20T20:25:00Z,Arizona Cardinals,Seattle Seahawks,coolbet,h2h,Seattle Seahawks,,1.48
2026-09-17T15:13:36Z,scheduled,4dd8020192a544385db42374e5555303,2026-09-20T20:25:00Z,Arizona Cardinals,Seattle Seahawks,coolbet,spreads,Arizona Cardinals,4.0,1.89
2026-09-17T15:13:36Z,scheduled,4dd8020192a544385db42374e5555303,2026-09-20T20:25:00Z,Arizona Cardinals,Seattle Seahawks,coolbet,spreads,Seattle Seahawks,-4.0,1.96
2026-09-17T15:13:36Z,scheduled,4dd8020192a544385db42374e5555303,2026-09-20T20:25:00Z,Arizona Cardinals,Seattle Seahawks,coolbet,totals,Over,41.0,1.92
2026-09-17T15:13:36Z,scheduled,4dd8020192a544385db42374e5555303,2026-09-20T20:25:00Z,Arizona Cardinals,Seattle Seahawks,coolbet,totals,Under,41.0,1.92
2026-09-17T15:13:36Z,scheduled,4dd8020192a544385db42374e5555303,2026-09-20T20:25:00Z,Arizona Cardinals,Seattle Seahawks,betfair_ex_eu,h2h,Arizona Cardinals,,2.86
2026-09-17T15:13:36Z,scheduled,4dd8020192a544385db42374e5555303,2026-09-20T20:25:00Z,Arizona Cardinals,Seattle Seahawks,betfair_ex_eu,h2h,Seattle Seahawks,,1.53
2026-09-17T15:13:36Z,scheduled,4dd8020192a544385db42374e5555303,2026-09-20T20:25:00Z,Arizona Cardinals,Seattle Seahawks,betfair_ex_eu,h2h_lay,Arizona Cardinals,,2.9
2026-09-17T15:13:36Z,scheduled,4dd8020192a544385db42374e5555303,2026-09-20T20:25:00Z,Arizona Cardinals,Seattle Seahawks,betfair_ex_eu,h2h_lay,Seattle Seahawks,,1.54
2026-09-17T15:13:36Z,scheduled,85ef85098ddd22fe4ecf45e7e3c0a9c0,2026-09-20T20:25:00Z,Dallas Cowboys,Washington Commanders,draftkings,h2h,Dallas Cowboys,,1.46
2026-09-17T15:13:36Z,scheduled,85ef85098ddd22fe4ecf45e7e3c0a9c0,2026-09-20T20:25:00Z,Dallas Cowboys,Washington Commanders,draftkings,h2h,Washington Commanders,,2.8
2026-09-17T15:13:36Z,scheduled,85ef85098ddd22fe4ecf45e7e3c0a9c0,2026-09-20T20:25:00Z,Dallas Cowboys,Washington Commanders,draftkings,spreads,Dallas Cowboys,-4.5,1.95
2026-09-17T15:13:36Z,scheduled,85ef85098ddd22fe4ecf45e7e3c0a9c0,2026-09-20T20:25:00Z,Dallas Cowboys,Washington Commanders,draftkings,spreads,Washington Commanders,4.5,1.87
2026-09-17T15:13:36Z,scheduled,85ef85098ddd22fe4ecf45e7e3c0a9c0,2026-09-20T20:25:00Z,Dallas Cowboys,Washington Commanders,draftkings,totals,Over,50.5,1.93
2026-09-17T15:13:36Z,scheduled,85ef85098ddd22fe4ecf45e7e3c0a9c0,2026-09-20T20:25:00Z,Dallas Cowboys,Washington Commanders,draftkings,totals,Under,50.5,1.89
2026-09-17T15:13:36Z,scheduled,85ef85098ddd22fe4ecf45e7e3c0a9c0,2026-09-20T20:25:00Z,Dallas Cowboys,Washington Commanders,betsson,h2h,Dallas Cowboys,,1.46
2026-09-17T15:13:36Z,scheduled,85ef85098ddd22fe4ecf45e7e3c0a9c0,2026-09-20T20:25:00Z,Dallas Cowboys,Washington Commanders,betsson,h2h,Washington Commanders,,2.71
2026-09-17T15:13:36Z,scheduled,85ef85098ddd22fe4ecf45e7e3c0a9c0,2026-09-20T20:25:00Z,Dallas Cowboys,Washington Commanders,betsson,spreads,Dallas Cowboys,-3.5,1.88
2026-09-17T15:13:36Z,scheduled,85ef85098ddd22fe4ecf45e7e3c0a9c0,2026-09-20T20:25:00Z,Dallas Cowboys,Washington Commanders,betsson,spreads,Washington Commanders,3.5,1.92
2026-09-17T15:13:36Z,scheduled,85ef85098ddd22fe4ecf45e7e3c0a9c0,2026-09-20T20:25:00Z,Dallas Cowboys,Washington Commanders,betsson,totals,Over,50.5,1.9
2026-09-17T15:13:36Z,scheduled,85ef85098ddd22fe4ecf45e7e3c0a9c0,2026-09-20T20:25:00Z,Dallas Cowboys,Washington Commanders,betsson,totals,Under,50.5,1.9
2026-09-17T15:13:36Z,scheduled,85ef85098ddd22fe4ecf45e7e3c0a9c0,2026-09-20T20:25:00Z,Dallas Cowboys,Washington Commanders,fanduel,h2h,Dallas Cowboys,,1.49
2026-09-17T15:13:36Z,scheduled,85ef85098ddd22fe4ecf45e7e3c0a9c0,2026-09-20T20:25:00Z,Dallas Cowboys,Washington Commanders,fanduel,h2h,Washington Commanders,,2.72
2026-09-17T15:13:36Z,scheduled,85ef85098ddd22fe4ecf45e7e3c0a9c0,2026-09-20T20:25:00Z,Dallas Cowboys,Washington Commanders,fanduel,spreads,Dallas Cowboys,-3.5,1.87
2026-09-17T15:13:36Z,scheduled,85ef85098ddd22fe4ecf45e7e3c0a9c0,2026-09-20T20:25:00Z,Dallas Cowboys,Washington Commanders,fanduel,spreads,Washington Commanders,3.5,1.95
2026-09-17T15:13:36Z,scheduled,85ef85098ddd22fe4ecf45e7e3c0a9c0,2026-09-20T20:25:00Z,Dallas Cowboys,Washington Commanders,fanduel,totals,Over,50.5,1.91
2026-09-17T15:13:36Z,scheduled,85ef85098ddd22fe4ecf45e7e3c0a9c0,2026-09-20T20:25:00Z,Dallas Cowboys,Washington Commanders,fanduel,totals,Under,50.5,1.91
2026-09-17T15:13:36Z,scheduled,85ef85098ddd22fe4ecf45e7e3c0a9c0,2026-09-20T20:25:00Z,Dallas Cowboys,Washington Commanders,betrivers,h2h,Dallas Cowboys,,1.5
2026-09-17T15:13:36Z,scheduled,85ef85098ddd22fe4ecf45e7e3c0a9c0,2026-09-20T20:25:00Z,Dallas Cowboys,Washington Commanders,betrivers,h2h,Washington Commanders,,2.65
2026-09-17T15:13:36Z,scheduled,85ef85098ddd22fe4ecf45e7e3c0a9c0,2026-09-20T20:25:00Z,Dallas Cowboys,Washington Commanders,betrivers,spreads,Dallas Cowboys,-3.5,1.88
2026-09-17T15:13:36Z,scheduled,85ef85098ddd22fe4ecf45e7e3c0a9c0,2026-09-20T20:25:00Z,Dallas Cowboys,Washington Commanders,betrivers,spreads,Washington Commanders,3.5,1.93
2026-09-17T15:13:36Z,scheduled,85ef85098ddd22fe4ecf45e7e3c0a9c0,2026-09-20T20:25:00Z,Dallas Cowboys,Washington Commanders,betrivers,totals,Over,51.0,1.93
2026-09-17T15:13:36Z,scheduled,85ef85098ddd22fe4ecf45e7e3c0a9c0,2026-09-20T20:25:00Z,Dallas Cowboys,Washington Commanders,betrivers,totals,Under,51.0,1.88
2026-09-17T15:13:36Z,scheduled,85ef85098ddd22fe4ecf45e7e3c0a9c0,2026-09-20T20:25:00Z,Dallas Cowboys,Washington Commanders,betmgm,h2h,Dallas Cowboys,,1.48
2026-09-17T15:13:36Z,scheduled,85ef85098ddd22fe4ecf45e7e3c0a9c0,2026-09-20T20:25:00Z,Dallas Cowboys,Washington Commanders,betmgm,h2h,Washington Commanders,,2.7
2026-09-17T15:13:36Z,scheduled,85ef85098ddd22fe4ecf45e7e3c0a9c0,2026-09-20T20:25:00Z,Dallas Cowboys,Washington Commanders,betmgm,spreads,Dallas Cowboys,-4.0,1.93
2026-09-17T15:13:36Z,scheduled,85ef85098ddd22fe4ecf45e7e3c0a9c0,2026-09-20T20:25:00Z,Dallas Cowboys,Washington Commanders,betmgm,spreads,Washington Commanders,4.0,1.91
2026-09-17T15:13:36Z,scheduled,85ef85098ddd22fe4ecf45e7e3c0a9c0,2026-09-20T20:25:00Z,Dallas Cowboys,Washington Commanders,betmgm,totals,Over,50.5,1.91
2026-09-17T15:13:36Z,scheduled,85ef85098ddd22fe4ecf45e7e3c0a9c0,2026-09-20T20:25:00Z,Dallas Cowboys,Washington Commanders,betmgm,totals,Under,50.5,1.93
2026-09-17T15:13:36Z,scheduled,85ef85098ddd22fe4ecf45e7e3c0a9c0,2026-09-20T20:25:00Z,Dallas Cowboys,Washington Commanders,coolbet,h2h,Dallas Cowboys,,1.48
2026-09-17T15:13:36Z,scheduled,85ef85098ddd22fe4ecf45e7e3c0a9c0,2026-09-20T20:25:00Z,Dallas Cowboys,Washington Commanders,coolbet,h2h,Washington Commanders,,2.75
2026-09-17T15:13:36Z,scheduled,85ef85098ddd22fe4ecf45e7e3c0a9c0,2026-09-20T20:25:00Z,Dallas Cowboys,Washington Commanders,coolbet,spreads,Dallas Cowboys,-3.5,1.91
2026-09-17T15:13:36Z,scheduled,85ef85098ddd22fe4ecf45e7e3c0a9c0,2026-09-20T20:25:00Z,Dallas Cowboys,Washington Commanders,coolbet,spreads,Washington Commanders,3.5,1.93
2026-09-17T15:13:36Z,scheduled,85ef85098ddd22fe4ecf45e7e3c0a9c0,2026-09-20T20:25:00Z,Dallas Cowboys,Washington Commanders,coolbet,totals,Over,50.5,1.93
2026-09-17T15:13:36Z,scheduled,85ef85098ddd22fe4ecf45e7e3c0a9c0,2026-09-20T20:25:00Z,Dallas Cowboys,Washington Commanders,coolbet,totals,Under,50.5,1.91
2026-09-17T15:13:36Z,scheduled,85ef85098ddd22fe4ecf45e7e3c0a9c0,2026-09-20T20:25:00Z,Dallas Cowboys,Washington Commanders,betfair_ex_eu,h2h,Dallas Cowboys,,1.54
2026-09-17T15:13:36Z,scheduled,85ef85098ddd22fe4ecf45e7e3c0a9c0,2026-09-20T20:25:00Z,Dallas Cowboys,Washington Commanders,betfair_ex_eu,h2h,Washington Commanders,,2.82
2026-09-17T15:13:36Z,scheduled,85ef85098ddd22fe4ecf45e7e3c0a9c0,2026-09-20T20:25:00Z,Dallas Cowboys,Washington Commanders,betfair_ex_eu,h2h_lay,Dallas Cowboys,,1.55
2026-09-17T15:13:36Z,scheduled,85ef85098ddd22fe4ecf45e7e3c0a9c0,2026-09-20T20:25:00Z,Dallas Cowboys,Washington Commanders,betfair_ex_eu,h2h_lay,Washington Commanders,,2.86
2026-09-17T15:13:36Z,scheduled,85ef85098ddd22fe4ecf45e7e3c0a9c0,2026-09-20T20:25:00Z,Dallas Cowboys,Washington Commanders,matchbook,h2h,Dallas Cowboys,,1.54
2026-09-17T15:13:36Z,scheduled,85ef85098ddd22fe4ecf45e7e3c0a9c0,2026-09-20T20:25:00Z,Dallas Cowboys,Washington Commanders,matchbook,h2h,Washington Commanders,,2.82
2026-09-17T15:13:36Z,scheduled,85ef85098ddd22fe4ecf45e7e3c0a9c0,2026-09-20T20:25:00Z,Dallas Cowboys,Washington Commanders,matchbook,h2h_lay,Dallas Cowboys,,1.55
2026-09-17T15:13:36Z,scheduled,85ef85098ddd22fe4ecf45e7e3c0a9c0,2026-09-20T20:25:00Z,Dallas Cowboys,Washington Commanders,matchbook,h2h_lay,Washington Commanders,,2.86
2026-09-17T15:13:36Z,scheduled,85ef85098ddd22fe4ecf45e7e3c0a9c0,2026-09-20T20:25:00Z,Dallas Cowboys,Washington Commanders,matchbook,spreads,Dallas Cowboys,-4.0,1.95
2026-09-17T15:13:36Z,scheduled,85ef85098ddd22fe4ecf45e7e3c0a9c0,2026-09-20T20:25:00Z,Dallas Cowboys,Washington Commanders,matchbook,spreads,Washington Commanders,4.0,1.94
2026-09-17T15:13:36Z,scheduled,85ef85098ddd22fe4ecf45e7e3c0a9c0,2026-09-20T20:25:00Z,Dallas Cowboys,Washington Commanders,matchbook,totals,Over,50.5,1.96
2026-09-17T15:13:36Z,scheduled,85ef85098ddd22fe4ecf45e7e3c0a9c0,2026-09-20T20:25:00Z,Dallas Cowboys,Washington Commanders,matchbook,totals,Under,50.5,1.92
2026-09-17T15:13:36Z,scheduled,85ef85098ddd22fe4ecf45e7e3c0a9c0,2026-09-20T20:25:00Z,Dallas Cowboys,Washington Commanders,pinnacle,h2h,Dallas Cowboys,,1.5
2026-09-17T15:13:36Z,scheduled,85ef85098ddd22fe4ecf45e7e3c0a9c0,2026-09-20T20:25:00Z,Dallas Cowboys,Washington Commanders,pinnacle,h2h,Washington Commanders,,2.76
2026-09-17T15:13:36Z,scheduled,85ef85098ddd22fe4ecf45e7e3c0a9c0,2026-09-20T20:25:00Z,Dallas Cowboys,Washington Commanders,pinnacle,spreads,Dallas Cowboys,-4.0,1.94
2026-09-17T15:13:36Z,scheduled,85ef85098ddd22fe4ecf45e7e3c0a9c0,2026-09-20T20:25:00Z,Dallas Cowboys,Washington Commanders,pinnacle,spreads,Washington Commanders,4.0,1.94
2026-09-17T15:13:36Z,scheduled,85ef85098ddd22fe4ecf45e7e3c0a9c0,2026-09-20T20:25:00Z,Dallas Cowboys,Washington Commanders,pinnacle,totals,Over,50.0,1.88
2026-09-17T15:13:36Z,scheduled,85ef85098ddd22fe4ecf45e7e3c0a9c0,2026-09-20T20:25:00Z,Dallas Cowboys,Washington Commanders,pinnacle,totals,Under,50.0,1.97
2026-09-17T15:13:36Z,scheduled,68bc55903f50af4af4766adcc89fcc61,2026-09-20T20:25:00Z,San Francisco 49ers,Miami Dolphins,draftkings,h2h,Miami Dolphins,,7.0
2026-09-17T15:13:36Z,scheduled,68bc55903f50af4af4766adcc89fcc61,2026-09-20T20:25:00Z,San Francisco 49ers,Miami Dolphins,draftkings,h2h,San Francisco 49ers,,1.11
2026-09-17T15:13:36Z,scheduled,68bc55903f50af4af4766adcc89fcc61,2026-09-20T20:25:00Z,San Francisco 49ers,Miami Dolphins,draftkings,spreads,Miami Dolphins,13.5,1.87
2026-09-17T15:13:36Z,scheduled,68bc55903f50af4af4766adcc89fcc61,2026-09-20T20:25:00Z,San Francisco 49ers,Miami Dolphins,draftkings,spreads,San Francisco 49ers,-13.5,1.95
2026-09-17T15:13:36Z,scheduled,68bc55903f50af4af4766adcc89fcc61,2026-09-20T20:25:00Z,San Francisco 49ers,Miami Dolphins,draftkings,totals,Over,44.5,1.87
2026-09-17T15:13:36Z,scheduled,68bc55903f50af4af4766adcc89fcc61,2026-09-20T20:25:00Z,San Francisco 49ers,Miami Dolphins,draftkings,totals,Under,44.5,1.95
2026-09-17T15:13:36Z,scheduled,68bc55903f50af4af4766adcc89fcc61,2026-09-20T20:25:00Z,San Francisco 49ers,Miami Dolphins,betsson,h2h,Miami Dolphins,,7.0
2026-09-17T15:13:36Z,scheduled,68bc55903f50af4af4766adcc89fcc61,2026-09-20T20:25:00Z,San Francisco 49ers,Miami Dolphins,betsson,h2h,San Francisco 49ers,,1.1
2026-09-17T15:13:36Z,scheduled,68bc55903f50af4af4766adcc89fcc61,2026-09-20T20:25:00Z,San Francisco 49ers,Miami Dolphins,betsson,spreads,Miami Dolphins,13.5,1.86
2026-09-17T15:13:36Z,scheduled,68bc55903f50af4af4766adcc89fcc61,2026-09-20T20:25:00Z,San Francisco 49ers,Miami Dolphins,betsson,spreads,San Francisco 49ers,-13.5,1.94
2026-09-17T15:13:36Z,scheduled,68bc55903f50af4af4766adcc89fcc61,2026-09-20T20:25:00Z,San Francisco 49ers,Miami Dolphins,betsson,totals,Over,45.5,1.94
2026-09-17T15:13:36Z,scheduled,68bc55903f50af4af4766adcc89fcc61,2026-09-20T20:25:00Z,San Francisco 49ers,Miami Dolphins,betsson,totals,Under,45.5,1.86
2026-09-17T15:13:36Z,scheduled,68bc55903f50af4af4766adcc89fcc61,2026-09-20T20:25:00Z,San Francisco 49ers,Miami Dolphins,fanduel,h2h,Miami Dolphins,,7.4
2026-09-17T15:13:36Z,scheduled,68bc55903f50af4af4766adcc89fcc61,2026-09-20T20:25:00Z,San Francisco 49ers,Miami Dolphins,fanduel,h2h,San Francisco 49ers,,1.11
2026-09-17T15:13:36Z,scheduled,68bc55903f50af4af4766adcc89fcc61,2026-09-20T20:25:00Z,San Francisco 49ers,Miami Dolphins,fanduel,spreads,Miami Dolphins,13.5,1.85
2026-09-17T15:13:36Z,scheduled,68bc55903f50af4af4766adcc89fcc61,2026-09-20T20:25:00Z,San Francisco 49ers,Miami Dolphins,fanduel,spreads,San Francisco 49ers,-13.5,1.96
2026-09-17T15:13:36Z,scheduled,68bc55903f50af4af4766adcc89fcc61,2026-09-20T20:25:00Z,San Francisco 49ers,Miami Dolphins,fanduel,totals,Over,45.5,1.91
2026-09-17T15:13:36Z,scheduled,68bc55903f50af4af4766adcc89fcc61,2026-09-20T20:25:00Z,San Francisco 49ers,Miami Dolphins,fanduel,totals,Under,45.5,1.91
2026-09-17T15:13:36Z,scheduled,68bc55903f50af4af4766adcc89fcc61,2026-09-20T20:25:00Z,San Francisco 49ers,Miami Dolphins,betrivers,h2h,Miami Dolphins,,7.0
2026-09-17T15:13:36Z,scheduled,68bc55903f50af4af4766adcc89fcc61,2026-09-20T20:25:00Z,San Francisco 49ers,Miami Dolphins,betrivers,h2h,San Francisco 49ers,,1.1
2026-09-17T15:13:36Z,scheduled,68bc55903f50af4af4766adcc89fcc61,2026-09-20T20:25:00Z,San Francisco 49ers,Miami Dolphins,betrivers,spreads,Miami Dolphins,13.5,1.93
2026-09-17T15:13:36Z,scheduled,68bc55903f50af4af4766adcc89fcc61,2026-09-20T20:25:00Z,San Francisco 49ers,Miami Dolphins,betrivers,spreads,San Francisco 49ers,-13.5,1.88
2026-09-17T15:13:36Z,scheduled,68bc55903f50af4af4766adcc89fcc61,2026-09-20T20:25:00Z,San Francisco 49ers,Miami Dolphins,betrivers,totals,Over,45.0,1.91
2026-09-17T15:13:36Z,scheduled,68bc55903f50af4af4766adcc89fcc61,2026-09-20T20:25:00Z,San Francisco 49ers,Miami Dolphins,betrivers,totals,Under,45.0,1.91
2026-09-17T15:13:36Z,scheduled,68bc55903f50af4af4766adcc89fcc61,2026-09-20T20:25:00Z,San Francisco 49ers,Miami Dolphins,betmgm,h2h,Miami Dolphins,,7.5
2026-09-17T15:13:36Z,scheduled,68bc55903f50af4af4766adcc89fcc61,2026-09-20T20:25:00Z,San Francisco 49ers,Miami Dolphins,betmgm,h2h,San Francisco 49ers,,1.11
2026-09-17T15:13:36Z,scheduled,68bc55903f50af4af4766adcc89fcc61,2026-09-20T20:25:00Z,San Francisco 49ers,Miami Dolphins,betmgm,spreads,Miami Dolphins,13.5,1.91
2026-09-17T15:13:36Z,scheduled,68bc55903f50af4af4766adcc89fcc61,2026-09-20T20:25:00Z,San Francisco 49ers,Miami Dolphins,betmgm,spreads,San Francisco 49ers,-13.5,1.91
2026-09-17T15:13:36Z,scheduled,68bc55903f50af4af4766adcc89fcc61,2026-09-20T20:25:00Z,San Francisco 49ers,Miami Dolphins,betmgm,totals,Over,45.0,1.93
2026-09-17T15:13:36Z,scheduled,68bc55903f50af4af4766adcc89fcc61,2026-09-20T20:25:00Z,San Francisco 49ers,Miami Dolphins,betmgm,totals,Under,45.0,1.91
2026-09-17T15:13:36Z,scheduled,68bc55903f50af4af4766adcc89fcc61,2026-09-20T20:25:00Z,San Francisco 49ers,Miami Dolphins,pinnacle,h2h,Miami Dolphins,,7.9
2026-09-17T15:13:36Z,scheduled,68bc55903f50af4af4766adcc89fcc61,2026-09-20T20:25:00Z,San Francisco 49ers,Miami Dolphins,pinnacle,h2h,San Francisco 49ers,,1.1
2026-09-17T15:13:36Z,scheduled,68bc55903f50af4af4766adcc89fcc61,2026-09-20T20:25:00Z,San Francisco 49ers,Miami Dolphins,pinnacle,spreads,Miami Dolphins,13.5,1.9
2026-09-17T15:13:36Z,scheduled,68bc55903f50af4af4766adcc89fcc61,2026-09-20T20:25:00Z,San Francisco 49ers,Miami Dolphins,pinnacle,spreads,San Francisco 49ers,-13.5,1.99
2026-09-17T15:13:36Z,scheduled,68bc55903f50af4af4766adcc89fcc61,2026-09-20T20:25:00Z,San Francisco 49ers,Miami Dolphins,pinnacle,totals,Over,45.5,2.02
2026-09-17T15:13:36Z,scheduled,68bc55903f50af4af4766adcc89fcc61,2026-09-20T20:25:00Z,San Francisco 49ers,Miami Dolphins,pinnacle,totals,Under,45.5,1.84
2026-09-17T15:13:36Z,scheduled,68bc55903f50af4af4766adcc89fcc61,2026-09-20T20:25:00Z,San Francisco 49ers,Miami Dolphins,matchbook,h2h,Miami Dolphins,,9.0
2026-09-17T15:13:36Z,scheduled,68bc55903f50af4af4766adcc89fcc61,2026-09-20T20:25:00Z,San Francisco 49ers,Miami Dolphins,matchbook,h2h,San Francisco 49ers,,1.12
2026-09-17T15:13:36Z,scheduled,68bc55903f50af4af4766adcc89fcc61,2026-09-20T20:25:00Z,San Francisco 49ers,Miami Dolphins,matchbook,h2h_lay,Miami Dolphins,,9.4
2026-09-17T15:13:36Z,scheduled,68bc55903f50af4af4766adcc89fcc61,2026-09-20T20:25:00Z,San Francisco 49ers,Miami Dolphins,matchbook,h2h_lay,San Francisco 49ers,,1.13
2026-09-17T15:13:36Z,scheduled,68bc55903f50af4af4766adcc89fcc61,2026-09-20T20:25:00Z,San Francisco 49ers,Miami Dolphins,matchbook,spreads,Miami Dolphins,13.0,1.96
2026-09-17T15:13:36Z,scheduled,68bc55903f50af4af4766adcc89fcc61,2026-09-20T20:25:00Z,San Francisco 49ers,Miami Dolphins,matchbook,spreads,San Francisco 49ers,-13.0,1.94
2026-09-17T15:13:36Z,scheduled,68bc55903f50af4af4766adcc89fcc61,2026-09-20T20:25:00Z,San Francisco 49ers,Miami Dolphins,matchbook,totals,Over,45.0,1.96
2026-09-17T15:13:36Z,scheduled,68bc55903f50af4af4766adcc89fcc61,2026-09-20T20:25:00Z,San Francisco 49ers,Miami Dolphins,matchbook,totals,Under,45.0,1.9
2026-09-17T15:13:36Z,scheduled,68bc55903f50af4af4766adcc89fcc61,2026-09-20T20:25:00Z,San Francisco 49ers,Miami Dolphins,coolbet,h2h,Miami Dolphins,,7.5
2026-09-17T15:13:36Z,scheduled,68bc55903f50af4af4766adcc89fcc61,2026-09-20T20:25:00Z,San Francisco 49ers,Miami Dolphins,coolbet,h2h,San Francisco 49ers,,1.1
2026-09-17T15:13:36Z,scheduled,68bc55903f50af4af4766adcc89fcc61,2026-09-20T20:25:00Z,San Francisco 49ers,Miami Dolphins,coolbet,spreads,Miami Dolphins,13.0,1.92
2026-09-17T15:13:36Z,scheduled,68bc55903f50af4af4766adcc89fcc61,2026-09-20T20:25:00Z,San Francisco 49ers,Miami Dolphins,coolbet,spreads,San Francisco 49ers,-13.0,1.92
2026-09-17T15:13:36Z,scheduled,68bc55903f50af4af4766adcc89fcc61,2026-09-20T20:25:00Z,San Francisco 49ers,Miami Dolphins,coolbet,totals,Over,45.0,1.91
2026-09-17T15:13:36Z,scheduled,68bc55903f50af4af4766adcc89fcc61,2026-09-20T20:25:00Z,San Francisco 49ers,Miami Dolphins,coolbet,totals,Under,45.0,1.93
2026-09-17T15:13:36Z,scheduled,68bc55903f50af4af4766adcc89fcc61,2026-09-20T20:25:00Z,San Francisco 49ers,Miami Dolphins,betfair_ex_eu,h2h,Miami Dolphins,,9.0
2026-09-17T15:13:36Z,scheduled,68bc55903f50af4af4766adcc89fcc61,2026-09-20T20:25:00Z,San Francisco 49ers,Miami Dolphins,betfair_ex_eu,h2h,San Francisco 49ers,,1.12
2026-09-17T15:13:36Z,scheduled,68bc55903f50af4af4766adcc89fcc61,2026-09-20T20:25:00Z,San Francisco 49ers,Miami Dolphins,betfair_ex_eu,h2h_lay,Miami Dolphins,,9.4
2026-09-17T15:13:36Z,scheduled,68bc55903f50af4af4766adcc89fcc61,2026-09-20T20:25:00Z,San Francisco 49ers,Miami Dolphins,betfair_ex_eu,h2h_lay,San Francisco 49ers,,1.13
2026-09-17T15:13:36Z,scheduled,50bc247030707d823b9c3581d7eb5760,2026-09-21T00:20:00Z,Kansas City Chiefs,Indianapolis Colts,draftkings,h2h,Indianapolis Colts,,3.35
2026-09-17T15:13:36Z,scheduled,50bc247030707d823b9c3581d7eb5760,2026-09-21T00:20:00Z,Kansas City Chiefs,Indianapolis Colts,draftkings,h2h,Kansas City Chiefs,,1.34
2026-09-17T15:13:36Z,scheduled,50bc247030707d823b9c3581d7eb5760,2026-09-21T00:20:00Z,Kansas City Chiefs,Indianapolis Colts,draftkings,spreads,Indianapolis Colts,6.5,2.0
2026-09-17T15:13:36Z,scheduled,50bc247030707d823b9c3581d7eb5760,2026-09-21T00:20:00Z,Kansas City Chiefs,Indianapolis Colts,draftkings,spreads,Kansas City Chiefs,-6.5,1.83
2026-09-17T15:13:36Z,scheduled,50bc247030707d823b9c3581d7eb5760,2026-09-21T00:20:00Z,Kansas City Chiefs,Indianapolis Colts,draftkings,totals,Over,46.5,1.91
2026-09-17T15:13:36Z,scheduled,50bc247030707d823b9c3581d7eb5760,2026-09-21T00:20:00Z,Kansas City Chiefs,Indianapolis Colts,draftkings,totals,Under,46.5,1.91
2026-09-17T15:13:36Z,scheduled,50bc247030707d823b9c3581d7eb5760,2026-09-21T00:20:00Z,Kansas City Chiefs,Indianapolis Colts,betsson,h2h,Indianapolis Colts,,3.4
2026-09-17T15:13:36Z,scheduled,50bc247030707d823b9c3581d7eb5760,2026-09-21T00:20:00Z,Kansas City Chiefs,Indianapolis Colts,betsson,h2h,Kansas City Chiefs,,1.32
2026-09-17T15:13:36Z,scheduled,50bc247030707d823b9c3581d7eb5760,2026-09-21T00:20:00Z,Kansas City Chiefs,Indianapolis Colts,betsson,spreads,Indianapolis Colts,6.5,1.94
2026-09-17T15:13:36Z,scheduled,50bc247030707d823b9c3581d7eb5760,2026-09-21T00:20:00Z,Kansas City Chiefs,Indianapolis Colts,betsson,spreads,Kansas City Chiefs,-6.5,1.86
2026-09-17T15:13:36Z,scheduled,50bc247030707d823b9c3581d7eb5760,2026-09-21T00:20:00Z,Kansas City Chiefs,Indianapolis Colts,betsson,totals,Over,46.5,1.92
2026-09-17T15:13:36Z,scheduled,50bc247030707d823b9c3581d7eb5760,2026-09-21T00:20:00Z,Kansas City Chiefs,Indianapolis Colts,betsson,totals,Under,46.5,1.88
2026-09-17T15:13:36Z,scheduled,50bc247030707d823b9c3581d7eb5760,2026-09-21T00:20:00Z,Kansas City Chiefs,Indianapolis Colts,fanduel,h2h,Indianapolis Colts,,3.65
2026-09-17T15:13:36Z,scheduled,50bc247030707d823b9c3581d7eb5760,2026-09-21T00:20:00Z,Kansas City Chiefs,Indianapolis Colts,fanduel,h2h,Kansas City Chiefs,,1.3
2026-09-17T15:13:36Z,scheduled,50bc247030707d823b9c3581d7eb5760,2026-09-21T00:20:00Z,Kansas City Chiefs,Indianapolis Colts,fanduel,spreads,Indianapolis Colts,6.5,1.95
2026-09-17T15:13:36Z,scheduled,50bc247030707d823b9c3581d7eb5760,2026-09-21T00:20:00Z,Kansas City Chiefs,Indianapolis Colts,fanduel,spreads,Kansas City Chiefs,-6.5,1.87
2026-09-17T15:13:36Z,scheduled,50bc247030707d823b9c3581d7eb5760,2026-09-21T00:20:00Z,Kansas City Chiefs,Indianapolis Colts,fanduel,totals,Over,46.5,1.91
2026-09-17T15:13:36Z,scheduled,50bc247030707d823b9c3581d7eb5760,2026-09-21T00:20:00Z,Kansas City Chiefs,Indianapolis Colts,fanduel,totals,Under,46.5,1.91
2026-09-17T15:13:36Z,scheduled,50bc247030707d823b9c3581d7eb5760,2026-09-21T00:20:00Z,Kansas City Chiefs,Indianapolis Colts,betrivers,h2h,Indianapolis Colts,,3.6
2026-09-17T15:13:36Z,scheduled,50bc247030707d823b9c3581d7eb5760,2026-09-21T00:20:00Z,Kansas City Chiefs,Indianapolis Colts,betrivers,h2h,Kansas City Chiefs,,1.3
2026-09-17T15:13:36Z,scheduled,50bc247030707d823b9c3581d7eb5760,2026-09-21T00:20:00Z,Kansas City Chiefs,Indianapolis Colts,betrivers,spreads,Indianapolis Colts,7.0,1.85
2026-09-17T15:13:36Z,scheduled,50bc247030707d823b9c3581d7eb5760,2026-09-21T00:20:00Z,Kansas City Chiefs,Indianapolis Colts,betrivers,spreads,Kansas City Chiefs,-7.0,1.96
2026-09-17T15:13:36Z,scheduled,50bc247030707d823b9c3581d7eb5760,2026-09-21T00:20:00Z,Kansas City Chiefs,Indianapolis Colts,betrivers,totals,Over,47.0,1.93
2026-09-17T15:13:36Z,scheduled,50bc247030707d823b9c3581d7eb5760,2026-09-21T00:20:00Z,Kansas City Chiefs,Indianapolis Colts,betrivers,totals,Under,47.0,1.88
2026-09-17T15:13:36Z,scheduled,50bc247030707d823b9c3581d7eb5760,2026-09-21T00:20:00Z,Kansas City Chiefs,Indianapolis Colts,betmgm,h2h,Indianapolis Colts,,3.4
2026-09-17T15:13:36Z,scheduled,50bc247030707d823b9c3581d7eb5760,2026-09-21T00:20:00Z,Kansas City Chiefs,Indianapolis Colts,betmgm,h2h,Kansas City Chiefs,,1.34
2026-09-17T15:13:36Z,scheduled,50bc247030707d823b9c3581d7eb5760,2026-09-21T00:20:00Z,Kansas City Chiefs,Indianapolis Colts,betmgm,totals,Over,46.5,1.93
2026-09-17T15:13:36Z,scheduled,50bc247030707d823b9c3581d7eb5760,2026-09-21T00:20:00Z,Kansas City Chiefs,Indianapolis Colts,betmgm,totals,Under,46.5,1.91
2026-09-17T15:13:36Z,scheduled,50bc247030707d823b9c3581d7eb5760,2026-09-21T00:20:00Z,Kansas City Chiefs,Indianapolis Colts,betfair_ex_eu,h2h,Indianapolis Colts,,3.6
2026-09-17T15:13:36Z,scheduled,50bc247030707d823b9c3581d7eb5760,2026-09-21T00:20:00Z,Kansas City Chiefs,Indianapolis Colts,betfair_ex_eu,h2h,Kansas City Chiefs,,1.36
2026-09-17T15:13:36Z,scheduled,50bc247030707d823b9c3581d7eb5760,2026-09-21T00:20:00Z,Kansas City Chiefs,Indianapolis Colts,betfair_ex_eu,h2h_lay,Indianapolis Colts,,3.75
2026-09-17T15:13:36Z,scheduled,50bc247030707d823b9c3581d7eb5760,2026-09-21T00:20:00Z,Kansas City Chiefs,Indianapolis Colts,betfair_ex_eu,h2h_lay,Kansas City Chiefs,,1.39
2026-09-17T15:13:36Z,scheduled,50bc247030707d823b9c3581d7eb5760,2026-09-21T00:20:00Z,Kansas City Chiefs,Indianapolis Colts,matchbook,h2h,Indianapolis Colts,,3.6
2026-09-17T15:13:36Z,scheduled,50bc247030707d823b9c3581d7eb5760,2026-09-21T00:20:00Z,Kansas City Chiefs,Indianapolis Colts,matchbook,h2h,Kansas City Chiefs,,1.36
2026-09-17T15:13:36Z,scheduled,50bc247030707d823b9c3581d7eb5760,2026-09-21T00:20:00Z,Kansas City Chiefs,Indianapolis Colts,matchbook,h2h_lay,Indianapolis Colts,,3.75
2026-09-17T15:13:36Z,scheduled,50bc247030707d823b9c3581d7eb5760,2026-09-21T00:20:00Z,Kansas City Chiefs,Indianapolis Colts,matchbook,h2h_lay,Kansas City Chiefs,,1.39
2026-09-17T15:13:36Z,scheduled,50bc247030707d823b9c3581d7eb5760,2026-09-21T00:20:00Z,Kansas City Chiefs,Indianapolis Colts,matchbook,spreads,Indianapolis Colts,6.5,1.95
2026-09-17T15:13:36Z,scheduled,50bc247030707d823b9c3581d7eb5760,2026-09-21T00:20:00Z,Kansas City Chiefs,Indianapolis Colts,matchbook,spreads,Kansas City Chiefs,-6.5,1.94
2026-09-17T15:13:36Z,scheduled,50bc247030707d823b9c3581d7eb5760,2026-09-21T00:20:00Z,Kansas City Chiefs,Indianapolis Colts,matchbook,totals,Over,46.0,1.91
2026-09-17T15:13:36Z,scheduled,50bc247030707d823b9c3581d7eb5760,2026-09-21T00:20:00Z,Kansas City Chiefs,Indianapolis Colts,matchbook,totals,Under,46.0,1.96
2026-09-17T15:13:36Z,scheduled,50bc247030707d823b9c3581d7eb5760,2026-09-21T00:20:00Z,Kansas City Chiefs,Indianapolis Colts,coolbet,h2h,Indianapolis Colts,,3.5
2026-09-17T15:13:36Z,scheduled,50bc247030707d823b9c3581d7eb5760,2026-09-21T00:20:00Z,Kansas City Chiefs,Indianapolis Colts,coolbet,h2h,Kansas City Chiefs,,1.33
2026-09-17T15:13:36Z,scheduled,50bc247030707d823b9c3581d7eb5760,2026-09-21T00:20:00Z,Kansas City Chiefs,Indianapolis Colts,coolbet,spreads,Indianapolis Colts,7.0,1.88
2026-09-17T15:13:36Z,scheduled,50bc247030707d823b9c3581d7eb5760,2026-09-21T00:20:00Z,Kansas City Chiefs,Indianapolis Colts,coolbet,spreads,Kansas City Chiefs,-7.0,1.97
2026-09-17T15:13:36Z,scheduled,50bc247030707d823b9c3581d7eb5760,2026-09-21T00:20:00Z,Kansas City Chiefs,Indianapolis Colts,coolbet,totals,Over,46.5,1.93
2026-09-17T15:13:36Z,scheduled,50bc247030707d823b9c3581d7eb5760,2026-09-21T00:20:00Z,Kansas City Chiefs,Indianapolis Colts,coolbet,totals,Under,46.5,1.91
2026-09-17T15:13:36Z,scheduled,50bc247030707d823b9c3581d7eb5760,2026-09-21T00:20:00Z,Kansas City Chiefs,Indianapolis Colts,pinnacle,h2h,Indianapolis Colts,,3.42
2026-09-17T15:13:36Z,scheduled,50bc247030707d823b9c3581d7eb5760,2026-09-21T00:20:00Z,Kansas City Chiefs,Indianapolis Colts,pinnacle,h2h,Kansas City Chiefs,,1.35
2026-09-17T15:13:36Z,scheduled,50bc247030707d823b9c3581d7eb5760,2026-09-21T00:20:00Z,Kansas City Chiefs,Indianapolis Colts,pinnacle,spreads,Indianapolis Colts,7.0,1.82
2026-09-17T15:13:36Z,scheduled,50bc247030707d823b9c3581d7eb5760,2026-09-21T00:20:00Z,Kansas City Chiefs,Indianapolis Colts,pinnacle,spreads,Kansas City Chiefs,-7.0,2.09
2026-09-17T15:13:36Z,scheduled,50bc247030707d823b9c3581d7eb5760,2026-09-21T00:20:00Z,Kansas City Chiefs,Indianapolis Colts,pinnacle,totals,Over,47.0,2.02
2026-09-17T15:13:36Z,scheduled,50bc247030707d823b9c3581d7eb5760,2026-09-21T00:20:00Z,Kansas City Chiefs,Indianapolis Colts,pinnacle,totals,Under,47.0,1.84
2026-09-17T21:12:51Z,scheduled,56e8897681915f7ec92baeee952bb1ae,2026-09-18T00:15:00Z,Buffalo Bills,Detroit Lions,draftkings,h2h,Buffalo Bills,,1.4
2026-09-17T21:12:51Z,scheduled,56e8897681915f7ec92baeee952bb1ae,2026-09-18T00:15:00Z,Buffalo Bills,Detroit Lions,draftkings,h2h,Detroit Lions,,3.05
2026-09-17T21:12:51Z,scheduled,56e8897681915f7ec92baeee952bb1ae,2026-09-18T00:15:00Z,Buffalo Bills,Detroit Lions,draftkings,spreads,Buffalo Bills,-5.5,1.91
2026-09-17T21:12:51Z,scheduled,56e8897681915f7ec92baeee952bb1ae,2026-09-18T00:15:00Z,Buffalo Bills,Detroit Lions,draftkings,spreads,Detroit Lions,5.5,1.91
2026-09-17T21:12:51Z,scheduled,56e8897681915f7ec92baeee952bb1ae,2026-09-18T00:15:00Z,Buffalo Bills,Detroit Lions,draftkings,totals,Over,54.5,1.83
2026-09-17T21:12:51Z,scheduled,56e8897681915f7ec92baeee952bb1ae,2026-09-18T00:15:00Z,Buffalo Bills,Detroit Lions,draftkings,totals,Under,54.5,2.0
2026-09-17T21:12:51Z,scheduled,56e8897681915f7ec92baeee952bb1ae,2026-09-18T00:15:00Z,Buffalo Bills,Detroit Lions,fanduel,h2h,Buffalo Bills,,1.4
2026-09-17T21:12:51Z,scheduled,56e8897681915f7ec92baeee952bb1ae,2026-09-18T00:15:00Z,Buffalo Bills,Detroit Lions,fanduel,h2h,Detroit Lions,,3.05
2026-09-17T21:12:51Z,scheduled,56e8897681915f7ec92baeee952bb1ae,2026-09-18T00:15:00Z,Buffalo Bills,Detroit Lions,fanduel,spreads,Buffalo Bills,-5.5,1.91
2026-09-17T21:12:51Z,scheduled,56e8897681915f7ec92baeee952bb1ae,2026-09-18T00:15:00Z,Buffalo Bills,Detroit Lions,fanduel,spreads,Detroit Lions,5.5,1.91
2026-09-17T21:12:51Z,scheduled,56e8897681915f7ec92baeee952bb1ae,2026-09-18T00:15:00Z,Buffalo Bills,Detroit Lions,fanduel,totals,Over,54.5,1.88
2026-09-17T21:12:51Z,scheduled,56e8897681915f7ec92baeee952bb1ae,2026-09-18T00:15:00Z,Buffalo Bills,Detroit Lions,fanduel,totals,Under,54.5,1.94
2026-09-17T21:12:51Z,scheduled,56e8897681915f7ec92baeee952bb1ae,2026-09-18T00:15:00Z,Buffalo Bills,Detroit Lions,betmgm,h2h,Buffalo Bills,,1.4
2026-09-17T21:12:51Z,scheduled,56e8897681915f7ec92baeee952bb1ae,2026-09-18T00:15:00Z,Buffalo Bills,Detroit Lions,betmgm,h2h,Detroit Lions,,3.1
2026-09-17T21:12:51Z,scheduled,56e8897681915f7ec92baeee952bb1ae,2026-09-18T00:15:00Z,Buffalo Bills,Detroit Lions,betmgm,spreads,Buffalo Bills,-5.5,1.95
2026-09-17T21:12:51Z,scheduled,56e8897681915f7ec92baeee952bb1ae,2026-09-18T00:15:00Z,Buffalo Bills,Detroit Lions,betmgm,spreads,Detroit Lions,5.5,1.95
2026-09-17T21:12:51Z,scheduled,56e8897681915f7ec92baeee952bb1ae,2026-09-18T00:15:00Z,Buffalo Bills,Detroit Lions,betmgm,totals,Over,55.0,1.93
2026-09-17T21:12:51Z,scheduled,56e8897681915f7ec92baeee952bb1ae,2026-09-18T00:15:00Z,Buffalo Bills,Detroit Lions,betmgm,totals,Under,55.0,1.91
2026-09-17T21:12:51Z,scheduled,56e8897681915f7ec92baeee952bb1ae,2026-09-18T00:15:00Z,Buffalo Bills,Detroit Lions,betsson,h2h,Buffalo Bills,,1.39
2026-09-17T21:12:51Z,scheduled,56e8897681915f7ec92baeee952bb1ae,2026-09-18T00:15:00Z,Buffalo Bills,Detroit Lions,betsson,h2h,Detroit Lions,,3.0
2026-09-17T21:12:51Z,scheduled,56e8897681915f7ec92baeee952bb1ae,2026-09-18T00:15:00Z,Buffalo Bills,Detroit Lions,betsson,spreads,Buffalo Bills,-5.5,1.92
2026-09-17T21:12:51Z,scheduled,56e8897681915f7ec92baeee952bb1ae,2026-09-18T00:15:00Z,Buffalo Bills,Detroit Lions,betsson,spreads,Detroit Lions,5.5,1.88
2026-09-17T21:12:51Z,scheduled,56e8897681915f7ec92baeee952bb1ae,2026-09-18T00:15:00Z,Buffalo Bills,Detroit Lions,betsson,totals,Over,55.5,1.94
2026-09-17T21:12:51Z,scheduled,56e8897681915f7ec92baeee952bb1ae,2026-09-18T00:15:00Z,Buffalo Bills,Detroit Lions,betsson,totals,Under,55.5,1.86
2026-09-17T21:12:51Z,scheduled,56e8897681915f7ec92baeee952bb1ae,2026-09-18T00:15:00Z,Buffalo Bills,Detroit Lions,betrivers,h2h,Buffalo Bills,,1.41
2026-09-17T21:12:51Z,scheduled,56e8897681915f7ec92baeee952bb1ae,2026-09-18T00:15:00Z,Buffalo Bills,Detroit Lions,betrivers,h2h,Detroit Lions,,2.9
2026-09-17T21:12:51Z,scheduled,56e8897681915f7ec92baeee952bb1ae,2026-09-18T00:15:00Z,Buffalo Bills,Detroit Lions,betrivers,spreads,Buffalo Bills,-5.5,1.91
2026-09-17T21:12:51Z,scheduled,56e8897681915f7ec92baeee952bb1ae,2026-09-18T00:15:00Z,Buffalo Bills,Detroit Lions,betrivers,spreads,Detroit Lions,5.5,1.91
2026-09-17T21:12:51Z,scheduled,56e8897681915f7ec92baeee952bb1ae,2026-09-18T00:15:00Z,Buffalo Bills,Detroit Lions,betrivers,totals,Over,54.5,1.88
2026-09-17T21:12:51Z,scheduled,56e8897681915f7ec92baeee952bb1ae,2026-09-18T00:15:00Z,Buffalo Bills,Detroit Lions,betrivers,totals,Under,54.5,1.93
2026-09-17T21:12:51Z,scheduled,56e8897681915f7ec92baeee952bb1ae,2026-09-18T00:15:00Z,Buffalo Bills,Detroit Lions,matchbook,h2h,Buffalo Bills,,1.43
2026-09-17T21:12:51Z,scheduled,56e8897681915f7ec92baeee952bb1ae,2026-09-18T00:15:00Z,Buffalo Bills,Detroit Lions,matchbook,h2h,Detroit Lions,,3.25
2026-09-17T21:12:51Z,scheduled,56e8897681915f7ec92baeee952bb1ae,2026-09-18T00:15:00Z,Buffalo Bills,Detroit Lions,matchbook,h2h_lay,Buffalo Bills,,1.44
2026-09-17T21:12:51Z,scheduled,56e8897681915f7ec92baeee952bb1ae,2026-09-18T00:15:00Z,Buffalo Bills,Detroit Lions,matchbook,h2h_lay,Detroit Lions,,3.3
2026-09-17T21:12:51Z,scheduled,56e8897681915f7ec92baeee952bb1ae,2026-09-18T00:15:00Z,Buffalo Bills,Detroit Lions,matchbook,spreads,Buffalo Bills,-5.5,2.0
2026-09-17T21:12:51Z,scheduled,56e8897681915f7ec92baeee952bb1ae,2026-09-18T00:15:00Z,Buffalo Bills,Detroit Lions,matchbook,spreads,Detroit Lions,5.5,1.96
2026-09-17T21:12:51Z,scheduled,56e8897681915f7ec92baeee952bb1ae,2026-09-18T00:15:00Z,Buffalo Bills,Detroit Lions,matchbook,totals,Over,54.5,1.93
2026-09-17T21:12:51Z,scheduled,56e8897681915f7ec92baeee952bb1ae,2026-09-18T00:15:00Z,Buffalo Bills,Detroit Lions,matchbook,totals,Under,54.5,2.06
2026-09-17T21:12:51Z,scheduled,56e8897681915f7ec92baeee952bb1ae,2026-09-18T00:15:00Z,Buffalo Bills,Detroit Lions,pinnacle,h2h,Buffalo Bills,,1.42
2026-09-17T21:12:51Z,scheduled,56e8897681915f7ec92baeee952bb1ae,2026-09-18T00:15:00Z,Buffalo Bills,Detroit Lions,pinnacle,h2h,Detroit Lions,,3.11
2026-09-17T21:12:51Z,scheduled,56e8897681915f7ec92baeee952bb1ae,2026-09-18T00:15:00Z,Buffalo Bills,Detroit Lions,pinnacle,spreads,Buffalo Bills,-5.5,1.95
2026-09-17T21:12:51Z,scheduled,56e8897681915f7ec92baeee952bb1ae,2026-09-18T00:15:00Z,Buffalo Bills,Detroit Lions,pinnacle,spreads,Detroit Lions,5.5,1.95
2026-09-17T21:12:51Z,scheduled,56e8897681915f7ec92baeee952bb1ae,2026-09-18T00:15:00Z,Buffalo Bills,Detroit Lions,pinnacle,totals,Over,55.0,1.96
2026-09-17T21:12:51Z,scheduled,56e8897681915f7ec92baeee952bb1ae,2026-09-18T00:15:00Z,Buffalo Bills,Detroit Lions,pinnacle,totals,Under,55.0,1.93
2026-09-17T21:12:51Z,scheduled,56e8897681915f7ec92baeee952bb1ae,2026-09-18T00:15:00Z,Buffalo Bills,Detroit Lions,coolbet,h2h,Buffalo Bills,,1.43
2026-09-17T21:12:51Z,scheduled,56e8897681915f7ec92baeee952bb1ae,2026-09-18T00:15:00Z,Buffalo Bills,Detroit Lions,coolbet,h2h,Detroit Lions,,3.1
2026-09-17T21:12:51Z,scheduled,56e8897681915f7ec92baeee952bb1ae,2026-09-18T00:15:00Z,Buffalo Bills,Detroit Lions,coolbet,spreads,Buffalo Bills,-5.0,1.92
2026-09-17T21:12:51Z,scheduled,56e8897681915f7ec92baeee952bb1ae,2026-09-18T00:15:00Z,Buffalo Bills,Detroit Lions,coolbet,spreads,Detroit Lions,5.0,1.92
2026-09-17T21:12:51Z,scheduled,56e8897681915f7ec92baeee952bb1ae,2026-09-18T00:15:00Z,Buffalo Bills,Detroit Lions,coolbet,totals,Over,55.0,1.91
2026-09-17T21:12:51Z,scheduled,56e8897681915f7ec92baeee952bb1ae,2026-09-18T00:15:00Z,Buffalo Bills,Detroit Lions,coolbet,totals,Under,55.0,1.93
2026-09-17T21:12:51Z,scheduled,56e8897681915f7ec92baeee952bb1ae,2026-09-18T00:15:00Z,Buffalo Bills,Detroit Lions,betfair_ex_eu,h2h,Buffalo Bills,,1.43
2026-09-17T21:12:51Z,scheduled,56e8897681915f7ec92baeee952bb1ae,2026-09-18T00:15:00Z,Buffalo Bills,Detroit Lions,betfair_ex_eu,h2h,Detroit Lions,,3.25
2026-09-17T21:12:51Z,scheduled,56e8897681915f7ec92baeee952bb1ae,2026-09-18T00:15:00Z,Buffalo Bills,Detroit Lions,betfair_ex_eu,h2h_lay,Buffalo Bills,,1.44
2026-09-17T21:12:51Z,scheduled,56e8897681915f7ec92baeee952bb1ae,2026-09-18T00:15:00Z,Buffalo Bills,Detroit Lions,betfair_ex_eu,h2h_lay,Detroit Lions,,3.35
2026-09-17T21:12:51Z,scheduled,aee7eae1849ebb103b9bf233e9741392,2026-09-20T17:00:00Z,Atlanta Falcons,Carolina Panthers,draftkings,h2h,Atlanta Falcons,,2.3
2026-09-17T21:12:51Z,scheduled,aee7eae1849ebb103b9bf233e9741392,2026-09-20T17:00:00Z,Atlanta Falcons,Carolina Panthers,draftkings,h2h,Carolina Panthers,,1.65
2026-09-17T21:12:51Z,scheduled,aee7eae1849ebb103b9bf233e9741392,2026-09-20T17:00:00Z,Atlanta Falcons,Carolina Panthers,draftkings,spreads,Atlanta Falcons,2.5,1.98
2026-09-17T21:12:51Z,scheduled,aee7eae1849ebb103b9bf233e9741392,2026-09-20T17:00:00Z,Atlanta Falcons,Carolina Panthers,draftkings,spreads,Carolina Panthers,-2.5,1.85
2026-09-17T21:12:51Z,scheduled,aee7eae1849ebb103b9bf233e9741392,2026-09-20T17:00:00Z,Atlanta Falcons,Carolina Panthers,draftkings,totals,Over,43.5,1.87
2026-09-17T21:12:51Z,scheduled,aee7eae1849ebb103b9bf233e9741392,2026-09-20T17:00:00Z,Atlanta Falcons,Carolina Panthers,draftkings,totals,Under,43.5,1.95
2026-09-17T21:12:51Z,scheduled,aee7eae1849ebb103b9bf233e9741392,2026-09-20T17:00:00Z,Atlanta Falcons,Carolina Panthers,betsson,h2h,Atlanta Falcons,,2.2
2026-09-17T21:12:51Z,scheduled,aee7eae1849ebb103b9bf233e9741392,2026-09-20T17:00:00Z,Atlanta Falcons,Carolina Panthers,betsson,h2h,Carolina Panthers,,1.67
2026-09-17T21:12:51Z,scheduled,aee7eae1849ebb103b9bf233e9741392,2026-09-20T17:00:00Z,Atlanta Falcons,Carolina Panthers,betsson,spreads,Atlanta Falcons,2.5,1.94
2026-09-17T21:12:51Z,scheduled,aee7eae1849ebb103b9bf233e9741392,2026-09-20T17:00:00Z,Atlanta Falcons,Carolina Panthers,betsson,spreads,Carolina Panthers,-2.5,1.86
2026-09-17T21:12:51Z,scheduled,aee7eae1849ebb103b9bf233e9741392,2026-09-20T17:00:00Z,Atlanta Falcons,Carolina Panthers,betsson,totals,Over,43.5,1.85
2026-09-17T21:12:51Z,scheduled,aee7eae1849ebb103b9bf233e9741392,2026-09-20T17:00:00Z,Atlanta Falcons,Carolina Panthers,betsson,totals,Under,43.5,1.96
2026-09-17T21:12:51Z,scheduled,aee7eae1849ebb103b9bf233e9741392,2026-09-20T17:00:00Z,Atlanta Falcons,Carolina Panthers,fanduel,h2h,Atlanta Falcons,,2.2
2026-09-17T21:12:51Z,scheduled,aee7eae1849ebb103b9bf233e9741392,2026-09-20T17:00:00Z,Atlanta Falcons,Carolina Panthers,fanduel,h2h,Carolina Panthers,,1.7
2026-09-17T21:12:51Z,scheduled,aee7eae1849ebb103b9bf233e9741392,2026-09-20T17:00:00Z,Atlanta Falcons,Carolina Panthers,fanduel,spreads,Atlanta Falcons,2.5,1.91
2026-09-17T21:12:51Z,scheduled,aee7eae1849ebb103b9bf233e9741392,2026-09-20T17:00:00Z,Atlanta Falcons,Carolina Panthers,fanduel,spreads,Carolina Panthers,-2.5,1.91
2026-09-17T21:12:51Z,scheduled,aee7eae1849ebb103b9bf233e9741392,2026-09-20T17:00:00Z,Atlanta Falcons,Carolina Panthers,fanduel,totals,Over,43.5,1.87
2026-09-17T21:12:51Z,scheduled,aee7eae1849ebb103b9bf233e9741392,2026-09-20T17:00:00Z,Atlanta Falcons,Carolina Panthers,fanduel,totals,Under,43.5,1.95
2026-09-17T21:12:51Z,scheduled,aee7eae1849ebb103b9bf233e9741392,2026-09-20T17:00:00Z,Atlanta Falcons,Carolina Panthers,betrivers,h2h,Atlanta Falcons,,2.2
2026-09-17T21:12:51Z,scheduled,aee7eae1849ebb103b9bf233e9741392,2026-09-20T17:00:00Z,Atlanta Falcons,Carolina Panthers,betrivers,h2h,Carolina Panthers,,1.7
2026-09-17T21:12:51Z,scheduled,aee7eae1849ebb103b9bf233e9741392,2026-09-20T17:00:00Z,Atlanta Falcons,Carolina Panthers,betrivers,spreads,Atlanta Falcons,2.5,1.94
2026-09-17T21:12:51Z,scheduled,aee7eae1849ebb103b9bf233e9741392,2026-09-20T17:00:00Z,Atlanta Falcons,Carolina Panthers,betrivers,spreads,Carolina Panthers,-2.5,1.87
2026-09-17T21:12:51Z,scheduled,aee7eae1849ebb103b9bf233e9741392,2026-09-20T17:00:00Z,Atlanta Falcons,Carolina Panthers,betrivers,totals,Over,43.5,1.88
2026-09-17T21:12:51Z,scheduled,aee7eae1849ebb103b9bf233e9741392,2026-09-20T17:00:00Z,Atlanta Falcons,Carolina Panthers,betrivers,totals,Under,43.5,1.93
2026-09-17T21:12:51Z,scheduled,aee7eae1849ebb103b9bf233e9741392,2026-09-20T17:00:00Z,Atlanta Falcons,Carolina Panthers,betmgm,h2h,Atlanta Falcons,,2.25
2026-09-17T21:12:51Z,scheduled,aee7eae1849ebb103b9bf233e9741392,2026-09-20T17:00:00Z,Atlanta Falcons,Carolina Panthers,betmgm,h2h,Carolina Panthers,,1.69
2026-09-17T21:12:51Z,scheduled,aee7eae1849ebb103b9bf233e9741392,2026-09-20T17:00:00Z,Atlanta Falcons,Carolina Panthers,betmgm,spreads,Atlanta Falcons,2.5,1.95
2026-09-17T21:12:51Z,scheduled,aee7eae1849ebb103b9bf233e9741392,2026-09-20T17:00:00Z,Atlanta Falcons,Carolina Panthers,betmgm,spreads,Carolina Panthers,-2.5,1.87
2026-09-17T21:12:51Z,scheduled,aee7eae1849ebb103b9bf233e9741392,2026-09-20T17:00:00Z,Atlanta Falcons,Carolina Panthers,betmgm,totals,Over,44.0,1.93
2026-09-17T21:12:51Z,scheduled,aee7eae1849ebb103b9bf233e9741392,2026-09-20T17:00:00Z,Atlanta Falcons,Carolina Panthers,betmgm,totals,Under,44.0,1.91
2026-09-17T21:12:51Z,scheduled,aee7eae1849ebb103b9bf233e9741392,2026-09-20T17:00:00Z,Atlanta Falcons,Carolina Panthers,coolbet,h2h,Atlanta Falcons,,2.25
2026-09-17T21:12:51Z,scheduled,aee7eae1849ebb103b9bf233e9741392,2026-09-20T17:00:00Z,Atlanta Falcons,Carolina Panthers,coolbet,h2h,Carolina Panthers,,1.68
2026-09-17T21:12:51Z,scheduled,aee7eae1849ebb103b9bf233e9741392,2026-09-20T17:00:00Z,Atlanta Falcons,Carolina Panthers,coolbet,spreads,Atlanta Falcons,2.5,1.96
2026-09-17T21:12:51Z,scheduled,aee7eae1849ebb103b9bf233e9741392,2026-09-20T17:00:00Z,Atlanta Falcons,Carolina Panthers,coolbet,spreads,Carolina Panthers,-2.5,1.89
2026-09-17T21:12:51Z,scheduled,aee7eae1849ebb103b9bf233e9741392,2026-09-20T17:00:00Z,Atlanta Falcons,Carolina Panthers,coolbet,totals,Over,44.0,1.93
2026-09-17T21:12:51Z,scheduled,aee7eae1849ebb103b9bf233e9741392,2026-09-20T17:00:00Z,Atlanta Falcons,Carolina Panthers,coolbet,totals,Under,44.0,1.91
2026-09-17T21:12:51Z,scheduled,aee7eae1849ebb103b9bf233e9741392,2026-09-20T17:00:00Z,Atlanta Falcons,Carolina Panthers,matchbook,h2h,Atlanta Falcons,,2.3
2026-09-17T21:12:51Z,scheduled,aee7eae1849ebb103b9bf233e9741392,2026-09-20T17:00:00Z,Atlanta Falcons,Carolina Panthers,matchbook,h2h,Carolina Panthers,,1.75
2026-09-17T21:12:51Z,scheduled,aee7eae1849ebb103b9bf233e9741392,2026-09-20T17:00:00Z,Atlanta Falcons,Carolina Panthers,matchbook,h2h_lay,Atlanta Falcons,,2.34
2026-09-17T21:12:51Z,scheduled,aee7eae1849ebb103b9bf233e9741392,2026-09-20T17:00:00Z,Atlanta Falcons,Carolina Panthers,matchbook,h2h_lay,Carolina Panthers,,1.77
2026-09-17T21:12:51Z,scheduled,aee7eae1849ebb103b9bf233e9741392,2026-09-20T17:00:00Z,Atlanta Falcons,Carolina Panthers,matchbook,spreads,Atlanta Falcons,2.5,2.02
2026-09-17T21:12:51Z,scheduled,aee7eae1849ebb103b9bf233e9741392,2026-09-20T17:00:00Z,Atlanta Falcons,Carolina Panthers,matchbook,spreads,Carolina Panthers,-2.5,1.93
2026-09-17T21:12:51Z,scheduled,aee7eae1849ebb103b9bf233e9741392,2026-09-20T17:00:00Z,Atlanta Falcons,Carolina Panthers,matchbook,totals,Over,44.0,1.94
2026-09-17T21:12:51Z,scheduled,aee7eae1849ebb103b9bf233e9741392,2026-09-20T17:00:00Z,Atlanta Falcons,Carolina Panthers,matchbook,totals,Under,44.0,1.94
2026-09-17T21:12:51Z,scheduled,aee7eae1849ebb103b9bf233e9741392,2026-09-20T17:00:00Z,Atlanta Falcons,Carolina Panthers,betfair_ex_eu,h2h,Atlanta Falcons,,2.3
2026-09-17T21:12:51Z,scheduled,aee7eae1849ebb103b9bf233e9741392,2026-09-20T17:00:00Z,Atlanta Falcons,Carolina Panthers,betfair_ex_eu,h2h,Carolina Panthers,,1.74
2026-09-17T21:12:51Z,scheduled,aee7eae1849ebb103b9bf233e9741392,2026-09-20T17:00:00Z,Atlanta Falcons,Carolina Panthers,betfair_ex_eu,h2h_lay,Atlanta Falcons,,2.36
2026-09-17T21:12:51Z,scheduled,aee7eae1849ebb103b9bf233e9741392,2026-09-20T17:00:00Z,Atlanta Falcons,Carolina Panthers,betfair_ex_eu,h2h_lay,Carolina Panthers,,1.77
2026-09-17T21:12:51Z,scheduled,aee7eae1849ebb103b9bf233e9741392,2026-09-20T17:00:00Z,Atlanta Falcons,Carolina Panthers,pinnacle,h2h,Atlanta Falcons,,2.28
2026-09-17T21:12:51Z,scheduled,aee7eae1849ebb103b9bf233e9741392,2026-09-20T17:00:00Z,Atlanta Falcons,Carolina Panthers,pinnacle,h2h,Carolina Panthers,,1.69
2026-09-17T21:12:51Z,scheduled,aee7eae1849ebb103b9bf233e9741392,2026-09-20T17:00:00Z,Atlanta Falcons,Carolina Panthers,pinnacle,spreads,Atlanta Falcons,2.5,2.02
2026-09-17T21:12:51Z,scheduled,aee7eae1849ebb103b9bf233e9741392,2026-09-20T17:00:00Z,Atlanta Falcons,Carolina Panthers,pinnacle,spreads,Carolina Panthers,-2.5,1.88
2026-09-17T21:12:51Z,scheduled,aee7eae1849ebb103b9bf233e9741392,2026-09-20T17:00:00Z,Atlanta Falcons,Carolina Panthers,pinnacle,totals,Over,44.0,1.93
2026-09-17T21:12:51Z,scheduled,aee7eae1849ebb103b9bf233e9741392,2026-09-20T17:00:00Z,Atlanta Falcons,Carolina Panthers,pinnacle,totals,Under,44.0,1.93
2026-09-17T21:12:51Z,scheduled,2143ade9684fd876b68a4e8cbf451f05,2026-09-20T17:00:00Z,Baltimore Ravens,New Orleans Saints,draftkings,h2h,Baltimore Ravens,,1.26
2026-09-17T21:12:51Z,scheduled,2143ade9684fd876b68a4e8cbf451f05,2026-09-20T17:00:00Z,Baltimore Ravens,New Orleans Saints,draftkings,h2h,New Orleans Saints,,4.0
2026-09-17T21:12:51Z,scheduled,2143ade9684fd876b68a4e8cbf451f05,2026-09-20T17:00:00Z,Baltimore Ravens,New Orleans Saints,draftkings,spreads,Baltimore Ravens,-7.5,1.87
2026-09-17T21:12:51Z,scheduled,2143ade9684fd876b68a4e8cbf451f05,2026-09-20T17:00:00Z,Baltimore Ravens,New Orleans Saints,draftkings,spreads,New Orleans Saints,7.5,1.95
2026-09-17T21:12:51Z,scheduled,2143ade9684fd876b68a4e8cbf451f05,2026-09-20T17:00:00Z,Baltimore Ravens,New Orleans Saints,draftkings,totals,Over,46.5,1.91
2026-09-17T21:12:51Z,scheduled,2143ade9684fd876b68a4e8cbf451f05,2026-09-20T17:00:00Z,Baltimore Ravens,New Orleans Saints,draftkings,totals,Under,46.5,1.91
2026-09-17T21:12:51Z,scheduled,2143ade9684fd876b68a4e8cbf451f05,2026-09-20T17:00:00Z,Baltimore Ravens,New Orleans Saints,betsson,h2h,Baltimore Ravens,,1.24
2026-09-17T21:12:51Z,scheduled,2143ade9684fd876b68a4e8cbf451f05,2026-09-20T17:00:00Z,Baltimore Ravens,New Orleans Saints,betsson,h2h,New Orleans Saints,,4.03
2026-09-17T21:12:51Z,scheduled,2143ade9684fd876b68a4e8cbf451f05,2026-09-20T17:00:00Z,Baltimore Ravens,New Orleans Saints,betsson,spreads,Baltimore Ravens,-10.5,2.14
2026-09-17T21:12:51Z,scheduled,2143ade9684fd876b68a4e8cbf451f05,2026-09-20T17:00:00Z,Baltimore Ravens,New Orleans Saints,betsson,spreads,New Orleans Saints,10.5,1.71
2026-09-17T21:12:51Z,scheduled,2143ade9684fd876b68a4e8cbf451f05,2026-09-20T17:00:00Z,Baltimore Ravens,New Orleans Saints,betsson,totals,Over,46.5,1.92
2026-09-17T21:12:51Z,scheduled,2143ade9684fd876b68a4e8cbf451f05,2026-09-20T17:00:00Z,Baltimore Ravens,New Orleans Saints,betsson,totals,Under,46.5,1.88
2026-09-17T21:12:51Z,scheduled,2143ade9684fd876b68a4e8cbf451f05,2026-09-20T17:00:00Z,Baltimore Ravens,New Orleans Saints,fanduel,h2h,Baltimore Ravens,,1.25
2026-09-17T21:12:51Z,scheduled,2143ade9684fd876b68a4e8cbf451f05,2026-09-20T17:00:00Z,Baltimore Ravens,New Orleans Saints,fanduel,h2h,New Orleans Saints,,4.15
2026-09-17T21:12:51Z,scheduled,2143ade9684fd876b68a4e8cbf451f05,2026-09-20T17:00:00Z,Baltimore Ravens,New Orleans Saints,fanduel,spreads,Baltimore Ravens,-8.5,1.95
2026-09-17T21:12:51Z,scheduled,2143ade9684fd876b68a4e8cbf451f05,2026-09-20T17:00:00Z,Baltimore Ravens,New Orleans Saints,fanduel,spreads,New Orleans Saints,8.5,1.87
2026-09-17T21:12:51Z,scheduled,2143ade9684fd876b68a4e8cbf451f05,2026-09-20T17:00:00Z,Baltimore Ravens,New Orleans Saints,fanduel,totals,Over,46.5,1.96
2026-09-17T21:12:51Z,scheduled,2143ade9684fd876b68a4e8cbf451f05,2026-09-20T17:00:00Z,Baltimore Ravens,New Orleans Saints,fanduel,totals,Under,46.5,1.85
2026-09-17T21:12:51Z,scheduled,2143ade9684fd876b68a4e8cbf451f05,2026-09-20T17:00:00Z,Baltimore Ravens,New Orleans Saints,betrivers,h2h,Baltimore Ravens,,1.23
2026-09-17T21:12:51Z,scheduled,2143ade9684fd876b68a4e8cbf451f05,2026-09-20T17:00:00Z,Baltimore Ravens,New Orleans Saints,betrivers,h2h,New Orleans Saints,,4.25
2026-09-17T21:12:51Z,scheduled,2143ade9684fd876b68a4e8cbf451f05,2026-09-20T17:00:00Z,Baltimore Ravens,New Orleans Saints,betrivers,spreads,Baltimore Ravens,-8.0,1.88
2026-09-17T21:12:51Z,scheduled,2143ade9684fd876b68a4e8cbf451f05,2026-09-20T17:00:00Z,Baltimore Ravens,New Orleans Saints,betrivers,spreads,New Orleans Saints,8.0,1.93
2026-09-17T21:12:51Z,scheduled,2143ade9684fd876b68a4e8cbf451f05,2026-09-20T17:00:00Z,Baltimore Ravens,New Orleans Saints,betrivers,totals,Over,46.5,1.88
2026-09-17T21:12:51Z,scheduled,2143ade9684fd876b68a4e8cbf451f05,2026-09-20T17:00:00Z,Baltimore Ravens,New Orleans Saints,betrivers,totals,Under,46.5,1.93
2026-09-17T21:12:51Z,scheduled,2143ade9684fd876b68a4e8cbf451f05,2026-09-20T17:00:00Z,Baltimore Ravens,New Orleans Saints,betmgm,h2h,Baltimore Ravens,,1.27
2026-09-17T21:12:51Z,scheduled,2143ade9684fd876b68a4e8cbf451f05,2026-09-20T17:00:00Z,Baltimore Ravens,New Orleans Saints,betmgm,h2h,New Orleans Saints,,4.1
2026-09-17T21:12:51Z,scheduled,2143ade9684fd876b68a4e8cbf451f05,2026-09-20T17:00:00Z,Baltimore Ravens,New Orleans Saints,betmgm,spreads,Baltimore Ravens,-8.5,1.91
2026-09-17T21:12:51Z,scheduled,2143ade9684fd876b68a4e8cbf451f05,2026-09-20T17:00:00Z,Baltimore Ravens,New Orleans Saints,betmgm,spreads,New Orleans Saints,8.5,1.93
2026-09-17T21:12:51Z,scheduled,2143ade9684fd876b68a4e8cbf451f05,2026-09-20T17:00:00Z,Baltimore Ravens,New Orleans Saints,betmgm,totals,Over,46.0,1.91
2026-09-17T21:12:51Z,scheduled,2143ade9684fd876b68a4e8cbf451f05,2026-09-20T17:00:00Z,Baltimore Ravens,New Orleans Saints,betmgm,totals,Under,46.0,1.93
2026-09-17T21:12:51Z,scheduled,2143ade9684fd876b68a4e8cbf451f05,2026-09-20T17:00:00Z,Baltimore Ravens,New Orleans Saints,pinnacle,h2h,Baltimore Ravens,,1.25
2026-09-17T21:12:51Z,scheduled,2143ade9684fd876b68a4e8cbf451f05,2026-09-20T17:00:00Z,Baltimore Ravens,New Orleans Saints,pinnacle,h2h,New Orleans Saints,,4.22
2026-09-17T21:12:51Z,scheduled,2143ade9684fd876b68a4e8cbf451f05,2026-09-20T17:00:00Z,Baltimore Ravens,New Orleans Saints,pinnacle,spreads,Baltimore Ravens,-9.0,2.07
2026-09-17T21:12:51Z,scheduled,2143ade9684fd876b68a4e8cbf451f05,2026-09-20T17:00:00Z,Baltimore Ravens,New Orleans Saints,pinnacle,spreads,New Orleans Saints,9.0,1.83
2026-09-17T21:12:51Z,scheduled,2143ade9684fd876b68a4e8cbf451f05,2026-09-20T17:00:00Z,Baltimore Ravens,New Orleans Saints,pinnacle,totals,Over,46.5,1.95
2026-09-17T21:12:51Z,scheduled,2143ade9684fd876b68a4e8cbf451f05,2026-09-20T17:00:00Z,Baltimore Ravens,New Orleans Saints,pinnacle,totals,Under,46.5,1.9
2026-09-17T21:12:51Z,scheduled,2143ade9684fd876b68a4e8cbf451f05,2026-09-20T17:00:00Z,Baltimore Ravens,New Orleans Saints,matchbook,h2h,Baltimore Ravens,,1.27
2026-09-17T21:12:51Z,scheduled,2143ade9684fd876b68a4e8cbf451f05,2026-09-20T17:00:00Z,Baltimore Ravens,New Orleans Saints,matchbook,h2h,New Orleans Saints,,4.6
2026-09-17T21:12:51Z,scheduled,2143ade9684fd876b68a4e8cbf451f05,2026-09-20T17:00:00Z,Baltimore Ravens,New Orleans Saints,matchbook,h2h_lay,Baltimore Ravens,,1.28
2026-09-17T21:12:51Z,scheduled,2143ade9684fd876b68a4e8cbf451f05,2026-09-20T17:00:00Z,Baltimore Ravens,New Orleans Saints,matchbook,h2h_lay,New Orleans Saints,,4.8
2026-09-17T21:12:51Z,scheduled,2143ade9684fd876b68a4e8cbf451f05,2026-09-20T17:00:00Z,Baltimore Ravens,New Orleans Saints,matchbook,spreads,Baltimore Ravens,-8.0,1.98
2026-09-17T21:12:51Z,scheduled,2143ade9684fd876b68a4e8cbf451f05,2026-09-20T17:00:00Z,Baltimore Ravens,New Orleans Saints,matchbook,spreads,New Orleans Saints,8.0,1.91
2026-09-17T21:12:51Z,scheduled,2143ade9684fd876b68a4e8cbf451f05,2026-09-20T17:00:00Z,Baltimore Ravens,New Orleans Saints,matchbook,totals,Over,46.5,1.96
2026-09-17T21:12:51Z,scheduled,2143ade9684fd876b68a4e8cbf451f05,2026-09-20T17:00:00Z,Baltimore Ravens,New Orleans Saints,matchbook,totals,Under,46.5,1.93
2026-09-17T21:12:51Z,scheduled,2143ade9684fd876b68a4e8cbf451f05,2026-09-20T17:00:00Z,Baltimore Ravens,New Orleans Saints,coolbet,h2h,Baltimore Ravens,,1.25
2026-09-17T21:12:51Z,scheduled,2143ade9684fd876b68a4e8cbf451f05,2026-09-20T17:00:00Z,Baltimore Ravens,New Orleans Saints,coolbet,h2h,New Orleans Saints,,4.2
2026-09-17T21:12:51Z,scheduled,2143ade9684fd876b68a4e8cbf451f05,2026-09-20T17:00:00Z,Baltimore Ravens,New Orleans Saints,coolbet,spreads,Baltimore Ravens,-8.0,1.91
2026-09-17T21:12:51Z,scheduled,2143ade9684fd876b68a4e8cbf451f05,2026-09-20T17:00:00Z,Baltimore Ravens,New Orleans Saints,coolbet,spreads,New Orleans Saints,8.0,1.93
2026-09-17T21:12:51Z,scheduled,2143ade9684fd876b68a4e8cbf451f05,2026-09-20T17:00:00Z,Baltimore Ravens,New Orleans Saints,coolbet,totals,Over,46.0,1.91
2026-09-17T21:12:51Z,scheduled,2143ade9684fd876b68a4e8cbf451f05,2026-09-20T17:00:00Z,Baltimore Ravens,New Orleans Saints,coolbet,totals,Under,46.0,1.93
2026-09-17T21:12:51Z,scheduled,2143ade9684fd876b68a4e8cbf451f05,2026-09-20T17:00:00Z,Baltimore Ravens,New Orleans Saints,betfair_ex_eu,h2h,Baltimore Ravens,,1.27
2026-09-17T21:12:51Z,scheduled,2143ade9684fd876b68a4e8cbf451f05,2026-09-20T17:00:00Z,Baltimore Ravens,New Orleans Saints,betfair_ex_eu,h2h,New Orleans Saints,,4.5
2026-09-17T21:12:51Z,scheduled,2143ade9684fd876b68a4e8cbf451f05,2026-09-20T17:00:00Z,Baltimore Ravens,New Orleans Saints,betfair_ex_eu,h2h_lay,Baltimore Ravens,,1.28
2026-09-17T21:12:51Z,scheduled,2143ade9684fd876b68a4e8cbf451f05,2026-09-20T17:00:00Z,Baltimore Ravens,New Orleans Saints,betfair_ex_eu,h2h_lay,New Orleans Saints,,4.8
2026-09-17T21:12:51Z,scheduled,0283a29e1b38ef78b29b904fd56a16dd,2026-09-20T17:00:00Z,Chicago Bears,Minnesota Vikings,draftkings,h2h,Chicago Bears,,1.51
2026-09-17T21:12:51Z,scheduled,0283a29e1b38ef78b29b904fd56a16dd,2026-09-20T17:00:00Z,Chicago Bears,Minnesota Vikings,draftkings,h2h,Minnesota Vikings,,2.64
2026-09-17T21:12:51Z,scheduled,0283a29e1b38ef78b29b904fd56a16dd,2026-09-20T17:00:00Z,Chicago Bears,Minnesota Vikings,draftkings,spreads,Chicago Bears,-4.5,1.93
2026-09-17T21:12:51Z,scheduled,0283a29e1b38ef78b29b904fd56a16dd,2026-09-20T17:00:00Z,Chicago Bears,Minnesota Vikings,draftkings,spreads,Minnesota Vikings,4.5,1.89
2026-09-17T21:12:51Z,scheduled,0283a29e1b38ef78b29b904fd56a16dd,2026-09-20T17:00:00Z,Chicago Bears,Minnesota Vikings,draftkings,totals,Over,48.5,1.91
2026-09-17T21:12:51Z,scheduled,0283a29e1b38ef78b29b904fd56a16dd,2026-09-20T17:00:00Z,Chicago Bears,Minnesota Vikings,draftkings,totals,Under,48.5,1.91
2026-09-17T21:12:51Z,scheduled,0283a29e1b38ef78b29b904fd56a16dd,2026-09-20T17:00:00Z,Chicago Bears,Minnesota Vikings,betsson,h2h,Chicago Bears,,1.44
2026-09-17T21:12:51Z,scheduled,0283a29e1b38ef78b29b904fd56a16dd,2026-09-20T17:00:00Z,Chicago Bears,Minnesota Vikings,betsson,h2h,Minnesota Vikings,,2.8
2026-09-17T21:12:51Z,scheduled,0283a29e1b38ef78b29b904fd56a16dd,2026-09-20T17:00:00Z,Chicago Bears,Minnesota Vikings,betsson,spreads,Chicago Bears,-4.5,1.94
2026-09-17T21:12:51Z,scheduled,0283a29e1b38ef78b29b904fd56a16dd,2026-09-20T17:00:00Z,Chicago Bears,Minnesota Vikings,betsson,spreads,Minnesota Vikings,4.5,1.86
2026-09-17T21:12:51Z,scheduled,0283a29e1b38ef78b29b904fd56a16dd,2026-09-20T17:00:00Z,Chicago Bears,Minnesota Vikings,betsson,totals,Over,48.5,1.94
2026-09-17T21:12:51Z,scheduled,0283a29e1b38ef78b29b904fd56a16dd,2026-09-20T17:00:00Z,Chicago Bears,Minnesota Vikings,betsson,totals,Under,48.5,1.86
2026-09-17T21:12:51Z,scheduled,0283a29e1b38ef78b29b904fd56a16dd,2026-09-20T17:00:00Z,Chicago Bears,Minnesota Vikings,fanduel,h2h,Chicago Bears,,1.45
2026-09-17T21:12:51Z,scheduled,0283a29e1b38ef78b29b904fd56a16dd,2026-09-20T17:00:00Z,Chicago Bears,Minnesota Vikings,fanduel,h2h,Minnesota Vikings,,2.84
2026-09-17T21:12:51Z,scheduled,0283a29e1b38ef78b29b904fd56a16dd,2026-09-20T17:00:00Z,Chicago Bears,Minnesota Vikings,fanduel,spreads,Chicago Bears,-4.5,1.91
2026-09-17T21:12:51Z,scheduled,0283a29e1b38ef78b29b904fd56a16dd,2026-09-20T17:00:00Z,Chicago Bears,Minnesota Vikings,fanduel,spreads,Minnesota Vikings,4.5,1.91
2026-09-17T21:12:51Z,scheduled,0283a29e1b38ef78b29b904fd56a16dd,2026-09-20T17:00:00Z,Chicago Bears,Minnesota Vikings,fanduel,totals,Over,47.5,1.83
2026-09-17T21:12:51Z,scheduled,0283a29e1b38ef78b29b904fd56a16dd,2026-09-20T17:00:00Z,Chicago Bears,Minnesota Vikings,fanduel,totals,Under,47.5,1.98
2026-09-17T21:12:51Z,scheduled,0283a29e1b38ef78b29b904fd56a16dd,2026-09-20T17:00:00Z,Chicago Bears,Minnesota Vikings,betrivers,h2h,Chicago Bears,,1.43
2026-09-17T21:12:51Z,scheduled,0283a29e1b38ef78b29b904fd56a16dd,2026-09-20T17:00:00Z,Chicago Bears,Minnesota Vikings,betrivers,h2h,Minnesota Vikings,,2.85
2026-09-17T21:12:51Z,scheduled,0283a29e1b38ef78b29b904fd56a16dd,2026-09-20T17:00:00Z,Chicago Bears,Minnesota Vikings,betrivers,spreads,Chicago Bears,-4.5,1.91
2026-09-17T21:12:51Z,scheduled,0283a29e1b38ef78b29b904fd56a16dd,2026-09-20T17:00:00Z,Chicago Bears,Minnesota Vikings,betrivers,spreads,Minnesota Vikings,4.5,1.91
2026-09-17T21:12:51Z,scheduled,0283a29e1b38ef78b29b904fd56a16dd,2026-09-20T17:00:00Z,Chicago Bears,Minnesota Vikings,betrivers,totals,Over,48.5,1.92
2026-09-17T21:12:51Z,scheduled,0283a29e1b38ef78b29b904fd56a16dd,2026-09-20T17:00:00Z,Chicago Bears,Minnesota Vikings,betrivers,totals,Under,48.5,1.89
2026-09-17T21:12:51Z,scheduled,0283a29e1b38ef78b29b904fd56a16dd,2026-09-20T17:00:00Z,Chicago Bears,Minnesota Vikings,betmgm,h2h,Chicago Bears,,1.45
2026-09-17T21:12:51Z,scheduled,0283a29e1b38ef78b29b904fd56a16dd,2026-09-20T17:00:00Z,Chicago Bears,Minnesota Vikings,betmgm,h2h,Minnesota Vikings,,2.8
2026-09-17T21:12:51Z,scheduled,0283a29e1b38ef78b29b904fd56a16dd,2026-09-20T17:00:00Z,Chicago Bears,Minnesota Vikings,betmgm,spreads,Chicago Bears,-4.5,1.93
2026-09-17T21:12:51Z,scheduled,0283a29e1b38ef78b29b904fd56a16dd,2026-09-20T17:00:00Z,Chicago Bears,Minnesota Vikings,betmgm,spreads,Minnesota Vikings,4.5,1.91
2026-09-17T21:12:51Z,scheduled,0283a29e1b38ef78b29b904fd56a16dd,2026-09-20T17:00:00Z,Chicago Bears,Minnesota Vikings,betmgm,totals,Over,48.0,1.91
2026-09-17T21:12:51Z,scheduled,0283a29e1b38ef78b29b904fd56a16dd,2026-09-20T17:00:00Z,Chicago Bears,Minnesota Vikings,betmgm,totals,Under,48.0,1.93
2026-09-17T21:12:51Z,scheduled,0283a29e1b38ef78b29b904fd56a16dd,2026-09-20T17:00:00Z,Chicago Bears,Minnesota Vikings,coolbet,h2h,Chicago Bears,,1.45
2026-09-17T21:12:51Z,scheduled,0283a29e1b38ef78b29b904fd56a16dd,2026-09-20T17:00:00Z,Chicago Bears,Minnesota Vikings,coolbet,h2h,Minnesota Vikings,,2.85
2026-09-17T21:12:51Z,scheduled,0283a29e1b38ef78b29b904fd56a16dd,2026-09-20T17:00:00Z,Chicago Bears,Minnesota Vikings,coolbet,spreads,Chicago Bears,-4.0,1.9
2026-09-17T21:12:51Z,scheduled,0283a29e1b38ef78b29b904fd56a16dd,2026-09-20T17:00:00Z,Chicago Bears,Minnesota Vikings,coolbet,spreads,Minnesota Vikings,4.0,1.95
2026-09-17T21:12:51Z,scheduled,0283a29e1b38ef78b29b904fd56a16dd,2026-09-20T17:00:00Z,Chicago Bears,Minnesota Vikings,coolbet,totals,Over,48.0,1.91
2026-09-17T21:12:51Z,scheduled,0283a29e1b38ef78b29b904fd56a16dd,2026-09-20T17:00:00Z,Chicago Bears,Minnesota Vikings,coolbet,totals,Under,48.0,1.93
2026-09-17T21:12:51Z,scheduled,0283a29e1b38ef78b29b904fd56a16dd,2026-09-20T17:00:00Z,Chicago Bears,Minnesota Vikings,matchbook,h2h,Chicago Bears,,1.54
2026-09-17T21:12:51Z,scheduled,0283a29e1b38ef78b29b904fd56a16dd,2026-09-20T17:00:00Z,Chicago Bears,Minnesota Vikings,matchbook,h2h,Minnesota Vikings,,2.84
2026-09-17T21:12:51Z,scheduled,0283a29e1b38ef78b29b904fd56a16dd,2026-09-20T17:00:00Z,Chicago Bears,Minnesota Vikings,matchbook,h2h_lay,Chicago Bears,,1.55
2026-09-17T21:12:51Z,scheduled,0283a29e1b38ef78b29b904fd56a16dd,2026-09-20T17:00:00Z,Chicago Bears,Minnesota Vikings,matchbook,h2h_lay,Minnesota Vikings,,2.86
2026-09-17T21:12:51Z,scheduled,0283a29e1b38ef78b29b904fd56a16dd,2026-09-20T17:00:00Z,Chicago Bears,Minnesota Vikings,matchbook,spreads,Chicago Bears,-4.0,1.94
2026-09-17T21:12:51Z,scheduled,0283a29e1b38ef78b29b904fd56a16dd,2026-09-20T17:00:00Z,Chicago Bears,Minnesota Vikings,matchbook,spreads,Minnesota Vikings,4.0,1.96
2026-09-17T21:12:51Z,scheduled,0283a29e1b38ef78b29b904fd56a16dd,2026-09-20T17:00:00Z,Chicago Bears,Minnesota Vikings,matchbook,totals,Over,48.0,1.95
2026-09-17T21:12:51Z,scheduled,0283a29e1b38ef78b29b904fd56a16dd,2026-09-20T17:00:00Z,Chicago Bears,Minnesota Vikings,matchbook,totals,Under,48.0,1.98
2026-09-17T21:12:51Z,scheduled,0283a29e1b38ef78b29b904fd56a16dd,2026-09-20T17:00:00Z,Chicago Bears,Minnesota Vikings,betfair_ex_eu,h2h,Chicago Bears,,1.52
2026-09-17T21:12:51Z,scheduled,0283a29e1b38ef78b29b904fd56a16dd,2026-09-20T17:00:00Z,Chicago Bears,Minnesota Vikings,betfair_ex_eu,h2h,Minnesota Vikings,,2.86
2026-09-17T21:12:51Z,scheduled,0283a29e1b38ef78b29b904fd56a16dd,2026-09-20T17:00:00Z,Chicago Bears,Minnesota Vikings,betfair_ex_eu,h2h_lay,Chicago Bears,,1.54
2026-09-17T21:12:51Z,scheduled,0283a29e1b38ef78b29b904fd56a16dd,2026-09-20T17:00:00Z,Chicago Bears,Minnesota Vikings,betfair_ex_eu,h2h_lay,Minnesota Vikings,,2.92
2026-09-17T21:12:51Z,scheduled,0283a29e1b38ef78b29b904fd56a16dd,2026-09-20T17:00:00Z,Chicago Bears,Minnesota Vikings,pinnacle,h2h,Chicago Bears,,1.47
2026-09-17T21:12:51Z,scheduled,0283a29e1b38ef78b29b904fd56a16dd,2026-09-20T17:00:00Z,Chicago Bears,Minnesota Vikings,pinnacle,h2h,Minnesota Vikings,,2.86
2026-09-17T21:12:51Z,scheduled,0283a29e1b38ef78b29b904fd56a16dd,2026-09-20T17:00:00Z,Chicago Bears,Minnesota Vikings,pinnacle,spreads,Chicago Bears,-5.5,2.09
2026-09-17T21:12:51Z,scheduled,0283a29e1b38ef78b29b904fd56a16dd,2026-09-20T17:00:00Z,Chicago Bears,Minnesota Vikings,pinnacle,spreads,Minnesota Vikings,5.5,1.81
2026-09-17T21:12:51Z,scheduled,0283a29e1b38ef78b29b904fd56a16dd,2026-09-20T17:00:00Z,Chicago Bears,Minnesota Vikings,pinnacle,totals,Over,48.5,1.99
2026-09-17T21:12:51Z,scheduled,0283a29e1b38ef78b29b904fd56a16dd,2026-09-20T17:00:00Z,Chicago Bears,Minnesota Vikings,pinnacle,totals,Under,48.5,1.86
2026-09-17T21:12:51Z,scheduled,36ad2fa722f4915ef23d2c81351261de,2026-09-20T17:00:00Z,Houston Texans,Cincinnati Bengals,draftkings,h2h,Cincinnati Bengals,,2.2
2026-09-17T21:12:51Z,scheduled,36ad2fa722f4915ef23d2c81351261de,2026-09-20T17:00:00Z,Houston Texans,Cincinnati Bengals,draftkings,h2h,Houston Texans,,1.7
2026-09-17T21:12:51Z,scheduled,36ad2fa722f4915ef23d2c81351261de,2026-09-20T17:00:00Z,Houston Texans,Cincinnati Bengals,draftkings,spreads,Cincinnati Bengals,2.5,1.98
2026-09-17T21:12:51Z,scheduled,36ad2fa722f4915ef23d2c81351261de,2026-09-20T17:00:00Z,Houston Texans,Cincinnati Bengals,draftkings,spreads,Houston Texans,-2.5,1.85
2026-09-17T21:12:51Z,scheduled,36ad2fa722f4915ef23d2c81351261de,2026-09-20T17:00:00Z,Houston Texans,Cincinnati Bengals,draftkings,totals,Over,46.5,1.95
2026-09-17T21:12:51Z,scheduled,36ad2fa722f4915ef23d2c81351261de,2026-09-20T17:00:00Z,Houston Texans,Cincinnati Bengals,draftkings,totals,Under,46.5,1.87
2026-09-17T21:12:51Z,scheduled,36ad2fa722f4915ef23d2c81351261de,2026-09-20T17:00:00Z,Houston Texans,Cincinnati Bengals,betsson,h2h,Cincinnati Bengals,,2.18
2026-09-17T21:12:51Z,scheduled,36ad2fa722f4915ef23d2c81351261de,2026-09-20T17:00:00Z,Houston Texans,Cincinnati Bengals,betsson,h2h,Houston Texans,,1.68
2026-09-17T21:12:51Z,scheduled,36ad2fa722f4915ef23d2c81351261de,2026-09-20T17:00:00Z,Houston Texans,Cincinnati Bengals,betsson,spreads,Cincinnati Bengals,2.5,1.92
2026-09-17T21:12:51Z,scheduled,36ad2fa722f4915ef23d2c81351261de,2026-09-20T17:00:00Z,Houston Texans,Cincinnati Bengals,betsson,spreads,Houston Texans,-2.5,1.88
2026-09-17T21:12:51Z,scheduled,36ad2fa722f4915ef23d2c81351261de,2026-09-20T17:00:00Z,Houston Texans,Cincinnati Bengals,betsson,totals,Over,45.5,1.88
2026-09-17T21:12:51Z,scheduled,36ad2fa722f4915ef23d2c81351261de,2026-09-20T17:00:00Z,Houston Texans,Cincinnati Bengals,betsson,totals,Under,45.5,1.92
2026-09-17T21:12:51Z,scheduled,36ad2fa722f4915ef23d2c81351261de,2026-09-20T17:00:00Z,Houston Texans,Cincinnati Bengals,fanduel,h2h,Cincinnati Bengals,,2.18
2026-09-17T21:12:51Z,scheduled,36ad2fa722f4915ef23d2c81351261de,2026-09-20T17:00:00Z,Houston Texans,Cincinnati Bengals,fanduel,h2h,Houston Texans,,1.74
2026-09-17T21:12:51Z,scheduled,36ad2fa722f4915ef23d2c81351261de,2026-09-20T17:00:00Z,Houston Texans,Cincinnati Bengals,fanduel,spreads,Cincinnati Bengals,2.5,1.87
2026-09-17T21:12:51Z,scheduled,36ad2fa722f4915ef23d2c81351261de,2026-09-20T17:00:00Z,Houston Texans,Cincinnati Bengals,fanduel,spreads,Houston Texans,-2.5,1.95
2026-09-17T21:12:51Z,scheduled,36ad2fa722f4915ef23d2c81351261de,2026-09-20T17:00:00Z,Houston Texans,Cincinnati Bengals,fanduel,totals,Over,45.5,1.88
2026-09-17T21:12:51Z,scheduled,36ad2fa722f4915ef23d2c81351261de,2026-09-20T17:00:00Z,Houston Texans,Cincinnati Bengals,fanduel,totals,Under,45.5,1.94
2026-09-17T21:12:51Z,scheduled,36ad2fa722f4915ef23d2c81351261de,2026-09-20T17:00:00Z,Houston Texans,Cincinnati Bengals,betrivers,h2h,Cincinnati Bengals,,2.2
2026-09-17T21:12:51Z,scheduled,36ad2fa722f4915ef23d2c81351261de,2026-09-20T17:00:00Z,Houston Texans,Cincinnati Bengals,betrivers,h2h,Houston Texans,,1.68
2026-09-17T21:12:51Z,scheduled,36ad2fa722f4915ef23d2c81351261de,2026-09-20T17:00:00Z,Houston Texans,Cincinnati Bengals,betrivers,spreads,Cincinnati Bengals,2.5,1.88
2026-09-17T21:12:51Z,scheduled,36ad2fa722f4915ef23d2c81351261de,2026-09-20T17:00:00Z,Houston Texans,Cincinnati Bengals,betrivers,spreads,Houston Texans,-2.5,1.93
2026-09-17T21:12:51Z,scheduled,36ad2fa722f4915ef23d2c81351261de,2026-09-20T17:00:00Z,Houston Texans,Cincinnati Bengals,betrivers,totals,Over,45.5,1.88
2026-09-17T21:12:51Z,scheduled,36ad2fa722f4915ef23d2c81351261de,2026-09-20T17:00:00Z,Houston Texans,Cincinnati Bengals,betrivers,totals,Under,45.5,1.93
2026-09-17T21:12:51Z,scheduled,36ad2fa722f4915ef23d2c81351261de,2026-09-20T17:00:00Z,Houston Texans,Cincinnati Bengals,betmgm,h2h,Cincinnati Bengals,,2.2
2026-09-17T21:12:51Z,scheduled,36ad2fa722f4915ef23d2c81351261de,2026-09-20T17:00:00Z,Houston Texans,Cincinnati Bengals,betmgm,h2h,Houston Texans,,1.69
2026-09-17T21:12:51Z,scheduled,36ad2fa722f4915ef23d2c81351261de,2026-09-20T17:00:00Z,Houston Texans,Cincinnati Bengals,betmgm,spreads,Cincinnati Bengals,2.5,1.95
2026-09-17T21:12:51Z,scheduled,36ad2fa722f4915ef23d2c81351261de,2026-09-20T17:00:00Z,Houston Texans,Cincinnati Bengals,betmgm,spreads,Houston Texans,-2.5,1.87
2026-09-17T21:12:51Z,scheduled,36ad2fa722f4915ef23d2c81351261de,2026-09-20T17:00:00Z,Houston Texans,Cincinnati Bengals,betmgm,totals,Over,46.0,1.93
2026-09-17T21:12:51Z,scheduled,36ad2fa722f4915ef23d2c81351261de,2026-09-20T17:00:00Z,Houston Texans,Cincinnati Bengals,betmgm,totals,Under,46.0,1.91
2026-09-17T21:12:51Z,scheduled,36ad2fa722f4915ef23d2c81351261de,2026-09-20T17:00:00Z,Houston Texans,Cincinnati Bengals,pinnacle,h2h,Cincinnati Bengals,,2.32
2026-09-17T21:12:51Z,scheduled,36ad2fa722f4915ef23d2c81351261de,2026-09-20T17:00:00Z,Houston Texans,Cincinnati Bengals,pinnacle,h2h,Houston Texans,,1.67
2026-09-17T21:12:51Z,scheduled,36ad2fa722f4915ef23d2c81351261de,2026-09-20T17:00:00Z,Houston Texans,Cincinnati Bengals,pinnacle,spreads,Cincinnati Bengals,3.0,1.81
2026-09-17T21:12:51Z,scheduled,36ad2fa722f4915ef23d2c81351261de,2026-09-20T17:00:00Z,Houston Texans,Cincinnati Bengals,pinnacle,spreads,Houston Texans,-3.0,2.1
2026-09-17T21:12:51Z,scheduled,36ad2fa722f4915ef23d2c81351261de,2026-09-20T17:00:00Z,Houston Texans,Cincinnati Bengals,pinnacle,totals,Over,46.5,2.03
2026-09-17T21:12:51Z,scheduled,36ad2fa722f4915ef23d2c81351261de,2026-09-20T17:00:00Z,Houston Texans,Cincinnati Bengals,pinnacle,totals,Under,46.5,1.83
2026-09-17T21:12:51Z,scheduled,36ad2fa722f4915ef23d2c81351261de,2026-09-20T17:00:00Z,Houston Texans,Cincinnati Bengals,matchbook,h2h,Cincinnati Bengals,,2.34
2026-09-17T21:12:51Z,scheduled,36ad2fa722f4915ef23d2c81351261de,2026-09-20T17:00:00Z,Houston Texans,Cincinnati Bengals,matchbook,h2h,Houston Texans,,1.72
2026-09-17T21:12:51Z,scheduled,36ad2fa722f4915ef23d2c81351261de,2026-09-20T17:00:00Z,Houston Texans,Cincinnati Bengals,matchbook,h2h_lay,Cincinnati Bengals,,2.4
2026-09-17T21:12:51Z,scheduled,36ad2fa722f4915ef23d2c81351261de,2026-09-20T17:00:00Z,Houston Texans,Cincinnati Bengals,matchbook,h2h_lay,Houston Texans,,1.75
2026-09-17T21:12:51Z,scheduled,36ad2fa722f4915ef23d2c81351261de,2026-09-20T17:00:00Z,Houston Texans,Cincinnati Bengals,matchbook,spreads,Cincinnati Bengals,2.5,2.02
2026-09-17T21:12:51Z,scheduled,36ad2fa722f4915ef23d2c81351261de,2026-09-20T17:00:00Z,Houston Texans,Cincinnati Bengals,matchbook,spreads,Houston Texans,-2.5,1.88
2026-09-17T21:12:51Z,scheduled,36ad2fa722f4915ef23d2c81351261de,2026-09-20T17:00:00Z,Houston Texans,Cincinnati Bengals,matchbook,totals,Over,45.5,1.99
2026-09-17T21:12:51Z,scheduled,36ad2fa722f4915ef23d2c81351261de,2026-09-20T17:00:00Z,Houston Texans,Cincinnati Bengals,matchbook,totals,Under,45.5,1.95
2026-09-17T21:12:51Z,scheduled,36ad2fa722f4915ef23d2c81351261de,2026-09-20T17:00:00Z,Houston Texans,Cincinnati Bengals,coolbet,h2h,Cincinnati Bengals,,2.21
2026-09-17T21:12:51Z,scheduled,36ad2fa722f4915ef23d2c81351261de,2026-09-20T17:00:00Z,Houston Texans,Cincinnati Bengals,coolbet,h2h,Houston Texans,,1.7
2026-09-17T21:12:51Z,scheduled,36ad2fa722f4915ef23d2c81351261de,2026-09-20T17:00:00Z,Houston Texans,Cincinnati Bengals,coolbet,spreads,Cincinnati Bengals,2.5,1.93
2026-09-17T21:12:51Z,scheduled,36ad2fa722f4915ef23d2c81351261de,2026-09-20T17:00:00Z,Houston Texans,Cincinnati Bengals,coolbet,spreads,Houston Texans,-2.5,1.91
2026-09-17T21:12:51Z,scheduled,36ad2fa722f4915ef23d2c81351261de,2026-09-20T17:00:00Z,Houston Texans,Cincinnati Bengals,coolbet,totals,Over,46.0,1.93
2026-09-17T21:12:51Z,scheduled,36ad2fa722f4915ef23d2c81351261de,2026-09-20T17:00:00Z,Houston Texans,Cincinnati Bengals,coolbet,totals,Under,46.0,1.91
2026-09-17T21:12:51Z,scheduled,36ad2fa722f4915ef23d2c81351261de,2026-09-20T17:00:00Z,Houston Texans,Cincinnati Bengals,betfair_ex_eu,h2h,Cincinnati Bengals,,2.34
2026-09-17T21:12:51Z,scheduled,36ad2fa722f4915ef23d2c81351261de,2026-09-20T17:00:00Z,Houston Texans,Cincinnati Bengals,betfair_ex_eu,h2h,Houston Texans,,1.72
2026-09-17T21:12:51Z,scheduled,36ad2fa722f4915ef23d2c81351261de,2026-09-20T17:00:00Z,Houston Texans,Cincinnati Bengals,betfair_ex_eu,h2h_lay,Cincinnati Bengals,,2.38
2026-09-17T21:12:51Z,scheduled,36ad2fa722f4915ef23d2c81351261de,2026-09-20T17:00:00Z,Houston Texans,Cincinnati Bengals,betfair_ex_eu,h2h_lay,Houston Texans,,1.75
2026-09-17T21:12:51Z,scheduled,0636ebff776d43f8c829a36713c80b22,2026-09-20T17:00:00Z,Tampa Bay Buccaneers,Cleveland Browns,draftkings,h2h,Cleveland Browns,,4.5
2026-09-17T21:12:51Z,scheduled,0636ebff776d43f8c829a36713c80b22,2026-09-20T17:00:00Z,Tampa Bay Buccaneers,Cleveland Browns,draftkings,h2h,Tampa Bay Buccaneers,,1.22
2026-09-17T21:12:51Z,scheduled,0636ebff776d43f8c829a36713c80b22,2026-09-20T17:00:00Z,Tampa Bay Buccaneers,Cleveland Browns,draftkings,spreads,Cleveland Browns,8.5,1.89
2026-09-17T21:12:51Z,scheduled,0636ebff776d43f8c829a36713c80b22,2026-09-20T17:00:00Z,Tampa Bay Buccaneers,Cleveland Browns,draftkings,spreads,Tampa Bay Buccaneers,-8.5,1.93
2026-09-17T21:12:51Z,scheduled,0636ebff776d43f8c829a36713c80b22,2026-09-20T17:00:00Z,Tampa Bay Buccaneers,Cleveland Browns,draftkings,totals,Over,41.5,1.91
2026-09-17T21:12:51Z,scheduled,0636ebff776d43f8c829a36713c80b22,2026-09-20T17:00:00Z,Tampa Bay Buccaneers,Cleveland Browns,draftkings,totals,Under,41.5,1.91
2026-09-17T21:12:51Z,scheduled,0636ebff776d43f8c829a36713c80b22,2026-09-20T17:00:00Z,Tampa Bay Buccaneers,Cleveland Browns,betsson,h2h,Cleveland Browns,,4.3
2026-09-17T21:12:51Z,scheduled,0636ebff776d43f8c829a36713c80b22,2026-09-20T17:00:00Z,Tampa Bay Buccaneers,Cleveland Browns,betsson,h2h,Tampa Bay Buccaneers,,1.22
2026-09-17T21:12:51Z,scheduled,0636ebff776d43f8c829a36713c80b22,2026-09-20T17:00:00Z,Tampa Bay Buccaneers,Cleveland Browns,betsson,spreads,Cleveland Browns,8.5,1.86
2026-09-17T21:12:51Z,scheduled,0636ebff776d43f8c829a36713c80b22,2026-09-20T17:00:00Z,Tampa Bay Buccaneers,Cleveland Browns,betsson,spreads,Tampa Bay Buccaneers,-8.5,1.94
2026-09-17T21:12:51Z,scheduled,0636ebff776d43f8c829a36713c80b22,2026-09-20T17:00:00Z,Tampa Bay Buccaneers,Cleveland Browns,betsson,totals,Over,41.5,1.92
2026-09-17T21:12:51Z,scheduled,0636ebff776d43f8c829a36713c80b22,2026-09-20T17:00:00Z,Tampa Bay Buccaneers,Cleveland Browns,betsson,totals,Under,41.5,1.88
2026-09-17T21:12:51Z,scheduled,0636ebff776d43f8c829a36713c80b22,2026-09-20T17:00:00Z,Tampa Bay Buccaneers,Cleveland Browns,fanduel,h2h,Cleveland Browns,,4.6
2026-09-17T21:12:51Z,scheduled,0636ebff776d43f8c829a36713c80b22,2026-09-20T17:00:00Z,Tampa Bay Buccaneers,Cleveland Browns,fanduel,h2h,Tampa Bay Buccaneers,,1.22
2026-09-17T21:12:51Z,scheduled,0636ebff776d43f8c829a36713c80b22,2026-09-20T17:00:00Z,Tampa Bay Buccaneers,Cleveland Browns,fanduel,spreads,Cleveland Browns,8.5,1.82
2026-09-17T21:12:51Z,scheduled,0636ebff776d43f8c829a36713c80b22,2026-09-20T17:00:00Z,Tampa Bay Buccaneers,Cleveland Browns,fanduel,spreads,Tampa Bay Buccaneers,-8.5,2.0
2026-09-17T21:12:51Z,scheduled,0636ebff776d43f8c829a36713c80b22,2026-09-20T17:00:00Z,Tampa Bay Buccaneers,Cleveland Browns,fanduel,totals,Over,41.5,1.98
2026-09-17T21:12:51Z,scheduled,0636ebff776d43f8c829a36713c80b22,2026-09-20T17:00:00Z,Tampa Bay Buccaneers,Cleveland Browns,fanduel,totals,Under,41.5,1.83
2026-09-17T21:12:51Z,scheduled,0636ebff776d43f8c829a36713c80b22,2026-09-20T17:00:00Z,Tampa Bay Buccaneers,Cleveland Browns,betrivers,h2h,Cleveland Browns,,4.3
2026-09-17T21:12:51Z,scheduled,0636ebff776d43f8c829a36713c80b22,2026-09-20T17:00:00Z,Tampa Bay Buccaneers,Cleveland Browns,betrivers,h2h,Tampa Bay Buccaneers,,1.22
2026-09-17T21:12:51Z,scheduled,0636ebff776d43f8c829a36713c80b22,2026-09-20T17:00:00Z,Tampa Bay Buccaneers,Cleveland Browns,betrivers,spreads,Cleveland Browns,8.0,1.93
2026-09-17T21:12:51Z,scheduled,0636ebff776d43f8c829a36713c80b22,2026-09-20T17:00:00Z,Tampa Bay Buccaneers,Cleveland Browns,betrivers,spreads,Tampa Bay Buccaneers,-8.0,1.88
2026-09-17T21:12:51Z,scheduled,0636ebff776d43f8c829a36713c80b22,2026-09-20T17:00:00Z,Tampa Bay Buccaneers,Cleveland Browns,betrivers,totals,Over,41.5,1.92
2026-09-17T21:12:51Z,scheduled,0636ebff776d43f8c829a36713c80b22,2026-09-20T17:00:00Z,Tampa Bay Buccaneers,Cleveland Browns,betrivers,totals,Under,41.5,1.89
2026-09-17T21:12:51Z,scheduled,0636ebff776d43f8c829a36713c80b22,2026-09-20T17:00:00Z,Tampa Bay Buccaneers,Cleveland Browns,betmgm,h2h,Cleveland Browns,,4.4
2026-09-17T21:12:51Z,scheduled,0636ebff776d43f8c829a36713c80b22,2026-09-20T17:00:00Z,Tampa Bay Buccaneers,Cleveland Browns,betmgm,h2h,Tampa Bay Buccaneers,,1.22
2026-09-17T21:12:51Z,scheduled,0636ebff776d43f8c829a36713c80b22,2026-09-20T17:00:00Z,Tampa Bay Buccaneers,Cleveland Browns,betmgm,spreads,Cleveland Browns,8.5,1.91
2026-09-17T21:12:51Z,scheduled,0636ebff776d43f8c829a36713c80b22,2026-09-20T17:00:00Z,Tampa Bay Buccaneers,Cleveland Browns,betmgm,spreads,Tampa Bay Buccaneers,-8.5,1.93
2026-09-17T21:12:51Z,scheduled,0636ebff776d43f8c829a36713c80b22,2026-09-20T17:00:00Z,Tampa Bay Buccaneers,Cleveland Browns,betmgm,totals,Over,41.5,1.93
2026-09-17T21:12:51Z,scheduled,0636ebff776d43f8c829a36713c80b22,2026-09-20T17:00:00Z,Tampa Bay Buccaneers,Cleveland Browns,betmgm,totals,Under,41.5,1.89
2026-09-17T21:12:51Z,scheduled,0636ebff776d43f8c829a36713c80b22,2026-09-20T17:00:00Z,Tampa Bay Buccaneers,Cleveland Browns,pinnacle,h2h,Cleveland Browns,,4.27
2026-09-17T21:12:51Z,scheduled,0636ebff776d43f8c829a36713c80b22,2026-09-20T17:00:00Z,Tampa Bay Buccaneers,Cleveland Browns,pinnacle,h2h,Tampa Bay Buccaneers,,1.25
2026-09-17T21:12:51Z,scheduled,0636ebff776d43f8c829a36713c80b22,2026-09-20T17:00:00Z,Tampa Bay Buccaneers,Cleveland Browns,pinnacle,spreads,Cleveland Browns,9.0,1.85
2026-09-17T21:12:51Z,scheduled,0636ebff776d43f8c829a36713c80b22,2026-09-20T17:00:00Z,Tampa Bay Buccaneers,Cleveland Browns,pinnacle,spreads,Tampa Bay Buccaneers,-9.0,2.05
2026-09-17T21:12:51Z,scheduled,0636ebff776d43f8c829a36713c80b22,2026-09-20T17:00:00Z,Tampa Bay Buccaneers,Cleveland Browns,pinnacle,totals,Over,42.0,2.01
2026-09-17T21:12:51Z,scheduled,0636ebff776d43f8c829a36713c80b22,2026-09-20T17:00:00Z,Tampa Bay Buccaneers,Cleveland Browns,pinnacle,totals,Under,42.0,1.85
2026-09-17T21:12:51Z,scheduled,0636ebff776d43f8c829a36713c80b22,2026-09-20T17:00:00Z,Tampa Bay Buccaneers,Cleveland Browns,matchbook,h2h,Cleveland Browns,,4.7
2026-09-17T21:12:51Z,scheduled,0636ebff776d43f8c829a36713c80b22,2026-09-20T17:00:00Z,Tampa Bay Buccaneers,Cleveland Browns,matchbook,h2h,Tampa Bay Buccaneers,,1.26
2026-09-17T21:12:51Z,scheduled,0636ebff776d43f8c829a36713c80b22,2026-09-20T17:00:00Z,Tampa Bay Buccaneers,Cleveland Browns,matchbook,h2h_lay,Cleveland Browns,,4.9
2026-09-17T21:12:51Z,scheduled,0636ebff776d43f8c829a36713c80b22,2026-09-20T17:00:00Z,Tampa Bay Buccaneers,Cleveland Browns,matchbook,h2h_lay,Tampa Bay Buccaneers,,1.28
2026-09-17T21:12:51Z,scheduled,0636ebff776d43f8c829a36713c80b22,2026-09-20T17:00:00Z,Tampa Bay Buccaneers,Cleveland Browns,matchbook,spreads,Cleveland Browns,7.5,1.96
2026-09-17T21:12:51Z,scheduled,0636ebff776d43f8c829a36713c80b22,2026-09-20T17:00:00Z,Tampa Bay Buccaneers,Cleveland Browns,matchbook,spreads,Tampa Bay Buccaneers,-7.5,1.92
2026-09-17T21:12:51Z,scheduled,0636ebff776d43f8c829a36713c80b22,2026-09-20T17:00:00Z,Tampa Bay Buccaneers,Cleveland Browns,matchbook,totals,Over,41.0,1.87
2026-09-17T21:12:51Z,scheduled,0636ebff776d43f8c829a36713c80b22,2026-09-20T17:00:00Z,Tampa Bay Buccaneers,Cleveland Browns,matchbook,totals,Under,41.0,2.0
2026-09-17T21:12:51Z,scheduled,0636ebff776d43f8c829a36713c80b22,2026-09-20T17:00:00Z,Tampa Bay Buccaneers,Cleveland Browns,coolbet,h2h,Cleveland Browns,,4.4
2026-09-17T21:12:51Z,scheduled,0636ebff776d43f8c829a36713c80b22,2026-09-20T17:00:00Z,Tampa Bay Buccaneers,Cleveland Browns,coolbet,h2h,Tampa Bay Buccaneers,,1.23
2026-09-17T21:12:51Z,scheduled,0636ebff776d43f8c829a36713c80b22,2026-09-20T17:00:00Z,Tampa Bay Buccaneers,Cleveland Browns,coolbet,spreads,Cleveland Browns,8.0,1.92
2026-09-17T21:12:51Z,scheduled,0636ebff776d43f8c829a36713c80b22,2026-09-20T17:00:00Z,Tampa Bay Buccaneers,Cleveland Browns,coolbet,spreads,Tampa Bay Buccaneers,-8.0,1.92
2026-09-17T21:12:51Z,scheduled,0636ebff776d43f8c829a36713c80b22,2026-09-20T17:00:00Z,Tampa Bay Buccaneers,Cleveland Browns,coolbet,totals,Over,41.5,1.95
2026-09-17T21:12:51Z,scheduled,0636ebff776d43f8c829a36713c80b22,2026-09-20T17:00:00Z,Tampa Bay Buccaneers,Cleveland Browns,coolbet,totals,Under,41.5,1.9
2026-09-17T21:12:51Z,scheduled,0636ebff776d43f8c829a36713c80b22,2026-09-20T17:00:00Z,Tampa Bay Buccaneers,Cleveland Browns,betfair_ex_eu,h2h,Cleveland Browns,,4.7
2026-09-17T21:12:51Z,scheduled,0636ebff776d43f8c829a36713c80b22,2026-09-20T17:00:00Z,Tampa Bay Buccaneers,Cleveland Browns,betfair_ex_eu,h2h,Tampa Bay Buccaneers,,1.26
2026-09-17T21:12:51Z,scheduled,0636ebff776d43f8c829a36713c80b22,2026-09-20T17:00:00Z,Tampa Bay Buccaneers,Cleveland Browns,betfair_ex_eu,h2h_lay,Cleveland Browns,,4.9
2026-09-17T21:12:51Z,scheduled,0636ebff776d43f8c829a36713c80b22,2026-09-20T17:00:00Z,Tampa Bay Buccaneers,Cleveland Browns,betfair_ex_eu,h2h_lay,Tampa Bay Buccaneers,,1.28
2026-09-17T21:12:51Z,scheduled,4aeee070bb6ec60bdfae4dede61b9014,2026-09-20T17:00:00Z,New York Jets,Green Bay Packers,draftkings,h2h,Green Bay Packers,,1.52
2026-09-17T21:12:51Z,scheduled,4aeee070bb6ec60bdfae4dede61b9014,2026-09-20T17:00:00Z,New York Jets,Green Bay Packers,draftkings,h2h,New York Jets,,2.6
2026-09-17T21:12:51Z,scheduled,4aeee070bb6ec60bdfae4dede61b9014,2026-09-20T17:00:00Z,New York Jets,Green Bay Packers,draftkings,spreads,Green Bay Packers,-3.5,1.89
2026-09-17T21:12:51Z,scheduled,4aeee070bb6ec60bdfae4dede61b9014,2026-09-20T17:00:00Z,New York Jets,Green Bay Packers,draftkings,spreads,New York Jets,3.5,1.93
2026-09-17T21:12:51Z,scheduled,4aeee070bb6ec60bdfae4dede61b9014,2026-09-20T17:00:00Z,New York Jets,Green Bay Packers,draftkings,totals,Over,44.5,1.91
2026-09-17T21:12:51Z,scheduled,4aeee070bb6ec60bdfae4dede61b9014,2026-09-20T17:00:00Z,New York Jets,Green Bay Packers,draftkings,totals,Under,44.5,1.91
2026-09-17T21:12:51Z,scheduled,4aeee070bb6ec60bdfae4dede61b9014,2026-09-20T17:00:00Z,New York Jets,Green Bay Packers,betsson,h2h,Green Bay Packers,,1.51
2026-09-17T21:12:51Z,scheduled,4aeee070bb6ec60bdfae4dede61b9014,2026-09-20T17:00:00Z,New York Jets,Green Bay Packers,betsson,h2h,New York Jets,,2.56
2026-09-17T21:12:51Z,scheduled,4aeee070bb6ec60bdfae4dede61b9014,2026-09-20T17:00:00Z,New York Jets,Green Bay Packers,betsson,spreads,Green Bay Packers,-9.5,2.75
2026-09-17T21:12:51Z,scheduled,4aeee070bb6ec60bdfae4dede61b9014,2026-09-20T17:00:00Z,New York Jets,Green Bay Packers,betsson,spreads,New York Jets,9.5,1.45
2026-09-17T21:12:51Z,scheduled,4aeee070bb6ec60bdfae4dede61b9014,2026-09-20T17:00:00Z,New York Jets,Green Bay Packers,betsson,totals,Over,44.5,1.88
2026-09-17T21:12:51Z,scheduled,4aeee070bb6ec60bdfae4dede61b9014,2026-09-20T17:00:00Z,New York Jets,Green Bay Packers,betsson,totals,Under,44.5,1.92
2026-09-17T21:12:51Z,scheduled,4aeee070bb6ec60bdfae4dede61b9014,2026-09-20T17:00:00Z,New York Jets,Green Bay Packers,fanduel,h2h,Green Bay Packers,,1.51
2026-09-17T21:12:51Z,scheduled,4aeee070bb6ec60bdfae4dede61b9014,2026-09-20T17:00:00Z,New York Jets,Green Bay Packers,fanduel,h2h,New York Jets,,2.64
2026-09-17T21:12:51Z,scheduled,4aeee070bb6ec60bdfae4dede61b9014,2026-09-20T17:00:00Z,New York Jets,Green Bay Packers,fanduel,spreads,Green Bay Packers,-3.5,1.88
2026-09-17T21:12:51Z,scheduled,4aeee070bb6ec60bdfae4dede61b9014,2026-09-20T17:00:00Z,New York Jets,Green Bay Packers,fanduel,spreads,New York Jets,3.5,1.94
2026-09-17T21:12:51Z,scheduled,4aeee070bb6ec60bdfae4dede61b9014,2026-09-20T17:00:00Z,New York Jets,Green Bay Packers,fanduel,totals,Over,44.5,1.91
2026-09-17T21:12:51Z,scheduled,4aeee070bb6ec60bdfae4dede61b9014,2026-09-20T17:00:00Z,New York Jets,Green Bay Packers,fanduel,totals,Under,44.5,1.91
2026-09-17T21:12:51Z,scheduled,4aeee070bb6ec60bdfae4dede61b9014,2026-09-20T17:00:00Z,New York Jets,Green Bay Packers,betrivers,h2h,Green Bay Packers,,1.5
2026-09-17T21:12:51Z,scheduled,4aeee070bb6ec60bdfae4dede61b9014,2026-09-20T17:00:00Z,New York Jets,Green Bay Packers,betrivers,h2h,New York Jets,,2.63
2026-09-17T21:12:51Z,scheduled,4aeee070bb6ec60bdfae4dede61b9014,2026-09-20T17:00:00Z,New York Jets,Green Bay Packers,betrivers,spreads,Green Bay Packers,-3.5,1.89
2026-09-17T21:12:51Z,scheduled,4aeee070bb6ec60bdfae4dede61b9014,2026-09-20T17:00:00Z,New York Jets,Green Bay Packers,betrivers,spreads,New York Jets,3.5,1.92
2026-09-17T21:12:51Z,scheduled,4aeee070bb6ec60bdfae4dede61b9014,2026-09-20T17:00:00Z,New York Jets,Green Bay Packers,betrivers,totals,Over,44.5,1.91
2026-09-17T21:12:51Z,scheduled,4aeee070bb6ec60bdfae4dede61b9014,2026-09-20T17:00:00Z,New York Jets,Green Bay Packers,betrivers,totals,Under,44.5,1.91
2026-09-17T21:12:51Z,scheduled,4aeee070bb6ec60bdfae4dede61b9014,2026-09-20T17:00:00Z,New York Jets,Green Bay Packers,betmgm,h2h,Green Bay Packers,,1.53
2026-09-17T21:12:51Z,scheduled,4aeee070bb6ec60bdfae4dede61b9014,2026-09-20T17:00:00Z,New York Jets,Green Bay Packers,betmgm,h2h,New York Jets,,2.55
2026-09-17T21:12:51Z,scheduled,4aeee070bb6ec60bdfae4dede61b9014,2026-09-20T17:00:00Z,New York Jets,Green Bay Packers,betmgm,spreads,Green Bay Packers,-3.5,1.91
2026-09-17T21:12:51Z,scheduled,4aeee070bb6ec60bdfae4dede61b9014,2026-09-20T17:00:00Z,New York Jets,Green Bay Packers,betmgm,spreads,New York Jets,3.5,1.93
2026-09-17T21:12:51Z,scheduled,4aeee070bb6ec60bdfae4dede61b9014,2026-09-20T17:00:00Z,New York Jets,Green Bay Packers,betmgm,totals,Over,44.5,1.91
2026-09-17T21:12:51Z,scheduled,4aeee070bb6ec60bdfae4dede61b9014,2026-09-20T17:00:00Z,New York Jets,Green Bay Packers,betmgm,totals,Under,44.5,1.93
2026-09-17T21:12:51Z,scheduled,4aeee070bb6ec60bdfae4dede61b9014,2026-09-20T17:00:00Z,New York Jets,Green Bay Packers,pinnacle,h2h,Green Bay Packers,,1.59
2026-09-17T21:12:51Z,scheduled,4aeee070bb6ec60bdfae4dede61b9014,2026-09-20T17:00:00Z,New York Jets,Green Bay Packers,pinnacle,h2h,New York Jets,,2.48
2026-09-17T21:12:51Z,scheduled,4aeee070bb6ec60bdfae4dede61b9014,2026-09-20T17:00:00Z,New York Jets,Green Bay Packers,pinnacle,spreads,Green Bay Packers,-3.0,1.89
2026-09-17T21:12:51Z,scheduled,4aeee070bb6ec60bdfae4dede61b9014,2026-09-20T17:00:00Z,New York Jets,Green Bay Packers,pinnacle,spreads,New York Jets,3.0,2.0
2026-09-17T21:12:51Z,scheduled,4aeee070bb6ec60bdfae4dede61b9014,2026-09-20T17:00:00Z,New York Jets,Green Bay Packers,pinnacle,totals,Over,45.0,1.98
2026-09-17T21:12:51Z,scheduled,4aeee070bb6ec60bdfae4dede61b9014,2026-09-20T17:00:00Z,New York Jets,Green Bay Packers,pinnacle,totals,Under,45.0,1.88
2026-09-17T21:12:51Z,scheduled,4aeee070bb6ec60bdfae4dede61b9014,2026-09-20T17:00:00Z,New York Jets,Green Bay Packers,matchbook,h2h,Green Bay Packers,,1.61
2026-09-17T21:12:51Z,scheduled,4aeee070bb6ec60bdfae4dede61b9014,2026-09-20T17:00:00Z,New York Jets,Green Bay Packers,matchbook,h2h,New York Jets,,2.58
2026-09-17T21:12:51Z,scheduled,4aeee070bb6ec60bdfae4dede61b9014,2026-09-20T17:00:00Z,New York Jets,Green Bay Packers,matchbook,h2h_lay,Green Bay Packers,,1.63
2026-09-17T21:12:51Z,scheduled,4aeee070bb6ec60bdfae4dede61b9014,2026-09-20T17:00:00Z,New York Jets,Green Bay Packers,matchbook,h2h_lay,New York Jets,,2.62
2026-09-17T21:12:51Z,scheduled,4aeee070bb6ec60bdfae4dede61b9014,2026-09-20T17:00:00Z,New York Jets,Green Bay Packers,matchbook,spreads,Green Bay Packers,-3.0,1.91
2026-09-17T21:12:51Z,scheduled,4aeee070bb6ec60bdfae4dede61b9014,2026-09-20T17:00:00Z,New York Jets,Green Bay Packers,matchbook,spreads,New York Jets,3.0,1.99
2026-09-17T21:12:51Z,scheduled,4aeee070bb6ec60bdfae4dede61b9014,2026-09-20T17:00:00Z,New York Jets,Green Bay Packers,matchbook,totals,Over,44.5,1.95
2026-09-17T21:12:51Z,scheduled,4aeee070bb6ec60bdfae4dede61b9014,2026-09-20T17:00:00Z,New York Jets,Green Bay Packers,matchbook,totals,Under,44.5,1.95
2026-09-17T21:12:51Z,scheduled,4aeee070bb6ec60bdfae4dede61b9014,2026-09-20T17:00:00Z,New York Jets,Green Bay Packers,coolbet,h2h,Green Bay Packers,,1.52
2026-09-17T21:12:51Z,scheduled,4aeee070bb6ec60bdfae4dede61b9014,2026-09-20T17:00:00Z,New York Jets,Green Bay Packers,coolbet,h2h,New York Jets,,2.62
2026-09-17T21:12:51Z,scheduled,4aeee070bb6ec60bdfae4dede61b9014,2026-09-20T17:00:00Z,New York Jets,Green Bay Packers,coolbet,spreads,Green Bay Packers,-3.5,1.95
2026-09-17T21:12:51Z,scheduled,4aeee070bb6ec60bdfae4dede61b9014,2026-09-20T17:00:00Z,New York Jets,Green Bay Packers,coolbet,spreads,New York Jets,3.5,1.9
2026-09-17T21:12:51Z,scheduled,4aeee070bb6ec60bdfae4dede61b9014,2026-09-20T17:00:00Z,New York Jets,Green Bay Packers,coolbet,totals,Over,44.5,1.9
2026-09-17T21:12:51Z,scheduled,4aeee070bb6ec60bdfae4dede61b9014,2026-09-20T17:00:00Z,New York Jets,Green Bay Packers,coolbet,totals,Under,44.5,1.95
2026-09-17T21:12:51Z,scheduled,4aeee070bb6ec60bdfae4dede61b9014,2026-09-20T17:00:00Z,New York Jets,Green Bay Packers,betfair_ex_eu,h2h,Green Bay Packers,,1.61
2026-09-17T21:12:51Z,scheduled,4aeee070bb6ec60bdfae4dede61b9014,2026-09-20T17:00:00Z,New York Jets,Green Bay Packers,betfair_ex_eu,h2h,New York Jets,,2.58
2026-09-17T21:12:51Z,scheduled,4aeee070bb6ec60bdfae4dede61b9014,2026-09-20T17:00:00Z,New York Jets,Green Bay Packers,betfair_ex_eu,h2h_lay,Green Bay Packers,,1.63
2026-09-17T21:12:51Z,scheduled,4aeee070bb6ec60bdfae4dede61b9014,2026-09-20T17:00:00Z,New York Jets,Green Bay Packers,betfair_ex_eu,h2h_lay,New York Jets,,2.62
2026-09-17T21:12:51Z,scheduled,9d14f87600f6edc74dbcb5c74edf6246,2026-09-20T17:00:00Z,New England Patriots,Pittsburgh Steelers,draftkings,h2h,New England Patriots,,1.46
2026-09-17T21:12:51Z,scheduled,9d14f87600f6edc74dbcb5c74edf6246,2026-09-20T17:00:00Z,New England Patriots,Pittsburgh Steelers,draftkings,h2h,Pittsburgh Steelers,,2.8
2026-09-17T21:12:51Z,scheduled,9d14f87600f6edc74dbcb5c74edf6246,2026-09-20T17:00:00Z,New England Patriots,Pittsburgh Steelers,draftkings,spreads,New England Patriots,-5.5,1.95
2026-09-17T21:12:51Z,scheduled,9d14f87600f6edc74dbcb5c74edf6246,2026-09-20T17:00:00Z,New England Patriots,Pittsburgh Steelers,draftkings,spreads,Pittsburgh Steelers,5.5,1.87
2026-09-17T21:12:51Z,scheduled,9d14f87600f6edc74dbcb5c74edf6246,2026-09-20T17:00:00Z,New England Patriots,Pittsburgh Steelers,draftkings,totals,Over,41.5,1.89
2026-09-17T21:12:51Z,scheduled,9d14f87600f6edc74dbcb5c74edf6246,2026-09-20T17:00:00Z,New England Patriots,Pittsburgh Steelers,draftkings,totals,Under,41.5,1.93
2026-09-17T21:12:51Z,scheduled,9d14f87600f6edc74dbcb5c74edf6246,2026-09-20T17:00:00Z,New England Patriots,Pittsburgh Steelers,betsson,h2h,New England Patriots,,1.41
2026-09-17T21:12:51Z,scheduled,9d14f87600f6edc74dbcb5c74edf6246,2026-09-20T17:00:00Z,New England Patriots,Pittsburgh Steelers,betsson,h2h,Pittsburgh Steelers,,2.91
2026-09-17T21:12:51Z,scheduled,9d14f87600f6edc74dbcb5c74edf6246,2026-09-20T17:00:00Z,New England Patriots,Pittsburgh Steelers,betsson,spreads,New England Patriots,-5.5,1.92
2026-09-17T21:12:51Z,scheduled,9d14f87600f6edc74dbcb5c74edf6246,2026-09-20T17:00:00Z,New England Patriots,Pittsburgh Steelers,betsson,spreads,Pittsburgh Steelers,5.5,1.88
2026-09-17T21:12:51Z,scheduled,9d14f87600f6edc74dbcb5c74edf6246,2026-09-20T17:00:00Z,New England Patriots,Pittsburgh Steelers,betsson,totals,Over,41.5,1.9
2026-09-17T21:12:51Z,scheduled,9d14f87600f6edc74dbcb5c74edf6246,2026-09-20T17:00:00Z,New England Patriots,Pittsburgh Steelers,betsson,totals,Under,41.5,1.9
2026-09-17T21:12:51Z,scheduled,9d14f87600f6edc74dbcb5c74edf6246,2026-09-20T17:00:00Z,New England Patriots,Pittsburgh Steelers,fanduel,h2h,New England Patriots,,1.42
2026-09-17T21:12:51Z,scheduled,9d14f87600f6edc74dbcb5c74edf6246,2026-09-20T17:00:00Z,New England Patriots,Pittsburgh Steelers,fanduel,h2h,Pittsburgh Steelers,,2.98
2026-09-17T21:12:51Z,scheduled,9d14f87600f6edc74dbcb5c74edf6246,2026-09-20T17:00:00Z,New England Patriots,Pittsburgh Steelers,fanduel,spreads,New England Patriots,-4.5,1.83
2026-09-17T21:12:51Z,scheduled,9d14f87600f6edc74dbcb5c74edf6246,2026-09-20T17:00:00Z,New England Patriots,Pittsburgh Steelers,fanduel,spreads,Pittsburgh Steelers,4.5,1.98
2026-09-17T21:12:51Z,scheduled,9d14f87600f6edc74dbcb5c74edf6246,2026-09-20T17:00:00Z,New England Patriots,Pittsburgh Steelers,fanduel,totals,Over,41.5,1.91
2026-09-17T21:12:51Z,scheduled,9d14f87600f6edc74dbcb5c74edf6246,2026-09-20T17:00:00Z,New England Patriots,Pittsburgh Steelers,fanduel,totals,Under,41.5,1.91
2026-09-17T21:12:51Z,scheduled,9d14f87600f6edc74dbcb5c74edf6246,2026-09-20T17:00:00Z,New England Patriots,Pittsburgh Steelers,betrivers,h2h,New England Patriots,,1.42
2026-09-17T21:12:51Z,scheduled,9d14f87600f6edc74dbcb5c74edf6246,2026-09-20T17:00:00Z,New England Patriots,Pittsburgh Steelers,betrivers,h2h,Pittsburgh Steelers,,2.95
2026-09-17T21:12:51Z,scheduled,9d14f87600f6edc74dbcb5c74edf6246,2026-09-20T17:00:00Z,New England Patriots,Pittsburgh Steelers,betrivers,spreads,New England Patriots,-5.5,1.91
2026-09-17T21:12:51Z,scheduled,9d14f87600f6edc74dbcb5c74edf6246,2026-09-20T17:00:00Z,New England Patriots,Pittsburgh Steelers,betrivers,spreads,Pittsburgh Steelers,5.5,1.91
2026-09-17T21:12:51Z,scheduled,9d14f87600f6edc74dbcb5c74edf6246,2026-09-20T17:00:00Z,New England Patriots,Pittsburgh Steelers,betrivers,totals,Over,41.5,1.91
2026-09-17T21:12:51Z,scheduled,9d14f87600f6edc74dbcb5c74edf6246,2026-09-20T17:00:00Z,New England Patriots,Pittsburgh Steelers,betrivers,totals,Under,41.5,1.91
2026-09-17T21:12:51Z,scheduled,9d14f87600f6edc74dbcb5c74edf6246,2026-09-20T17:00:00Z,New England Patriots,Pittsburgh Steelers,betmgm,h2h,New England Patriots,,1.43
2026-09-17T21:12:51Z,scheduled,9d14f87600f6edc74dbcb5c74edf6246,2026-09-20T17:00:00Z,New England Patriots,Pittsburgh Steelers,betmgm,h2h,Pittsburgh Steelers,,2.95
2026-09-17T21:12:51Z,scheduled,9d14f87600f6edc74dbcb5c74edf6246,2026-09-20T17:00:00Z,New England Patriots,Pittsburgh Steelers,betmgm,spreads,New England Patriots,-5.0,1.91
2026-09-17T21:12:51Z,scheduled,9d14f87600f6edc74dbcb5c74edf6246,2026-09-20T17:00:00Z,New England Patriots,Pittsburgh Steelers,betmgm,spreads,Pittsburgh Steelers,5.0,1.93
2026-09-17T21:12:51Z,scheduled,9d14f87600f6edc74dbcb5c74edf6246,2026-09-20T17:00:00Z,New England Patriots,Pittsburgh Steelers,betmgm,totals,Over,41.5,1.93
2026-09-17T21:12:51Z,scheduled,9d14f87600f6edc74dbcb5c74edf6246,2026-09-20T17:00:00Z,New England Patriots,Pittsburgh Steelers,betmgm,totals,Under,41.5,1.91
2026-09-17T21:12:51Z,scheduled,9d14f87600f6edc74dbcb5c74edf6246,2026-09-20T17:00:00Z,New England Patriots,Pittsburgh Steelers,matchbook,h2h,New England Patriots,,1.47
2026-09-17T21:12:51Z,scheduled,9d14f87600f6edc74dbcb5c74edf6246,2026-09-20T17:00:00Z,New England Patriots,Pittsburgh Steelers,matchbook,h2h,Pittsburgh Steelers,,3.1
2026-09-17T21:12:51Z,scheduled,9d14f87600f6edc74dbcb5c74edf6246,2026-09-20T17:00:00Z,New England Patriots,Pittsburgh Steelers,matchbook,h2h_lay,New England Patriots,,1.48
2026-09-17T21:12:51Z,scheduled,9d14f87600f6edc74dbcb5c74edf6246,2026-09-20T17:00:00Z,New England Patriots,Pittsburgh Steelers,matchbook,h2h_lay,Pittsburgh Steelers,,3.15
2026-09-17T21:12:51Z,scheduled,9d14f87600f6edc74dbcb5c74edf6246,2026-09-20T17:00:00Z,New England Patriots,Pittsburgh Steelers,matchbook,spreads,New England Patriots,-5.0,1.98
2026-09-17T21:12:51Z,scheduled,9d14f87600f6edc74dbcb5c74edf6246,2026-09-20T17:00:00Z,New England Patriots,Pittsburgh Steelers,matchbook,spreads,Pittsburgh Steelers,5.0,1.95
2026-09-17T21:12:51Z,scheduled,9d14f87600f6edc74dbcb5c74edf6246,2026-09-20T17:00:00Z,New England Patriots,Pittsburgh Steelers,matchbook,totals,Over,41.5,1.95
2026-09-17T21:12:51Z,scheduled,9d14f87600f6edc74dbcb5c74edf6246,2026-09-20T17:00:00Z,New England Patriots,Pittsburgh Steelers,matchbook,totals,Under,41.5,1.95
2026-09-17T21:12:51Z,scheduled,9d14f87600f6edc74dbcb5c74edf6246,2026-09-20T17:00:00Z,New England Patriots,Pittsburgh Steelers,pinnacle,h2h,New England Patriots,,1.42
2026-09-17T21:12:51Z,scheduled,9d14f87600f6edc74dbcb5c74edf6246,2026-09-20T17:00:00Z,New England Patriots,Pittsburgh Steelers,pinnacle,h2h,Pittsburgh Steelers,,3.03
2026-09-17T21:12:51Z,scheduled,9d14f87600f6edc74dbcb5c74edf6246,2026-09-20T17:00:00Z,New England Patriots,Pittsburgh Steelers,pinnacle,spreads,New England Patriots,-5.5,1.98
2026-09-17T21:12:51Z,scheduled,9d14f87600f6edc74dbcb5c74edf6246,2026-09-20T17:00:00Z,New England Patriots,Pittsburgh Steelers,pinnacle,spreads,Pittsburgh Steelers,5.5,1.91
2026-09-17T21:12:51Z,scheduled,9d14f87600f6edc74dbcb5c74edf6246,2026-09-20T17:00:00Z,New England Patriots,Pittsburgh Steelers,pinnacle,totals,Over,42.0,2.01
2026-09-17T21:12:51Z,scheduled,9d14f87600f6edc74dbcb5c74edf6246,2026-09-20T17:00:00Z,New England Patriots,Pittsburgh Steelers,pinnacle,totals,Under,42.0,1.85
2026-09-17T21:12:51Z,scheduled,9d14f87600f6edc74dbcb5c74edf6246,2026-09-20T17:00:00Z,New England Patriots,Pittsburgh Steelers,coolbet,h2h,New England Patriots,,1.42
2026-09-17T21:12:51Z,scheduled,9d14f87600f6edc74dbcb5c74edf6246,2026-09-20T17:00:00Z,New England Patriots,Pittsburgh Steelers,coolbet,h2h,Pittsburgh Steelers,,2.98
2026-09-17T21:12:51Z,scheduled,9d14f87600f6edc74dbcb5c74edf6246,2026-09-20T17:00:00Z,New England Patriots,Pittsburgh Steelers,coolbet,spreads,New England Patriots,-5.0,1.92
2026-09-17T21:12:51Z,scheduled,9d14f87600f6edc74dbcb5c74edf6246,2026-09-20T17:00:00Z,New England Patriots,Pittsburgh Steelers,coolbet,spreads,Pittsburgh Steelers,5.0,1.92
2026-09-17T21:12:51Z,scheduled,9d14f87600f6edc74dbcb5c74edf6246,2026-09-20T17:00:00Z,New England Patriots,Pittsburgh Steelers,coolbet,totals,Over,41.5,1.92
2026-09-17T21:12:51Z,scheduled,9d14f87600f6edc74dbcb5c74edf6246,2026-09-20T17:00:00Z,New England Patriots,Pittsburgh Steelers,coolbet,totals,Under,41.5,1.92
2026-09-17T21:12:51Z,scheduled,9d14f87600f6edc74dbcb5c74edf6246,2026-09-20T17:00:00Z,New England Patriots,Pittsburgh Steelers,betfair_ex_eu,h2h,New England Patriots,,1.46
2026-09-17T21:12:51Z,scheduled,9d14f87600f6edc74dbcb5c74edf6246,2026-09-20T17:00:00Z,New England Patriots,Pittsburgh Steelers,betfair_ex_eu,h2h,Pittsburgh Steelers,,3.1
2026-09-17T21:12:51Z,scheduled,9d14f87600f6edc74dbcb5c74edf6246,2026-09-20T17:00:00Z,New England Patriots,Pittsburgh Steelers,betfair_ex_eu,h2h_lay,New England Patriots,,1.48
2026-09-17T21:12:51Z,scheduled,9d14f87600f6edc74dbcb5c74edf6246,2026-09-20T17:00:00Z,New England Patriots,Pittsburgh Steelers,betfair_ex_eu,h2h_lay,Pittsburgh Steelers,,3.2
2026-09-17T21:12:51Z,scheduled,fafc649c455e32a0f2ba1bd06e2039bc,2026-09-20T17:00:00Z,Tennessee Titans,Philadelphia Eagles,draftkings,h2h,Philadelphia Eagles,,1.32
2026-09-17T21:12:51Z,scheduled,fafc649c455e32a0f2ba1bd06e2039bc,2026-09-20T17:00:00Z,Tennessee Titans,Philadelphia Eagles,draftkings,h2h,Tennessee Titans,,3.5
2026-09-17T21:12:51Z,scheduled,fafc649c455e32a0f2ba1bd06e2039bc,2026-09-20T17:00:00Z,Tennessee Titans,Philadelphia Eagles,draftkings,spreads,Philadelphia Eagles,-7.0,1.91
2026-09-17T21:12:51Z,scheduled,fafc649c455e32a0f2ba1bd06e2039bc,2026-09-20T17:00:00Z,Tennessee Titans,Philadelphia Eagles,draftkings,spreads,Tennessee Titans,7.0,1.91
2026-09-17T21:12:51Z,scheduled,fafc649c455e32a0f2ba1bd06e2039bc,2026-09-20T17:00:00Z,Tennessee Titans,Philadelphia Eagles,draftkings,totals,Over,39.5,1.91
2026-09-17T21:12:51Z,scheduled,fafc649c455e32a0f2ba1bd06e2039bc,2026-09-20T17:00:00Z,Tennessee Titans,Philadelphia Eagles,draftkings,totals,Under,39.5,1.91
2026-09-17T21:12:51Z,scheduled,fafc649c455e32a0f2ba1bd06e2039bc,2026-09-20T17:00:00Z,Tennessee Titans,Philadelphia Eagles,betsson,h2h,Philadelphia Eagles,,1.29
2026-09-17T21:12:51Z,scheduled,fafc649c455e32a0f2ba1bd06e2039bc,2026-09-20T17:00:00Z,Tennessee Titans,Philadelphia Eagles,betsson,h2h,Tennessee Titans,,3.6
2026-09-17T21:12:51Z,scheduled,fafc649c455e32a0f2ba1bd06e2039bc,2026-09-20T17:00:00Z,Tennessee Titans,Philadelphia Eagles,betsson,spreads,Philadelphia Eagles,-7.5,1.98
2026-09-17T21:12:51Z,scheduled,fafc649c455e32a0f2ba1bd06e2039bc,2026-09-20T17:00:00Z,Tennessee Titans,Philadelphia Eagles,betsson,spreads,Tennessee Titans,7.5,1.83
2026-09-17T21:12:51Z,scheduled,fafc649c455e32a0f2ba1bd06e2039bc,2026-09-20T17:00:00Z,Tennessee Titans,Philadelphia Eagles,betsson,totals,Over,39.5,1.9
2026-09-17T21:12:51Z,scheduled,fafc649c455e32a0f2ba1bd06e2039bc,2026-09-20T17:00:00Z,Tennessee Titans,Philadelphia Eagles,betsson,totals,Under,39.5,1.9
2026-09-17T21:12:51Z,scheduled,fafc649c455e32a0f2ba1bd06e2039bc,2026-09-20T17:00:00Z,Tennessee Titans,Philadelphia Eagles,fanduel,h2h,Philadelphia Eagles,,1.29
2026-09-17T21:12:51Z,scheduled,fafc649c455e32a0f2ba1bd06e2039bc,2026-09-20T17:00:00Z,Tennessee Titans,Philadelphia Eagles,fanduel,h2h,Tennessee Titans,,3.8
2026-09-17T21:12:51Z,scheduled,fafc649c455e32a0f2ba1bd06e2039bc,2026-09-20T17:00:00Z,Tennessee Titans,Philadelphia Eagles,fanduel,spreads,Philadelphia Eagles,-7.0,1.91
2026-09-17T21:12:51Z,scheduled,fafc649c455e32a0f2ba1bd06e2039bc,2026-09-20T17:00:00Z,Tennessee Titans,Philadelphia Eagles,fanduel,spreads,Tennessee Titans,7.0,1.91
2026-09-17T21:12:51Z,scheduled,fafc649c455e32a0f2ba1bd06e2039bc,2026-09-20T17:00:00Z,Tennessee Titans,Philadelphia Eagles,fanduel,totals,Over,39.5,1.91
2026-09-17T21:12:51Z,scheduled,fafc649c455e32a0f2ba1bd06e2039bc,2026-09-20T17:00:00Z,Tennessee Titans,Philadelphia Eagles,fanduel,totals,Under,39.5,1.91
2026-09-17T21:12:51Z,scheduled,fafc649c455e32a0f2ba1bd06e2039bc,2026-09-20T17:00:00Z,Tennessee Titans,Philadelphia Eagles,betrivers,h2h,Philadelphia Eagles,,1.29
2026-09-17T21:12:51Z,scheduled,fafc649c455e32a0f2ba1bd06e2039bc,2026-09-20T17:00:00Z,Tennessee Titans,Philadelphia Eagles,betrivers,h2h,Tennessee Titans,,3.65
2026-09-17T21:12:51Z,scheduled,fafc649c455e32a0f2ba1bd06e2039bc,2026-09-20T17:00:00Z,Tennessee Titans,Philadelphia Eagles,betrivers,spreads,Philadelphia Eagles,-7.0,1.91
2026-09-17T21:12:51Z,scheduled,fafc649c455e32a0f2ba1bd06e2039bc,2026-09-20T17:00:00Z,Tennessee Titans,Philadelphia Eagles,betrivers,spreads,Tennessee Titans,7.0,1.91
2026-09-17T21:12:51Z,scheduled,fafc649c455e32a0f2ba1bd06e2039bc,2026-09-20T17:00:00Z,Tennessee Titans,Philadelphia Eagles,betrivers,totals,Over,39.5,1.92
2026-09-17T21:12:51Z,scheduled,fafc649c455e32a0f2ba1bd06e2039bc,2026-09-20T17:00:00Z,Tennessee Titans,Philadelphia Eagles,betrivers,totals,Under,39.5,1.89
2026-09-17T21:12:51Z,scheduled,fafc649c455e32a0f2ba1bd06e2039bc,2026-09-20T17:00:00Z,Tennessee Titans,Philadelphia Eagles,betmgm,h2h,Philadelphia Eagles,,1.31
2026-09-17T21:12:51Z,scheduled,fafc649c455e32a0f2ba1bd06e2039bc,2026-09-20T17:00:00Z,Tennessee Titans,Philadelphia Eagles,betmgm,h2h,Tennessee Titans,,3.7
2026-09-17T21:12:51Z,scheduled,fafc649c455e32a0f2ba1bd06e2039bc,2026-09-20T17:00:00Z,Tennessee Titans,Philadelphia Eagles,betmgm,spreads,Philadelphia Eagles,-7.0,1.87
2026-09-17T21:12:51Z,scheduled,fafc649c455e32a0f2ba1bd06e2039bc,2026-09-20T17:00:00Z,Tennessee Titans,Philadelphia Eagles,betmgm,spreads,Tennessee Titans,7.0,1.95
2026-09-17T21:12:51Z,scheduled,fafc649c455e32a0f2ba1bd06e2039bc,2026-09-20T17:00:00Z,Tennessee Titans,Philadelphia Eagles,betmgm,totals,Over,39.5,1.91
2026-09-17T21:12:51Z,scheduled,fafc649c455e32a0f2ba1bd06e2039bc,2026-09-20T17:00:00Z,Tennessee Titans,Philadelphia Eagles,betmgm,totals,Under,39.5,1.93
2026-09-17T21:12:51Z,scheduled,fafc649c455e32a0f2ba1bd06e2039bc,2026-09-20T17:00:00Z,Tennessee Titans,Philadelphia Eagles,matchbook,h2h,Philadelphia Eagles,,1.33
2026-09-17T21:12:51Z,scheduled,fafc649c455e32a0f2ba1bd06e2039bc,2026-09-20T17:00:00Z,Tennessee Titans,Philadelphia Eagles,matchbook,h2h,Tennessee Titans,,3.9
2026-09-17T21:12:51Z,scheduled,fafc649c455e32a0f2ba1bd06e2039bc,2026-09-20T17:00:00Z,Tennessee Titans,Philadelphia Eagles,matchbook,h2h_lay,Philadelphia Eagles,,1.35
2026-09-17T21:12:51Z,scheduled,fafc649c455e32a0f2ba1bd06e2039bc,2026-09-20T17:00:00Z,Tennessee Titans,Philadelphia Eagles,matchbook,h2h_lay,Tennessee Titans,,4.1
2026-09-17T21:12:51Z,scheduled,fafc649c455e32a0f2ba1bd06e2039bc,2026-09-20T17:00:00Z,Tennessee Titans,Philadelphia Eagles,matchbook,spreads,Philadelphia Eagles,-7.0,1.92
2026-09-17T21:12:51Z,scheduled,fafc649c455e32a0f2ba1bd06e2039bc,2026-09-20T17:00:00Z,Tennessee Titans,Philadelphia Eagles,matchbook,spreads,Tennessee Titans,7.0,1.96
2026-09-17T21:12:51Z,scheduled,fafc649c455e32a0f2ba1bd06e2039bc,2026-09-20T17:00:00Z,Tennessee Titans,Philadelphia Eagles,matchbook,totals,Over,40.0,1.99
2026-09-17T21:12:51Z,scheduled,fafc649c455e32a0f2ba1bd06e2039bc,2026-09-20T17:00:00Z,Tennessee Titans,Philadelphia Eagles,matchbook,totals,Under,40.0,1.88
2026-09-17T21:12:51Z,scheduled,fafc649c455e32a0f2ba1bd06e2039bc,2026-09-20T17:00:00Z,Tennessee Titans,Philadelphia Eagles,pinnacle,h2h,Philadelphia Eagles,,1.3
2026-09-17T21:12:51Z,scheduled,fafc649c455e32a0f2ba1bd06e2039bc,2026-09-20T17:00:00Z,Tennessee Titans,Philadelphia Eagles,pinnacle,h2h,Tennessee Titans,,3.74
2026-09-17T21:12:51Z,scheduled,fafc649c455e32a0f2ba1bd06e2039bc,2026-09-20T17:00:00Z,Tennessee Titans,Philadelphia Eagles,pinnacle,spreads,Philadelphia Eagles,-7.5,2.07
2026-09-17T21:12:51Z,scheduled,fafc649c455e32a0f2ba1bd06e2039bc,2026-09-20T17:00:00Z,Tennessee Titans,Philadelphia Eagles,pinnacle,spreads,Tennessee Titans,7.5,1.83
2026-09-17T21:12:51Z,scheduled,fafc649c455e32a0f2ba1bd06e2039bc,2026-09-20T17:00:00Z,Tennessee Titans,Philadelphia Eagles,pinnacle,totals,Over,40.0,1.96
2026-09-17T21:12:51Z,scheduled,fafc649c455e32a0f2ba1bd06e2039bc,2026-09-20T17:00:00Z,Tennessee Titans,Philadelphia Eagles,pinnacle,totals,Under,40.0,1.88
2026-09-17T21:12:51Z,scheduled,fafc649c455e32a0f2ba1bd06e2039bc,2026-09-20T17:00:00Z,Tennessee Titans,Philadelphia Eagles,coolbet,h2h,Philadelphia Eagles,,1.3
2026-09-17T21:12:51Z,scheduled,fafc649c455e32a0f2ba1bd06e2039bc,2026-09-20T17:00:00Z,Tennessee Titans,Philadelphia Eagles,coolbet,h2h,Tennessee Titans,,3.7
2026-09-17T21:12:51Z,scheduled,fafc649c455e32a0f2ba1bd06e2039bc,2026-09-20T17:00:00Z,Tennessee Titans,Philadelphia Eagles,coolbet,spreads,Philadelphia Eagles,-7.0,1.91
2026-09-17T21:12:51Z,scheduled,fafc649c455e32a0f2ba1bd06e2039bc,2026-09-20T17:00:00Z,Tennessee Titans,Philadelphia Eagles,coolbet,spreads,Tennessee Titans,7.0,1.93
2026-09-17T21:12:51Z,scheduled,fafc649c455e32a0f2ba1bd06e2039bc,2026-09-20T17:00:00Z,Tennessee Titans,Philadelphia Eagles,coolbet,totals,Over,39.5,1.92
2026-09-17T21:12:51Z,scheduled,fafc649c455e32a0f2ba1bd06e2039bc,2026-09-20T17:00:00Z,Tennessee Titans,Philadelphia Eagles,coolbet,totals,Under,39.5,1.92
2026-09-17T21:12:51Z,scheduled,fafc649c455e32a0f2ba1bd06e2039bc,2026-09-20T17:00:00Z,Tennessee Titans,Philadelphia Eagles,betfair_ex_eu,h2h,Philadelphia Eagles,,1.32
2026-09-17T21:12:51Z,scheduled,fafc649c455e32a0f2ba1bd06e2039bc,2026-09-20T17:00:00Z,Tennessee Titans,Philadelphia Eagles,betfair_ex_eu,h2h,Tennessee Titans,,3.9
2026-09-17T21:12:51Z,scheduled,fafc649c455e32a0f2ba1bd06e2039bc,2026-09-20T17:00:00Z,Tennessee Titans,Philadelphia Eagles,betfair_ex_eu,h2h_lay,Philadelphia Eagles,,1.35
2026-09-17T21:12:51Z,scheduled,fafc649c455e32a0f2ba1bd06e2039bc,2026-09-20T17:00:00Z,Tennessee Titans,Philadelphia Eagles,betfair_ex_eu,h2h_lay,Tennessee Titans,,4.1
2026-09-17T21:12:51Z,scheduled,1fd6628c781f556a7a19638e97d7107f,2026-09-20T20:05:00Z,Denver Broncos,Jacksonville Jaguars,draftkings,h2h,Denver Broncos,,1.68
2026-09-17T21:12:51Z,scheduled,1fd6628c781f556a7a19638e97d7107f,2026-09-20T20:05:00Z,Denver Broncos,Jacksonville Jaguars,draftkings,h2h,Jacksonville Jaguars,,2.24
2026-09-17T21:12:51Z,scheduled,1fd6628c781f556a7a19638e97d7107f,2026-09-20T20:05:00Z,Denver Broncos,Jacksonville Jaguars,draftkings,spreads,Denver Broncos,-2.5,1.85
2026-09-17T21:12:51Z,scheduled,1fd6628c781f556a7a19638e97d7107f,2026-09-20T20:05:00Z,Denver Broncos,Jacksonville Jaguars,draftkings,spreads,Jacksonville Jaguars,2.5,1.98
2026-09-17T21:12:51Z,scheduled,1fd6628c781f556a7a19638e97d7107f,2026-09-20T20:05:00Z,Denver Broncos,Jacksonville Jaguars,draftkings,totals,Over,45.5,1.93
2026-09-17T21:12:51Z,scheduled,1fd6628c781f556a7a19638e97d7107f,2026-09-20T20:05:00Z,Denver Broncos,Jacksonville Jaguars,draftkings,totals,Under,45.5,1.89
2026-09-17T21:12:51Z,scheduled,1fd6628c781f556a7a19638e97d7107f,2026-09-20T20:05:00Z,Denver Broncos,Jacksonville Jaguars,betsson,h2h,Denver Broncos,,1.65
2026-09-17T21:12:51Z,scheduled,1fd6628c781f556a7a19638e97d7107f,2026-09-20T20:05:00Z,Denver Broncos,Jacksonville Jaguars,betsson,h2h,Jacksonville Jaguars,,2.24
2026-09-17T21:12:51Z,scheduled,1fd6628c781f556a7a19638e97d7107f,2026-09-20T20:05:00Z,Denver Broncos,Jacksonville Jaguars,betsson,spreads,Denver Broncos,-2.5,1.85
2026-09-17T21:12:51Z,scheduled,1fd6628c781f556a7a19638e97d7107f,2026-09-20T20:05:00Z,Denver Broncos,Jacksonville Jaguars,betsson,spreads,Jacksonville Jaguars,2.5,1.96
2026-09-17T21:12:51Z,scheduled,1fd6628c781f556a7a19638e97d7107f,2026-09-20T20:05:00Z,Denver Broncos,Jacksonville Jaguars,betsson,totals,Over,45.5,1.92
2026-09-17T21:12:51Z,scheduled,1fd6628c781f556a7a19638e97d7107f,2026-09-20T20:05:00Z,Denver Broncos,Jacksonville Jaguars,betsson,totals,Under,45.5,1.88
2026-09-17T21:12:51Z,scheduled,1fd6628c781f556a7a19638e97d7107f,2026-09-20T20:05:00Z,Denver Broncos,Jacksonville Jaguars,fanduel,h2h,Denver Broncos,,1.68
2026-09-17T21:12:51Z,scheduled,1fd6628c781f556a7a19638e97d7107f,2026-09-20T20:05:00Z,Denver Broncos,Jacksonville Jaguars,fanduel,h2h,Jacksonville Jaguars,,2.26
2026-09-17T21:12:51Z,scheduled,1fd6628c781f556a7a19638e97d7107f,2026-09-20T20:05:00Z,Denver Broncos,Jacksonville Jaguars,fanduel,spreads,Denver Broncos,-2.5,1.83
2026-09-17T21:12:51Z,scheduled,1fd6628c781f556a7a19638e97d7107f,2026-09-20T20:05:00Z,Denver Broncos,Jacksonville Jaguars,fanduel,spreads,Jacksonville Jaguars,2.5,1.98
2026-09-17T21:12:51Z,scheduled,1fd6628c781f556a7a19638e97d7107f,2026-09-20T20:05:00Z,Denver Broncos,Jacksonville Jaguars,fanduel,totals,Over,45.5,1.95
2026-09-17T21:12:51Z,scheduled,1fd6628c781f556a7a19638e97d7107f,2026-09-20T20:05:00Z,Denver Broncos,Jacksonville Jaguars,fanduel,totals,Under,45.5,1.87
2026-09-17T21:12:51Z,scheduled,1fd6628c781f556a7a19638e97d7107f,2026-09-20T20:05:00Z,Denver Broncos,Jacksonville Jaguars,betrivers,h2h,Denver Broncos,,1.65
2026-09-17T21:12:51Z,scheduled,1fd6628c781f556a7a19638e97d7107f,2026-09-20T20:05:00Z,Denver Broncos,Jacksonville Jaguars,betrivers,h2h,Jacksonville Jaguars,,2.3
2026-09-17T21:12:51Z,scheduled,1fd6628c781f556a7a19638e97d7107f,2026-09-20T20:05:00Z,Denver Broncos,Jacksonville Jaguars,betrivers,spreads,Denver Broncos,-3.0,1.94
2026-09-17T21:12:51Z,scheduled,1fd6628c781f556a7a19638e97d7107f,2026-09-20T20:05:00Z,Denver Broncos,Jacksonville Jaguars,betrivers,spreads,Jacksonville Jaguars,3.0,1.87
2026-09-17T21:12:51Z,scheduled,1fd6628c781f556a7a19638e97d7107f,2026-09-20T20:05:00Z,Denver Broncos,Jacksonville Jaguars,betrivers,totals,Over,45.0,1.88
2026-09-17T21:12:51Z,scheduled,1fd6628c781f556a7a19638e97d7107f,2026-09-20T20:05:00Z,Denver Broncos,Jacksonville Jaguars,betrivers,totals,Under,45.0,1.93
2026-09-17T21:12:51Z,scheduled,1fd6628c781f556a7a19638e97d7107f,2026-09-20T20:05:00Z,Denver Broncos,Jacksonville Jaguars,betmgm,h2h,Denver Broncos,,1.69
2026-09-17T21:12:51Z,scheduled,1fd6628c781f556a7a19638e97d7107f,2026-09-20T20:05:00Z,Denver Broncos,Jacksonville Jaguars,betmgm,h2h,Jacksonville Jaguars,,2.25
2026-09-17T21:12:51Z,scheduled,1fd6628c781f556a7a19638e97d7107f,2026-09-20T20:05:00Z,Denver Broncos,Jacksonville Jaguars,betmgm,spreads,Denver Broncos,-2.5,1.85
2026-09-17T21:12:51Z,scheduled,1fd6628c781f556a7a19638e97d7107f,2026-09-20T20:05:00Z,Denver Broncos,Jacksonville Jaguars,betmgm,spreads,Jacksonville Jaguars,2.5,1.98
2026-09-17T21:12:51Z,scheduled,1fd6628c781f556a7a19638e97d7107f,2026-09-20T20:05:00Z,Denver Broncos,Jacksonville Jaguars,betmgm,totals,Over,45.5,1.93
2026-09-17T21:12:51Z,scheduled,1fd6628c781f556a7a19638e97d7107f,2026-09-20T20:05:00Z,Denver Broncos,Jacksonville Jaguars,betmgm,totals,Under,45.5,1.91
2026-09-17T21:12:51Z,scheduled,1fd6628c781f556a7a19638e97d7107f,2026-09-20T20:05:00Z,Denver Broncos,Jacksonville Jaguars,coolbet,h2h,Denver Broncos,,1.68
2026-09-17T21:12:51Z,scheduled,1fd6628c781f556a7a19638e97d7107f,2026-09-20T20:05:00Z,Denver Broncos,Jacksonville Jaguars,coolbet,h2h,Jacksonville Jaguars,,2.25
2026-09-17T21:12:51Z,scheduled,1fd6628c781f556a7a19638e97d7107f,2026-09-20T20:05:00Z,Denver Broncos,Jacksonville Jaguars,coolbet,spreads,Denver Broncos,-2.5,1.87
2026-09-17T21:12:51Z,scheduled,1fd6628c781f556a7a19638e97d7107f,2026-09-20T20:05:00Z,Denver Broncos,Jacksonville Jaguars,coolbet,spreads,Jacksonville Jaguars,2.5,1.98
2026-09-17T21:12:51Z,scheduled,1fd6628c781f556a7a19638e97d7107f,2026-09-20T20:05:00Z,Denver Broncos,Jacksonville Jaguars,coolbet,totals,Over,45.0,1.9
2026-09-17T21:12:51Z,scheduled,1fd6628c781f556a7a19638e97d7107f,2026-09-20T20:05:00Z,Denver Broncos,Jacksonville Jaguars,coolbet,totals,Under,45.0,1.95
2026-09-17T21:12:51Z,scheduled,1fd6628c781f556a7a19638e97d7107f,2026-09-20T20:05:00Z,Denver Broncos,Jacksonville Jaguars,betfair_ex_eu,h2h,Denver Broncos,,1.69
2026-09-17T21:12:51Z,scheduled,1fd6628c781f556a7a19638e97d7107f,2026-09-20T20:05:00Z,Denver Broncos,Jacksonville Jaguars,betfair_ex_eu,h2h,Jacksonville Jaguars,,2.4
2026-09-17T21:12:51Z,scheduled,1fd6628c781f556a7a19638e97d7107f,2026-09-20T20:05:00Z,Denver Broncos,Jacksonville Jaguars,betfair_ex_eu,h2h_lay,Denver Broncos,,1.71
2026-09-17T21:12:51Z,scheduled,1fd6628c781f556a7a19638e97d7107f,2026-09-20T20:05:00Z,Denver Broncos,Jacksonville Jaguars,betfair_ex_eu,h2h_lay,Jacksonville Jaguars,,2.44
2026-09-17T21:12:51Z,scheduled,1fd6628c781f556a7a19638e97d7107f,2026-09-20T20:05:00Z,Denver Broncos,Jacksonville Jaguars,matchbook,h2h,Denver Broncos,,1.69
2026-09-17T21:12:51Z,scheduled,1fd6628c781f556a7a19638e97d7107f,2026-09-20T20:05:00Z,Denver Broncos,Jacksonville Jaguars,matchbook,h2h,Jacksonville Jaguars,,2.4
2026-09-17T21:12:51Z,scheduled,1fd6628c781f556a7a19638e97d7107f,2026-09-20T20:05:00Z,Denver Broncos,Jacksonville Jaguars,matchbook,h2h_lay,Denver Broncos,,1.71
2026-09-17T21:12:51Z,scheduled,1fd6628c781f556a7a19638e97d7107f,2026-09-20T20:05:00Z,Denver Broncos,Jacksonville Jaguars,matchbook,h2h_lay,Jacksonville Jaguars,,2.44
2026-09-17T21:12:51Z,scheduled,1fd6628c781f556a7a19638e97d7107f,2026-09-20T20:05:00Z,Denver Broncos,Jacksonville Jaguars,matchbook,spreads,Denver Broncos,-3.0,2.04
2026-09-17T21:12:51Z,scheduled,1fd6628c781f556a7a19638e97d7107f,2026-09-20T20:05:00Z,Denver Broncos,Jacksonville Jaguars,matchbook,spreads,Jacksonville Jaguars,3.0,1.87
2026-09-17T21:12:51Z,scheduled,1fd6628c781f556a7a19638e97d7107f,2026-09-20T20:05:00Z,Denver Broncos,Jacksonville Jaguars,matchbook,totals,Over,45.5,1.96
2026-09-17T21:12:51Z,scheduled,1fd6628c781f556a7a19638e97d7107f,2026-09-20T20:05:00Z,Denver Broncos,Jacksonville Jaguars,matchbook,totals,Under,45.5,1.95
2026-09-17T21:12:51Z,scheduled,1fd6628c781f556a7a19638e97d7107f,2026-09-20T20:05:00Z,Denver Broncos,Jacksonville Jaguars,pinnacle,h2h,Denver Broncos,,1.65
2026-09-17T21:12:51Z,scheduled,1fd6628c781f556a7a19638e97d7107f,2026-09-20T20:05:00Z,Denver Broncos,Jacksonville Jaguars,pinnacle,h2h,Jacksonville Jaguars,,2.35
2026-09-17T21:12:51Z,scheduled,1fd6628c781f556a7a19638e97d7107f,2026-09-20T20:05:00Z,Denver Broncos,Jacksonville Jaguars,pinnacle,spreads,Denver Broncos,-2.5,1.84
2026-09-17T21:12:51Z,scheduled,1fd6628c781f556a7a19638e97d7107f,2026-09-20T20:05:00Z,Denver Broncos,Jacksonville Jaguars,pinnacle,spreads,Jacksonville Jaguars,2.5,2.06
2026-09-17T21:12:51Z,scheduled,1fd6628c781f556a7a19638e97d7107f,2026-09-20T20:05:00Z,Denver Broncos,Jacksonville Jaguars,pinnacle,totals,Over,45.5,1.93
2026-09-17T21:12:51Z,scheduled,1fd6628c781f556a7a19638e97d7107f,2026-09-20T20:05:00Z,Denver Broncos,Jacksonville Jaguars,pinnacle,totals,Under,45.5,1.92
2026-09-17T21:12:51Z,scheduled,71b3b83747589efdc5baef2c5cf811bf,2026-09-20T20:05:00Z,Los Angeles Chargers,Las Vegas Raiders,draftkings,h2h,Las Vegas Raiders,,3.45
2026-09-17T21:12:51Z,scheduled,71b3b83747589efdc5baef2c5cf811bf,2026-09-20T20:05:00Z,Los Angeles Chargers,Las Vegas Raiders,draftkings,h2h,Los Angeles Chargers,,1.33
2026-09-17T21:12:51Z,scheduled,71b3b83747589efdc5baef2c5cf811bf,2026-09-20T20:05:00Z,Los Angeles Chargers,Las Vegas Raiders,draftkings,spreads,Las Vegas Raiders,6.5,1.98
2026-09-17T21:12:51Z,scheduled,71b3b83747589efdc5baef2c5cf811bf,2026-09-20T20:05:00Z,Los Angeles Chargers,Las Vegas Raiders,draftkings,spreads,Los Angeles Chargers,-6.5,1.85
2026-09-17T21:12:51Z,scheduled,71b3b83747589efdc5baef2c5cf811bf,2026-09-20T20:05:00Z,Los Angeles Chargers,Las Vegas Raiders,draftkings,totals,Over,43.5,1.95
2026-09-17T21:12:51Z,scheduled,71b3b83747589efdc5baef2c5cf811bf,2026-09-20T20:05:00Z,Los Angeles Chargers,Las Vegas Raiders,draftkings,totals,Under,43.5,1.87
2026-09-17T21:12:51Z,scheduled,71b3b83747589efdc5baef2c5cf811bf,2026-09-20T20:05:00Z,Los Angeles Chargers,Las Vegas Raiders,betsson,h2h,Las Vegas Raiders,,3.4
2026-09-17T21:12:51Z,scheduled,71b3b83747589efdc5baef2c5cf811bf,2026-09-20T20:05:00Z,Los Angeles Chargers,Las Vegas Raiders,betsson,h2h,Los Angeles Chargers,,1.32
2026-09-17T21:12:51Z,scheduled,71b3b83747589efdc5baef2c5cf811bf,2026-09-20T20:05:00Z,Los Angeles Chargers,Las Vegas Raiders,betsson,spreads,Las Vegas Raiders,6.5,1.92
2026-09-17T21:12:51Z,scheduled,71b3b83747589efdc5baef2c5cf811bf,2026-09-20T20:05:00Z,Los Angeles Chargers,Las Vegas Raiders,betsson,spreads,Los Angeles Chargers,-6.5,1.88
2026-09-17T21:12:51Z,scheduled,71b3b83747589efdc5baef2c5cf811bf,2026-09-20T20:05:00Z,Los Angeles Chargers,Las Vegas Raiders,betsson,totals,Over,43.5,1.9
2026-09-17T21:12:51Z,scheduled,71b3b83747589efdc5baef2c5cf811bf,2026-09-20T20:05:00Z,Los Angeles Chargers,Las Vegas Raiders,betsson,totals,Under,43.5,1.9
2026-09-17T21:12:51Z,scheduled,71b3b83747589efdc5baef2c5cf811bf,2026-09-20T20:05:00Z,Los Angeles Chargers,Las Vegas Raiders,fanduel,h2h,Las Vegas Raiders,,3.5
2026-09-17T21:12:51Z,scheduled,71b3b83747589efdc5baef2c5cf811bf,2026-09-20T20:05:00Z,Los Angeles Chargers,Las Vegas Raiders,fanduel,h2h,Los Angeles Chargers,,1.32
2026-09-17T21:12:51Z,scheduled,71b3b83747589efdc5baef2c5cf811bf,2026-09-20T20:05:00Z,Los Angeles Chargers,Las Vegas Raiders,fanduel,spreads,Las Vegas Raiders,6.5,1.95
2026-09-17T21:12:51Z,scheduled,71b3b83747589efdc5baef2c5cf811bf,2026-09-20T20:05:00Z,Los Angeles Chargers,Las Vegas Raiders,fanduel,spreads,Los Angeles Chargers,-6.5,1.87
2026-09-17T21:12:51Z,scheduled,71b3b83747589efdc5baef2c5cf811bf,2026-09-20T20:05:00Z,Los Angeles Chargers,Las Vegas Raiders,fanduel,totals,Over,43.5,1.91
2026-09-17T21:12:51Z,scheduled,71b3b83747589efdc5baef2c5cf811bf,2026-09-20T20:05:00Z,Los Angeles Chargers,Las Vegas Raiders,fanduel,totals,Under,43.5,1.91
2026-09-17T21:12:51Z,scheduled,71b3b83747589efdc5baef2c5cf811bf,2026-09-20T20:05:00Z,Los Angeles Chargers,Las Vegas Raiders,betrivers,h2h,Las Vegas Raiders,,3.45
2026-09-17T21:12:51Z,scheduled,71b3b83747589efdc5baef2c5cf811bf,2026-09-20T20:05:00Z,Los Angeles Chargers,Las Vegas Raiders,betrivers,h2h,Los Angeles Chargers,,1.32
2026-09-17T21:12:51Z,scheduled,71b3b83747589efdc5baef2c5cf811bf,2026-09-20T20:05:00Z,Los Angeles Chargers,Las Vegas Raiders,betrivers,spreads,Las Vegas Raiders,6.5,1.96
2026-09-17T21:12:51Z,scheduled,71b3b83747589efdc5baef2c5cf811bf,2026-09-20T20:05:00Z,Los Angeles Chargers,Las Vegas Raiders,betrivers,spreads,Los Angeles Chargers,-6.5,1.85
2026-09-17T21:12:51Z,scheduled,71b3b83747589efdc5baef2c5cf811bf,2026-09-20T20:05:00Z,Los Angeles Chargers,Las Vegas Raiders,betrivers,totals,Over,43.5,1.92
2026-09-17T21:12:51Z,scheduled,71b3b83747589efdc5baef2c5cf811bf,2026-09-20T20:05:00Z,Los Angeles Chargers,Las Vegas Raiders,betrivers,totals,Under,43.5,1.89
2026-09-17T21:12:51Z,scheduled,71b3b83747589efdc5baef2c5cf811bf,2026-09-20T20:05:00Z,Los Angeles Chargers,Las Vegas Raiders,betmgm,h2h,Las Vegas Raiders,,3.4
2026-09-17T21:12:51Z,scheduled,71b3b83747589efdc5baef2c5cf811bf,2026-09-20T20:05:00Z,Los Angeles Chargers,Las Vegas Raiders,betmgm,h2h,Los Angeles Chargers,,1.33
2026-09-17T21:12:51Z,scheduled,71b3b83747589efdc5baef2c5cf811bf,2026-09-20T20:05:00Z,Los Angeles Chargers,Las Vegas Raiders,betmgm,spreads,Las Vegas Raiders,6.5,1.95
2026-09-17T21:12:51Z,scheduled,71b3b83747589efdc5baef2c5cf811bf,2026-09-20T20:05:00Z,Los Angeles Chargers,Las Vegas Raiders,betmgm,spreads,Los Angeles Chargers,-6.5,1.89
2026-09-17T21:12:51Z,scheduled,71b3b83747589efdc5baef2c5cf811bf,2026-09-20T20:05:00Z,Los Angeles Chargers,Las Vegas Raiders,betmgm,totals,Over,43.5,1.95
2026-09-17T21:12:51Z,scheduled,71b3b83747589efdc5baef2c5cf811bf,2026-09-20T20:05:00Z,Los Angeles Chargers,Las Vegas Raiders,betmgm,totals,Under,43.5,1.89
2026-09-17T21:12:51Z,scheduled,71b3b83747589efdc5baef2c5cf811bf,2026-09-20T20:05:00Z,Los Angeles Chargers,Las Vegas Raiders,pinnacle,h2h,Las Vegas Raiders,,3.46
2026-09-17T21:12:51Z,scheduled,71b3b83747589efdc5baef2c5cf811bf,2026-09-20T20:05:00Z,Los Angeles Chargers,Las Vegas Raiders,pinnacle,h2h,Los Angeles Chargers,,1.34
2026-09-17T21:12:51Z,scheduled,71b3b83747589efdc5baef2c5cf811bf,2026-09-20T20:05:00Z,Los Angeles Chargers,Las Vegas Raiders,pinnacle,spreads,Las Vegas Raiders,6.5,1.95
2026-09-17T21:12:51Z,scheduled,71b3b83747589efdc5baef2c5cf811bf,2026-09-20T20:05:00Z,Los Angeles Chargers,Las Vegas Raiders,pinnacle,spreads,Los Angeles Chargers,-6.5,1.93
2026-09-17T21:12:51Z,scheduled,71b3b83747589efdc5baef2c5cf811bf,2026-09-20T20:05:00Z,Los Angeles Chargers,Las Vegas Raiders,pinnacle,totals,Over,44.0,2.04
2026-09-17T21:12:51Z,scheduled,71b3b83747589efdc5baef2c5cf811bf,2026-09-20T20:05:00Z,Los Angeles Chargers,Las Vegas Raiders,pinnacle,totals,Under,44.0,1.82
2026-09-17T21:12:51Z,scheduled,71b3b83747589efdc5baef2c5cf811bf,2026-09-20T20:05:00Z,Los Angeles Chargers,Las Vegas Raiders,matchbook,h2h,Las Vegas Raiders,,3.65
2026-09-17T21:12:51Z,scheduled,71b3b83747589efdc5baef2c5cf811bf,2026-09-20T20:05:00Z,Los Angeles Chargers,Las Vegas Raiders,matchbook,h2h,Los Angeles Chargers,,1.37
2026-09-17T21:12:51Z,scheduled,71b3b83747589efdc5baef2c5cf811bf,2026-09-20T20:05:00Z,Los Angeles Chargers,Las Vegas Raiders,matchbook,h2h_lay,Las Vegas Raiders,,3.7
2026-09-17T21:12:51Z,scheduled,71b3b83747589efdc5baef2c5cf811bf,2026-09-20T20:05:00Z,Los Angeles Chargers,Las Vegas Raiders,matchbook,h2h_lay,Los Angeles Chargers,,1.38
2026-09-17T21:12:51Z,scheduled,71b3b83747589efdc5baef2c5cf811bf,2026-09-20T20:05:00Z,Los Angeles Chargers,Las Vegas Raiders,matchbook,spreads,Las Vegas Raiders,6.5,1.95
2026-09-17T21:12:51Z,scheduled,71b3b83747589efdc5baef2c5cf811bf,2026-09-20T20:05:00Z,Los Angeles Chargers,Las Vegas Raiders,matchbook,spreads,Los Angeles Chargers,-6.5,1.98
2026-09-17T21:12:51Z,scheduled,71b3b83747589efdc5baef2c5cf811bf,2026-09-20T20:05:00Z,Los Angeles Chargers,Las Vegas Raiders,matchbook,totals,Over,43.5,1.96
2026-09-17T21:12:51Z,scheduled,71b3b83747589efdc5baef2c5cf811bf,2026-09-20T20:05:00Z,Los Angeles Chargers,Las Vegas Raiders,matchbook,totals,Under,43.5,1.92
2026-09-17T21:12:51Z,scheduled,71b3b83747589efdc5baef2c5cf811bf,2026-09-20T20:05:00Z,Los Angeles Chargers,Las Vegas Raiders,coolbet,h2h,Las Vegas Raiders,,3.5
2026-09-17T21:12:51Z,scheduled,71b3b83747589efdc5baef2c5cf811bf,2026-09-20T20:05:00Z,Los Angeles Chargers,Las Vegas Raiders,coolbet,h2h,Los Angeles Chargers,,1.33
2026-09-17T21:12:51Z,scheduled,71b3b83747589efdc5baef2c5cf811bf,2026-09-20T20:05:00Z,Los Angeles Chargers,Las Vegas Raiders,coolbet,spreads,Las Vegas Raiders,6.5,1.95
2026-09-17T21:12:51Z,scheduled,71b3b83747589efdc5baef2c5cf811bf,2026-09-20T20:05:00Z,Los Angeles Chargers,Las Vegas Raiders,coolbet,spreads,Los Angeles Chargers,-6.5,1.9
2026-09-17T21:12:51Z,scheduled,71b3b83747589efdc5baef2c5cf811bf,2026-09-20T20:05:00Z,Los Angeles Chargers,Las Vegas Raiders,coolbet,totals,Over,43.5,1.92
2026-09-17T21:12:51Z,scheduled,71b3b83747589efdc5baef2c5cf811bf,2026-09-20T20:05:00Z,Los Angeles Chargers,Las Vegas Raiders,coolbet,totals,Under,43.5,1.92
2026-09-17T21:12:51Z,scheduled,71b3b83747589efdc5baef2c5cf811bf,2026-09-20T20:05:00Z,Los Angeles Chargers,Las Vegas Raiders,betfair_ex_eu,h2h,Las Vegas Raiders,,3.65
2026-09-17T21:12:51Z,scheduled,71b3b83747589efdc5baef2c5cf811bf,2026-09-20T20:05:00Z,Los Angeles Chargers,Las Vegas Raiders,betfair_ex_eu,h2h,Los Angeles Chargers,,1.37
2026-09-17T21:12:51Z,scheduled,71b3b83747589efdc5baef2c5cf811bf,2026-09-20T20:05:00Z,Los Angeles Chargers,Las Vegas Raiders,betfair_ex_eu,h2h_lay,Las Vegas Raiders,,3.7
2026-09-17T21:12:51Z,scheduled,71b3b83747589efdc5baef2c5cf811bf,2026-09-20T20:05:00Z,Los Angeles Chargers,Las Vegas Raiders,betfair_ex_eu,h2h_lay,Los Angeles Chargers,,1.38
2026-09-17T21:12:51Z,scheduled,4dd8020192a544385db42374e5555303,2026-09-20T20:25:00Z,Arizona Cardinals,Seattle Seahawks,draftkings,h2h,Arizona Cardinals,,2.85
2026-09-17T21:12:51Z,scheduled,4dd8020192a544385db42374e5555303,2026-09-20T20:25:00Z,Arizona Cardinals,Seattle Seahawks,draftkings,h2h,Seattle Seahawks,,1.44
2026-09-17T21:12:51Z,scheduled,4dd8020192a544385db42374e5555303,2026-09-20T20:25:00Z,Arizona Cardinals,Seattle Seahawks,draftkings,spreads,Arizona Cardinals,3.5,2.0
2026-09-17T21:12:51Z,scheduled,4dd8020192a544385db42374e5555303,2026-09-20T20:25:00Z,Arizona Cardinals,Seattle Seahawks,draftkings,spreads,Seattle Seahawks,-3.5,1.83
2026-09-17T21:12:51Z,scheduled,4dd8020192a544385db42374e5555303,2026-09-20T20:25:00Z,Arizona Cardinals,Seattle Seahawks,draftkings,totals,Over,41.5,1.95
2026-09-17T21:12:51Z,scheduled,4dd8020192a544385db42374e5555303,2026-09-20T20:25:00Z,Arizona Cardinals,Seattle Seahawks,draftkings,totals,Under,41.5,1.87
2026-09-17T21:12:51Z,scheduled,4dd8020192a544385db42374e5555303,2026-09-20T20:25:00Z,Arizona Cardinals,Seattle Seahawks,betsson,h2h,Arizona Cardinals,,2.71
2026-09-17T21:12:51Z,scheduled,4dd8020192a544385db42374e5555303,2026-09-20T20:25:00Z,Arizona Cardinals,Seattle Seahawks,betsson,h2h,Seattle Seahawks,,1.46
2026-09-17T21:12:51Z,scheduled,4dd8020192a544385db42374e5555303,2026-09-20T20:25:00Z,Arizona Cardinals,Seattle Seahawks,betsson,spreads,Arizona Cardinals,3.5,1.96
2026-09-17T21:12:51Z,scheduled,4dd8020192a544385db42374e5555303,2026-09-20T20:25:00Z,Arizona Cardinals,Seattle Seahawks,betsson,spreads,Seattle Seahawks,-3.5,1.85
2026-09-17T21:12:51Z,scheduled,4dd8020192a544385db42374e5555303,2026-09-20T20:25:00Z,Arizona Cardinals,Seattle Seahawks,betsson,totals,Over,40.5,1.86
2026-09-17T21:12:51Z,scheduled,4dd8020192a544385db42374e5555303,2026-09-20T20:25:00Z,Arizona Cardinals,Seattle Seahawks,betsson,totals,Under,40.5,1.94
2026-09-17T21:12:51Z,scheduled,4dd8020192a544385db42374e5555303,2026-09-20T20:25:00Z,Arizona Cardinals,Seattle Seahawks,fanduel,h2h,Arizona Cardinals,,2.66
2026-09-17T21:12:51Z,scheduled,4dd8020192a544385db42374e5555303,2026-09-20T20:25:00Z,Arizona Cardinals,Seattle Seahawks,fanduel,h2h,Seattle Seahawks,,1.51
2026-09-17T21:12:51Z,scheduled,4dd8020192a544385db42374e5555303,2026-09-20T20:25:00Z,Arizona Cardinals,Seattle Seahawks,fanduel,spreads,Arizona Cardinals,4.5,1.83
2026-09-17T21:12:51Z,scheduled,4dd8020192a544385db42374e5555303,2026-09-20T20:25:00Z,Arizona Cardinals,Seattle Seahawks,fanduel,spreads,Seattle Seahawks,-4.5,1.98
2026-09-17T21:12:51Z,scheduled,4dd8020192a544385db42374e5555303,2026-09-20T20:25:00Z,Arizona Cardinals,Seattle Seahawks,fanduel,totals,Over,41.5,1.98
2026-09-17T21:12:51Z,scheduled,4dd8020192a544385db42374e5555303,2026-09-20T20:25:00Z,Arizona Cardinals,Seattle Seahawks,fanduel,totals,Under,41.5,1.83
2026-09-17T21:12:51Z,scheduled,4dd8020192a544385db42374e5555303,2026-09-20T20:25:00Z,Arizona Cardinals,Seattle Seahawks,betrivers,h2h,Arizona Cardinals,,2.7
2026-09-17T21:12:51Z,scheduled,4dd8020192a544385db42374e5555303,2026-09-20T20:25:00Z,Arizona Cardinals,Seattle Seahawks,betrivers,h2h,Seattle Seahawks,,1.48
2026-09-17T21:12:51Z,scheduled,4dd8020192a544385db42374e5555303,2026-09-20T20:25:00Z,Arizona Cardinals,Seattle Seahawks,betrivers,spreads,Arizona Cardinals,4.0,1.91
2026-09-17T21:12:51Z,scheduled,4dd8020192a544385db42374e5555303,2026-09-20T20:25:00Z,Arizona Cardinals,Seattle Seahawks,betrivers,spreads,Seattle Seahawks,-4.0,1.91
2026-09-17T21:12:51Z,scheduled,4dd8020192a544385db42374e5555303,2026-09-20T20:25:00Z,Arizona Cardinals,Seattle Seahawks,betrivers,totals,Over,41.0,1.91
2026-09-17T21:12:51Z,scheduled,4dd8020192a544385db42374e5555303,2026-09-20T20:25:00Z,Arizona Cardinals,Seattle Seahawks,betrivers,totals,Under,41.0,1.91
2026-09-17T21:12:51Z,scheduled,4dd8020192a544385db42374e5555303,2026-09-20T20:25:00Z,Arizona Cardinals,Seattle Seahawks,betmgm,h2h,Arizona Cardinals,,2.75
2026-09-17T21:12:51Z,scheduled,4dd8020192a544385db42374e5555303,2026-09-20T20:25:00Z,Arizona Cardinals,Seattle Seahawks,betmgm,h2h,Seattle Seahawks,,1.48
2026-09-17T21:12:51Z,scheduled,4dd8020192a544385db42374e5555303,2026-09-20T20:25:00Z,Arizona Cardinals,Seattle Seahawks,betmgm,spreads,Arizona Cardinals,4.0,1.91
2026-09-17T21:12:51Z,scheduled,4dd8020192a544385db42374e5555303,2026-09-20T20:25:00Z,Arizona Cardinals,Seattle Seahawks,betmgm,spreads,Seattle Seahawks,-4.0,1.93
2026-09-17T21:12:51Z,scheduled,4dd8020192a544385db42374e5555303,2026-09-20T20:25:00Z,Arizona Cardinals,Seattle Seahawks,betmgm,totals,Over,41.0,1.89
2026-09-17T21:12:51Z,scheduled,4dd8020192a544385db42374e5555303,2026-09-20T20:25:00Z,Arizona Cardinals,Seattle Seahawks,betmgm,totals,Under,41.0,1.93
2026-09-17T21:12:51Z,scheduled,4dd8020192a544385db42374e5555303,2026-09-20T20:25:00Z,Arizona Cardinals,Seattle Seahawks,matchbook,h2h,Arizona Cardinals,,2.84
2026-09-17T21:12:51Z,scheduled,4dd8020192a544385db42374e5555303,2026-09-20T20:25:00Z,Arizona Cardinals,Seattle Seahawks,matchbook,h2h,Seattle Seahawks,,1.53
2026-09-17T21:12:51Z,scheduled,4dd8020192a544385db42374e5555303,2026-09-20T20:25:00Z,Arizona Cardinals,Seattle Seahawks,matchbook,h2h_lay,Arizona Cardinals,,2.88
2026-09-17T21:12:51Z,scheduled,4dd8020192a544385db42374e5555303,2026-09-20T20:25:00Z,Arizona Cardinals,Seattle Seahawks,matchbook,h2h_lay,Seattle Seahawks,,1.55
2026-09-17T21:12:51Z,scheduled,4dd8020192a544385db42374e5555303,2026-09-20T20:25:00Z,Arizona Cardinals,Seattle Seahawks,matchbook,spreads,Arizona Cardinals,3.5,1.97
2026-09-17T21:12:51Z,scheduled,4dd8020192a544385db42374e5555303,2026-09-20T20:25:00Z,Arizona Cardinals,Seattle Seahawks,matchbook,spreads,Seattle Seahawks,-3.5,1.95
2026-09-17T21:12:51Z,scheduled,4dd8020192a544385db42374e5555303,2026-09-20T20:25:00Z,Arizona Cardinals,Seattle Seahawks,matchbook,totals,Over,41.0,1.92
2026-09-17T21:12:51Z,scheduled,4dd8020192a544385db42374e5555303,2026-09-20T20:25:00Z,Arizona Cardinals,Seattle Seahawks,matchbook,totals,Under,41.0,1.96
2026-09-17T21:12:51Z,scheduled,4dd8020192a544385db42374e5555303,2026-09-20T20:25:00Z,Arizona Cardinals,Seattle Seahawks,pinnacle,h2h,Arizona Cardinals,,2.72
2026-09-17T21:12:51Z,scheduled,4dd8020192a544385db42374e5555303,2026-09-20T20:25:00Z,Arizona Cardinals,Seattle Seahawks,pinnacle,h2h,Seattle Seahawks,,1.51
2026-09-17T21:12:51Z,scheduled,4dd8020192a544385db42374e5555303,2026-09-20T20:25:00Z,Arizona Cardinals,Seattle Seahawks,pinnacle,spreads,Arizona Cardinals,4.0,1.9
2026-09-17T21:12:51Z,scheduled,4dd8020192a544385db42374e5555303,2026-09-20T20:25:00Z,Arizona Cardinals,Seattle Seahawks,pinnacle,spreads,Seattle Seahawks,-4.0,1.98
2026-09-17T21:12:51Z,scheduled,4dd8020192a544385db42374e5555303,2026-09-20T20:25:00Z,Arizona Cardinals,Seattle Seahawks,pinnacle,totals,Over,41.5,2.01
2026-09-17T21:12:51Z,scheduled,4dd8020192a544385db42374e5555303,2026-09-20T20:25:00Z,Arizona Cardinals,Seattle Seahawks,pinnacle,totals,Under,41.5,1.85
2026-09-17T21:12:51Z,scheduled,4dd8020192a544385db42374e5555303,2026-09-20T20:25:00Z,Arizona Cardinals,Seattle Seahawks,coolbet,h2h,Arizona Cardinals,,2.78
2026-09-17T21:12:51Z,scheduled,4dd8020192a544385db42374e5555303,2026-09-20T20:25:00Z,Arizona Cardinals,Seattle Seahawks,coolbet,h2h,Seattle Seahawks,,1.47
2026-09-17T21:12:51Z,scheduled,4dd8020192a544385db42374e5555303,2026-09-20T20:25:00Z,Arizona Cardinals,Seattle Seahawks,coolbet,spreads,Arizona Cardinals,4.0,1.91
2026-09-17T21:12:51Z,scheduled,4dd8020192a544385db42374e5555303,2026-09-20T20:25:00Z,Arizona Cardinals,Seattle Seahawks,coolbet,spreads,Seattle Seahawks,-4.0,1.93
2026-09-17T21:12:51Z,scheduled,4dd8020192a544385db42374e5555303,2026-09-20T20:25:00Z,Arizona Cardinals,Seattle Seahawks,coolbet,totals,Over,41.0,1.93
2026-09-17T21:12:51Z,scheduled,4dd8020192a544385db42374e5555303,2026-09-20T20:25:00Z,Arizona Cardinals,Seattle Seahawks,coolbet,totals,Under,41.0,1.91
2026-09-17T21:12:51Z,scheduled,4dd8020192a544385db42374e5555303,2026-09-20T20:25:00Z,Arizona Cardinals,Seattle Seahawks,betfair_ex_eu,h2h,Arizona Cardinals,,2.84
2026-09-17T21:12:51Z,scheduled,4dd8020192a544385db42374e5555303,2026-09-20T20:25:00Z,Arizona Cardinals,Seattle Seahawks,betfair_ex_eu,h2h,Seattle Seahawks,,1.53
2026-09-17T21:12:51Z,scheduled,4dd8020192a544385db42374e5555303,2026-09-20T20:25:00Z,Arizona Cardinals,Seattle Seahawks,betfair_ex_eu,h2h_lay,Arizona Cardinals,,2.88
2026-09-17T21:12:51Z,scheduled,4dd8020192a544385db42374e5555303,2026-09-20T20:25:00Z,Arizona Cardinals,Seattle Seahawks,betfair_ex_eu,h2h_lay,Seattle Seahawks,,1.55
2026-09-17T21:12:51Z,scheduled,85ef85098ddd22fe4ecf45e7e3c0a9c0,2026-09-20T20:25:00Z,Dallas Cowboys,Washington Commanders,draftkings,h2h,Dallas Cowboys,,1.46
2026-09-17T21:12:51Z,scheduled,85ef85098ddd22fe4ecf45e7e3c0a9c0,2026-09-20T20:25:00Z,Dallas Cowboys,Washington Commanders,draftkings,h2h,Washington Commanders,,2.8
2026-09-17T21:12:51Z,scheduled,85ef85098ddd22fe4ecf45e7e3c0a9c0,2026-09-20T20:25:00Z,Dallas Cowboys,Washington Commanders,draftkings,spreads,Dallas Cowboys,-4.5,1.95
2026-09-17T21:12:51Z,scheduled,85ef85098ddd22fe4ecf45e7e3c0a9c0,2026-09-20T20:25:00Z,Dallas Cowboys,Washington Commanders,draftkings,spreads,Washington Commanders,4.5,1.87
2026-09-17T21:12:51Z,scheduled,85ef85098ddd22fe4ecf45e7e3c0a9c0,2026-09-20T20:25:00Z,Dallas Cowboys,Washington Commanders,draftkings,totals,Over,50.5,1.93
2026-09-17T21:12:51Z,scheduled,85ef85098ddd22fe4ecf45e7e3c0a9c0,2026-09-20T20:25:00Z,Dallas Cowboys,Washington Commanders,draftkings,totals,Under,50.5,1.89
2026-09-17T21:12:51Z,scheduled,85ef85098ddd22fe4ecf45e7e3c0a9c0,2026-09-20T20:25:00Z,Dallas Cowboys,Washington Commanders,betsson,h2h,Dallas Cowboys,,1.46
2026-09-17T21:12:51Z,scheduled,85ef85098ddd22fe4ecf45e7e3c0a9c0,2026-09-20T20:25:00Z,Dallas Cowboys,Washington Commanders,betsson,h2h,Washington Commanders,,2.71
2026-09-17T21:12:51Z,scheduled,85ef85098ddd22fe4ecf45e7e3c0a9c0,2026-09-20T20:25:00Z,Dallas Cowboys,Washington Commanders,betsson,spreads,Dallas Cowboys,-3.5,1.88
2026-09-17T21:12:51Z,scheduled,85ef85098ddd22fe4ecf45e7e3c0a9c0,2026-09-20T20:25:00Z,Dallas Cowboys,Washington Commanders,betsson,spreads,Washington Commanders,3.5,1.92
2026-09-17T21:12:51Z,scheduled,85ef85098ddd22fe4ecf45e7e3c0a9c0,2026-09-20T20:25:00Z,Dallas Cowboys,Washington Commanders,betsson,totals,Over,50.5,1.92
2026-09-17T21:12:51Z,scheduled,85ef85098ddd22fe4ecf45e7e3c0a9c0,2026-09-20T20:25:00Z,Dallas Cowboys,Washington Commanders,betsson,totals,Under,50.5,1.88
2026-09-17T21:12:51Z,scheduled,85ef85098ddd22fe4ecf45e7e3c0a9c0,2026-09-20T20:25:00Z,Dallas Cowboys,Washington Commanders,fanduel,h2h,Dallas Cowboys,,1.5
2026-09-17T21:12:51Z,scheduled,85ef85098ddd22fe4ecf45e7e3c0a9c0,2026-09-20T20:25:00Z,Dallas Cowboys,Washington Commanders,fanduel,h2h,Washington Commanders,,2.68
2026-09-17T21:12:51Z,scheduled,85ef85098ddd22fe4ecf45e7e3c0a9c0,2026-09-20T20:25:00Z,Dallas Cowboys,Washington Commanders,fanduel,spreads,Dallas Cowboys,-4.5,1.98
2026-09-17T21:12:51Z,scheduled,85ef85098ddd22fe4ecf45e7e3c0a9c0,2026-09-20T20:25:00Z,Dallas Cowboys,Washington Commanders,fanduel,spreads,Washington Commanders,4.5,1.83
2026-09-17T21:12:51Z,scheduled,85ef85098ddd22fe4ecf45e7e3c0a9c0,2026-09-20T20:25:00Z,Dallas Cowboys,Washington Commanders,fanduel,totals,Over,50.5,1.91
2026-09-17T21:12:51Z,scheduled,85ef85098ddd22fe4ecf45e7e3c0a9c0,2026-09-20T20:25:00Z,Dallas Cowboys,Washington Commanders,fanduel,totals,Under,50.5,1.91
2026-09-17T21:12:51Z,scheduled,85ef85098ddd22fe4ecf45e7e3c0a9c0,2026-09-20T20:25:00Z,Dallas Cowboys,Washington Commanders,betrivers,h2h,Dallas Cowboys,,1.5
2026-09-17T21:12:51Z,scheduled,85ef85098ddd22fe4ecf45e7e3c0a9c0,2026-09-20T20:25:00Z,Dallas Cowboys,Washington Commanders,betrivers,h2h,Washington Commanders,,2.65
2026-09-17T21:12:51Z,scheduled,85ef85098ddd22fe4ecf45e7e3c0a9c0,2026-09-20T20:25:00Z,Dallas Cowboys,Washington Commanders,betrivers,spreads,Dallas Cowboys,-4.0,1.92
2026-09-17T21:12:51Z,scheduled,85ef85098ddd22fe4ecf45e7e3c0a9c0,2026-09-20T20:25:00Z,Dallas Cowboys,Washington Commanders,betrivers,spreads,Washington Commanders,4.0,1.89
2026-09-17T21:12:51Z,scheduled,85ef85098ddd22fe4ecf45e7e3c0a9c0,2026-09-20T20:25:00Z,Dallas Cowboys,Washington Commanders,betrivers,totals,Over,50.5,1.89
2026-09-17T21:12:51Z,scheduled,85ef85098ddd22fe4ecf45e7e3c0a9c0,2026-09-20T20:25:00Z,Dallas Cowboys,Washington Commanders,betrivers,totals,Under,50.5,1.92
2026-09-17T21:12:51Z,scheduled,85ef85098ddd22fe4ecf45e7e3c0a9c0,2026-09-20T20:25:00Z,Dallas Cowboys,Washington Commanders,betmgm,h2h,Dallas Cowboys,,1.48
2026-09-17T21:12:51Z,scheduled,85ef85098ddd22fe4ecf45e7e3c0a9c0,2026-09-20T20:25:00Z,Dallas Cowboys,Washington Commanders,betmgm,h2h,Washington Commanders,,2.75
2026-09-17T21:12:51Z,scheduled,85ef85098ddd22fe4ecf45e7e3c0a9c0,2026-09-20T20:25:00Z,Dallas Cowboys,Washington Commanders,betmgm,spreads,Dallas Cowboys,-4.0,1.93
2026-09-17T21:12:51Z,scheduled,85ef85098ddd22fe4ecf45e7e3c0a9c0,2026-09-20T20:25:00Z,Dallas Cowboys,Washington Commanders,betmgm,spreads,Washington Commanders,4.0,1.91
2026-09-17T21:12:51Z,scheduled,85ef85098ddd22fe4ecf45e7e3c0a9c0,2026-09-20T20:25:00Z,Dallas Cowboys,Washington Commanders,betmgm,totals,Over,50.5,1.91
2026-09-17T21:12:51Z,scheduled,85ef85098ddd22fe4ecf45e7e3c0a9c0,2026-09-20T20:25:00Z,Dallas Cowboys,Washington Commanders,betmgm,totals,Under,50.5,1.91
2026-09-17T21:12:51Z,scheduled,85ef85098ddd22fe4ecf45e7e3c0a9c0,2026-09-20T20:25:00Z,Dallas Cowboys,Washington Commanders,coolbet,h2h,Dallas Cowboys,,1.48
2026-09-17T21:12:51Z,scheduled,85ef85098ddd22fe4ecf45e7e3c0a9c0,2026-09-20T20:25:00Z,Dallas Cowboys,Washington Commanders,coolbet,h2h,Washington Commanders,,2.75
2026-09-17T21:12:51Z,scheduled,85ef85098ddd22fe4ecf45e7e3c0a9c0,2026-09-20T20:25:00Z,Dallas Cowboys,Washington Commanders,coolbet,spreads,Dallas Cowboys,-3.5,1.9
2026-09-17T21:12:51Z,scheduled,85ef85098ddd22fe4ecf45e7e3c0a9c0,2026-09-20T20:25:00Z,Dallas Cowboys,Washington Commanders,coolbet,spreads,Washington Commanders,3.5,1.95
2026-09-17T21:12:51Z,scheduled,85ef85098ddd22fe4ecf45e7e3c0a9c0,2026-09-20T20:25:00Z,Dallas Cowboys,Washington Commanders,coolbet,totals,Over,50.5,1.93
2026-09-17T21:12:51Z,scheduled,85ef85098ddd22fe4ecf45e7e3c0a9c0,2026-09-20T20:25:00Z,Dallas Cowboys,Washington Commanders,coolbet,totals,Under,50.5,1.91
2026-09-17T21:12:51Z,scheduled,85ef85098ddd22fe4ecf45e7e3c0a9c0,2026-09-20T20:25:00Z,Dallas Cowboys,Washington Commanders,betfair_ex_eu,h2h,Dallas Cowboys,,1.52
2026-09-17T21:12:51Z,scheduled,85ef85098ddd22fe4ecf45e7e3c0a9c0,2026-09-20T20:25:00Z,Dallas Cowboys,Washington Commanders,betfair_ex_eu,h2h,Washington Commanders,,2.84
2026-09-17T21:12:51Z,scheduled,85ef85098ddd22fe4ecf45e7e3c0a9c0,2026-09-20T20:25:00Z,Dallas Cowboys,Washington Commanders,betfair_ex_eu,h2h_lay,Dallas Cowboys,,1.54
2026-09-17T21:12:51Z,scheduled,85ef85098ddd22fe4ecf45e7e3c0a9c0,2026-09-20T20:25:00Z,Dallas Cowboys,Washington Commanders,betfair_ex_eu,h2h_lay,Washington Commanders,,2.94
2026-09-17T21:12:51Z,scheduled,85ef85098ddd22fe4ecf45e7e3c0a9c0,2026-09-20T20:25:00Z,Dallas Cowboys,Washington Commanders,matchbook,h2h,Dallas Cowboys,,1.52
2026-09-17T21:12:51Z,scheduled,85ef85098ddd22fe4ecf45e7e3c0a9c0,2026-09-20T20:25:00Z,Dallas Cowboys,Washington Commanders,matchbook,h2h,Washington Commanders,,2.84
2026-09-17T21:12:51Z,scheduled,85ef85098ddd22fe4ecf45e7e3c0a9c0,2026-09-20T20:25:00Z,Dallas Cowboys,Washington Commanders,matchbook,h2h_lay,Dallas Cowboys,,1.54
2026-09-17T21:12:51Z,scheduled,85ef85098ddd22fe4ecf45e7e3c0a9c0,2026-09-20T20:25:00Z,Dallas Cowboys,Washington Commanders,matchbook,h2h_lay,Washington Commanders,,2.94
2026-09-17T21:12:51Z,scheduled,85ef85098ddd22fe4ecf45e7e3c0a9c0,2026-09-20T20:25:00Z,Dallas Cowboys,Washington Commanders,matchbook,spreads,Dallas Cowboys,-4.0,1.97
2026-09-17T21:12:51Z,scheduled,85ef85098ddd22fe4ecf45e7e3c0a9c0,2026-09-20T20:25:00Z,Dallas Cowboys,Washington Commanders,matchbook,spreads,Washington Commanders,4.0,1.94
2026-09-17T21:12:51Z,scheduled,85ef85098ddd22fe4ecf45e7e3c0a9c0,2026-09-20T20:25:00Z,Dallas Cowboys,Washington Commanders,matchbook,totals,Over,50.5,1.96
2026-09-17T21:12:51Z,scheduled,85ef85098ddd22fe4ecf45e7e3c0a9c0,2026-09-20T20:25:00Z,Dallas Cowboys,Washington Commanders,matchbook,totals,Under,50.5,1.92
2026-09-17T21:12:51Z,scheduled,85ef85098ddd22fe4ecf45e7e3c0a9c0,2026-09-20T20:25:00Z,Dallas Cowboys,Washington Commanders,pinnacle,h2h,Dallas Cowboys,,1.5
2026-09-17T21:12:51Z,scheduled,85ef85098ddd22fe4ecf45e7e3c0a9c0,2026-09-20T20:25:00Z,Dallas Cowboys,Washington Commanders,pinnacle,h2h,Washington Commanders,,2.75
2026-09-17T21:12:51Z,scheduled,85ef85098ddd22fe4ecf45e7e3c0a9c0,2026-09-20T20:25:00Z,Dallas Cowboys,Washington Commanders,pinnacle,spreads,Dallas Cowboys,-4.0,1.94
2026-09-17T21:12:51Z,scheduled,85ef85098ddd22fe4ecf45e7e3c0a9c0,2026-09-20T20:25:00Z,Dallas Cowboys,Washington Commanders,pinnacle,spreads,Washington Commanders,4.0,1.94
2026-09-17T21:12:51Z,scheduled,85ef85098ddd22fe4ecf45e7e3c0a9c0,2026-09-20T20:25:00Z,Dallas Cowboys,Washington Commanders,pinnacle,totals,Over,50.0,1.87
2026-09-17T21:12:51Z,scheduled,85ef85098ddd22fe4ecf45e7e3c0a9c0,2026-09-20T20:25:00Z,Dallas Cowboys,Washington Commanders,pinnacle,totals,Under,50.0,1.98
2026-09-17T21:12:51Z,scheduled,68bc55903f50af4af4766adcc89fcc61,2026-09-20T20:25:00Z,San Francisco 49ers,Miami Dolphins,draftkings,h2h,Miami Dolphins,,7.0
2026-09-17T21:12:51Z,scheduled,68bc55903f50af4af4766adcc89fcc61,2026-09-20T20:25:00Z,San Francisco 49ers,Miami Dolphins,draftkings,h2h,San Francisco 49ers,,1.11
2026-09-17T21:12:51Z,scheduled,68bc55903f50af4af4766adcc89fcc61,2026-09-20T20:25:00Z,San Francisco 49ers,Miami Dolphins,draftkings,spreads,Miami Dolphins,13.5,1.87
2026-09-17T21:12:51Z,scheduled,68bc55903f50af4af4766adcc89fcc61,2026-09-20T20:25:00Z,San Francisco 49ers,Miami Dolphins,draftkings,spreads,San Francisco 49ers,-13.5,1.95
2026-09-17T21:12:51Z,scheduled,68bc55903f50af4af4766adcc89fcc61,2026-09-20T20:25:00Z,San Francisco 49ers,Miami Dolphins,draftkings,totals,Over,44.5,1.87
2026-09-17T21:12:51Z,scheduled,68bc55903f50af4af4766adcc89fcc61,2026-09-20T20:25:00Z,San Francisco 49ers,Miami Dolphins,draftkings,totals,Under,44.5,1.95
2026-09-17T21:12:51Z,scheduled,68bc55903f50af4af4766adcc89fcc61,2026-09-20T20:25:00Z,San Francisco 49ers,Miami Dolphins,betsson,h2h,Miami Dolphins,,7.48
2026-09-17T21:12:51Z,scheduled,68bc55903f50af4af4766adcc89fcc61,2026-09-20T20:25:00Z,San Francisco 49ers,Miami Dolphins,betsson,h2h,San Francisco 49ers,,1.09
2026-09-17T21:12:51Z,scheduled,68bc55903f50af4af4766adcc89fcc61,2026-09-20T20:25:00Z,San Francisco 49ers,Miami Dolphins,betsson,spreads,Miami Dolphins,13.5,1.88
2026-09-17T21:12:51Z,scheduled,68bc55903f50af4af4766adcc89fcc61,2026-09-20T20:25:00Z,San Francisco 49ers,Miami Dolphins,betsson,spreads,San Francisco 49ers,-13.5,1.92
2026-09-17T21:12:51Z,scheduled,68bc55903f50af4af4766adcc89fcc61,2026-09-20T20:25:00Z,San Francisco 49ers,Miami Dolphins,betsson,totals,Over,49.5,2.41
2026-09-17T21:12:51Z,scheduled,68bc55903f50af4af4766adcc89fcc61,2026-09-20T20:25:00Z,San Francisco 49ers,Miami Dolphins,betsson,totals,Under,49.5,1.57
2026-09-17T21:12:51Z,scheduled,68bc55903f50af4af4766adcc89fcc61,2026-09-20T20:25:00Z,San Francisco 49ers,Miami Dolphins,fanduel,h2h,Miami Dolphins,,7.6
2026-09-17T21:12:51Z,scheduled,68bc55903f50af4af4766adcc89fcc61,2026-09-20T20:25:00Z,San Francisco 49ers,Miami Dolphins,fanduel,h2h,San Francisco 49ers,,1.1
2026-09-17T21:12:51Z,scheduled,68bc55903f50af4af4766adcc89fcc61,2026-09-20T20:25:00Z,San Francisco 49ers,Miami Dolphins,fanduel,spreads,Miami Dolphins,13.5,1.87
2026-09-17T21:12:51Z,scheduled,68bc55903f50af4af4766adcc89fcc61,2026-09-20T20:25:00Z,San Francisco 49ers,Miami Dolphins,fanduel,spreads,San Francisco 49ers,-13.5,1.95
2026-09-17T21:12:51Z,scheduled,68bc55903f50af4af4766adcc89fcc61,2026-09-20T20:25:00Z,San Francisco 49ers,Miami Dolphins,fanduel,totals,Over,45.5,1.93
2026-09-17T21:12:51Z,scheduled,68bc55903f50af4af4766adcc89fcc61,2026-09-20T20:25:00Z,San Francisco 49ers,Miami Dolphins,fanduel,totals,Under,45.5,1.89
2026-09-17T21:12:51Z,scheduled,68bc55903f50af4af4766adcc89fcc61,2026-09-20T20:25:00Z,San Francisco 49ers,Miami Dolphins,betrivers,h2h,Miami Dolphins,,6.75
2026-09-17T21:12:51Z,scheduled,68bc55903f50af4af4766adcc89fcc61,2026-09-20T20:25:00Z,San Francisco 49ers,Miami Dolphins,betrivers,h2h,San Francisco 49ers,,1.11
2026-09-17T21:12:51Z,scheduled,68bc55903f50af4af4766adcc89fcc61,2026-09-20T20:25:00Z,San Francisco 49ers,Miami Dolphins,betrivers,spreads,Miami Dolphins,13.5,1.88
2026-09-17T21:12:51Z,scheduled,68bc55903f50af4af4766adcc89fcc61,2026-09-20T20:25:00Z,San Francisco 49ers,Miami Dolphins,betrivers,spreads,San Francisco 49ers,-13.5,1.93
2026-09-17T21:12:51Z,scheduled,68bc55903f50af4af4766adcc89fcc61,2026-09-20T20:25:00Z,San Francisco 49ers,Miami Dolphins,betrivers,totals,Over,45.5,1.93
2026-09-17T21:12:51Z,scheduled,68bc55903f50af4af4766adcc89fcc61,2026-09-20T20:25:00Z,San Francisco 49ers,Miami Dolphins,betrivers,totals,Under,45.5,1.88
2026-09-17T21:12:51Z,scheduled,68bc55903f50af4af4766adcc89fcc61,2026-09-20T20:25:00Z,San Francisco 49ers,Miami Dolphins,betmgm,h2h,Miami Dolphins,,8.0
2026-09-17T21:12:51Z,scheduled,68bc55903f50af4af4766adcc89fcc61,2026-09-20T20:25:00Z,San Francisco 49ers,Miami Dolphins,betmgm,h2h,San Francisco 49ers,,1.1
2026-09-17T21:12:51Z,scheduled,68bc55903f50af4af4766adcc89fcc61,2026-09-20T20:25:00Z,San Francisco 49ers,Miami Dolphins,betmgm,spreads,Miami Dolphins,13.5,1.91
2026-09-17T21:12:51Z,scheduled,68bc55903f50af4af4766adcc89fcc61,2026-09-20T20:25:00Z,San Francisco 49ers,Miami Dolphins,betmgm,spreads,San Francisco 49ers,-13.5,1.93
2026-09-17T21:12:51Z,scheduled,68bc55903f50af4af4766adcc89fcc61,2026-09-20T20:25:00Z,San Francisco 49ers,Miami Dolphins,betmgm,totals,Over,45.0,1.93
2026-09-17T21:12:51Z,scheduled,68bc55903f50af4af4766adcc89fcc61,2026-09-20T20:25:00Z,San Francisco 49ers,Miami Dolphins,betmgm,totals,Under,45.0,1.91
2026-09-17T21:12:51Z,scheduled,68bc55903f50af4af4766adcc89fcc61,2026-09-20T20:25:00Z,San Francisco 49ers,Miami Dolphins,pinnacle,h2h,Miami Dolphins,,7.81
2026-09-17T21:12:51Z,scheduled,68bc55903f50af4af4766adcc89fcc61,2026-09-20T20:25:00Z,San Francisco 49ers,Miami Dolphins,pinnacle,h2h,San Francisco 49ers,,1.1
2026-09-17T21:12:51Z,scheduled,68bc55903f50af4af4766adcc89fcc61,2026-09-20T20:25:00Z,San Francisco 49ers,Miami Dolphins,pinnacle,spreads,Miami Dolphins,13.5,1.88
2026-09-17T21:12:51Z,scheduled,68bc55903f50af4af4766adcc89fcc61,2026-09-20T20:25:00Z,San Francisco 49ers,Miami Dolphins,pinnacle,spreads,San Francisco 49ers,-13.5,2.0
2026-09-17T21:12:51Z,scheduled,68bc55903f50af4af4766adcc89fcc61,2026-09-20T20:25:00Z,San Francisco 49ers,Miami Dolphins,pinnacle,totals,Over,45.5,2.02
2026-09-17T21:12:51Z,scheduled,68bc55903f50af4af4766adcc89fcc61,2026-09-20T20:25:00Z,San Francisco 49ers,Miami Dolphins,pinnacle,totals,Under,45.5,1.84
2026-09-17T21:12:51Z,scheduled,68bc55903f50af4af4766adcc89fcc61,2026-09-20T20:25:00Z,San Francisco 49ers,Miami Dolphins,matchbook,h2h,Miami Dolphins,,9.0
2026-09-17T21:12:51Z,scheduled,68bc55903f50af4af4766adcc89fcc61,2026-09-20T20:25:00Z,San Francisco 49ers,Miami Dolphins,matchbook,h2h,San Francisco 49ers,,1.12
2026-09-17T21:12:51Z,scheduled,68bc55903f50af4af4766adcc89fcc61,2026-09-20T20:25:00Z,San Francisco 49ers,Miami Dolphins,matchbook,h2h_lay,Miami Dolphins,,9.4
2026-09-17T21:12:51Z,scheduled,68bc55903f50af4af4766adcc89fcc61,2026-09-20T20:25:00Z,San Francisco 49ers,Miami Dolphins,matchbook,h2h_lay,San Francisco 49ers,,1.13
2026-09-17T21:12:51Z,scheduled,68bc55903f50af4af4766adcc89fcc61,2026-09-20T20:25:00Z,San Francisco 49ers,Miami Dolphins,matchbook,spreads,Miami Dolphins,13.0,1.94
2026-09-17T21:12:51Z,scheduled,68bc55903f50af4af4766adcc89fcc61,2026-09-20T20:25:00Z,San Francisco 49ers,Miami Dolphins,matchbook,spreads,San Francisco 49ers,-13.0,1.95
2026-09-17T21:12:51Z,scheduled,68bc55903f50af4af4766adcc89fcc61,2026-09-20T20:25:00Z,San Francisco 49ers,Miami Dolphins,matchbook,totals,Over,44.5,1.89
2026-09-17T21:12:51Z,scheduled,68bc55903f50af4af4766adcc89fcc61,2026-09-20T20:25:00Z,San Francisco 49ers,Miami Dolphins,matchbook,totals,Under,44.5,1.98
2026-09-17T21:12:51Z,scheduled,68bc55903f50af4af4766adcc89fcc61,2026-09-20T20:25:00Z,San Francisco 49ers,Miami Dolphins,coolbet,h2h,Miami Dolphins,,7.5
2026-09-17T21:12:51Z,scheduled,68bc55903f50af4af4766adcc89fcc61,2026-09-20T20:25:00Z,San Francisco 49ers,Miami Dolphins,coolbet,h2h,San Francisco 49ers,,1.1
2026-09-17T21:12:51Z,scheduled,68bc55903f50af4af4766adcc89fcc61,2026-09-20T20:25:00Z,San Francisco 49ers,Miami Dolphins,coolbet,spreads,Miami Dolphins,13.5,1.91
2026-09-17T21:12:51Z,scheduled,68bc55903f50af4af4766adcc89fcc61,2026-09-20T20:25:00Z,San Francisco 49ers,Miami Dolphins,coolbet,spreads,San Francisco 49ers,-13.5,1.93
2026-09-17T21:12:51Z,scheduled,68bc55903f50af4af4766adcc89fcc61,2026-09-20T20:25:00Z,San Francisco 49ers,Miami Dolphins,coolbet,totals,Over,45.0,1.93
2026-09-17T21:12:51Z,scheduled,68bc55903f50af4af4766adcc89fcc61,2026-09-20T20:25:00Z,San Francisco 49ers,Miami Dolphins,coolbet,totals,Under,45.0,1.91
2026-09-17T21:12:51Z,scheduled,68bc55903f50af4af4766adcc89fcc61,2026-09-20T20:25:00Z,San Francisco 49ers,Miami Dolphins,betfair_ex_eu,h2h,Miami Dolphins,,9.0
2026-09-17T21:12:51Z,scheduled,68bc55903f50af4af4766adcc89fcc61,2026-09-20T20:25:00Z,San Francisco 49ers,Miami Dolphins,betfair_ex_eu,h2h,San Francisco 49ers,,1.12
2026-09-17T21:12:51Z,scheduled,68bc55903f50af4af4766adcc89fcc61,2026-09-20T20:25:00Z,San Francisco 49ers,Miami Dolphins,betfair_ex_eu,h2h_lay,Miami Dolphins,,9.4
2026-09-17T21:12:51Z,scheduled,68bc55903f50af4af4766adcc89fcc61,2026-09-20T20:25:00Z,San Francisco 49ers,Miami Dolphins,betfair_ex_eu,h2h_lay,San Francisco 49ers,,1.13
2026-09-17T21:12:51Z,scheduled,50bc247030707d823b9c3581d7eb5760,2026-09-21T00:20:00Z,Kansas City Chiefs,Indianapolis Colts,draftkings,h2h,Indianapolis Colts,,3.35
2026-09-17T21:12:51Z,scheduled,50bc247030707d823b9c3581d7eb5760,2026-09-21T00:20:00Z,Kansas City Chiefs,Indianapolis Colts,draftkings,h2h,Kansas City Chiefs,,1.34
2026-09-17T21:12:51Z,scheduled,50bc247030707d823b9c3581d7eb5760,2026-09-21T00:20:00Z,Kansas City Chiefs,Indianapolis Colts,draftkings,spreads,Indianapolis Colts,6.5,2.0
2026-09-17T21:12:51Z,scheduled,50bc247030707d823b9c3581d7eb5760,2026-09-21T00:20:00Z,Kansas City Chiefs,Indianapolis Colts,draftkings,spreads,Kansas City Chiefs,-6.5,1.83
2026-09-17T21:12:51Z,scheduled,50bc247030707d823b9c3581d7eb5760,2026-09-21T00:20:00Z,Kansas City Chiefs,Indianapolis Colts,draftkings,totals,Over,46.5,1.91
2026-09-17T21:12:51Z,scheduled,50bc247030707d823b9c3581d7eb5760,2026-09-21T00:20:00Z,Kansas City Chiefs,Indianapolis Colts,draftkings,totals,Under,46.5,1.91
2026-09-17T21:12:51Z,scheduled,50bc247030707d823b9c3581d7eb5760,2026-09-21T00:20:00Z,Kansas City Chiefs,Indianapolis Colts,betsson,h2h,Indianapolis Colts,,3.4
2026-09-17T21:12:51Z,scheduled,50bc247030707d823b9c3581d7eb5760,2026-09-21T00:20:00Z,Kansas City Chiefs,Indianapolis Colts,betsson,h2h,Kansas City Chiefs,,1.32
2026-09-17T21:12:51Z,scheduled,50bc247030707d823b9c3581d7eb5760,2026-09-21T00:20:00Z,Kansas City Chiefs,Indianapolis Colts,betsson,spreads,Indianapolis Colts,6.5,1.94
2026-09-17T21:12:51Z,scheduled,50bc247030707d823b9c3581d7eb5760,2026-09-21T00:20:00Z,Kansas City Chiefs,Indianapolis Colts,betsson,spreads,Kansas City Chiefs,-6.5,1.86
2026-09-17T21:12:51Z,scheduled,50bc247030707d823b9c3581d7eb5760,2026-09-21T00:20:00Z,Kansas City Chiefs,Indianapolis Colts,betsson,totals,Over,49.5,2.24
2026-09-17T21:12:51Z,scheduled,50bc247030707d823b9c3581d7eb5760,2026-09-21T00:20:00Z,Kansas City Chiefs,Indianapolis Colts,betsson,totals,Under,49.5,1.65
2026-09-17T21:12:51Z,scheduled,50bc247030707d823b9c3581d7eb5760,2026-09-21T00:20:00Z,Kansas City Chiefs,Indianapolis Colts,fanduel,h2h,Indianapolis Colts,,3.65
2026-09-17T21:12:51Z,scheduled,50bc247030707d823b9c3581d7eb5760,2026-09-21T00:20:00Z,Kansas City Chiefs,Indianapolis Colts,fanduel,h2h,Kansas City Chiefs,,1.3
2026-09-17T21:12:51Z,scheduled,50bc247030707d823b9c3581d7eb5760,2026-09-21T00:20:00Z,Kansas City Chiefs,Indianapolis Colts,fanduel,spreads,Indianapolis Colts,6.5,1.95
2026-09-17T21:12:51Z,scheduled,50bc247030707d823b9c3581d7eb5760,2026-09-21T00:20:00Z,Kansas City Chiefs,Indianapolis Colts,fanduel,spreads,Kansas City Chiefs,-6.5,1.87
2026-09-17T21:12:51Z,scheduled,50bc247030707d823b9c3581d7eb5760,2026-09-21T00:20:00Z,Kansas City Chiefs,Indianapolis Colts,fanduel,totals,Over,46.5,1.91
2026-09-17T21:12:51Z,scheduled,50bc247030707d823b9c3581d7eb5760,2026-09-21T00:20:00Z,Kansas City Chiefs,Indianapolis Colts,fanduel,totals,Under,46.5,1.91
2026-09-17T21:12:51Z,scheduled,50bc247030707d823b9c3581d7eb5760,2026-09-21T00:20:00Z,Kansas City Chiefs,Indianapolis Colts,betrivers,h2h,Indianapolis Colts,,3.6
2026-09-17T21:12:51Z,scheduled,50bc247030707d823b9c3581d7eb5760,2026-09-21T00:20:00Z,Kansas City Chiefs,Indianapolis Colts,betrivers,h2h,Kansas City Chiefs,,1.3
2026-09-17T21:12:51Z,scheduled,50bc247030707d823b9c3581d7eb5760,2026-09-21T00:20:00Z,Kansas City Chiefs,Indianapolis Colts,betrivers,spreads,Indianapolis Colts,7.0,1.85
2026-09-17T21:12:51Z,scheduled,50bc247030707d823b9c3581d7eb5760,2026-09-21T00:20:00Z,Kansas City Chiefs,Indianapolis Colts,betrivers,spreads,Kansas City Chiefs,-7.0,1.96
2026-09-17T21:12:51Z,scheduled,50bc247030707d823b9c3581d7eb5760,2026-09-21T00:20:00Z,Kansas City Chiefs,Indianapolis Colts,betrivers,totals,Over,47.0,1.93
2026-09-17T21:12:51Z,scheduled,50bc247030707d823b9c3581d7eb5760,2026-09-21T00:20:00Z,Kansas City Chiefs,Indianapolis Colts,betrivers,totals,Under,47.0,1.88
2026-09-17T21:12:51Z,scheduled,50bc247030707d823b9c3581d7eb5760,2026-09-21T00:20:00Z,Kansas City Chiefs,Indianapolis Colts,betmgm,h2h,Indianapolis Colts,,3.4
2026-09-17T21:12:51Z,scheduled,50bc247030707d823b9c3581d7eb5760,2026-09-21T00:20:00Z,Kansas City Chiefs,Indianapolis Colts,betmgm,h2h,Kansas City Chiefs,,1.34
2026-09-17T21:12:51Z,scheduled,50bc247030707d823b9c3581d7eb5760,2026-09-21T00:20:00Z,Kansas City Chiefs,Indianapolis Colts,betmgm,totals,Over,46.5,1.93
2026-09-17T21:12:51Z,scheduled,50bc247030707d823b9c3581d7eb5760,2026-09-21T00:20:00Z,Kansas City Chiefs,Indianapolis Colts,betmgm,totals,Under,46.5,1.91
2026-09-17T21:12:51Z,scheduled,50bc247030707d823b9c3581d7eb5760,2026-09-21T00:20:00Z,Kansas City Chiefs,Indianapolis Colts,betfair_ex_eu,h2h,Indianapolis Colts,,3.6
2026-09-17T21:12:51Z,scheduled,50bc247030707d823b9c3581d7eb5760,2026-09-21T00:20:00Z,Kansas City Chiefs,Indianapolis Colts,betfair_ex_eu,h2h,Kansas City Chiefs,,1.37
2026-09-17T21:12:51Z,scheduled,50bc247030707d823b9c3581d7eb5760,2026-09-21T00:20:00Z,Kansas City Chiefs,Indianapolis Colts,betfair_ex_eu,h2h_lay,Indianapolis Colts,,3.75
2026-09-17T21:12:51Z,scheduled,50bc247030707d823b9c3581d7eb5760,2026-09-21T00:20:00Z,Kansas City Chiefs,Indianapolis Colts,betfair_ex_eu,h2h_lay,Kansas City Chiefs,,1.39
2026-09-17T21:12:51Z,scheduled,50bc247030707d823b9c3581d7eb5760,2026-09-21T00:20:00Z,Kansas City Chiefs,Indianapolis Colts,matchbook,h2h,Indianapolis Colts,,3.6
2026-09-17T21:12:51Z,scheduled,50bc247030707d823b9c3581d7eb5760,2026-09-21T00:20:00Z,Kansas City Chiefs,Indianapolis Colts,matchbook,h2h,Kansas City Chiefs,,1.37
2026-09-17T21:12:51Z,scheduled,50bc247030707d823b9c3581d7eb5760,2026-09-21T00:20:00Z,Kansas City Chiefs,Indianapolis Colts,matchbook,h2h_lay,Indianapolis Colts,,3.75
2026-09-17T21:12:51Z,scheduled,50bc247030707d823b9c3581d7eb5760,2026-09-21T00:20:00Z,Kansas City Chiefs,Indianapolis Colts,matchbook,h2h_lay,Kansas City Chiefs,,1.39
2026-09-17T21:12:51Z,scheduled,50bc247030707d823b9c3581d7eb5760,2026-09-21T00:20:00Z,Kansas City Chiefs,Indianapolis Colts,matchbook,spreads,Indianapolis Colts,6.5,1.95
2026-09-17T21:12:51Z,scheduled,50bc247030707d823b9c3581d7eb5760,2026-09-21T00:20:00Z,Kansas City Chiefs,Indianapolis Colts,matchbook,spreads,Kansas City Chiefs,-6.5,1.94
2026-09-17T21:12:51Z,scheduled,50bc247030707d823b9c3581d7eb5760,2026-09-21T00:20:00Z,Kansas City Chiefs,Indianapolis Colts,matchbook,totals,Over,46.0,1.93
2026-09-17T21:12:51Z,scheduled,50bc247030707d823b9c3581d7eb5760,2026-09-21T00:20:00Z,Kansas City Chiefs,Indianapolis Colts,matchbook,totals,Under,46.0,1.96
2026-09-17T21:12:51Z,scheduled,50bc247030707d823b9c3581d7eb5760,2026-09-21T00:20:00Z,Kansas City Chiefs,Indianapolis Colts,coolbet,h2h,Indianapolis Colts,,3.5
2026-09-17T21:12:51Z,scheduled,50bc247030707d823b9c3581d7eb5760,2026-09-21T00:20:00Z,Kansas City Chiefs,Indianapolis Colts,coolbet,h2h,Kansas City Chiefs,,1.33
2026-09-17T21:12:51Z,scheduled,50bc247030707d823b9c3581d7eb5760,2026-09-21T00:20:00Z,Kansas City Chiefs,Indianapolis Colts,coolbet,spreads,Indianapolis Colts,6.5,1.96
2026-09-17T21:12:51Z,scheduled,50bc247030707d823b9c3581d7eb5760,2026-09-21T00:20:00Z,Kansas City Chiefs,Indianapolis Colts,coolbet,spreads,Kansas City Chiefs,-6.5,1.89
2026-09-17T21:12:51Z,scheduled,50bc247030707d823b9c3581d7eb5760,2026-09-21T00:20:00Z,Kansas City Chiefs,Indianapolis Colts,coolbet,totals,Over,46.5,1.93
2026-09-17T21:12:51Z,scheduled,50bc247030707d823b9c3581d7eb5760,2026-09-21T00:20:00Z,Kansas City Chiefs,Indianapolis Colts,coolbet,totals,Under,46.5,1.91
2026-09-17T21:12:51Z,scheduled,50bc247030707d823b9c3581d7eb5760,2026-09-21T00:20:00Z,Kansas City Chiefs,Indianapolis Colts,pinnacle,h2h,Indianapolis Colts,,3.42
2026-09-17T21:12:51Z,scheduled,50bc247030707d823b9c3581d7eb5760,2026-09-21T00:20:00Z,Kansas City Chiefs,Indianapolis Colts,pinnacle,h2h,Kansas City Chiefs,,1.35
2026-09-17T21:12:51Z,scheduled,50bc247030707d823b9c3581d7eb5760,2026-09-21T00:20:00Z,Kansas City Chiefs,Indianapolis Colts,pinnacle,spreads,Indianapolis Colts,7.0,1.82
2026-09-17T21:12:51Z,scheduled,50bc247030707d823b9c3581d7eb5760,2026-09-21T00:20:00Z,Kansas City Chiefs,Indianapolis Colts,pinnacle,spreads,Kansas City Chiefs,-7.0,2.09
2026-09-17T21:12:51Z,scheduled,50bc247030707d823b9c3581d7eb5760,2026-09-21T00:20:00Z,Kansas City Chiefs,Indianapolis Colts,pinnacle,totals,Over,47.0,2.02
2026-09-17T21:12:51Z,scheduled,50bc247030707d823b9c3581d7eb5760,2026-09-21T00:20:00Z,Kansas City Chiefs,Indianapolis Colts,pinnacle,totals,Under,47.0,1.84
2026-09-17T23:50:50Z,closing,56e8897681915f7ec92baeee952bb1ae,2026-09-18T00:15:00Z,Buffalo Bills,Detroit Lions,draftkings,h2h,Buffalo Bills,,1.42
2026-09-17T23:50:50Z,closing,56e8897681915f7ec92baeee952bb1ae,2026-09-18T00:15:00Z,Buffalo Bills,Detroit Lions,draftkings,h2h,Detroit Lions,,2.95
2026-09-17T23:50:50Z,closing,56e8897681915f7ec92baeee952bb1ae,2026-09-18T00:15:00Z,Buffalo Bills,Detroit Lions,draftkings,spreads,Buffalo Bills,-5.5,1.93
2026-09-17T23:50:50Z,closing,56e8897681915f7ec92baeee952bb1ae,2026-09-18T00:15:00Z,Buffalo Bills,Detroit Lions,draftkings,spreads,Detroit Lions,5.5,1.89
2026-09-17T23:50:50Z,closing,56e8897681915f7ec92baeee952bb1ae,2026-09-18T00:15:00Z,Buffalo Bills,Detroit Lions,draftkings,totals,Over,54.5,1.85
2026-09-17T23:50:50Z,closing,56e8897681915f7ec92baeee952bb1ae,2026-09-18T00:15:00Z,Buffalo Bills,Detroit Lions,draftkings,totals,Under,54.5,1.98
2026-09-17T23:50:50Z,closing,56e8897681915f7ec92baeee952bb1ae,2026-09-18T00:15:00Z,Buffalo Bills,Detroit Lions,fanduel,h2h,Buffalo Bills,,1.42
2026-09-17T23:50:50Z,closing,56e8897681915f7ec92baeee952bb1ae,2026-09-18T00:15:00Z,Buffalo Bills,Detroit Lions,fanduel,h2h,Detroit Lions,,2.98
2026-09-17T23:50:50Z,closing,56e8897681915f7ec92baeee952bb1ae,2026-09-18T00:15:00Z,Buffalo Bills,Detroit Lions,fanduel,spreads,Buffalo Bills,-5.5,1.95
2026-09-17T23:50:50Z,closing,56e8897681915f7ec92baeee952bb1ae,2026-09-18T00:15:00Z,Buffalo Bills,Detroit Lions,fanduel,spreads,Detroit Lions,5.5,1.87
2026-09-17T23:50:50Z,closing,56e8897681915f7ec92baeee952bb1ae,2026-09-18T00:15:00Z,Buffalo Bills,Detroit Lions,fanduel,totals,Over,54.5,1.87
2026-09-17T23:50:50Z,closing,56e8897681915f7ec92baeee952bb1ae,2026-09-18T00:15:00Z,Buffalo Bills,Detroit Lions,fanduel,totals,Under,54.5,1.95
2026-09-17T23:50:50Z,closing,56e8897681915f7ec92baeee952bb1ae,2026-09-18T00:15:00Z,Buffalo Bills,Detroit Lions,betmgm,h2h,Buffalo Bills,,1.43
2026-09-17T23:50:50Z,closing,56e8897681915f7ec92baeee952bb1ae,2026-09-18T00:15:00Z,Buffalo Bills,Detroit Lions,betmgm,h2h,Detroit Lions,,3.0
2026-09-17T23:50:50Z,closing,56e8897681915f7ec92baeee952bb1ae,2026-09-18T00:15:00Z,Buffalo Bills,Detroit Lions,betmgm,spreads,Buffalo Bills,-5.5,1.98
2026-09-17T23:50:50Z,closing,56e8897681915f7ec92baeee952bb1ae,2026-09-18T00:15:00Z,Buffalo Bills,Detroit Lions,betmgm,spreads,Detroit Lions,5.5,1.93
2026-09-17T23:50:50Z,closing,56e8897681915f7ec92baeee952bb1ae,2026-09-18T00:15:00Z,Buffalo Bills,Detroit Lions,betmgm,totals,Over,54.5,1.89
2026-09-17T23:50:50Z,closing,56e8897681915f7ec92baeee952bb1ae,2026-09-18T00:15:00Z,Buffalo Bills,Detroit Lions,betmgm,totals,Under,54.5,1.95
2026-09-17T23:50:50Z,closing,56e8897681915f7ec92baeee952bb1ae,2026-09-18T00:15:00Z,Buffalo Bills,Detroit Lions,betsson,h2h,Buffalo Bills,,1.4
2026-09-17T23:50:50Z,closing,56e8897681915f7ec92baeee952bb1ae,2026-09-18T00:15:00Z,Buffalo Bills,Detroit Lions,betsson,h2h,Detroit Lions,,2.95
2026-09-17T23:50:50Z,closing,56e8897681915f7ec92baeee952bb1ae,2026-09-18T00:15:00Z,Buffalo Bills,Detroit Lions,betsson,spreads,Buffalo Bills,-4.5,1.88
2026-09-17T23:50:50Z,closing,56e8897681915f7ec92baeee952bb1ae,2026-09-18T00:15:00Z,Buffalo Bills,Detroit Lions,betsson,spreads,Detroit Lions,4.5,1.92
2026-09-17T23:50:50Z,closing,56e8897681915f7ec92baeee952bb1ae,2026-09-18T00:15:00Z,Buffalo Bills,Detroit Lions,betsson,totals,Over,54.5,1.86
2026-09-17T23:50:50Z,closing,56e8897681915f7ec92baeee952bb1ae,2026-09-18T00:15:00Z,Buffalo Bills,Detroit Lions,betsson,totals,Under,54.5,1.94
2026-09-17T23:50:50Z,closing,56e8897681915f7ec92baeee952bb1ae,2026-09-18T00:15:00Z,Buffalo Bills,Detroit Lions,betrivers,h2h,Buffalo Bills,,1.41
2026-09-17T23:50:50Z,closing,56e8897681915f7ec92baeee952bb1ae,2026-09-18T00:15:00Z,Buffalo Bills,Detroit Lions,betrivers,h2h,Detroit Lions,,2.9
2026-09-17T23:50:50Z,closing,56e8897681915f7ec92baeee952bb1ae,2026-09-18T00:15:00Z,Buffalo Bills,Detroit Lions,betrivers,spreads,Buffalo Bills,-5.5,1.91
2026-09-17T23:50:50Z,closing,56e8897681915f7ec92baeee952bb1ae,2026-09-18T00:15:00Z,Buffalo Bills,Detroit Lions,betrivers,spreads,Detroit Lions,5.5,1.91
2026-09-17T23:50:50Z,closing,56e8897681915f7ec92baeee952bb1ae,2026-09-18T00:15:00Z,Buffalo Bills,Detroit Lions,betrivers,totals,Over,54.5,1.88
2026-09-17T23:50:50Z,closing,56e8897681915f7ec92baeee952bb1ae,2026-09-18T00:15:00Z,Buffalo Bills,Detroit Lions,betrivers,totals,Under,54.5,1.93
2026-09-17T23:50:50Z,closing,56e8897681915f7ec92baeee952bb1ae,2026-09-18T00:15:00Z,Buffalo Bills,Detroit Lions,matchbook,h2h,Buffalo Bills,,1.44
2026-09-17T23:50:50Z,closing,56e8897681915f7ec92baeee952bb1ae,2026-09-18T00:15:00Z,Buffalo Bills,Detroit Lions,matchbook,h2h,Detroit Lions,,3.25
2026-09-17T23:50:50Z,closing,56e8897681915f7ec92baeee952bb1ae,2026-09-18T00:15:00Z,Buffalo Bills,Detroit Lions,matchbook,h2h_lay,Buffalo Bills,,1.45
2026-09-17T23:50:50Z,closing,56e8897681915f7ec92baeee952bb1ae,2026-09-18T00:15:00Z,Buffalo Bills,Detroit Lions,matchbook,h2h_lay,Detroit Lions,,3.3
2026-09-17T23:50:50Z,closing,56e8897681915f7ec92baeee952bb1ae,2026-09-18T00:15:00Z,Buffalo Bills,Detroit Lions,matchbook,spreads,Buffalo Bills,-5.5,2.02
2026-09-17T23:50:50Z,closing,56e8897681915f7ec92baeee952bb1ae,2026-09-18T00:15:00Z,Buffalo Bills,Detroit Lions,matchbook,spreads,Detroit Lions,5.5,1.95
2026-09-17T23:50:50Z,closing,56e8897681915f7ec92baeee952bb1ae,2026-09-18T00:15:00Z,Buffalo Bills,Detroit Lions,matchbook,totals,Over,54.5,1.94
2026-09-17T23:50:50Z,closing,56e8897681915f7ec92baeee952bb1ae,2026-09-18T00:15:00Z,Buffalo Bills,Detroit Lions,matchbook,totals,Under,54.5,2.02
2026-09-17T23:50:50Z,closing,56e8897681915f7ec92baeee952bb1ae,2026-09-18T00:15:00Z,Buffalo Bills,Detroit Lions,pinnacle,h2h,Buffalo Bills,,1.41
2026-09-17T23:50:50Z,closing,56e8897681915f7ec92baeee952bb1ae,2026-09-18T00:15:00Z,Buffalo Bills,Detroit Lions,pinnacle,h2h,Detroit Lions,,3.12
2026-09-17T23:50:50Z,closing,56e8897681915f7ec92baeee952bb1ae,2026-09-18T00:15:00Z,Buffalo Bills,Detroit Lions,pinnacle,spreads,Buffalo Bills,-5.5,2.0
2026-09-17T23:50:50Z,closing,56e8897681915f7ec92baeee952bb1ae,2026-09-18T00:15:00Z,Buffalo Bills,Detroit Lions,pinnacle,spreads,Detroit Lions,5.5,1.91
2026-09-17T23:50:50Z,closing,56e8897681915f7ec92baeee952bb1ae,2026-09-18T00:15:00Z,Buffalo Bills,Detroit Lions,pinnacle,totals,Over,55.0,1.98
2026-09-17T23:50:50Z,closing,56e8897681915f7ec92baeee952bb1ae,2026-09-18T00:15:00Z,Buffalo Bills,Detroit Lions,pinnacle,totals,Under,55.0,1.91
2026-09-17T23:50:50Z,closing,56e8897681915f7ec92baeee952bb1ae,2026-09-18T00:15:00Z,Buffalo Bills,Detroit Lions,coolbet,h2h,Buffalo Bills,,1.43
2026-09-17T23:50:50Z,closing,56e8897681915f7ec92baeee952bb1ae,2026-09-18T00:15:00Z,Buffalo Bills,Detroit Lions,coolbet,h2h,Detroit Lions,,3.1
2026-09-17T23:50:50Z,closing,56e8897681915f7ec92baeee952bb1ae,2026-09-18T00:15:00Z,Buffalo Bills,Detroit Lions,coolbet,spreads,Buffalo Bills,-5.5,1.93
2026-09-17T23:50:50Z,closing,56e8897681915f7ec92baeee952bb1ae,2026-09-18T00:15:00Z,Buffalo Bills,Detroit Lions,coolbet,spreads,Detroit Lions,5.5,1.97
2026-09-17T23:50:50Z,closing,56e8897681915f7ec92baeee952bb1ae,2026-09-18T00:15:00Z,Buffalo Bills,Detroit Lions,coolbet,totals,Over,55.0,1.96
2026-09-17T23:50:50Z,closing,56e8897681915f7ec92baeee952bb1ae,2026-09-18T00:15:00Z,Buffalo Bills,Detroit Lions,coolbet,totals,Under,55.0,1.92
2026-09-17T23:50:50Z,closing,56e8897681915f7ec92baeee952bb1ae,2026-09-18T00:15:00Z,Buffalo Bills,Detroit Lions,betfair_ex_eu,h2h,Buffalo Bills,,1.44
2026-09-17T23:50:50Z,closing,56e8897681915f7ec92baeee952bb1ae,2026-09-18T00:15:00Z,Buffalo Bills,Detroit Lions,betfair_ex_eu,h2h,Detroit Lions,,3.25
2026-09-17T23:50:50Z,closing,56e8897681915f7ec92baeee952bb1ae,2026-09-18T00:15:00Z,Buffalo Bills,Detroit Lions,betfair_ex_eu,h2h_lay,Buffalo Bills,,1.45
2026-09-17T23:50:50Z,closing,56e8897681915f7ec92baeee952bb1ae,2026-09-18T00:15:00Z,Buffalo Bills,Detroit Lions,betfair_ex_eu,h2h_lay,Detroit Lions,,3.3
2026-09-17T23:50:50Z,closing,56e8897681915f7ec92baeee952bb1ae,2026-09-18T00:15:00Z,Buffalo Bills,Detroit Lions,draftkings,alternate_spreads,Buffalo Bills,16.5,1.01
2026-09-17T23:50:50Z,closing,56e8897681915f7ec92baeee952bb1ae,2026-09-18T00:15:00Z,Buffalo Bills,Detroit Lions,draftkings,alternate_spreads,Buffalo Bills,15.5,1.01
2026-09-17T23:50:50Z,closing,56e8897681915f7ec92baeee952bb1ae,2026-09-18T00:15:00Z,Buffalo Bills,Detroit Lions,draftkings,alternate_spreads,Buffalo Bills,14.5,1.02
2026-09-17T23:50:50Z,closing,56e8897681915f7ec92baeee952bb1ae,2026-09-18T00:15:00Z,Buffalo Bills,Detroit Lions,draftkings,alternate_spreads,Buffalo Bills,13.5,1.03
2026-09-17T23:50:50Z,closing,56e8897681915f7ec92baeee952bb1ae,2026-09-18T00:15:00Z,Buffalo Bills,Detroit Lions,draftkings,alternate_spreads,Buffalo Bills,12.5,1.04
2026-09-17T23:50:50Z,closing,56e8897681915f7ec92baeee952bb1ae,2026-09-18T00:15:00Z,Buffalo Bills,Detroit Lions,draftkings,alternate_spreads,Buffalo Bills,11.5,1.05
2026-09-17T23:50:50Z,closing,56e8897681915f7ec92baeee952bb1ae,2026-09-18T00:15:00Z,Buffalo Bills,Detroit Lions,draftkings,alternate_spreads,Buffalo Bills,10.5,1.05
2026-09-17T23:50:50Z,closing,56e8897681915f7ec92baeee952bb1ae,2026-09-18T00:15:00Z,Buffalo Bills,Detroit Lions,draftkings,alternate_spreads,Buffalo Bills,9.5,1.07
2026-09-17T23:50:50Z,closing,56e8897681915f7ec92baeee952bb1ae,2026-09-18T00:15:00Z,Buffalo Bills,Detroit Lions,draftkings,alternate_spreads,Buffalo Bills,8.5,1.08
2026-09-17T23:50:50Z,closing,56e8897681915f7ec92baeee952bb1ae,2026-09-18T00:15:00Z,Buffalo Bills,Detroit Lions,draftkings,alternate_spreads,Buffalo Bills,7.5,1.1
2026-09-17T23:50:50Z,closing,56e8897681915f7ec92baeee952bb1ae,2026-09-18T00:15:00Z,Buffalo Bills,Detroit Lions,draftkings,alternate_spreads,Buffalo Bills,6.5,1.14
2026-09-17T23:50:50Z,closing,56e8897681915f7ec92baeee952bb1ae,2026-09-18T00:15:00Z,Buffalo Bills,Detroit Lions,draftkings,alternate_spreads,Buffalo Bills,5.5,1.16
2026-09-17T23:50:50Z,closing,56e8897681915f7ec92baeee952bb1ae,2026-09-18T00:15:00Z,Buffalo Bills,Detroit Lions,draftkings,alternate_spreads,Buffalo Bills,4.5,1.19
2026-09-17T23:50:50Z,closing,56e8897681915f7ec92baeee952bb1ae,2026-09-18T00:15:00Z,Buffalo Bills,Detroit Lions,draftkings,alternate_spreads,Buffalo Bills,3.5,1.21
2026-09-17T23:50:50Z,closing,56e8897681915f7ec92baeee952bb1ae,2026-09-18T00:15:00Z,Buffalo Bills,Detroit Lions,draftkings,alternate_spreads,Buffalo Bills,2.5,1.31
2026-09-17T23:50:50Z,closing,56e8897681915f7ec92baeee952bb1ae,2026-09-18T00:15:00Z,Buffalo Bills,Detroit Lions,draftkings,alternate_spreads,Buffalo Bills,1.5,1.34
2026-09-17T23:50:50Z,closing,56e8897681915f7ec92baeee952bb1ae,2026-09-18T00:15:00Z,Buffalo Bills,Detroit Lions,draftkings,alternate_spreads,Buffalo Bills,-1.5,1.46
2026-09-17T23:50:50Z,closing,56e8897681915f7ec92baeee952bb1ae,2026-09-18T00:15:00Z,Buffalo Bills,Detroit Lions,draftkings,alternate_spreads,Buffalo Bills,-2.5,1.51
2026-09-17T23:50:50Z,closing,56e8897681915f7ec92baeee952bb1ae,2026-09-18T00:15:00Z,Buffalo Bills,Detroit Lions,draftkings,alternate_spreads,Buffalo Bills,-3.5,1.69
2026-09-17T23:50:50Z,closing,56e8897681915f7ec92baeee952bb1ae,2026-09-18T00:15:00Z,Buffalo Bills,Detroit Lions,draftkings,alternate_spreads,Buffalo Bills,-4.5,1.78
2026-09-17T23:50:50Z,closing,56e8897681915f7ec92baeee952bb1ae,2026-09-18T00:15:00Z,Buffalo Bills,Detroit Lions,draftkings,alternate_spreads,Buffalo Bills,-6.5,1.96
2026-09-17T23:50:50Z,closing,56e8897681915f7ec92baeee952bb1ae,2026-09-18T00:15:00Z,Buffalo Bills,Detroit Lions,draftkings,alternate_spreads,Buffalo Bills,-7.5,2.22
2026-09-17T23:50:50Z,closing,56e8897681915f7ec92baeee952bb1ae,2026-09-18T00:15:00Z,Buffalo Bills,Detroit Lions,draftkings,alternate_spreads,Buffalo Bills,-8.5,2.35
2026-09-17T23:50:50Z,closing,56e8897681915f7ec92baeee952bb1ae,2026-09-18T00:15:00Z,Buffalo Bills,Detroit Lions,draftkings,alternate_spreads,Buffalo Bills,-9.5,2.44
2026-09-17T23:50:50Z,closing,56e8897681915f7ec92baeee952bb1ae,2026-09-18T00:15:00Z,Buffalo Bills,Detroit Lions,draftkings,alternate_spreads,Buffalo Bills,-10.5,2.67
2026-09-17T23:50:50Z,closing,56e8897681915f7ec92baeee952bb1ae,2026-09-18T00:15:00Z,Buffalo Bills,Detroit Lions,draftkings,alternate_spreads,Buffalo Bills,-11.5,2.82
2026-09-17T23:50:50Z,closing,56e8897681915f7ec92baeee952bb1ae,2026-09-18T00:15:00Z,Buffalo Bills,Detroit Lions,draftkings,alternate_spreads,Buffalo Bills,-12.5,2.96
2026-09-17T23:50:50Z,closing,56e8897681915f7ec92baeee952bb1ae,2026-09-18T00:15:00Z,Buffalo Bills,Detroit Lions,draftkings,alternate_spreads,Buffalo Bills,-13.5,3.13
2026-09-17T23:50:50Z,closing,56e8897681915f7ec92baeee952bb1ae,2026-09-18T00:15:00Z,Buffalo Bills,Detroit Lions,draftkings,alternate_spreads,Buffalo Bills,-14.5,3.49
2026-09-17T23:50:50Z,closing,56e8897681915f7ec92baeee952bb1ae,2026-09-18T00:15:00Z,Buffalo Bills,Detroit Lions,draftkings,alternate_spreads,Buffalo Bills,-15.5,3.7
2026-09-17T23:50:50Z,closing,56e8897681915f7ec92baeee952bb1ae,2026-09-18T00:15:00Z,Buffalo Bills,Detroit Lions,draftkings,alternate_spreads,Buffalo Bills,-16.5,3.92
2026-09-17T23:50:50Z,closing,56e8897681915f7ec92baeee952bb1ae,2026-09-18T00:15:00Z,Buffalo Bills,Detroit Lions,draftkings,alternate_spreads,Buffalo Bills,-17.5,4.35
2026-09-17T23:50:50Z,closing,56e8897681915f7ec92baeee952bb1ae,2026-09-18T00:15:00Z,Buffalo Bills,Detroit Lions,draftkings,alternate_spreads,Buffalo Bills,-18.5,4.74
2026-09-17T23:50:50Z,closing,56e8897681915f7ec92baeee952bb1ae,2026-09-18T00:15:00Z,Buffalo Bills,Detroit Lions,draftkings,alternate_spreads,Buffalo Bills,-19.5,5.03
2026-09-17T23:50:50Z,closing,56e8897681915f7ec92baeee952bb1ae,2026-09-18T00:15:00Z,Buffalo Bills,Detroit Lions,draftkings,alternate_spreads,Buffalo Bills,-20.5,5.43
2026-09-17T23:50:50Z,closing,56e8897681915f7ec92baeee952bb1ae,2026-09-18T00:15:00Z,Buffalo Bills,Detroit Lions,draftkings,alternate_spreads,Buffalo Bills,-21.5,6.28
2026-09-17T23:50:50Z,closing,56e8897681915f7ec92baeee952bb1ae,2026-09-18T00:15:00Z,Buffalo Bills,Detroit Lions,draftkings,alternate_spreads,Buffalo Bills,-22.5,6.71
2026-09-17T23:50:50Z,closing,56e8897681915f7ec92baeee952bb1ae,2026-09-18T00:15:00Z,Buffalo Bills,Detroit Lions,draftkings,alternate_spreads,Buffalo Bills,-23.5,7.1
2026-09-17T23:50:50Z,closing,56e8897681915f7ec92baeee952bb1ae,2026-09-18T00:15:00Z,Buffalo Bills,Detroit Lions,draftkings,alternate_spreads,Buffalo Bills,-24.5,8.0
2026-09-17T23:50:50Z,closing,56e8897681915f7ec92baeee952bb1ae,2026-09-18T00:15:00Z,Buffalo Bills,Detroit Lions,draftkings,alternate_spreads,Buffalo Bills,-25.5,8.9
2026-09-17T23:50:50Z,closing,56e8897681915f7ec92baeee952bb1ae,2026-09-18T00:15:00Z,Buffalo Bills,Detroit Lions,draftkings,alternate_spreads,Buffalo Bills,-26.5,9.4
2026-09-17T23:50:50Z,closing,56e8897681915f7ec92baeee952bb1ae,2026-09-18T00:15:00Z,Buffalo Bills,Detroit Lions,draftkings,alternate_spreads,Buffalo Bills,-27.5,10.4
2026-09-17T23:50:50Z,closing,56e8897681915f7ec92baeee952bb1ae,2026-09-18T00:15:00Z,Buffalo Bills,Detroit Lions,draftkings,alternate_spreads,Buffalo Bills,-28.5,11.8
2026-09-17T23:50:50Z,closing,56e8897681915f7ec92baeee952bb1ae,2026-09-18T00:15:00Z,Buffalo Bills,Detroit Lions,draftkings,alternate_spreads,Buffalo Bills,-29.5,12.4
2026-09-17T23:50:50Z,closing,56e8897681915f7ec92baeee952bb1ae,2026-09-18T00:15:00Z,Buffalo Bills,Detroit Lions,draftkings,alternate_spreads,Buffalo Bills,-30.5,13.2
2026-09-17T23:50:50Z,closing,56e8897681915f7ec92baeee952bb1ae,2026-09-18T00:15:00Z,Buffalo Bills,Detroit Lions,draftkings,alternate_spreads,Detroit Lions,-16.5,12.8
2026-09-17T23:50:50Z,closing,56e8897681915f7ec92baeee952bb1ae,2026-09-18T00:15:00Z,Buffalo Bills,Detroit Lions,draftkings,alternate_spreads,Detroit Lions,-15.5,12.2
2026-09-17T23:50:50Z,closing,56e8897681915f7ec92baeee952bb1ae,2026-09-18T00:15:00Z,Buffalo Bills,Detroit Lions,draftkings,alternate_spreads,Detroit Lions,-14.5,11.4
2026-09-17T23:50:50Z,closing,56e8897681915f7ec92baeee952bb1ae,2026-09-18T00:15:00Z,Buffalo Bills,Detroit Lions,draftkings,alternate_spreads,Detroit Lions,-13.5,10.0
2026-09-17T23:50:50Z,closing,56e8897681915f7ec92baeee952bb1ae,2026-09-18T00:15:00Z,Buffalo Bills,Detroit Lions,draftkings,alternate_spreads,Detroit Lions,-12.5,9.4
2026-09-17T23:50:50Z,closing,56e8897681915f7ec92baeee952bb1ae,2026-09-18T00:15:00Z,Buffalo Bills,Detroit Lions,draftkings,alternate_spreads,Detroit Lions,-11.5,8.8
2026-09-17T23:50:50Z,closing,56e8897681915f7ec92baeee952bb1ae,2026-09-18T00:15:00Z,Buffalo Bills,Detroit Lions,draftkings,alternate_spreads,Detroit Lions,-10.5,8.2
2026-09-17T23:50:50Z,closing,56e8897681915f7ec92baeee952bb1ae,2026-09-18T00:15:00Z,Buffalo Bills,Detroit Lions,draftkings,alternate_spreads,Detroit Lions,-9.5,7.1
2026-09-17T23:50:50Z,closing,56e8897681915f7ec92baeee952bb1ae,2026-09-18T00:15:00Z,Buffalo Bills,Detroit Lions,draftkings,alternate_spreads,Detroit Lions,-8.5,6.83
2026-09-17T23:50:50Z,closing,56e8897681915f7ec92baeee952bb1ae,2026-09-18T00:15:00Z,Buffalo Bills,Detroit Lions,draftkings,alternate_spreads,Detroit Lions,-7.5,6.28
2026-09-17T23:50:50Z,closing,56e8897681915f7ec92baeee952bb1ae,2026-09-18T00:15:00Z,Buffalo Bills,Detroit Lions,draftkings,alternate_spreads,Detroit Lions,-6.5,5.21
2026-09-17T23:50:50Z,closing,56e8897681915f7ec92baeee952bb1ae,2026-09-18T00:15:00Z,Buffalo Bills,Detroit Lions,draftkings,alternate_spreads,Detroit Lions,-5.5,4.77
2026-09-17T23:50:50Z,closing,56e8897681915f7ec92baeee952bb1ae,2026-09-18T00:15:00Z,Buffalo Bills,Detroit Lions,draftkings,alternate_spreads,Detroit Lions,-4.5,4.41
2026-09-17T23:50:50Z,closing,56e8897681915f7ec92baeee952bb1ae,2026-09-18T00:15:00Z,Buffalo Bills,Detroit Lions,draftkings,alternate_spreads,Detroit Lions,-3.5,4.08
2026-09-17T23:50:50Z,closing,56e8897681915f7ec92baeee952bb1ae,2026-09-18T00:15:00Z,Buffalo Bills,Detroit Lions,draftkings,alternate_spreads,Detroit Lions,-2.5,3.25
2026-09-17T23:50:50Z,closing,56e8897681915f7ec92baeee952bb1ae,2026-09-18T00:15:00Z,Buffalo Bills,Detroit Lions,draftkings,alternate_spreads,Detroit Lions,-1.5,3.07
2026-09-17T23:50:50Z,closing,56e8897681915f7ec92baeee952bb1ae,2026-09-18T00:15:00Z,Buffalo Bills,Detroit Lions,draftkings,alternate_spreads,Detroit Lions,1.5,2.6
2026-09-17T23:50:50Z,closing,56e8897681915f7ec92baeee952bb1ae,2026-09-18T00:15:00Z,Buffalo Bills,Detroit Lions,draftkings,alternate_spreads,Detroit Lions,2.5,2.46
2026-09-17T23:50:50Z,closing,56e8897681915f7ec92baeee952bb1ae,2026-09-18T00:15:00Z,Buffalo Bills,Detroit Lions,draftkings,alternate_spreads,Detroit Lions,3.5,2.08
2026-09-17T23:50:50Z,closing,56e8897681915f7ec92baeee952bb1ae,2026-09-18T00:15:00Z,Buffalo Bills,Detroit Lions,draftkings,alternate_spreads,Detroit Lions,4.5,1.96
2026-09-17T23:50:50Z,closing,56e8897681915f7ec92baeee952bb1ae,2026-09-18T00:15:00Z,Buffalo Bills,Detroit Lions,draftkings,alternate_spreads,Detroit Lions,6.5,1.78
2026-09-17T23:50:50Z,closing,56e8897681915f7ec92baeee952bb1ae,2026-09-18T00:15:00Z,Buffalo Bills,Detroit Lions,draftkings,alternate_spreads,Detroit Lions,7.5,1.61
2026-09-17T23:50:50Z,closing,56e8897681915f7ec92baeee952bb1ae,2026-09-18T00:15:00Z,Buffalo Bills,Detroit Lions,draftkings,alternate_spreads,Detroit Lions,8.5,1.55
2026-09-17T23:50:50Z,closing,56e8897681915f7ec92baeee952bb1ae,2026-09-18T00:15:00Z,Buffalo Bills,Detroit Lions,draftkings,alternate_spreads,Detroit Lions,9.5,1.51
2026-09-17T23:50:50Z,closing,56e8897681915f7ec92baeee952bb1ae,2026-09-18T00:15:00Z,Buffalo Bills,Detroit Lions,draftkings,alternate_spreads,Detroit Lions,10.5,1.44
2026-09-17T23:50:50Z,closing,56e8897681915f7ec92baeee952bb1ae,2026-09-18T00:15:00Z,Buffalo Bills,Detroit Lions,draftkings,alternate_spreads,Detroit Lions,11.5,1.4
2026-09-17T23:50:50Z,closing,56e8897681915f7ec92baeee952bb1ae,2026-09-18T00:15:00Z,Buffalo Bills,Detroit Lions,draftkings,alternate_spreads,Detroit Lions,12.5,1.36
2026-09-17T23:50:50Z,closing,56e8897681915f7ec92baeee952bb1ae,2026-09-18T00:15:00Z,Buffalo Bills,Detroit Lions,draftkings,alternate_spreads,Detroit Lions,13.5,1.33
2026-09-17T23:50:50Z,closing,56e8897681915f7ec92baeee952bb1ae,2026-09-18T00:15:00Z,Buffalo Bills,Detroit Lions,draftkings,alternate_spreads,Detroit Lions,14.5,1.28
2026-09-17T23:50:50Z,closing,56e8897681915f7ec92baeee952bb1ae,2026-09-18T00:15:00Z,Buffalo Bills,Detroit Lions,draftkings,alternate_spreads,Detroit Lions,15.5,1.25
2026-09-17T23:50:50Z,closing,56e8897681915f7ec92baeee952bb1ae,2026-09-18T00:15:00Z,Buffalo Bills,Detroit Lions,draftkings,alternate_spreads,Detroit Lions,16.5,1.23
2026-09-17T23:50:50Z,closing,56e8897681915f7ec92baeee952bb1ae,2026-09-18T00:15:00Z,Buffalo Bills,Detroit Lions,draftkings,alternate_spreads,Detroit Lions,17.5,1.19
2026-09-17T23:50:50Z,closing,56e8897681915f7ec92baeee952bb1ae,2026-09-18T00:15:00Z,Buffalo Bills,Detroit Lions,draftkings,alternate_spreads,Detroit Lions,18.5,1.16
2026-09-17T23:50:50Z,closing,56e8897681915f7ec92baeee952bb1ae,2026-09-18T00:15:00Z,Buffalo Bills,Detroit Lions,draftkings,alternate_spreads,Detroit Lions,19.5,1.15
2026-09-17T23:50:50Z,closing,56e8897681915f7ec92baeee952bb1ae,2026-09-18T00:15:00Z,Buffalo Bills,Detroit Lions,draftkings,alternate_spreads,Detroit Lions,20.5,1.13
2026-09-17T23:50:50Z,closing,56e8897681915f7ec92baeee952bb1ae,2026-09-18T00:15:00Z,Buffalo Bills,Detroit Lions,draftkings,alternate_spreads,Detroit Lions,21.5,1.1
2026-09-17T23:50:50Z,closing,56e8897681915f7ec92baeee952bb1ae,2026-09-18T00:15:00Z,Buffalo Bills,Detroit Lions,draftkings,alternate_spreads,Detroit Lions,22.5,1.09
2026-09-17T23:50:50Z,closing,56e8897681915f7ec92baeee952bb1ae,2026-09-18T00:15:00Z,Buffalo Bills,Detroit Lions,draftkings,alternate_spreads,Detroit Lions,23.5,1.08
2026-09-17T23:50:50Z,closing,56e8897681915f7ec92baeee952bb1ae,2026-09-18T00:15:00Z,Buffalo Bills,Detroit Lions,draftkings,alternate_spreads,Detroit Lions,24.5,1.06
2026-09-17T23:50:50Z,closing,56e8897681915f7ec92baeee952bb1ae,2026-09-18T00:15:00Z,Buffalo Bills,Detroit Lions,draftkings,alternate_spreads,Detroit Lions,25.5,1.04
2026-09-17T23:50:50Z,closing,56e8897681915f7ec92baeee952bb1ae,2026-09-18T00:15:00Z,Buffalo Bills,Detroit Lions,draftkings,alternate_spreads,Detroit Lions,26.5,1.04
2026-09-17T23:50:50Z,closing,56e8897681915f7ec92baeee952bb1ae,2026-09-18T00:15:00Z,Buffalo Bills,Detroit Lions,draftkings,alternate_spreads,Detroit Lions,27.5,1.03
2026-09-17T23:50:50Z,closing,56e8897681915f7ec92baeee952bb1ae,2026-09-18T00:15:00Z,Buffalo Bills,Detroit Lions,draftkings,alternate_spreads,Detroit Lions,28.5,1.02
2026-09-17T23:50:50Z,closing,56e8897681915f7ec92baeee952bb1ae,2026-09-18T00:15:00Z,Buffalo Bills,Detroit Lions,draftkings,alternate_spreads,Detroit Lions,29.5,1.01
2026-09-17T23:50:50Z,closing,56e8897681915f7ec92baeee952bb1ae,2026-09-18T00:15:00Z,Buffalo Bills,Detroit Lions,draftkings,alternate_spreads,Detroit Lions,30.5,1.01
2026-09-17T23:50:50Z,closing,56e8897681915f7ec92baeee952bb1ae,2026-09-18T00:15:00Z,Buffalo Bills,Detroit Lions,draftkings,alternate_totals,Over,32.5,1.01
2026-09-17T23:50:50Z,closing,56e8897681915f7ec92baeee952bb1ae,2026-09-18T00:15:00Z,Buffalo Bills,Detroit Lions,draftkings,alternate_totals,Over,33.5,1.01
2026-09-17T23:50:50Z,closing,56e8897681915f7ec92baeee952bb1ae,2026-09-18T00:15:00Z,Buffalo Bills,Detroit Lions,draftkings,alternate_totals,Over,34.5,1.02
2026-09-17T23:50:50Z,closing,56e8897681915f7ec92baeee952bb1ae,2026-09-18T00:15:00Z,Buffalo Bills,Detroit Lions,draftkings,alternate_totals,Over,35.5,1.03
2026-09-17T23:50:50Z,closing,56e8897681915f7ec92baeee952bb1ae,2026-09-18T00:15:00Z,Buffalo Bills,Detroit Lions,draftkings,alternate_totals,Over,36.5,1.04
2026-09-17T23:50:50Z,closing,56e8897681915f7ec92baeee952bb1ae,2026-09-18T00:15:00Z,Buffalo Bills,Detroit Lions,draftkings,alternate_totals,Over,37.5,1.06
2026-09-17T23:50:50Z,closing,56e8897681915f7ec92baeee952bb1ae,2026-09-18T00:15:00Z,Buffalo Bills,Detroit Lions,draftkings,alternate_totals,Over,38.5,1.07
2026-09-17T23:50:50Z,closing,56e8897681915f7ec92baeee952bb1ae,2026-09-18T00:15:00Z,Buffalo Bills,Detroit Lions,draftkings,alternate_totals,Over,39.5,1.08
2026-09-17T23:50:50Z,closing,56e8897681915f7ec92baeee952bb1ae,2026-09-18T00:15:00Z,Buffalo Bills,Detroit Lions,draftkings,alternate_totals,Over,40.5,1.11
2026-09-17T23:50:50Z,closing,56e8897681915f7ec92baeee952bb1ae,2026-09-18T00:15:00Z,Buffalo Bills,Detroit Lions,draftkings,alternate_totals,Over,41.5,1.14
2026-09-17T23:50:50Z,closing,56e8897681915f7ec92baeee952bb1ae,2026-09-18T00:15:00Z,Buffalo Bills,Detroit Lions,draftkings,alternate_totals,Over,42.5,1.15
2026-09-17T23:50:50Z,closing,56e8897681915f7ec92baeee952bb1ae,2026-09-18T00:15:00Z,Buffalo Bills,Detroit Lions,draftkings,alternate_totals,Over,43.5,1.19
2026-09-17T23:50:50Z,closing,56e8897681915f7ec92baeee952bb1ae,2026-09-18T00:15:00Z,Buffalo Bills,Detroit Lions,draftkings,alternate_totals,Over,44.5,1.22
2026-09-17T23:50:50Z,closing,56e8897681915f7ec92baeee952bb1ae,2026-09-18T00:15:00Z,Buffalo Bills,Detroit Lions,draftkings,alternate_totals,Over,45.5,1.26
2026-09-17T23:50:50Z,closing,56e8897681915f7ec92baeee952bb1ae,2026-09-18T00:15:00Z,Buffalo Bills,Detroit Lions,draftkings,alternate_totals,Over,46.5,1.29
2026-09-17T23:50:50Z,closing,56e8897681915f7ec92baeee952bb1ae,2026-09-18T00:15:00Z,Buffalo Bills,Detroit Lions,draftkings,alternate_totals,Over,47.5,1.34
2026-09-17T23:50:50Z,closing,56e8897681915f7ec92baeee952bb1ae,2026-09-18T00:15:00Z,Buffalo Bills,Detroit Lions,draftkings,alternate_totals,Over,48.5,1.39
2026-09-17T23:50:50Z,closing,56e8897681915f7ec92baeee952bb1ae,2026-09-18T00:15:00Z,Buffalo Bills,Detroit Lions,draftkings,alternate_totals,Over,49.5,1.45
2026-09-17T23:50:50Z,closing,56e8897681915f7ec92baeee952bb1ae,2026-09-18T00:15:00Z,Buffalo Bills,Detroit Lions,draftkings,alternate_totals,Over,50.5,1.51
2026-09-17T23:50:50Z,closing,56e8897681915f7ec92baeee952bb1ae,2026-09-18T00:15:00Z,Buffalo Bills,Detroit Lions,draftkings,alternate_totals,Over,51.5,1.61
2026-09-17T23:50:50Z,closing,56e8897681915f7ec92baeee952bb1ae,2026-09-18T00:15:00Z,Buffalo Bills,Detroit Lions,draftkings,alternate_totals,Over,52.5,1.68
2026-09-17T23:50:50Z,closing,56e8897681915f7ec92baeee952bb1ae,2026-09-18T00:15:00Z,Buffalo Bills,Detroit Lions,draftkings,alternate_totals,Over,53.5,1.76
2026-09-17T23:50:50Z,closing,56e8897681915f7ec92baeee952bb1ae,2026-09-18T00:15:00Z,Buffalo Bills,Detroit Lions,draftkings,alternate_totals,Over,55.5,1.97
2026-09-17T23:50:50Z,closing,56e8897681915f7ec92baeee952bb1ae,2026-09-18T00:15:00Z,Buffalo Bills,Detroit Lions,draftkings,alternate_totals,Over,56.5,2.05
2026-09-17T23:50:50Z,closing,56e8897681915f7ec92baeee952bb1ae,2026-09-18T00:15:00Z,Buffalo Bills,Detroit Lions,draftkings,alternate_totals,Over,57.5,2.2
2026-09-17T23:50:50Z,closing,56e8897681915f7ec92baeee952bb1ae,2026-09-18T00:15:00Z,Buffalo Bills,Detroit Lions,draftkings,alternate_totals,Over,58.5,2.36
2026-09-17T23:50:50Z,closing,56e8897681915f7ec92baeee952bb1ae,2026-09-18T00:15:00Z,Buffalo Bills,Detroit Lions,draftkings,alternate_totals,Over,59.5,2.54
2026-09-17T23:50:50Z,closing,56e8897681915f7ec92baeee952bb1ae,2026-09-18T00:15:00Z,Buffalo Bills,Detroit Lions,draftkings,alternate_totals,Over,60.5,2.68
2026-09-17T23:50:50Z,closing,56e8897681915f7ec92baeee952bb1ae,2026-09-18T00:15:00Z,Buffalo Bills,Detroit Lions,draftkings,alternate_totals,Over,61.5,2.94
2026-09-17T23:50:50Z,closing,56e8897681915f7ec92baeee952bb1ae,2026-09-18T00:15:00Z,Buffalo Bills,Detroit Lions,draftkings,alternate_totals,Over,62.5,3.15
2026-09-17T23:50:50Z,closing,56e8897681915f7ec92baeee952bb1ae,2026-09-18T00:15:00Z,Buffalo Bills,Detroit Lions,draftkings,alternate_totals,Over,63.5,3.41
2026-09-17T23:50:50Z,closing,56e8897681915f7ec92baeee952bb1ae,2026-09-18T00:15:00Z,Buffalo Bills,Detroit Lions,draftkings,alternate_totals,Over,64.5,3.65
2026-09-17T23:50:50Z,closing,56e8897681915f7ec92baeee952bb1ae,2026-09-18T00:15:00Z,Buffalo Bills,Detroit Lions,draftkings,alternate_totals,Over,65.5,4.09
2026-09-17T23:50:50Z,closing,56e8897681915f7ec92baeee952bb1ae,2026-09-18T00:15:00Z,Buffalo Bills,Detroit Lions,draftkings,alternate_totals,Over,66.5,4.4
2026-09-17T23:50:50Z,closing,56e8897681915f7ec92baeee952bb1ae,2026-09-18T00:15:00Z,Buffalo Bills,Detroit Lions,draftkings,alternate_totals,Over,67.5,4.78
2026-09-17T23:50:50Z,closing,56e8897681915f7ec92baeee952bb1ae,2026-09-18T00:15:00Z,Buffalo Bills,Detroit Lions,draftkings,alternate_totals,Over,68.5,5.18
2026-09-17T23:50:50Z,closing,56e8897681915f7ec92baeee952bb1ae,2026-09-18T00:15:00Z,Buffalo Bills,Detroit Lions,draftkings,alternate_totals,Over,69.5,5.83
2026-09-17T23:50:50Z,closing,56e8897681915f7ec92baeee952bb1ae,2026-09-18T00:15:00Z,Buffalo Bills,Detroit Lions,draftkings,alternate_totals,Over,70.5,6.22
2026-09-17T23:50:50Z,closing,56e8897681915f7ec92baeee952bb1ae,2026-09-18T00:15:00Z,Buffalo Bills,Detroit Lions,draftkings,alternate_totals,Over,71.5,6.95
2026-09-17T23:50:50Z,closing,56e8897681915f7ec92baeee952bb1ae,2026-09-18T00:15:00Z,Buffalo Bills,Detroit Lions,draftkings,alternate_totals,Over,72.5,7.6
2026-09-17T23:50:50Z,closing,56e8897681915f7ec92baeee952bb1ae,2026-09-18T00:15:00Z,Buffalo Bills,Detroit Lions,draftkings,alternate_totals,Over,73.5,8.4
2026-09-17T23:50:50Z,closing,56e8897681915f7ec92baeee952bb1ae,2026-09-18T00:15:00Z,Buffalo Bills,Detroit Lions,draftkings,alternate_totals,Over,74.5,9.0
2026-09-17T23:50:50Z,closing,56e8897681915f7ec92baeee952bb1ae,2026-09-18T00:15:00Z,Buffalo Bills,Detroit Lions,draftkings,alternate_totals,Over,75.5,10.1
2026-09-17T23:50:50Z,closing,56e8897681915f7ec92baeee952bb1ae,2026-09-18T00:15:00Z,Buffalo Bills,Detroit Lions,draftkings,alternate_totals,Over,76.5,10.9
2026-09-17T23:50:50Z,closing,56e8897681915f7ec92baeee952bb1ae,2026-09-18T00:15:00Z,Buffalo Bills,Detroit Lions,draftkings,alternate_totals,Over,77.5,12.0
2026-09-17T23:50:50Z,closing,56e8897681915f7ec92baeee952bb1ae,2026-09-18T00:15:00Z,Buffalo Bills,Detroit Lions,draftkings,alternate_totals,Over,78.5,12.6
2026-09-17T23:50:50Z,closing,56e8897681915f7ec92baeee952bb1ae,2026-09-18T00:15:00Z,Buffalo Bills,Detroit Lions,draftkings,alternate_totals,Over,79.5,13.8
2026-09-17T23:50:50Z,closing,56e8897681915f7ec92baeee952bb1ae,2026-09-18T00:15:00Z,Buffalo Bills,Detroit Lions,draftkings,alternate_totals,Under,32.5,13.8
2026-09-17T23:50:50Z,closing,56e8897681915f7ec92baeee952bb1ae,2026-09-18T00:15:00Z,Buffalo Bills,Detroit Lions,draftkings,alternate_totals,Under,33.5,12.2
2026-09-17T23:50:50Z,closing,56e8897681915f7ec92baeee952bb1ae,2026-09-18T00:15:00Z,Buffalo Bills,Detroit Lions,draftkings,alternate_totals,Under,34.5,11.0
2026-09-17T23:50:50Z,closing,56e8897681915f7ec92baeee952bb1ae,2026-09-18T00:15:00Z,Buffalo Bills,Detroit Lions,draftkings,alternate_totals,Under,35.5,10.3
2026-09-17T23:50:50Z,closing,56e8897681915f7ec92baeee952bb1ae,2026-09-18T00:15:00Z,Buffalo Bills,Detroit Lions,draftkings,alternate_totals,Under,36.5,9.2
2026-09-17T23:50:50Z,closing,56e8897681915f7ec92baeee952bb1ae,2026-09-18T00:15:00Z,Buffalo Bills,Detroit Lions,draftkings,alternate_totals,Under,37.5,8.0
2026-09-17T23:50:50Z,closing,56e8897681915f7ec92baeee952bb1ae,2026-09-18T00:15:00Z,Buffalo Bills,Detroit Lions,draftkings,alternate_totals,Under,38.5,7.4
2026-09-17T23:50:50Z,closing,56e8897681915f7ec92baeee952bb1ae,2026-09-18T00:15:00Z,Buffalo Bills,Detroit Lions,draftkings,alternate_totals,Under,39.5,6.74
2026-09-17T23:50:50Z,closing,56e8897681915f7ec92baeee952bb1ae,2026-09-18T00:15:00Z,Buffalo Bills,Detroit Lions,draftkings,alternate_totals,Under,40.5,5.99
2026-09-17T23:50:50Z,closing,56e8897681915f7ec92baeee952bb1ae,2026-09-18T00:15:00Z,Buffalo Bills,Detroit Lions,draftkings,alternate_totals,Under,41.5,5.29
2026-09-17T23:50:50Z,closing,56e8897681915f7ec92baeee952bb1ae,2026-09-18T00:15:00Z,Buffalo Bills,Detroit Lions,draftkings,alternate_totals,Under,42.5,4.96
2026-09-17T23:50:50Z,closing,56e8897681915f7ec92baeee952bb1ae,2026-09-18T00:15:00Z,Buffalo Bills,Detroit Lions,draftkings,alternate_totals,Under,43.5,4.42
2026-09-17T23:50:50Z,closing,56e8897681915f7ec92baeee952bb1ae,2026-09-18T00:15:00Z,Buffalo Bills,Detroit Lions,draftkings,alternate_totals,Under,44.5,3.96
2026-09-17T23:50:50Z,closing,56e8897681915f7ec92baeee952bb1ae,2026-09-18T00:15:00Z,Buffalo Bills,Detroit Lions,draftkings,alternate_totals,Under,45.5,3.66
2026-09-17T23:50:50Z,closing,56e8897681915f7ec92baeee952bb1ae,2026-09-18T00:15:00Z,Buffalo Bills,Detroit Lions,draftkings,alternate_totals,Under,46.5,3.42
2026-09-17T23:50:50Z,closing,56e8897681915f7ec92baeee952bb1ae,2026-09-18T00:15:00Z,Buffalo Bills,Detroit Lions,draftkings,alternate_totals,Under,47.5,3.07
2026-09-17T23:50:50Z,closing,56e8897681915f7ec92baeee952bb1ae,2026-09-18T00:15:00Z,Buffalo Bills,Detroit Lions,draftkings,alternate_totals,Under,48.5,2.85
2026-09-17T23:50:50Z,closing,56e8897681915f7ec92baeee952bb1ae,2026-09-18T00:15:00Z,Buffalo Bills,Detroit Lions,draftkings,alternate_totals,Under,49.5,2.64
2026-09-17T23:50:50Z,closing,56e8897681915f7ec92baeee952bb1ae,2026-09-18T00:15:00Z,Buffalo Bills,Detroit Lions,draftkings,alternate_totals,Under,50.5,2.44
2026-09-17T23:50:50Z,closing,56e8897681915f7ec92baeee952bb1ae,2026-09-18T00:15:00Z,Buffalo Bills,Detroit Lions,draftkings,alternate_totals,Under,51.5,2.22
2026-09-17T23:50:50Z,closing,56e8897681915f7ec92baeee952bb1ae,2026-09-18T00:15:00Z,Buffalo Bills,Detroit Lions,draftkings,alternate_totals,Under,52.5,2.1
2026-09-17T23:50:50Z,closing,56e8897681915f7ec92baeee952bb1ae,2026-09-18T00:15:00Z,Buffalo Bills,Detroit Lions,draftkings,alternate_totals,Under,53.5,1.99
2026-09-17T23:50:50Z,closing,56e8897681915f7ec92baeee952bb1ae,2026-09-18T00:15:00Z,Buffalo Bills,Detroit Lions,draftkings,alternate_totals,Under,55.5,1.78
2026-09-17T23:50:50Z,closing,56e8897681915f7ec92baeee952bb1ae,2026-09-18T00:15:00Z,Buffalo Bills,Detroit Lions,draftkings,alternate_totals,Under,56.5,1.71
2026-09-17T23:50:50Z,closing,56e8897681915f7ec92baeee952bb1ae,2026-09-18T00:15:00Z,Buffalo Bills,Detroit Lions,draftkings,alternate_totals,Under,57.5,1.62
2026-09-17T23:50:50Z,closing,56e8897681915f7ec92baeee952bb1ae,2026-09-18T00:15:00Z,Buffalo Bills,Detroit Lions,draftkings,alternate_totals,Under,58.5,1.55
2026-09-17T23:50:50Z,closing,56e8897681915f7ec92baeee952bb1ae,2026-09-18T00:15:00Z,Buffalo Bills,Detroit Lions,draftkings,alternate_totals,Under,59.5,1.48
2026-09-17T23:50:50Z,closing,56e8897681915f7ec92baeee952bb1ae,2026-09-18T00:15:00Z,Buffalo Bills,Detroit Lions,draftkings,alternate_totals,Under,60.5,1.43
2026-09-17T23:50:50Z,closing,56e8897681915f7ec92baeee952bb1ae,2026-09-18T00:15:00Z,Buffalo Bills,Detroit Lions,draftkings,alternate_totals,Under,61.5,1.37
2026-09-17T23:50:50Z,closing,56e8897681915f7ec92baeee952bb1ae,2026-09-18T00:15:00Z,Buffalo Bills,Detroit Lions,draftkings,alternate_totals,Under,62.5,1.33
2026-09-17T23:50:50Z,closing,56e8897681915f7ec92baeee952bb1ae,2026-09-18T00:15:00Z,Buffalo Bills,Detroit Lions,draftkings,alternate_totals,Under,63.5,1.29
2026-09-17T23:50:50Z,closing,56e8897681915f7ec92baeee952bb1ae,2026-09-18T00:15:00Z,Buffalo Bills,Detroit Lions,draftkings,alternate_totals,Under,64.5,1.26
2026-09-17T23:50:50Z,closing,56e8897681915f7ec92baeee952bb1ae,2026-09-18T00:15:00Z,Buffalo Bills,Detroit Lions,draftkings,alternate_totals,Under,65.5,1.21
2026-09-17T23:50:50Z,closing,56e8897681915f7ec92baeee952bb1ae,2026-09-18T00:15:00Z,Buffalo Bills,Detroit Lions,draftkings,alternate_totals,Under,66.5,1.19
2026-09-17T23:50:50Z,closing,56e8897681915f7ec92baeee952bb1ae,2026-09-18T00:15:00Z,Buffalo Bills,Detroit Lions,draftkings,alternate_totals,Under,67.5,1.16
2026-09-17T23:50:50Z,closing,56e8897681915f7ec92baeee952bb1ae,2026-09-18T00:15:00Z,Buffalo Bills,Detroit Lions,draftkings,alternate_totals,Under,68.5,1.14
2026-09-17T23:50:50Z,closing,56e8897681915f7ec92baeee952bb1ae,2026-09-18T00:15:00Z,Buffalo Bills,Detroit Lions,draftkings,alternate_totals,Under,69.5,1.11
2026-09-17T23:50:50Z,closing,56e8897681915f7ec92baeee952bb1ae,2026-09-18T00:15:00Z,Buffalo Bills,Detroit Lions,draftkings,alternate_totals,Under,70.5,1.1
2026-09-17T23:50:50Z,closing,56e8897681915f7ec92baeee952bb1ae,2026-09-18T00:15:00Z,Buffalo Bills,Detroit Lions,draftkings,alternate_totals,Under,71.5,1.08
2026-09-17T23:50:50Z,closing,56e8897681915f7ec92baeee952bb1ae,2026-09-18T00:15:00Z,Buffalo Bills,Detroit Lions,draftkings,alternate_totals,Under,72.5,1.07
2026-09-17T23:50:50Z,closing,56e8897681915f7ec92baeee952bb1ae,2026-09-18T00:15:00Z,Buffalo Bills,Detroit Lions,draftkings,alternate_totals,Under,73.5,1.05
2026-09-17T23:50:50Z,closing,56e8897681915f7ec92baeee952bb1ae,2026-09-18T00:15:00Z,Buffalo Bills,Detroit Lions,draftkings,alternate_totals,Under,74.5,1.04
2026-09-17T23:50:50Z,closing,56e8897681915f7ec92baeee952bb1ae,2026-09-18T00:15:00Z,Buffalo Bills,Detroit Lions,draftkings,alternate_totals,Under,75.5,1.03
2026-09-17T23:50:50Z,closing,56e8897681915f7ec92baeee952bb1ae,2026-09-18T00:15:00Z,Buffalo Bills,Detroit Lions,draftkings,alternate_totals,Under,76.5,1.02
2026-09-17T23:50:50Z,closing,56e8897681915f7ec92baeee952bb1ae,2026-09-18T00:15:00Z,Buffalo Bills,Detroit Lions,draftkings,alternate_totals,Under,77.5,1.01
2026-09-17T23:50:50Z,closing,56e8897681915f7ec92baeee952bb1ae,2026-09-18T00:15:00Z,Buffalo Bills,Detroit Lions,draftkings,alternate_totals,Under,78.5,1.01
2026-09-17T23:50:50Z,closing,56e8897681915f7ec92baeee952bb1ae,2026-09-18T00:15:00Z,Buffalo Bills,Detroit Lions,draftkings,alternate_totals,Under,79.5,1.01
2026-09-17T23:50:50Z,closing,56e8897681915f7ec92baeee952bb1ae,2026-09-18T00:15:00Z,Buffalo Bills,Detroit Lions,fanduel,alternate_spreads,Buffalo Bills,-30.5,19.0
2026-09-17T23:50:50Z,closing,56e8897681915f7ec92baeee952bb1ae,2026-09-18T00:15:00Z,Buffalo Bills,Detroit Lions,fanduel,alternate_spreads,Buffalo Bills,-29.5,18.0
2026-09-17T23:50:50Z,closing,56e8897681915f7ec92baeee952bb1ae,2026-09-18T00:15:00Z,Buffalo Bills,Detroit Lions,fanduel,alternate_spreads,Buffalo Bills,-28.5,16.0
2026-09-17T23:50:50Z,closing,56e8897681915f7ec92baeee952bb1ae,2026-09-18T00:15:00Z,Buffalo Bills,Detroit Lions,fanduel,alternate_spreads,Buffalo Bills,-27.5,15.0
2026-09-17T23:50:50Z,closing,56e8897681915f7ec92baeee952bb1ae,2026-09-18T00:15:00Z,Buffalo Bills,Detroit Lions,fanduel,alternate_spreads,Buffalo Bills,-26.5,13.0
2026-09-17T23:50:50Z,closing,56e8897681915f7ec92baeee952bb1ae,2026-09-18T00:15:00Z,Buffalo Bills,Detroit Lions,fanduel,alternate_spreads,Buffalo Bills,-25.5,12.0
2026-09-17T23:50:50Z,closing,56e8897681915f7ec92baeee952bb1ae,2026-09-18T00:15:00Z,Buffalo Bills,Detroit Lions,fanduel,alternate_spreads,Buffalo Bills,-24.5,11.6
2026-09-17T23:50:50Z,closing,56e8897681915f7ec92baeee952bb1ae,2026-09-18T00:15:00Z,Buffalo Bills,Detroit Lions,fanduel,alternate_spreads,Buffalo Bills,-23.5,10.0
2026-09-17T23:50:50Z,closing,56e8897681915f7ec92baeee952bb1ae,2026-09-18T00:15:00Z,Buffalo Bills,Detroit Lions,fanduel,alternate_spreads,Buffalo Bills,-22.5,9.3
2026-09-17T23:50:50Z,closing,56e8897681915f7ec92baeee952bb1ae,2026-09-18T00:15:00Z,Buffalo Bills,Detroit Lions,fanduel,alternate_spreads,Buffalo Bills,-21.5,8.5
2026-09-17T23:50:50Z,closing,56e8897681915f7ec92baeee952bb1ae,2026-09-18T00:15:00Z,Buffalo Bills,Detroit Lions,fanduel,alternate_spreads,Buffalo Bills,-20.5,7.0
2026-09-17T23:50:50Z,closing,56e8897681915f7ec92baeee952bb1ae,2026-09-18T00:15:00Z,Buffalo Bills,Detroit Lions,fanduel,alternate_spreads,Buffalo Bills,-19.5,6.6
2026-09-17T23:50:50Z,closing,56e8897681915f7ec92baeee952bb1ae,2026-09-18T00:15:00Z,Buffalo Bills,Detroit Lions,fanduel,alternate_spreads,Buffalo Bills,-18.5,6.0
2026-09-17T23:50:50Z,closing,56e8897681915f7ec92baeee952bb1ae,2026-09-18T00:15:00Z,Buffalo Bills,Detroit Lions,fanduel,alternate_spreads,Buffalo Bills,-17.5,5.3
2026-09-17T23:50:50Z,closing,56e8897681915f7ec92baeee952bb1ae,2026-09-18T00:15:00Z,Buffalo Bills,Detroit Lions,fanduel,alternate_spreads,Buffalo Bills,-16.5,4.7
2026-09-17T23:50:50Z,closing,56e8897681915f7ec92baeee952bb1ae,2026-09-18T00:15:00Z,Buffalo Bills,Detroit Lions,fanduel,alternate_spreads,Buffalo Bills,-15.5,4.4
2026-09-17T23:50:50Z,closing,56e8897681915f7ec92baeee952bb1ae,2026-09-18T00:15:00Z,Buffalo Bills,Detroit Lions,fanduel,alternate_spreads,Buffalo Bills,-14.5,4.2
2026-09-17T23:50:50Z,closing,56e8897681915f7ec92baeee952bb1ae,2026-09-18T00:15:00Z,Buffalo Bills,Detroit Lions,fanduel,alternate_spreads,Buffalo Bills,-13.5,3.65
2026-09-17T23:50:50Z,closing,56e8897681915f7ec92baeee952bb1ae,2026-09-18T00:15:00Z,Buffalo Bills,Detroit Lions,fanduel,alternate_spreads,Buffalo Bills,-12.5,3.4
2026-09-17T23:50:50Z,closing,56e8897681915f7ec92baeee952bb1ae,2026-09-18T00:15:00Z,Buffalo Bills,Detroit Lions,fanduel,alternate_spreads,Buffalo Bills,-11.5,3.3
2026-09-17T23:50:50Z,closing,56e8897681915f7ec92baeee952bb1ae,2026-09-18T00:15:00Z,Buffalo Bills,Detroit Lions,fanduel,alternate_spreads,Buffalo Bills,-10.5,3.1
2026-09-17T23:50:50Z,closing,56e8897681915f7ec92baeee952bb1ae,2026-09-18T00:15:00Z,Buffalo Bills,Detroit Lions,fanduel,alternate_spreads,Buffalo Bills,-9.5,2.8
2026-09-17T23:50:50Z,closing,56e8897681915f7ec92baeee952bb1ae,2026-09-18T00:15:00Z,Buffalo Bills,Detroit Lions,fanduel,alternate_spreads,Buffalo Bills,-8.5,2.64
2026-09-17T23:50:50Z,closing,56e8897681915f7ec92baeee952bb1ae,2026-09-18T00:15:00Z,Buffalo Bills,Detroit Lions,fanduel,alternate_spreads,Buffalo Bills,-7.5,2.44
2026-09-17T23:50:50Z,closing,56e8897681915f7ec92baeee952bb1ae,2026-09-18T00:15:00Z,Buffalo Bills,Detroit Lions,fanduel,alternate_spreads,Buffalo Bills,-6.5,2.12
2026-09-17T23:50:50Z,closing,56e8897681915f7ec92baeee952bb1ae,2026-09-18T00:15:00Z,Buffalo Bills,Detroit Lions,fanduel,alternate_spreads,Buffalo Bills,-5.5,1.94
2026-09-17T23:50:50Z,closing,56e8897681915f7ec92baeee952bb1ae,2026-09-18T00:15:00Z,Buffalo Bills,Detroit Lions,fanduel,alternate_spreads,Buffalo Bills,-4.5,1.83
2026-09-17T23:50:50Z,closing,56e8897681915f7ec92baeee952bb1ae,2026-09-18T00:15:00Z,Buffalo Bills,Detroit Lions,fanduel,alternate_spreads,Buffalo Bills,-3.5,1.72
2026-09-17T23:50:50Z,closing,56e8897681915f7ec92baeee952bb1ae,2026-09-18T00:15:00Z,Buffalo Bills,Detroit Lions,fanduel,alternate_spreads,Buffalo Bills,-2.5,1.52
2026-09-17T23:50:50Z,closing,56e8897681915f7ec92baeee952bb1ae,2026-09-18T00:15:00Z,Buffalo Bills,Detroit Lions,fanduel,alternate_spreads,Buffalo Bills,-1.5,1.44
2026-09-17T23:50:50Z,closing,56e8897681915f7ec92baeee952bb1ae,2026-09-18T00:15:00Z,Buffalo Bills,Detroit Lions,fanduel,alternate_spreads,Buffalo Bills,1.5,1.34
2026-09-17T23:50:50Z,closing,56e8897681915f7ec92baeee952bb1ae,2026-09-18T00:15:00Z,Buffalo Bills,Detroit Lions,fanduel,alternate_spreads,Buffalo Bills,2.5,1.3
2026-09-17T23:50:50Z,closing,56e8897681915f7ec92baeee952bb1ae,2026-09-18T00:15:00Z,Buffalo Bills,Detroit Lions,fanduel,alternate_spreads,Buffalo Bills,3.5,1.21
2026-09-17T23:50:50Z,closing,56e8897681915f7ec92baeee952bb1ae,2026-09-18T00:15:00Z,Buffalo Bills,Detroit Lions,fanduel,alternate_spreads,Buffalo Bills,4.5,1.18
2026-09-17T23:50:50Z,closing,56e8897681915f7ec92baeee952bb1ae,2026-09-18T00:15:00Z,Buffalo Bills,Detroit Lions,fanduel,alternate_spreads,Buffalo Bills,5.5,1.15
2026-09-17T23:50:50Z,closing,56e8897681915f7ec92baeee952bb1ae,2026-09-18T00:15:00Z,Buffalo Bills,Detroit Lions,fanduel,alternate_spreads,Buffalo Bills,6.5,1.12
2026-09-17T23:50:50Z,closing,56e8897681915f7ec92baeee952bb1ae,2026-09-18T00:15:00Z,Buffalo Bills,Detroit Lions,fanduel,alternate_spreads,Buffalo Bills,7.5,1.08
2026-09-17T23:50:50Z,closing,56e8897681915f7ec92baeee952bb1ae,2026-09-18T00:15:00Z,Buffalo Bills,Detroit Lions,fanduel,alternate_spreads,Buffalo Bills,8.5,1.06
2026-09-17T23:50:50Z,closing,56e8897681915f7ec92baeee952bb1ae,2026-09-18T00:15:00Z,Buffalo Bills,Detroit Lions,fanduel,alternate_spreads,Buffalo Bills,9.5,1.06
2026-09-17T23:50:50Z,closing,56e8897681915f7ec92baeee952bb1ae,2026-09-18T00:15:00Z,Buffalo Bills,Detroit Lions,fanduel,alternate_spreads,Buffalo Bills,10.5,1.04
2026-09-17T23:50:50Z,closing,56e8897681915f7ec92baeee952bb1ae,2026-09-18T00:15:00Z,Buffalo Bills,Detroit Lions,fanduel,alternate_spreads,Buffalo Bills,11.5,1.03
2026-09-17T23:50:50Z,closing,56e8897681915f7ec92baeee952bb1ae,2026-09-18T00:15:00Z,Buffalo Bills,Detroit Lions,fanduel,alternate_spreads,Buffalo Bills,12.5,1.03
2026-09-17T23:50:50Z,closing,56e8897681915f7ec92baeee952bb1ae,2026-09-18T00:15:00Z,Buffalo Bills,Detroit Lions,fanduel,alternate_spreads,Buffalo Bills,13.5,1.02
2026-09-17T23:50:50Z,closing,56e8897681915f7ec92baeee952bb1ae,2026-09-18T00:15:00Z,Buffalo Bills,Detroit Lions,fanduel,alternate_spreads,Buffalo Bills,14.5,1.02
2026-09-17T23:50:50Z,closing,56e8897681915f7ec92baeee952bb1ae,2026-09-18T00:15:00Z,Buffalo Bills,Detroit Lions,fanduel,alternate_spreads,Buffalo Bills,15.5,1.02
2026-09-17T23:50:50Z,closing,56e8897681915f7ec92baeee952bb1ae,2026-09-18T00:15:00Z,Buffalo Bills,Detroit Lions,fanduel,alternate_spreads,Buffalo Bills,16.5,1.01
2026-09-17T23:50:50Z,closing,56e8897681915f7ec92baeee952bb1ae,2026-09-18T00:15:00Z,Buffalo Bills,Detroit Lions,fanduel,alternate_spreads,Buffalo Bills,17.5,1.01
2026-09-17T23:50:50Z,closing,56e8897681915f7ec92baeee952bb1ae,2026-09-18T00:15:00Z,Buffalo Bills,Detroit Lions,fanduel,alternate_spreads,Buffalo Bills,18.5,1.0
2026-09-17T23:50:50Z,closing,56e8897681915f7ec92baeee952bb1ae,2026-09-18T00:15:00Z,Buffalo Bills,Detroit Lions,fanduel,alternate_spreads,Buffalo Bills,19.5,1.0
2026-09-17T23:50:50Z,closing,56e8897681915f7ec92baeee952bb1ae,2026-09-18T00:15:00Z,Buffalo Bills,Detroit Lions,fanduel,alternate_spreads,Buffalo Bills,20.5,1.0
2026-09-17T23:50:50Z,closing,56e8897681915f7ec92baeee952bb1ae,2026-09-18T00:15:00Z,Buffalo Bills,Detroit Lions,fanduel,alternate_spreads,Buffalo Bills,21.5,1.0
2026-09-17T23:50:50Z,closing,56e8897681915f7ec92baeee952bb1ae,2026-09-18T00:15:00Z,Buffalo Bills,Detroit Lions,fanduel,alternate_spreads,Detroit Lions,30.5,1.01
2026-09-17T23:50:50Z,closing,56e8897681915f7ec92baeee952bb1ae,2026-09-18T00:15:00Z,Buffalo Bills,Detroit Lions,fanduel,alternate_spreads,Detroit Lions,29.5,1.01
2026-09-17T23:50:50Z,closing,56e8897681915f7ec92baeee952bb1ae,2026-09-18T00:15:00Z,Buffalo Bills,Detroit Lions,fanduel,alternate_spreads,Detroit Lions,28.5,1.01
2026-09-17T23:50:50Z,closing,56e8897681915f7ec92baeee952bb1ae,2026-09-18T00:15:00Z,Buffalo Bills,Detroit Lions,fanduel,alternate_spreads,Detroit Lions,27.5,1.02
2026-09-17T23:50:50Z,closing,56e8897681915f7ec92baeee952bb1ae,2026-09-18T00:15:00Z,Buffalo Bills,Detroit Lions,fanduel,alternate_spreads,Detroit Lions,26.5,1.02
2026-09-17T23:50:50Z,closing,56e8897681915f7ec92baeee952bb1ae,2026-09-18T00:15:00Z,Buffalo Bills,Detroit Lions,fanduel,alternate_spreads,Detroit Lions,25.5,1.02
2026-09-17T23:50:50Z,closing,56e8897681915f7ec92baeee952bb1ae,2026-09-18T00:15:00Z,Buffalo Bills,Detroit Lions,fanduel,alternate_spreads,Detroit Lions,24.5,1.03
2026-09-17T23:50:50Z,closing,56e8897681915f7ec92baeee952bb1ae,2026-09-18T00:15:00Z,Buffalo Bills,Detroit Lions,fanduel,alternate_spreads,Detroit Lions,23.5,1.04
2026-09-17T23:50:50Z,closing,56e8897681915f7ec92baeee952bb1ae,2026-09-18T00:15:00Z,Buffalo Bills,Detroit Lions,fanduel,alternate_spreads,Detroit Lions,22.5,1.05
2026-09-17T23:50:50Z,closing,56e8897681915f7ec92baeee952bb1ae,2026-09-18T00:15:00Z,Buffalo Bills,Detroit Lions,fanduel,alternate_spreads,Detroit Lions,21.5,1.06
2026-09-17T23:50:50Z,closing,56e8897681915f7ec92baeee952bb1ae,2026-09-18T00:15:00Z,Buffalo Bills,Detroit Lions,fanduel,alternate_spreads,Detroit Lions,20.5,1.09
2026-09-17T23:50:50Z,closing,56e8897681915f7ec92baeee952bb1ae,2026-09-18T00:15:00Z,Buffalo Bills,Detroit Lions,fanduel,alternate_spreads,Detroit Lions,19.5,1.1
2026-09-17T23:50:50Z,closing,56e8897681915f7ec92baeee952bb1ae,2026-09-18T00:15:00Z,Buffalo Bills,Detroit Lions,fanduel,alternate_spreads,Detroit Lions,18.5,1.12
2026-09-17T23:50:50Z,closing,56e8897681915f7ec92baeee952bb1ae,2026-09-18T00:15:00Z,Buffalo Bills,Detroit Lions,fanduel,alternate_spreads,Detroit Lions,17.5,1.15
2026-09-17T23:50:50Z,closing,56e8897681915f7ec92baeee952bb1ae,2026-09-18T00:15:00Z,Buffalo Bills,Detroit Lions,fanduel,alternate_spreads,Detroit Lions,16.5,1.18
2026-09-17T23:50:50Z,closing,56e8897681915f7ec92baeee952bb1ae,2026-09-18T00:15:00Z,Buffalo Bills,Detroit Lions,fanduel,alternate_spreads,Detroit Lions,15.5,1.2
2026-09-17T23:50:50Z,closing,56e8897681915f7ec92baeee952bb1ae,2026-09-18T00:15:00Z,Buffalo Bills,Detroit Lions,fanduel,alternate_spreads,Detroit Lions,14.5,1.22
2026-09-17T23:50:50Z,closing,56e8897681915f7ec92baeee952bb1ae,2026-09-18T00:15:00Z,Buffalo Bills,Detroit Lions,fanduel,alternate_spreads,Detroit Lions,13.5,1.26
2026-09-17T23:50:50Z,closing,56e8897681915f7ec92baeee952bb1ae,2026-09-18T00:15:00Z,Buffalo Bills,Detroit Lions,fanduel,alternate_spreads,Detroit Lions,12.5,1.3
2026-09-17T23:50:50Z,closing,56e8897681915f7ec92baeee952bb1ae,2026-09-18T00:15:00Z,Buffalo Bills,Detroit Lions,fanduel,alternate_spreads,Detroit Lions,11.5,1.32
2026-09-17T23:50:50Z,closing,56e8897681915f7ec92baeee952bb1ae,2026-09-18T00:15:00Z,Buffalo Bills,Detroit Lions,fanduel,alternate_spreads,Detroit Lions,10.5,1.36
2026-09-17T23:50:50Z,closing,56e8897681915f7ec92baeee952bb1ae,2026-09-18T00:15:00Z,Buffalo Bills,Detroit Lions,fanduel,alternate_spreads,Detroit Lions,9.5,1.43
2026-09-17T23:50:50Z,closing,56e8897681915f7ec92baeee952bb1ae,2026-09-18T00:15:00Z,Buffalo Bills,Detroit Lions,fanduel,alternate_spreads,Detroit Lions,8.5,1.47
2026-09-17T23:50:50Z,closing,56e8897681915f7ec92baeee952bb1ae,2026-09-18T00:15:00Z,Buffalo Bills,Detroit Lions,fanduel,alternate_spreads,Detroit Lions,7.5,1.54
2026-09-17T23:50:50Z,closing,56e8897681915f7ec92baeee952bb1ae,2026-09-18T00:15:00Z,Buffalo Bills,Detroit Lions,fanduel,alternate_spreads,Detroit Lions,6.5,1.7
2026-09-17T23:50:50Z,closing,56e8897681915f7ec92baeee952bb1ae,2026-09-18T00:15:00Z,Buffalo Bills,Detroit Lions,fanduel,alternate_spreads,Detroit Lions,5.5,1.83
2026-09-17T23:50:50Z,closing,56e8897681915f7ec92baeee952bb1ae,2026-09-18T00:15:00Z,Buffalo Bills,Detroit Lions,fanduel,alternate_spreads,Detroit Lions,4.5,1.94
2026-09-17T23:50:50Z,closing,56e8897681915f7ec92baeee952bb1ae,2026-09-18T00:15:00Z,Buffalo Bills,Detroit Lions,fanduel,alternate_spreads,Detroit Lions,3.5,2.08
2026-09-17T23:50:50Z,closing,56e8897681915f7ec92baeee952bb1ae,2026-09-18T00:15:00Z,Buffalo Bills,Detroit Lions,fanduel,alternate_spreads,Detroit Lions,2.5,2.5
2026-09-17T23:50:50Z,closing,56e8897681915f7ec92baeee952bb1ae,2026-09-18T00:15:00Z,Buffalo Bills,Detroit Lions,fanduel,alternate_spreads,Detroit Lions,1.5,2.72
2026-09-17T23:50:50Z,closing,56e8897681915f7ec92baeee952bb1ae,2026-09-18T00:15:00Z,Buffalo Bills,Detroit Lions,fanduel,alternate_spreads,Detroit Lions,-1.5,3.2
2026-09-17T23:50:50Z,closing,56e8897681915f7ec92baeee952bb1ae,2026-09-18T00:15:00Z,Buffalo Bills,Detroit Lions,fanduel,alternate_spreads,Detroit Lions,-2.5,3.4
2026-09-17T23:50:50Z,closing,56e8897681915f7ec92baeee952bb1ae,2026-09-18T00:15:00Z,Buffalo Bills,Detroit Lions,fanduel,alternate_spreads,Detroit Lions,-3.5,4.3
2026-09-17T23:50:50Z,closing,56e8897681915f7ec92baeee952bb1ae,2026-09-18T00:15:00Z,Buffalo Bills,Detroit Lions,fanduel,alternate_spreads,Detroit Lions,-4.5,4.7
2026-09-17T23:50:50Z,closing,56e8897681915f7ec92baeee952bb1ae,2026-09-18T00:15:00Z,Buffalo Bills,Detroit Lions,fanduel,alternate_spreads,Detroit Lions,-5.5,5.2
2026-09-17T23:50:50Z,closing,56e8897681915f7ec92baeee952bb1ae,2026-09-18T00:15:00Z,Buffalo Bills,Detroit Lions,fanduel,alternate_spreads,Detroit Lions,-6.5,5.8
2026-09-17T23:50:50Z,closing,56e8897681915f7ec92baeee952bb1ae,2026-09-18T00:15:00Z,Buffalo Bills,Detroit Lions,fanduel,alternate_spreads,Detroit Lions,-7.5,7.3
2026-09-17T23:50:50Z,closing,56e8897681915f7ec92baeee952bb1ae,2026-09-18T00:15:00Z,Buffalo Bills,Detroit Lions,fanduel,alternate_spreads,Detroit Lions,-8.5,8.5
2026-09-17T23:50:50Z,closing,56e8897681915f7ec92baeee952bb1ae,2026-09-18T00:15:00Z,Buffalo Bills,Detroit Lions,fanduel,alternate_spreads,Detroit Lions,-9.5,9.0
2026-09-17T23:50:50Z,closing,56e8897681915f7ec92baeee952bb1ae,2026-09-18T00:15:00Z,Buffalo Bills,Detroit Lions,fanduel,alternate_spreads,Detroit Lions,-10.5,10.0
2026-09-17T23:50:50Z,closing,56e8897681915f7ec92baeee952bb1ae,2026-09-18T00:15:00Z,Buffalo Bills,Detroit Lions,fanduel,alternate_spreads,Detroit Lions,-11.5,11.0
2026-09-17T23:50:50Z,closing,56e8897681915f7ec92baeee952bb1ae,2026-09-18T00:15:00Z,Buffalo Bills,Detroit Lions,fanduel,alternate_spreads,Detroit Lions,-12.5,11.6
2026-09-17T23:50:50Z,closing,56e8897681915f7ec92baeee952bb1ae,2026-09-18T00:15:00Z,Buffalo Bills,Detroit Lions,fanduel,alternate_spreads,Detroit Lions,-13.5,12.0
2026-09-17T23:50:50Z,closing,56e8897681915f7ec92baeee952bb1ae,2026-09-18T00:15:00Z,Buffalo Bills,Detroit Lions,fanduel,alternate_spreads,Detroit Lions,-14.5,14.0
2026-09-17T23:50:50Z,closing,56e8897681915f7ec92baeee952bb1ae,2026-09-18T00:15:00Z,Buffalo Bills,Detroit Lions,fanduel,alternate_spreads,Detroit Lions,-15.5,15.0
2026-09-17T23:50:50Z,closing,56e8897681915f7ec92baeee952bb1ae,2026-09-18T00:15:00Z,Buffalo Bills,Detroit Lions,fanduel,alternate_spreads,Detroit Lions,-16.5,16.0
2026-09-17T23:50:50Z,closing,56e8897681915f7ec92baeee952bb1ae,2026-09-18T00:15:00Z,Buffalo Bills,Detroit Lions,fanduel,alternate_spreads,Detroit Lions,-17.5,18.0
2026-09-17T23:50:50Z,closing,56e8897681915f7ec92baeee952bb1ae,2026-09-18T00:15:00Z,Buffalo Bills,Detroit Lions,fanduel,alternate_spreads,Detroit Lions,-18.5,21.0
2026-09-17T23:50:50Z,closing,56e8897681915f7ec92baeee952bb1ae,2026-09-18T00:15:00Z,Buffalo Bills,Detroit Lions,fanduel,alternate_spreads,Detroit Lions,-19.5,23.0
2026-09-17T23:50:50Z,closing,56e8897681915f7ec92baeee952bb1ae,2026-09-18T00:15:00Z,Buffalo Bills,Detroit Lions,fanduel,alternate_spreads,Detroit Lions,-20.5,26.0
2026-09-17T23:50:50Z,closing,56e8897681915f7ec92baeee952bb1ae,2026-09-18T00:15:00Z,Buffalo Bills,Detroit Lions,fanduel,alternate_spreads,Detroit Lions,-21.5,36.0
2026-09-17T23:50:50Z,closing,56e8897681915f7ec92baeee952bb1ae,2026-09-18T00:15:00Z,Buffalo Bills,Detroit Lions,fanduel,alternate_totals,Over,26.5,1.0
2026-09-17T23:50:50Z,closing,56e8897681915f7ec92baeee952bb1ae,2026-09-18T00:15:00Z,Buffalo Bills,Detroit Lions,fanduel,alternate_totals,Over,27.5,1.0
2026-09-17T23:50:50Z,closing,56e8897681915f7ec92baeee952bb1ae,2026-09-18T00:15:00Z,Buffalo Bills,Detroit Lions,fanduel,alternate_totals,Over,28.5,1.0
2026-09-17T23:50:50Z,closing,56e8897681915f7ec92baeee952bb1ae,2026-09-18T00:15:00Z,Buffalo Bills,Detroit Lions,fanduel,alternate_totals,Over,29.5,1.0
2026-09-17T23:50:50Z,closing,56e8897681915f7ec92baeee952bb1ae,2026-09-18T00:15:00Z,Buffalo Bills,Detroit Lions,fanduel,alternate_totals,Over,30.5,1.01
2026-09-17T23:50:50Z,closing,56e8897681915f7ec92baeee952bb1ae,2026-09-18T00:15:00Z,Buffalo Bills,Detroit Lions,fanduel,alternate_totals,Over,31.5,1.01
2026-09-17T23:50:50Z,closing,56e8897681915f7ec92baeee952bb1ae,2026-09-18T00:15:00Z,Buffalo Bills,Detroit Lions,fanduel,alternate_totals,Over,32.5,1.02
2026-09-17T23:50:50Z,closing,56e8897681915f7ec92baeee952bb1ae,2026-09-18T00:15:00Z,Buffalo Bills,Detroit Lions,fanduel,alternate_totals,Over,33.5,1.02
2026-09-17T23:50:50Z,closing,56e8897681915f7ec92baeee952bb1ae,2026-09-18T00:15:00Z,Buffalo Bills,Detroit Lions,fanduel,alternate_totals,Over,34.5,1.03
2026-09-17T23:50:50Z,closing,56e8897681915f7ec92baeee952bb1ae,2026-09-18T00:15:00Z,Buffalo Bills,Detroit Lions,fanduel,alternate_totals,Over,35.5,1.03
2026-09-17T23:50:50Z,closing,56e8897681915f7ec92baeee952bb1ae,2026-09-18T00:15:00Z,Buffalo Bills,Detroit Lions,fanduel,alternate_totals,Over,36.5,1.05
2026-09-17T23:50:50Z,closing,56e8897681915f7ec92baeee952bb1ae,2026-09-18T00:15:00Z,Buffalo Bills,Detroit Lions,fanduel,alternate_totals,Over,37.5,1.06
2026-09-17T23:50:50Z,closing,56e8897681915f7ec92baeee952bb1ae,2026-09-18T00:15:00Z,Buffalo Bills,Detroit Lions,fanduel,alternate_totals,Over,38.5,1.08
2026-09-17T23:50:50Z,closing,56e8897681915f7ec92baeee952bb1ae,2026-09-18T00:15:00Z,Buffalo Bills,Detroit Lions,fanduel,alternate_totals,Over,39.5,1.09
2026-09-17T23:50:50Z,closing,56e8897681915f7ec92baeee952bb1ae,2026-09-18T00:15:00Z,Buffalo Bills,Detroit Lions,fanduel,alternate_totals,Over,40.5,1.11
2026-09-17T23:50:50Z,closing,56e8897681915f7ec92baeee952bb1ae,2026-09-18T00:15:00Z,Buffalo Bills,Detroit Lions,fanduel,alternate_totals,Over,41.5,1.14
2026-09-17T23:50:50Z,closing,56e8897681915f7ec92baeee952bb1ae,2026-09-18T00:15:00Z,Buffalo Bills,Detroit Lions,fanduel,alternate_totals,Over,42.5,1.16
2026-09-17T23:50:50Z,closing,56e8897681915f7ec92baeee952bb1ae,2026-09-18T00:15:00Z,Buffalo Bills,Detroit Lions,fanduel,alternate_totals,Over,43.5,1.19
2026-09-17T23:50:50Z,closing,56e8897681915f7ec92baeee952bb1ae,2026-09-18T00:15:00Z,Buffalo Bills,Detroit Lions,fanduel,alternate_totals,Over,44.5,1.23
2026-09-17T23:50:50Z,closing,56e8897681915f7ec92baeee952bb1ae,2026-09-18T00:15:00Z,Buffalo Bills,Detroit Lions,fanduel,alternate_totals,Over,45.5,1.26
2026-09-17T23:50:50Z,closing,56e8897681915f7ec92baeee952bb1ae,2026-09-18T00:15:00Z,Buffalo Bills,Detroit Lions,fanduel,alternate_totals,Over,46.5,1.29
2026-09-17T23:50:50Z,closing,56e8897681915f7ec92baeee952bb1ae,2026-09-18T00:15:00Z,Buffalo Bills,Detroit Lions,fanduel,alternate_totals,Over,47.5,1.34
2026-09-17T23:50:50Z,closing,56e8897681915f7ec92baeee952bb1ae,2026-09-18T00:15:00Z,Buffalo Bills,Detroit Lions,fanduel,alternate_totals,Over,48.5,1.38
2026-09-17T23:50:50Z,closing,56e8897681915f7ec92baeee952bb1ae,2026-09-18T00:15:00Z,Buffalo Bills,Detroit Lions,fanduel,alternate_totals,Over,49.5,1.44
2026-09-17T23:50:50Z,closing,56e8897681915f7ec92baeee952bb1ae,2026-09-18T00:15:00Z,Buffalo Bills,Detroit Lions,fanduel,alternate_totals,Over,50.5,1.49
2026-09-17T23:50:50Z,closing,56e8897681915f7ec92baeee952bb1ae,2026-09-18T00:15:00Z,Buffalo Bills,Detroit Lions,fanduel,alternate_totals,Over,51.5,1.59
2026-09-17T23:50:50Z,closing,56e8897681915f7ec92baeee952bb1ae,2026-09-18T00:15:00Z,Buffalo Bills,Detroit Lions,fanduel,alternate_totals,Over,52.5,1.67
2026-09-17T23:50:50Z,closing,56e8897681915f7ec92baeee952bb1ae,2026-09-18T00:15:00Z,Buffalo Bills,Detroit Lions,fanduel,alternate_totals,Over,53.5,1.74
2026-09-17T23:50:50Z,closing,56e8897681915f7ec92baeee952bb1ae,2026-09-18T00:15:00Z,Buffalo Bills,Detroit Lions,fanduel,alternate_totals,Over,54.5,1.83
2026-09-17T23:50:50Z,closing,56e8897681915f7ec92baeee952bb1ae,2026-09-18T00:15:00Z,Buffalo Bills,Detroit Lions,fanduel,alternate_totals,Over,55.5,1.98
2026-09-17T23:50:50Z,closing,56e8897681915f7ec92baeee952bb1ae,2026-09-18T00:15:00Z,Buffalo Bills,Detroit Lions,fanduel,alternate_totals,Over,56.5,2.08
2026-09-17T23:50:50Z,closing,56e8897681915f7ec92baeee952bb1ae,2026-09-18T00:15:00Z,Buffalo Bills,Detroit Lions,fanduel,alternate_totals,Over,57.5,2.22
2026-09-17T23:50:50Z,closing,56e8897681915f7ec92baeee952bb1ae,2026-09-18T00:15:00Z,Buffalo Bills,Detroit Lions,fanduel,alternate_totals,Over,58.5,2.4
2026-09-17T23:50:50Z,closing,56e8897681915f7ec92baeee952bb1ae,2026-09-18T00:15:00Z,Buffalo Bills,Detroit Lions,fanduel,alternate_totals,Over,59.5,2.58
2026-09-17T23:50:50Z,closing,56e8897681915f7ec92baeee952bb1ae,2026-09-18T00:15:00Z,Buffalo Bills,Detroit Lions,fanduel,alternate_totals,Over,60.5,2.72
2026-09-17T23:50:50Z,closing,56e8897681915f7ec92baeee952bb1ae,2026-09-18T00:15:00Z,Buffalo Bills,Detroit Lions,fanduel,alternate_totals,Over,61.5,2.96
2026-09-17T23:50:50Z,closing,56e8897681915f7ec92baeee952bb1ae,2026-09-18T00:15:00Z,Buffalo Bills,Detroit Lions,fanduel,alternate_totals,Over,62.5,3.15
2026-09-17T23:50:50Z,closing,56e8897681915f7ec92baeee952bb1ae,2026-09-18T00:15:00Z,Buffalo Bills,Detroit Lions,fanduel,alternate_totals,Over,63.5,3.4
2026-09-17T23:50:50Z,closing,56e8897681915f7ec92baeee952bb1ae,2026-09-18T00:15:00Z,Buffalo Bills,Detroit Lions,fanduel,alternate_totals,Over,64.5,3.6
2026-09-17T23:50:50Z,closing,56e8897681915f7ec92baeee952bb1ae,2026-09-18T00:15:00Z,Buffalo Bills,Detroit Lions,fanduel,alternate_totals,Over,65.5,4.0
2026-09-17T23:50:50Z,closing,56e8897681915f7ec92baeee952bb1ae,2026-09-18T00:15:00Z,Buffalo Bills,Detroit Lions,fanduel,alternate_totals,Over,66.5,4.4
2026-09-17T23:50:50Z,closing,56e8897681915f7ec92baeee952bb1ae,2026-09-18T00:15:00Z,Buffalo Bills,Detroit Lions,fanduel,alternate_totals,Over,67.5,4.6
2026-09-17T23:50:50Z,closing,56e8897681915f7ec92baeee952bb1ae,2026-09-18T00:15:00Z,Buffalo Bills,Detroit Lions,fanduel,alternate_totals,Over,68.5,5.2
2026-09-17T23:50:50Z,closing,56e8897681915f7ec92baeee952bb1ae,2026-09-18T00:15:00Z,Buffalo Bills,Detroit Lions,fanduel,alternate_totals,Over,69.5,5.5
2026-09-17T23:50:50Z,closing,56e8897681915f7ec92baeee952bb1ae,2026-09-18T00:15:00Z,Buffalo Bills,Detroit Lions,fanduel,alternate_totals,Over,70.5,6.0
2026-09-17T23:50:50Z,closing,56e8897681915f7ec92baeee952bb1ae,2026-09-18T00:15:00Z,Buffalo Bills,Detroit Lions,fanduel,alternate_totals,Over,71.5,6.6
2026-09-17T23:50:50Z,closing,56e8897681915f7ec92baeee952bb1ae,2026-09-18T00:15:00Z,Buffalo Bills,Detroit Lions,fanduel,alternate_totals,Over,72.5,7.0
2026-09-17T23:50:50Z,closing,56e8897681915f7ec92baeee952bb1ae,2026-09-18T00:15:00Z,Buffalo Bills,Detroit Lions,fanduel,alternate_totals,Over,73.5,8.0
2026-09-17T23:50:50Z,closing,56e8897681915f7ec92baeee952bb1ae,2026-09-18T00:15:00Z,Buffalo Bills,Detroit Lions,fanduel,alternate_totals,Over,74.5,9.0
2026-09-17T23:50:50Z,closing,56e8897681915f7ec92baeee952bb1ae,2026-09-18T00:15:00Z,Buffalo Bills,Detroit Lions,fanduel,alternate_totals,Over,75.5,9.7
2026-09-17T23:50:50Z,closing,56e8897681915f7ec92baeee952bb1ae,2026-09-18T00:15:00Z,Buffalo Bills,Detroit Lions,fanduel,alternate_totals,Over,76.5,10.0
2026-09-17T23:50:50Z,closing,56e8897681915f7ec92baeee952bb1ae,2026-09-18T00:15:00Z,Buffalo Bills,Detroit Lions,fanduel,alternate_totals,Over,77.5,11.6
2026-09-17T23:50:50Z,closing,56e8897681915f7ec92baeee952bb1ae,2026-09-18T00:15:00Z,Buffalo Bills,Detroit Lions,fanduel,alternate_totals,Over,78.5,12.0
2026-09-17T23:50:50Z,closing,56e8897681915f7ec92baeee952bb1ae,2026-09-18T00:15:00Z,Buffalo Bills,Detroit Lions,fanduel,alternate_totals,Over,79.5,14.0
2026-09-17T23:50:50Z,closing,56e8897681915f7ec92baeee952bb1ae,2026-09-18T00:15:00Z,Buffalo Bills,Detroit Lions,fanduel,alternate_totals,Over,80.5,15.0
2026-09-17T23:50:50Z,closing,56e8897681915f7ec92baeee952bb1ae,2026-09-18T00:15:00Z,Buffalo Bills,Detroit Lions,fanduel,alternate_totals,Over,81.5,16.0
2026-09-17T23:50:50Z,closing,56e8897681915f7ec92baeee952bb1ae,2026-09-18T00:15:00Z,Buffalo Bills,Detroit Lions,fanduel,alternate_totals,Over,82.5,18.0
2026-09-17T23:50:50Z,closing,56e8897681915f7ec92baeee952bb1ae,2026-09-18T00:15:00Z,Buffalo Bills,Detroit Lions,fanduel,alternate_totals,Over,83.5,18.0
2026-09-17T23:50:50Z,closing,56e8897681915f7ec92baeee952bb1ae,2026-09-18T00:15:00Z,Buffalo Bills,Detroit Lions,fanduel,alternate_totals,Under,26.5,36.0
2026-09-17T23:50:50Z,closing,56e8897681915f7ec92baeee952bb1ae,2026-09-18T00:15:00Z,Buffalo Bills,Detroit Lions,fanduel,alternate_totals,Under,27.5,31.0
2026-09-17T23:50:50Z,closing,56e8897681915f7ec92baeee952bb1ae,2026-09-18T00:15:00Z,Buffalo Bills,Detroit Lions,fanduel,alternate_totals,Under,28.5,26.0
2026-09-17T23:50:50Z,closing,56e8897681915f7ec92baeee952bb1ae,2026-09-18T00:15:00Z,Buffalo Bills,Detroit Lions,fanduel,alternate_totals,Under,29.5,21.0
2026-09-17T23:50:50Z,closing,56e8897681915f7ec92baeee952bb1ae,2026-09-18T00:15:00Z,Buffalo Bills,Detroit Lions,fanduel,alternate_totals,Under,30.5,18.0
2026-09-17T23:50:50Z,closing,56e8897681915f7ec92baeee952bb1ae,2026-09-18T00:15:00Z,Buffalo Bills,Detroit Lions,fanduel,alternate_totals,Under,31.5,16.0
2026-09-17T23:50:50Z,closing,56e8897681915f7ec92baeee952bb1ae,2026-09-18T00:15:00Z,Buffalo Bills,Detroit Lions,fanduel,alternate_totals,Under,32.5,15.0
2026-09-17T23:50:50Z,closing,56e8897681915f7ec92baeee952bb1ae,2026-09-18T00:15:00Z,Buffalo Bills,Detroit Lions,fanduel,alternate_totals,Under,33.5,13.0
2026-09-17T23:50:50Z,closing,56e8897681915f7ec92baeee952bb1ae,2026-09-18T00:15:00Z,Buffalo Bills,Detroit Lions,fanduel,alternate_totals,Under,34.5,11.6
2026-09-17T23:50:50Z,closing,56e8897681915f7ec92baeee952bb1ae,2026-09-18T00:15:00Z,Buffalo Bills,Detroit Lions,fanduel,alternate_totals,Under,35.5,11.0
2026-09-17T23:50:50Z,closing,56e8897681915f7ec92baeee952bb1ae,2026-09-18T00:15:00Z,Buffalo Bills,Detroit Lions,fanduel,alternate_totals,Under,36.5,9.7
2026-09-17T23:50:50Z,closing,56e8897681915f7ec92baeee952bb1ae,2026-09-18T00:15:00Z,Buffalo Bills,Detroit Lions,fanduel,alternate_totals,Under,37.5,8.5
2026-09-17T23:50:50Z,closing,56e8897681915f7ec92baeee952bb1ae,2026-09-18T00:15:00Z,Buffalo Bills,Detroit Lions,fanduel,alternate_totals,Under,38.5,7.3
2026-09-17T23:50:50Z,closing,56e8897681915f7ec92baeee952bb1ae,2026-09-18T00:15:00Z,Buffalo Bills,Detroit Lions,fanduel,alternate_totals,Under,39.5,7.0
2026-09-17T23:50:50Z,closing,56e8897681915f7ec92baeee952bb1ae,2026-09-18T00:15:00Z,Buffalo Bills,Detroit Lions,fanduel,alternate_totals,Under,40.5,6.2
2026-09-17T23:50:50Z,closing,56e8897681915f7ec92baeee952bb1ae,2026-09-18T00:15:00Z,Buffalo Bills,Detroit Lions,fanduel,alternate_totals,Under,41.5,5.4
2026-09-17T23:50:50Z,closing,56e8897681915f7ec92baeee952bb1ae,2026-09-18T00:15:00Z,Buffalo Bills,Detroit Lions,fanduel,alternate_totals,Under,42.5,5.0
2026-09-17T23:50:50Z,closing,56e8897681915f7ec92baeee952bb1ae,2026-09-18T00:15:00Z,Buffalo Bills,Detroit Lions,fanduel,alternate_totals,Under,43.5,4.5
2026-09-17T23:50:50Z,closing,56e8897681915f7ec92baeee952bb1ae,2026-09-18T00:15:00Z,Buffalo Bills,Detroit Lions,fanduel,alternate_totals,Under,44.5,4.0
2026-09-17T23:50:50Z,closing,56e8897681915f7ec92baeee952bb1ae,2026-09-18T00:15:00Z,Buffalo Bills,Detroit Lions,fanduel,alternate_totals,Under,45.5,3.8
2026-09-17T23:50:50Z,closing,56e8897681915f7ec92baeee952bb1ae,2026-09-18T00:15:00Z,Buffalo Bills,Detroit Lions,fanduel,alternate_totals,Under,46.5,3.5
2026-09-17T23:50:50Z,closing,56e8897681915f7ec92baeee952bb1ae,2026-09-18T00:15:00Z,Buffalo Bills,Detroit Lions,fanduel,alternate_totals,Under,47.5,3.2
2026-09-17T23:50:50Z,closing,56e8897681915f7ec92baeee952bb1ae,2026-09-18T00:15:00Z,Buffalo Bills,Detroit Lions,fanduel,alternate_totals,Under,48.5,2.96
2026-09-17T23:50:50Z,closing,56e8897681915f7ec92baeee952bb1ae,2026-09-18T00:15:00Z,Buffalo Bills,Detroit Lions,fanduel,alternate_totals,Under,49.5,2.72
2026-09-17T23:50:50Z,closing,56e8897681915f7ec92baeee952bb1ae,2026-09-18T00:15:00Z,Buffalo Bills,Detroit Lions,fanduel,alternate_totals,Under,50.5,2.54
2026-09-17T23:50:50Z,closing,56e8897681915f7ec92baeee952bb1ae,2026-09-18T00:15:00Z,Buffalo Bills,Detroit Lions,fanduel,alternate_totals,Under,51.5,2.32
2026-09-17T23:50:50Z,closing,56e8897681915f7ec92baeee952bb1ae,2026-09-18T00:15:00Z,Buffalo Bills,Detroit Lions,fanduel,alternate_totals,Under,52.5,2.18
2026-09-17T23:50:50Z,closing,56e8897681915f7ec92baeee952bb1ae,2026-09-18T00:15:00Z,Buffalo Bills,Detroit Lions,fanduel,alternate_totals,Under,53.5,2.06
2026-09-17T23:50:50Z,closing,56e8897681915f7ec92baeee952bb1ae,2026-09-18T00:15:00Z,Buffalo Bills,Detroit Lions,fanduel,alternate_totals,Under,54.5,1.94
2026-09-17T23:50:50Z,closing,56e8897681915f7ec92baeee952bb1ae,2026-09-18T00:15:00Z,Buffalo Bills,Detroit Lions,fanduel,alternate_totals,Under,55.5,1.8
2026-09-17T23:50:50Z,closing,56e8897681915f7ec92baeee952bb1ae,2026-09-18T00:15:00Z,Buffalo Bills,Detroit Lions,fanduel,alternate_totals,Under,56.5,1.72
2026-09-17T23:50:50Z,closing,56e8897681915f7ec92baeee952bb1ae,2026-09-18T00:15:00Z,Buffalo Bills,Detroit Lions,fanduel,alternate_totals,Under,57.5,1.64
2026-09-17T23:50:50Z,closing,56e8897681915f7ec92baeee952bb1ae,2026-09-18T00:15:00Z,Buffalo Bills,Detroit Lions,fanduel,alternate_totals,Under,58.5,1.56
2026-09-17T23:50:50Z,closing,56e8897681915f7ec92baeee952bb1ae,2026-09-18T00:15:00Z,Buffalo Bills,Detroit Lions,fanduel,alternate_totals,Under,59.5,1.49
2026-09-17T23:50:50Z,closing,56e8897681915f7ec92baeee952bb1ae,2026-09-18T00:15:00Z,Buffalo Bills,Detroit Lions,fanduel,alternate_totals,Under,60.5,1.44
2026-09-17T23:50:50Z,closing,56e8897681915f7ec92baeee952bb1ae,2026-09-18T00:15:00Z,Buffalo Bills,Detroit Lions,fanduel,alternate_totals,Under,61.5,1.38
2026-09-17T23:50:50Z,closing,56e8897681915f7ec92baeee952bb1ae,2026-09-18T00:15:00Z,Buffalo Bills,Detroit Lions,fanduel,alternate_totals,Under,62.5,1.34
2026-09-17T23:50:50Z,closing,56e8897681915f7ec92baeee952bb1ae,2026-09-18T00:15:00Z,Buffalo Bills,Detroit Lions,fanduel,alternate_totals,Under,63.5,1.3
2026-09-17T23:50:50Z,closing,56e8897681915f7ec92baeee952bb1ae,2026-09-18T00:15:00Z,Buffalo Bills,Detroit Lions,fanduel,alternate_totals,Under,64.5,1.28
2026-09-17T23:50:50Z,closing,56e8897681915f7ec92baeee952bb1ae,2026-09-18T00:15:00Z,Buffalo Bills,Detroit Lions,fanduel,alternate_totals,Under,65.5,1.23
2026-09-17T23:50:50Z,closing,56e8897681915f7ec92baeee952bb1ae,2026-09-18T00:15:00Z,Buffalo Bills,Detroit Lions,fanduel,alternate_totals,Under,66.5,1.2
2026-09-17T23:50:50Z,closing,56e8897681915f7ec92baeee952bb1ae,2026-09-18T00:15:00Z,Buffalo Bills,Detroit Lions,fanduel,alternate_totals,Under,67.5,1.19
2026-09-17T23:50:50Z,closing,56e8897681915f7ec92baeee952bb1ae,2026-09-18T00:15:00Z,Buffalo Bills,Detroit Lions,fanduel,alternate_totals,Under,68.5,1.15
2026-09-17T23:50:50Z,closing,56e8897681915f7ec92baeee952bb1ae,2026-09-18T00:15:00Z,Buffalo Bills,Detroit Lions,fanduel,alternate_totals,Under,69.5,1.14
2026-09-17T23:50:50Z,closing,56e8897681915f7ec92baeee952bb1ae,2026-09-18T00:15:00Z,Buffalo Bills,Detroit Lions,fanduel,alternate_totals,Under,70.5,1.12
2026-09-17T23:50:50Z,closing,56e8897681915f7ec92baeee952bb1ae,2026-09-18T00:15:00Z,Buffalo Bills,Detroit Lions,fanduel,alternate_totals,Under,71.5,1.1
2026-09-17T23:50:50Z,closing,56e8897681915f7ec92baeee952bb1ae,2026-09-18T00:15:00Z,Buffalo Bills,Detroit Lions,fanduel,alternate_totals,Under,72.5,1.09
2026-09-17T23:50:50Z,closing,56e8897681915f7ec92baeee952bb1ae,2026-09-18T00:15:00Z,Buffalo Bills,Detroit Lions,fanduel,alternate_totals,Under,73.5,1.07
2026-09-17T23:50:50Z,closing,56e8897681915f7ec92baeee952bb1ae,2026-09-18T00:15:00Z,Buffalo Bills,Detroit Lions,fanduel,alternate_totals,Under,74.5,1.06
2026-09-17T23:50:50Z,closing,56e8897681915f7ec92baeee952bb1ae,2026-09-18T00:15:00Z,Buffalo Bills,Detroit Lions,fanduel,alternate_totals,Under,75.5,1.05
2026-09-17T23:50:50Z,closing,56e8897681915f7ec92baeee952bb1ae,2026-09-18T00:15:00Z,Buffalo Bills,Detroit Lions,fanduel,alternate_totals,Under,76.5,1.04
2026-09-17T23:50:50Z,closing,56e8897681915f7ec92baeee952bb1ae,2026-09-18T00:15:00Z,Buffalo Bills,Detroit Lions,fanduel,alternate_totals,Under,77.5,1.03
2026-09-17T23:50:50Z,closing,56e8897681915f7ec92baeee952bb1ae,2026-09-18T00:15:00Z,Buffalo Bills,Detroit Lions,fanduel,alternate_totals,Under,78.5,1.02
2026-09-17T23:50:50Z,closing,56e8897681915f7ec92baeee952bb1ae,2026-09-18T00:15:00Z,Buffalo Bills,Detroit Lions,fanduel,alternate_totals,Under,79.5,1.02
2026-09-17T23:50:50Z,closing,56e8897681915f7ec92baeee952bb1ae,2026-09-18T00:15:00Z,Buffalo Bills,Detroit Lions,fanduel,alternate_totals,Under,80.5,1.02
2026-09-17T23:50:50Z,closing,56e8897681915f7ec92baeee952bb1ae,2026-09-18T00:15:00Z,Buffalo Bills,Detroit Lions,fanduel,alternate_totals,Under,81.5,1.01
2026-09-17T23:50:50Z,closing,56e8897681915f7ec92baeee952bb1ae,2026-09-18T00:15:00Z,Buffalo Bills,Detroit Lions,fanduel,alternate_totals,Under,82.5,1.01
2026-09-17T23:50:50Z,closing,56e8897681915f7ec92baeee952bb1ae,2026-09-18T00:15:00Z,Buffalo Bills,Detroit Lions,fanduel,alternate_totals,Under,83.5,1.01
2026-09-17T23:50:50Z,closing,56e8897681915f7ec92baeee952bb1ae,2026-09-18T00:15:00Z,Buffalo Bills,Detroit Lions,betmgm,alternate_spreads,Buffalo Bills,-4.0,1.74
2026-09-17T23:50:50Z,closing,56e8897681915f7ec92baeee952bb1ae,2026-09-18T00:15:00Z,Buffalo Bills,Detroit Lions,betmgm,alternate_spreads,Buffalo Bills,-4.5,1.8
2026-09-17T23:50:50Z,closing,56e8897681915f7ec92baeee952bb1ae,2026-09-18T00:15:00Z,Buffalo Bills,Detroit Lions,betmgm,alternate_spreads,Buffalo Bills,-3.5,1.71
2026-09-17T23:50:50Z,closing,56e8897681915f7ec92baeee952bb1ae,2026-09-18T00:15:00Z,Buffalo Bills,Detroit Lions,betmgm,alternate_spreads,Buffalo Bills,-6.0,1.95
2026-09-17T23:50:50Z,closing,56e8897681915f7ec92baeee952bb1ae,2026-09-18T00:15:00Z,Buffalo Bills,Detroit Lions,betmgm,alternate_spreads,Buffalo Bills,-3.0,1.57
2026-09-17T23:50:50Z,closing,56e8897681915f7ec92baeee952bb1ae,2026-09-18T00:15:00Z,Buffalo Bills,Detroit Lions,betmgm,alternate_spreads,Buffalo Bills,-5.5,1.98
2026-09-17T23:50:50Z,closing,56e8897681915f7ec92baeee952bb1ae,2026-09-18T00:15:00Z,Buffalo Bills,Detroit Lions,betmgm,alternate_spreads,Buffalo Bills,-2.5,1.5
2026-09-17T23:50:50Z,closing,56e8897681915f7ec92baeee952bb1ae,2026-09-18T00:15:00Z,Buffalo Bills,Detroit Lions,betmgm,alternate_spreads,Buffalo Bills,-6.5,2.05
2026-09-17T23:50:50Z,closing,56e8897681915f7ec92baeee952bb1ae,2026-09-18T00:15:00Z,Buffalo Bills,Detroit Lions,betmgm,alternate_spreads,Buffalo Bills,-7.0,2.2
2026-09-17T23:50:50Z,closing,56e8897681915f7ec92baeee952bb1ae,2026-09-18T00:15:00Z,Buffalo Bills,Detroit Lions,betmgm,alternate_spreads,Buffalo Bills,-7.5,2.35
2026-09-17T23:50:50Z,closing,56e8897681915f7ec92baeee952bb1ae,2026-09-18T00:15:00Z,Buffalo Bills,Detroit Lions,betmgm,alternate_spreads,Buffalo Bills,-1.5,1.45
2026-09-17T23:50:50Z,closing,56e8897681915f7ec92baeee952bb1ae,2026-09-18T00:15:00Z,Buffalo Bills,Detroit Lions,betmgm,alternate_spreads,Buffalo Bills,-2.0,1.48
2026-09-17T23:50:50Z,closing,56e8897681915f7ec92baeee952bb1ae,2026-09-18T00:15:00Z,Buffalo Bills,Detroit Lions,betmgm,alternate_spreads,Buffalo Bills,-8.0,2.5
2026-09-17T23:50:50Z,closing,56e8897681915f7ec92baeee952bb1ae,2026-09-18T00:15:00Z,Buffalo Bills,Detroit Lions,betmgm,alternate_spreads,Buffalo Bills,-1.0,1.43
2026-09-17T23:50:50Z,closing,56e8897681915f7ec92baeee952bb1ae,2026-09-18T00:15:00Z,Buffalo Bills,Detroit Lions,betmgm,alternate_spreads,Buffalo Bills,-8.5,2.55
2026-09-17T23:50:50Z,closing,56e8897681915f7ec92baeee952bb1ae,2026-09-18T00:15:00Z,Buffalo Bills,Detroit Lions,betmgm,alternate_spreads,Buffalo Bills,-9.0,2.6
2026-09-17T23:50:50Z,closing,56e8897681915f7ec92baeee952bb1ae,2026-09-18T00:15:00Z,Buffalo Bills,Detroit Lions,betmgm,alternate_spreads,Buffalo Bills,-9.5,2.6
2026-09-17T23:50:50Z,closing,56e8897681915f7ec92baeee952bb1ae,2026-09-18T00:15:00Z,Buffalo Bills,Detroit Lions,betmgm,alternate_spreads,Buffalo Bills,-10.0,2.8
2026-09-17T23:50:50Z,closing,56e8897681915f7ec92baeee952bb1ae,2026-09-18T00:15:00Z,Buffalo Bills,Detroit Lions,betmgm,alternate_spreads,Buffalo Bills,1.0,1.35
2026-09-17T23:50:50Z,closing,56e8897681915f7ec92baeee952bb1ae,2026-09-18T00:15:00Z,Buffalo Bills,Detroit Lions,betmgm,alternate_spreads,Buffalo Bills,-10.5,2.9
2026-09-17T23:50:50Z,closing,56e8897681915f7ec92baeee952bb1ae,2026-09-18T00:15:00Z,Buffalo Bills,Detroit Lions,betmgm,alternate_spreads,Buffalo Bills,1.5,1.34
2026-09-17T23:50:50Z,closing,56e8897681915f7ec92baeee952bb1ae,2026-09-18T00:15:00Z,Buffalo Bills,Detroit Lions,betmgm,alternate_spreads,Buffalo Bills,2.0,1.31
2026-09-17T23:50:50Z,closing,56e8897681915f7ec92baeee952bb1ae,2026-09-18T00:15:00Z,Buffalo Bills,Detroit Lions,betmgm,alternate_spreads,Buffalo Bills,-11.0,3.1
2026-09-17T23:50:50Z,closing,56e8897681915f7ec92baeee952bb1ae,2026-09-18T00:15:00Z,Buffalo Bills,Detroit Lions,betmgm,alternate_spreads,Buffalo Bills,-11.5,3.1
2026-09-17T23:50:50Z,closing,56e8897681915f7ec92baeee952bb1ae,2026-09-18T00:15:00Z,Buffalo Bills,Detroit Lions,betmgm,alternate_spreads,Buffalo Bills,2.5,1.31
2026-09-17T23:50:50Z,closing,56e8897681915f7ec92baeee952bb1ae,2026-09-18T00:15:00Z,Buffalo Bills,Detroit Lions,betmgm,alternate_spreads,Buffalo Bills,-12.0,3.2
2026-09-17T23:50:50Z,closing,56e8897681915f7ec92baeee952bb1ae,2026-09-18T00:15:00Z,Buffalo Bills,Detroit Lions,betmgm,alternate_spreads,Buffalo Bills,3.0,1.22
2026-09-17T23:50:50Z,closing,56e8897681915f7ec92baeee952bb1ae,2026-09-18T00:15:00Z,Buffalo Bills,Detroit Lions,betmgm,alternate_spreads,Buffalo Bills,-12.5,3.25
2026-09-17T23:50:50Z,closing,56e8897681915f7ec92baeee952bb1ae,2026-09-18T00:15:00Z,Buffalo Bills,Detroit Lions,betmgm,alternate_spreads,Buffalo Bills,-13.0,3.4
2026-09-17T23:50:50Z,closing,56e8897681915f7ec92baeee952bb1ae,2026-09-18T00:15:00Z,Buffalo Bills,Detroit Lions,betmgm,alternate_spreads,Buffalo Bills,3.5,1.2
2026-09-17T23:50:50Z,closing,56e8897681915f7ec92baeee952bb1ae,2026-09-18T00:15:00Z,Buffalo Bills,Detroit Lions,betmgm,alternate_spreads,Buffalo Bills,4.0,1.18
2026-09-17T23:50:50Z,closing,56e8897681915f7ec92baeee952bb1ae,2026-09-18T00:15:00Z,Buffalo Bills,Detroit Lions,betmgm,alternate_spreads,Buffalo Bills,4.5,1.17
2026-09-17T23:50:50Z,closing,56e8897681915f7ec92baeee952bb1ae,2026-09-18T00:15:00Z,Buffalo Bills,Detroit Lions,betmgm,alternate_spreads,Buffalo Bills,-13.5,3.5
2026-09-17T23:50:50Z,closing,56e8897681915f7ec92baeee952bb1ae,2026-09-18T00:15:00Z,Buffalo Bills,Detroit Lions,betmgm,alternate_spreads,Buffalo Bills,-14.0,3.8
2026-09-17T23:50:50Z,closing,56e8897681915f7ec92baeee952bb1ae,2026-09-18T00:15:00Z,Buffalo Bills,Detroit Lions,betmgm,alternate_spreads,Buffalo Bills,5.0,1.16
2026-09-17T23:50:50Z,closing,56e8897681915f7ec92baeee952bb1ae,2026-09-18T00:15:00Z,Buffalo Bills,Detroit Lions,betmgm,alternate_spreads,Buffalo Bills,-14.5,3.9
2026-09-17T23:50:50Z,closing,56e8897681915f7ec92baeee952bb1ae,2026-09-18T00:15:00Z,Buffalo Bills,Detroit Lions,betmgm,alternate_spreads,Buffalo Bills,5.5,1.15
2026-09-17T23:50:50Z,closing,56e8897681915f7ec92baeee952bb1ae,2026-09-18T00:15:00Z,Buffalo Bills,Detroit Lions,betmgm,alternate_spreads,Buffalo Bills,-15.0,4.1
2026-09-17T23:50:50Z,closing,56e8897681915f7ec92baeee952bb1ae,2026-09-18T00:15:00Z,Buffalo Bills,Detroit Lions,betmgm,alternate_spreads,Buffalo Bills,-15.5,4.2
2026-09-17T23:50:50Z,closing,56e8897681915f7ec92baeee952bb1ae,2026-09-18T00:15:00Z,Buffalo Bills,Detroit Lions,betmgm,alternate_spreads,Buffalo Bills,-16.0,4.4
2026-09-17T23:50:50Z,closing,56e8897681915f7ec92baeee952bb1ae,2026-09-18T00:15:00Z,Buffalo Bills,Detroit Lions,betmgm,alternate_spreads,Detroit Lions,4.0,2.0
2026-09-17T23:50:50Z,closing,56e8897681915f7ec92baeee952bb1ae,2026-09-18T00:15:00Z,Buffalo Bills,Detroit Lions,betmgm,alternate_spreads,Detroit Lions,4.5,1.93
2026-09-17T23:50:50Z,closing,56e8897681915f7ec92baeee952bb1ae,2026-09-18T00:15:00Z,Buffalo Bills,Detroit Lions,betmgm,alternate_spreads,Detroit Lions,3.5,2.05
2026-09-17T23:50:50Z,closing,56e8897681915f7ec92baeee952bb1ae,2026-09-18T00:15:00Z,Buffalo Bills,Detroit Lions,betmgm,alternate_spreads,Detroit Lions,6.0,1.77
2026-09-17T23:50:50Z,closing,56e8897681915f7ec92baeee952bb1ae,2026-09-18T00:15:00Z,Buffalo Bills,Detroit Lions,betmgm,alternate_spreads,Detroit Lions,3.0,2.3
2026-09-17T23:50:50Z,closing,56e8897681915f7ec92baeee952bb1ae,2026-09-18T00:15:00Z,Buffalo Bills,Detroit Lions,betmgm,alternate_spreads,Detroit Lions,5.5,1.93
2026-09-17T23:50:50Z,closing,56e8897681915f7ec92baeee952bb1ae,2026-09-18T00:15:00Z,Buffalo Bills,Detroit Lions,betmgm,alternate_spreads,Detroit Lions,2.5,2.45
2026-09-17T23:50:50Z,closing,56e8897681915f7ec92baeee952bb1ae,2026-09-18T00:15:00Z,Buffalo Bills,Detroit Lions,betmgm,alternate_spreads,Detroit Lions,6.5,1.74
2026-09-17T23:50:50Z,closing,56e8897681915f7ec92baeee952bb1ae,2026-09-18T00:15:00Z,Buffalo Bills,Detroit Lions,betmgm,alternate_spreads,Detroit Lions,7.0,1.62
2026-09-17T23:50:50Z,closing,56e8897681915f7ec92baeee952bb1ae,2026-09-18T00:15:00Z,Buffalo Bills,Detroit Lions,betmgm,alternate_spreads,Detroit Lions,7.5,1.54
2026-09-17T23:50:50Z,closing,56e8897681915f7ec92baeee952bb1ae,2026-09-18T00:15:00Z,Buffalo Bills,Detroit Lions,betmgm,alternate_spreads,Detroit Lions,1.5,2.6
2026-09-17T23:50:50Z,closing,56e8897681915f7ec92baeee952bb1ae,2026-09-18T00:15:00Z,Buffalo Bills,Detroit Lions,betmgm,alternate_spreads,Detroit Lions,2.0,2.55
2026-09-17T23:50:50Z,closing,56e8897681915f7ec92baeee952bb1ae,2026-09-18T00:15:00Z,Buffalo Bills,Detroit Lions,betmgm,alternate_spreads,Detroit Lions,8.0,1.5
2026-09-17T23:50:50Z,closing,56e8897681915f7ec92baeee952bb1ae,2026-09-18T00:15:00Z,Buffalo Bills,Detroit Lions,betmgm,alternate_spreads,Detroit Lions,1.0,2.8
2026-09-17T23:50:50Z,closing,56e8897681915f7ec92baeee952bb1ae,2026-09-18T00:15:00Z,Buffalo Bills,Detroit Lions,betmgm,alternate_spreads,Detroit Lions,8.5,1.48
2026-09-17T23:50:50Z,closing,56e8897681915f7ec92baeee952bb1ae,2026-09-18T00:15:00Z,Buffalo Bills,Detroit Lions,betmgm,alternate_spreads,Detroit Lions,9.0,1.45
2026-09-17T23:50:50Z,closing,56e8897681915f7ec92baeee952bb1ae,2026-09-18T00:15:00Z,Buffalo Bills,Detroit Lions,betmgm,alternate_spreads,Detroit Lions,9.5,1.45
2026-09-17T23:50:50Z,closing,56e8897681915f7ec92baeee952bb1ae,2026-09-18T00:15:00Z,Buffalo Bills,Detroit Lions,betmgm,alternate_spreads,Detroit Lions,10.0,1.43
2026-09-17T23:50:50Z,closing,56e8897681915f7ec92baeee952bb1ae,2026-09-18T00:15:00Z,Buffalo Bills,Detroit Lions,betmgm,alternate_spreads,Detroit Lions,-1.0,3.1
2026-09-17T23:50:50Z,closing,56e8897681915f7ec92baeee952bb1ae,2026-09-18T00:15:00Z,Buffalo Bills,Detroit Lions,betmgm,alternate_spreads,Detroit Lions,10.5,1.4
2026-09-17T23:50:50Z,closing,56e8897681915f7ec92baeee952bb1ae,2026-09-18T00:15:00Z,Buffalo Bills,Detroit Lions,betmgm,alternate_spreads,Detroit Lions,-1.5,3.2
2026-09-17T23:50:50Z,closing,56e8897681915f7ec92baeee952bb1ae,2026-09-18T00:15:00Z,Buffalo Bills,Detroit Lions,betmgm,alternate_spreads,Detroit Lions,-2.0,3.3
2026-09-17T23:50:50Z,closing,56e8897681915f7ec92baeee952bb1ae,2026-09-18T00:15:00Z,Buffalo Bills,Detroit Lions,betmgm,alternate_spreads,Detroit Lions,11.0,1.35
2026-09-17T23:50:50Z,closing,56e8897681915f7ec92baeee952bb1ae,2026-09-18T00:15:00Z,Buffalo Bills,Detroit Lions,betmgm,alternate_spreads,Detroit Lions,11.5,1.34
2026-09-17T23:50:50Z,closing,56e8897681915f7ec92baeee952bb1ae,2026-09-18T00:15:00Z,Buffalo Bills,Detroit Lions,betmgm,alternate_spreads,Detroit Lions,-2.5,3.4
2026-09-17T23:50:50Z,closing,56e8897681915f7ec92baeee952bb1ae,2026-09-18T00:15:00Z,Buffalo Bills,Detroit Lions,betmgm,alternate_spreads,Detroit Lions,12.0,1.33
2026-09-17T23:50:50Z,closing,56e8897681915f7ec92baeee952bb1ae,2026-09-18T00:15:00Z,Buffalo Bills,Detroit Lions,betmgm,alternate_spreads,Detroit Lions,-3.0,4.1
2026-09-17T23:50:50Z,closing,56e8897681915f7ec92baeee952bb1ae,2026-09-18T00:15:00Z,Buffalo Bills,Detroit Lions,betmgm,alternate_spreads,Detroit Lions,12.5,1.33
2026-09-17T23:50:50Z,closing,56e8897681915f7ec92baeee952bb1ae,2026-09-18T00:15:00Z,Buffalo Bills,Detroit Lions,betmgm,alternate_spreads,Detroit Lions,13.0,1.31
2026-09-17T23:50:50Z,closing,56e8897681915f7ec92baeee952bb1ae,2026-09-18T00:15:00Z,Buffalo Bills,Detroit Lions,betmgm,alternate_spreads,Detroit Lions,-3.5,4.33
2026-09-17T23:50:50Z,closing,56e8897681915f7ec92baeee952bb1ae,2026-09-18T00:15:00Z,Buffalo Bills,Detroit Lions,betmgm,alternate_spreads,Detroit Lions,-4.0,4.75
2026-09-17T23:50:50Z,closing,56e8897681915f7ec92baeee952bb1ae,2026-09-18T00:15:00Z,Buffalo Bills,Detroit Lions,betmgm,alternate_spreads,Detroit Lions,-4.5,4.8
2026-09-17T23:50:50Z,closing,56e8897681915f7ec92baeee952bb1ae,2026-09-18T00:15:00Z,Buffalo Bills,Detroit Lions,betmgm,alternate_spreads,Detroit Lions,13.5,1.29
2026-09-17T23:50:50Z,closing,56e8897681915f7ec92baeee952bb1ae,2026-09-18T00:15:00Z,Buffalo Bills,Detroit Lions,betmgm,alternate_spreads,Detroit Lions,14.0,1.25
2026-09-17T23:50:50Z,closing,56e8897681915f7ec92baeee952bb1ae,2026-09-18T00:15:00Z,Buffalo Bills,Detroit Lions,betmgm,alternate_spreads,Detroit Lions,-5.0,5.25
2026-09-17T23:50:50Z,closing,56e8897681915f7ec92baeee952bb1ae,2026-09-18T00:15:00Z,Buffalo Bills,Detroit Lions,betmgm,alternate_spreads,Detroit Lions,14.5,1.24
2026-09-17T23:50:50Z,closing,56e8897681915f7ec92baeee952bb1ae,2026-09-18T00:15:00Z,Buffalo Bills,Detroit Lions,betmgm,alternate_spreads,Detroit Lions,-5.5,5.25
2026-09-17T23:50:50Z,closing,56e8897681915f7ec92baeee952bb1ae,2026-09-18T00:15:00Z,Buffalo Bills,Detroit Lions,betmgm,alternate_spreads,Detroit Lions,15.0,1.22
2026-09-17T23:50:50Z,closing,56e8897681915f7ec92baeee952bb1ae,2026-09-18T00:15:00Z,Buffalo Bills,Detroit Lions,betmgm,alternate_spreads,Detroit Lions,15.5,1.22
2026-09-17T23:50:50Z,closing,56e8897681915f7ec92baeee952bb1ae,2026-09-18T00:15:00Z,Buffalo Bills,Detroit Lions,betmgm,alternate_spreads,Detroit Lions,16.0,1.2
2026-09-17T23:50:50Z,closing,56e8897681915f7ec92baeee952bb1ae,2026-09-18T00:15:00Z,Buffalo Bills,Detroit Lions,betmgm,alternate_totals,Over,53.5,1.74
2026-09-17T23:50:50Z,closing,56e8897681915f7ec92baeee952bb1ae,2026-09-18T00:15:00Z,Buffalo Bills,Detroit Lions,betmgm,alternate_totals,Over,53.0,1.69
2026-09-17T23:50:50Z,closing,56e8897681915f7ec92baeee952bb1ae,2026-09-18T00:15:00Z,Buffalo Bills,Detroit Lions,betmgm,alternate_totals,Over,54.0,1.77
2026-09-17T23:50:50Z,closing,56e8897681915f7ec92baeee952bb1ae,2026-09-18T00:15:00Z,Buffalo Bills,Detroit Lions,betmgm,alternate_totals,Over,54.5,1.89
2026-09-17T23:50:50Z,closing,56e8897681915f7ec92baeee952bb1ae,2026-09-18T00:15:00Z,Buffalo Bills,Detroit Lions,betmgm,alternate_totals,Over,55.0,1.91
2026-09-17T23:50:50Z,closing,56e8897681915f7ec92baeee952bb1ae,2026-09-18T00:15:00Z,Buffalo Bills,Detroit Lions,betmgm,alternate_totals,Over,55.5,1.98
2026-09-17T23:50:50Z,closing,56e8897681915f7ec92baeee952bb1ae,2026-09-18T00:15:00Z,Buffalo Bills,Detroit Lions,betmgm,alternate_totals,Over,52.5,1.67
2026-09-17T23:50:50Z,closing,56e8897681915f7ec92baeee952bb1ae,2026-09-18T00:15:00Z,Buffalo Bills,Detroit Lions,betmgm,alternate_totals,Over,56.0,2.0
2026-09-17T23:50:50Z,closing,56e8897681915f7ec92baeee952bb1ae,2026-09-18T00:15:00Z,Buffalo Bills,Detroit Lions,betmgm,alternate_totals,Over,52.0,1.62
2026-09-17T23:50:50Z,closing,56e8897681915f7ec92baeee952bb1ae,2026-09-18T00:15:00Z,Buffalo Bills,Detroit Lions,betmgm,alternate_totals,Over,56.5,2.05
2026-09-17T23:50:50Z,closing,56e8897681915f7ec92baeee952bb1ae,2026-09-18T00:15:00Z,Buffalo Bills,Detroit Lions,betmgm,alternate_totals,Over,51.5,1.61
2026-09-17T23:50:50Z,closing,56e8897681915f7ec92baeee952bb1ae,2026-09-18T00:15:00Z,Buffalo Bills,Detroit Lions,betmgm,alternate_totals,Over,57.0,2.15
2026-09-17T23:50:50Z,closing,56e8897681915f7ec92baeee952bb1ae,2026-09-18T00:15:00Z,Buffalo Bills,Detroit Lions,betmgm,alternate_totals,Over,51.0,1.53
2026-09-17T23:50:50Z,closing,56e8897681915f7ec92baeee952bb1ae,2026-09-18T00:15:00Z,Buffalo Bills,Detroit Lions,betmgm,alternate_totals,Over,57.5,2.2
2026-09-17T23:50:50Z,closing,56e8897681915f7ec92baeee952bb1ae,2026-09-18T00:15:00Z,Buffalo Bills,Detroit Lions,betmgm,alternate_totals,Over,50.5,1.5
2026-09-17T23:50:50Z,closing,56e8897681915f7ec92baeee952bb1ae,2026-09-18T00:15:00Z,Buffalo Bills,Detroit Lions,betmgm,alternate_totals,Over,58.0,2.3
2026-09-17T23:50:50Z,closing,56e8897681915f7ec92baeee952bb1ae,2026-09-18T00:15:00Z,Buffalo Bills,Detroit Lions,betmgm,alternate_totals,Over,50.0,1.45
2026-09-17T23:50:50Z,closing,56e8897681915f7ec92baeee952bb1ae,2026-09-18T00:15:00Z,Buffalo Bills,Detroit Lions,betmgm,alternate_totals,Over,49.5,1.44
2026-09-17T23:50:50Z,closing,56e8897681915f7ec92baeee952bb1ae,2026-09-18T00:15:00Z,Buffalo Bills,Detroit Lions,betmgm,alternate_totals,Over,58.5,2.38
2026-09-17T23:50:50Z,closing,56e8897681915f7ec92baeee952bb1ae,2026-09-18T00:15:00Z,Buffalo Bills,Detroit Lions,betmgm,alternate_totals,Over,49.0,1.43
2026-09-17T23:50:50Z,closing,56e8897681915f7ec92baeee952bb1ae,2026-09-18T00:15:00Z,Buffalo Bills,Detroit Lions,betmgm,alternate_totals,Over,59.0,2.5
2026-09-17T23:50:50Z,closing,56e8897681915f7ec92baeee952bb1ae,2026-09-18T00:15:00Z,Buffalo Bills,Detroit Lions,betmgm,alternate_totals,Over,60.0,2.65
2026-09-17T23:50:50Z,closing,56e8897681915f7ec92baeee952bb1ae,2026-09-18T00:15:00Z,Buffalo Bills,Detroit Lions,betmgm,alternate_totals,Over,59.5,2.55
2026-09-17T23:50:50Z,closing,56e8897681915f7ec92baeee952bb1ae,2026-09-18T00:15:00Z,Buffalo Bills,Detroit Lions,betmgm,alternate_totals,Over,48.5,1.4
2026-09-17T23:50:50Z,closing,56e8897681915f7ec92baeee952bb1ae,2026-09-18T00:15:00Z,Buffalo Bills,Detroit Lions,betmgm,alternate_totals,Over,47.5,1.34
2026-09-17T23:50:50Z,closing,56e8897681915f7ec92baeee952bb1ae,2026-09-18T00:15:00Z,Buffalo Bills,Detroit Lions,betmgm,alternate_totals,Over,60.5,2.65
2026-09-17T23:50:50Z,closing,56e8897681915f7ec92baeee952bb1ae,2026-09-18T00:15:00Z,Buffalo Bills,Detroit Lions,betmgm,alternate_totals,Over,47.0,1.31
2026-09-17T23:50:50Z,closing,56e8897681915f7ec92baeee952bb1ae,2026-09-18T00:15:00Z,Buffalo Bills,Detroit Lions,betmgm,alternate_totals,Over,61.0,2.85
2026-09-17T23:50:50Z,closing,56e8897681915f7ec92baeee952bb1ae,2026-09-18T00:15:00Z,Buffalo Bills,Detroit Lions,betmgm,alternate_totals,Over,48.0,1.36
2026-09-17T23:50:50Z,closing,56e8897681915f7ec92baeee952bb1ae,2026-09-18T00:15:00Z,Buffalo Bills,Detroit Lions,betmgm,alternate_totals,Over,62.0,3.1
2026-09-17T23:50:50Z,closing,56e8897681915f7ec92baeee952bb1ae,2026-09-18T00:15:00Z,Buffalo Bills,Detroit Lions,betmgm,alternate_totals,Over,46.5,1.29
2026-09-17T23:50:50Z,closing,56e8897681915f7ec92baeee952bb1ae,2026-09-18T00:15:00Z,Buffalo Bills,Detroit Lions,betmgm,alternate_totals,Over,61.5,2.95
2026-09-17T23:50:50Z,closing,56e8897681915f7ec92baeee952bb1ae,2026-09-18T00:15:00Z,Buffalo Bills,Detroit Lions,betmgm,alternate_totals,Over,46.0,1.27
2026-09-17T23:50:50Z,closing,56e8897681915f7ec92baeee952bb1ae,2026-09-18T00:15:00Z,Buffalo Bills,Detroit Lions,betmgm,alternate_totals,Over,62.5,3.2
2026-09-17T23:50:50Z,closing,56e8897681915f7ec92baeee952bb1ae,2026-09-18T00:15:00Z,Buffalo Bills,Detroit Lions,betmgm,alternate_totals,Over,45.5,1.25
2026-09-17T23:50:50Z,closing,56e8897681915f7ec92baeee952bb1ae,2026-09-18T00:15:00Z,Buffalo Bills,Detroit Lions,betmgm,alternate_totals,Over,63.0,3.4
2026-09-17T23:50:50Z,closing,56e8897681915f7ec92baeee952bb1ae,2026-09-18T00:15:00Z,Buffalo Bills,Detroit Lions,betmgm,alternate_totals,Over,45.0,1.22
2026-09-17T23:50:50Z,closing,56e8897681915f7ec92baeee952bb1ae,2026-09-18T00:15:00Z,Buffalo Bills,Detroit Lions,betmgm,alternate_totals,Over,44.5,1.22
2026-09-17T23:50:50Z,closing,56e8897681915f7ec92baeee952bb1ae,2026-09-18T00:15:00Z,Buffalo Bills,Detroit Lions,betmgm,alternate_totals,Over,63.5,3.4
2026-09-17T23:50:50Z,closing,56e8897681915f7ec92baeee952bb1ae,2026-09-18T00:15:00Z,Buffalo Bills,Detroit Lions,betmgm,alternate_totals,Over,64.0,3.6
2026-09-17T23:50:50Z,closing,56e8897681915f7ec92baeee952bb1ae,2026-09-18T00:15:00Z,Buffalo Bills,Detroit Lions,betmgm,alternate_totals,Over,64.5,3.7
2026-09-17T23:50:50Z,closing,56e8897681915f7ec92baeee952bb1ae,2026-09-18T00:15:00Z,Buffalo Bills,Detroit Lions,betmgm,alternate_totals,Under,53.5,2.0
2026-09-17T23:50:50Z,closing,56e8897681915f7ec92baeee952bb1ae,2026-09-18T00:15:00Z,Buffalo Bills,Detroit Lions,betmgm,alternate_totals,Under,53.0,2.1
2026-09-17T23:50:50Z,closing,56e8897681915f7ec92baeee952bb1ae,2026-09-18T00:15:00Z,Buffalo Bills,Detroit Lions,betmgm,alternate_totals,Under,54.0,1.95
2026-09-17T23:50:50Z,closing,56e8897681915f7ec92baeee952bb1ae,2026-09-18T00:15:00Z,Buffalo Bills,Detroit Lions,betmgm,alternate_totals,Under,54.5,1.95
2026-09-17T23:50:50Z,closing,56e8897681915f7ec92baeee952bb1ae,2026-09-18T00:15:00Z,Buffalo Bills,Detroit Lions,betmgm,alternate_totals,Under,55.0,1.83
2026-09-17T23:50:50Z,closing,56e8897681915f7ec92baeee952bb1ae,2026-09-18T00:15:00Z,Buffalo Bills,Detroit Lions,betmgm,alternate_totals,Under,55.5,1.77
2026-09-17T23:50:50Z,closing,56e8897681915f7ec92baeee952bb1ae,2026-09-18T00:15:00Z,Buffalo Bills,Detroit Lions,betmgm,alternate_totals,Under,52.5,2.15
2026-09-17T23:50:50Z,closing,56e8897681915f7ec92baeee952bb1ae,2026-09-18T00:15:00Z,Buffalo Bills,Detroit Lions,betmgm,alternate_totals,Under,56.0,1.74
2026-09-17T23:50:50Z,closing,56e8897681915f7ec92baeee952bb1ae,2026-09-18T00:15:00Z,Buffalo Bills,Detroit Lions,betmgm,alternate_totals,Under,52.0,2.2
2026-09-17T23:50:50Z,closing,56e8897681915f7ec92baeee952bb1ae,2026-09-18T00:15:00Z,Buffalo Bills,Detroit Lions,betmgm,alternate_totals,Under,56.5,1.71
2026-09-17T23:50:50Z,closing,56e8897681915f7ec92baeee952bb1ae,2026-09-18T00:15:00Z,Buffalo Bills,Detroit Lions,betmgm,alternate_totals,Under,51.5,2.25
2026-09-17T23:50:50Z,closing,56e8897681915f7ec92baeee952bb1ae,2026-09-18T00:15:00Z,Buffalo Bills,Detroit Lions,betmgm,alternate_totals,Under,57.0,1.67
2026-09-17T23:50:50Z,closing,56e8897681915f7ec92baeee952bb1ae,2026-09-18T00:15:00Z,Buffalo Bills,Detroit Lions,betmgm,alternate_totals,Under,51.0,2.4
2026-09-17T23:50:50Z,closing,56e8897681915f7ec92baeee952bb1ae,2026-09-18T00:15:00Z,Buffalo Bills,Detroit Lions,betmgm,alternate_totals,Under,57.5,1.62
2026-09-17T23:50:50Z,closing,56e8897681915f7ec92baeee952bb1ae,2026-09-18T00:15:00Z,Buffalo Bills,Detroit Lions,betmgm,alternate_totals,Under,50.5,2.5
2026-09-17T23:50:50Z,closing,56e8897681915f7ec92baeee952bb1ae,2026-09-18T00:15:00Z,Buffalo Bills,Detroit Lions,betmgm,alternate_totals,Under,58.0,1.57
2026-09-17T23:50:50Z,closing,56e8897681915f7ec92baeee952bb1ae,2026-09-18T00:15:00Z,Buffalo Bills,Detroit Lions,betmgm,alternate_totals,Under,50.0,2.6
2026-09-17T23:50:50Z,closing,56e8897681915f7ec92baeee952bb1ae,2026-09-18T00:15:00Z,Buffalo Bills,Detroit Lions,betmgm,alternate_totals,Under,49.5,2.7
2026-09-17T23:50:50Z,closing,56e8897681915f7ec92baeee952bb1ae,2026-09-18T00:15:00Z,Buffalo Bills,Detroit Lions,betmgm,alternate_totals,Under,58.5,1.54
2026-09-17T23:50:50Z,closing,56e8897681915f7ec92baeee952bb1ae,2026-09-18T00:15:00Z,Buffalo Bills,Detroit Lions,betmgm,alternate_totals,Under,49.0,2.8
2026-09-17T23:50:50Z,closing,56e8897681915f7ec92baeee952bb1ae,2026-09-18T00:15:00Z,Buffalo Bills,Detroit Lions,betmgm,alternate_totals,Under,59.0,1.5
2026-09-17T23:50:50Z,closing,56e8897681915f7ec92baeee952bb1ae,2026-09-18T00:15:00Z,Buffalo Bills,Detroit Lions,betmgm,alternate_totals,Under,60.0,1.45
2026-09-17T23:50:50Z,closing,56e8897681915f7ec92baeee952bb1ae,2026-09-18T00:15:00Z,Buffalo Bills,Detroit Lions,betmgm,alternate_totals,Under,59.5,1.48
2026-09-17T23:50:50Z,closing,56e8897681915f7ec92baeee952bb1ae,2026-09-18T00:15:00Z,Buffalo Bills,Detroit Lions,betmgm,alternate_totals,Under,48.5,2.88
2026-09-17T23:50:50Z,closing,56e8897681915f7ec92baeee952bb1ae,2026-09-18T00:15:00Z,Buffalo Bills,Detroit Lions,betmgm,alternate_totals,Under,47.5,3.1
2026-09-17T23:50:50Z,closing,56e8897681915f7ec92baeee952bb1ae,2026-09-18T00:15:00Z,Buffalo Bills,Detroit Lions,betmgm,alternate_totals,Under,60.5,1.44
2026-09-17T23:50:50Z,closing,56e8897681915f7ec92baeee952bb1ae,2026-09-18T00:15:00Z,Buffalo Bills,Detroit Lions,betmgm,alternate_totals,Under,47.0,3.4
2026-09-17T23:50:50Z,closing,56e8897681915f7ec92baeee952bb1ae,2026-09-18T00:15:00Z,Buffalo Bills,Detroit Lions,betmgm,alternate_totals,Under,61.0,1.4
2026-09-17T23:50:50Z,closing,56e8897681915f7ec92baeee952bb1ae,2026-09-18T00:15:00Z,Buffalo Bills,Detroit Lions,betmgm,alternate_totals,Under,48.0,3.0
2026-09-17T23:50:50Z,closing,56e8897681915f7ec92baeee952bb1ae,2026-09-18T00:15:00Z,Buffalo Bills,Detroit Lions,betmgm,alternate_totals,Under,62.0,1.34
2026-09-17T23:50:50Z,closing,56e8897681915f7ec92baeee952bb1ae,2026-09-18T00:15:00Z,Buffalo Bills,Detroit Lions,betmgm,alternate_totals,Under,46.5,3.5
2026-09-17T23:50:50Z,closing,56e8897681915f7ec92baeee952bb1ae,2026-09-18T00:15:00Z,Buffalo Bills,Detroit Lions,betmgm,alternate_totals,Under,61.5,1.36
2026-09-17T23:50:50Z,closing,56e8897681915f7ec92baeee952bb1ae,2026-09-18T00:15:00Z,Buffalo Bills,Detroit Lions,betmgm,alternate_totals,Under,46.0,3.7
2026-09-17T23:50:50Z,closing,56e8897681915f7ec92baeee952bb1ae,2026-09-18T00:15:00Z,Buffalo Bills,Detroit Lions,betmgm,alternate_totals,Under,62.5,1.33
2026-09-17T23:50:50Z,closing,56e8897681915f7ec92baeee952bb1ae,2026-09-18T00:15:00Z,Buffalo Bills,Detroit Lions,betmgm,alternate_totals,Under,45.5,3.75
2026-09-17T23:50:50Z,closing,56e8897681915f7ec92baeee952bb1ae,2026-09-18T00:15:00Z,Buffalo Bills,Detroit Lions,betmgm,alternate_totals,Under,63.0,1.31
2026-09-17T23:50:50Z,closing,56e8897681915f7ec92baeee952bb1ae,2026-09-18T00:15:00Z,Buffalo Bills,Detroit Lions,betmgm,alternate_totals,Under,45.0,4.0
2026-09-17T23:50:50Z,closing,56e8897681915f7ec92baeee952bb1ae,2026-09-18T00:15:00Z,Buffalo Bills,Detroit Lions,betmgm,alternate_totals,Under,44.5,4.1
2026-09-17T23:50:50Z,closing,56e8897681915f7ec92baeee952bb1ae,2026-09-18T00:15:00Z,Buffalo Bills,Detroit Lions,betmgm,alternate_totals,Under,63.5,1.29
2026-09-17T23:50:50Z,closing,56e8897681915f7ec92baeee952bb1ae,2026-09-18T00:15:00Z,Buffalo Bills,Detroit Lions,betmgm,alternate_totals,Under,64.0,1.27
2026-09-17T23:50:50Z,closing,56e8897681915f7ec92baeee952bb1ae,2026-09-18T00:15:00Z,Buffalo Bills,Detroit Lions,betmgm,alternate_totals,Under,64.5,1.27
2026-09-17T23:50:50Z,closing,56e8897681915f7ec92baeee952bb1ae,2026-09-18T00:15:00Z,Buffalo Bills,Detroit Lions,betrivers,alternate_spreads,Buffalo Bills,-7.5,2.38
2026-09-17T23:50:50Z,closing,56e8897681915f7ec92baeee952bb1ae,2026-09-18T00:15:00Z,Buffalo Bills,Detroit Lions,betrivers,alternate_spreads,Buffalo Bills,-14.5,3.95
2026-09-17T23:50:50Z,closing,56e8897681915f7ec92baeee952bb1ae,2026-09-18T00:15:00Z,Buffalo Bills,Detroit Lions,betrivers,alternate_spreads,Buffalo Bills,5.0,1.16
2026-09-17T23:50:50Z,closing,56e8897681915f7ec92baeee952bb1ae,2026-09-18T00:15:00Z,Buffalo Bills,Detroit Lions,betrivers,alternate_spreads,Buffalo Bills,6.0,1.13
2026-09-17T23:50:50Z,closing,56e8897681915f7ec92baeee952bb1ae,2026-09-18T00:15:00Z,Buffalo Bills,Detroit Lions,betrivers,alternate_spreads,Buffalo Bills,-17.0,5.4
2026-09-17T23:50:50Z,closing,56e8897681915f7ec92baeee952bb1ae,2026-09-18T00:15:00Z,Buffalo Bills,Detroit Lions,betrivers,alternate_spreads,Buffalo Bills,-16.5,4.7
2026-09-17T23:50:50Z,closing,56e8897681915f7ec92baeee952bb1ae,2026-09-18T00:15:00Z,Buffalo Bills,Detroit Lions,betrivers,alternate_spreads,Buffalo Bills,4.5,1.18
2026-09-17T23:50:50Z,closing,56e8897681915f7ec92baeee952bb1ae,2026-09-18T00:15:00Z,Buffalo Bills,Detroit Lions,betrivers,alternate_spreads,Buffalo Bills,-16.0,4.6
2026-09-17T23:50:50Z,closing,56e8897681915f7ec92baeee952bb1ae,2026-09-18T00:15:00Z,Buffalo Bills,Detroit Lions,betrivers,alternate_spreads,Buffalo Bills,2.5,1.32
2026-09-17T23:50:50Z,closing,56e8897681915f7ec92baeee952bb1ae,2026-09-18T00:15:00Z,Buffalo Bills,Detroit Lions,betrivers,alternate_spreads,Buffalo Bills,-14.0,4.0
2026-09-17T23:50:50Z,closing,56e8897681915f7ec92baeee952bb1ae,2026-09-18T00:15:00Z,Buffalo Bills,Detroit Lions,betrivers,alternate_spreads,Buffalo Bills,5.5,1.15
2026-09-17T23:50:50Z,closing,56e8897681915f7ec92baeee952bb1ae,2026-09-18T00:15:00Z,Buffalo Bills,Detroit Lions,betrivers,alternate_spreads,Buffalo Bills,1.0,1.34
2026-09-17T23:50:50Z,closing,56e8897681915f7ec92baeee952bb1ae,2026-09-18T00:15:00Z,Buffalo Bills,Detroit Lions,betrivers,alternate_spreads,Buffalo Bills,-15.0,4.2
2026-09-17T23:50:50Z,closing,56e8897681915f7ec92baeee952bb1ae,2026-09-18T00:15:00Z,Buffalo Bills,Detroit Lions,betrivers,alternate_spreads,Buffalo Bills,-5.0,1.85
2026-09-17T23:50:50Z,closing,56e8897681915f7ec92baeee952bb1ae,2026-09-18T00:15:00Z,Buffalo Bills,Detroit Lions,betrivers,alternate_spreads,Buffalo Bills,4.0,1.19
2026-09-17T23:50:50Z,closing,56e8897681915f7ec92baeee952bb1ae,2026-09-18T00:15:00Z,Buffalo Bills,Detroit Lions,betrivers,alternate_spreads,Buffalo Bills,-2.5,1.48
2026-09-17T23:50:50Z,closing,56e8897681915f7ec92baeee952bb1ae,2026-09-18T00:15:00Z,Buffalo Bills,Detroit Lions,betrivers,alternate_spreads,Buffalo Bills,-1.5,1.43
2026-09-17T23:50:50Z,closing,56e8897681915f7ec92baeee952bb1ae,2026-09-18T00:15:00Z,Buffalo Bills,Detroit Lions,betrivers,alternate_spreads,Buffalo Bills,-8.0,2.5
2026-09-17T23:50:50Z,closing,56e8897681915f7ec92baeee952bb1ae,2026-09-18T00:15:00Z,Buffalo Bills,Detroit Lions,betrivers,alternate_spreads,Buffalo Bills,-10.5,2.88
2026-09-17T23:50:50Z,closing,56e8897681915f7ec92baeee952bb1ae,2026-09-18T00:15:00Z,Buffalo Bills,Detroit Lions,betrivers,alternate_spreads,Buffalo Bills,2.0,1.32
2026-09-17T23:50:50Z,closing,56e8897681915f7ec92baeee952bb1ae,2026-09-18T00:15:00Z,Buffalo Bills,Detroit Lions,betrivers,alternate_spreads,Buffalo Bills,-11.5,3.2
2026-09-17T23:50:50Z,closing,56e8897681915f7ec92baeee952bb1ae,2026-09-18T00:15:00Z,Buffalo Bills,Detroit Lions,betrivers,alternate_spreads,Buffalo Bills,-11.0,3.1
2026-09-17T23:50:50Z,closing,56e8897681915f7ec92baeee952bb1ae,2026-09-18T00:15:00Z,Buffalo Bills,Detroit Lions,betrivers,alternate_spreads,Buffalo Bills,-0.5,1.38
2026-09-17T23:50:50Z,closing,56e8897681915f7ec92baeee952bb1ae,2026-09-18T00:15:00Z,Buffalo Bills,Detroit Lions,betrivers,alternate_spreads,Buffalo Bills,-10.0,2.8
2026-09-17T23:50:50Z,closing,56e8897681915f7ec92baeee952bb1ae,2026-09-18T00:15:00Z,Buffalo Bills,Detroit Lions,betrivers,alternate_spreads,Buffalo Bills,-1.0,1.41
2026-09-17T23:50:50Z,closing,56e8897681915f7ec92baeee952bb1ae,2026-09-18T00:15:00Z,Buffalo Bills,Detroit Lions,betrivers,alternate_spreads,Buffalo Bills,1.5,1.33
2026-09-17T23:50:50Z,closing,56e8897681915f7ec92baeee952bb1ae,2026-09-18T00:15:00Z,Buffalo Bills,Detroit Lions,betrivers,alternate_spreads,Buffalo Bills,-15.5,4.25
2026-09-17T23:50:50Z,closing,56e8897681915f7ec92baeee952bb1ae,2026-09-18T00:15:00Z,Buffalo Bills,Detroit Lions,betrivers,alternate_spreads,Buffalo Bills,-2.0,1.44
2026-09-17T23:50:50Z,closing,56e8897681915f7ec92baeee952bb1ae,2026-09-18T00:15:00Z,Buffalo Bills,Detroit Lions,betrivers,alternate_spreads,Buffalo Bills,-3.0,1.54
2026-09-17T23:50:50Z,closing,56e8897681915f7ec92baeee952bb1ae,2026-09-18T00:15:00Z,Buffalo Bills,Detroit Lions,betrivers,alternate_spreads,Buffalo Bills,-4.5,1.81
2026-09-17T23:50:50Z,closing,56e8897681915f7ec92baeee952bb1ae,2026-09-18T00:15:00Z,Buffalo Bills,Detroit Lions,betrivers,alternate_spreads,Buffalo Bills,3.5,1.22
2026-09-17T23:50:50Z,closing,56e8897681915f7ec92baeee952bb1ae,2026-09-18T00:15:00Z,Buffalo Bills,Detroit Lions,betrivers,alternate_spreads,Buffalo Bills,3.0,1.24
2026-09-17T23:50:50Z,closing,56e8897681915f7ec92baeee952bb1ae,2026-09-18T00:15:00Z,Buffalo Bills,Detroit Lions,betrivers,alternate_spreads,Buffalo Bills,-5.5,1.91
2026-09-17T23:50:50Z,closing,56e8897681915f7ec92baeee952bb1ae,2026-09-18T00:15:00Z,Buffalo Bills,Detroit Lions,betrivers,alternate_spreads,Buffalo Bills,-6.5,2.05
2026-09-17T23:50:50Z,closing,56e8897681915f7ec92baeee952bb1ae,2026-09-18T00:15:00Z,Buffalo Bills,Detroit Lions,betrivers,alternate_spreads,Buffalo Bills,-6.0,1.97
2026-09-17T23:50:50Z,closing,56e8897681915f7ec92baeee952bb1ae,2026-09-18T00:15:00Z,Buffalo Bills,Detroit Lions,betrivers,alternate_spreads,Buffalo Bills,6.5,1.12
2026-09-17T23:50:50Z,closing,56e8897681915f7ec92baeee952bb1ae,2026-09-18T00:15:00Z,Buffalo Bills,Detroit Lions,betrivers,alternate_spreads,Buffalo Bills,-9.0,2.63
2026-09-17T23:50:50Z,closing,56e8897681915f7ec92baeee952bb1ae,2026-09-18T00:15:00Z,Buffalo Bills,Detroit Lions,betrivers,alternate_spreads,Buffalo Bills,-13.5,3.65
2026-09-17T23:50:50Z,closing,56e8897681915f7ec92baeee952bb1ae,2026-09-18T00:15:00Z,Buffalo Bills,Detroit Lions,betrivers,alternate_spreads,Buffalo Bills,-7.0,2.23
2026-09-17T23:50:50Z,closing,56e8897681915f7ec92baeee952bb1ae,2026-09-18T00:15:00Z,Buffalo Bills,Detroit Lions,betrivers,alternate_spreads,Buffalo Bills,-13.0,3.55
2026-09-17T23:50:50Z,closing,56e8897681915f7ec92baeee952bb1ae,2026-09-18T00:15:00Z,Buffalo Bills,Detroit Lions,betrivers,alternate_spreads,Buffalo Bills,-12.0,3.3
2026-09-17T23:50:50Z,closing,56e8897681915f7ec92baeee952bb1ae,2026-09-18T00:15:00Z,Buffalo Bills,Detroit Lions,betrivers,alternate_spreads,Buffalo Bills,-8.5,2.55
2026-09-17T23:50:50Z,closing,56e8897681915f7ec92baeee952bb1ae,2026-09-18T00:15:00Z,Buffalo Bills,Detroit Lions,betrivers,alternate_spreads,Buffalo Bills,-12.5,3.4
2026-09-17T23:50:50Z,closing,56e8897681915f7ec92baeee952bb1ae,2026-09-18T00:15:00Z,Buffalo Bills,Detroit Lions,betrivers,alternate_spreads,Buffalo Bills,-9.5,2.65
2026-09-17T23:50:50Z,closing,56e8897681915f7ec92baeee952bb1ae,2026-09-18T00:15:00Z,Buffalo Bills,Detroit Lions,betrivers,alternate_spreads,Buffalo Bills,0.0,1.38
2026-09-17T23:50:50Z,closing,56e8897681915f7ec92baeee952bb1ae,2026-09-18T00:15:00Z,Buffalo Bills,Detroit Lions,betrivers,alternate_spreads,Buffalo Bills,0.5,1.38
2026-09-17T23:50:50Z,closing,56e8897681915f7ec92baeee952bb1ae,2026-09-18T00:15:00Z,Buffalo Bills,Detroit Lions,betrivers,alternate_spreads,Buffalo Bills,-4.0,1.75
2026-09-17T23:50:50Z,closing,56e8897681915f7ec92baeee952bb1ae,2026-09-18T00:15:00Z,Buffalo Bills,Detroit Lions,betrivers,alternate_spreads,Buffalo Bills,-3.5,1.71
2026-09-17T23:50:50Z,closing,56e8897681915f7ec92baeee952bb1ae,2026-09-18T00:15:00Z,Buffalo Bills,Detroit Lions,betrivers,alternate_spreads,Detroit Lions,7.5,1.57
2026-09-17T23:50:50Z,closing,56e8897681915f7ec92baeee952bb1ae,2026-09-18T00:15:00Z,Buffalo Bills,Detroit Lions,betrivers,alternate_spreads,Detroit Lions,14.5,1.22
2026-09-17T23:50:50Z,closing,56e8897681915f7ec92baeee952bb1ae,2026-09-18T00:15:00Z,Buffalo Bills,Detroit Lions,betrivers,alternate_spreads,Detroit Lions,-5.0,4.7
2026-09-17T23:50:50Z,closing,56e8897681915f7ec92baeee952bb1ae,2026-09-18T00:15:00Z,Buffalo Bills,Detroit Lions,betrivers,alternate_spreads,Detroit Lions,-6.0,5.25
2026-09-17T23:50:50Z,closing,56e8897681915f7ec92baeee952bb1ae,2026-09-18T00:15:00Z,Buffalo Bills,Detroit Lions,betrivers,alternate_spreads,Detroit Lions,17.0,1.12
2026-09-17T23:50:50Z,closing,56e8897681915f7ec92baeee952bb1ae,2026-09-18T00:15:00Z,Buffalo Bills,Detroit Lions,betrivers,alternate_spreads,Detroit Lions,16.5,1.17
2026-09-17T23:50:50Z,closing,56e8897681915f7ec92baeee952bb1ae,2026-09-18T00:15:00Z,Buffalo Bills,Detroit Lions,betrivers,alternate_spreads,Detroit Lions,-4.5,4.4
2026-09-17T23:50:50Z,closing,56e8897681915f7ec92baeee952bb1ae,2026-09-18T00:15:00Z,Buffalo Bills,Detroit Lions,betrivers,alternate_spreads,Detroit Lions,16.0,1.17
2026-09-17T23:50:50Z,closing,56e8897681915f7ec92baeee952bb1ae,2026-09-18T00:15:00Z,Buffalo Bills,Detroit Lions,betrivers,alternate_spreads,Detroit Lions,-2.5,3.3
2026-09-17T23:50:50Z,closing,56e8897681915f7ec92baeee952bb1ae,2026-09-18T00:15:00Z,Buffalo Bills,Detroit Lions,betrivers,alternate_spreads,Detroit Lions,14.0,1.23
2026-09-17T23:50:50Z,closing,56e8897681915f7ec92baeee952bb1ae,2026-09-18T00:15:00Z,Buffalo Bills,Detroit Lions,betrivers,alternate_spreads,Detroit Lions,-5.5,4.8
2026-09-17T23:50:50Z,closing,56e8897681915f7ec92baeee952bb1ae,2026-09-18T00:15:00Z,Buffalo Bills,Detroit Lions,betrivers,alternate_spreads,Detroit Lions,-1.0,3.15
2026-09-17T23:50:50Z,closing,56e8897681915f7ec92baeee952bb1ae,2026-09-18T00:15:00Z,Buffalo Bills,Detroit Lions,betrivers,alternate_spreads,Detroit Lions,15.0,1.2
2026-09-17T23:50:50Z,closing,56e8897681915f7ec92baeee952bb1ae,2026-09-18T00:15:00Z,Buffalo Bills,Detroit Lions,betrivers,alternate_spreads,Detroit Lions,5.0,1.95
2026-09-17T23:50:50Z,closing,56e8897681915f7ec92baeee952bb1ae,2026-09-18T00:15:00Z,Buffalo Bills,Detroit Lions,betrivers,alternate_spreads,Detroit Lions,-4.0,4.3
2026-09-17T23:50:50Z,closing,56e8897681915f7ec92baeee952bb1ae,2026-09-18T00:15:00Z,Buffalo Bills,Detroit Lions,betrivers,alternate_spreads,Detroit Lions,2.5,2.63
2026-09-17T23:50:50Z,closing,56e8897681915f7ec92baeee952bb1ae,2026-09-18T00:15:00Z,Buffalo Bills,Detroit Lions,betrivers,alternate_spreads,Detroit Lions,1.5,2.75
2026-09-17T23:50:50Z,closing,56e8897681915f7ec92baeee952bb1ae,2026-09-18T00:15:00Z,Buffalo Bills,Detroit Lions,betrivers,alternate_spreads,Detroit Lions,8.0,1.53
2026-09-17T23:50:50Z,closing,56e8897681915f7ec92baeee952bb1ae,2026-09-18T00:15:00Z,Buffalo Bills,Detroit Lions,betrivers,alternate_spreads,Detroit Lions,10.5,1.41
2026-09-17T23:50:50Z,closing,56e8897681915f7ec92baeee952bb1ae,2026-09-18T00:15:00Z,Buffalo Bills,Detroit Lions,betrivers,alternate_spreads,Detroit Lions,-2.0,3.25
2026-09-17T23:50:50Z,closing,56e8897681915f7ec92baeee952bb1ae,2026-09-18T00:15:00Z,Buffalo Bills,Detroit Lions,betrivers,alternate_spreads,Detroit Lions,11.5,1.33
2026-09-17T23:50:50Z,closing,56e8897681915f7ec92baeee952bb1ae,2026-09-18T00:15:00Z,Buffalo Bills,Detroit Lions,betrivers,alternate_spreads,Detroit Lions,11.0,1.35
2026-09-17T23:50:50Z,closing,56e8897681915f7ec92baeee952bb1ae,2026-09-18T00:15:00Z,Buffalo Bills,Detroit Lions,betrivers,alternate_spreads,Detroit Lions,0.5,2.95
2026-09-17T23:50:50Z,closing,56e8897681915f7ec92baeee952bb1ae,2026-09-18T00:15:00Z,Buffalo Bills,Detroit Lions,betrivers,alternate_spreads,Detroit Lions,10.0,1.42
2026-09-17T23:50:50Z,closing,56e8897681915f7ec92baeee952bb1ae,2026-09-18T00:15:00Z,Buffalo Bills,Detroit Lions,betrivers,alternate_spreads,Detroit Lions,1.0,2.85
2026-09-17T23:50:50Z,closing,56e8897681915f7ec92baeee952bb1ae,2026-09-18T00:15:00Z,Buffalo Bills,Detroit Lions,betrivers,alternate_spreads,Detroit Lions,-1.5,3.2
2026-09-17T23:50:50Z,closing,56e8897681915f7ec92baeee952bb1ae,2026-09-18T00:15:00Z,Buffalo Bills,Detroit Lions,betrivers,alternate_spreads,Detroit Lions,15.5,1.19
2026-09-17T23:50:50Z,closing,56e8897681915f7ec92baeee952bb1ae,2026-09-18T00:15:00Z,Buffalo Bills,Detroit Lions,betrivers,alternate_spreads,Detroit Lions,2.0,2.75
2026-09-17T23:50:50Z,closing,56e8897681915f7ec92baeee952bb1ae,2026-09-18T00:15:00Z,Buffalo Bills,Detroit Lions,betrivers,alternate_spreads,Detroit Lions,3.0,2.48
2026-09-17T23:50:50Z,closing,56e8897681915f7ec92baeee952bb1ae,2026-09-18T00:15:00Z,Buffalo Bills,Detroit Lions,betrivers,alternate_spreads,Detroit Lions,4.5,2.02
2026-09-17T23:50:50Z,closing,56e8897681915f7ec92baeee952bb1ae,2026-09-18T00:15:00Z,Buffalo Bills,Detroit Lions,betrivers,alternate_spreads,Detroit Lions,-3.5,4.0
2026-09-17T23:50:50Z,closing,56e8897681915f7ec92baeee952bb1ae,2026-09-18T00:15:00Z,Buffalo Bills,Detroit Lions,betrivers,alternate_spreads,Detroit Lions,-3.0,3.8
2026-09-17T23:50:50Z,closing,56e8897681915f7ec92baeee952bb1ae,2026-09-18T00:15:00Z,Buffalo Bills,Detroit Lions,betrivers,alternate_spreads,Detroit Lions,5.5,1.91
2026-09-17T23:50:50Z,closing,56e8897681915f7ec92baeee952bb1ae,2026-09-18T00:15:00Z,Buffalo Bills,Detroit Lions,betrivers,alternate_spreads,Detroit Lions,6.5,1.78
2026-09-17T23:50:50Z,closing,56e8897681915f7ec92baeee952bb1ae,2026-09-18T00:15:00Z,Buffalo Bills,Detroit Lions,betrivers,alternate_spreads,Detroit Lions,6.0,1.83
2026-09-17T23:50:50Z,closing,56e8897681915f7ec92baeee952bb1ae,2026-09-18T00:15:00Z,Buffalo Bills,Detroit Lions,betrivers,alternate_spreads,Detroit Lions,-6.5,5.4
2026-09-17T23:50:50Z,closing,56e8897681915f7ec92baeee952bb1ae,2026-09-18T00:15:00Z,Buffalo Bills,Detroit Lions,betrivers,alternate_spreads,Detroit Lions,9.0,1.48
2026-09-17T23:50:50Z,closing,56e8897681915f7ec92baeee952bb1ae,2026-09-18T00:15:00Z,Buffalo Bills,Detroit Lions,betrivers,alternate_spreads,Detroit Lions,13.5,1.26
2026-09-17T23:50:50Z,closing,56e8897681915f7ec92baeee952bb1ae,2026-09-18T00:15:00Z,Buffalo Bills,Detroit Lions,betrivers,alternate_spreads,Detroit Lions,7.0,1.66
2026-09-17T23:50:50Z,closing,56e8897681915f7ec92baeee952bb1ae,2026-09-18T00:15:00Z,Buffalo Bills,Detroit Lions,betrivers,alternate_spreads,Detroit Lions,13.0,1.27
2026-09-17T23:50:50Z,closing,56e8897681915f7ec92baeee952bb1ae,2026-09-18T00:15:00Z,Buffalo Bills,Detroit Lions,betrivers,alternate_spreads,Detroit Lions,12.0,1.32
2026-09-17T23:50:50Z,closing,56e8897681915f7ec92baeee952bb1ae,2026-09-18T00:15:00Z,Buffalo Bills,Detroit Lions,betrivers,alternate_spreads,Detroit Lions,8.5,1.5
2026-09-17T23:50:50Z,closing,56e8897681915f7ec92baeee952bb1ae,2026-09-18T00:15:00Z,Buffalo Bills,Detroit Lions,betrivers,alternate_spreads,Detroit Lions,12.5,1.3
2026-09-17T23:50:50Z,closing,56e8897681915f7ec92baeee952bb1ae,2026-09-18T00:15:00Z,Buffalo Bills,Detroit Lions,betrivers,alternate_spreads,Detroit Lions,9.5,1.47
2026-09-17T23:50:50Z,closing,56e8897681915f7ec92baeee952bb1ae,2026-09-18T00:15:00Z,Buffalo Bills,Detroit Lions,betrivers,alternate_spreads,Detroit Lions,0.0,3.0
2026-09-17T23:50:50Z,closing,56e8897681915f7ec92baeee952bb1ae,2026-09-18T00:15:00Z,Buffalo Bills,Detroit Lions,betrivers,alternate_spreads,Detroit Lions,-0.5,3.0
2026-09-17T23:50:50Z,closing,56e8897681915f7ec92baeee952bb1ae,2026-09-18T00:15:00Z,Buffalo Bills,Detroit Lions,betrivers,alternate_spreads,Detroit Lions,4.0,2.08
2026-09-17T23:50:50Z,closing,56e8897681915f7ec92baeee952bb1ae,2026-09-18T00:15:00Z,Buffalo Bills,Detroit Lions,betrivers,alternate_spreads,Detroit Lions,3.5,2.15
2026-09-17T23:50:50Z,closing,56e8897681915f7ec92baeee952bb1ae,2026-09-18T00:15:00Z,Buffalo Bills,Detroit Lions,pinnacle,alternate_spreads,Buffalo Bills,-5.5,2.0
2026-09-17T23:50:50Z,closing,56e8897681915f7ec92baeee952bb1ae,2026-09-18T00:15:00Z,Buffalo Bills,Detroit Lions,pinnacle,alternate_spreads,Buffalo Bills,3.5,1.25
2026-09-17T23:50:50Z,closing,56e8897681915f7ec92baeee952bb1ae,2026-09-18T00:15:00Z,Buffalo Bills,Detroit Lions,pinnacle,alternate_spreads,Buffalo Bills,-3.0,1.62
2026-09-17T23:50:50Z,closing,56e8897681915f7ec92baeee952bb1ae,2026-09-18T00:15:00Z,Buffalo Bills,Detroit Lions,pinnacle,alternate_spreads,Buffalo Bills,-3.5,1.74
2026-09-17T23:50:50Z,closing,56e8897681915f7ec92baeee952bb1ae,2026-09-18T00:15:00Z,Buffalo Bills,Detroit Lions,pinnacle,alternate_spreads,Buffalo Bills,-4.0,1.81
2026-09-17T23:50:50Z,closing,56e8897681915f7ec92baeee952bb1ae,2026-09-18T00:15:00Z,Buffalo Bills,Detroit Lions,pinnacle,alternate_spreads,Buffalo Bills,-4.5,1.88
2026-09-17T23:50:50Z,closing,56e8897681915f7ec92baeee952bb1ae,2026-09-18T00:15:00Z,Buffalo Bills,Detroit Lions,pinnacle,alternate_spreads,Buffalo Bills,-5.0,1.93
2026-09-17T23:50:50Z,closing,56e8897681915f7ec92baeee952bb1ae,2026-09-18T00:15:00Z,Buffalo Bills,Detroit Lions,pinnacle,alternate_spreads,Buffalo Bills,-6.0,2.08
2026-09-17T23:50:50Z,closing,56e8897681915f7ec92baeee952bb1ae,2026-09-18T00:15:00Z,Buffalo Bills,Detroit Lions,pinnacle,alternate_spreads,Buffalo Bills,-6.5,2.17
2026-09-17T23:50:50Z,closing,56e8897681915f7ec92baeee952bb1ae,2026-09-18T00:15:00Z,Buffalo Bills,Detroit Lions,pinnacle,alternate_spreads,Buffalo Bills,-7.0,2.3
2026-09-17T23:50:50Z,closing,56e8897681915f7ec92baeee952bb1ae,2026-09-18T00:15:00Z,Buffalo Bills,Detroit Lions,pinnacle,alternate_spreads,Buffalo Bills,-7.5,2.44
2026-09-17T23:50:50Z,closing,56e8897681915f7ec92baeee952bb1ae,2026-09-18T00:15:00Z,Buffalo Bills,Detroit Lions,pinnacle,alternate_spreads,Buffalo Bills,-8.0,2.51
2026-09-17T23:50:50Z,closing,56e8897681915f7ec92baeee952bb1ae,2026-09-18T00:15:00Z,Buffalo Bills,Detroit Lions,pinnacle,alternate_spreads,Buffalo Bills,-10.5,2.94
2026-09-17T23:50:50Z,closing,56e8897681915f7ec92baeee952bb1ae,2026-09-18T00:15:00Z,Buffalo Bills,Detroit Lions,pinnacle,alternate_spreads,Detroit Lions,5.5,1.91
2026-09-17T23:50:50Z,closing,56e8897681915f7ec92baeee952bb1ae,2026-09-18T00:15:00Z,Buffalo Bills,Detroit Lions,pinnacle,alternate_spreads,Detroit Lions,-3.5,4.18
2026-09-17T23:50:50Z,closing,56e8897681915f7ec92baeee952bb1ae,2026-09-18T00:15:00Z,Buffalo Bills,Detroit Lions,pinnacle,alternate_spreads,Detroit Lions,3.0,2.4
2026-09-17T23:50:50Z,closing,56e8897681915f7ec92baeee952bb1ae,2026-09-18T00:15:00Z,Buffalo Bills,Detroit Lions,pinnacle,alternate_spreads,Detroit Lions,3.5,2.18
2026-09-17T23:50:50Z,closing,56e8897681915f7ec92baeee952bb1ae,2026-09-18T00:15:00Z,Buffalo Bills,Detroit Lions,pinnacle,alternate_spreads,Detroit Lions,4.0,2.09
2026-09-17T23:50:50Z,closing,56e8897681915f7ec92baeee952bb1ae,2026-09-18T00:15:00Z,Buffalo Bills,Detroit Lions,pinnacle,alternate_spreads,Detroit Lions,4.5,2.01
2026-09-17T23:50:50Z,closing,56e8897681915f7ec92baeee952bb1ae,2026-09-18T00:15:00Z,Buffalo Bills,Detroit Lions,pinnacle,alternate_spreads,Detroit Lions,5.0,1.96
2026-09-17T23:50:50Z,closing,56e8897681915f7ec92baeee952bb1ae,2026-09-18T00:15:00Z,Buffalo Bills,Detroit Lions,pinnacle,alternate_spreads,Detroit Lions,6.0,1.83
2026-09-17T23:50:50Z,closing,56e8897681915f7ec92baeee952bb1ae,2026-09-18T00:15:00Z,Buffalo Bills,Detroit Lions,pinnacle,alternate_spreads,Detroit Lions,6.5,1.76
2026-09-17T23:50:50Z,closing,56e8897681915f7ec92baeee952bb1ae,2026-09-18T00:15:00Z,Buffalo Bills,Detroit Lions,pinnacle,alternate_spreads,Detroit Lions,7.0,1.68
2026-09-17T23:50:50Z,closing,56e8897681915f7ec92baeee952bb1ae,2026-09-18T00:15:00Z,Buffalo Bills,Detroit Lions,pinnacle,alternate_spreads,Detroit Lions,7.5,1.6
2026-09-17T23:50:50Z,closing,56e8897681915f7ec92baeee952bb1ae,2026-09-18T00:15:00Z,Buffalo Bills,Detroit Lions,pinnacle,alternate_spreads,Detroit Lions,8.0,1.57
2026-09-17T23:50:50Z,closing,56e8897681915f7ec92baeee952bb1ae,2026-09-18T00:15:00Z,Buffalo Bills,Detroit Lions,pinnacle,alternate_spreads,Detroit Lions,10.5,1.44
2026-09-17T23:50:50Z,closing,56e8897681915f7ec92baeee952bb1ae,2026-09-18T00:15:00Z,Buffalo Bills,Detroit Lions,pinnacle,alternate_totals,Over,55.0,1.98
2026-09-17T23:50:50Z,closing,56e8897681915f7ec92baeee952bb1ae,2026-09-18T00:15:00Z,Buffalo Bills,Detroit Lions,pinnacle,alternate_totals,Over,48.5,1.43
2026-09-17T23:50:50Z,closing,56e8897681915f7ec92baeee952bb1ae,2026-09-18T00:15:00Z,Buffalo Bills,Detroit Lions,pinnacle,alternate_totals,Over,52.5,1.68
2026-09-17T23:50:50Z,closing,56e8897681915f7ec92baeee952bb1ae,2026-09-18T00:15:00Z,Buffalo Bills,Detroit Lions,pinnacle,alternate_totals,Over,53.0,1.73
2026-09-17T23:50:50Z,closing,56e8897681915f7ec92baeee952bb1ae,2026-09-18T00:15:00Z,Buffalo Bills,Detroit Lions,pinnacle,alternate_totals,Over,53.5,1.78
2026-09-17T23:50:50Z,closing,56e8897681915f7ec92baeee952bb1ae,2026-09-18T00:15:00Z,Buffalo Bills,Detroit Lions,pinnacle,alternate_totals,Over,54.0,1.84
2026-09-17T23:50:50Z,closing,56e8897681915f7ec92baeee952bb1ae,2026-09-18T00:15:00Z,Buffalo Bills,Detroit Lions,pinnacle,alternate_totals,Over,54.5,1.9
2026-09-17T23:50:50Z,closing,56e8897681915f7ec92baeee952bb1ae,2026-09-18T00:15:00Z,Buffalo Bills,Detroit Lions,pinnacle,alternate_totals,Over,55.5,2.05
2026-09-17T23:50:50Z,closing,56e8897681915f7ec92baeee952bb1ae,2026-09-18T00:15:00Z,Buffalo Bills,Detroit Lions,pinnacle,alternate_totals,Over,56.0,2.13
2026-09-17T23:50:50Z,closing,56e8897681915f7ec92baeee952bb1ae,2026-09-18T00:15:00Z,Buffalo Bills,Detroit Lions,pinnacle,alternate_totals,Over,56.5,2.2
2026-09-17T23:50:50Z,closing,56e8897681915f7ec92baeee952bb1ae,2026-09-18T00:15:00Z,Buffalo Bills,Detroit Lions,pinnacle,alternate_totals,Over,57.0,2.29
2026-09-17T23:50:50Z,closing,56e8897681915f7ec92baeee952bb1ae,2026-09-18T00:15:00Z,Buffalo Bills,Detroit Lions,pinnacle,alternate_totals,Over,57.5,2.37
2026-09-17T23:50:50Z,closing,56e8897681915f7ec92baeee952bb1ae,2026-09-18T00:15:00Z,Buffalo Bills,Detroit Lions,pinnacle,alternate_totals,Over,61.5,3.07
2026-09-17T23:50:50Z,closing,56e8897681915f7ec92baeee952bb1ae,2026-09-18T00:15:00Z,Buffalo Bills,Detroit Lions,pinnacle,alternate_totals,Under,55.0,1.91
2026-09-17T23:50:50Z,closing,56e8897681915f7ec92baeee952bb1ae,2026-09-18T00:15:00Z,Buffalo Bills,Detroit Lions,pinnacle,alternate_totals,Under,48.5,2.94
2026-09-17T23:50:50Z,closing,56e8897681915f7ec92baeee952bb1ae,2026-09-18T00:15:00Z,Buffalo Bills,Detroit Lions,pinnacle,alternate_totals,Under,52.5,2.27
2026-09-17T23:50:50Z,closing,56e8897681915f7ec92baeee952bb1ae,2026-09-18T00:15:00Z,Buffalo Bills,Detroit Lions,pinnacle,alternate_totals,Under,53.0,2.19
2026-09-17T23:50:50Z,closing,56e8897681915f7ec92baeee952bb1ae,2026-09-18T00:15:00Z,Buffalo Bills,Detroit Lions,pinnacle,alternate_totals,Under,53.5,2.11
2026-09-17T23:50:50Z,closing,56e8897681915f7ec92baeee952bb1ae,2026-09-18T00:15:00Z,Buffalo Bills,Detroit Lions,pinnacle,alternate_totals,Under,54.0,2.04
2026-09-17T23:50:50Z,closing,56e8897681915f7ec92baeee952bb1ae,2026-09-18T00:15:00Z,Buffalo Bills,Detroit Lions,pinnacle,alternate_totals,Under,54.5,1.97
2026-09-17T23:50:50Z,closing,56e8897681915f7ec92baeee952bb1ae,2026-09-18T00:15:00Z,Buffalo Bills,Detroit Lions,pinnacle,alternate_totals,Under,55.5,1.83
2026-09-17T23:50:50Z,closing,56e8897681915f7ec92baeee952bb1ae,2026-09-18T00:15:00Z,Buffalo Bills,Detroit Lions,pinnacle,alternate_totals,Under,56.0,1.78
2026-09-17T23:50:50Z,closing,56e8897681915f7ec92baeee952bb1ae,2026-09-18T00:15:00Z,Buffalo Bills,Detroit Lions,pinnacle,alternate_totals,Under,56.5,1.72
2026-09-17T23:50:50Z,closing,56e8897681915f7ec92baeee952bb1ae,2026-09-18T00:15:00Z,Buffalo Bills,Detroit Lions,pinnacle,alternate_totals,Under,57.0,1.68
2026-09-17T23:50:50Z,closing,56e8897681915f7ec92baeee952bb1ae,2026-09-18T00:15:00Z,Buffalo Bills,Detroit Lions,pinnacle,alternate_totals,Under,57.5,1.63
2026-09-17T23:50:50Z,closing,56e8897681915f7ec92baeee952bb1ae,2026-09-18T00:15:00Z,Buffalo Bills,Detroit Lions,pinnacle,alternate_totals,Under,61.5,1.4
2026-09-17T23:50:50Z,closing,56e8897681915f7ec92baeee952bb1ae,2026-09-18T00:15:00Z,Buffalo Bills,Detroit Lions,coolbet,alternate_spreads,Buffalo Bills,-6.5,2.1
2026-09-17T23:50:50Z,closing,56e8897681915f7ec92baeee952bb1ae,2026-09-18T00:15:00Z,Buffalo Bills,Detroit Lions,coolbet,alternate_spreads,Buffalo Bills,-5.5,1.93
2026-09-17T23:50:50Z,closing,56e8897681915f7ec92baeee952bb1ae,2026-09-18T00:15:00Z,Buffalo Bills,Detroit Lions,coolbet,alternate_spreads,Buffalo Bills,-4.0,1.76
2026-09-17T23:50:50Z,closing,56e8897681915f7ec92baeee952bb1ae,2026-09-18T00:15:00Z,Buffalo Bills,Detroit Lions,coolbet,alternate_spreads,Buffalo Bills,-6.0,2.02
2026-09-17T23:50:50Z,closing,56e8897681915f7ec92baeee952bb1ae,2026-09-18T00:15:00Z,Buffalo Bills,Detroit Lions,coolbet,alternate_spreads,Buffalo Bills,-4.5,1.83
2026-09-17T23:50:50Z,closing,56e8897681915f7ec92baeee952bb1ae,2026-09-18T00:15:00Z,Buffalo Bills,Detroit Lions,coolbet,alternate_spreads,Buffalo Bills,-3.5,1.7
2026-09-17T23:50:50Z,closing,56e8897681915f7ec92baeee952bb1ae,2026-09-18T00:15:00Z,Buffalo Bills,Detroit Lions,coolbet,alternate_spreads,Buffalo Bills,-5.0,1.87
2026-09-17T23:50:50Z,closing,56e8897681915f7ec92baeee952bb1ae,2026-09-18T00:15:00Z,Buffalo Bills,Detroit Lions,coolbet,alternate_spreads,Buffalo Bills,-3.0,1.59
2026-09-17T23:50:50Z,closing,56e8897681915f7ec92baeee952bb1ae,2026-09-18T00:15:00Z,Buffalo Bills,Detroit Lions,coolbet,alternate_spreads,Detroit Lions,6.5,1.8
2026-09-17T23:50:50Z,closing,56e8897681915f7ec92baeee952bb1ae,2026-09-18T00:15:00Z,Buffalo Bills,Detroit Lions,coolbet,alternate_spreads,Detroit Lions,5.5,1.97
2026-09-17T23:50:50Z,closing,56e8897681915f7ec92baeee952bb1ae,2026-09-18T00:15:00Z,Buffalo Bills,Detroit Lions,coolbet,alternate_spreads,Detroit Lions,4.0,2.15
2026-09-17T23:50:50Z,closing,56e8897681915f7ec92baeee952bb1ae,2026-09-18T00:15:00Z,Buffalo Bills,Detroit Lions,coolbet,alternate_spreads,Detroit Lions,6.0,1.88
2026-09-17T23:50:50Z,closing,56e8897681915f7ec92baeee952bb1ae,2026-09-18T00:15:00Z,Buffalo Bills,Detroit Lions,coolbet,alternate_spreads,Detroit Lions,4.5,2.07
2026-09-17T23:50:50Z,closing,56e8897681915f7ec92baeee952bb1ae,2026-09-18T00:15:00Z,Buffalo Bills,Detroit Lions,coolbet,alternate_spreads,Detroit Lions,3.5,2.24
2026-09-17T23:50:50Z,closing,56e8897681915f7ec92baeee952bb1ae,2026-09-18T00:15:00Z,Buffalo Bills,Detroit Lions,coolbet,alternate_spreads,Detroit Lions,5.0,2.03
2026-09-17T23:50:50Z,closing,56e8897681915f7ec92baeee952bb1ae,2026-09-18T00:15:00Z,Buffalo Bills,Detroit Lions,coolbet,alternate_spreads,Detroit Lions,3.0,2.47
2026-09-17T23:50:50Z,closing,56e8897681915f7ec92baeee952bb1ae,2026-09-18T00:15:00Z,Buffalo Bills,Detroit Lions,coolbet,alternate_totals,Over,55.5,2.03
2026-09-17T23:50:50Z,closing,56e8897681915f7ec92baeee952bb1ae,2026-09-18T00:15:00Z,Buffalo Bills,Detroit Lions,coolbet,alternate_totals,Over,53.5,1.76
2026-09-17T23:50:50Z,closing,56e8897681915f7ec92baeee952bb1ae,2026-09-18T00:15:00Z,Buffalo Bills,Detroit Lions,coolbet,alternate_totals,Over,54.5,1.87
2026-09-17T23:50:50Z,closing,56e8897681915f7ec92baeee952bb1ae,2026-09-18T00:15:00Z,Buffalo Bills,Detroit Lions,coolbet,alternate_totals,Over,56.0,2.1
2026-09-17T23:50:50Z,closing,56e8897681915f7ec92baeee952bb1ae,2026-09-18T00:15:00Z,Buffalo Bills,Detroit Lions,coolbet,alternate_totals,Over,52.5,1.66
2026-09-17T23:50:50Z,closing,56e8897681915f7ec92baeee952bb1ae,2026-09-18T00:15:00Z,Buffalo Bills,Detroit Lions,coolbet,alternate_totals,Over,54.0,1.81
2026-09-17T23:50:50Z,closing,56e8897681915f7ec92baeee952bb1ae,2026-09-18T00:15:00Z,Buffalo Bills,Detroit Lions,coolbet,alternate_totals,Over,57.0,2.26
2026-09-17T23:50:50Z,closing,56e8897681915f7ec92baeee952bb1ae,2026-09-18T00:15:00Z,Buffalo Bills,Detroit Lions,coolbet,alternate_totals,Over,53.0,1.71
2026-09-17T23:50:50Z,closing,56e8897681915f7ec92baeee952bb1ae,2026-09-18T00:15:00Z,Buffalo Bills,Detroit Lions,coolbet,alternate_totals,Over,55.0,1.96
2026-09-17T23:50:50Z,closing,56e8897681915f7ec92baeee952bb1ae,2026-09-18T00:15:00Z,Buffalo Bills,Detroit Lions,coolbet,alternate_totals,Under,55.5,1.85
2026-09-17T23:50:50Z,closing,56e8897681915f7ec92baeee952bb1ae,2026-09-18T00:15:00Z,Buffalo Bills,Detroit Lions,coolbet,alternate_totals,Under,53.5,2.14
2026-09-17T23:50:50Z,closing,56e8897681915f7ec92baeee952bb1ae,2026-09-18T00:15:00Z,Buffalo Bills,Detroit Lions,coolbet,alternate_totals,Under,54.5,1.99
2026-09-17T23:50:50Z,closing,56e8897681915f7ec92baeee952bb1ae,2026-09-18T00:15:00Z,Buffalo Bills,Detroit Lions,coolbet,alternate_totals,Under,56.0,1.79
2026-09-17T23:50:50Z,closing,56e8897681915f7ec92baeee952bb1ae,2026-09-18T00:15:00Z,Buffalo Bills,Detroit Lions,coolbet,alternate_totals,Under,52.5,2.3
2026-09-17T23:50:50Z,closing,56e8897681915f7ec92baeee952bb1ae,2026-09-18T00:15:00Z,Buffalo Bills,Detroit Lions,coolbet,alternate_totals,Under,54.0,2.07
2026-09-17T23:50:50Z,closing,56e8897681915f7ec92baeee952bb1ae,2026-09-18T00:15:00Z,Buffalo Bills,Detroit Lions,coolbet,alternate_totals,Under,57.0,1.68
2026-09-17T23:50:50Z,closing,56e8897681915f7ec92baeee952bb1ae,2026-09-18T00:15:00Z,Buffalo Bills,Detroit Lions,coolbet,alternate_totals,Under,53.0,2.22
2026-09-17T23:50:50Z,closing,56e8897681915f7ec92baeee952bb1ae,2026-09-18T00:15:00Z,Buffalo Bills,Detroit Lions,coolbet,alternate_totals,Under,55.0,1.92
