snapshot_utc,mode,event_id,commence_utc,home,away,book,market,outcome,point,price
2026-09-04T07:13:05Z,scheduled,26b036ff107f3c658258eaf4a6f26228,2026-10-20T19:00:00Z,Detroit Pistons,Boston Celtics,fanduel,h2h,Boston Celtics,,2.02
2026-09-04T07:13:05Z,scheduled,26b036ff107f3c658258eaf4a6f26228,2026-10-20T19:00:00Z,Detroit Pistons,Boston Celtics,fanduel,h2h,Detroit Pistons,,1.83
2026-09-04T07:13:05Z,scheduled,26b036ff107f3c658258eaf4a6f26228,2026-10-20T19:00:00Z,Detroit Pistons,Boston Celtics,fanduel,spreads,Boston Celtics,1.5,1.91
2026-09-04T07:13:05Z,scheduled,26b036ff107f3c658258eaf4a6f26228,2026-10-20T19:00:00Z,Detroit Pistons,Boston Celtics,fanduel,spreads,Detroit Pistons,-1.5,1.91
2026-09-04T07:13:05Z,scheduled,26b036ff107f3c658258eaf4a6f26228,2026-10-20T19:00:00Z,Detroit Pistons,Boston Celtics,fanduel,totals,Over,221.5,1.87
2026-09-04T07:13:05Z,scheduled,26b036ff107f3c658258eaf4a6f26228,2026-10-20T19:00:00Z,Detroit Pistons,Boston Celtics,fanduel,totals,Under,221.5,1.95
2026-09-04T07:13:05Z,scheduled,26b036ff107f3c658258eaf4a6f26228,2026-10-20T19:00:00Z,Detroit Pistons,Boston Celtics,betrivers,h2h,Boston Celtics,,2.0
2026-09-04T07:13:05Z,scheduled,26b036ff107f3c658258eaf4a6f26228,2026-10-20T19:00:00Z,Detroit Pistons,Boston Celtics,betrivers,h2h,Detroit Pistons,,1.81
2026-09-04T07:13:05Z,scheduled,26b036ff107f3c658258eaf4a6f26228,2026-10-20T19:00:00Z,Detroit Pistons,Boston Celtics,betrivers,spreads,Boston Celtics,1.5,1.89
2026-09-04T07:13:05Z,scheduled,26b036ff107f3c658258eaf4a6f26228,2026-10-20T19:00:00Z,Detroit Pistons,Boston Celtics,betrivers,spreads,Detroit Pistons,-1.5,1.89
2026-09-04T07:13:05Z,scheduled,26b036ff107f3c658258eaf4a6f26228,2026-10-20T19:00:00Z,Detroit Pistons,Boston Celtics,betrivers,totals,Over,221.5,1.88
2026-09-04T07:13:05Z,scheduled,26b036ff107f3c658258eaf4a6f26228,2026-10-20T19:00:00Z,Detroit Pistons,Boston Celtics,betrivers,totals,Under,221.5,1.91
2026-09-04T07:13:05Z,scheduled,26b036ff107f3c658258eaf4a6f26228,2026-10-20T19:00:00Z,Detroit Pistons,Boston Celtics,betmgm,h2h,Boston Celtics,,2.05
2026-09-04T07:13:05Z,scheduled,26b036ff107f3c658258eaf4a6f26228,2026-10-20T19:00:00Z,Detroit Pistons,Boston Celtics,betmgm,h2h,Detroit Pistons,,1.8
2026-09-04T07:13:05Z,scheduled,26b036ff107f3c658258eaf4a6f26228,2026-10-20T19:00:00Z,Detroit Pistons,Boston Celtics,betmgm,spreads,Boston Celtics,1.5,1.91
2026-09-04T07:13:05Z,scheduled,26b036ff107f3c658258eaf4a6f26228,2026-10-20T19:00:00Z,Detroit Pistons,Boston Celtics,betmgm,spreads,Detroit Pistons,-1.5,1.91
2026-09-04T07:13:05Z,scheduled,26b036ff107f3c658258eaf4a6f26228,2026-10-20T19:00:00Z,Detroit Pistons,Boston Celtics,betmgm,totals,Over,222.5,1.91
2026-09-04T07:13:05Z,scheduled,26b036ff107f3c658258eaf4a6f26228,2026-10-20T19:00:00Z,Detroit Pistons,Boston Celtics,betmgm,totals,Under,222.5,1.91
2026-09-04T07:13:05Z,scheduled,26b036ff107f3c658258eaf4a6f26228,2026-10-20T19:00:00Z,Detroit Pistons,Boston Celtics,draftkings,h2h,Boston Celtics,,2.05
2026-09-04T07:13:05Z,scheduled,26b036ff107f3c658258eaf4a6f26228,2026-10-20T19:00:00Z,Detroit Pistons,Boston Celtics,draftkings,h2h,Detroit Pistons,,1.8
2026-09-04T07:13:05Z,scheduled,26b036ff107f3c658258eaf4a6f26228,2026-10-20T19:00:00Z,Detroit Pistons,Boston Celtics,draftkings,spreads,Boston Celtics,1.5,1.95
2026-09-04T07:13:05Z,scheduled,26b036ff107f3c658258eaf4a6f26228,2026-10-20T19:00:00Z,Detroit Pistons,Boston Celtics,draftkings,spreads,Detroit Pistons,-1.5,1.87
2026-09-04T07:13:05Z,scheduled,26b036ff107f3c658258eaf4a6f26228,2026-10-20T19:00:00Z,Detroit Pistons,Boston Celtics,draftkings,totals,Over,221.5,1.91
2026-09-04T07:13:05Z,scheduled,26b036ff107f3c658258eaf4a6f26228,2026-10-20T19:00:00Z,Detroit Pistons,Boston Celtics,draftkings,totals,Under,221.5,1.91
2026-09-04T07:13:05Z,scheduled,26b036ff107f3c658258eaf4a6f26228,2026-10-20T19:00:00Z,Detroit Pistons,Boston Celtics,betsson,h2h,Boston Celtics,,1.98
2026-09-04T07:13:05Z,scheduled,26b036ff107f3c658258eaf4a6f26228,2026-10-20T19:00:00Z,Detroit Pistons,Boston Celtics,betsson,h2h,Detroit Pistons,,1.82
2026-09-04T07:13:05Z,scheduled,26b036ff107f3c658258eaf4a6f26228,2026-10-20T19:00:00Z,Detroit Pistons,Boston Celtics,betsson,spreads,Boston Celtics,1.5,1.9
2026-09-04T07:13:05Z,scheduled,26b036ff107f3c658258eaf4a6f26228,2026-10-20T19:00:00Z,Detroit Pistons,Boston Celtics,betsson,spreads,Detroit Pistons,-1.5,1.86
2026-09-04T07:13:05Z,scheduled,26b036ff107f3c658258eaf4a6f26228,2026-10-20T19:00:00Z,Detroit Pistons,Boston Celtics,betsson,totals,Over,222.5,1.88
2026-09-04T07:13:05Z,scheduled,26b036ff107f3c658258eaf4a6f26228,2026-10-20T19:00:00Z,Detroit Pistons,Boston Celtics,betsson,totals,Under,222.5,1.88
2026-09-04T07:13:05Z,scheduled,2b042ddad3d3c6c6fe5b7005dc26c775,2026-10-20T23:00:00Z,New York Knicks,Philadelphia 76ers,fanduel,h2h,New York Knicks,,1.48
2026-09-04T07:13:05Z,scheduled,2b042ddad3d3c6c6fe5b7005dc26c775,2026-10-20T23:00:00Z,New York Knicks,Philadelphia 76ers,fanduel,h2h,Philadelphia 76ers,,2.76
2026-09-04T07:13:05Z,scheduled,2b042ddad3d3c6c6fe5b7005dc26c775,2026-10-20T23:00:00Z,New York Knicks,Philadelphia 76ers,fanduel,spreads,New York Knicks,-5.5,1.87
2026-09-04T07:13:05Z,scheduled,2b042ddad3d3c6c6fe5b7005dc26c775,2026-10-20T23:00:00Z,New York Knicks,Philadelphia 76ers,fanduel,spreads,Philadelphia 76ers,5.5,1.95
2026-09-04T07:13:05Z,scheduled,2b042ddad3d3c6c6fe5b7005dc26c775,2026-10-20T23:00:00Z,New York Knicks,Philadelphia 76ers,fanduel,totals,Over,233.5,1.93
2026-09-04T07:13:05Z,scheduled,2b042ddad3d3c6c6fe5b7005dc26c775,2026-10-20T23:00:00Z,New York Knicks,Philadelphia 76ers,fanduel,totals,Under,233.5,1.89
2026-09-04T07:13:05Z,scheduled,2b042ddad3d3c6c6fe5b7005dc26c775,2026-10-20T23:00:00Z,New York Knicks,Philadelphia 76ers,betrivers,h2h,New York Knicks,,1.51
2026-09-04T07:13:05Z,scheduled,2b042ddad3d3c6c6fe5b7005dc26c775,2026-10-20T23:00:00Z,New York Knicks,Philadelphia 76ers,betrivers,h2h,Philadelphia 76ers,,2.5
2026-09-04T07:13:05Z,scheduled,2b042ddad3d3c6c6fe5b7005dc26c775,2026-10-20T23:00:00Z,New York Knicks,Philadelphia 76ers,betrivers,spreads,New York Knicks,-5.0,1.89
2026-09-04T07:13:05Z,scheduled,2b042ddad3d3c6c6fe5b7005dc26c775,2026-10-20T23:00:00Z,New York Knicks,Philadelphia 76ers,betrivers,spreads,Philadelphia 76ers,5.0,1.91
2026-09-04T07:13:05Z,scheduled,2b042ddad3d3c6c6fe5b7005dc26c775,2026-10-20T23:00:00Z,New York Knicks,Philadelphia 76ers,betrivers,totals,Over,232.5,1.91
2026-09-04T07:13:05Z,scheduled,2b042ddad3d3c6c6fe5b7005dc26c775,2026-10-20T23:00:00Z,New York Knicks,Philadelphia 76ers,betrivers,totals,Under,232.5,1.88
2026-09-04T07:13:05Z,scheduled,2b042ddad3d3c6c6fe5b7005dc26c775,2026-10-20T23:00:00Z,New York Knicks,Philadelphia 76ers,betmgm,h2h,New York Knicks,,1.54
2026-09-04T07:13:05Z,scheduled,2b042ddad3d3c6c6fe5b7005dc26c775,2026-10-20T23:00:00Z,New York Knicks,Philadelphia 76ers,betmgm,h2h,Philadelphia 76ers,,2.5
2026-09-04T07:13:05Z,scheduled,2b042ddad3d3c6c6fe5b7005dc26c775,2026-10-20T23:00:00Z,New York Knicks,Philadelphia 76ers,betmgm,spreads,New York Knicks,-5.5,1.91
2026-09-04T07:13:05Z,scheduled,2b042ddad3d3c6c6fe5b7005dc26c775,2026-10-20T23:00:00Z,New York Knicks,Philadelphia 76ers,betmgm,spreads,Philadelphia 76ers,5.5,1.91
2026-09-04T07:13:05Z,scheduled,2b042ddad3d3c6c6fe5b7005dc26c775,2026-10-20T23:00:00Z,New York Knicks,Philadelphia 76ers,betmgm,totals,Over,231.5,1.91
2026-09-04T07:13:05Z,scheduled,2b042ddad3d3c6c6fe5b7005dc26c775,2026-10-20T23:00:00Z,New York Knicks,Philadelphia 76ers,betmgm,totals,Under,231.5,1.91
2026-09-04T07:13:05Z,scheduled,2b042ddad3d3c6c6fe5b7005dc26c775,2026-10-20T23:00:00Z,New York Knicks,Philadelphia 76ers,draftkings,h2h,New York Knicks,,1.51
2026-09-04T07:13:05Z,scheduled,2b042ddad3d3c6c6fe5b7005dc26c775,2026-10-20T23:00:00Z,New York Knicks,Philadelphia 76ers,draftkings,h2h,Philadelphia 76ers,,2.64
2026-09-04T07:13:05Z,scheduled,2b042ddad3d3c6c6fe5b7005dc26c775,2026-10-20T23:00:00Z,New York Knicks,Philadelphia 76ers,draftkings,spreads,New York Knicks,-5.5,1.91
2026-09-04T07:13:05Z,scheduled,2b042ddad3d3c6c6fe5b7005dc26c775,2026-10-20T23:00:00Z,New York Knicks,Philadelphia 76ers,draftkings,spreads,Philadelphia 76ers,5.5,1.91
2026-09-04T07:13:05Z,scheduled,2b042ddad3d3c6c6fe5b7005dc26c775,2026-10-20T23:00:00Z,New York Knicks,Philadelphia 76ers,draftkings,totals,Over,231.5,1.91
2026-09-04T07:13:05Z,scheduled,2b042ddad3d3c6c6fe5b7005dc26c775,2026-10-20T23:00:00Z,New York Knicks,Philadelphia 76ers,draftkings,totals,Under,231.5,1.91
2026-09-04T07:13:05Z,scheduled,2b042ddad3d3c6c6fe5b7005dc26c775,2026-10-20T23:00:00Z,New York Knicks,Philadelphia 76ers,betsson,h2h,New York Knicks,,1.5
2026-09-04T07:13:05Z,scheduled,2b042ddad3d3c6c6fe5b7005dc26c775,2026-10-20T23:00:00Z,New York Knicks,Philadelphia 76ers,betsson,h2h,Philadelphia 76ers,,2.6
2026-09-04T07:13:05Z,scheduled,2b042ddad3d3c6c6fe5b7005dc26c775,2026-10-20T23:00:00Z,New York Knicks,Philadelphia 76ers,betsson,totals,Over,234.5,1.9
2026-09-04T07:13:05Z,scheduled,2b042ddad3d3c6c6fe5b7005dc26c775,2026-10-20T23:00:00Z,New York Knicks,Philadelphia 76ers,betsson,totals,Under,234.5,1.86
2026-09-04T07:13:05Z,scheduled,bccd283de56915e29af1788beb0abfc9,2026-10-21T01:30:00Z,San Antonio Spurs,Oklahoma City Thunder,fanduel,h2h,Oklahoma City Thunder,,2.08
2026-09-04T07:13:05Z,scheduled,bccd283de56915e29af1788beb0abfc9,2026-10-21T01:30:00Z,San Antonio Spurs,Oklahoma City Thunder,fanduel,h2h,San Antonio Spurs,,1.79
2026-09-04T07:13:05Z,scheduled,bccd283de56915e29af1788beb0abfc9,2026-10-21T01:30:00Z,San Antonio Spurs,Oklahoma City Thunder,fanduel,spreads,Oklahoma City Thunder,1.5,1.95
2026-09-04T07:13:05Z,scheduled,bccd283de56915e29af1788beb0abfc9,2026-10-21T01:30:00Z,San Antonio Spurs,Oklahoma City Thunder,fanduel,spreads,San Antonio Spurs,-1.5,1.87
2026-09-04T07:13:05Z,scheduled,bccd283de56915e29af1788beb0abfc9,2026-10-21T01:30:00Z,San Antonio Spurs,Oklahoma City Thunder,fanduel,totals,Over,231.5,1.91
2026-09-04T07:13:05Z,scheduled,bccd283de56915e29af1788beb0abfc9,2026-10-21T01:30:00Z,San Antonio Spurs,Oklahoma City Thunder,fanduel,totals,Under,231.5,1.91
2026-09-04T07:13:05Z,scheduled,bccd283de56915e29af1788beb0abfc9,2026-10-21T01:30:00Z,San Antonio Spurs,Oklahoma City Thunder,betrivers,h2h,Oklahoma City Thunder,,2.07
2026-09-04T07:13:05Z,scheduled,bccd283de56915e29af1788beb0abfc9,2026-10-21T01:30:00Z,San Antonio Spurs,Oklahoma City Thunder,betrivers,h2h,San Antonio Spurs,,1.76
2026-09-04T07:13:05Z,scheduled,bccd283de56915e29af1788beb0abfc9,2026-10-21T01:30:00Z,San Antonio Spurs,Oklahoma City Thunder,betrivers,spreads,Oklahoma City Thunder,2.0,1.91
2026-09-04T07:13:05Z,scheduled,bccd283de56915e29af1788beb0abfc9,2026-10-21T01:30:00Z,San Antonio Spurs,Oklahoma City Thunder,betrivers,spreads,San Antonio Spurs,-2.0,1.88
2026-09-04T07:13:05Z,scheduled,bccd283de56915e29af1788beb0abfc9,2026-10-21T01:30:00Z,San Antonio Spurs,Oklahoma City Thunder,betrivers,totals,Over,228.5,1.89
2026-09-04T07:13:05Z,scheduled,bccd283de56915e29af1788beb0abfc9,2026-10-21T01:30:00Z,San Antonio Spurs,Oklahoma City Thunder,betrivers,totals,Under,228.5,1.89
2026-09-04T07:13:05Z,scheduled,bccd283de56915e29af1788beb0abfc9,2026-10-21T01:30:00Z,San Antonio Spurs,Oklahoma City Thunder,betmgm,h2h,Oklahoma City Thunder,,2.05
2026-09-04T07:13:05Z,scheduled,bccd283de56915e29af1788beb0abfc9,2026-10-21T01:30:00Z,San Antonio Spurs,Oklahoma City Thunder,betmgm,h2h,San Antonio Spurs,,1.8
2026-09-04T07:13:05Z,scheduled,bccd283de56915e29af1788beb0abfc9,2026-10-21T01:30:00Z,San Antonio Spurs,Oklahoma City Thunder,betmgm,spreads,Oklahoma City Thunder,2.5,1.87
2026-09-04T07:13:05Z,scheduled,bccd283de56915e29af1788beb0abfc9,2026-10-21T01:30:00Z,San Antonio Spurs,Oklahoma City Thunder,betmgm,spreads,San Antonio Spurs,-2.5,1.95
2026-09-04T07:13:05Z,scheduled,bccd283de56915e29af1788beb0abfc9,2026-10-21T01:30:00Z,San Antonio Spurs,Oklahoma City Thunder,betmgm,totals,Over,230.5,1.91
2026-09-04T07:13:05Z,scheduled,bccd283de56915e29af1788beb0abfc9,2026-10-21T01:30:00Z,San Antonio Spurs,Oklahoma City Thunder,betmgm,totals,Under,230.5,1.91
2026-09-04T07:13:05Z,scheduled,bccd283de56915e29af1788beb0abfc9,2026-10-21T01:30:00Z,San Antonio Spurs,Oklahoma City Thunder,draftkings,h2h,Oklahoma City Thunder,,2.0
2026-09-04T07:13:05Z,scheduled,bccd283de56915e29af1788beb0abfc9,2026-10-21T01:30:00Z,San Antonio Spurs,Oklahoma City Thunder,draftkings,h2h,San Antonio Spurs,,1.83
2026-09-04T07:13:05Z,scheduled,bccd283de56915e29af1788beb0abfc9,2026-10-21T01:30:00Z,San Antonio Spurs,Oklahoma City Thunder,draftkings,spreads,Oklahoma City Thunder,1.5,1.91
2026-09-04T07:13:05Z,scheduled,bccd283de56915e29af1788beb0abfc9,2026-10-21T01:30:00Z,San Antonio Spurs,Oklahoma City Thunder,draftkings,spreads,San Antonio Spurs,-1.5,1.91
2026-09-04T07:13:05Z,scheduled,bccd283de56915e29af1788beb0abfc9,2026-10-21T01:30:00Z,San Antonio Spurs,Oklahoma City Thunder,draftkings,totals,Over,230.5,1.91
2026-09-04T07:13:05Z,scheduled,bccd283de56915e29af1788beb0abfc9,2026-10-21T01:30:00Z,San Antonio Spurs,Oklahoma City Thunder,draftkings,totals,Under,230.5,1.91
2026-09-04T07:13:05Z,scheduled,bccd283de56915e29af1788beb0abfc9,2026-10-21T01:30:00Z,San Antonio Spurs,Oklahoma City Thunder,betsson,h2h,Oklahoma City Thunder,,2.04
2026-09-04T07:13:05Z,scheduled,bccd283de56915e29af1788beb0abfc9,2026-10-21T01:30:00Z,San Antonio Spurs,Oklahoma City Thunder,betsson,h2h,San Antonio Spurs,,1.78
2026-09-04T07:13:05Z,scheduled,bccd283de56915e29af1788beb0abfc9,2026-10-21T01:30:00Z,San Antonio Spurs,Oklahoma City Thunder,betsson,totals,Over,231.5,1.86
2026-09-04T07:13:05Z,scheduled,bccd283de56915e29af1788beb0abfc9,2026-10-21T01:30:00Z,San Antonio Spurs,Oklahoma City Thunder,betsson,totals,Under,231.5,1.9
2026-09-04T07:13:05Z,scheduled,85e6e4e2404ef7268659739997758da1,2026-10-21T23:10:00Z,Orlando Magic,Atlanta Hawks,draftkings,h2h,Atlanta Hawks,,2.14
2026-09-04T07:13:05Z,scheduled,85e6e4e2404ef7268659739997758da1,2026-10-21T23:10:00Z,Orlando Magic,Atlanta Hawks,draftkings,h2h,Orlando Magic,,1.74
2026-09-04T07:13:05Z,scheduled,85e6e4e2404ef7268659739997758da1,2026-10-21T23:10:00Z,Orlando Magic,Atlanta Hawks,draftkings,spreads,Atlanta Hawks,2.5,1.91
2026-09-04T07:13:05Z,scheduled,85e6e4e2404ef7268659739997758da1,2026-10-21T23:10:00Z,Orlando Magic,Atlanta Hawks,draftkings,spreads,Orlando Magic,-2.5,1.91
2026-09-04T07:13:05Z,scheduled,85e6e4e2404ef7268659739997758da1,2026-10-21T23:10:00Z,Orlando Magic,Atlanta Hawks,draftkings,totals,Over,233.5,1.91
2026-09-04T07:13:05Z,scheduled,85e6e4e2404ef7268659739997758da1,2026-10-21T23:10:00Z,Orlando Magic,Atlanta Hawks,draftkings,totals,Under,233.5,1.91
2026-09-04T07:13:05Z,scheduled,85e6e4e2404ef7268659739997758da1,2026-10-21T23:10:00Z,Orlando Magic,Atlanta Hawks,betmgm,h2h,Atlanta Hawks,,2.15
2026-09-04T07:13:05Z,scheduled,85e6e4e2404ef7268659739997758da1,2026-10-21T23:10:00Z,Orlando Magic,Atlanta Hawks,betmgm,h2h,Orlando Magic,,1.74
2026-09-04T07:13:05Z,scheduled,85e6e4e2404ef7268659739997758da1,2026-10-21T23:10:00Z,Orlando Magic,Atlanta Hawks,betmgm,spreads,Atlanta Hawks,2.5,1.91
2026-09-04T07:13:05Z,scheduled,85e6e4e2404ef7268659739997758da1,2026-10-21T23:10:00Z,Orlando Magic,Atlanta Hawks,betmgm,spreads,Orlando Magic,-2.5,1.91
2026-09-04T07:13:05Z,scheduled,85e6e4e2404ef7268659739997758da1,2026-10-21T23:10:00Z,Orlando Magic,Atlanta Hawks,betmgm,totals,Over,233.5,1.91
2026-09-04T07:13:05Z,scheduled,85e6e4e2404ef7268659739997758da1,2026-10-21T23:10:00Z,Orlando Magic,Atlanta Hawks,betmgm,totals,Under,233.5,1.91
2026-09-04T07:13:05Z,scheduled,85e6e4e2404ef7268659739997758da1,2026-10-21T23:10:00Z,Orlando Magic,Atlanta Hawks,betsson,h2h,Atlanta Hawks,,2.08
2026-09-04T07:13:05Z,scheduled,85e6e4e2404ef7268659739997758da1,2026-10-21T23:10:00Z,Orlando Magic,Atlanta Hawks,betsson,h2h,Orlando Magic,,1.75
2026-09-04T07:13:05Z,scheduled,85e6e4e2404ef7268659739997758da1,2026-10-21T23:10:00Z,Orlando Magic,Atlanta Hawks,betsson,totals,Over,233.5,1.88
2026-09-04T07:13:05Z,scheduled,85e6e4e2404ef7268659739997758da1,2026-10-21T23:10:00Z,Orlando Magic,Atlanta Hawks,betsson,totals,Under,233.5,1.88
2026-09-04T07:13:05Z,scheduled,164cc0396837d5ff433215ffd3279283,2026-10-21T23:10:00Z,Washington Wizards,Milwaukee Bucks,draftkings,h2h,Milwaukee Bucks,,2.9
2026-09-04T07:13:05Z,scheduled,164cc0396837d5ff433215ffd3279283,2026-10-21T23:10:00Z,Washington Wizards,Milwaukee Bucks,draftkings,h2h,Washington Wizards,,1.43
2026-09-04T07:13:05Z,scheduled,164cc0396837d5ff433215ffd3279283,2026-10-21T23:10:00Z,Washington Wizards,Milwaukee Bucks,draftkings,spreads,Milwaukee Bucks,6.5,1.91
2026-09-04T07:13:05Z,scheduled,164cc0396837d5ff433215ffd3279283,2026-10-21T23:10:00Z,Washington Wizards,Milwaukee Bucks,draftkings,spreads,Washington Wizards,-6.5,1.91
2026-09-04T07:13:05Z,scheduled,164cc0396837d5ff433215ffd3279283,2026-10-21T23:10:00Z,Washington Wizards,Milwaukee Bucks,draftkings,totals,Over,238.5,1.95
2026-09-04T07:13:05Z,scheduled,164cc0396837d5ff433215ffd3279283,2026-10-21T23:10:00Z,Washington Wizards,Milwaukee Bucks,draftkings,totals,Under,238.5,1.87
2026-09-04T07:13:05Z,scheduled,164cc0396837d5ff433215ffd3279283,2026-10-21T23:10:00Z,Washington Wizards,Milwaukee Bucks,betmgm,h2h,Milwaukee Bucks,,2.8
2026-09-04T07:13:05Z,scheduled,164cc0396837d5ff433215ffd3279283,2026-10-21T23:10:00Z,Washington Wizards,Milwaukee Bucks,betmgm,h2h,Washington Wizards,,1.45
2026-09-04T07:13:05Z,scheduled,164cc0396837d5ff433215ffd3279283,2026-10-21T23:10:00Z,Washington Wizards,Milwaukee Bucks,betmgm,spreads,Milwaukee Bucks,6.5,1.91
2026-09-04T07:13:05Z,scheduled,164cc0396837d5ff433215ffd3279283,2026-10-21T23:10:00Z,Washington Wizards,Milwaukee Bucks,betmgm,spreads,Washington Wizards,-6.5,1.91
2026-09-04T07:13:05Z,scheduled,164cc0396837d5ff433215ffd3279283,2026-10-21T23:10:00Z,Washington Wizards,Milwaukee Bucks,betmgm,totals,Over,238.5,1.91
2026-09-04T07:13:05Z,scheduled,164cc0396837d5ff433215ffd3279283,2026-10-21T23:10:00Z,Washington Wizards,Milwaukee Bucks,betmgm,totals,Under,238.5,1.91
2026-09-04T07:13:05Z,scheduled,164cc0396837d5ff433215ffd3279283,2026-10-21T23:10:00Z,Washington Wizards,Milwaukee Bucks,betsson,h2h,Milwaukee Bucks,,2.8
2026-09-04T07:13:05Z,scheduled,164cc0396837d5ff433215ffd3279283,2026-10-21T23:10:00Z,Washington Wizards,Milwaukee Bucks,betsson,h2h,Washington Wizards,,1.44
2026-09-04T07:13:05Z,scheduled,164cc0396837d5ff433215ffd3279283,2026-10-21T23:10:00Z,Washington Wizards,Milwaukee Bucks,betsson,totals,Over,238.5,1.88
2026-09-04T07:13:05Z,scheduled,164cc0396837d5ff433215ffd3279283,2026-10-21T23:10:00Z,Washington Wizards,Milwaukee Bucks,betsson,totals,Under,238.5,1.88
2026-09-04T07:13:05Z,scheduled,47cc511bb5ce50f715e3625ce5ef77ee,2026-10-21T23:40:00Z,Brooklyn Nets,Charlotte Hornets,draftkings,h2h,Brooklyn Nets,,2.42
2026-09-04T07:13:05Z,scheduled,47cc511bb5ce50f715e3625ce5ef77ee,2026-10-21T23:40:00Z,Brooklyn Nets,Charlotte Hornets,draftkings,h2h,Charlotte Hornets,,1.59
2026-09-04T07:13:05Z,scheduled,47cc511bb5ce50f715e3625ce5ef77ee,2026-10-21T23:40:00Z,Brooklyn Nets,Charlotte Hornets,draftkings,spreads,Brooklyn Nets,4.5,1.91
2026-09-04T07:13:05Z,scheduled,47cc511bb5ce50f715e3625ce5ef77ee,2026-10-21T23:40:00Z,Brooklyn Nets,Charlotte Hornets,draftkings,spreads,Charlotte Hornets,-4.5,1.91
2026-09-04T07:13:05Z,scheduled,47cc511bb5ce50f715e3625ce5ef77ee,2026-10-21T23:40:00Z,Brooklyn Nets,Charlotte Hornets,draftkings,totals,Over,226.5,1.95
2026-09-04T07:13:05Z,scheduled,47cc511bb5ce50f715e3625ce5ef77ee,2026-10-21T23:40:00Z,Brooklyn Nets,Charlotte Hornets,draftkings,totals,Under,226.5,1.87
2026-09-04T07:13:05Z,scheduled,47cc511bb5ce50f715e3625ce5ef77ee,2026-10-21T23:40:00Z,Brooklyn Nets,Charlotte Hornets,betmgm,h2h,Brooklyn Nets,,2.4
2026-09-04T07:13:05Z,scheduled,47cc511bb5ce50f715e3625ce5ef77ee,2026-10-21T23:40:00Z,Brooklyn Nets,Charlotte Hornets,betmgm,h2h,Charlotte Hornets,,1.61
2026-09-04T07:13:05Z,scheduled,47cc511bb5ce50f715e3625ce5ef77ee,2026-10-21T23:40:00Z,Brooklyn Nets,Charlotte Hornets,betmgm,spreads,Brooklyn Nets,4.5,1.91
2026-09-04T07:13:05Z,scheduled,47cc511bb5ce50f715e3625ce5ef77ee,2026-10-21T23:40:00Z,Brooklyn Nets,Charlotte Hornets,betmgm,spreads,Charlotte Hornets,-4.5,1.91
2026-09-04T07:13:05Z,scheduled,47cc511bb5ce50f715e3625ce5ef77ee,2026-10-21T23:40:00Z,Brooklyn Nets,Charlotte Hornets,betmgm,totals,Over,226.5,1.91
2026-09-04T07:13:05Z,scheduled,47cc511bb5ce50f715e3625ce5ef77ee,2026-10-21T23:40:00Z,Brooklyn Nets,Charlotte Hornets,betmgm,totals,Under,226.5,1.91
2026-09-04T07:13:05Z,scheduled,47cc511bb5ce50f715e3625ce5ef77ee,2026-10-21T23:40:00Z,Brooklyn Nets,Charlotte Hornets,betsson,h2h,Brooklyn Nets,,2.35
2026-09-04T07:13:05Z,scheduled,47cc511bb5ce50f715e3625ce5ef77ee,2026-10-21T23:40:00Z,Brooklyn Nets,Charlotte Hornets,betsson,h2h,Charlotte Hornets,,1.58
2026-09-04T07:13:05Z,scheduled,47cc511bb5ce50f715e3625ce5ef77ee,2026-10-21T23:40:00Z,Brooklyn Nets,Charlotte Hornets,betsson,spreads,Brooklyn Nets,4.5,1.88
2026-09-04T07:13:05Z,scheduled,47cc511bb5ce50f715e3625ce5ef77ee,2026-10-21T23:40:00Z,Brooklyn Nets,Charlotte Hornets,betsson,spreads,Charlotte Hornets,-4.5,1.88
2026-09-04T07:13:05Z,scheduled,47cc511bb5ce50f715e3625ce5ef77ee,2026-10-21T23:40:00Z,Brooklyn Nets,Charlotte Hornets,betsson,totals,Over,226.5,1.88
2026-09-04T07:13:05Z,scheduled,47cc511bb5ce50f715e3625ce5ef77ee,2026-10-21T23:40:00Z,Brooklyn Nets,Charlotte Hornets,betsson,totals,Under,226.5,1.88
2026-09-04T07:13:05Z,scheduled,93cdd8e4ade5697cfccf42ee42c4d207,2026-10-21T23:40:00Z,Miami Heat,Minnesota Timberwolves,draftkings,h2h,Miami Heat,,1.8
2026-09-04T07:13:05Z,scheduled,93cdd8e4ade5697cfccf42ee42c4d207,2026-10-21T23:40:00Z,Miami Heat,Minnesota Timberwolves,draftkings,h2h,Minnesota Timberwolves,,2.05
2026-09-04T07:13:05Z,scheduled,93cdd8e4ade5697cfccf42ee42c4d207,2026-10-21T23:40:00Z,Miami Heat,Minnesota Timberwolves,draftkings,spreads,Miami Heat,-1.5,1.87
2026-09-04T07:13:05Z,scheduled,93cdd8e4ade5697cfccf42ee42c4d207,2026-10-21T23:40:00Z,Miami Heat,Minnesota Timberwolves,draftkings,spreads,Minnesota Timberwolves,1.5,1.95
2026-09-04T07:13:05Z,scheduled,93cdd8e4ade5697cfccf42ee42c4d207,2026-10-21T23:40:00Z,Miami Heat,Minnesota Timberwolves,draftkings,totals,Over,242.5,1.87
2026-09-04T07:13:05Z,scheduled,93cdd8e4ade5697cfccf42ee42c4d207,2026-10-21T23:40:00Z,Miami Heat,Minnesota Timberwolves,draftkings,totals,Under,242.5,1.95
2026-09-04T07:13:05Z,scheduled,93cdd8e4ade5697cfccf42ee42c4d207,2026-10-21T23:40:00Z,Miami Heat,Minnesota Timberwolves,fanduel,h2h,Miami Heat,,1.93
2026-09-04T07:13:05Z,scheduled,93cdd8e4ade5697cfccf42ee42c4d207,2026-10-21T23:40:00Z,Miami Heat,Minnesota Timberwolves,fanduel,h2h,Minnesota Timberwolves,,1.93
2026-09-04T07:13:05Z,scheduled,93cdd8e4ade5697cfccf42ee42c4d207,2026-10-21T23:40:00Z,Miami Heat,Minnesota Timberwolves,fanduel,spreads,Miami Heat,-1.5,1.98
2026-09-04T07:13:05Z,scheduled,93cdd8e4ade5697cfccf42ee42c4d207,2026-10-21T23:40:00Z,Miami Heat,Minnesota Timberwolves,fanduel,spreads,Minnesota Timberwolves,1.5,1.83
2026-09-04T07:13:05Z,scheduled,93cdd8e4ade5697cfccf42ee42c4d207,2026-10-21T23:40:00Z,Miami Heat,Minnesota Timberwolves,fanduel,totals,Over,243.5,1.91
2026-09-04T07:13:05Z,scheduled,93cdd8e4ade5697cfccf42ee42c4d207,2026-10-21T23:40:00Z,Miami Heat,Minnesota Timberwolves,fanduel,totals,Under,243.5,1.91
2026-09-04T07:13:05Z,scheduled,93cdd8e4ade5697cfccf42ee42c4d207,2026-10-21T23:40:00Z,Miami Heat,Minnesota Timberwolves,betmgm,h2h,Miami Heat,,1.83
2026-09-04T07:13:05Z,scheduled,93cdd8e4ade5697cfccf42ee42c4d207,2026-10-21T23:40:00Z,Miami Heat,Minnesota Timberwolves,betmgm,h2h,Minnesota Timberwolves,,2.05
2026-09-04T07:13:05Z,scheduled,93cdd8e4ade5697cfccf42ee42c4d207,2026-10-21T23:40:00Z,Miami Heat,Minnesota Timberwolves,betmgm,spreads,Miami Heat,-1.5,1.91
2026-09-04T07:13:05Z,scheduled,93cdd8e4ade5697cfccf42ee42c4d207,2026-10-21T23:40:00Z,Miami Heat,Minnesota Timberwolves,betmgm,spreads,Minnesota Timberwolves,1.5,1.91
2026-09-04T07:13:05Z,scheduled,93cdd8e4ade5697cfccf42ee42c4d207,2026-10-21T23:40:00Z,Miami Heat,Minnesota Timberwolves,betmgm,totals,Over,243.5,1.91
2026-09-04T07:13:05Z,scheduled,93cdd8e4ade5697cfccf42ee42c4d207,2026-10-21T23:40:00Z,Miami Heat,Minnesota Timberwolves,betmgm,totals,Under,243.5,1.91
2026-09-04T07:13:05Z,scheduled,93cdd8e4ade5697cfccf42ee42c4d207,2026-10-21T23:40:00Z,Miami Heat,Minnesota Timberwolves,betsson,h2h,Miami Heat,,1.85
2026-09-04T07:13:05Z,scheduled,93cdd8e4ade5697cfccf42ee42c4d207,2026-10-21T23:40:00Z,Miami Heat,Minnesota Timberwolves,betsson,h2h,Minnesota Timberwolves,,1.95
2026-09-04T07:13:05Z,scheduled,93cdd8e4ade5697cfccf42ee42c4d207,2026-10-21T23:40:00Z,Miami Heat,Minnesota Timberwolves,betsson,totals,Over,243.5,1.88
2026-09-04T07:13:05Z,scheduled,93cdd8e4ade5697cfccf42ee42c4d207,2026-10-21T23:40:00Z,Miami Heat,Minnesota Timberwolves,betsson,totals,Under,243.5,1.88
2026-09-04T07:13:05Z,scheduled,fd33c09c84ab4c2fe6955d59f8dc5dd2,2026-10-22T00:10:00Z,New Orleans Pelicans,Indiana Pacers,draftkings,h2h,Indiana Pacers,,1.6
2026-09-04T07:13:05Z,scheduled,fd33c09c84ab4c2fe6955d59f8dc5dd2,2026-10-22T00:10:00Z,New Orleans Pelicans,Indiana Pacers,draftkings,h2h,New Orleans Pelicans,,2.4
2026-09-04T07:13:05Z,scheduled,fd33c09c84ab4c2fe6955d59f8dc5dd2,2026-10-22T00:10:00Z,New Orleans Pelicans,Indiana Pacers,draftkings,spreads,Indiana Pacers,-3.5,1.85
2026-09-04T07:13:05Z,scheduled,fd33c09c84ab4c2fe6955d59f8dc5dd2,2026-10-22T00:10:00Z,New Orleans Pelicans,Indiana Pacers,draftkings,spreads,New Orleans Pelicans,3.5,1.98
2026-09-04T07:13:05Z,scheduled,fd33c09c84ab4c2fe6955d59f8dc5dd2,2026-10-22T00:10:00Z,New Orleans Pelicans,Indiana Pacers,draftkings,totals,Over,242.5,1.87
2026-09-04T07:13:05Z,scheduled,fd33c09c84ab4c2fe6955d59f8dc5dd2,2026-10-22T00:10:00Z,New Orleans Pelicans,Indiana Pacers,draftkings,totals,Under,242.5,1.95
2026-09-04T07:13:05Z,scheduled,fd33c09c84ab4c2fe6955d59f8dc5dd2,2026-10-22T00:10:00Z,New Orleans Pelicans,Indiana Pacers,betmgm,h2h,Indiana Pacers,,1.61
2026-09-04T07:13:05Z,scheduled,fd33c09c84ab4c2fe6955d59f8dc5dd2,2026-10-22T00:10:00Z,New Orleans Pelicans,Indiana Pacers,betmgm,h2h,New Orleans Pelicans,,2.4
2026-09-04T07:13:05Z,scheduled,fd33c09c84ab4c2fe6955d59f8dc5dd2,2026-10-22T00:10:00Z,New Orleans Pelicans,Indiana Pacers,betmgm,spreads,Indiana Pacers,-4.5,1.91
2026-09-04T07:13:05Z,scheduled,fd33c09c84ab4c2fe6955d59f8dc5dd2,2026-10-22T00:10:00Z,New Orleans Pelicans,Indiana Pacers,betmgm,spreads,New Orleans Pelicans,4.5,1.91
2026-09-04T07:13:05Z,scheduled,fd33c09c84ab4c2fe6955d59f8dc5dd2,2026-10-22T00:10:00Z,New Orleans Pelicans,Indiana Pacers,betmgm,totals,Over,243.5,1.91
2026-09-04T07:13:05Z,scheduled,fd33c09c84ab4c2fe6955d59f8dc5dd2,2026-10-22T00:10:00Z,New Orleans Pelicans,Indiana Pacers,betmgm,totals,Under,243.5,1.91
2026-09-04T07:13:05Z,scheduled,fd33c09c84ab4c2fe6955d59f8dc5dd2,2026-10-22T00:10:00Z,New Orleans Pelicans,Indiana Pacers,betsson,h2h,Indiana Pacers,,1.6
2026-09-04T07:13:05Z,scheduled,fd33c09c84ab4c2fe6955d59f8dc5dd2,2026-10-22T00:10:00Z,New Orleans Pelicans,Indiana Pacers,betsson,h2h,New Orleans Pelicans,,2.35
2026-09-04T07:13:05Z,scheduled,fd33c09c84ab4c2fe6955d59f8dc5dd2,2026-10-22T00:10:00Z,New Orleans Pelicans,Indiana Pacers,betsson,spreads,Indiana Pacers,-4.5,1.83
2026-09-04T07:13:05Z,scheduled,fd33c09c84ab4c2fe6955d59f8dc5dd2,2026-10-22T00:10:00Z,New Orleans Pelicans,Indiana Pacers,betsson,spreads,New Orleans Pelicans,4.5,1.93
2026-09-04T07:13:05Z,scheduled,fd33c09c84ab4c2fe6955d59f8dc5dd2,2026-10-22T00:10:00Z,New Orleans Pelicans,Indiana Pacers,betsson,totals,Over,243.5,1.86
2026-09-04T07:13:05Z,scheduled,fd33c09c84ab4c2fe6955d59f8dc5dd2,2026-10-22T00:10:00Z,New Orleans Pelicans,Indiana Pacers,betsson,totals,Under,243.5,1.9
2026-09-04T07:13:05Z,scheduled,e6769c813dd625b622df94c14a562ce2,2026-10-22T00:10:00Z,Memphis Grizzlies,Utah Jazz,draftkings,h2h,Memphis Grizzlies,,2.24
2026-09-04T07:13:05Z,scheduled,e6769c813dd625b622df94c14a562ce2,2026-10-22T00:10:00Z,Memphis Grizzlies,Utah Jazz,draftkings,h2h,Utah Jazz,,1.68
2026-09-04T07:13:05Z,scheduled,e6769c813dd625b622df94c14a562ce2,2026-10-22T00:10:00Z,Memphis Grizzlies,Utah Jazz,draftkings,spreads,Memphis Grizzlies,2.5,1.98
2026-09-04T07:13:05Z,scheduled,e6769c813dd625b622df94c14a562ce2,2026-10-22T00:10:00Z,Memphis Grizzlies,Utah Jazz,draftkings,spreads,Utah Jazz,-2.5,1.85
2026-09-04T07:13:05Z,scheduled,e6769c813dd625b622df94c14a562ce2,2026-10-22T00:10:00Z,Memphis Grizzlies,Utah Jazz,draftkings,totals,Over,241.5,1.91
2026-09-04T07:13:05Z,scheduled,e6769c813dd625b622df94c14a562ce2,2026-10-22T00:10:00Z,Memphis Grizzlies,Utah Jazz,draftkings,totals,Under,241.5,1.91
2026-09-04T07:13:05Z,scheduled,e6769c813dd625b622df94c14a562ce2,2026-10-22T00:10:00Z,Memphis Grizzlies,Utah Jazz,betmgm,h2h,Memphis Grizzlies,,2.2
2026-09-04T07:13:05Z,scheduled,e6769c813dd625b622df94c14a562ce2,2026-10-22T00:10:00Z,Memphis Grizzlies,Utah Jazz,betmgm,h2h,Utah Jazz,,1.69
2026-09-04T07:13:05Z,scheduled,e6769c813dd625b622df94c14a562ce2,2026-10-22T00:10:00Z,Memphis Grizzlies,Utah Jazz,betmgm,spreads,Memphis Grizzlies,2.5,1.91
2026-09-04T07:13:05Z,scheduled,e6769c813dd625b622df94c14a562ce2,2026-10-22T00:10:00Z,Memphis Grizzlies,Utah Jazz,betmgm,spreads,Utah Jazz,-2.5,1.91
2026-09-04T07:13:05Z,scheduled,e6769c813dd625b622df94c14a562ce2,2026-10-22T00:10:00Z,Memphis Grizzlies,Utah Jazz,betmgm,totals,Over,241.5,1.91
2026-09-04T07:13:05Z,scheduled,e6769c813dd625b622df94c14a562ce2,2026-10-22T00:10:00Z,Memphis Grizzlies,Utah Jazz,betmgm,totals,Under,241.5,1.91
2026-09-04T07:13:05Z,scheduled,e6769c813dd625b622df94c14a562ce2,2026-10-22T00:10:00Z,Memphis Grizzlies,Utah Jazz,betsson,h2h,Memphis Grizzlies,,2.18
2026-09-04T07:13:05Z,scheduled,e6769c813dd625b622df94c14a562ce2,2026-10-22T00:10:00Z,Memphis Grizzlies,Utah Jazz,betsson,h2h,Utah Jazz,,1.68
2026-09-04T07:13:05Z,scheduled,e6769c813dd625b622df94c14a562ce2,2026-10-22T00:10:00Z,Memphis Grizzlies,Utah Jazz,betsson,totals,Over,242.5,1.9
2026-09-04T07:13:05Z,scheduled,e6769c813dd625b622df94c14a562ce2,2026-10-22T00:10:00Z,Memphis Grizzlies,Utah Jazz,betsson,totals,Under,242.5,1.86
2026-09-04T07:13:05Z,scheduled,af2f084075391e55ba2a596e7846bb40,2026-10-22T00:40:00Z,Houston Rockets,Dallas Mavericks,draftkings,h2h,Dallas Mavericks,,3.5
2026-09-04T07:13:05Z,scheduled,af2f084075391e55ba2a596e7846bb40,2026-10-22T00:40:00Z,Houston Rockets,Dallas Mavericks,draftkings,h2h,Houston Rockets,,1.32
2026-09-04T07:13:05Z,scheduled,af2f084075391e55ba2a596e7846bb40,2026-10-22T00:40:00Z,Houston Rockets,Dallas Mavericks,draftkings,spreads,Dallas Mavericks,8.5,1.85
2026-09-04T07:13:05Z,scheduled,af2f084075391e55ba2a596e7846bb40,2026-10-22T00:40:00Z,Houston Rockets,Dallas Mavericks,draftkings,spreads,Houston Rockets,-8.5,1.98
2026-09-04T07:13:05Z,scheduled,af2f084075391e55ba2a596e7846bb40,2026-10-22T00:40:00Z,Houston Rockets,Dallas Mavericks,draftkings,totals,Over,227.5,1.95
2026-09-04T07:13:05Z,scheduled,af2f084075391e55ba2a596e7846bb40,2026-10-22T00:40:00Z,Houston Rockets,Dallas Mavericks,draftkings,totals,Under,227.5,1.87
2026-09-04T07:13:05Z,scheduled,af2f084075391e55ba2a596e7846bb40,2026-10-22T00:40:00Z,Houston Rockets,Dallas Mavericks,betmgm,h2h,Dallas Mavericks,,3.4
2026-09-04T07:13:05Z,scheduled,af2f084075391e55ba2a596e7846bb40,2026-10-22T00:40:00Z,Houston Rockets,Dallas Mavericks,betmgm,h2h,Houston Rockets,,1.33
2026-09-04T07:13:05Z,scheduled,af2f084075391e55ba2a596e7846bb40,2026-10-22T00:40:00Z,Houston Rockets,Dallas Mavericks,betmgm,spreads,Dallas Mavericks,8.5,1.87
2026-09-04T07:13:05Z,scheduled,af2f084075391e55ba2a596e7846bb40,2026-10-22T00:40:00Z,Houston Rockets,Dallas Mavericks,betmgm,spreads,Houston Rockets,-8.5,1.95
2026-09-04T07:13:05Z,scheduled,af2f084075391e55ba2a596e7846bb40,2026-10-22T00:40:00Z,Houston Rockets,Dallas Mavericks,betmgm,totals,Over,227.5,1.91
2026-09-04T07:13:05Z,scheduled,af2f084075391e55ba2a596e7846bb40,2026-10-22T00:40:00Z,Houston Rockets,Dallas Mavericks,betmgm,totals,Under,227.5,1.91
2026-09-04T07:13:05Z,scheduled,af2f084075391e55ba2a596e7846bb40,2026-10-22T00:40:00Z,Houston Rockets,Dallas Mavericks,betsson,h2h,Dallas Mavericks,,3.25
2026-09-04T07:13:05Z,scheduled,af2f084075391e55ba2a596e7846bb40,2026-10-22T00:40:00Z,Houston Rockets,Dallas Mavericks,betsson,h2h,Houston Rockets,,1.34
2026-09-04T07:13:05Z,scheduled,af2f084075391e55ba2a596e7846bb40,2026-10-22T00:40:00Z,Houston Rockets,Dallas Mavericks,betsson,totals,Over,227.5,1.88
2026-09-04T07:13:05Z,scheduled,af2f084075391e55ba2a596e7846bb40,2026-10-22T00:40:00Z,Houston Rockets,Dallas Mavericks,betsson,totals,Under,227.5,1.88
2026-09-04T07:13:05Z,scheduled,6fff70f4bf196dba25060a5775a03b54,2026-10-22T02:10:00Z,Los Angeles Lakers,Golden State Warriors,draftkings,h2h,Golden State Warriors,,2.54
2026-09-04T07:13:05Z,scheduled,6fff70f4bf196dba25060a5775a03b54,2026-10-22T02:10:00Z,Los Angeles Lakers,Golden State Warriors,draftkings,h2h,Los Angeles Lakers,,1.54
2026-09-04T07:13:05Z,scheduled,6fff70f4bf196dba25060a5775a03b54,2026-10-22T02:10:00Z,Los Angeles Lakers,Golden State Warriors,draftkings,spreads,Golden State Warriors,4.5,1.98
2026-09-04T07:13:05Z,scheduled,6fff70f4bf196dba25060a5775a03b54,2026-10-22T02:10:00Z,Los Angeles Lakers,Golden State Warriors,draftkings,spreads,Los Angeles Lakers,-4.5,1.85
2026-09-04T07:13:05Z,scheduled,6fff70f4bf196dba25060a5775a03b54,2026-10-22T02:10:00Z,Los Angeles Lakers,Golden State Warriors,draftkings,totals,Over,235.5,1.91
2026-09-04T07:13:05Z,scheduled,6fff70f4bf196dba25060a5775a03b54,2026-10-22T02:10:00Z,Los Angeles Lakers,Golden State Warriors,draftkings,totals,Under,235.5,1.91
2026-09-04T07:13:05Z,scheduled,6fff70f4bf196dba25060a5775a03b54,2026-10-22T02:10:00Z,Los Angeles Lakers,Golden State Warriors,fanduel,h2h,Golden State Warriors,,2.42
2026-09-04T07:13:05Z,scheduled,6fff70f4bf196dba25060a5775a03b54,2026-10-22T02:10:00Z,Los Angeles Lakers,Golden State Warriors,fanduel,h2h,Los Angeles Lakers,,1.6
2026-09-04T07:13:05Z,scheduled,6fff70f4bf196dba25060a5775a03b54,2026-10-22T02:10:00Z,Los Angeles Lakers,Golden State Warriors,fanduel,spreads,Golden State Warriors,3.5,1.98
2026-09-04T07:13:05Z,scheduled,6fff70f4bf196dba25060a5775a03b54,2026-10-22T02:10:00Z,Los Angeles Lakers,Golden State Warriors,fanduel,spreads,Los Angeles Lakers,-3.5,1.83
2026-09-04T07:13:05Z,scheduled,6fff70f4bf196dba25060a5775a03b54,2026-10-22T02:10:00Z,Los Angeles Lakers,Golden State Warriors,fanduel,totals,Over,236.5,1.91
2026-09-04T07:13:05Z,scheduled,6fff70f4bf196dba25060a5775a03b54,2026-10-22T02:10:00Z,Los Angeles Lakers,Golden State Warriors,fanduel,totals,Under,236.5,1.91
2026-09-04T07:13:05Z,scheduled,6fff70f4bf196dba25060a5775a03b54,2026-10-22T02:10:00Z,Los Angeles Lakers,Golden State Warriors,betmgm,h2h,Golden State Warriors,,2.55
2026-09-04T07:13:05Z,scheduled,6fff70f4bf196dba25060a5775a03b54,2026-10-22T02:10:00Z,Los Angeles Lakers,Golden State Warriors,betmgm,h2h,Los Angeles Lakers,,1.53
2026-09-04T07:13:05Z,scheduled,6fff70f4bf196dba25060a5775a03b54,2026-10-22T02:10:00Z,Los Angeles Lakers,Golden State Warriors,betmgm,spreads,Golden State Warriors,5.5,1.91
2026-09-04T07:13:05Z,scheduled,6fff70f4bf196dba25060a5775a03b54,2026-10-22T02:10:00Z,Los Angeles Lakers,Golden State Warriors,betmgm,spreads,Los Angeles Lakers,-5.5,1.91
2026-09-04T07:13:05Z,scheduled,6fff70f4bf196dba25060a5775a03b54,2026-10-22T02:10:00Z,Los Angeles Lakers,Golden State Warriors,betmgm,totals,Over,235.5,1.91
2026-09-04T07:13:05Z,scheduled,6fff70f4bf196dba25060a5775a03b54,2026-10-22T02:10:00Z,Los Angeles Lakers,Golden State Warriors,betmgm,totals,Under,235.5,1.91
2026-09-04T07:13:05Z,scheduled,71e24359951927c356bd8c852fb867dd,2026-10-22T02:10:00Z,Portland Trail Blazers,Phoenix Suns,draftkings,h2h,Phoenix Suns,,2.42
2026-09-04T07:13:05Z,scheduled,71e24359951927c356bd8c852fb867dd,2026-10-22T02:10:00Z,Portland Trail Blazers,Phoenix Suns,draftkings,h2h,Portland Trail Blazers,,1.59
2026-09-04T07:13:05Z,scheduled,71e24359951927c356bd8c852fb867dd,2026-10-22T02:10:00Z,Portland Trail Blazers,Phoenix Suns,draftkings,spreads,Phoenix Suns,4.5,1.91
2026-09-04T07:13:05Z,scheduled,71e24359951927c356bd8c852fb867dd,2026-10-22T02:10:00Z,Portland Trail Blazers,Phoenix Suns,draftkings,spreads,Portland Trail Blazers,-4.5,1.91
2026-09-04T07:13:05Z,scheduled,71e24359951927c356bd8c852fb867dd,2026-10-22T02:10:00Z,Portland Trail Blazers,Phoenix Suns,draftkings,totals,Over,235.5,1.91
2026-09-04T07:13:05Z,scheduled,71e24359951927c356bd8c852fb867dd,2026-10-22T02:10:00Z,Portland Trail Blazers,Phoenix Suns,draftkings,totals,Under,235.5,1.91
2026-09-04T07:13:05Z,scheduled,71e24359951927c356bd8c852fb867dd,2026-10-22T02:10:00Z,Portland Trail Blazers,Phoenix Suns,betmgm,h2h,Phoenix Suns,,2.45
2026-09-04T07:13:05Z,scheduled,71e24359951927c356bd8c852fb867dd,2026-10-22T02:10:00Z,Portland Trail Blazers,Phoenix Suns,betmgm,h2h,Portland Trail Blazers,,1.57
2026-09-04T07:13:05Z,scheduled,71e24359951927c356bd8c852fb867dd,2026-10-22T02:10:00Z,Portland Trail Blazers,Phoenix Suns,betmgm,spreads,Phoenix Suns,4.5,1.91
2026-09-04T07:13:05Z,scheduled,71e24359951927c356bd8c852fb867dd,2026-10-22T02:10:00Z,Portland Trail Blazers,Phoenix Suns,betmgm,spreads,Portland Trail Blazers,-4.5,1.91
2026-09-04T07:13:05Z,scheduled,71e24359951927c356bd8c852fb867dd,2026-10-22T02:10:00Z,Portland Trail Blazers,Phoenix Suns,betmgm,totals,Over,235.5,1.91
2026-09-04T07:13:05Z,scheduled,71e24359951927c356bd8c852fb867dd,2026-10-22T02:10:00Z,Portland Trail Blazers,Phoenix Suns,betmgm,totals,Under,235.5,1.91
2026-09-04T07:13:05Z,scheduled,71e24359951927c356bd8c852fb867dd,2026-10-22T02:10:00Z,Portland Trail Blazers,Phoenix Suns,betsson,h2h,Phoenix Suns,,2.38
2026-09-04T07:13:05Z,scheduled,71e24359951927c356bd8c852fb867dd,2026-10-22T02:10:00Z,Portland Trail Blazers,Phoenix Suns,betsson,h2h,Portland Trail Blazers,,1.58
2026-09-04T07:13:05Z,scheduled,71e24359951927c356bd8c852fb867dd,2026-10-22T02:10:00Z,Portland Trail Blazers,Phoenix Suns,betsson,totals,Over,235.5,1.86
2026-09-04T07:13:05Z,scheduled,71e24359951927c356bd8c852fb867dd,2026-10-22T02:10:00Z,Portland Trail Blazers,Phoenix Suns,betsson,totals,Under,235.5,1.9
2026-09-04T07:13:05Z,scheduled,110e33c79c5ec8c0377702aff685f83b,2026-10-22T23:10:00Z,Philadelphia 76ers,Cleveland Cavaliers,draftkings,h2h,Cleveland Cavaliers,,2.45
2026-09-04T07:13:05Z,scheduled,110e33c79c5ec8c0377702aff685f83b,2026-10-22T23:10:00Z,Philadelphia 76ers,Cleveland Cavaliers,draftkings,h2h,Philadelphia 76ers,,1.57
2026-09-04T07:13:05Z,scheduled,110e33c79c5ec8c0377702aff685f83b,2026-10-22T23:10:00Z,Philadelphia 76ers,Cleveland Cavaliers,draftkings,spreads,Cleveland Cavaliers,4.5,1.91
2026-09-04T07:13:05Z,scheduled,110e33c79c5ec8c0377702aff685f83b,2026-10-22T23:10:00Z,Philadelphia 76ers,Cleveland Cavaliers,draftkings,spreads,Philadelphia 76ers,-4.5,1.91
2026-09-04T07:13:05Z,scheduled,110e33c79c5ec8c0377702aff685f83b,2026-10-22T23:10:00Z,Philadelphia 76ers,Cleveland Cavaliers,draftkings,totals,Over,233.5,1.87
2026-09-04T07:13:05Z,scheduled,110e33c79c5ec8c0377702aff685f83b,2026-10-22T23:10:00Z,Philadelphia 76ers,Cleveland Cavaliers,draftkings,totals,Under,233.5,1.95
2026-09-04T07:13:05Z,scheduled,110e33c79c5ec8c0377702aff685f83b,2026-10-22T23:10:00Z,Philadelphia 76ers,Cleveland Cavaliers,betmgm,h2h,Cleveland Cavaliers,,2.45
2026-09-04T07:13:05Z,scheduled,110e33c79c5ec8c0377702aff685f83b,2026-10-22T23:10:00Z,Philadelphia 76ers,Cleveland Cavaliers,betmgm,h2h,Philadelphia 76ers,,1.57
2026-09-04T07:13:05Z,scheduled,110e33c79c5ec8c0377702aff685f83b,2026-10-22T23:10:00Z,Philadelphia 76ers,Cleveland Cavaliers,betmgm,spreads,Cleveland Cavaliers,4.5,1.91
2026-09-04T07:13:05Z,scheduled,110e33c79c5ec8c0377702aff685f83b,2026-10-22T23:10:00Z,Philadelphia 76ers,Cleveland Cavaliers,betmgm,spreads,Philadelphia 76ers,-4.5,1.91
2026-09-04T07:13:05Z,scheduled,110e33c79c5ec8c0377702aff685f83b,2026-10-22T23:10:00Z,Philadelphia 76ers,Cleveland Cavaliers,betmgm,totals,Over,233.5,1.91
2026-09-04T07:13:05Z,scheduled,110e33c79c5ec8c0377702aff685f83b,2026-10-22T23:10:00Z,Philadelphia 76ers,Cleveland Cavaliers,betmgm,totals,Under,233.5,1.91
2026-09-04T07:13:05Z,scheduled,110e33c79c5ec8c0377702aff685f83b,2026-10-22T23:10:00Z,Philadelphia 76ers,Cleveland Cavaliers,betsson,h2h,Cleveland Cavaliers,,2.42
2026-09-04T07:13:05Z,scheduled,110e33c79c5ec8c0377702aff685f83b,2026-10-22T23:10:00Z,Philadelphia 76ers,Cleveland Cavaliers,betsson,h2h,Philadelphia 76ers,,1.56
2026-09-04T07:13:05Z,scheduled,110e33c79c5ec8c0377702aff685f83b,2026-10-22T23:10:00Z,Philadelphia 76ers,Cleveland Cavaliers,betsson,totals,Over,234.5,1.9
2026-09-04T07:13:05Z,scheduled,110e33c79c5ec8c0377702aff685f83b,2026-10-22T23:10:00Z,Philadelphia 76ers,Cleveland Cavaliers,betsson,totals,Under,234.5,1.86
2026-09-04T07:13:05Z,scheduled,223b2883b9b05a67329ef246384b85f1,2026-10-23T01:40:00Z,Oklahoma City Thunder,Denver Nuggets,draftkings,h2h,Denver Nuggets,,3.25
2026-09-04T07:13:05Z,scheduled,223b2883b9b05a67329ef246384b85f1,2026-10-23T01:40:00Z,Oklahoma City Thunder,Denver Nuggets,draftkings,h2h,Oklahoma City Thunder,,1.36
2026-09-04T07:13:05Z,scheduled,223b2883b9b05a67329ef246384b85f1,2026-10-23T01:40:00Z,Oklahoma City Thunder,Denver Nuggets,draftkings,spreads,Denver Nuggets,7.5,1.91
2026-09-04T07:13:05Z,scheduled,223b2883b9b05a67329ef246384b85f1,2026-10-23T01:40:00Z,Oklahoma City Thunder,Denver Nuggets,draftkings,spreads,Oklahoma City Thunder,-7.5,1.91
2026-09-04T07:13:05Z,scheduled,223b2883b9b05a67329ef246384b85f1,2026-10-23T01:40:00Z,Oklahoma City Thunder,Denver Nuggets,draftkings,totals,Over,231.5,1.87
2026-09-04T07:13:05Z,scheduled,223b2883b9b05a67329ef246384b85f1,2026-10-23T01:40:00Z,Oklahoma City Thunder,Denver Nuggets,draftkings,totals,Under,231.5,1.95
2026-09-04T07:13:05Z,scheduled,223b2883b9b05a67329ef246384b85f1,2026-10-23T01:40:00Z,Oklahoma City Thunder,Denver Nuggets,betmgm,h2h,Denver Nuggets,,3.2
2026-09-04T07:13:05Z,scheduled,223b2883b9b05a67329ef246384b85f1,2026-10-23T01:40:00Z,Oklahoma City Thunder,Denver Nuggets,betmgm,h2h,Oklahoma City Thunder,,1.36
2026-09-04T07:13:05Z,scheduled,223b2883b9b05a67329ef246384b85f1,2026-10-23T01:40:00Z,Oklahoma City Thunder,Denver Nuggets,betmgm,spreads,Denver Nuggets,7.5,1.91
2026-09-04T07:13:05Z,scheduled,223b2883b9b05a67329ef246384b85f1,2026-10-23T01:40:00Z,Oklahoma City Thunder,Denver Nuggets,betmgm,spreads,Oklahoma City Thunder,-7.5,1.91
2026-09-04T07:13:05Z,scheduled,223b2883b9b05a67329ef246384b85f1,2026-10-23T01:40:00Z,Oklahoma City Thunder,Denver Nuggets,betmgm,totals,Over,232.5,1.91
2026-09-04T07:13:05Z,scheduled,223b2883b9b05a67329ef246384b85f1,2026-10-23T01:40:00Z,Oklahoma City Thunder,Denver Nuggets,betmgm,totals,Under,232.5,1.91
2026-09-04T07:13:05Z,scheduled,223b2883b9b05a67329ef246384b85f1,2026-10-23T01:40:00Z,Oklahoma City Thunder,Denver Nuggets,betsson,h2h,Denver Nuggets,,3.05
2026-09-04T07:13:05Z,scheduled,223b2883b9b05a67329ef246384b85f1,2026-10-23T01:40:00Z,Oklahoma City Thunder,Denver Nuggets,betsson,h2h,Oklahoma City Thunder,,1.38
2026-09-04T07:13:05Z,scheduled,223b2883b9b05a67329ef246384b85f1,2026-10-23T01:40:00Z,Oklahoma City Thunder,Denver Nuggets,betsson,totals,Over,232.5,1.86
2026-09-04T07:13:05Z,scheduled,223b2883b9b05a67329ef246384b85f1,2026-10-23T01:40:00Z,Oklahoma City Thunder,Denver Nuggets,betsson,totals,Under,232.5,1.9
2026-09-04T07:13:05Z,scheduled,0d34c898f6cbb990077ae9f0a2773513,2026-10-23T23:10:00Z,Boston Celtics,New York Knicks,draftkings,h2h,Boston Celtics,,1.77
2026-09-04T07:13:05Z,scheduled,0d34c898f6cbb990077ae9f0a2773513,2026-10-23T23:10:00Z,Boston Celtics,New York Knicks,draftkings,h2h,New York Knicks,,2.1
2026-09-04T07:13:05Z,scheduled,0d34c898f6cbb990077ae9f0a2773513,2026-10-23T23:10:00Z,Boston Celtics,New York Knicks,draftkings,spreads,Boston Celtics,-2.5,1.91
2026-09-04T07:13:05Z,scheduled,0d34c898f6cbb990077ae9f0a2773513,2026-10-23T23:10:00Z,Boston Celtics,New York Knicks,draftkings,spreads,New York Knicks,2.5,1.91
2026-09-04T07:13:05Z,scheduled,0d34c898f6cbb990077ae9f0a2773513,2026-10-23T23:10:00Z,Boston Celtics,New York Knicks,draftkings,totals,Over,223.5,1.91
2026-09-04T07:13:05Z,scheduled,0d34c898f6cbb990077ae9f0a2773513,2026-10-23T23:10:00Z,Boston Celtics,New York Knicks,draftkings,totals,Under,223.5,1.91
2026-09-04T07:13:05Z,scheduled,0d34c898f6cbb990077ae9f0a2773513,2026-10-23T23:10:00Z,Boston Celtics,New York Knicks,betsson,h2h,Boston Celtics,,1.75
2026-09-04T07:13:05Z,scheduled,0d34c898f6cbb990077ae9f0a2773513,2026-10-23T23:10:00Z,Boston Celtics,New York Knicks,betsson,h2h,New York Knicks,,2.08
2026-09-04T07:13:05Z,scheduled,0d34c898f6cbb990077ae9f0a2773513,2026-10-23T23:10:00Z,Boston Celtics,New York Knicks,betsson,spreads,Boston Celtics,-2.5,1.86
2026-09-04T07:13:05Z,scheduled,0d34c898f6cbb990077ae9f0a2773513,2026-10-23T23:10:00Z,Boston Celtics,New York Knicks,betsson,spreads,New York Knicks,2.5,1.9
2026-09-04T07:13:05Z,scheduled,0d34c898f6cbb990077ae9f0a2773513,2026-10-23T23:10:00Z,Boston Celtics,New York Knicks,betsson,totals,Over,223.5,1.88
2026-09-04T07:13:05Z,scheduled,0d34c898f6cbb990077ae9f0a2773513,2026-10-23T23:10:00Z,Boston Celtics,New York Knicks,betsson,totals,Under,223.5,1.88
2026-09-04T07:13:05Z,scheduled,49fc89a9696a9a20b658732b34ce61c4,2026-10-24T01:40:00Z,San Antonio Spurs,Houston Rockets,draftkings,h2h,Houston Rockets,,2.85
2026-09-04T07:13:05Z,scheduled,49fc89a9696a9a20b658732b34ce61c4,2026-10-24T01:40:00Z,San Antonio Spurs,Houston Rockets,draftkings,h2h,San Antonio Spurs,,1.44
2026-09-04T07:13:05Z,scheduled,49fc89a9696a9a20b658732b34ce61c4,2026-10-24T01:40:00Z,San Antonio Spurs,Houston Rockets,draftkings,spreads,Houston Rockets,6.5,1.85
2026-09-04T07:13:05Z,scheduled,49fc89a9696a9a20b658732b34ce61c4,2026-10-24T01:40:00Z,San Antonio Spurs,Houston Rockets,draftkings,spreads,San Antonio Spurs,-6.5,1.98
2026-09-04T07:13:05Z,scheduled,49fc89a9696a9a20b658732b34ce61c4,2026-10-24T01:40:00Z,San Antonio Spurs,Houston Rockets,draftkings,totals,Over,225.5,1.91
2026-09-04T07:13:05Z,scheduled,49fc89a9696a9a20b658732b34ce61c4,2026-10-24T01:40:00Z,San Antonio Spurs,Houston Rockets,draftkings,totals,Under,225.5,1.91
2026-09-04T07:13:05Z,scheduled,49fc89a9696a9a20b658732b34ce61c4,2026-10-24T01:40:00Z,San Antonio Spurs,Houston Rockets,betsson,h2h,Houston Rockets,,2.8
2026-09-04T07:13:05Z,scheduled,49fc89a9696a9a20b658732b34ce61c4,2026-10-24T01:40:00Z,San Antonio Spurs,Houston Rockets,betsson,h2h,San Antonio Spurs,,1.44
2026-09-04T07:13:05Z,scheduled,49fc89a9696a9a20b658732b34ce61c4,2026-10-24T01:40:00Z,San Antonio Spurs,Houston Rockets,betsson,totals,Over,225.5,1.88
2026-09-04T07:13:05Z,scheduled,49fc89a9696a9a20b658732b34ce61c4,2026-10-24T01:40:00Z,San Antonio Spurs,Houston Rockets,betsson,totals,Under,225.5,1.88
2026-09-04T07:13:05Z,scheduled,45ebc54751ef3e435192eaeb0470acfb,2026-10-30T23:10:00Z,Washington Wizards,Charlotte Hornets,draftkings,h2h,Charlotte Hornets,,1.87
2026-09-04T07:13:05Z,scheduled,45ebc54751ef3e435192eaeb0470acfb,2026-10-30T23:10:00Z,Washington Wizards,Charlotte Hornets,draftkings,h2h,Washington Wizards,,1.95
2026-09-04T07:13:05Z,scheduled,45ebc54751ef3e435192eaeb0470acfb,2026-10-30T23:10:00Z,Washington Wizards,Charlotte Hornets,draftkings,spreads,Charlotte Hornets,-1.5,1.95
2026-09-04T07:13:05Z,scheduled,45ebc54751ef3e435192eaeb0470acfb,2026-10-30T23:10:00Z,Washington Wizards,Charlotte Hornets,draftkings,spreads,Washington Wizards,1.5,1.87
2026-09-04T07:13:05Z,scheduled,45ebc54751ef3e435192eaeb0470acfb,2026-10-30T23:10:00Z,Washington Wizards,Charlotte Hornets,draftkings,totals,Over,235.5,1.91
2026-09-04T07:13:05Z,scheduled,45ebc54751ef3e435192eaeb0470acfb,2026-10-30T23:10:00Z,Washington Wizards,Charlotte Hornets,draftkings,totals,Under,235.5,1.91
2026-09-04T07:13:05Z,scheduled,036a93ca33d6261c21d4bfa6e0d02568,2026-10-30T23:40:00Z,Boston Celtics,Chicago Bulls,draftkings,h2h,Boston Celtics,,1.17
2026-09-04T07:13:05Z,scheduled,036a93ca33d6261c21d4bfa6e0d02568,2026-10-30T23:40:00Z,Boston Celtics,Chicago Bulls,draftkings,h2h,Chicago Bulls,,5.25
2026-09-04T07:13:05Z,scheduled,036a93ca33d6261c21d4bfa6e0d02568,2026-10-30T23:40:00Z,Boston Celtics,Chicago Bulls,draftkings,spreads,Boston Celtics,-11.5,1.91
2026-09-04T07:13:05Z,scheduled,036a93ca33d6261c21d4bfa6e0d02568,2026-10-30T23:40:00Z,Boston Celtics,Chicago Bulls,draftkings,spreads,Chicago Bulls,11.5,1.91
2026-09-04T07:13:05Z,scheduled,036a93ca33d6261c21d4bfa6e0d02568,2026-10-30T23:40:00Z,Boston Celtics,Chicago Bulls,draftkings,totals,Over,232.5,1.91
2026-09-04T07:13:05Z,scheduled,036a93ca33d6261c21d4bfa6e0d02568,2026-10-30T23:40:00Z,Boston Celtics,Chicago Bulls,draftkings,totals,Under,232.5,1.91
2026-09-04T07:13:05Z,scheduled,64df299b882ea19ad5f8cb0ed5516a6f,2026-10-30T23:40:00Z,Brooklyn Nets,Detroit Pistons,draftkings,h2h,Brooklyn Nets,,3.5
2026-09-04T07:13:05Z,scheduled,64df299b882ea19ad5f8cb0ed5516a6f,2026-10-30T23:40:00Z,Brooklyn Nets,Detroit Pistons,draftkings,h2h,Detroit Pistons,,1.32
2026-09-04T07:13:05Z,scheduled,64df299b882ea19ad5f8cb0ed5516a6f,2026-10-30T23:40:00Z,Brooklyn Nets,Detroit Pistons,draftkings,spreads,Brooklyn Nets,7.5,1.98
2026-09-04T07:13:05Z,scheduled,64df299b882ea19ad5f8cb0ed5516a6f,2026-10-30T23:40:00Z,Brooklyn Nets,Detroit Pistons,draftkings,spreads,Detroit Pistons,-7.5,1.85
2026-09-04T07:13:05Z,scheduled,64df299b882ea19ad5f8cb0ed5516a6f,2026-10-30T23:40:00Z,Brooklyn Nets,Detroit Pistons,draftkings,totals,Over,225.5,1.91
2026-09-04T07:13:05Z,scheduled,64df299b882ea19ad5f8cb0ed5516a6f,2026-10-30T23:40:00Z,Brooklyn Nets,Detroit Pistons,draftkings,totals,Under,225.5,1.91
2026-09-04T07:13:05Z,scheduled,96a166bbd49782dbd9a61c2fb9069787,2026-10-30T23:40:00Z,Philadelphia 76ers,New York Knicks,draftkings,h2h,New York Knicks,,2.05
2026-09-04T07:13:05Z,scheduled,96a166bbd49782dbd9a61c2fb9069787,2026-10-30T23:40:00Z,Philadelphia 76ers,New York Knicks,draftkings,h2h,Philadelphia 76ers,,1.8
2026-09-04T07:13:05Z,scheduled,96a166bbd49782dbd9a61c2fb9069787,2026-10-30T23:40:00Z,Philadelphia 76ers,New York Knicks,draftkings,spreads,New York Knicks,2.5,1.87
2026-09-04T07:13:05Z,scheduled,96a166bbd49782dbd9a61c2fb9069787,2026-10-30T23:40:00Z,Philadelphia 76ers,New York Knicks,draftkings,spreads,Philadelphia 76ers,-2.5,1.95
2026-09-04T07:13:05Z,scheduled,96a166bbd49782dbd9a61c2fb9069787,2026-10-30T23:40:00Z,Philadelphia 76ers,New York Knicks,draftkings,totals,Over,231.5,1.91
2026-09-04T07:13:05Z,scheduled,96a166bbd49782dbd9a61c2fb9069787,2026-10-30T23:40:00Z,Philadelphia 76ers,New York Knicks,draftkings,totals,Under,231.5,1.91
2026-09-04T07:13:05Z,scheduled,b9778d0e3a26167eb49901dcae7eeb98,2026-10-31T00:10:00Z,Dallas Mavericks,Houston Rockets,draftkings,h2h,Dallas Mavericks,,2.45
2026-09-04T07:13:05Z,scheduled,b9778d0e3a26167eb49901dcae7eeb98,2026-10-31T00:10:00Z,Dallas Mavericks,Houston Rockets,draftkings,h2h,Houston Rockets,,1.57
2026-09-04T07:13:05Z,scheduled,b9778d0e3a26167eb49901dcae7eeb98,2026-10-31T00:10:00Z,Dallas Mavericks,Houston Rockets,draftkings,spreads,Dallas Mavericks,4.5,1.91
2026-09-04T07:13:05Z,scheduled,b9778d0e3a26167eb49901dcae7eeb98,2026-10-31T00:10:00Z,Dallas Mavericks,Houston Rockets,draftkings,spreads,Houston Rockets,-4.5,1.91
2026-09-04T07:13:05Z,scheduled,b9778d0e3a26167eb49901dcae7eeb98,2026-10-31T00:10:00Z,Dallas Mavericks,Houston Rockets,draftkings,totals,Over,227.5,1.95
2026-09-04T07:13:05Z,scheduled,b9778d0e3a26167eb49901dcae7eeb98,2026-10-31T00:10:00Z,Dallas Mavericks,Houston Rockets,draftkings,totals,Under,227.5,1.87
2026-09-04T07:13:05Z,scheduled,c3a424e24d426af94a693e06a33e3037,2026-10-31T00:10:00Z,Miami Heat,Indiana Pacers,draftkings,h2h,Indiana Pacers,,2.3
2026-09-04T07:13:05Z,scheduled,c3a424e24d426af94a693e06a33e3037,2026-10-31T00:10:00Z,Miami Heat,Indiana Pacers,draftkings,h2h,Miami Heat,,1.65
2026-09-04T07:13:05Z,scheduled,c3a424e24d426af94a693e06a33e3037,2026-10-31T00:10:00Z,Miami Heat,Indiana Pacers,draftkings,spreads,Indiana Pacers,3.5,1.91
2026-09-04T07:13:05Z,scheduled,c3a424e24d426af94a693e06a33e3037,2026-10-31T00:10:00Z,Miami Heat,Indiana Pacers,draftkings,spreads,Miami Heat,-3.5,1.91
2026-09-04T07:13:05Z,scheduled,c3a424e24d426af94a693e06a33e3037,2026-10-31T00:10:00Z,Miami Heat,Indiana Pacers,draftkings,totals,Over,241.5,1.87
2026-09-04T07:13:05Z,scheduled,c3a424e24d426af94a693e06a33e3037,2026-10-31T00:10:00Z,Miami Heat,Indiana Pacers,draftkings,totals,Under,241.5,1.95
2026-09-04T07:13:05Z,scheduled,9ae108f7a23e86e8102237053dd9e58d,2026-10-31T02:10:00Z,Phoenix Suns,Denver Nuggets,draftkings,h2h,Denver Nuggets,,1.74
2026-09-04T07:13:05Z,scheduled,9ae108f7a23e86e8102237053dd9e58d,2026-10-31T02:10:00Z,Phoenix Suns,Denver Nuggets,draftkings,h2h,Phoenix Suns,,2.14
2026-09-04T07:13:05Z,scheduled,9ae108f7a23e86e8102237053dd9e58d,2026-10-31T02:10:00Z,Phoenix Suns,Denver Nuggets,draftkings,spreads,Denver Nuggets,-2.5,1.91
2026-09-04T07:13:05Z,scheduled,9ae108f7a23e86e8102237053dd9e58d,2026-10-31T02:10:00Z,Phoenix Suns,Denver Nuggets,draftkings,spreads,Phoenix Suns,2.5,1.91
2026-09-04T07:13:05Z,scheduled,9ae108f7a23e86e8102237053dd9e58d,2026-10-31T02:10:00Z,Phoenix Suns,Denver Nuggets,draftkings,totals,Over,233.5,1.87
2026-09-04T07:13:05Z,scheduled,9ae108f7a23e86e8102237053dd9e58d,2026-10-31T02:10:00Z,Phoenix Suns,Denver Nuggets,draftkings,totals,Under,233.5,1.95
2026-09-04T07:13:05Z,scheduled,761c15cdefb5a94e34f234e11d6e57ad,2026-10-31T02:10:00Z,Golden State Warriors,Los Angeles Lakers,draftkings,h2h,Golden State Warriors,,1.91
2026-09-04T07:13:05Z,scheduled,761c15cdefb5a94e34f234e11d6e57ad,2026-10-31T02:10:00Z,Golden State Warriors,Los Angeles Lakers,draftkings,h2h,Los Angeles Lakers,,1.91
2026-09-04T07:13:05Z,scheduled,761c15cdefb5a94e34f234e11d6e57ad,2026-10-31T02:10:00Z,Golden State Warriors,Los Angeles Lakers,draftkings,spreads,Golden State Warriors,1.5,1.82
2026-09-04T07:13:05Z,scheduled,761c15cdefb5a94e34f234e11d6e57ad,2026-10-31T02:10:00Z,Golden State Warriors,Los Angeles Lakers,draftkings,spreads,Los Angeles Lakers,-1.5,2.02
2026-09-04T07:13:05Z,scheduled,761c15cdefb5a94e34f234e11d6e57ad,2026-10-31T02:10:00Z,Golden State Warriors,Los Angeles Lakers,draftkings,totals,Over,235.5,1.91
2026-09-04T07:13:05Z,scheduled,761c15cdefb5a94e34f234e11d6e57ad,2026-10-31T02:10:00Z,Golden State Warriors,Los Angeles Lakers,draftkings,totals,Under,235.5,1.91
2026-09-04T07:13:05Z,scheduled,85869b2fdc16ef10d3e2582bf05ead95,2026-11-07T00:40:00Z,Cleveland Cavaliers,Philadelphia 76ers,draftkings,h2h,Cleveland Cavaliers,,1.82
2026-09-04T07:13:05Z,scheduled,85869b2fdc16ef10d3e2582bf05ead95,2026-11-07T00:40:00Z,Cleveland Cavaliers,Philadelphia 76ers,draftkings,h2h,Philadelphia 76ers,,2.02
2026-09-04T07:13:05Z,scheduled,85869b2fdc16ef10d3e2582bf05ead95,2026-11-07T00:40:00Z,Cleveland Cavaliers,Philadelphia 76ers,draftkings,spreads,Cleveland Cavaliers,-1.5,1.91
2026-09-04T07:13:05Z,scheduled,85869b2fdc16ef10d3e2582bf05ead95,2026-11-07T00:40:00Z,Cleveland Cavaliers,Philadelphia 76ers,draftkings,spreads,Philadelphia 76ers,1.5,1.91
2026-09-04T07:13:05Z,scheduled,85869b2fdc16ef10d3e2582bf05ead95,2026-11-07T00:40:00Z,Cleveland Cavaliers,Philadelphia 76ers,draftkings,totals,Over,233.5,1.87
2026-09-04T07:13:05Z,scheduled,85869b2fdc16ef10d3e2582bf05ead95,2026-11-07T00:40:00Z,Cleveland Cavaliers,Philadelphia 76ers,draftkings,totals,Under,233.5,1.95
2026-09-04T07:13:05Z,scheduled,83d77fe350d56a036fd7a3404e78249a,2026-11-07T03:10:00Z,Los Angeles Lakers,Portland Trail Blazers,draftkings,h2h,Los Angeles Lakers,,1.62
2026-09-04T07:13:05Z,scheduled,83d77fe350d56a036fd7a3404e78249a,2026-11-07T03:10:00Z,Los Angeles Lakers,Portland Trail Blazers,draftkings,h2h,Portland Trail Blazers,,2.36
2026-09-04T07:13:05Z,scheduled,83d77fe350d56a036fd7a3404e78249a,2026-11-07T03:10:00Z,Los Angeles Lakers,Portland Trail Blazers,draftkings,spreads,Los Angeles Lakers,-3.5,1.87
2026-09-04T07:13:05Z,scheduled,83d77fe350d56a036fd7a3404e78249a,2026-11-07T03:10:00Z,Los Angeles Lakers,Portland Trail Blazers,draftkings,spreads,Portland Trail Blazers,3.5,1.95
2026-09-04T07:13:05Z,scheduled,83d77fe350d56a036fd7a3404e78249a,2026-11-07T03:10:00Z,Los Angeles Lakers,Portland Trail Blazers,draftkings,totals,Over,238.5,1.91
2026-09-04T07:13:05Z,scheduled,83d77fe350d56a036fd7a3404e78249a,2026-11-07T03:10:00Z,Los Angeles Lakers,Portland Trail Blazers,draftkings,totals,Under,238.5,1.91
2026-09-04T07:13:05Z,scheduled,6669b911691463c669a5c10574742e8e,2026-11-14T00:10:00Z,Indiana Pacers,New York Knicks,draftkings,h2h,Indiana Pacers,,2.1
2026-09-04T07:13:05Z,scheduled,6669b911691463c669a5c10574742e8e,2026-11-14T00:10:00Z,Indiana Pacers,New York Knicks,draftkings,h2h,New York Knicks,,1.77
2026-09-04T07:13:05Z,scheduled,6669b911691463c669a5c10574742e8e,2026-11-14T00:10:00Z,Indiana Pacers,New York Knicks,draftkings,spreads,Indiana Pacers,2.5,1.85
2026-09-04T07:13:05Z,scheduled,6669b911691463c669a5c10574742e8e,2026-11-14T00:10:00Z,Indiana Pacers,New York Knicks,draftkings,spreads,New York Knicks,-2.5,1.98
2026-09-04T07:13:05Z,scheduled,6669b911691463c669a5c10574742e8e,2026-11-14T00:10:00Z,Indiana Pacers,New York Knicks,draftkings,totals,Over,233.5,1.91
2026-09-04T07:13:05Z,scheduled,6669b911691463c669a5c10574742e8e,2026-11-14T00:10:00Z,Indiana Pacers,New York Knicks,draftkings,totals,Under,233.5,1.91
2026-09-04T07:13:05Z,scheduled,1fae7f34ec6035dffa74feb148ee26c7,2026-11-14T02:40:00Z,San Antonio Spurs,Golden State Warriors,draftkings,h2h,Golden State Warriors,,4.9
2026-09-04T07:13:05Z,scheduled,1fae7f34ec6035dffa74feb148ee26c7,2026-11-14T02:40:00Z,San Antonio Spurs,Golden State Warriors,draftkings,h2h,San Antonio Spurs,,1.19
2026-09-04T07:13:05Z,scheduled,1fae7f34ec6035dffa74feb148ee26c7,2026-11-14T02:40:00Z,San Antonio Spurs,Golden State Warriors,draftkings,spreads,Golden State Warriors,10.5,1.98
2026-09-04T07:13:05Z,scheduled,1fae7f34ec6035dffa74feb148ee26c7,2026-11-14T02:40:00Z,San Antonio Spurs,Golden State Warriors,draftkings,spreads,San Antonio Spurs,-10.5,1.85
2026-09-04T07:13:05Z,scheduled,1fae7f34ec6035dffa74feb148ee26c7,2026-11-14T02:40:00Z,San Antonio Spurs,Golden State Warriors,draftkings,totals,Over,234.5,1.87
2026-09-04T07:13:05Z,scheduled,1fae7f34ec6035dffa74feb148ee26c7,2026-11-14T02:40:00Z,San Antonio Spurs,Golden State Warriors,draftkings,totals,Under,234.5,1.95
2026-09-04T07:13:05Z,scheduled,086d2fe80483ffcc280994fe2e12d4f4,2026-11-21T03:10:00Z,Denver Nuggets,Houston Rockets,draftkings,h2h,Denver Nuggets,,1.65
2026-09-04T07:13:05Z,scheduled,086d2fe80483ffcc280994fe2e12d4f4,2026-11-21T03:10:00Z,Denver Nuggets,Houston Rockets,draftkings,h2h,Houston Rockets,,2.3
2026-09-04T07:13:05Z,scheduled,086d2fe80483ffcc280994fe2e12d4f4,2026-11-21T03:10:00Z,Denver Nuggets,Houston Rockets,draftkings,spreads,Denver Nuggets,-3.5,1.91
2026-09-04T07:13:05Z,scheduled,086d2fe80483ffcc280994fe2e12d4f4,2026-11-21T03:10:00Z,Denver Nuggets,Houston Rockets,draftkings,spreads,Houston Rockets,3.5,1.91
2026-09-04T07:13:05Z,scheduled,086d2fe80483ffcc280994fe2e12d4f4,2026-11-21T03:10:00Z,Denver Nuggets,Houston Rockets,draftkings,totals,Over,227.5,1.87
2026-09-04T07:13:05Z,scheduled,086d2fe80483ffcc280994fe2e12d4f4,2026-11-21T03:10:00Z,Denver Nuggets,Houston Rockets,draftkings,totals,Under,227.5,1.95
2026-09-04T07:13:05Z,scheduled,3167a4072c65c9314c71d0fe49be8e28,2026-11-25T01:10:00Z,Washington Wizards,Boston Celtics,draftkings,h2h,Boston Celtics,,1.52
2026-09-04T07:13:05Z,scheduled,3167a4072c65c9314c71d0fe49be8e28,2026-11-25T01:10:00Z,Washington Wizards,Boston Celtics,draftkings,h2h,Washington Wizards,,2.6
2026-09-04T07:13:05Z,scheduled,3167a4072c65c9314c71d0fe49be8e28,2026-11-25T01:10:00Z,Washington Wizards,Boston Celtics,draftkings,spreads,Boston Celtics,-5.5,1.91
2026-09-04T07:13:05Z,scheduled,3167a4072c65c9314c71d0fe49be8e28,2026-11-25T01:10:00Z,Washington Wizards,Boston Celtics,draftkings,spreads,Washington Wizards,5.5,1.91
2026-09-04T07:13:05Z,scheduled,3167a4072c65c9314c71d0fe49be8e28,2026-11-25T01:10:00Z,Washington Wizards,Boston Celtics,draftkings,totals,Over,230.5,1.91
2026-09-04T07:13:05Z,scheduled,3167a4072c65c9314c71d0fe49be8e28,2026-11-25T01:10:00Z,Washington Wizards,Boston Celtics,draftkings,totals,Under,230.5,1.91
2026-09-04T07:13:05Z,scheduled,6bfadbd22ed8a054cf82ec1b12b78243,2026-11-25T03:10:00Z,Denver Nuggets,Dallas Mavericks,draftkings,h2h,Dallas Mavericks,,3.75
2026-09-04T07:13:05Z,scheduled,6bfadbd22ed8a054cf82ec1b12b78243,2026-11-25T03:10:00Z,Denver Nuggets,Dallas Mavericks,draftkings,h2h,Denver Nuggets,,1.29
2026-09-04T07:13:05Z,scheduled,6bfadbd22ed8a054cf82ec1b12b78243,2026-11-25T03:10:00Z,Denver Nuggets,Dallas Mavericks,draftkings,spreads,Dallas Mavericks,8.5,1.91
2026-09-04T07:13:05Z,scheduled,6bfadbd22ed8a054cf82ec1b12b78243,2026-11-25T03:10:00Z,Denver Nuggets,Dallas Mavericks,draftkings,spreads,Denver Nuggets,-8.5,1.91
2026-09-04T07:13:05Z,scheduled,6bfadbd22ed8a054cf82ec1b12b78243,2026-11-25T03:10:00Z,Denver Nuggets,Dallas Mavericks,draftkings,totals,Over,237.5,1.87
2026-09-04T07:13:05Z,scheduled,6bfadbd22ed8a054cf82ec1b12b78243,2026-11-25T03:10:00Z,Denver Nuggets,Dallas Mavericks,draftkings,totals,Under,237.5,1.95
2026-09-04T07:13:05Z,scheduled,4f6d199bb67cf3a517a3880fd2f00b26,2026-11-25T22:10:00Z,Philadelphia 76ers,Miami Heat,draftkings,h2h,Miami Heat,,2.36
2026-09-04T07:13:05Z,scheduled,4f6d199bb67cf3a517a3880fd2f00b26,2026-11-25T22:10:00Z,Philadelphia 76ers,Miami Heat,draftkings,h2h,Philadelphia 76ers,,1.62
2026-09-04T07:13:05Z,scheduled,4f6d199bb67cf3a517a3880fd2f00b26,2026-11-25T22:10:00Z,Philadelphia 76ers,Miami Heat,draftkings,spreads,Miami Heat,3.5,1.95
2026-09-04T07:13:05Z,scheduled,4f6d199bb67cf3a517a3880fd2f00b26,2026-11-25T22:10:00Z,Philadelphia 76ers,Miami Heat,draftkings,spreads,Philadelphia 76ers,-3.5,1.87
2026-09-04T07:13:05Z,scheduled,4f6d199bb67cf3a517a3880fd2f00b26,2026-11-25T22:10:00Z,Philadelphia 76ers,Miami Heat,draftkings,totals,Over,239.5,1.91
2026-09-04T07:13:05Z,scheduled,4f6d199bb67cf3a517a3880fd2f00b26,2026-11-25T22:10:00Z,Philadelphia 76ers,Miami Heat,draftkings,totals,Under,239.5,1.91
2026-09-04T07:13:05Z,scheduled,07421d1675d6bc51bb5fa91f84a09eb3,2026-11-26T00:40:00Z,Oklahoma City Thunder,Minnesota Timberwolves,draftkings,h2h,Minnesota Timberwolves,,3.95
2026-09-04T07:13:05Z,scheduled,07421d1675d6bc51bb5fa91f84a09eb3,2026-11-26T00:40:00Z,Oklahoma City Thunder,Minnesota Timberwolves,draftkings,h2h,Oklahoma City Thunder,,1.27
2026-09-04T07:13:05Z,scheduled,07421d1675d6bc51bb5fa91f84a09eb3,2026-11-26T00:40:00Z,Oklahoma City Thunder,Minnesota Timberwolves,draftkings,spreads,Minnesota Timberwolves,9.5,1.85
2026-09-04T07:13:05Z,scheduled,07421d1675d6bc51bb5fa91f84a09eb3,2026-11-26T00:40:00Z,Oklahoma City Thunder,Minnesota Timberwolves,draftkings,spreads,Oklahoma City Thunder,-9.5,1.98
2026-09-04T07:13:05Z,scheduled,07421d1675d6bc51bb5fa91f84a09eb3,2026-11-26T00:40:00Z,Oklahoma City Thunder,Minnesota Timberwolves,draftkings,totals,Over,235.5,1.95
2026-09-04T07:13:05Z,scheduled,07421d1675d6bc51bb5fa91f84a09eb3,2026-11-26T00:40:00Z,Oklahoma City Thunder,Minnesota Timberwolves,draftkings,totals,Under,235.5,1.87
2026-09-04T07:13:05Z,scheduled,9aa9f220709533d70d11f85fae886771,2026-11-26T03:10:00Z,Portland Trail Blazers,San Antonio Spurs,draftkings,h2h,Portland Trail Blazers,,2.42
2026-09-04T07:13:05Z,scheduled,9aa9f220709533d70d11f85fae886771,2026-11-26T03:10:00Z,Portland Trail Blazers,San Antonio Spurs,draftkings,h2h,San Antonio Spurs,,1.59
2026-09-04T07:13:05Z,scheduled,9aa9f220709533d70d11f85fae886771,2026-11-26T03:10:00Z,Portland Trail Blazers,San Antonio Spurs,draftkings,spreads,Portland Trail Blazers,4.5,1.91
2026-09-04T07:13:05Z,scheduled,9aa9f220709533d70d11f85fae886771,2026-11-26T03:10:00Z,Portland Trail Blazers,San Antonio Spurs,draftkings,spreads,San Antonio Spurs,-4.5,1.91
2026-09-04T07:13:05Z,scheduled,9aa9f220709533d70d11f85fae886771,2026-11-26T03:10:00Z,Portland Trail Blazers,San Antonio Spurs,draftkings,totals,Over,237.5,1.87
2026-09-04T07:13:05Z,scheduled,9aa9f220709533d70d11f85fae886771,2026-11-26T03:10:00Z,Portland Trail Blazers,San Antonio Spurs,draftkings,totals,Under,237.5,1.95
2026-09-04T07:13:05Z,scheduled,3c522e32c3035d7dc3e1734903b84654,2026-11-28T00:10:00Z,New York Knicks,Miami Heat,draftkings,h2h,Miami Heat,,2.64
2026-09-04T07:13:05Z,scheduled,3c522e32c3035d7dc3e1734903b84654,2026-11-28T00:10:00Z,New York Knicks,Miami Heat,draftkings,h2h,New York Knicks,,1.51
2026-09-04T07:13:05Z,scheduled,3c522e32c3035d7dc3e1734903b84654,2026-11-28T00:10:00Z,New York Knicks,Miami Heat,draftkings,spreads,Miami Heat,5.5,1.91
2026-09-04T07:13:05Z,scheduled,3c522e32c3035d7dc3e1734903b84654,2026-11-28T00:10:00Z,New York Knicks,Miami Heat,draftkings,spreads,New York Knicks,-5.5,1.91
2026-09-04T07:13:05Z,scheduled,3c522e32c3035d7dc3e1734903b84654,2026-11-28T00:10:00Z,New York Knicks,Miami Heat,draftkings,totals,Over,232.5,1.87
2026-09-04T07:13:05Z,scheduled,3c522e32c3035d7dc3e1734903b84654,2026-11-28T00:10:00Z,New York Knicks,Miami Heat,draftkings,totals,Under,232.5,1.95
2026-09-04T07:13:05Z,scheduled,13d9ca3bcb664829c603755d31401002,2026-11-28T02:40:00Z,San Antonio Spurs,Los Angeles Lakers,draftkings,h2h,Los Angeles Lakers,,3.3
2026-09-04T07:13:05Z,scheduled,13d9ca3bcb664829c603755d31401002,2026-11-28T02:40:00Z,San Antonio Spurs,Los Angeles Lakers,draftkings,h2h,San Antonio Spurs,,1.35
2026-09-04T07:13:05Z,scheduled,13d9ca3bcb664829c603755d31401002,2026-11-28T02:40:00Z,San Antonio Spurs,Los Angeles Lakers,draftkings,spreads,Los Angeles Lakers,8.5,1.85
2026-09-04T07:13:05Z,scheduled,13d9ca3bcb664829c603755d31401002,2026-11-28T02:40:00Z,San Antonio Spurs,Los Angeles Lakers,draftkings,spreads,San Antonio Spurs,-8.5,1.98
2026-09-04T07:13:05Z,scheduled,13d9ca3bcb664829c603755d31401002,2026-11-28T02:40:00Z,San Antonio Spurs,Los Angeles Lakers,draftkings,totals,Over,232.5,1.91
2026-09-04T07:13:05Z,scheduled,13d9ca3bcb664829c603755d31401002,2026-11-28T02:40:00Z,San Antonio Spurs,Los Angeles Lakers,draftkings,totals,Under,232.5,1.91
2026-09-04T07:13:05Z,scheduled,a6555e8b7252dfb32f1817fc8c59ad83,2026-12-25T17:00:00Z,New York Knicks,San Antonio Spurs,fanduel,h2h,New York Knicks,,1.96
2026-09-04T07:13:05Z,scheduled,a6555e8b7252dfb32f1817fc8c59ad83,2026-12-25T17:00:00Z,New York Knicks,San Antonio Spurs,fanduel,h2h,San Antonio Spurs,,1.89
2026-09-04T07:13:05Z,scheduled,a6555e8b7252dfb32f1817fc8c59ad83,2026-12-25T17:00:00Z,New York Knicks,San Antonio Spurs,fanduel,spreads,New York Knicks,1.5,1.88
2026-09-04T07:13:05Z,scheduled,a6555e8b7252dfb32f1817fc8c59ad83,2026-12-25T17:00:00Z,New York Knicks,San Antonio Spurs,fanduel,spreads,San Antonio Spurs,-1.5,1.94
2026-09-04T07:13:05Z,scheduled,a6555e8b7252dfb32f1817fc8c59ad83,2026-12-25T17:00:00Z,New York Knicks,San Antonio Spurs,fanduel,totals,Over,227.5,1.91
2026-09-04T07:13:05Z,scheduled,a6555e8b7252dfb32f1817fc8c59ad83,2026-12-25T17:00:00Z,New York Knicks,San Antonio Spurs,fanduel,totals,Under,227.5,1.91
2026-09-04T07:13:05Z,scheduled,a6555e8b7252dfb32f1817fc8c59ad83,2026-12-25T17:00:00Z,New York Knicks,San Antonio Spurs,betrivers,h2h,New York Knicks,,1.89
2026-09-04T07:13:05Z,scheduled,a6555e8b7252dfb32f1817fc8c59ad83,2026-12-25T17:00:00Z,New York Knicks,San Antonio Spurs,betrivers,h2h,San Antonio Spurs,,1.89
2026-09-04T07:13:05Z,scheduled,a6555e8b7252dfb32f1817fc8c59ad83,2026-12-25T17:00:00Z,New York Knicks,San Antonio Spurs,betrivers,spreads,New York Knicks,-1.0,1.93
2026-09-04T07:13:05Z,scheduled,a6555e8b7252dfb32f1817fc8c59ad83,2026-12-25T17:00:00Z,New York Knicks,San Antonio Spurs,betrivers,spreads,San Antonio Spurs,1.0,1.85
2026-09-04T07:13:05Z,scheduled,a6555e8b7252dfb32f1817fc8c59ad83,2026-12-25T17:00:00Z,New York Knicks,San Antonio Spurs,betrivers,totals,Over,230.0,1.91
2026-09-04T07:13:05Z,scheduled,a6555e8b7252dfb32f1817fc8c59ad83,2026-12-25T17:00:00Z,New York Knicks,San Antonio Spurs,betrivers,totals,Under,230.0,1.88
2026-09-04T07:13:05Z,scheduled,a6555e8b7252dfb32f1817fc8c59ad83,2026-12-25T17:00:00Z,New York Knicks,San Antonio Spurs,draftkings,h2h,New York Knicks,,1.87
2026-09-04T07:13:05Z,scheduled,a6555e8b7252dfb32f1817fc8c59ad83,2026-12-25T17:00:00Z,New York Knicks,San Antonio Spurs,draftkings,h2h,San Antonio Spurs,,1.95
2026-09-04T07:13:05Z,scheduled,a6555e8b7252dfb32f1817fc8c59ad83,2026-12-25T17:00:00Z,New York Knicks,San Antonio Spurs,draftkings,spreads,New York Knicks,-1.5,1.95
2026-09-04T07:13:05Z,scheduled,a6555e8b7252dfb32f1817fc8c59ad83,2026-12-25T17:00:00Z,New York Knicks,San Antonio Spurs,draftkings,spreads,San Antonio Spurs,1.5,1.87
2026-09-04T07:13:05Z,scheduled,a6555e8b7252dfb32f1817fc8c59ad83,2026-12-25T17:00:00Z,New York Knicks,San Antonio Spurs,draftkings,totals,Over,228.5,1.87
2026-09-04T07:13:05Z,scheduled,a6555e8b7252dfb32f1817fc8c59ad83,2026-12-25T17:00:00Z,New York Knicks,San Antonio Spurs,draftkings,totals,Under,228.5,1.95
2026-09-04T07:13:05Z,scheduled,a6555e8b7252dfb32f1817fc8c59ad83,2026-12-25T17:00:00Z,New York Knicks,San Antonio Spurs,betmgm,h2h,New York Knicks,,1.87
2026-09-04T07:13:05Z,scheduled,a6555e8b7252dfb32f1817fc8c59ad83,2026-12-25T17:00:00Z,New York Knicks,San Antonio Spurs,betmgm,h2h,San Antonio Spurs,,1.95
2026-09-04T07:13:05Z,scheduled,a6555e8b7252dfb32f1817fc8c59ad83,2026-12-25T17:00:00Z,New York Knicks,San Antonio Spurs,betmgm,spreads,New York Knicks,-1.5,1.91
2026-09-04T07:13:05Z,scheduled,a6555e8b7252dfb32f1817fc8c59ad83,2026-12-25T17:00:00Z,New York Knicks,San Antonio Spurs,betmgm,spreads,San Antonio Spurs,1.5,1.91
2026-09-04T07:13:05Z,scheduled,a6555e8b7252dfb32f1817fc8c59ad83,2026-12-25T17:00:00Z,New York Knicks,San Antonio Spurs,betmgm,totals,Over,227.5,1.91
2026-09-04T07:13:05Z,scheduled,a6555e8b7252dfb32f1817fc8c59ad83,2026-12-25T17:00:00Z,New York Knicks,San Antonio Spurs,betmgm,totals,Under,227.5,1.91
2026-09-04T07:13:05Z,scheduled,a6555e8b7252dfb32f1817fc8c59ad83,2026-12-25T17:00:00Z,New York Knicks,San Antonio Spurs,betsson,h2h,New York Knicks,,1.82
2026-09-04T07:13:05Z,scheduled,a6555e8b7252dfb32f1817fc8c59ad83,2026-12-25T17:00:00Z,New York Knicks,San Antonio Spurs,betsson,h2h,San Antonio Spurs,,1.98
2026-09-04T07:13:05Z,scheduled,a6555e8b7252dfb32f1817fc8c59ad83,2026-12-25T17:00:00Z,New York Knicks,San Antonio Spurs,betsson,totals,Over,228.5,1.9
2026-09-04T07:13:05Z,scheduled,a6555e8b7252dfb32f1817fc8c59ad83,2026-12-25T17:00:00Z,New York Knicks,San Antonio Spurs,betsson,totals,Under,228.5,1.86
2026-09-04T07:13:05Z,scheduled,d60e7fc0690e4dff121a086395e24de4,2026-12-25T19:30:00Z,Boston Celtics,Miami Heat,fanduel,h2h,Boston Celtics,,1.52
2026-09-04T07:13:05Z,scheduled,d60e7fc0690e4dff121a086395e24de4,2026-12-25T19:30:00Z,Boston Celtics,Miami Heat,fanduel,h2h,Miami Heat,,2.62
2026-09-04T07:13:05Z,scheduled,d60e7fc0690e4dff121a086395e24de4,2026-12-25T19:30:00Z,Boston Celtics,Miami Heat,fanduel,spreads,Boston Celtics,-6.5,1.95
2026-09-04T07:13:05Z,scheduled,d60e7fc0690e4dff121a086395e24de4,2026-12-25T19:30:00Z,Boston Celtics,Miami Heat,fanduel,spreads,Miami Heat,6.5,1.87
2026-09-04T07:13:05Z,scheduled,d60e7fc0690e4dff121a086395e24de4,2026-12-25T19:30:00Z,Boston Celtics,Miami Heat,fanduel,totals,Over,231.5,1.91
2026-09-04T07:13:05Z,scheduled,d60e7fc0690e4dff121a086395e24de4,2026-12-25T19:30:00Z,Boston Celtics,Miami Heat,fanduel,totals,Under,231.5,1.91
2026-09-04T07:13:05Z,scheduled,d60e7fc0690e4dff121a086395e24de4,2026-12-25T19:30:00Z,Boston Celtics,Miami Heat,betrivers,h2h,Boston Celtics,,1.51
2026-09-04T07:13:05Z,scheduled,d60e7fc0690e4dff121a086395e24de4,2026-12-25T19:30:00Z,Boston Celtics,Miami Heat,betrivers,h2h,Miami Heat,,2.5
2026-09-04T07:13:05Z,scheduled,d60e7fc0690e4dff121a086395e24de4,2026-12-25T19:30:00Z,Boston Celtics,Miami Heat,betrivers,spreads,Boston Celtics,-5.0,1.87
2026-09-04T07:13:05Z,scheduled,d60e7fc0690e4dff121a086395e24de4,2026-12-25T19:30:00Z,Boston Celtics,Miami Heat,betrivers,spreads,Miami Heat,5.0,1.93
2026-09-04T07:13:05Z,scheduled,d60e7fc0690e4dff121a086395e24de4,2026-12-25T19:30:00Z,Boston Celtics,Miami Heat,betrivers,totals,Over,230.5,1.88
2026-09-04T07:13:05Z,scheduled,d60e7fc0690e4dff121a086395e24de4,2026-12-25T19:30:00Z,Boston Celtics,Miami Heat,betrivers,totals,Under,230.5,1.91
2026-09-04T07:13:05Z,scheduled,d60e7fc0690e4dff121a086395e24de4,2026-12-25T19:30:00Z,Boston Celtics,Miami Heat,draftkings,h2h,Boston Celtics,,1.52
2026-09-04T07:13:05Z,scheduled,d60e7fc0690e4dff121a086395e24de4,2026-12-25T19:30:00Z,Boston Celtics,Miami Heat,draftkings,h2h,Miami Heat,,2.6
2026-09-04T07:13:05Z,scheduled,d60e7fc0690e4dff121a086395e24de4,2026-12-25T19:30:00Z,Boston Celtics,Miami Heat,draftkings,spreads,Boston Celtics,-5.5,1.91
2026-09-04T07:13:05Z,scheduled,d60e7fc0690e4dff121a086395e24de4,2026-12-25T19:30:00Z,Boston Celtics,Miami Heat,draftkings,spreads,Miami Heat,5.5,1.91
2026-09-04T07:13:05Z,scheduled,d60e7fc0690e4dff121a086395e24de4,2026-12-25T19:30:00Z,Boston Celtics,Miami Heat,draftkings,totals,Over,230.5,1.91
2026-09-04T07:13:05Z,scheduled,d60e7fc0690e4dff121a086395e24de4,2026-12-25T19:30:00Z,Boston Celtics,Miami Heat,draftkings,totals,Under,230.5,1.91
2026-09-04T07:13:05Z,scheduled,d60e7fc0690e4dff121a086395e24de4,2026-12-25T19:30:00Z,Boston Celtics,Miami Heat,betmgm,h2h,Boston Celtics,,1.57
2026-09-04T07:13:05Z,scheduled,d60e7fc0690e4dff121a086395e24de4,2026-12-25T19:30:00Z,Boston Celtics,Miami Heat,betmgm,h2h,Miami Heat,,2.45
2026-09-04T07:13:05Z,scheduled,d60e7fc0690e4dff121a086395e24de4,2026-12-25T19:30:00Z,Boston Celtics,Miami Heat,betmgm,spreads,Boston Celtics,-5.5,1.95
2026-09-04T07:13:05Z,scheduled,d60e7fc0690e4dff121a086395e24de4,2026-12-25T19:30:00Z,Boston Celtics,Miami Heat,betmgm,spreads,Miami Heat,5.5,1.87
2026-09-04T07:13:05Z,scheduled,d60e7fc0690e4dff121a086395e24de4,2026-12-25T19:30:00Z,Boston Celtics,Miami Heat,betmgm,totals,Over,231.5,1.91
2026-09-04T07:13:05Z,scheduled,d60e7fc0690e4dff121a086395e24de4,2026-12-25T19:30:00Z,Boston Celtics,Miami Heat,betmgm,totals,Under,231.5,1.91
2026-09-04T07:13:05Z,scheduled,d60e7fc0690e4dff121a086395e24de4,2026-12-25T19:30:00Z,Boston Celtics,Miami Heat,betsson,h2h,Boston Celtics,,1.5
2026-09-04T07:13:05Z,scheduled,d60e7fc0690e4dff121a086395e24de4,2026-12-25T19:30:00Z,Boston Celtics,Miami Heat,betsson,h2h,Miami Heat,,2.55
2026-09-04T07:13:05Z,scheduled,d60e7fc0690e4dff121a086395e24de4,2026-12-25T19:30:00Z,Boston Celtics,Miami Heat,betsson,totals,Over,230.5,1.88
2026-09-04T07:13:05Z,scheduled,d60e7fc0690e4dff121a086395e24de4,2026-12-25T19:30:00Z,Boston Celtics,Miami Heat,betsson,totals,Under,230.5,1.88
2026-09-04T07:13:05Z,scheduled,dfd908bad3a3bfcae9e08bf128273b18,2026-12-25T22:00:00Z,Los Angeles Lakers,Philadelphia 76ers,fanduel,h2h,Los Angeles Lakers,,1.93
2026-09-04T07:13:05Z,scheduled,dfd908bad3a3bfcae9e08bf128273b18,2026-12-25T22:00:00Z,Los Angeles Lakers,Philadelphia 76ers,fanduel,h2h,Philadelphia 76ers,,1.93
2026-09-04T07:13:05Z,scheduled,dfd908bad3a3bfcae9e08bf128273b18,2026-12-25T22:00:00Z,Los Angeles Lakers,Philadelphia 76ers,fanduel,spreads,Los Angeles Lakers,-1.5,1.98
2026-09-04T07:13:05Z,scheduled,dfd908bad3a3bfcae9e08bf128273b18,2026-12-25T22:00:00Z,Los Angeles Lakers,Philadelphia 76ers,fanduel,spreads,Philadelphia 76ers,1.5,1.83
2026-09-04T07:13:05Z,scheduled,dfd908bad3a3bfcae9e08bf128273b18,2026-12-25T22:00:00Z,Los Angeles Lakers,Philadelphia 76ers,fanduel,totals,Over,237.5,1.94
2026-09-04T07:13:05Z,scheduled,dfd908bad3a3bfcae9e08bf128273b18,2026-12-25T22:00:00Z,Los Angeles Lakers,Philadelphia 76ers,fanduel,totals,Under,237.5,1.88
2026-09-04T07:13:05Z,scheduled,dfd908bad3a3bfcae9e08bf128273b18,2026-12-25T22:00:00Z,Los Angeles Lakers,Philadelphia 76ers,betrivers,h2h,Los Angeles Lakers,,1.85
2026-09-04T07:13:05Z,scheduled,dfd908bad3a3bfcae9e08bf128273b18,2026-12-25T22:00:00Z,Los Angeles Lakers,Philadelphia 76ers,betrivers,h2h,Philadelphia 76ers,,1.94
2026-09-04T07:13:05Z,scheduled,dfd908bad3a3bfcae9e08bf128273b18,2026-12-25T22:00:00Z,Los Angeles Lakers,Philadelphia 76ers,betrivers,spreads,Los Angeles Lakers,-1.0,1.89
2026-09-04T07:13:05Z,scheduled,dfd908bad3a3bfcae9e08bf128273b18,2026-12-25T22:00:00Z,Los Angeles Lakers,Philadelphia 76ers,betrivers,spreads,Philadelphia 76ers,1.0,1.89
2026-09-04T07:13:05Z,scheduled,dfd908bad3a3bfcae9e08bf128273b18,2026-12-25T22:00:00Z,Los Angeles Lakers,Philadelphia 76ers,betrivers,totals,Over,234.0,1.88
2026-09-04T07:13:05Z,scheduled,dfd908bad3a3bfcae9e08bf128273b18,2026-12-25T22:00:00Z,Los Angeles Lakers,Philadelphia 76ers,betrivers,totals,Under,234.0,1.91
2026-09-04T07:13:05Z,scheduled,dfd908bad3a3bfcae9e08bf128273b18,2026-12-25T22:00:00Z,Los Angeles Lakers,Philadelphia 76ers,draftkings,h2h,Los Angeles Lakers,,1.87
2026-09-04T07:13:05Z,scheduled,dfd908bad3a3bfcae9e08bf128273b18,2026-12-25T22:00:00Z,Los Angeles Lakers,Philadelphia 76ers,draftkings,h2h,Philadelphia 76ers,,1.95
2026-09-04T07:13:05Z,scheduled,dfd908bad3a3bfcae9e08bf128273b18,2026-12-25T22:00:00Z,Los Angeles Lakers,Philadelphia 76ers,draftkings,spreads,Los Angeles Lakers,-1.5,1.95
2026-09-04T07:13:05Z,scheduled,dfd908bad3a3bfcae9e08bf128273b18,2026-12-25T22:00:00Z,Los Angeles Lakers,Philadelphia 76ers,draftkings,spreads,Philadelphia 76ers,1.5,1.87
2026-09-04T07:13:05Z,scheduled,dfd908bad3a3bfcae9e08bf128273b18,2026-12-25T22:00:00Z,Los Angeles Lakers,Philadelphia 76ers,draftkings,totals,Over,237.5,1.91
2026-09-04T07:13:05Z,scheduled,dfd908bad3a3bfcae9e08bf128273b18,2026-12-25T22:00:00Z,Los Angeles Lakers,Philadelphia 76ers,draftkings,totals,Under,237.5,1.91
2026-09-04T07:13:05Z,scheduled,dfd908bad3a3bfcae9e08bf128273b18,2026-12-25T22:00:00Z,Los Angeles Lakers,Philadelphia 76ers,betmgm,h2h,Los Angeles Lakers,,1.87
2026-09-04T07:13:05Z,scheduled,dfd908bad3a3bfcae9e08bf128273b18,2026-12-25T22:00:00Z,Los Angeles Lakers,Philadelphia 76ers,betmgm,h2h,Philadelphia 76ers,,1.95
2026-09-04T07:13:05Z,scheduled,dfd908bad3a3bfcae9e08bf128273b18,2026-12-25T22:00:00Z,Los Angeles Lakers,Philadelphia 76ers,betmgm,spreads,Los Angeles Lakers,-1.5,1.91
2026-09-04T07:13:05Z,scheduled,dfd908bad3a3bfcae9e08bf128273b18,2026-12-25T22:00:00Z,Los Angeles Lakers,Philadelphia 76ers,betmgm,spreads,Philadelphia 76ers,1.5,1.91
2026-09-04T07:13:05Z,scheduled,dfd908bad3a3bfcae9e08bf128273b18,2026-12-25T22:00:00Z,Los Angeles Lakers,Philadelphia 76ers,betmgm,totals,Over,235.5,1.91
2026-09-04T07:13:05Z,scheduled,dfd908bad3a3bfcae9e08bf128273b18,2026-12-25T22:00:00Z,Los Angeles Lakers,Philadelphia 76ers,betmgm,totals,Under,235.5,1.91
2026-09-04T07:13:05Z,scheduled,dfd908bad3a3bfcae9e08bf128273b18,2026-12-25T22:00:00Z,Los Angeles Lakers,Philadelphia 76ers,betsson,h2h,Los Angeles Lakers,,1.9
2026-09-04T07:13:05Z,scheduled,dfd908bad3a3bfcae9e08bf128273b18,2026-12-25T22:00:00Z,Los Angeles Lakers,Philadelphia 76ers,betsson,h2h,Philadelphia 76ers,,1.9
2026-09-04T07:13:05Z,scheduled,dfd908bad3a3bfcae9e08bf128273b18,2026-12-25T22:00:00Z,Los Angeles Lakers,Philadelphia 76ers,betsson,totals,Over,235.5,1.86
2026-09-04T07:13:05Z,scheduled,dfd908bad3a3bfcae9e08bf128273b18,2026-12-25T22:00:00Z,Los Angeles Lakers,Philadelphia 76ers,betsson,totals,Under,235.5,1.9
2026-09-04T07:13:05Z,scheduled,2b7218aa25cf98318a40e6f2469a5c5d,2026-12-26T01:00:00Z,Minnesota Timberwolves,Oklahoma City Thunder,fanduel,h2h,Minnesota Timberwolves,,2.36
2026-09-04T07:13:05Z,scheduled,2b7218aa25cf98318a40e6f2469a5c5d,2026-12-26T01:00:00Z,Minnesota Timberwolves,Oklahoma City Thunder,fanduel,h2h,Oklahoma City Thunder,,1.62
2026-09-04T07:13:05Z,scheduled,2b7218aa25cf98318a40e6f2469a5c5d,2026-12-26T01:00:00Z,Minnesota Timberwolves,Oklahoma City Thunder,fanduel,spreads,Minnesota Timberwolves,4.5,1.87
2026-09-04T07:13:05Z,scheduled,2b7218aa25cf98318a40e6f2469a5c5d,2026-12-26T01:00:00Z,Minnesota Timberwolves,Oklahoma City Thunder,fanduel,spreads,Oklahoma City Thunder,-4.5,1.95
2026-09-04T07:13:05Z,scheduled,2b7218aa25cf98318a40e6f2469a5c5d,2026-12-26T01:00:00Z,Minnesota Timberwolves,Oklahoma City Thunder,fanduel,totals,Over,233.5,1.89
2026-09-04T07:13:05Z,scheduled,2b7218aa25cf98318a40e6f2469a5c5d,2026-12-26T01:00:00Z,Minnesota Timberwolves,Oklahoma City Thunder,fanduel,totals,Under,233.5,1.93
2026-09-04T07:13:05Z,scheduled,2b7218aa25cf98318a40e6f2469a5c5d,2026-12-26T01:00:00Z,Minnesota Timberwolves,Oklahoma City Thunder,betrivers,h2h,Minnesota Timberwolves,,2.32
2026-09-04T07:13:05Z,scheduled,2b7218aa25cf98318a40e6f2469a5c5d,2026-12-26T01:00:00Z,Minnesota Timberwolves,Oklahoma City Thunder,betrivers,h2h,Oklahoma City Thunder,,1.61
2026-09-04T07:13:05Z,scheduled,2b7218aa25cf98318a40e6f2469a5c5d,2026-12-26T01:00:00Z,Minnesota Timberwolves,Oklahoma City Thunder,betrivers,spreads,Minnesota Timberwolves,4.0,1.88
2026-09-04T07:13:05Z,scheduled,2b7218aa25cf98318a40e6f2469a5c5d,2026-12-26T01:00:00Z,Minnesota Timberwolves,Oklahoma City Thunder,betrivers,spreads,Oklahoma City Thunder,-4.0,1.92
2026-09-04T07:13:05Z,scheduled,2b7218aa25cf98318a40e6f2469a5c5d,2026-12-26T01:00:00Z,Minnesota Timberwolves,Oklahoma City Thunder,betrivers,totals,Over,233.0,1.91
2026-09-04T07:13:05Z,scheduled,2b7218aa25cf98318a40e6f2469a5c5d,2026-12-26T01:00:00Z,Minnesota Timberwolves,Oklahoma City Thunder,betrivers,totals,Under,233.0,1.88
2026-09-04T07:13:05Z,scheduled,2b7218aa25cf98318a40e6f2469a5c5d,2026-12-26T01:00:00Z,Minnesota Timberwolves,Oklahoma City Thunder,draftkings,h2h,Minnesota Timberwolves,,2.4
2026-09-04T07:13:05Z,scheduled,2b7218aa25cf98318a40e6f2469a5c5d,2026-12-26T01:00:00Z,Minnesota Timberwolves,Oklahoma City Thunder,draftkings,h2h,Oklahoma City Thunder,,1.6
2026-09-04T07:13:05Z,scheduled,2b7218aa25cf98318a40e6f2469a5c5d,2026-12-26T01:00:00Z,Minnesota Timberwolves,Oklahoma City Thunder,draftkings,spreads,Minnesota Timberwolves,4.5,1.87
2026-09-04T07:13:05Z,scheduled,2b7218aa25cf98318a40e6f2469a5c5d,2026-12-26T01:00:00Z,Minnesota Timberwolves,Oklahoma City Thunder,draftkings,spreads,Oklahoma City Thunder,-4.5,1.95
2026-09-04T07:13:05Z,scheduled,2b7218aa25cf98318a40e6f2469a5c5d,2026-12-26T01:00:00Z,Minnesota Timberwolves,Oklahoma City Thunder,draftkings,totals,Over,233.5,1.91
2026-09-04T07:13:05Z,scheduled,2b7218aa25cf98318a40e6f2469a5c5d,2026-12-26T01:00:00Z,Minnesota Timberwolves,Oklahoma City Thunder,draftkings,totals,Under,233.5,1.91
2026-09-04T07:13:05Z,scheduled,2b7218aa25cf98318a40e6f2469a5c5d,2026-12-26T01:00:00Z,Minnesota Timberwolves,Oklahoma City Thunder,betmgm,h2h,Minnesota Timberwolves,,2.35
2026-09-04T07:13:05Z,scheduled,2b7218aa25cf98318a40e6f2469a5c5d,2026-12-26T01:00:00Z,Minnesota Timberwolves,Oklahoma City Thunder,betmgm,h2h,Oklahoma City Thunder,,1.62
2026-09-04T07:13:05Z,scheduled,2b7218aa25cf98318a40e6f2469a5c5d,2026-12-26T01:00:00Z,Minnesota Timberwolves,Oklahoma City Thunder,betmgm,spreads,Minnesota Timberwolves,4.5,1.91
2026-09-04T07:13:05Z,scheduled,2b7218aa25cf98318a40e6f2469a5c5d,2026-12-26T01:00:00Z,Minnesota Timberwolves,Oklahoma City Thunder,betmgm,spreads,Oklahoma City Thunder,-4.5,1.91
2026-09-04T07:13:05Z,scheduled,2b7218aa25cf98318a40e6f2469a5c5d,2026-12-26T01:00:00Z,Minnesota Timberwolves,Oklahoma City Thunder,betmgm,totals,Over,232.5,1.91
2026-09-04T07:13:05Z,scheduled,2b7218aa25cf98318a40e6f2469a5c5d,2026-12-26T01:00:00Z,Minnesota Timberwolves,Oklahoma City Thunder,betmgm,totals,Under,232.5,1.91
2026-09-04T07:13:05Z,scheduled,2b7218aa25cf98318a40e6f2469a5c5d,2026-12-26T01:00:00Z,Minnesota Timberwolves,Oklahoma City Thunder,betsson,h2h,Minnesota Timberwolves,,2.48
2026-09-04T07:13:05Z,scheduled,2b7218aa25cf98318a40e6f2469a5c5d,2026-12-26T01:00:00Z,Minnesota Timberwolves,Oklahoma City Thunder,betsson,h2h,Oklahoma City Thunder,,1.54
2026-09-04T07:13:05Z,scheduled,2b7218aa25cf98318a40e6f2469a5c5d,2026-12-26T01:00:00Z,Minnesota Timberwolves,Oklahoma City Thunder,betsson,spreads,Minnesota Timberwolves,3.5,1.93
2026-09-04T07:13:05Z,scheduled,2b7218aa25cf98318a40e6f2469a5c5d,2026-12-26T01:00:00Z,Minnesota Timberwolves,Oklahoma City Thunder,betsson,spreads,Oklahoma City Thunder,-3.5,1.83
2026-09-04T07:13:05Z,scheduled,2b7218aa25cf98318a40e6f2469a5c5d,2026-12-26T01:00:00Z,Minnesota Timberwolves,Oklahoma City Thunder,betsson,totals,Over,232.5,1.88
2026-09-04T07:13:05Z,scheduled,2b7218aa25cf98318a40e6f2469a5c5d,2026-12-26T01:00:00Z,Minnesota Timberwolves,Oklahoma City Thunder,betsson,totals,Under,232.5,1.88
2026-09-04T07:13:05Z,scheduled,85a2379bc49135f2759709e55af0c4c6,2026-12-26T03:30:00Z,Golden State Warriors,Denver Nuggets,fanduel,h2h,Denver Nuggets,,1.76
2026-09-04T07:13:05Z,scheduled,85a2379bc49135f2759709e55af0c4c6,2026-12-26T03:30:00Z,Golden State Warriors,Denver Nuggets,fanduel,h2h,Golden State Warriors,,2.12
2026-09-04T07:13:05Z,scheduled,85a2379bc49135f2759709e55af0c4c6,2026-12-26T03:30:00Z,Golden State Warriors,Denver Nuggets,fanduel,spreads,Denver Nuggets,-2.5,1.91
2026-09-04T07:13:05Z,scheduled,85a2379bc49135f2759709e55af0c4c6,2026-12-26T03:30:00Z,Golden State Warriors,Denver Nuggets,fanduel,spreads,Golden State Warriors,2.5,1.91
2026-09-04T07:13:05Z,scheduled,85a2379bc49135f2759709e55af0c4c6,2026-12-26T03:30:00Z,Golden State Warriors,Denver Nuggets,fanduel,totals,Over,239.5,1.91
2026-09-04T07:13:05Z,scheduled,85a2379bc49135f2759709e55af0c4c6,2026-12-26T03:30:00Z,Golden State Warriors,Denver Nuggets,fanduel,totals,Under,239.5,1.91
2026-09-04T07:13:05Z,scheduled,85a2379bc49135f2759709e55af0c4c6,2026-12-26T03:30:00Z,Golden State Warriors,Denver Nuggets,betrivers,h2h,Denver Nuggets,,1.78
2026-09-04T07:13:05Z,scheduled,85a2379bc49135f2759709e55af0c4c6,2026-12-26T03:30:00Z,Golden State Warriors,Denver Nuggets,betrivers,h2h,Golden State Warriors,,2.04
2026-09-04T07:13:05Z,scheduled,85a2379bc49135f2759709e55af0c4c6,2026-12-26T03:30:00Z,Golden State Warriors,Denver Nuggets,betrivers,spreads,Denver Nuggets,-2.0,1.91
2026-09-04T07:13:05Z,scheduled,85a2379bc49135f2759709e55af0c4c6,2026-12-26T03:30:00Z,Golden State Warriors,Denver Nuggets,betrivers,spreads,Golden State Warriors,2.0,1.88
2026-09-04T07:13:05Z,scheduled,85a2379bc49135f2759709e55af0c4c6,2026-12-26T03:30:00Z,Golden State Warriors,Denver Nuggets,betrivers,totals,Over,234.5,1.88
2026-09-04T07:13:05Z,scheduled,85a2379bc49135f2759709e55af0c4c6,2026-12-26T03:30:00Z,Golden State Warriors,Denver Nuggets,betrivers,totals,Under,234.5,1.91
2026-09-04T07:13:05Z,scheduled,85a2379bc49135f2759709e55af0c4c6,2026-12-26T03:30:00Z,Golden State Warriors,Denver Nuggets,draftkings,h2h,Denver Nuggets,,1.74
2026-09-04T07:13:05Z,scheduled,85a2379bc49135f2759709e55af0c4c6,2026-12-26T03:30:00Z,Golden State Warriors,Denver Nuggets,draftkings,h2h,Golden State Warriors,,2.14
2026-09-04T07:13:05Z,scheduled,85a2379bc49135f2759709e55af0c4c6,2026-12-26T03:30:00Z,Golden State Warriors,Denver Nuggets,draftkings,spreads,Denver Nuggets,-2.5,1.91
2026-09-04T07:13:05Z,scheduled,85a2379bc49135f2759709e55af0c4c6,2026-12-26T03:30:00Z,Golden State Warriors,Denver Nuggets,draftkings,spreads,Golden State Warriors,2.5,1.91
2026-09-04T07:13:05Z,scheduled,85a2379bc49135f2759709e55af0c4c6,2026-12-26T03:30:00Z,Golden State Warriors,Denver Nuggets,draftkings,totals,Over,238.5,1.91
2026-09-04T07:13:05Z,scheduled,85a2379bc49135f2759709e55af0c4c6,2026-12-26T03:30:00Z,Golden State Warriors,Denver Nuggets,draftkings,totals,Under,238.5,1.91
2026-09-04T07:13:05Z,scheduled,85a2379bc49135f2759709e55af0c4c6,2026-12-26T03:30:00Z,Golden State Warriors,Denver Nuggets,betmgm,h2h,Denver Nuggets,,1.77
2026-09-04T07:13:05Z,scheduled,85a2379bc49135f2759709e55af0c4c6,2026-12-26T03:30:00Z,Golden State Warriors,Denver Nuggets,betmgm,h2h,Golden State Warriors,,2.1
2026-09-04T07:13:05Z,scheduled,85a2379bc49135f2759709e55af0c4c6,2026-12-26T03:30:00Z,Golden State Warriors,Denver Nuggets,betmgm,spreads,Denver Nuggets,-2.5,1.91
2026-09-04T07:13:05Z,scheduled,85a2379bc49135f2759709e55af0c4c6,2026-12-26T03:30:00Z,Golden State Warriors,Denver Nuggets,betmgm,spreads,Golden State Warriors,2.5,1.91
2026-09-04T07:13:05Z,scheduled,85a2379bc49135f2759709e55af0c4c6,2026-12-26T03:30:00Z,Golden State Warriors,Denver Nuggets,betmgm,totals,Over,238.5,1.91
2026-09-04T07:13:05Z,scheduled,85a2379bc49135f2759709e55af0c4c6,2026-12-26T03:30:00Z,Golden State Warriors,Denver Nuggets,betmgm,totals,Under,238.5,1.91
2026-09-04T07:13:05Z,scheduled,85a2379bc49135f2759709e55af0c4c6,2026-12-26T03:30:00Z,Golden State Warriors,Denver Nuggets,betsson,h2h,Denver Nuggets,,1.68
2026-09-04T07:13:05Z,scheduled,85a2379bc49135f2759709e55af0c4c6,2026-12-26T03:30:00Z,Golden State Warriors,Denver Nuggets,betsson,h2h,Golden State Warriors,,2.18
2026-09-04T07:13:05Z,scheduled,85a2379bc49135f2759709e55af0c4c6,2026-12-26T03:30:00Z,Golden State Warriors,Denver Nuggets,betsson,totals,Over,237.5,1.86
2026-09-04T07:13:05Z,scheduled,85a2379bc49135f2759709e55af0c4c6,2026-12-26T03:30:00Z,Golden State Warriors,Denver Nuggets,betsson,totals,Under,237.5,1.9
2026-09-04T15:12:48Z,scheduled,26b036ff107f3c658258eaf4a6f26228,2026-10-20T19:00:00Z,Detroit Pistons,Boston Celtics,fanduel,h2h,Boston Celtics,,2.02
2026-09-04T15:12:48Z,scheduled,26b036ff107f3c658258eaf4a6f26228,2026-10-20T19:00:00Z,Detroit Pistons,Boston Celtics,fanduel,h2h,Detroit Pistons,,1.83
2026-09-04T15:12:48Z,scheduled,26b036ff107f3c658258eaf4a6f26228,2026-10-20T19:00:00Z,Detroit Pistons,Boston Celtics,fanduel,spreads,Boston Celtics,1.5,1.91
2026-09-04T15:12:48Z,scheduled,26b036ff107f3c658258eaf4a6f26228,2026-10-20T19:00:00Z,Detroit Pistons,Boston Celtics,fanduel,spreads,Detroit Pistons,-1.5,1.91
2026-09-04T15:12:48Z,scheduled,26b036ff107f3c658258eaf4a6f26228,2026-10-20T19:00:00Z,Detroit Pistons,Boston Celtics,fanduel,totals,Over,221.5,1.87
2026-09-04T15:12:48Z,scheduled,26b036ff107f3c658258eaf4a6f26228,2026-10-20T19:00:00Z,Detroit Pistons,Boston Celtics,fanduel,totals,Under,221.5,1.95
2026-09-04T15:12:48Z,scheduled,26b036ff107f3c658258eaf4a6f26228,2026-10-20T19:00:00Z,Detroit Pistons,Boston Celtics,betrivers,h2h,Boston Celtics,,2.0
2026-09-04T15:12:48Z,scheduled,26b036ff107f3c658258eaf4a6f26228,2026-10-20T19:00:00Z,Detroit Pistons,Boston Celtics,betrivers,h2h,Detroit Pistons,,1.81
2026-09-04T15:12:48Z,scheduled,26b036ff107f3c658258eaf4a6f26228,2026-10-20T19:00:00Z,Detroit Pistons,Boston Celtics,betrivers,spreads,Boston Celtics,1.5,1.89
2026-09-04T15:12:48Z,scheduled,26b036ff107f3c658258eaf4a6f26228,2026-10-20T19:00:00Z,Detroit Pistons,Boston Celtics,betrivers,spreads,Detroit Pistons,-1.5,1.89
2026-09-04T15:12:48Z,scheduled,26b036ff107f3c658258eaf4a6f26228,2026-10-20T19:00:00Z,Detroit Pistons,Boston Celtics,betrivers,totals,Over,221.5,1.88
2026-09-04T15:12:48Z,scheduled,26b036ff107f3c658258eaf4a6f26228,2026-10-20T19:00:00Z,Detroit Pistons,Boston Celtics,betrivers,totals,Under,221.5,1.91
2026-09-04T15:12:48Z,scheduled,26b036ff107f3c658258eaf4a6f26228,2026-10-20T19:00:00Z,Detroit Pistons,Boston Celtics,betmgm,h2h,Boston Celtics,,2.05
2026-09-04T15:12:48Z,scheduled,26b036ff107f3c658258eaf4a6f26228,2026-10-20T19:00:00Z,Detroit Pistons,Boston Celtics,betmgm,h2h,Detroit Pistons,,1.8
2026-09-04T15:12:48Z,scheduled,26b036ff107f3c658258eaf4a6f26228,2026-10-20T19:00:00Z,Detroit Pistons,Boston Celtics,betmgm,spreads,Boston Celtics,1.5,1.91
2026-09-04T15:12:48Z,scheduled,26b036ff107f3c658258eaf4a6f26228,2026-10-20T19:00:00Z,Detroit Pistons,Boston Celtics,betmgm,spreads,Detroit Pistons,-1.5,1.91
2026-09-04T15:12:48Z,scheduled,26b036ff107f3c658258eaf4a6f26228,2026-10-20T19:00:00Z,Detroit Pistons,Boston Celtics,betmgm,totals,Over,222.5,1.91
2026-09-04T15:12:48Z,scheduled,26b036ff107f3c658258eaf4a6f26228,2026-10-20T19:00:00Z,Detroit Pistons,Boston Celtics,betmgm,totals,Under,222.5,1.91
2026-09-04T15:12:48Z,scheduled,26b036ff107f3c658258eaf4a6f26228,2026-10-20T19:00:00Z,Detroit Pistons,Boston Celtics,draftkings,h2h,Boston Celtics,,2.05
2026-09-04T15:12:48Z,scheduled,26b036ff107f3c658258eaf4a6f26228,2026-10-20T19:00:00Z,Detroit Pistons,Boston Celtics,draftkings,h2h,Detroit Pistons,,1.8
2026-09-04T15:12:48Z,scheduled,26b036ff107f3c658258eaf4a6f26228,2026-10-20T19:00:00Z,Detroit Pistons,Boston Celtics,draftkings,spreads,Boston Celtics,1.5,1.95
2026-09-04T15:12:48Z,scheduled,26b036ff107f3c658258eaf4a6f26228,2026-10-20T19:00:00Z,Detroit Pistons,Boston Celtics,draftkings,spreads,Detroit Pistons,-1.5,1.87
2026-09-04T15:12:48Z,scheduled,26b036ff107f3c658258eaf4a6f26228,2026-10-20T19:00:00Z,Detroit Pistons,Boston Celtics,draftkings,totals,Over,221.5,1.91
2026-09-04T15:12:48Z,scheduled,26b036ff107f3c658258eaf4a6f26228,2026-10-20T19:00:00Z,Detroit Pistons,Boston Celtics,draftkings,totals,Under,221.5,1.91
2026-09-04T15:12:48Z,scheduled,26b036ff107f3c658258eaf4a6f26228,2026-10-20T19:00:00Z,Detroit Pistons,Boston Celtics,betsson,h2h,Boston Celtics,,1.98
2026-09-04T15:12:48Z,scheduled,26b036ff107f3c658258eaf4a6f26228,2026-10-20T19:00:00Z,Detroit Pistons,Boston Celtics,betsson,h2h,Detroit Pistons,,1.82
2026-09-04T15:12:48Z,scheduled,26b036ff107f3c658258eaf4a6f26228,2026-10-20T19:00:00Z,Detroit Pistons,Boston Celtics,betsson,spreads,Boston Celtics,1.5,1.9
2026-09-04T15:12:48Z,scheduled,26b036ff107f3c658258eaf4a6f26228,2026-10-20T19:00:00Z,Detroit Pistons,Boston Celtics,betsson,spreads,Detroit Pistons,-1.5,1.86
2026-09-04T15:12:48Z,scheduled,26b036ff107f3c658258eaf4a6f26228,2026-10-20T19:00:00Z,Detroit Pistons,Boston Celtics,betsson,totals,Over,222.5,1.88
2026-09-04T15:12:48Z,scheduled,26b036ff107f3c658258eaf4a6f26228,2026-10-20T19:00:00Z,Detroit Pistons,Boston Celtics,betsson,totals,Under,222.5,1.88
2026-09-04T15:12:48Z,scheduled,2b042ddad3d3c6c6fe5b7005dc26c775,2026-10-20T23:00:00Z,New York Knicks,Philadelphia 76ers,fanduel,h2h,New York Knicks,,1.48
2026-09-04T15:12:48Z,scheduled,2b042ddad3d3c6c6fe5b7005dc26c775,2026-10-20T23:00:00Z,New York Knicks,Philadelphia 76ers,fanduel,h2h,Philadelphia 76ers,,2.76
2026-09-04T15:12:48Z,scheduled,2b042ddad3d3c6c6fe5b7005dc26c775,2026-10-20T23:00:00Z,New York Knicks,Philadelphia 76ers,fanduel,spreads,New York Knicks,-5.5,1.87
2026-09-04T15:12:48Z,scheduled,2b042ddad3d3c6c6fe5b7005dc26c775,2026-10-20T23:00:00Z,New York Knicks,Philadelphia 76ers,fanduel,spreads,Philadelphia 76ers,5.5,1.95
2026-09-04T15:12:48Z,scheduled,2b042ddad3d3c6c6fe5b7005dc26c775,2026-10-20T23:00:00Z,New York Knicks,Philadelphia 76ers,fanduel,totals,Over,233.5,1.93
2026-09-04T15:12:48Z,scheduled,2b042ddad3d3c6c6fe5b7005dc26c775,2026-10-20T23:00:00Z,New York Knicks,Philadelphia 76ers,fanduel,totals,Under,233.5,1.89
2026-09-04T15:12:48Z,scheduled,2b042ddad3d3c6c6fe5b7005dc26c775,2026-10-20T23:00:00Z,New York Knicks,Philadelphia 76ers,betrivers,h2h,New York Knicks,,1.51
2026-09-04T15:12:48Z,scheduled,2b042ddad3d3c6c6fe5b7005dc26c775,2026-10-20T23:00:00Z,New York Knicks,Philadelphia 76ers,betrivers,h2h,Philadelphia 76ers,,2.5
2026-09-04T15:12:48Z,scheduled,2b042ddad3d3c6c6fe5b7005dc26c775,2026-10-20T23:00:00Z,New York Knicks,Philadelphia 76ers,betrivers,spreads,New York Knicks,-5.0,1.89
2026-09-04T15:12:48Z,scheduled,2b042ddad3d3c6c6fe5b7005dc26c775,2026-10-20T23:00:00Z,New York Knicks,Philadelphia 76ers,betrivers,spreads,Philadelphia 76ers,5.0,1.91
2026-09-04T15:12:48Z,scheduled,2b042ddad3d3c6c6fe5b7005dc26c775,2026-10-20T23:00:00Z,New York Knicks,Philadelphia 76ers,betrivers,totals,Over,232.5,1.91
2026-09-04T15:12:48Z,scheduled,2b042ddad3d3c6c6fe5b7005dc26c775,2026-10-20T23:00:00Z,New York Knicks,Philadelphia 76ers,betrivers,totals,Under,232.5,1.88
2026-09-04T15:12:48Z,scheduled,2b042ddad3d3c6c6fe5b7005dc26c775,2026-10-20T23:00:00Z,New York Knicks,Philadelphia 76ers,betmgm,h2h,New York Knicks,,1.54
2026-09-04T15:12:48Z,scheduled,2b042ddad3d3c6c6fe5b7005dc26c775,2026-10-20T23:00:00Z,New York Knicks,Philadelphia 76ers,betmgm,h2h,Philadelphia 76ers,,2.5
2026-09-04T15:12:48Z,scheduled,2b042ddad3d3c6c6fe5b7005dc26c775,2026-10-20T23:00:00Z,New York Knicks,Philadelphia 76ers,betmgm,spreads,New York Knicks,-5.5,1.91
2026-09-04T15:12:48Z,scheduled,2b042ddad3d3c6c6fe5b7005dc26c775,2026-10-20T23:00:00Z,New York Knicks,Philadelphia 76ers,betmgm,spreads,Philadelphia 76ers,5.5,1.91
2026-09-04T15:12:48Z,scheduled,2b042ddad3d3c6c6fe5b7005dc26c775,2026-10-20T23:00:00Z,New York Knicks,Philadelphia 76ers,betmgm,totals,Over,231.5,1.91
2026-09-04T15:12:48Z,scheduled,2b042ddad3d3c6c6fe5b7005dc26c775,2026-10-20T23:00:00Z,New York Knicks,Philadelphia 76ers,betmgm,totals,Under,231.5,1.91
2026-09-04T15:12:48Z,scheduled,2b042ddad3d3c6c6fe5b7005dc26c775,2026-10-20T23:00:00Z,New York Knicks,Philadelphia 76ers,draftkings,h2h,New York Knicks,,1.51
2026-09-04T15:12:48Z,scheduled,2b042ddad3d3c6c6fe5b7005dc26c775,2026-10-20T23:00:00Z,New York Knicks,Philadelphia 76ers,draftkings,h2h,Philadelphia 76ers,,2.64
2026-09-04T15:12:48Z,scheduled,2b042ddad3d3c6c6fe5b7005dc26c775,2026-10-20T23:00:00Z,New York Knicks,Philadelphia 76ers,draftkings,spreads,New York Knicks,-5.5,1.91
2026-09-04T15:12:48Z,scheduled,2b042ddad3d3c6c6fe5b7005dc26c775,2026-10-20T23:00:00Z,New York Knicks,Philadelphia 76ers,draftkings,spreads,Philadelphia 76ers,5.5,1.91
2026-09-04T15:12:48Z,scheduled,2b042ddad3d3c6c6fe5b7005dc26c775,2026-10-20T23:00:00Z,New York Knicks,Philadelphia 76ers,draftkings,totals,Over,231.5,1.91
2026-09-04T15:12:48Z,scheduled,2b042ddad3d3c6c6fe5b7005dc26c775,2026-10-20T23:00:00Z,New York Knicks,Philadelphia 76ers,draftkings,totals,Under,231.5,1.91
2026-09-04T15:12:48Z,scheduled,2b042ddad3d3c6c6fe5b7005dc26c775,2026-10-20T23:00:00Z,New York Knicks,Philadelphia 76ers,betsson,h2h,New York Knicks,,1.5
2026-09-04T15:12:48Z,scheduled,2b042ddad3d3c6c6fe5b7005dc26c775,2026-10-20T23:00:00Z,New York Knicks,Philadelphia 76ers,betsson,h2h,Philadelphia 76ers,,2.6
2026-09-04T15:12:48Z,scheduled,2b042ddad3d3c6c6fe5b7005dc26c775,2026-10-20T23:00:00Z,New York Knicks,Philadelphia 76ers,betsson,totals,Over,234.5,1.9
2026-09-04T15:12:48Z,scheduled,2b042ddad3d3c6c6fe5b7005dc26c775,2026-10-20T23:00:00Z,New York Knicks,Philadelphia 76ers,betsson,totals,Under,234.5,1.86
2026-09-04T15:12:48Z,scheduled,bccd283de56915e29af1788beb0abfc9,2026-10-21T01:30:00Z,San Antonio Spurs,Oklahoma City Thunder,fanduel,h2h,Oklahoma City Thunder,,2.08
2026-09-04T15:12:48Z,scheduled,bccd283de56915e29af1788beb0abfc9,2026-10-21T01:30:00Z,San Antonio Spurs,Oklahoma City Thunder,fanduel,h2h,San Antonio Spurs,,1.79
2026-09-04T15:12:48Z,scheduled,bccd283de56915e29af1788beb0abfc9,2026-10-21T01:30:00Z,San Antonio Spurs,Oklahoma City Thunder,fanduel,spreads,Oklahoma City Thunder,1.5,1.95
2026-09-04T15:12:48Z,scheduled,bccd283de56915e29af1788beb0abfc9,2026-10-21T01:30:00Z,San Antonio Spurs,Oklahoma City Thunder,fanduel,spreads,San Antonio Spurs,-1.5,1.87
2026-09-04T15:12:48Z,scheduled,bccd283de56915e29af1788beb0abfc9,2026-10-21T01:30:00Z,San Antonio Spurs,Oklahoma City Thunder,fanduel,totals,Over,231.5,1.91
2026-09-04T15:12:48Z,scheduled,bccd283de56915e29af1788beb0abfc9,2026-10-21T01:30:00Z,San Antonio Spurs,Oklahoma City Thunder,fanduel,totals,Under,231.5,1.91
2026-09-04T15:12:48Z,scheduled,bccd283de56915e29af1788beb0abfc9,2026-10-21T01:30:00Z,San Antonio Spurs,Oklahoma City Thunder,betrivers,h2h,Oklahoma City Thunder,,2.07
2026-09-04T15:12:48Z,scheduled,bccd283de56915e29af1788beb0abfc9,2026-10-21T01:30:00Z,San Antonio Spurs,Oklahoma City Thunder,betrivers,h2h,San Antonio Spurs,,1.76
2026-09-04T15:12:48Z,scheduled,bccd283de56915e29af1788beb0abfc9,2026-10-21T01:30:00Z,San Antonio Spurs,Oklahoma City Thunder,betrivers,spreads,Oklahoma City Thunder,2.0,1.91
2026-09-04T15:12:48Z,scheduled,bccd283de56915e29af1788beb0abfc9,2026-10-21T01:30:00Z,San Antonio Spurs,Oklahoma City Thunder,betrivers,spreads,San Antonio Spurs,-2.0,1.88
2026-09-04T15:12:48Z,scheduled,bccd283de56915e29af1788beb0abfc9,2026-10-21T01:30:00Z,San Antonio Spurs,Oklahoma City Thunder,betrivers,totals,Over,228.5,1.89
2026-09-04T15:12:48Z,scheduled,bccd283de56915e29af1788beb0abfc9,2026-10-21T01:30:00Z,San Antonio Spurs,Oklahoma City Thunder,betrivers,totals,Under,228.5,1.89
2026-09-04T15:12:48Z,scheduled,bccd283de56915e29af1788beb0abfc9,2026-10-21T01:30:00Z,San Antonio Spurs,Oklahoma City Thunder,betmgm,h2h,Oklahoma City Thunder,,2.05
2026-09-04T15:12:48Z,scheduled,bccd283de56915e29af1788beb0abfc9,2026-10-21T01:30:00Z,San Antonio Spurs,Oklahoma City Thunder,betmgm,h2h,San Antonio Spurs,,1.8
2026-09-04T15:12:48Z,scheduled,bccd283de56915e29af1788beb0abfc9,2026-10-21T01:30:00Z,San Antonio Spurs,Oklahoma City Thunder,betmgm,spreads,Oklahoma City Thunder,2.5,1.87
2026-09-04T15:12:48Z,scheduled,bccd283de56915e29af1788beb0abfc9,2026-10-21T01:30:00Z,San Antonio Spurs,Oklahoma City Thunder,betmgm,spreads,San Antonio Spurs,-2.5,1.95
2026-09-04T15:12:48Z,scheduled,bccd283de56915e29af1788beb0abfc9,2026-10-21T01:30:00Z,San Antonio Spurs,Oklahoma City Thunder,betmgm,totals,Over,230.5,1.91
2026-09-04T15:12:48Z,scheduled,bccd283de56915e29af1788beb0abfc9,2026-10-21T01:30:00Z,San Antonio Spurs,Oklahoma City Thunder,betmgm,totals,Under,230.5,1.91
2026-09-04T15:12:48Z,scheduled,bccd283de56915e29af1788beb0abfc9,2026-10-21T01:30:00Z,San Antonio Spurs,Oklahoma City Thunder,draftkings,h2h,Oklahoma City Thunder,,2.0
2026-09-04T15:12:48Z,scheduled,bccd283de56915e29af1788beb0abfc9,2026-10-21T01:30:00Z,San Antonio Spurs,Oklahoma City Thunder,draftkings,h2h,San Antonio Spurs,,1.83
2026-09-04T15:12:48Z,scheduled,bccd283de56915e29af1788beb0abfc9,2026-10-21T01:30:00Z,San Antonio Spurs,Oklahoma City Thunder,draftkings,spreads,Oklahoma City Thunder,1.5,1.91
2026-09-04T15:12:48Z,scheduled,bccd283de56915e29af1788beb0abfc9,2026-10-21T01:30:00Z,San Antonio Spurs,Oklahoma City Thunder,draftkings,spreads,San Antonio Spurs,-1.5,1.91
2026-09-04T15:12:48Z,scheduled,bccd283de56915e29af1788beb0abfc9,2026-10-21T01:30:00Z,San Antonio Spurs,Oklahoma City Thunder,draftkings,totals,Over,230.5,1.91
2026-09-04T15:12:48Z,scheduled,bccd283de56915e29af1788beb0abfc9,2026-10-21T01:30:00Z,San Antonio Spurs,Oklahoma City Thunder,draftkings,totals,Under,230.5,1.91
2026-09-04T15:12:48Z,scheduled,bccd283de56915e29af1788beb0abfc9,2026-10-21T01:30:00Z,San Antonio Spurs,Oklahoma City Thunder,betsson,h2h,Oklahoma City Thunder,,2.04
2026-09-04T15:12:48Z,scheduled,bccd283de56915e29af1788beb0abfc9,2026-10-21T01:30:00Z,San Antonio Spurs,Oklahoma City Thunder,betsson,h2h,San Antonio Spurs,,1.78
2026-09-04T15:12:48Z,scheduled,bccd283de56915e29af1788beb0abfc9,2026-10-21T01:30:00Z,San Antonio Spurs,Oklahoma City Thunder,betsson,totals,Over,231.5,1.86
2026-09-04T15:12:48Z,scheduled,bccd283de56915e29af1788beb0abfc9,2026-10-21T01:30:00Z,San Antonio Spurs,Oklahoma City Thunder,betsson,totals,Under,231.5,1.9
2026-09-04T15:12:48Z,scheduled,85e6e4e2404ef7268659739997758da1,2026-10-21T23:10:00Z,Orlando Magic,Atlanta Hawks,draftkings,h2h,Atlanta Hawks,,2.14
2026-09-04T15:12:48Z,scheduled,85e6e4e2404ef7268659739997758da1,2026-10-21T23:10:00Z,Orlando Magic,Atlanta Hawks,draftkings,h2h,Orlando Magic,,1.74
2026-09-04T15:12:48Z,scheduled,85e6e4e2404ef7268659739997758da1,2026-10-21T23:10:00Z,Orlando Magic,Atlanta Hawks,draftkings,spreads,Atlanta Hawks,2.5,1.91
2026-09-04T15:12:48Z,scheduled,85e6e4e2404ef7268659739997758da1,2026-10-21T23:10:00Z,Orlando Magic,Atlanta Hawks,draftkings,spreads,Orlando Magic,-2.5,1.91
2026-09-04T15:12:48Z,scheduled,85e6e4e2404ef7268659739997758da1,2026-10-21T23:10:00Z,Orlando Magic,Atlanta Hawks,draftkings,totals,Over,233.5,1.91
2026-09-04T15:12:48Z,scheduled,85e6e4e2404ef7268659739997758da1,2026-10-21T23:10:00Z,Orlando Magic,Atlanta Hawks,draftkings,totals,Under,233.5,1.91
2026-09-04T15:12:48Z,scheduled,85e6e4e2404ef7268659739997758da1,2026-10-21T23:10:00Z,Orlando Magic,Atlanta Hawks,betmgm,h2h,Atlanta Hawks,,2.15
2026-09-04T15:12:48Z,scheduled,85e6e4e2404ef7268659739997758da1,2026-10-21T23:10:00Z,Orlando Magic,Atlanta Hawks,betmgm,h2h,Orlando Magic,,1.74
2026-09-04T15:12:48Z,scheduled,85e6e4e2404ef7268659739997758da1,2026-10-21T23:10:00Z,Orlando Magic,Atlanta Hawks,betmgm,spreads,Atlanta Hawks,2.5,1.91
2026-09-04T15:12:48Z,scheduled,85e6e4e2404ef7268659739997758da1,2026-10-21T23:10:00Z,Orlando Magic,Atlanta Hawks,betmgm,spreads,Orlando Magic,-2.5,1.91
2026-09-04T15:12:48Z,scheduled,85e6e4e2404ef7268659739997758da1,2026-10-21T23:10:00Z,Orlando Magic,Atlanta Hawks,betmgm,totals,Over,233.5,1.91
2026-09-04T15:12:48Z,scheduled,85e6e4e2404ef7268659739997758da1,2026-10-21T23:10:00Z,Orlando Magic,Atlanta Hawks,betmgm,totals,Under,233.5,1.91
2026-09-04T15:12:48Z,scheduled,85e6e4e2404ef7268659739997758da1,2026-10-21T23:10:00Z,Orlando Magic,Atlanta Hawks,betsson,h2h,Atlanta Hawks,,2.08
2026-09-04T15:12:48Z,scheduled,85e6e4e2404ef7268659739997758da1,2026-10-21T23:10:00Z,Orlando Magic,Atlanta Hawks,betsson,h2h,Orlando Magic,,1.75
2026-09-04T15:12:48Z,scheduled,85e6e4e2404ef7268659739997758da1,2026-10-21T23:10:00Z,Orlando Magic,Atlanta Hawks,betsson,totals,Over,233.5,1.88
2026-09-04T15:12:48Z,scheduled,85e6e4e2404ef7268659739997758da1,2026-10-21T23:10:00Z,Orlando Magic,Atlanta Hawks,betsson,totals,Under,233.5,1.88
2026-09-04T15:12:48Z,scheduled,164cc0396837d5ff433215ffd3279283,2026-10-21T23:10:00Z,Washington Wizards,Milwaukee Bucks,draftkings,h2h,Milwaukee Bucks,,2.9
2026-09-04T15:12:48Z,scheduled,164cc0396837d5ff433215ffd3279283,2026-10-21T23:10:00Z,Washington Wizards,Milwaukee Bucks,draftkings,h2h,Washington Wizards,,1.43
2026-09-04T15:12:48Z,scheduled,164cc0396837d5ff433215ffd3279283,2026-10-21T23:10:00Z,Washington Wizards,Milwaukee Bucks,draftkings,spreads,Milwaukee Bucks,6.5,1.91
2026-09-04T15:12:48Z,scheduled,164cc0396837d5ff433215ffd3279283,2026-10-21T23:10:00Z,Washington Wizards,Milwaukee Bucks,draftkings,spreads,Washington Wizards,-6.5,1.91
2026-09-04T15:12:48Z,scheduled,164cc0396837d5ff433215ffd3279283,2026-10-21T23:10:00Z,Washington Wizards,Milwaukee Bucks,draftkings,totals,Over,238.5,1.95
2026-09-04T15:12:48Z,scheduled,164cc0396837d5ff433215ffd3279283,2026-10-21T23:10:00Z,Washington Wizards,Milwaukee Bucks,draftkings,totals,Under,238.5,1.87
2026-09-04T15:12:48Z,scheduled,164cc0396837d5ff433215ffd3279283,2026-10-21T23:10:00Z,Washington Wizards,Milwaukee Bucks,betmgm,h2h,Milwaukee Bucks,,2.8
2026-09-04T15:12:48Z,scheduled,164cc0396837d5ff433215ffd3279283,2026-10-21T23:10:00Z,Washington Wizards,Milwaukee Bucks,betmgm,h2h,Washington Wizards,,1.45
2026-09-04T15:12:48Z,scheduled,164cc0396837d5ff433215ffd3279283,2026-10-21T23:10:00Z,Washington Wizards,Milwaukee Bucks,betmgm,spreads,Milwaukee Bucks,6.5,1.91
2026-09-04T15:12:48Z,scheduled,164cc0396837d5ff433215ffd3279283,2026-10-21T23:10:00Z,Washington Wizards,Milwaukee Bucks,betmgm,spreads,Washington Wizards,-6.5,1.91
2026-09-04T15:12:48Z,scheduled,164cc0396837d5ff433215ffd3279283,2026-10-21T23:10:00Z,Washington Wizards,Milwaukee Bucks,betmgm,totals,Over,238.5,1.91
2026-09-04T15:12:48Z,scheduled,164cc0396837d5ff433215ffd3279283,2026-10-21T23:10:00Z,Washington Wizards,Milwaukee Bucks,betmgm,totals,Under,238.5,1.91
2026-09-04T15:12:48Z,scheduled,164cc0396837d5ff433215ffd3279283,2026-10-21T23:10:00Z,Washington Wizards,Milwaukee Bucks,betsson,h2h,Milwaukee Bucks,,2.8
2026-09-04T15:12:48Z,scheduled,164cc0396837d5ff433215ffd3279283,2026-10-21T23:10:00Z,Washington Wizards,Milwaukee Bucks,betsson,h2h,Washington Wizards,,1.44
2026-09-04T15:12:48Z,scheduled,164cc0396837d5ff433215ffd3279283,2026-10-21T23:10:00Z,Washington Wizards,Milwaukee Bucks,betsson,totals,Over,238.5,1.88
2026-09-04T15:12:48Z,scheduled,164cc0396837d5ff433215ffd3279283,2026-10-21T23:10:00Z,Washington Wizards,Milwaukee Bucks,betsson,totals,Under,238.5,1.88
2026-09-04T15:12:48Z,scheduled,47cc511bb5ce50f715e3625ce5ef77ee,2026-10-21T23:40:00Z,Brooklyn Nets,Charlotte Hornets,draftkings,h2h,Brooklyn Nets,,2.42
2026-09-04T15:12:48Z,scheduled,47cc511bb5ce50f715e3625ce5ef77ee,2026-10-21T23:40:00Z,Brooklyn Nets,Charlotte Hornets,draftkings,h2h,Charlotte Hornets,,1.59
2026-09-04T15:12:48Z,scheduled,47cc511bb5ce50f715e3625ce5ef77ee,2026-10-21T23:40:00Z,Brooklyn Nets,Charlotte Hornets,draftkings,spreads,Brooklyn Nets,4.5,1.91
2026-09-04T15:12:48Z,scheduled,47cc511bb5ce50f715e3625ce5ef77ee,2026-10-21T23:40:00Z,Brooklyn Nets,Charlotte Hornets,draftkings,spreads,Charlotte Hornets,-4.5,1.91
2026-09-04T15:12:48Z,scheduled,47cc511bb5ce50f715e3625ce5ef77ee,2026-10-21T23:40:00Z,Brooklyn Nets,Charlotte Hornets,draftkings,totals,Over,226.5,1.95
2026-09-04T15:12:48Z,scheduled,47cc511bb5ce50f715e3625ce5ef77ee,2026-10-21T23:40:00Z,Brooklyn Nets,Charlotte Hornets,draftkings,totals,Under,226.5,1.87
2026-09-04T15:12:48Z,scheduled,47cc511bb5ce50f715e3625ce5ef77ee,2026-10-21T23:40:00Z,Brooklyn Nets,Charlotte Hornets,betmgm,h2h,Brooklyn Nets,,2.4
2026-09-04T15:12:48Z,scheduled,47cc511bb5ce50f715e3625ce5ef77ee,2026-10-21T23:40:00Z,Brooklyn Nets,Charlotte Hornets,betmgm,h2h,Charlotte Hornets,,1.61
2026-09-04T15:12:48Z,scheduled,47cc511bb5ce50f715e3625ce5ef77ee,2026-10-21T23:40:00Z,Brooklyn Nets,Charlotte Hornets,betmgm,spreads,Brooklyn Nets,4.5,1.91
2026-09-04T15:12:48Z,scheduled,47cc511bb5ce50f715e3625ce5ef77ee,2026-10-21T23:40:00Z,Brooklyn Nets,Charlotte Hornets,betmgm,spreads,Charlotte Hornets,-4.5,1.91
2026-09-04T15:12:48Z,scheduled,47cc511bb5ce50f715e3625ce5ef77ee,2026-10-21T23:40:00Z,Brooklyn Nets,Charlotte Hornets,betmgm,totals,Over,226.5,1.91
2026-09-04T15:12:48Z,scheduled,47cc511bb5ce50f715e3625ce5ef77ee,2026-10-21T23:40:00Z,Brooklyn Nets,Charlotte Hornets,betmgm,totals,Under,226.5,1.91
2026-09-04T15:12:48Z,scheduled,47cc511bb5ce50f715e3625ce5ef77ee,2026-10-21T23:40:00Z,Brooklyn Nets,Charlotte Hornets,betsson,h2h,Brooklyn Nets,,2.35
2026-09-04T15:12:48Z,scheduled,47cc511bb5ce50f715e3625ce5ef77ee,2026-10-21T23:40:00Z,Brooklyn Nets,Charlotte Hornets,betsson,h2h,Charlotte Hornets,,1.58
2026-09-04T15:12:48Z,scheduled,47cc511bb5ce50f715e3625ce5ef77ee,2026-10-21T23:40:00Z,Brooklyn Nets,Charlotte Hornets,betsson,spreads,Brooklyn Nets,4.5,1.88
2026-09-04T15:12:48Z,scheduled,47cc511bb5ce50f715e3625ce5ef77ee,2026-10-21T23:40:00Z,Brooklyn Nets,Charlotte Hornets,betsson,spreads,Charlotte Hornets,-4.5,1.88
2026-09-04T15:12:48Z,scheduled,47cc511bb5ce50f715e3625ce5ef77ee,2026-10-21T23:40:00Z,Brooklyn Nets,Charlotte Hornets,betsson,totals,Over,226.5,1.88
2026-09-04T15:12:48Z,scheduled,47cc511bb5ce50f715e3625ce5ef77ee,2026-10-21T23:40:00Z,Brooklyn Nets,Charlotte Hornets,betsson,totals,Under,226.5,1.88
2026-09-04T15:12:48Z,scheduled,93cdd8e4ade5697cfccf42ee42c4d207,2026-10-21T23:40:00Z,Miami Heat,Minnesota Timberwolves,draftkings,h2h,Miami Heat,,1.8
2026-09-04T15:12:48Z,scheduled,93cdd8e4ade5697cfccf42ee42c4d207,2026-10-21T23:40:00Z,Miami Heat,Minnesota Timberwolves,draftkings,h2h,Minnesota Timberwolves,,2.05
2026-09-04T15:12:48Z,scheduled,93cdd8e4ade5697cfccf42ee42c4d207,2026-10-21T23:40:00Z,Miami Heat,Minnesota Timberwolves,draftkings,spreads,Miami Heat,-1.5,1.87
2026-09-04T15:12:48Z,scheduled,93cdd8e4ade5697cfccf42ee42c4d207,2026-10-21T23:40:00Z,Miami Heat,Minnesota Timberwolves,draftkings,spreads,Minnesota Timberwolves,1.5,1.95
2026-09-04T15:12:48Z,scheduled,93cdd8e4ade5697cfccf42ee42c4d207,2026-10-21T23:40:00Z,Miami Heat,Minnesota Timberwolves,draftkings,totals,Over,242.5,1.87
2026-09-04T15:12:48Z,scheduled,93cdd8e4ade5697cfccf42ee42c4d207,2026-10-21T23:40:00Z,Miami Heat,Minnesota Timberwolves,draftkings,totals,Under,242.5,1.95
2026-09-04T15:12:48Z,scheduled,93cdd8e4ade5697cfccf42ee42c4d207,2026-10-21T23:40:00Z,Miami Heat,Minnesota Timberwolves,fanduel,h2h,Miami Heat,,1.93
2026-09-04T15:12:48Z,scheduled,93cdd8e4ade5697cfccf42ee42c4d207,2026-10-21T23:40:00Z,Miami Heat,Minnesota Timberwolves,fanduel,h2h,Minnesota Timberwolves,,1.93
2026-09-04T15:12:48Z,scheduled,93cdd8e4ade5697cfccf42ee42c4d207,2026-10-21T23:40:00Z,Miami Heat,Minnesota Timberwolves,fanduel,spreads,Miami Heat,-1.5,1.98
2026-09-04T15:12:48Z,scheduled,93cdd8e4ade5697cfccf42ee42c4d207,2026-10-21T23:40:00Z,Miami Heat,Minnesota Timberwolves,fanduel,spreads,Minnesota Timberwolves,1.5,1.83
2026-09-04T15:12:48Z,scheduled,93cdd8e4ade5697cfccf42ee42c4d207,2026-10-21T23:40:00Z,Miami Heat,Minnesota Timberwolves,fanduel,totals,Over,243.5,1.91
2026-09-04T15:12:48Z,scheduled,93cdd8e4ade5697cfccf42ee42c4d207,2026-10-21T23:40:00Z,Miami Heat,Minnesota Timberwolves,fanduel,totals,Under,243.5,1.91
2026-09-04T15:12:48Z,scheduled,93cdd8e4ade5697cfccf42ee42c4d207,2026-10-21T23:40:00Z,Miami Heat,Minnesota Timberwolves,betmgm,h2h,Miami Heat,,1.83
2026-09-04T15:12:48Z,scheduled,93cdd8e4ade5697cfccf42ee42c4d207,2026-10-21T23:40:00Z,Miami Heat,Minnesota Timberwolves,betmgm,h2h,Minnesota Timberwolves,,2.05
2026-09-04T15:12:48Z,scheduled,93cdd8e4ade5697cfccf42ee42c4d207,2026-10-21T23:40:00Z,Miami Heat,Minnesota Timberwolves,betmgm,spreads,Miami Heat,-1.5,1.91
2026-09-04T15:12:48Z,scheduled,93cdd8e4ade5697cfccf42ee42c4d207,2026-10-21T23:40:00Z,Miami Heat,Minnesota Timberwolves,betmgm,spreads,Minnesota Timberwolves,1.5,1.91
2026-09-04T15:12:48Z,scheduled,93cdd8e4ade5697cfccf42ee42c4d207,2026-10-21T23:40:00Z,Miami Heat,Minnesota Timberwolves,betmgm,totals,Over,243.5,1.91
2026-09-04T15:12:48Z,scheduled,93cdd8e4ade5697cfccf42ee42c4d207,2026-10-21T23:40:00Z,Miami Heat,Minnesota Timberwolves,betmgm,totals,Under,243.5,1.91
2026-09-04T15:12:48Z,scheduled,93cdd8e4ade5697cfccf42ee42c4d207,2026-10-21T23:40:00Z,Miami Heat,Minnesota Timberwolves,betsson,h2h,Miami Heat,,1.85
2026-09-04T15:12:48Z,scheduled,93cdd8e4ade5697cfccf42ee42c4d207,2026-10-21T23:40:00Z,Miami Heat,Minnesota Timberwolves,betsson,h2h,Minnesota Timberwolves,,1.95
2026-09-04T15:12:48Z,scheduled,93cdd8e4ade5697cfccf42ee42c4d207,2026-10-21T23:40:00Z,Miami Heat,Minnesota Timberwolves,betsson,totals,Over,243.5,1.88
2026-09-04T15:12:48Z,scheduled,93cdd8e4ade5697cfccf42ee42c4d207,2026-10-21T23:40:00Z,Miami Heat,Minnesota Timberwolves,betsson,totals,Under,243.5,1.88
2026-09-04T15:12:48Z,scheduled,fd33c09c84ab4c2fe6955d59f8dc5dd2,2026-10-22T00:10:00Z,New Orleans Pelicans,Indiana Pacers,draftkings,h2h,Indiana Pacers,,1.6
2026-09-04T15:12:48Z,scheduled,fd33c09c84ab4c2fe6955d59f8dc5dd2,2026-10-22T00:10:00Z,New Orleans Pelicans,Indiana Pacers,draftkings,h2h,New Orleans Pelicans,,2.4
2026-09-04T15:12:48Z,scheduled,fd33c09c84ab4c2fe6955d59f8dc5dd2,2026-10-22T00:10:00Z,New Orleans Pelicans,Indiana Pacers,draftkings,spreads,Indiana Pacers,-3.5,1.85
2026-09-04T15:12:48Z,scheduled,fd33c09c84ab4c2fe6955d59f8dc5dd2,2026-10-22T00:10:00Z,New Orleans Pelicans,Indiana Pacers,draftkings,spreads,New Orleans Pelicans,3.5,1.98
2026-09-04T15:12:48Z,scheduled,fd33c09c84ab4c2fe6955d59f8dc5dd2,2026-10-22T00:10:00Z,New Orleans Pelicans,Indiana Pacers,draftkings,totals,Over,242.5,1.87
2026-09-04T15:12:48Z,scheduled,fd33c09c84ab4c2fe6955d59f8dc5dd2,2026-10-22T00:10:00Z,New Orleans Pelicans,Indiana Pacers,draftkings,totals,Under,242.5,1.95
2026-09-04T15:12:48Z,scheduled,fd33c09c84ab4c2fe6955d59f8dc5dd2,2026-10-22T00:10:00Z,New Orleans Pelicans,Indiana Pacers,betmgm,h2h,Indiana Pacers,,1.61
2026-09-04T15:12:48Z,scheduled,fd33c09c84ab4c2fe6955d59f8dc5dd2,2026-10-22T00:10:00Z,New Orleans Pelicans,Indiana Pacers,betmgm,h2h,New Orleans Pelicans,,2.4
2026-09-04T15:12:48Z,scheduled,fd33c09c84ab4c2fe6955d59f8dc5dd2,2026-10-22T00:10:00Z,New Orleans Pelicans,Indiana Pacers,betmgm,spreads,Indiana Pacers,-4.5,1.91
2026-09-04T15:12:48Z,scheduled,fd33c09c84ab4c2fe6955d59f8dc5dd2,2026-10-22T00:10:00Z,New Orleans Pelicans,Indiana Pacers,betmgm,spreads,New Orleans Pelicans,4.5,1.91
2026-09-04T15:12:48Z,scheduled,fd33c09c84ab4c2fe6955d59f8dc5dd2,2026-10-22T00:10:00Z,New Orleans Pelicans,Indiana Pacers,betmgm,totals,Over,243.5,1.91
2026-09-04T15:12:48Z,scheduled,fd33c09c84ab4c2fe6955d59f8dc5dd2,2026-10-22T00:10:00Z,New Orleans Pelicans,Indiana Pacers,betmgm,totals,Under,243.5,1.91
2026-09-04T15:12:48Z,scheduled,fd33c09c84ab4c2fe6955d59f8dc5dd2,2026-10-22T00:10:00Z,New Orleans Pelicans,Indiana Pacers,betsson,h2h,Indiana Pacers,,1.6
2026-09-04T15:12:48Z,scheduled,fd33c09c84ab4c2fe6955d59f8dc5dd2,2026-10-22T00:10:00Z,New Orleans Pelicans,Indiana Pacers,betsson,h2h,New Orleans Pelicans,,2.35
2026-09-04T15:12:48Z,scheduled,fd33c09c84ab4c2fe6955d59f8dc5dd2,2026-10-22T00:10:00Z,New Orleans Pelicans,Indiana Pacers,betsson,spreads,Indiana Pacers,-4.5,1.83
2026-09-04T15:12:48Z,scheduled,fd33c09c84ab4c2fe6955d59f8dc5dd2,2026-10-22T00:10:00Z,New Orleans Pelicans,Indiana Pacers,betsson,spreads,New Orleans Pelicans,4.5,1.93
2026-09-04T15:12:48Z,scheduled,fd33c09c84ab4c2fe6955d59f8dc5dd2,2026-10-22T00:10:00Z,New Orleans Pelicans,Indiana Pacers,betsson,totals,Over,243.5,1.86
2026-09-04T15:12:48Z,scheduled,fd33c09c84ab4c2fe6955d59f8dc5dd2,2026-10-22T00:10:00Z,New Orleans Pelicans,Indiana Pacers,betsson,totals,Under,243.5,1.9
2026-09-04T15:12:48Z,scheduled,e6769c813dd625b622df94c14a562ce2,2026-10-22T00:10:00Z,Memphis Grizzlies,Utah Jazz,draftkings,h2h,Memphis Grizzlies,,2.24
2026-09-04T15:12:48Z,scheduled,e6769c813dd625b622df94c14a562ce2,2026-10-22T00:10:00Z,Memphis Grizzlies,Utah Jazz,draftkings,h2h,Utah Jazz,,1.68
2026-09-04T15:12:48Z,scheduled,e6769c813dd625b622df94c14a562ce2,2026-10-22T00:10:00Z,Memphis Grizzlies,Utah Jazz,draftkings,spreads,Memphis Grizzlies,2.5,1.98
2026-09-04T15:12:48Z,scheduled,e6769c813dd625b622df94c14a562ce2,2026-10-22T00:10:00Z,Memphis Grizzlies,Utah Jazz,draftkings,spreads,Utah Jazz,-2.5,1.85
2026-09-04T15:12:48Z,scheduled,e6769c813dd625b622df94c14a562ce2,2026-10-22T00:10:00Z,Memphis Grizzlies,Utah Jazz,draftkings,totals,Over,241.5,1.91
2026-09-04T15:12:48Z,scheduled,e6769c813dd625b622df94c14a562ce2,2026-10-22T00:10:00Z,Memphis Grizzlies,Utah Jazz,draftkings,totals,Under,241.5,1.91
2026-09-04T15:12:48Z,scheduled,e6769c813dd625b622df94c14a562ce2,2026-10-22T00:10:00Z,Memphis Grizzlies,Utah Jazz,betmgm,h2h,Memphis Grizzlies,,2.2
2026-09-04T15:12:48Z,scheduled,e6769c813dd625b622df94c14a562ce2,2026-10-22T00:10:00Z,Memphis Grizzlies,Utah Jazz,betmgm,h2h,Utah Jazz,,1.69
2026-09-04T15:12:48Z,scheduled,e6769c813dd625b622df94c14a562ce2,2026-10-22T00:10:00Z,Memphis Grizzlies,Utah Jazz,betmgm,spreads,Memphis Grizzlies,2.5,1.91
2026-09-04T15:12:48Z,scheduled,e6769c813dd625b622df94c14a562ce2,2026-10-22T00:10:00Z,Memphis Grizzlies,Utah Jazz,betmgm,spreads,Utah Jazz,-2.5,1.91
2026-09-04T15:12:48Z,scheduled,e6769c813dd625b622df94c14a562ce2,2026-10-22T00:10:00Z,Memphis Grizzlies,Utah Jazz,betmgm,totals,Over,241.5,1.91
2026-09-04T15:12:48Z,scheduled,e6769c813dd625b622df94c14a562ce2,2026-10-22T00:10:00Z,Memphis Grizzlies,Utah Jazz,betmgm,totals,Under,241.5,1.91
2026-09-04T15:12:48Z,scheduled,e6769c813dd625b622df94c14a562ce2,2026-10-22T00:10:00Z,Memphis Grizzlies,Utah Jazz,betsson,h2h,Memphis Grizzlies,,2.18
2026-09-04T15:12:48Z,scheduled,e6769c813dd625b622df94c14a562ce2,2026-10-22T00:10:00Z,Memphis Grizzlies,Utah Jazz,betsson,h2h,Utah Jazz,,1.68
2026-09-04T15:12:48Z,scheduled,e6769c813dd625b622df94c14a562ce2,2026-10-22T00:10:00Z,Memphis Grizzlies,Utah Jazz,betsson,totals,Over,242.5,1.9
2026-09-04T15:12:48Z,scheduled,e6769c813dd625b622df94c14a562ce2,2026-10-22T00:10:00Z,Memphis Grizzlies,Utah Jazz,betsson,totals,Under,242.5,1.86
2026-09-04T15:12:48Z,scheduled,af2f084075391e55ba2a596e7846bb40,2026-10-22T00:40:00Z,Houston Rockets,Dallas Mavericks,draftkings,h2h,Dallas Mavericks,,3.5
2026-09-04T15:12:48Z,scheduled,af2f084075391e55ba2a596e7846bb40,2026-10-22T00:40:00Z,Houston Rockets,Dallas Mavericks,draftkings,h2h,Houston Rockets,,1.32
2026-09-04T15:12:48Z,scheduled,af2f084075391e55ba2a596e7846bb40,2026-10-22T00:40:00Z,Houston Rockets,Dallas Mavericks,draftkings,spreads,Dallas Mavericks,8.5,1.85
2026-09-04T15:12:48Z,scheduled,af2f084075391e55ba2a596e7846bb40,2026-10-22T00:40:00Z,Houston Rockets,Dallas Mavericks,draftkings,spreads,Houston Rockets,-8.5,1.98
2026-09-04T15:12:48Z,scheduled,af2f084075391e55ba2a596e7846bb40,2026-10-22T00:40:00Z,Houston Rockets,Dallas Mavericks,draftkings,totals,Over,227.5,1.95
2026-09-04T15:12:48Z,scheduled,af2f084075391e55ba2a596e7846bb40,2026-10-22T00:40:00Z,Houston Rockets,Dallas Mavericks,draftkings,totals,Under,227.5,1.87
2026-09-04T15:12:48Z,scheduled,af2f084075391e55ba2a596e7846bb40,2026-10-22T00:40:00Z,Houston Rockets,Dallas Mavericks,betmgm,h2h,Dallas Mavericks,,3.4
2026-09-04T15:12:48Z,scheduled,af2f084075391e55ba2a596e7846bb40,2026-10-22T00:40:00Z,Houston Rockets,Dallas Mavericks,betmgm,h2h,Houston Rockets,,1.33
2026-09-04T15:12:48Z,scheduled,af2f084075391e55ba2a596e7846bb40,2026-10-22T00:40:00Z,Houston Rockets,Dallas Mavericks,betmgm,spreads,Dallas Mavericks,8.5,1.87
2026-09-04T15:12:48Z,scheduled,af2f084075391e55ba2a596e7846bb40,2026-10-22T00:40:00Z,Houston Rockets,Dallas Mavericks,betmgm,spreads,Houston Rockets,-8.5,1.95
2026-09-04T15:12:48Z,scheduled,af2f084075391e55ba2a596e7846bb40,2026-10-22T00:40:00Z,Houston Rockets,Dallas Mavericks,betmgm,totals,Over,227.5,1.91
2026-09-04T15:12:48Z,scheduled,af2f084075391e55ba2a596e7846bb40,2026-10-22T00:40:00Z,Houston Rockets,Dallas Mavericks,betmgm,totals,Under,227.5,1.91
2026-09-04T15:12:48Z,scheduled,af2f084075391e55ba2a596e7846bb40,2026-10-22T00:40:00Z,Houston Rockets,Dallas Mavericks,betsson,h2h,Dallas Mavericks,,3.25
2026-09-04T15:12:48Z,scheduled,af2f084075391e55ba2a596e7846bb40,2026-10-22T00:40:00Z,Houston Rockets,Dallas Mavericks,betsson,h2h,Houston Rockets,,1.34
2026-09-04T15:12:48Z,scheduled,af2f084075391e55ba2a596e7846bb40,2026-10-22T00:40:00Z,Houston Rockets,Dallas Mavericks,betsson,totals,Over,227.5,1.88
2026-09-04T15:12:48Z,scheduled,af2f084075391e55ba2a596e7846bb40,2026-10-22T00:40:00Z,Houston Rockets,Dallas Mavericks,betsson,totals,Under,227.5,1.88
2026-09-04T15:12:48Z,scheduled,6fff70f4bf196dba25060a5775a03b54,2026-10-22T02:10:00Z,Los Angeles Lakers,Golden State Warriors,draftkings,h2h,Golden State Warriors,,2.54
2026-09-04T15:12:48Z,scheduled,6fff70f4bf196dba25060a5775a03b54,2026-10-22T02:10:00Z,Los Angeles Lakers,Golden State Warriors,draftkings,h2h,Los Angeles Lakers,,1.54
2026-09-04T15:12:48Z,scheduled,6fff70f4bf196dba25060a5775a03b54,2026-10-22T02:10:00Z,Los Angeles Lakers,Golden State Warriors,draftkings,spreads,Golden State Warriors,4.5,1.98
2026-09-04T15:12:48Z,scheduled,6fff70f4bf196dba25060a5775a03b54,2026-10-22T02:10:00Z,Los Angeles Lakers,Golden State Warriors,draftkings,spreads,Los Angeles Lakers,-4.5,1.85
2026-09-04T15:12:48Z,scheduled,6fff70f4bf196dba25060a5775a03b54,2026-10-22T02:10:00Z,Los Angeles Lakers,Golden State Warriors,draftkings,totals,Over,235.5,1.91
2026-09-04T15:12:48Z,scheduled,6fff70f4bf196dba25060a5775a03b54,2026-10-22T02:10:00Z,Los Angeles Lakers,Golden State Warriors,draftkings,totals,Under,235.5,1.91
2026-09-04T15:12:48Z,scheduled,6fff70f4bf196dba25060a5775a03b54,2026-10-22T02:10:00Z,Los Angeles Lakers,Golden State Warriors,fanduel,h2h,Golden State Warriors,,2.42
2026-09-04T15:12:48Z,scheduled,6fff70f4bf196dba25060a5775a03b54,2026-10-22T02:10:00Z,Los Angeles Lakers,Golden State Warriors,fanduel,h2h,Los Angeles Lakers,,1.6
2026-09-04T15:12:48Z,scheduled,6fff70f4bf196dba25060a5775a03b54,2026-10-22T02:10:00Z,Los Angeles Lakers,Golden State Warriors,fanduel,spreads,Golden State Warriors,3.5,1.98
2026-09-04T15:12:48Z,scheduled,6fff70f4bf196dba25060a5775a03b54,2026-10-22T02:10:00Z,Los Angeles Lakers,Golden State Warriors,fanduel,spreads,Los Angeles Lakers,-3.5,1.83
2026-09-04T15:12:48Z,scheduled,6fff70f4bf196dba25060a5775a03b54,2026-10-22T02:10:00Z,Los Angeles Lakers,Golden State Warriors,fanduel,totals,Over,236.5,1.91
2026-09-04T15:12:48Z,scheduled,6fff70f4bf196dba25060a5775a03b54,2026-10-22T02:10:00Z,Los Angeles Lakers,Golden State Warriors,fanduel,totals,Under,236.5,1.91
2026-09-04T15:12:48Z,scheduled,6fff70f4bf196dba25060a5775a03b54,2026-10-22T02:10:00Z,Los Angeles Lakers,Golden State Warriors,betmgm,h2h,Golden State Warriors,,2.55
2026-09-04T15:12:48Z,scheduled,6fff70f4bf196dba25060a5775a03b54,2026-10-22T02:10:00Z,Los Angeles Lakers,Golden State Warriors,betmgm,h2h,Los Angeles Lakers,,1.53
2026-09-04T15:12:48Z,scheduled,6fff70f4bf196dba25060a5775a03b54,2026-10-22T02:10:00Z,Los Angeles Lakers,Golden State Warriors,betmgm,spreads,Golden State Warriors,5.5,1.91
2026-09-04T15:12:48Z,scheduled,6fff70f4bf196dba25060a5775a03b54,2026-10-22T02:10:00Z,Los Angeles Lakers,Golden State Warriors,betmgm,spreads,Los Angeles Lakers,-5.5,1.91
2026-09-04T15:12:48Z,scheduled,6fff70f4bf196dba25060a5775a03b54,2026-10-22T02:10:00Z,Los Angeles Lakers,Golden State Warriors,betmgm,totals,Over,235.5,1.91
2026-09-04T15:12:48Z,scheduled,6fff70f4bf196dba25060a5775a03b54,2026-10-22T02:10:00Z,Los Angeles Lakers,Golden State Warriors,betmgm,totals,Under,235.5,1.91
2026-09-04T15:12:48Z,scheduled,71e24359951927c356bd8c852fb867dd,2026-10-22T02:10:00Z,Portland Trail Blazers,Phoenix Suns,draftkings,h2h,Phoenix Suns,,2.42
2026-09-04T15:12:48Z,scheduled,71e24359951927c356bd8c852fb867dd,2026-10-22T02:10:00Z,Portland Trail Blazers,Phoenix Suns,draftkings,h2h,Portland Trail Blazers,,1.59
2026-09-04T15:12:48Z,scheduled,71e24359951927c356bd8c852fb867dd,2026-10-22T02:10:00Z,Portland Trail Blazers,Phoenix Suns,draftkings,spreads,Phoenix Suns,4.5,1.91
2026-09-04T15:12:48Z,scheduled,71e24359951927c356bd8c852fb867dd,2026-10-22T02:10:00Z,Portland Trail Blazers,Phoenix Suns,draftkings,spreads,Portland Trail Blazers,-4.5,1.91
2026-09-04T15:12:48Z,scheduled,71e24359951927c356bd8c852fb867dd,2026-10-22T02:10:00Z,Portland Trail Blazers,Phoenix Suns,draftkings,totals,Over,235.5,1.91
2026-09-04T15:12:48Z,scheduled,71e24359951927c356bd8c852fb867dd,2026-10-22T02:10:00Z,Portland Trail Blazers,Phoenix Suns,draftkings,totals,Under,235.5,1.91
2026-09-04T15:12:48Z,scheduled,71e24359951927c356bd8c852fb867dd,2026-10-22T02:10:00Z,Portland Trail Blazers,Phoenix Suns,betmgm,h2h,Phoenix Suns,,2.45
2026-09-04T15:12:48Z,scheduled,71e24359951927c356bd8c852fb867dd,2026-10-22T02:10:00Z,Portland Trail Blazers,Phoenix Suns,betmgm,h2h,Portland Trail Blazers,,1.57
2026-09-04T15:12:48Z,scheduled,71e24359951927c356bd8c852fb867dd,2026-10-22T02:10:00Z,Portland Trail Blazers,Phoenix Suns,betmgm,spreads,Phoenix Suns,4.5,1.91
2026-09-04T15:12:48Z,scheduled,71e24359951927c356bd8c852fb867dd,2026-10-22T02:10:00Z,Portland Trail Blazers,Phoenix Suns,betmgm,spreads,Portland Trail Blazers,-4.5,1.91
2026-09-04T15:12:48Z,scheduled,71e24359951927c356bd8c852fb867dd,2026-10-22T02:10:00Z,Portland Trail Blazers,Phoenix Suns,betmgm,totals,Over,235.5,1.91
2026-09-04T15:12:48Z,scheduled,71e24359951927c356bd8c852fb867dd,2026-10-22T02:10:00Z,Portland Trail Blazers,Phoenix Suns,betmgm,totals,Under,235.5,1.91
2026-09-04T15:12:48Z,scheduled,71e24359951927c356bd8c852fb867dd,2026-10-22T02:10:00Z,Portland Trail Blazers,Phoenix Suns,betsson,h2h,Phoenix Suns,,2.38
2026-09-04T15:12:48Z,scheduled,71e24359951927c356bd8c852fb867dd,2026-10-22T02:10:00Z,Portland Trail Blazers,Phoenix Suns,betsson,h2h,Portland Trail Blazers,,1.58
2026-09-04T15:12:48Z,scheduled,71e24359951927c356bd8c852fb867dd,2026-10-22T02:10:00Z,Portland Trail Blazers,Phoenix Suns,betsson,totals,Over,235.5,1.86
2026-09-04T15:12:48Z,scheduled,71e24359951927c356bd8c852fb867dd,2026-10-22T02:10:00Z,Portland Trail Blazers,Phoenix Suns,betsson,totals,Under,235.5,1.9
2026-09-04T15:12:48Z,scheduled,110e33c79c5ec8c0377702aff685f83b,2026-10-22T23:10:00Z,Philadelphia 76ers,Cleveland Cavaliers,draftkings,h2h,Cleveland Cavaliers,,2.45
2026-09-04T15:12:48Z,scheduled,110e33c79c5ec8c0377702aff685f83b,2026-10-22T23:10:00Z,Philadelphia 76ers,Cleveland Cavaliers,draftkings,h2h,Philadelphia 76ers,,1.57
2026-09-04T15:12:48Z,scheduled,110e33c79c5ec8c0377702aff685f83b,2026-10-22T23:10:00Z,Philadelphia 76ers,Cleveland Cavaliers,draftkings,spreads,Cleveland Cavaliers,4.5,1.91
2026-09-04T15:12:48Z,scheduled,110e33c79c5ec8c0377702aff685f83b,2026-10-22T23:10:00Z,Philadelphia 76ers,Cleveland Cavaliers,draftkings,spreads,Philadelphia 76ers,-4.5,1.91
2026-09-04T15:12:48Z,scheduled,110e33c79c5ec8c0377702aff685f83b,2026-10-22T23:10:00Z,Philadelphia 76ers,Cleveland Cavaliers,draftkings,totals,Over,233.5,1.87
2026-09-04T15:12:48Z,scheduled,110e33c79c5ec8c0377702aff685f83b,2026-10-22T23:10:00Z,Philadelphia 76ers,Cleveland Cavaliers,draftkings,totals,Under,233.5,1.95
2026-09-04T15:12:48Z,scheduled,110e33c79c5ec8c0377702aff685f83b,2026-10-22T23:10:00Z,Philadelphia 76ers,Cleveland Cavaliers,betmgm,h2h,Cleveland Cavaliers,,2.45
2026-09-04T15:12:48Z,scheduled,110e33c79c5ec8c0377702aff685f83b,2026-10-22T23:10:00Z,Philadelphia 76ers,Cleveland Cavaliers,betmgm,h2h,Philadelphia 76ers,,1.57
2026-09-04T15:12:48Z,scheduled,110e33c79c5ec8c0377702aff685f83b,2026-10-22T23:10:00Z,Philadelphia 76ers,Cleveland Cavaliers,betmgm,spreads,Cleveland Cavaliers,4.5,1.91
2026-09-04T15:12:48Z,scheduled,110e33c79c5ec8c0377702aff685f83b,2026-10-22T23:10:00Z,Philadelphia 76ers,Cleveland Cavaliers,betmgm,spreads,Philadelphia 76ers,-4.5,1.91
2026-09-04T15:12:48Z,scheduled,110e33c79c5ec8c0377702aff685f83b,2026-10-22T23:10:00Z,Philadelphia 76ers,Cleveland Cavaliers,betmgm,totals,Over,233.5,1.91
2026-09-04T15:12:48Z,scheduled,110e33c79c5ec8c0377702aff685f83b,2026-10-22T23:10:00Z,Philadelphia 76ers,Cleveland Cavaliers,betmgm,totals,Under,233.5,1.91
2026-09-04T15:12:48Z,scheduled,110e33c79c5ec8c0377702aff685f83b,2026-10-22T23:10:00Z,Philadelphia 76ers,Cleveland Cavaliers,betsson,h2h,Cleveland Cavaliers,,2.42
2026-09-04T15:12:48Z,scheduled,110e33c79c5ec8c0377702aff685f83b,2026-10-22T23:10:00Z,Philadelphia 76ers,Cleveland Cavaliers,betsson,h2h,Philadelphia 76ers,,1.56
2026-09-04T15:12:48Z,scheduled,110e33c79c5ec8c0377702aff685f83b,2026-10-22T23:10:00Z,Philadelphia 76ers,Cleveland Cavaliers,betsson,totals,Over,234.5,1.9
2026-09-04T15:12:48Z,scheduled,110e33c79c5ec8c0377702aff685f83b,2026-10-22T23:10:00Z,Philadelphia 76ers,Cleveland Cavaliers,betsson,totals,Under,234.5,1.86
2026-09-04T15:12:48Z,scheduled,223b2883b9b05a67329ef246384b85f1,2026-10-23T01:40:00Z,Oklahoma City Thunder,Denver Nuggets,draftkings,h2h,Denver Nuggets,,3.25
2026-09-04T15:12:48Z,scheduled,223b2883b9b05a67329ef246384b85f1,2026-10-23T01:40:00Z,Oklahoma City Thunder,Denver Nuggets,draftkings,h2h,Oklahoma City Thunder,,1.36
2026-09-04T15:12:48Z,scheduled,223b2883b9b05a67329ef246384b85f1,2026-10-23T01:40:00Z,Oklahoma City Thunder,Denver Nuggets,draftkings,spreads,Denver Nuggets,7.5,1.91
2026-09-04T15:12:48Z,scheduled,223b2883b9b05a67329ef246384b85f1,2026-10-23T01:40:00Z,Oklahoma City Thunder,Denver Nuggets,draftkings,spreads,Oklahoma City Thunder,-7.5,1.91
2026-09-04T15:12:48Z,scheduled,223b2883b9b05a67329ef246384b85f1,2026-10-23T01:40:00Z,Oklahoma City Thunder,Denver Nuggets,draftkings,totals,Over,231.5,1.87
2026-09-04T15:12:48Z,scheduled,223b2883b9b05a67329ef246384b85f1,2026-10-23T01:40:00Z,Oklahoma City Thunder,Denver Nuggets,draftkings,totals,Under,231.5,1.95
2026-09-04T15:12:48Z,scheduled,223b2883b9b05a67329ef246384b85f1,2026-10-23T01:40:00Z,Oklahoma City Thunder,Denver Nuggets,betmgm,h2h,Denver Nuggets,,3.2
2026-09-04T15:12:48Z,scheduled,223b2883b9b05a67329ef246384b85f1,2026-10-23T01:40:00Z,Oklahoma City Thunder,Denver Nuggets,betmgm,h2h,Oklahoma City Thunder,,1.36
2026-09-04T15:12:48Z,scheduled,223b2883b9b05a67329ef246384b85f1,2026-10-23T01:40:00Z,Oklahoma City Thunder,Denver Nuggets,betmgm,spreads,Denver Nuggets,7.5,1.91
2026-09-04T15:12:48Z,scheduled,223b2883b9b05a67329ef246384b85f1,2026-10-23T01:40:00Z,Oklahoma City Thunder,Denver Nuggets,betmgm,spreads,Oklahoma City Thunder,-7.5,1.91
2026-09-04T15:12:48Z,scheduled,223b2883b9b05a67329ef246384b85f1,2026-10-23T01:40:00Z,Oklahoma City Thunder,Denver Nuggets,betmgm,totals,Over,232.5,1.91
2026-09-04T15:12:48Z,scheduled,223b2883b9b05a67329ef246384b85f1,2026-10-23T01:40:00Z,Oklahoma City Thunder,Denver Nuggets,betmgm,totals,Under,232.5,1.91
2026-09-04T15:12:48Z,scheduled,223b2883b9b05a67329ef246384b85f1,2026-10-23T01:40:00Z,Oklahoma City Thunder,Denver Nuggets,betsson,h2h,Denver Nuggets,,3.05
2026-09-04T15:12:48Z,scheduled,223b2883b9b05a67329ef246384b85f1,2026-10-23T01:40:00Z,Oklahoma City Thunder,Denver Nuggets,betsson,h2h,Oklahoma City Thunder,,1.38
2026-09-04T15:12:48Z,scheduled,223b2883b9b05a67329ef246384b85f1,2026-10-23T01:40:00Z,Oklahoma City Thunder,Denver Nuggets,betsson,totals,Over,232.5,1.86
2026-09-04T15:12:48Z,scheduled,223b2883b9b05a67329ef246384b85f1,2026-10-23T01:40:00Z,Oklahoma City Thunder,Denver Nuggets,betsson,totals,Under,232.5,1.9
2026-09-04T15:12:48Z,scheduled,0d34c898f6cbb990077ae9f0a2773513,2026-10-23T23:10:00Z,Boston Celtics,New York Knicks,draftkings,h2h,Boston Celtics,,1.77
2026-09-04T15:12:48Z,scheduled,0d34c898f6cbb990077ae9f0a2773513,2026-10-23T23:10:00Z,Boston Celtics,New York Knicks,draftkings,h2h,New York Knicks,,2.1
2026-09-04T15:12:48Z,scheduled,0d34c898f6cbb990077ae9f0a2773513,2026-10-23T23:10:00Z,Boston Celtics,New York Knicks,draftkings,spreads,Boston Celtics,-2.5,1.91
2026-09-04T15:12:48Z,scheduled,0d34c898f6cbb990077ae9f0a2773513,2026-10-23T23:10:00Z,Boston Celtics,New York Knicks,draftkings,spreads,New York Knicks,2.5,1.91
2026-09-04T15:12:48Z,scheduled,0d34c898f6cbb990077ae9f0a2773513,2026-10-23T23:10:00Z,Boston Celtics,New York Knicks,draftkings,totals,Over,223.5,1.91
2026-09-04T15:12:48Z,scheduled,0d34c898f6cbb990077ae9f0a2773513,2026-10-23T23:10:00Z,Boston Celtics,New York Knicks,draftkings,totals,Under,223.5,1.91
2026-09-04T15:12:48Z,scheduled,0d34c898f6cbb990077ae9f0a2773513,2026-10-23T23:10:00Z,Boston Celtics,New York Knicks,betsson,h2h,Boston Celtics,,1.75
2026-09-04T15:12:48Z,scheduled,0d34c898f6cbb990077ae9f0a2773513,2026-10-23T23:10:00Z,Boston Celtics,New York Knicks,betsson,h2h,New York Knicks,,2.08
2026-09-04T15:12:48Z,scheduled,0d34c898f6cbb990077ae9f0a2773513,2026-10-23T23:10:00Z,Boston Celtics,New York Knicks,betsson,spreads,Boston Celtics,-2.5,1.86
2026-09-04T15:12:48Z,scheduled,0d34c898f6cbb990077ae9f0a2773513,2026-10-23T23:10:00Z,Boston Celtics,New York Knicks,betsson,spreads,New York Knicks,2.5,1.9
2026-09-04T15:12:48Z,scheduled,0d34c898f6cbb990077ae9f0a2773513,2026-10-23T23:10:00Z,Boston Celtics,New York Knicks,betsson,totals,Over,223.5,1.88
2026-09-04T15:12:48Z,scheduled,0d34c898f6cbb990077ae9f0a2773513,2026-10-23T23:10:00Z,Boston Celtics,New York Knicks,betsson,totals,Under,223.5,1.88
2026-09-04T15:12:48Z,scheduled,49fc89a9696a9a20b658732b34ce61c4,2026-10-24T01:40:00Z,San Antonio Spurs,Houston Rockets,draftkings,h2h,Houston Rockets,,2.85
2026-09-04T15:12:48Z,scheduled,49fc89a9696a9a20b658732b34ce61c4,2026-10-24T01:40:00Z,San Antonio Spurs,Houston Rockets,draftkings,h2h,San Antonio Spurs,,1.44
2026-09-04T15:12:48Z,scheduled,49fc89a9696a9a20b658732b34ce61c4,2026-10-24T01:40:00Z,San Antonio Spurs,Houston Rockets,draftkings,spreads,Houston Rockets,6.5,1.85
2026-09-04T15:12:48Z,scheduled,49fc89a9696a9a20b658732b34ce61c4,2026-10-24T01:40:00Z,San Antonio Spurs,Houston Rockets,draftkings,spreads,San Antonio Spurs,-6.5,1.98
2026-09-04T15:12:48Z,scheduled,49fc89a9696a9a20b658732b34ce61c4,2026-10-24T01:40:00Z,San Antonio Spurs,Houston Rockets,draftkings,totals,Over,225.5,1.91
2026-09-04T15:12:48Z,scheduled,49fc89a9696a9a20b658732b34ce61c4,2026-10-24T01:40:00Z,San Antonio Spurs,Houston Rockets,draftkings,totals,Under,225.5,1.91
2026-09-04T15:12:48Z,scheduled,49fc89a9696a9a20b658732b34ce61c4,2026-10-24T01:40:00Z,San Antonio Spurs,Houston Rockets,betsson,h2h,Houston Rockets,,2.8
2026-09-04T15:12:48Z,scheduled,49fc89a9696a9a20b658732b34ce61c4,2026-10-24T01:40:00Z,San Antonio Spurs,Houston Rockets,betsson,h2h,San Antonio Spurs,,1.44
2026-09-04T15:12:48Z,scheduled,49fc89a9696a9a20b658732b34ce61c4,2026-10-24T01:40:00Z,San Antonio Spurs,Houston Rockets,betsson,totals,Over,225.5,1.88
2026-09-04T15:12:48Z,scheduled,49fc89a9696a9a20b658732b34ce61c4,2026-10-24T01:40:00Z,San Antonio Spurs,Houston Rockets,betsson,totals,Under,225.5,1.88
2026-09-04T15:12:48Z,scheduled,45ebc54751ef3e435192eaeb0470acfb,2026-10-30T23:10:00Z,Washington Wizards,Charlotte Hornets,draftkings,h2h,Charlotte Hornets,,1.87
2026-09-04T15:12:48Z,scheduled,45ebc54751ef3e435192eaeb0470acfb,2026-10-30T23:10:00Z,Washington Wizards,Charlotte Hornets,draftkings,h2h,Washington Wizards,,1.95
2026-09-04T15:12:48Z,scheduled,45ebc54751ef3e435192eaeb0470acfb,2026-10-30T23:10:00Z,Washington Wizards,Charlotte Hornets,draftkings,spreads,Charlotte Hornets,-1.5,1.95
2026-09-04T15:12:48Z,scheduled,45ebc54751ef3e435192eaeb0470acfb,2026-10-30T23:10:00Z,Washington Wizards,Charlotte Hornets,draftkings,spreads,Washington Wizards,1.5,1.87
2026-09-04T15:12:48Z,scheduled,45ebc54751ef3e435192eaeb0470acfb,2026-10-30T23:10:00Z,Washington Wizards,Charlotte Hornets,draftkings,totals,Over,235.5,1.91
2026-09-04T15:12:48Z,scheduled,45ebc54751ef3e435192eaeb0470acfb,2026-10-30T23:10:00Z,Washington Wizards,Charlotte Hornets,draftkings,totals,Under,235.5,1.91
2026-09-04T15:12:48Z,scheduled,036a93ca33d6261c21d4bfa6e0d02568,2026-10-30T23:40:00Z,Boston Celtics,Chicago Bulls,draftkings,h2h,Boston Celtics,,1.17
2026-09-04T15:12:48Z,scheduled,036a93ca33d6261c21d4bfa6e0d02568,2026-10-30T23:40:00Z,Boston Celtics,Chicago Bulls,draftkings,h2h,Chicago Bulls,,5.25
2026-09-04T15:12:48Z,scheduled,036a93ca33d6261c21d4bfa6e0d02568,2026-10-30T23:40:00Z,Boston Celtics,Chicago Bulls,draftkings,spreads,Boston Celtics,-11.5,1.91
2026-09-04T15:12:48Z,scheduled,036a93ca33d6261c21d4bfa6e0d02568,2026-10-30T23:40:00Z,Boston Celtics,Chicago Bulls,draftkings,spreads,Chicago Bulls,11.5,1.91
2026-09-04T15:12:48Z,scheduled,036a93ca33d6261c21d4bfa6e0d02568,2026-10-30T23:40:00Z,Boston Celtics,Chicago Bulls,draftkings,totals,Over,232.5,1.91
2026-09-04T15:12:48Z,scheduled,036a93ca33d6261c21d4bfa6e0d02568,2026-10-30T23:40:00Z,Boston Celtics,Chicago Bulls,draftkings,totals,Under,232.5,1.91
2026-09-04T15:12:48Z,scheduled,64df299b882ea19ad5f8cb0ed5516a6f,2026-10-30T23:40:00Z,Brooklyn Nets,Detroit Pistons,draftkings,h2h,Brooklyn Nets,,3.5
2026-09-04T15:12:48Z,scheduled,64df299b882ea19ad5f8cb0ed5516a6f,2026-10-30T23:40:00Z,Brooklyn Nets,Detroit Pistons,draftkings,h2h,Detroit Pistons,,1.32
2026-09-04T15:12:48Z,scheduled,64df299b882ea19ad5f8cb0ed5516a6f,2026-10-30T23:40:00Z,Brooklyn Nets,Detroit Pistons,draftkings,spreads,Brooklyn Nets,7.5,1.98
2026-09-04T15:12:48Z,scheduled,64df299b882ea19ad5f8cb0ed5516a6f,2026-10-30T23:40:00Z,Brooklyn Nets,Detroit Pistons,draftkings,spreads,Detroit Pistons,-7.5,1.85
2026-09-04T15:12:48Z,scheduled,64df299b882ea19ad5f8cb0ed5516a6f,2026-10-30T23:40:00Z,Brooklyn Nets,Detroit Pistons,draftkings,totals,Over,225.5,1.91
2026-09-04T15:12:48Z,scheduled,64df299b882ea19ad5f8cb0ed5516a6f,2026-10-30T23:40:00Z,Brooklyn Nets,Detroit Pistons,draftkings,totals,Under,225.5,1.91
2026-09-04T15:12:48Z,scheduled,96a166bbd49782dbd9a61c2fb9069787,2026-10-30T23:40:00Z,Philadelphia 76ers,New York Knicks,draftkings,h2h,New York Knicks,,2.05
2026-09-04T15:12:48Z,scheduled,96a166bbd49782dbd9a61c2fb9069787,2026-10-30T23:40:00Z,Philadelphia 76ers,New York Knicks,draftkings,h2h,Philadelphia 76ers,,1.8
2026-09-04T15:12:48Z,scheduled,96a166bbd49782dbd9a61c2fb9069787,2026-10-30T23:40:00Z,Philadelphia 76ers,New York Knicks,draftkings,spreads,New York Knicks,2.5,1.87
2026-09-04T15:12:48Z,scheduled,96a166bbd49782dbd9a61c2fb9069787,2026-10-30T23:40:00Z,Philadelphia 76ers,New York Knicks,draftkings,spreads,Philadelphia 76ers,-2.5,1.95
2026-09-04T15:12:48Z,scheduled,96a166bbd49782dbd9a61c2fb9069787,2026-10-30T23:40:00Z,Philadelphia 76ers,New York Knicks,draftkings,totals,Over,231.5,1.91
2026-09-04T15:12:48Z,scheduled,96a166bbd49782dbd9a61c2fb9069787,2026-10-30T23:40:00Z,Philadelphia 76ers,New York Knicks,draftkings,totals,Under,231.5,1.91
2026-09-04T15:12:48Z,scheduled,b9778d0e3a26167eb49901dcae7eeb98,2026-10-31T00:10:00Z,Dallas Mavericks,Houston Rockets,draftkings,h2h,Dallas Mavericks,,2.45
2026-09-04T15:12:48Z,scheduled,b9778d0e3a26167eb49901dcae7eeb98,2026-10-31T00:10:00Z,Dallas Mavericks,Houston Rockets,draftkings,h2h,Houston Rockets,,1.57
2026-09-04T15:12:48Z,scheduled,b9778d0e3a26167eb49901dcae7eeb98,2026-10-31T00:10:00Z,Dallas Mavericks,Houston Rockets,draftkings,spreads,Dallas Mavericks,4.5,1.91
2026-09-04T15:12:48Z,scheduled,b9778d0e3a26167eb49901dcae7eeb98,2026-10-31T00:10:00Z,Dallas Mavericks,Houston Rockets,draftkings,spreads,Houston Rockets,-4.5,1.91
2026-09-04T15:12:48Z,scheduled,b9778d0e3a26167eb49901dcae7eeb98,2026-10-31T00:10:00Z,Dallas Mavericks,Houston Rockets,draftkings,totals,Over,227.5,1.95
2026-09-04T15:12:48Z,scheduled,b9778d0e3a26167eb49901dcae7eeb98,2026-10-31T00:10:00Z,Dallas Mavericks,Houston Rockets,draftkings,totals,Under,227.5,1.87
2026-09-04T15:12:48Z,scheduled,c3a424e24d426af94a693e06a33e3037,2026-10-31T00:10:00Z,Miami Heat,Indiana Pacers,draftkings,h2h,Indiana Pacers,,2.3
2026-09-04T15:12:48Z,scheduled,c3a424e24d426af94a693e06a33e3037,2026-10-31T00:10:00Z,Miami Heat,Indiana Pacers,draftkings,h2h,Miami Heat,,1.65
2026-09-04T15:12:48Z,scheduled,c3a424e24d426af94a693e06a33e3037,2026-10-31T00:10:00Z,Miami Heat,Indiana Pacers,draftkings,spreads,Indiana Pacers,3.5,1.91
2026-09-04T15:12:48Z,scheduled,c3a424e24d426af94a693e06a33e3037,2026-10-31T00:10:00Z,Miami Heat,Indiana Pacers,draftkings,spreads,Miami Heat,-3.5,1.91
2026-09-04T15:12:48Z,scheduled,c3a424e24d426af94a693e06a33e3037,2026-10-31T00:10:00Z,Miami Heat,Indiana Pacers,draftkings,totals,Over,241.5,1.87
2026-09-04T15:12:48Z,scheduled,c3a424e24d426af94a693e06a33e3037,2026-10-31T00:10:00Z,Miami Heat,Indiana Pacers,draftkings,totals,Under,241.5,1.95
2026-09-04T15:12:48Z,scheduled,9ae108f7a23e86e8102237053dd9e58d,2026-10-31T02:10:00Z,Phoenix Suns,Denver Nuggets,draftkings,h2h,Denver Nuggets,,1.74
2026-09-04T15:12:48Z,scheduled,9ae108f7a23e86e8102237053dd9e58d,2026-10-31T02:10:00Z,Phoenix Suns,Denver Nuggets,draftkings,h2h,Phoenix Suns,,2.14
2026-09-04T15:12:48Z,scheduled,9ae108f7a23e86e8102237053dd9e58d,2026-10-31T02:10:00Z,Phoenix Suns,Denver Nuggets,draftkings,spreads,Denver Nuggets,-2.5,1.91
2026-09-04T15:12:48Z,scheduled,9ae108f7a23e86e8102237053dd9e58d,2026-10-31T02:10:00Z,Phoenix Suns,Denver Nuggets,draftkings,spreads,Phoenix Suns,2.5,1.91
2026-09-04T15:12:48Z,scheduled,9ae108f7a23e86e8102237053dd9e58d,2026-10-31T02:10:00Z,Phoenix Suns,Denver Nuggets,draftkings,totals,Over,233.5,1.87
2026-09-04T15:12:48Z,scheduled,9ae108f7a23e86e8102237053dd9e58d,2026-10-31T02:10:00Z,Phoenix Suns,Denver Nuggets,draftkings,totals,Under,233.5,1.95
2026-09-04T15:12:48Z,scheduled,761c15cdefb5a94e34f234e11d6e57ad,2026-10-31T02:10:00Z,Golden State Warriors,Los Angeles Lakers,draftkings,h2h,Golden State Warriors,,1.91
2026-09-04T15:12:48Z,scheduled,761c15cdefb5a94e34f234e11d6e57ad,2026-10-31T02:10:00Z,Golden State Warriors,Los Angeles Lakers,draftkings,h2h,Los Angeles Lakers,,1.91
2026-09-04T15:12:48Z,scheduled,761c15cdefb5a94e34f234e11d6e57ad,2026-10-31T02:10:00Z,Golden State Warriors,Los Angeles Lakers,draftkings,spreads,Golden State Warriors,1.5,1.82
2026-09-04T15:12:48Z,scheduled,761c15cdefb5a94e34f234e11d6e57ad,2026-10-31T02:10:00Z,Golden State Warriors,Los Angeles Lakers,draftkings,spreads,Los Angeles Lakers,-1.5,2.02
2026-09-04T15:12:48Z,scheduled,761c15cdefb5a94e34f234e11d6e57ad,2026-10-31T02:10:00Z,Golden State Warriors,Los Angeles Lakers,draftkings,totals,Over,235.5,1.91
2026-09-04T15:12:48Z,scheduled,761c15cdefb5a94e34f234e11d6e57ad,2026-10-31T02:10:00Z,Golden State Warriors,Los Angeles Lakers,draftkings,totals,Under,235.5,1.91
2026-09-04T15:12:48Z,scheduled,85869b2fdc16ef10d3e2582bf05ead95,2026-11-07T00:40:00Z,Cleveland Cavaliers,Philadelphia 76ers,draftkings,h2h,Cleveland Cavaliers,,1.82
2026-09-04T15:12:48Z,scheduled,85869b2fdc16ef10d3e2582bf05ead95,2026-11-07T00:40:00Z,Cleveland Cavaliers,Philadelphia 76ers,draftkings,h2h,Philadelphia 76ers,,2.02
2026-09-04T15:12:48Z,scheduled,85869b2fdc16ef10d3e2582bf05ead95,2026-11-07T00:40:00Z,Cleveland Cavaliers,Philadelphia 76ers,draftkings,spreads,Cleveland Cavaliers,-1.5,1.91
2026-09-04T15:12:48Z,scheduled,85869b2fdc16ef10d3e2582bf05ead95,2026-11-07T00:40:00Z,Cleveland Cavaliers,Philadelphia 76ers,draftkings,spreads,Philadelphia 76ers,1.5,1.91
2026-09-04T15:12:48Z,scheduled,85869b2fdc16ef10d3e2582bf05ead95,2026-11-07T00:40:00Z,Cleveland Cavaliers,Philadelphia 76ers,draftkings,totals,Over,233.5,1.87
2026-09-04T15:12:48Z,scheduled,85869b2fdc16ef10d3e2582bf05ead95,2026-11-07T00:40:00Z,Cleveland Cavaliers,Philadelphia 76ers,draftkings,totals,Under,233.5,1.95
2026-09-04T15:12:48Z,scheduled,83d77fe350d56a036fd7a3404e78249a,2026-11-07T03:10:00Z,Los Angeles Lakers,Portland Trail Blazers,draftkings,h2h,Los Angeles Lakers,,1.62
2026-09-04T15:12:48Z,scheduled,83d77fe350d56a036fd7a3404e78249a,2026-11-07T03:10:00Z,Los Angeles Lakers,Portland Trail Blazers,draftkings,h2h,Portland Trail Blazers,,2.36
2026-09-04T15:12:48Z,scheduled,83d77fe350d56a036fd7a3404e78249a,2026-11-07T03:10:00Z,Los Angeles Lakers,Portland Trail Blazers,draftkings,spreads,Los Angeles Lakers,-3.5,1.87
2026-09-04T15:12:48Z,scheduled,83d77fe350d56a036fd7a3404e78249a,2026-11-07T03:10:00Z,Los Angeles Lakers,Portland Trail Blazers,draftkings,spreads,Portland Trail Blazers,3.5,1.95
2026-09-04T15:12:48Z,scheduled,83d77fe350d56a036fd7a3404e78249a,2026-11-07T03:10:00Z,Los Angeles Lakers,Portland Trail Blazers,draftkings,totals,Over,238.5,1.91
2026-09-04T15:12:48Z,scheduled,83d77fe350d56a036fd7a3404e78249a,2026-11-07T03:10:00Z,Los Angeles Lakers,Portland Trail Blazers,draftkings,totals,Under,238.5,1.91
2026-09-04T15:12:48Z,scheduled,6669b911691463c669a5c10574742e8e,2026-11-14T00:10:00Z,Indiana Pacers,New York Knicks,draftkings,h2h,Indiana Pacers,,2.1
2026-09-04T15:12:48Z,scheduled,6669b911691463c669a5c10574742e8e,2026-11-14T00:10:00Z,Indiana Pacers,New York Knicks,draftkings,h2h,New York Knicks,,1.77
2026-09-04T15:12:48Z,scheduled,6669b911691463c669a5c10574742e8e,2026-11-14T00:10:00Z,Indiana Pacers,New York Knicks,draftkings,spreads,Indiana Pacers,2.5,1.85
2026-09-04T15:12:48Z,scheduled,6669b911691463c669a5c10574742e8e,2026-11-14T00:10:00Z,Indiana Pacers,New York Knicks,draftkings,spreads,New York Knicks,-2.5,1.98
2026-09-04T15:12:48Z,scheduled,6669b911691463c669a5c10574742e8e,2026-11-14T00:10:00Z,Indiana Pacers,New York Knicks,draftkings,totals,Over,233.5,1.91
2026-09-04T15:12:48Z,scheduled,6669b911691463c669a5c10574742e8e,2026-11-14T00:10:00Z,Indiana Pacers,New York Knicks,draftkings,totals,Under,233.5,1.91
2026-09-04T15:12:48Z,scheduled,1fae7f34ec6035dffa74feb148ee26c7,2026-11-14T02:40:00Z,San Antonio Spurs,Golden State Warriors,draftkings,h2h,Golden State Warriors,,4.9
2026-09-04T15:12:48Z,scheduled,1fae7f34ec6035dffa74feb148ee26c7,2026-11-14T02:40:00Z,San Antonio Spurs,Golden State Warriors,draftkings,h2h,San Antonio Spurs,,1.19
2026-09-04T15:12:48Z,scheduled,1fae7f34ec6035dffa74feb148ee26c7,2026-11-14T02:40:00Z,San Antonio Spurs,Golden State Warriors,draftkings,spreads,Golden State Warriors,10.5,1.98
2026-09-04T15:12:48Z,scheduled,1fae7f34ec6035dffa74feb148ee26c7,2026-11-14T02:40:00Z,San Antonio Spurs,Golden State Warriors,draftkings,spreads,San Antonio Spurs,-10.5,1.85
2026-09-04T15:12:48Z,scheduled,1fae7f34ec6035dffa74feb148ee26c7,2026-11-14T02:40:00Z,San Antonio Spurs,Golden State Warriors,draftkings,totals,Over,234.5,1.87
2026-09-04T15:12:48Z,scheduled,1fae7f34ec6035dffa74feb148ee26c7,2026-11-14T02:40:00Z,San Antonio Spurs,Golden State Warriors,draftkings,totals,Under,234.5,1.95
2026-09-04T15:12:48Z,scheduled,086d2fe80483ffcc280994fe2e12d4f4,2026-11-21T03:10:00Z,Denver Nuggets,Houston Rockets,draftkings,h2h,Denver Nuggets,,1.65
2026-09-04T15:12:48Z,scheduled,086d2fe80483ffcc280994fe2e12d4f4,2026-11-21T03:10:00Z,Denver Nuggets,Houston Rockets,draftkings,h2h,Houston Rockets,,2.3
2026-09-04T15:12:48Z,scheduled,086d2fe80483ffcc280994fe2e12d4f4,2026-11-21T03:10:00Z,Denver Nuggets,Houston Rockets,draftkings,spreads,Denver Nuggets,-3.5,1.91
2026-09-04T15:12:48Z,scheduled,086d2fe80483ffcc280994fe2e12d4f4,2026-11-21T03:10:00Z,Denver Nuggets,Houston Rockets,draftkings,spreads,Houston Rockets,3.5,1.91
2026-09-04T15:12:48Z,scheduled,086d2fe80483ffcc280994fe2e12d4f4,2026-11-21T03:10:00Z,Denver Nuggets,Houston Rockets,draftkings,totals,Over,227.5,1.87
2026-09-04T15:12:48Z,scheduled,086d2fe80483ffcc280994fe2e12d4f4,2026-11-21T03:10:00Z,Denver Nuggets,Houston Rockets,draftkings,totals,Under,227.5,1.95
2026-09-04T15:12:48Z,scheduled,3167a4072c65c9314c71d0fe49be8e28,2026-11-25T01:10:00Z,Washington Wizards,Boston Celtics,draftkings,h2h,Boston Celtics,,1.52
2026-09-04T15:12:48Z,scheduled,3167a4072c65c9314c71d0fe49be8e28,2026-11-25T01:10:00Z,Washington Wizards,Boston Celtics,draftkings,h2h,Washington Wizards,,2.6
2026-09-04T15:12:48Z,scheduled,3167a4072c65c9314c71d0fe49be8e28,2026-11-25T01:10:00Z,Washington Wizards,Boston Celtics,draftkings,spreads,Boston Celtics,-5.5,1.91
2026-09-04T15:12:48Z,scheduled,3167a4072c65c9314c71d0fe49be8e28,2026-11-25T01:10:00Z,Washington Wizards,Boston Celtics,draftkings,spreads,Washington Wizards,5.5,1.91
2026-09-04T15:12:48Z,scheduled,3167a4072c65c9314c71d0fe49be8e28,2026-11-25T01:10:00Z,Washington Wizards,Boston Celtics,draftkings,totals,Over,230.5,1.91
2026-09-04T15:12:48Z,scheduled,3167a4072c65c9314c71d0fe49be8e28,2026-11-25T01:10:00Z,Washington Wizards,Boston Celtics,draftkings,totals,Under,230.5,1.91
2026-09-04T15:12:48Z,scheduled,6bfadbd22ed8a054cf82ec1b12b78243,2026-11-25T03:10:00Z,Denver Nuggets,Dallas Mavericks,draftkings,h2h,Dallas Mavericks,,3.75
2026-09-04T15:12:48Z,scheduled,6bfadbd22ed8a054cf82ec1b12b78243,2026-11-25T03:10:00Z,Denver Nuggets,Dallas Mavericks,draftkings,h2h,Denver Nuggets,,1.29
2026-09-04T15:12:48Z,scheduled,6bfadbd22ed8a054cf82ec1b12b78243,2026-11-25T03:10:00Z,Denver Nuggets,Dallas Mavericks,draftkings,spreads,Dallas Mavericks,8.5,1.91
2026-09-04T15:12:48Z,scheduled,6bfadbd22ed8a054cf82ec1b12b78243,2026-11-25T03:10:00Z,Denver Nuggets,Dallas Mavericks,draftkings,spreads,Denver Nuggets,-8.5,1.91
2026-09-04T15:12:48Z,scheduled,6bfadbd22ed8a054cf82ec1b12b78243,2026-11-25T03:10:00Z,Denver Nuggets,Dallas Mavericks,draftkings,totals,Over,237.5,1.87
2026-09-04T15:12:48Z,scheduled,6bfadbd22ed8a054cf82ec1b12b78243,2026-11-25T03:10:00Z,Denver Nuggets,Dallas Mavericks,draftkings,totals,Under,237.5,1.95
2026-09-04T15:12:48Z,scheduled,4f6d199bb67cf3a517a3880fd2f00b26,2026-11-25T22:10:00Z,Philadelphia 76ers,Miami Heat,draftkings,h2h,Miami Heat,,2.36
2026-09-04T15:12:48Z,scheduled,4f6d199bb67cf3a517a3880fd2f00b26,2026-11-25T22:10:00Z,Philadelphia 76ers,Miami Heat,draftkings,h2h,Philadelphia 76ers,,1.62
2026-09-04T15:12:48Z,scheduled,4f6d199bb67cf3a517a3880fd2f00b26,2026-11-25T22:10:00Z,Philadelphia 76ers,Miami Heat,draftkings,spreads,Miami Heat,3.5,1.95
2026-09-04T15:12:48Z,scheduled,4f6d199bb67cf3a517a3880fd2f00b26,2026-11-25T22:10:00Z,Philadelphia 76ers,Miami Heat,draftkings,spreads,Philadelphia 76ers,-3.5,1.87
2026-09-04T15:12:48Z,scheduled,4f6d199bb67cf3a517a3880fd2f00b26,2026-11-25T22:10:00Z,Philadelphia 76ers,Miami Heat,draftkings,totals,Over,239.5,1.91
2026-09-04T15:12:48Z,scheduled,4f6d199bb67cf3a517a3880fd2f00b26,2026-11-25T22:10:00Z,Philadelphia 76ers,Miami Heat,draftkings,totals,Under,239.5,1.91
2026-09-04T15:12:48Z,scheduled,07421d1675d6bc51bb5fa91f84a09eb3,2026-11-26T00:40:00Z,Oklahoma City Thunder,Minnesota Timberwolves,draftkings,h2h,Minnesota Timberwolves,,3.95
2026-09-04T15:12:48Z,scheduled,07421d1675d6bc51bb5fa91f84a09eb3,2026-11-26T00:40:00Z,Oklahoma City Thunder,Minnesota Timberwolves,draftkings,h2h,Oklahoma City Thunder,,1.27
2026-09-04T15:12:48Z,scheduled,07421d1675d6bc51bb5fa91f84a09eb3,2026-11-26T00:40:00Z,Oklahoma City Thunder,Minnesota Timberwolves,draftkings,spreads,Minnesota Timberwolves,8.5,1.98
2026-09-04T15:12:48Z,scheduled,07421d1675d6bc51bb5fa91f84a09eb3,2026-11-26T00:40:00Z,Oklahoma City Thunder,Minnesota Timberwolves,draftkings,spreads,Oklahoma City Thunder,-8.5,1.85
2026-09-04T15:12:48Z,scheduled,07421d1675d6bc51bb5fa91f84a09eb3,2026-11-26T00:40:00Z,Oklahoma City Thunder,Minnesota Timberwolves,draftkings,totals,Over,235.5,1.95
2026-09-04T15:12:48Z,scheduled,07421d1675d6bc51bb5fa91f84a09eb3,2026-11-26T00:40:00Z,Oklahoma City Thunder,Minnesota Timberwolves,draftkings,totals,Under,235.5,1.87
2026-09-04T15:12:48Z,scheduled,9aa9f220709533d70d11f85fae886771,2026-11-26T03:10:00Z,Portland Trail Blazers,San Antonio Spurs,draftkings,h2h,Portland Trail Blazers,,2.42
2026-09-04T15:12:48Z,scheduled,9aa9f220709533d70d11f85fae886771,2026-11-26T03:10:00Z,Portland Trail Blazers,San Antonio Spurs,draftkings,h2h,San Antonio Spurs,,1.59
2026-09-04T15:12:48Z,scheduled,9aa9f220709533d70d11f85fae886771,2026-11-26T03:10:00Z,Portland Trail Blazers,San Antonio Spurs,draftkings,spreads,Portland Trail Blazers,4.5,1.91
2026-09-04T15:12:48Z,scheduled,9aa9f220709533d70d11f85fae886771,2026-11-26T03:10:00Z,Portland Trail Blazers,San Antonio Spurs,draftkings,spreads,San Antonio Spurs,-4.5,1.91
2026-09-04T15:12:48Z,scheduled,9aa9f220709533d70d11f85fae886771,2026-11-26T03:10:00Z,Portland Trail Blazers,San Antonio Spurs,draftkings,totals,Over,237.5,1.87
2026-09-04T15:12:48Z,scheduled,9aa9f220709533d70d11f85fae886771,2026-11-26T03:10:00Z,Portland Trail Blazers,San Antonio Spurs,draftkings,totals,Under,237.5,1.95
2026-09-04T15:12:48Z,scheduled,3c522e32c3035d7dc3e1734903b84654,2026-11-28T00:10:00Z,New York Knicks,Miami Heat,draftkings,h2h,Miami Heat,,2.64
2026-09-04T15:12:48Z,scheduled,3c522e32c3035d7dc3e1734903b84654,2026-11-28T00:10:00Z,New York Knicks,Miami Heat,draftkings,h2h,New York Knicks,,1.51
2026-09-04T15:12:48Z,scheduled,3c522e32c3035d7dc3e1734903b84654,2026-11-28T00:10:00Z,New York Knicks,Miami Heat,draftkings,spreads,Miami Heat,5.5,1.91
2026-09-04T15:12:48Z,scheduled,3c522e32c3035d7dc3e1734903b84654,2026-11-28T00:10:00Z,New York Knicks,Miami Heat,draftkings,spreads,New York Knicks,-5.5,1.91
2026-09-04T15:12:48Z,scheduled,3c522e32c3035d7dc3e1734903b84654,2026-11-28T00:10:00Z,New York Knicks,Miami Heat,draftkings,totals,Over,232.5,1.87
2026-09-04T15:12:48Z,scheduled,3c522e32c3035d7dc3e1734903b84654,2026-11-28T00:10:00Z,New York Knicks,Miami Heat,draftkings,totals,Under,232.5,1.95
2026-09-04T15:12:48Z,scheduled,13d9ca3bcb664829c603755d31401002,2026-11-28T02:40:00Z,San Antonio Spurs,Los Angeles Lakers,draftkings,h2h,Los Angeles Lakers,,3.3
2026-09-04T15:12:48Z,scheduled,13d9ca3bcb664829c603755d31401002,2026-11-28T02:40:00Z,San Antonio Spurs,Los Angeles Lakers,draftkings,h2h,San Antonio Spurs,,1.35
2026-09-04T15:12:48Z,scheduled,13d9ca3bcb664829c603755d31401002,2026-11-28T02:40:00Z,San Antonio Spurs,Los Angeles Lakers,draftkings,spreads,Los Angeles Lakers,8.5,1.85
2026-09-04T15:12:48Z,scheduled,13d9ca3bcb664829c603755d31401002,2026-11-28T02:40:00Z,San Antonio Spurs,Los Angeles Lakers,draftkings,spreads,San Antonio Spurs,-8.5,1.98
2026-09-04T15:12:48Z,scheduled,13d9ca3bcb664829c603755d31401002,2026-11-28T02:40:00Z,San Antonio Spurs,Los Angeles Lakers,draftkings,totals,Over,232.5,1.91
2026-09-04T15:12:48Z,scheduled,13d9ca3bcb664829c603755d31401002,2026-11-28T02:40:00Z,San Antonio Spurs,Los Angeles Lakers,draftkings,totals,Under,232.5,1.91
2026-09-04T15:12:48Z,scheduled,a6555e8b7252dfb32f1817fc8c59ad83,2026-12-25T17:00:00Z,New York Knicks,San Antonio Spurs,fanduel,h2h,New York Knicks,,1.96
2026-09-04T15:12:48Z,scheduled,a6555e8b7252dfb32f1817fc8c59ad83,2026-12-25T17:00:00Z,New York Knicks,San Antonio Spurs,fanduel,h2h,San Antonio Spurs,,1.89
2026-09-04T15:12:48Z,scheduled,a6555e8b7252dfb32f1817fc8c59ad83,2026-12-25T17:00:00Z,New York Knicks,San Antonio Spurs,fanduel,spreads,New York Knicks,1.5,1.88
2026-09-04T15:12:48Z,scheduled,a6555e8b7252dfb32f1817fc8c59ad83,2026-12-25T17:00:00Z,New York Knicks,San Antonio Spurs,fanduel,spreads,San Antonio Spurs,-1.5,1.94
2026-09-04T15:12:48Z,scheduled,a6555e8b7252dfb32f1817fc8c59ad83,2026-12-25T17:00:00Z,New York Knicks,San Antonio Spurs,fanduel,totals,Over,227.5,1.91
2026-09-04T15:12:48Z,scheduled,a6555e8b7252dfb32f1817fc8c59ad83,2026-12-25T17:00:00Z,New York Knicks,San Antonio Spurs,fanduel,totals,Under,227.5,1.91
2026-09-04T15:12:48Z,scheduled,a6555e8b7252dfb32f1817fc8c59ad83,2026-12-25T17:00:00Z,New York Knicks,San Antonio Spurs,betrivers,h2h,New York Knicks,,1.89
2026-09-04T15:12:48Z,scheduled,a6555e8b7252dfb32f1817fc8c59ad83,2026-12-25T17:00:00Z,New York Knicks,San Antonio Spurs,betrivers,h2h,San Antonio Spurs,,1.89
2026-09-04T15:12:48Z,scheduled,a6555e8b7252dfb32f1817fc8c59ad83,2026-12-25T17:00:00Z,New York Knicks,San Antonio Spurs,betrivers,spreads,New York Knicks,-1.0,1.93
2026-09-04T15:12:48Z,scheduled,a6555e8b7252dfb32f1817fc8c59ad83,2026-12-25T17:00:00Z,New York Knicks,San Antonio Spurs,betrivers,spreads,San Antonio Spurs,1.0,1.85
2026-09-04T15:12:48Z,scheduled,a6555e8b7252dfb32f1817fc8c59ad83,2026-12-25T17:00:00Z,New York Knicks,San Antonio Spurs,betrivers,totals,Over,230.0,1.91
2026-09-04T15:12:48Z,scheduled,a6555e8b7252dfb32f1817fc8c59ad83,2026-12-25T17:00:00Z,New York Knicks,San Antonio Spurs,betrivers,totals,Under,230.0,1.88
2026-09-04T15:12:48Z,scheduled,a6555e8b7252dfb32f1817fc8c59ad83,2026-12-25T17:00:00Z,New York Knicks,San Antonio Spurs,draftkings,h2h,New York Knicks,,1.87
2026-09-04T15:12:48Z,scheduled,a6555e8b7252dfb32f1817fc8c59ad83,2026-12-25T17:00:00Z,New York Knicks,San Antonio Spurs,draftkings,h2h,San Antonio Spurs,,1.95
2026-09-04T15:12:48Z,scheduled,a6555e8b7252dfb32f1817fc8c59ad83,2026-12-25T17:00:00Z,New York Knicks,San Antonio Spurs,draftkings,spreads,New York Knicks,-1.5,1.95
2026-09-04T15:12:48Z,scheduled,a6555e8b7252dfb32f1817fc8c59ad83,2026-12-25T17:00:00Z,New York Knicks,San Antonio Spurs,draftkings,spreads,San Antonio Spurs,1.5,1.87
2026-09-04T15:12:48Z,scheduled,a6555e8b7252dfb32f1817fc8c59ad83,2026-12-25T17:00:00Z,New York Knicks,San Antonio Spurs,draftkings,totals,Over,228.5,1.87
2026-09-04T15:12:48Z,scheduled,a6555e8b7252dfb32f1817fc8c59ad83,2026-12-25T17:00:00Z,New York Knicks,San Antonio Spurs,draftkings,totals,Under,228.5,1.95
2026-09-04T15:12:48Z,scheduled,a6555e8b7252dfb32f1817fc8c59ad83,2026-12-25T17:00:00Z,New York Knicks,San Antonio Spurs,betmgm,h2h,New York Knicks,,1.87
2026-09-04T15:12:48Z,scheduled,a6555e8b7252dfb32f1817fc8c59ad83,2026-12-25T17:00:00Z,New York Knicks,San Antonio Spurs,betmgm,h2h,San Antonio Spurs,,1.95
2026-09-04T15:12:48Z,scheduled,a6555e8b7252dfb32f1817fc8c59ad83,2026-12-25T17:00:00Z,New York Knicks,San Antonio Spurs,betmgm,spreads,New York Knicks,-1.5,1.91
2026-09-04T15:12:48Z,scheduled,a6555e8b7252dfb32f1817fc8c59ad83,2026-12-25T17:00:00Z,New York Knicks,San Antonio Spurs,betmgm,spreads,San Antonio Spurs,1.5,1.91
2026-09-04T15:12:48Z,scheduled,a6555e8b7252dfb32f1817fc8c59ad83,2026-12-25T17:00:00Z,New York Knicks,San Antonio Spurs,betmgm,totals,Over,227.5,1.91
2026-09-04T15:12:48Z,scheduled,a6555e8b7252dfb32f1817fc8c59ad83,2026-12-25T17:00:00Z,New York Knicks,San Antonio Spurs,betmgm,totals,Under,227.5,1.91
2026-09-04T15:12:48Z,scheduled,a6555e8b7252dfb32f1817fc8c59ad83,2026-12-25T17:00:00Z,New York Knicks,San Antonio Spurs,betsson,h2h,New York Knicks,,1.82
2026-09-04T15:12:48Z,scheduled,a6555e8b7252dfb32f1817fc8c59ad83,2026-12-25T17:00:00Z,New York Knicks,San Antonio Spurs,betsson,h2h,San Antonio Spurs,,1.98
2026-09-04T15:12:48Z,scheduled,a6555e8b7252dfb32f1817fc8c59ad83,2026-12-25T17:00:00Z,New York Knicks,San Antonio Spurs,betsson,totals,Over,228.5,1.9
2026-09-04T15:12:48Z,scheduled,a6555e8b7252dfb32f1817fc8c59ad83,2026-12-25T17:00:00Z,New York Knicks,San Antonio Spurs,betsson,totals,Under,228.5,1.86
2026-09-04T15:12:48Z,scheduled,d60e7fc0690e4dff121a086395e24de4,2026-12-25T19:30:00Z,Boston Celtics,Miami Heat,fanduel,h2h,Boston Celtics,,1.52
2026-09-04T15:12:48Z,scheduled,d60e7fc0690e4dff121a086395e24de4,2026-12-25T19:30:00Z,Boston Celtics,Miami Heat,fanduel,h2h,Miami Heat,,2.62
2026-09-04T15:12:48Z,scheduled,d60e7fc0690e4dff121a086395e24de4,2026-12-25T19:30:00Z,Boston Celtics,Miami Heat,fanduel,spreads,Boston Celtics,-6.5,1.95
2026-09-04T15:12:48Z,scheduled,d60e7fc0690e4dff121a086395e24de4,2026-12-25T19:30:00Z,Boston Celtics,Miami Heat,fanduel,spreads,Miami Heat,6.5,1.87
2026-09-04T15:12:48Z,scheduled,d60e7fc0690e4dff121a086395e24de4,2026-12-25T19:30:00Z,Boston Celtics,Miami Heat,fanduel,totals,Over,231.5,1.91
2026-09-04T15:12:48Z,scheduled,d60e7fc0690e4dff121a086395e24de4,2026-12-25T19:30:00Z,Boston Celtics,Miami Heat,fanduel,totals,Under,231.5,1.91
2026-09-04T15:12:48Z,scheduled,d60e7fc0690e4dff121a086395e24de4,2026-12-25T19:30:00Z,Boston Celtics,Miami Heat,betrivers,h2h,Boston Celtics,,1.51
2026-09-04T15:12:48Z,scheduled,d60e7fc0690e4dff121a086395e24de4,2026-12-25T19:30:00Z,Boston Celtics,Miami Heat,betrivers,h2h,Miami Heat,,2.5
2026-09-04T15:12:48Z,scheduled,d60e7fc0690e4dff121a086395e24de4,2026-12-25T19:30:00Z,Boston Celtics,Miami Heat,betrivers,spreads,Boston Celtics,-5.0,1.87
2026-09-04T15:12:48Z,scheduled,d60e7fc0690e4dff121a086395e24de4,2026-12-25T19:30:00Z,Boston Celtics,Miami Heat,betrivers,spreads,Miami Heat,5.0,1.93
2026-09-04T15:12:48Z,scheduled,d60e7fc0690e4dff121a086395e24de4,2026-12-25T19:30:00Z,Boston Celtics,Miami Heat,betrivers,totals,Over,230.5,1.88
2026-09-04T15:12:48Z,scheduled,d60e7fc0690e4dff121a086395e24de4,2026-12-25T19:30:00Z,Boston Celtics,Miami Heat,betrivers,totals,Under,230.5,1.91
2026-09-04T15:12:48Z,scheduled,d60e7fc0690e4dff121a086395e24de4,2026-12-25T19:30:00Z,Boston Celtics,Miami Heat,draftkings,h2h,Boston Celtics,,1.52
2026-09-04T15:12:48Z,scheduled,d60e7fc0690e4dff121a086395e24de4,2026-12-25T19:30:00Z,Boston Celtics,Miami Heat,draftkings,h2h,Miami Heat,,2.6
2026-09-04T15:12:48Z,scheduled,d60e7fc0690e4dff121a086395e24de4,2026-12-25T19:30:00Z,Boston Celtics,Miami Heat,draftkings,spreads,Boston Celtics,-5.5,1.91
2026-09-04T15:12:48Z,scheduled,d60e7fc0690e4dff121a086395e24de4,2026-12-25T19:30:00Z,Boston Celtics,Miami Heat,draftkings,spreads,Miami Heat,5.5,1.91
2026-09-04T15:12:48Z,scheduled,d60e7fc0690e4dff121a086395e24de4,2026-12-25T19:30:00Z,Boston Celtics,Miami Heat,draftkings,totals,Over,230.5,1.91
2026-09-04T15:12:48Z,scheduled,d60e7fc0690e4dff121a086395e24de4,2026-12-25T19:30:00Z,Boston Celtics,Miami Heat,draftkings,totals,Under,230.5,1.91
2026-09-04T15:12:48Z,scheduled,d60e7fc0690e4dff121a086395e24de4,2026-12-25T19:30:00Z,Boston Celtics,Miami Heat,betmgm,h2h,Boston Celtics,,1.57
2026-09-04T15:12:48Z,scheduled,d60e7fc0690e4dff121a086395e24de4,2026-12-25T19:30:00Z,Boston Celtics,Miami Heat,betmgm,h2h,Miami Heat,,2.45
2026-09-04T15:12:48Z,scheduled,d60e7fc0690e4dff121a086395e24de4,2026-12-25T19:30:00Z,Boston Celtics,Miami Heat,betmgm,spreads,Boston Celtics,-5.5,1.95
2026-09-04T15:12:48Z,scheduled,d60e7fc0690e4dff121a086395e24de4,2026-12-25T19:30:00Z,Boston Celtics,Miami Heat,betmgm,spreads,Miami Heat,5.5,1.87
2026-09-04T15:12:48Z,scheduled,d60e7fc0690e4dff121a086395e24de4,2026-12-25T19:30:00Z,Boston Celtics,Miami Heat,betmgm,totals,Over,231.5,1.91
2026-09-04T15:12:48Z,scheduled,d60e7fc0690e4dff121a086395e24de4,2026-12-25T19:30:00Z,Boston Celtics,Miami Heat,betmgm,totals,Under,231.5,1.91
2026-09-04T15:12:48Z,scheduled,d60e7fc0690e4dff121a086395e24de4,2026-12-25T19:30:00Z,Boston Celtics,Miami Heat,betsson,h2h,Boston Celtics,,1.5
2026-09-04T15:12:48Z,scheduled,d60e7fc0690e4dff121a086395e24de4,2026-12-25T19:30:00Z,Boston Celtics,Miami Heat,betsson,h2h,Miami Heat,,2.55
2026-09-04T15:12:48Z,scheduled,d60e7fc0690e4dff121a086395e24de4,2026-12-25T19:30:00Z,Boston Celtics,Miami Heat,betsson,totals,Over,230.5,1.88
2026-09-04T15:12:48Z,scheduled,d60e7fc0690e4dff121a086395e24de4,2026-12-25T19:30:00Z,Boston Celtics,Miami Heat,betsson,totals,Under,230.5,1.88
2026-09-04T15:12:48Z,scheduled,dfd908bad3a3bfcae9e08bf128273b18,2026-12-25T22:00:00Z,Los Angeles Lakers,Philadelphia 76ers,fanduel,h2h,Los Angeles Lakers,,1.93
2026-09-04T15:12:48Z,scheduled,dfd908bad3a3bfcae9e08bf128273b18,2026-12-25T22:00:00Z,Los Angeles Lakers,Philadelphia 76ers,fanduel,h2h,Philadelphia 76ers,,1.93
2026-09-04T15:12:48Z,scheduled,dfd908bad3a3bfcae9e08bf128273b18,2026-12-25T22:00:00Z,Los Angeles Lakers,Philadelphia 76ers,fanduel,spreads,Los Angeles Lakers,-1.5,1.98
2026-09-04T15:12:48Z,scheduled,dfd908bad3a3bfcae9e08bf128273b18,2026-12-25T22:00:00Z,Los Angeles Lakers,Philadelphia 76ers,fanduel,spreads,Philadelphia 76ers,1.5,1.83
2026-09-04T15:12:48Z,scheduled,dfd908bad3a3bfcae9e08bf128273b18,2026-12-25T22:00:00Z,Los Angeles Lakers,Philadelphia 76ers,fanduel,totals,Over,237.5,1.94
2026-09-04T15:12:48Z,scheduled,dfd908bad3a3bfcae9e08bf128273b18,2026-12-25T22:00:00Z,Los Angeles Lakers,Philadelphia 76ers,fanduel,totals,Under,237.5,1.88
2026-09-04T15:12:48Z,scheduled,dfd908bad3a3bfcae9e08bf128273b18,2026-12-25T22:00:00Z,Los Angeles Lakers,Philadelphia 76ers,betrivers,h2h,Los Angeles Lakers,,1.85
2026-09-04T15:12:48Z,scheduled,dfd908bad3a3bfcae9e08bf128273b18,2026-12-25T22:00:00Z,Los Angeles Lakers,Philadelphia 76ers,betrivers,h2h,Philadelphia 76ers,,1.94
2026-09-04T15:12:48Z,scheduled,dfd908bad3a3bfcae9e08bf128273b18,2026-12-25T22:00:00Z,Los Angeles Lakers,Philadelphia 76ers,betrivers,spreads,Los Angeles Lakers,-1.0,1.89
2026-09-04T15:12:48Z,scheduled,dfd908bad3a3bfcae9e08bf128273b18,2026-12-25T22:00:00Z,Los Angeles Lakers,Philadelphia 76ers,betrivers,spreads,Philadelphia 76ers,1.0,1.89
2026-09-04T15:12:48Z,scheduled,dfd908bad3a3bfcae9e08bf128273b18,2026-12-25T22:00:00Z,Los Angeles Lakers,Philadelphia 76ers,betrivers,totals,Over,234.0,1.88
2026-09-04T15:12:48Z,scheduled,dfd908bad3a3bfcae9e08bf128273b18,2026-12-25T22:00:00Z,Los Angeles Lakers,Philadelphia 76ers,betrivers,totals,Under,234.0,1.91
2026-09-04T15:12:48Z,scheduled,dfd908bad3a3bfcae9e08bf128273b18,2026-12-25T22:00:00Z,Los Angeles Lakers,Philadelphia 76ers,draftkings,h2h,Los Angeles Lakers,,1.87
2026-09-04T15:12:48Z,scheduled,dfd908bad3a3bfcae9e08bf128273b18,2026-12-25T22:00:00Z,Los Angeles Lakers,Philadelphia 76ers,draftkings,h2h,Philadelphia 76ers,,1.95
2026-09-04T15:12:48Z,scheduled,dfd908bad3a3bfcae9e08bf128273b18,2026-12-25T22:00:00Z,Los Angeles Lakers,Philadelphia 76ers,draftkings,spreads,Los Angeles Lakers,-1.5,1.95
2026-09-04T15:12:48Z,scheduled,dfd908bad3a3bfcae9e08bf128273b18,2026-12-25T22:00:00Z,Los Angeles Lakers,Philadelphia 76ers,draftkings,spreads,Philadelphia 76ers,1.5,1.87
2026-09-04T15:12:48Z,scheduled,dfd908bad3a3bfcae9e08bf128273b18,2026-12-25T22:00:00Z,Los Angeles Lakers,Philadelphia 76ers,draftkings,totals,Over,237.5,1.91
2026-09-04T15:12:48Z,scheduled,dfd908bad3a3bfcae9e08bf128273b18,2026-12-25T22:00:00Z,Los Angeles Lakers,Philadelphia 76ers,draftkings,totals,Under,237.5,1.91
2026-09-04T15:12:48Z,scheduled,dfd908bad3a3bfcae9e08bf128273b18,2026-12-25T22:00:00Z,Los Angeles Lakers,Philadelphia 76ers,betmgm,h2h,Los Angeles Lakers,,1.87
2026-09-04T15:12:48Z,scheduled,dfd908bad3a3bfcae9e08bf128273b18,2026-12-25T22:00:00Z,Los Angeles Lakers,Philadelphia 76ers,betmgm,h2h,Philadelphia 76ers,,1.95
2026-09-04T15:12:48Z,scheduled,dfd908bad3a3bfcae9e08bf128273b18,2026-12-25T22:00:00Z,Los Angeles Lakers,Philadelphia 76ers,betmgm,spreads,Los Angeles Lakers,-1.5,1.91
2026-09-04T15:12:48Z,scheduled,dfd908bad3a3bfcae9e08bf128273b18,2026-12-25T22:00:00Z,Los Angeles Lakers,Philadelphia 76ers,betmgm,spreads,Philadelphia 76ers,1.5,1.91
2026-09-04T15:12:48Z,scheduled,dfd908bad3a3bfcae9e08bf128273b18,2026-12-25T22:00:00Z,Los Angeles Lakers,Philadelphia 76ers,betmgm,totals,Over,235.5,1.91
2026-09-04T15:12:48Z,scheduled,dfd908bad3a3bfcae9e08bf128273b18,2026-12-25T22:00:00Z,Los Angeles Lakers,Philadelphia 76ers,betmgm,totals,Under,235.5,1.91
2026-09-04T15:12:48Z,scheduled,dfd908bad3a3bfcae9e08bf128273b18,2026-12-25T22:00:00Z,Los Angeles Lakers,Philadelphia 76ers,betsson,h2h,Los Angeles Lakers,,1.9
2026-09-04T15:12:48Z,scheduled,dfd908bad3a3bfcae9e08bf128273b18,2026-12-25T22:00:00Z,Los Angeles Lakers,Philadelphia 76ers,betsson,h2h,Philadelphia 76ers,,1.9
2026-09-04T15:12:48Z,scheduled,dfd908bad3a3bfcae9e08bf128273b18,2026-12-25T22:00:00Z,Los Angeles Lakers,Philadelphia 76ers,betsson,totals,Over,235.5,1.86
2026-09-04T15:12:48Z,scheduled,dfd908bad3a3bfcae9e08bf128273b18,2026-12-25T22:00:00Z,Los Angeles Lakers,Philadelphia 76ers,betsson,totals,Under,235.5,1.9
2026-09-04T15:12:48Z,scheduled,2b7218aa25cf98318a40e6f2469a5c5d,2026-12-26T01:00:00Z,Minnesota Timberwolves,Oklahoma City Thunder,fanduel,h2h,Minnesota Timberwolves,,2.36
2026-09-04T15:12:48Z,scheduled,2b7218aa25cf98318a40e6f2469a5c5d,2026-12-26T01:00:00Z,Minnesota Timberwolves,Oklahoma City Thunder,fanduel,h2h,Oklahoma City Thunder,,1.62
2026-09-04T15:12:48Z,scheduled,2b7218aa25cf98318a40e6f2469a5c5d,2026-12-26T01:00:00Z,Minnesota Timberwolves,Oklahoma City Thunder,fanduel,spreads,Minnesota Timberwolves,4.5,1.87
2026-09-04T15:12:48Z,scheduled,2b7218aa25cf98318a40e6f2469a5c5d,2026-12-26T01:00:00Z,Minnesota Timberwolves,Oklahoma City Thunder,fanduel,spreads,Oklahoma City Thunder,-4.5,1.95
2026-09-04T15:12:48Z,scheduled,2b7218aa25cf98318a40e6f2469a5c5d,2026-12-26T01:00:00Z,Minnesota Timberwolves,Oklahoma City Thunder,fanduel,totals,Over,233.5,1.89
2026-09-04T15:12:48Z,scheduled,2b7218aa25cf98318a40e6f2469a5c5d,2026-12-26T01:00:00Z,Minnesota Timberwolves,Oklahoma City Thunder,fanduel,totals,Under,233.5,1.93
2026-09-04T15:12:48Z,scheduled,2b7218aa25cf98318a40e6f2469a5c5d,2026-12-26T01:00:00Z,Minnesota Timberwolves,Oklahoma City Thunder,betrivers,h2h,Minnesota Timberwolves,,2.32
2026-09-04T15:12:48Z,scheduled,2b7218aa25cf98318a40e6f2469a5c5d,2026-12-26T01:00:00Z,Minnesota Timberwolves,Oklahoma City Thunder,betrivers,h2h,Oklahoma City Thunder,,1.61
2026-09-04T15:12:48Z,scheduled,2b7218aa25cf98318a40e6f2469a5c5d,2026-12-26T01:00:00Z,Minnesota Timberwolves,Oklahoma City Thunder,betrivers,spreads,Minnesota Timberwolves,4.0,1.88
2026-09-04T15:12:48Z,scheduled,2b7218aa25cf98318a40e6f2469a5c5d,2026-12-26T01:00:00Z,Minnesota Timberwolves,Oklahoma City Thunder,betrivers,spreads,Oklahoma City Thunder,-4.0,1.92
2026-09-04T15:12:48Z,scheduled,2b7218aa25cf98318a40e6f2469a5c5d,2026-12-26T01:00:00Z,Minnesota Timberwolves,Oklahoma City Thunder,betrivers,totals,Over,233.0,1.91
2026-09-04T15:12:48Z,scheduled,2b7218aa25cf98318a40e6f2469a5c5d,2026-12-26T01:00:00Z,Minnesota Timberwolves,Oklahoma City Thunder,betrivers,totals,Under,233.0,1.88
2026-09-04T15:12:48Z,scheduled,2b7218aa25cf98318a40e6f2469a5c5d,2026-12-26T01:00:00Z,Minnesota Timberwolves,Oklahoma City Thunder,draftkings,h2h,Minnesota Timberwolves,,2.36
2026-09-04T15:12:48Z,scheduled,2b7218aa25cf98318a40e6f2469a5c5d,2026-12-26T01:00:00Z,Minnesota Timberwolves,Oklahoma City Thunder,draftkings,h2h,Oklahoma City Thunder,,1.62
2026-09-04T15:12:48Z,scheduled,2b7218aa25cf98318a40e6f2469a5c5d,2026-12-26T01:00:00Z,Minnesota Timberwolves,Oklahoma City Thunder,draftkings,spreads,Minnesota Timberwolves,4.5,1.87
2026-09-04T15:12:48Z,scheduled,2b7218aa25cf98318a40e6f2469a5c5d,2026-12-26T01:00:00Z,Minnesota Timberwolves,Oklahoma City Thunder,draftkings,spreads,Oklahoma City Thunder,-4.5,1.95
2026-09-04T15:12:48Z,scheduled,2b7218aa25cf98318a40e6f2469a5c5d,2026-12-26T01:00:00Z,Minnesota Timberwolves,Oklahoma City Thunder,draftkings,totals,Over,233.5,1.91
2026-09-04T15:12:48Z,scheduled,2b7218aa25cf98318a40e6f2469a5c5d,2026-12-26T01:00:00Z,Minnesota Timberwolves,Oklahoma City Thunder,draftkings,totals,Under,233.5,1.91
2026-09-04T15:12:48Z,scheduled,2b7218aa25cf98318a40e6f2469a5c5d,2026-12-26T01:00:00Z,Minnesota Timberwolves,Oklahoma City Thunder,betmgm,h2h,Minnesota Timberwolves,,2.35
2026-09-04T15:12:48Z,scheduled,2b7218aa25cf98318a40e6f2469a5c5d,2026-12-26T01:00:00Z,Minnesota Timberwolves,Oklahoma City Thunder,betmgm,h2h,Oklahoma City Thunder,,1.62
2026-09-04T15:12:48Z,scheduled,2b7218aa25cf98318a40e6f2469a5c5d,2026-12-26T01:00:00Z,Minnesota Timberwolves,Oklahoma City Thunder,betmgm,spreads,Minnesota Timberwolves,4.5,1.91
2026-09-04T15:12:48Z,scheduled,2b7218aa25cf98318a40e6f2469a5c5d,2026-12-26T01:00:00Z,Minnesota Timberwolves,Oklahoma City Thunder,betmgm,spreads,Oklahoma City Thunder,-4.5,1.91
2026-09-04T15:12:48Z,scheduled,2b7218aa25cf98318a40e6f2469a5c5d,2026-12-26T01:00:00Z,Minnesota Timberwolves,Oklahoma City Thunder,betmgm,totals,Over,232.5,1.91
2026-09-04T15:12:48Z,scheduled,2b7218aa25cf98318a40e6f2469a5c5d,2026-12-26T01:00:00Z,Minnesota Timberwolves,Oklahoma City Thunder,betmgm,totals,Under,232.5,1.91
2026-09-04T15:12:48Z,scheduled,2b7218aa25cf98318a40e6f2469a5c5d,2026-12-26T01:00:00Z,Minnesota Timberwolves,Oklahoma City Thunder,betsson,h2h,Minnesota Timberwolves,,2.48
2026-09-04T15:12:48Z,scheduled,2b7218aa25cf98318a40e6f2469a5c5d,2026-12-26T01:00:00Z,Minnesota Timberwolves,Oklahoma City Thunder,betsson,h2h,Oklahoma City Thunder,,1.54
2026-09-04T15:12:48Z,scheduled,2b7218aa25cf98318a40e6f2469a5c5d,2026-12-26T01:00:00Z,Minnesota Timberwolves,Oklahoma City Thunder,betsson,spreads,Minnesota Timberwolves,3.5,1.93
2026-09-04T15:12:48Z,scheduled,2b7218aa25cf98318a40e6f2469a5c5d,2026-12-26T01:00:00Z,Minnesota Timberwolves,Oklahoma City Thunder,betsson,spreads,Oklahoma City Thunder,-3.5,1.83
2026-09-04T15:12:48Z,scheduled,2b7218aa25cf98318a40e6f2469a5c5d,2026-12-26T01:00:00Z,Minnesota Timberwolves,Oklahoma City Thunder,betsson,totals,Over,232.5,1.88
2026-09-04T15:12:48Z,scheduled,2b7218aa25cf98318a40e6f2469a5c5d,2026-12-26T01:00:00Z,Minnesota Timberwolves,Oklahoma City Thunder,betsson,totals,Under,232.5,1.88
2026-09-04T15:12:48Z,scheduled,85a2379bc49135f2759709e55af0c4c6,2026-12-26T03:30:00Z,Golden State Warriors,Denver Nuggets,fanduel,h2h,Denver Nuggets,,1.76
2026-09-04T15:12:48Z,scheduled,85a2379bc49135f2759709e55af0c4c6,2026-12-26T03:30:00Z,Golden State Warriors,Denver Nuggets,fanduel,h2h,Golden State Warriors,,2.12
2026-09-04T15:12:48Z,scheduled,85a2379bc49135f2759709e55af0c4c6,2026-12-26T03:30:00Z,Golden State Warriors,Denver Nuggets,fanduel,spreads,Denver Nuggets,-2.5,1.91
2026-09-04T15:12:48Z,scheduled,85a2379bc49135f2759709e55af0c4c6,2026-12-26T03:30:00Z,Golden State Warriors,Denver Nuggets,fanduel,spreads,Golden State Warriors,2.5,1.91
2026-09-04T15:12:48Z,scheduled,85a2379bc49135f2759709e55af0c4c6,2026-12-26T03:30:00Z,Golden State Warriors,Denver Nuggets,fanduel,totals,Over,239.5,1.91
2026-09-04T15:12:48Z,scheduled,85a2379bc49135f2759709e55af0c4c6,2026-12-26T03:30:00Z,Golden State Warriors,Denver Nuggets,fanduel,totals,Under,239.5,1.91
2026-09-04T15:12:48Z,scheduled,85a2379bc49135f2759709e55af0c4c6,2026-12-26T03:30:00Z,Golden State Warriors,Denver Nuggets,betrivers,h2h,Denver Nuggets,,1.78
2026-09-04T15:12:48Z,scheduled,85a2379bc49135f2759709e55af0c4c6,2026-12-26T03:30:00Z,Golden State Warriors,Denver Nuggets,betrivers,h2h,Golden State Warriors,,2.04
2026-09-04T15:12:48Z,scheduled,85a2379bc49135f2759709e55af0c4c6,2026-12-26T03:30:00Z,Golden State Warriors,Denver Nuggets,betrivers,spreads,Denver Nuggets,-2.0,1.91
2026-09-04T15:12:48Z,scheduled,85a2379bc49135f2759709e55af0c4c6,2026-12-26T03:30:00Z,Golden State Warriors,Denver Nuggets,betrivers,spreads,Golden State Warriors,2.0,1.88
2026-09-04T15:12:48Z,scheduled,85a2379bc49135f2759709e55af0c4c6,2026-12-26T03:30:00Z,Golden State Warriors,Denver Nuggets,betrivers,totals,Over,234.5,1.88
2026-09-04T15:12:48Z,scheduled,85a2379bc49135f2759709e55af0c4c6,2026-12-26T03:30:00Z,Golden State Warriors,Denver Nuggets,betrivers,totals,Under,234.5,1.91
2026-09-04T15:12:48Z,scheduled,85a2379bc49135f2759709e55af0c4c6,2026-12-26T03:30:00Z,Golden State Warriors,Denver Nuggets,draftkings,h2h,Denver Nuggets,,1.74
2026-09-04T15:12:48Z,scheduled,85a2379bc49135f2759709e55af0c4c6,2026-12-26T03:30:00Z,Golden State Warriors,Denver Nuggets,draftkings,h2h,Golden State Warriors,,2.14
2026-09-04T15:12:48Z,scheduled,85a2379bc49135f2759709e55af0c4c6,2026-12-26T03:30:00Z,Golden State Warriors,Denver Nuggets,draftkings,spreads,Denver Nuggets,-2.5,1.91
2026-09-04T15:12:48Z,scheduled,85a2379bc49135f2759709e55af0c4c6,2026-12-26T03:30:00Z,Golden State Warriors,Denver Nuggets,draftkings,spreads,Golden State Warriors,2.5,1.91
2026-09-04T15:12:48Z,scheduled,85a2379bc49135f2759709e55af0c4c6,2026-12-26T03:30:00Z,Golden State Warriors,Denver Nuggets,draftkings,totals,Over,238.5,1.91
2026-09-04T15:12:48Z,scheduled,85a2379bc49135f2759709e55af0c4c6,2026-12-26T03:30:00Z,Golden State Warriors,Denver Nuggets,draftkings,totals,Under,238.5,1.91
2026-09-04T15:12:48Z,scheduled,85a2379bc49135f2759709e55af0c4c6,2026-12-26T03:30:00Z,Golden State Warriors,Denver Nuggets,betmgm,h2h,Denver Nuggets,,1.77
2026-09-04T15:12:48Z,scheduled,85a2379bc49135f2759709e55af0c4c6,2026-12-26T03:30:00Z,Golden State Warriors,Denver Nuggets,betmgm,h2h,Golden State Warriors,,2.1
2026-09-04T15:12:48Z,scheduled,85a2379bc49135f2759709e55af0c4c6,2026-12-26T03:30:00Z,Golden State Warriors,Denver Nuggets,betmgm,spreads,Denver Nuggets,-2.5,1.91
2026-09-04T15:12:48Z,scheduled,85a2379bc49135f2759709e55af0c4c6,2026-12-26T03:30:00Z,Golden State Warriors,Denver Nuggets,betmgm,spreads,Golden State Warriors,2.5,1.91
2026-09-04T15:12:48Z,scheduled,85a2379bc49135f2759709e55af0c4c6,2026-12-26T03:30:00Z,Golden State Warriors,Denver Nuggets,betmgm,totals,Over,238.5,1.91
2026-09-04T15:12:48Z,scheduled,85a2379bc49135f2759709e55af0c4c6,2026-12-26T03:30:00Z,Golden State Warriors,Denver Nuggets,betmgm,totals,Under,238.5,1.91
2026-09-04T15:12:48Z,scheduled,85a2379bc49135f2759709e55af0c4c6,2026-12-26T03:30:00Z,Golden State Warriors,Denver Nuggets,betsson,h2h,Denver Nuggets,,1.68
2026-09-04T15:12:48Z,scheduled,85a2379bc49135f2759709e55af0c4c6,2026-12-26T03:30:00Z,Golden State Warriors,Denver Nuggets,betsson,h2h,Golden State Warriors,,2.18
2026-09-04T15:12:48Z,scheduled,85a2379bc49135f2759709e55af0c4c6,2026-12-26T03:30:00Z,Golden State Warriors,Denver Nuggets,betsson,totals,Over,237.5,1.86
2026-09-04T15:12:48Z,scheduled,85a2379bc49135f2759709e55af0c4c6,2026-12-26T03:30:00Z,Golden State Warriors,Denver Nuggets,betsson,totals,Under,237.5,1.9
2026-09-04T21:11:53Z,scheduled,26b036ff107f3c658258eaf4a6f26228,2026-10-20T19:00:00Z,Detroit Pistons,Boston Celtics,fanduel,h2h,Boston Celtics,,2.02
2026-09-04T21:11:53Z,scheduled,26b036ff107f3c658258eaf4a6f26228,2026-10-20T19:00:00Z,Detroit Pistons,Boston Celtics,fanduel,h2h,Detroit Pistons,,1.83
2026-09-04T21:11:53Z,scheduled,26b036ff107f3c658258eaf4a6f26228,2026-10-20T19:00:00Z,Detroit Pistons,Boston Celtics,fanduel,spreads,Boston Celtics,1.5,1.91
2026-09-04T21:11:53Z,scheduled,26b036ff107f3c658258eaf4a6f26228,2026-10-20T19:00:00Z,Detroit Pistons,Boston Celtics,fanduel,spreads,Detroit Pistons,-1.5,1.91
2026-09-04T21:11:53Z,scheduled,26b036ff107f3c658258eaf4a6f26228,2026-10-20T19:00:00Z,Detroit Pistons,Boston Celtics,fanduel,totals,Over,221.5,1.87
2026-09-04T21:11:53Z,scheduled,26b036ff107f3c658258eaf4a6f26228,2026-10-20T19:00:00Z,Detroit Pistons,Boston Celtics,fanduel,totals,Under,221.5,1.95
2026-09-04T21:11:53Z,scheduled,26b036ff107f3c658258eaf4a6f26228,2026-10-20T19:00:00Z,Detroit Pistons,Boston Celtics,betrivers,h2h,Boston Celtics,,2.0
2026-09-04T21:11:53Z,scheduled,26b036ff107f3c658258eaf4a6f26228,2026-10-20T19:00:00Z,Detroit Pistons,Boston Celtics,betrivers,h2h,Detroit Pistons,,1.81
2026-09-04T21:11:53Z,scheduled,26b036ff107f3c658258eaf4a6f26228,2026-10-20T19:00:00Z,Detroit Pistons,Boston Celtics,betrivers,spreads,Boston Celtics,1.5,1.89
2026-09-04T21:11:53Z,scheduled,26b036ff107f3c658258eaf4a6f26228,2026-10-20T19:00:00Z,Detroit Pistons,Boston Celtics,betrivers,spreads,Detroit Pistons,-1.5,1.89
2026-09-04T21:11:53Z,scheduled,26b036ff107f3c658258eaf4a6f26228,2026-10-20T19:00:00Z,Detroit Pistons,Boston Celtics,betrivers,totals,Over,221.5,1.88
2026-09-04T21:11:53Z,scheduled,26b036ff107f3c658258eaf4a6f26228,2026-10-20T19:00:00Z,Detroit Pistons,Boston Celtics,betrivers,totals,Under,221.5,1.91
2026-09-04T21:11:53Z,scheduled,26b036ff107f3c658258eaf4a6f26228,2026-10-20T19:00:00Z,Detroit Pistons,Boston Celtics,betmgm,h2h,Boston Celtics,,2.05
2026-09-04T21:11:53Z,scheduled,26b036ff107f3c658258eaf4a6f26228,2026-10-20T19:00:00Z,Detroit Pistons,Boston Celtics,betmgm,h2h,Detroit Pistons,,1.8
2026-09-04T21:11:53Z,scheduled,26b036ff107f3c658258eaf4a6f26228,2026-10-20T19:00:00Z,Detroit Pistons,Boston Celtics,betmgm,spreads,Boston Celtics,1.5,1.91
2026-09-04T21:11:53Z,scheduled,26b036ff107f3c658258eaf4a6f26228,2026-10-20T19:00:00Z,Detroit Pistons,Boston Celtics,betmgm,spreads,Detroit Pistons,-1.5,1.91
2026-09-04T21:11:53Z,scheduled,26b036ff107f3c658258eaf4a6f26228,2026-10-20T19:00:00Z,Detroit Pistons,Boston Celtics,betmgm,totals,Over,222.5,1.91
2026-09-04T21:11:53Z,scheduled,26b036ff107f3c658258eaf4a6f26228,2026-10-20T19:00:00Z,Detroit Pistons,Boston Celtics,betmgm,totals,Under,222.5,1.91
2026-09-04T21:11:53Z,scheduled,26b036ff107f3c658258eaf4a6f26228,2026-10-20T19:00:00Z,Detroit Pistons,Boston Celtics,draftkings,h2h,Boston Celtics,,2.05
2026-09-04T21:11:53Z,scheduled,26b036ff107f3c658258eaf4a6f26228,2026-10-20T19:00:00Z,Detroit Pistons,Boston Celtics,draftkings,h2h,Detroit Pistons,,1.8
2026-09-04T21:11:53Z,scheduled,26b036ff107f3c658258eaf4a6f26228,2026-10-20T19:00:00Z,Detroit Pistons,Boston Celtics,draftkings,spreads,Boston Celtics,1.5,1.95
2026-09-04T21:11:53Z,scheduled,26b036ff107f3c658258eaf4a6f26228,2026-10-20T19:00:00Z,Detroit Pistons,Boston Celtics,draftkings,spreads,Detroit Pistons,-1.5,1.87
2026-09-04T21:11:53Z,scheduled,26b036ff107f3c658258eaf4a6f26228,2026-10-20T19:00:00Z,Detroit Pistons,Boston Celtics,draftkings,totals,Over,221.5,1.91
2026-09-04T21:11:53Z,scheduled,26b036ff107f3c658258eaf4a6f26228,2026-10-20T19:00:00Z,Detroit Pistons,Boston Celtics,draftkings,totals,Under,221.5,1.91
2026-09-04T21:11:53Z,scheduled,26b036ff107f3c658258eaf4a6f26228,2026-10-20T19:00:00Z,Detroit Pistons,Boston Celtics,betsson,h2h,Boston Celtics,,1.98
2026-09-04T21:11:53Z,scheduled,26b036ff107f3c658258eaf4a6f26228,2026-10-20T19:00:00Z,Detroit Pistons,Boston Celtics,betsson,h2h,Detroit Pistons,,1.82
2026-09-04T21:11:53Z,scheduled,26b036ff107f3c658258eaf4a6f26228,2026-10-20T19:00:00Z,Detroit Pistons,Boston Celtics,betsson,spreads,Boston Celtics,1.5,1.9
2026-09-04T21:11:53Z,scheduled,26b036ff107f3c658258eaf4a6f26228,2026-10-20T19:00:00Z,Detroit Pistons,Boston Celtics,betsson,spreads,Detroit Pistons,-1.5,1.86
2026-09-04T21:11:53Z,scheduled,26b036ff107f3c658258eaf4a6f26228,2026-10-20T19:00:00Z,Detroit Pistons,Boston Celtics,betsson,totals,Over,222.5,1.88
2026-09-04T21:11:53Z,scheduled,26b036ff107f3c658258eaf4a6f26228,2026-10-20T19:00:00Z,Detroit Pistons,Boston Celtics,betsson,totals,Under,222.5,1.88
2026-09-04T21:11:53Z,scheduled,2b042ddad3d3c6c6fe5b7005dc26c775,2026-10-20T23:00:00Z,New York Knicks,Philadelphia 76ers,fanduel,h2h,New York Knicks,,1.48
2026-09-04T21:11:53Z,scheduled,2b042ddad3d3c6c6fe5b7005dc26c775,2026-10-20T23:00:00Z,New York Knicks,Philadelphia 76ers,fanduel,h2h,Philadelphia 76ers,,2.76
2026-09-04T21:11:53Z,scheduled,2b042ddad3d3c6c6fe5b7005dc26c775,2026-10-20T23:00:00Z,New York Knicks,Philadelphia 76ers,fanduel,spreads,New York Knicks,-5.5,1.87
2026-09-04T21:11:53Z,scheduled,2b042ddad3d3c6c6fe5b7005dc26c775,2026-10-20T23:00:00Z,New York Knicks,Philadelphia 76ers,fanduel,spreads,Philadelphia 76ers,5.5,1.95
2026-09-04T21:11:53Z,scheduled,2b042ddad3d3c6c6fe5b7005dc26c775,2026-10-20T23:00:00Z,New York Knicks,Philadelphia 76ers,fanduel,totals,Over,233.5,1.93
2026-09-04T21:11:53Z,scheduled,2b042ddad3d3c6c6fe5b7005dc26c775,2026-10-20T23:00:00Z,New York Knicks,Philadelphia 76ers,fanduel,totals,Under,233.5,1.89
2026-09-04T21:11:53Z,scheduled,2b042ddad3d3c6c6fe5b7005dc26c775,2026-10-20T23:00:00Z,New York Knicks,Philadelphia 76ers,betrivers,h2h,New York Knicks,,1.51
2026-09-04T21:11:53Z,scheduled,2b042ddad3d3c6c6fe5b7005dc26c775,2026-10-20T23:00:00Z,New York Knicks,Philadelphia 76ers,betrivers,h2h,Philadelphia 76ers,,2.5
2026-09-04T21:11:53Z,scheduled,2b042ddad3d3c6c6fe5b7005dc26c775,2026-10-20T23:00:00Z,New York Knicks,Philadelphia 76ers,betrivers,spreads,New York Knicks,-5.0,1.89
2026-09-04T21:11:53Z,scheduled,2b042ddad3d3c6c6fe5b7005dc26c775,2026-10-20T23:00:00Z,New York Knicks,Philadelphia 76ers,betrivers,spreads,Philadelphia 76ers,5.0,1.91
2026-09-04T21:11:53Z,scheduled,2b042ddad3d3c6c6fe5b7005dc26c775,2026-10-20T23:00:00Z,New York Knicks,Philadelphia 76ers,betrivers,totals,Over,232.5,1.91
2026-09-04T21:11:53Z,scheduled,2b042ddad3d3c6c6fe5b7005dc26c775,2026-10-20T23:00:00Z,New York Knicks,Philadelphia 76ers,betrivers,totals,Under,232.5,1.88
2026-09-04T21:11:53Z,scheduled,2b042ddad3d3c6c6fe5b7005dc26c775,2026-10-20T23:00:00Z,New York Knicks,Philadelphia 76ers,betmgm,h2h,New York Knicks,,1.54
2026-09-04T21:11:53Z,scheduled,2b042ddad3d3c6c6fe5b7005dc26c775,2026-10-20T23:00:00Z,New York Knicks,Philadelphia 76ers,betmgm,h2h,Philadelphia 76ers,,2.5
2026-09-04T21:11:53Z,scheduled,2b042ddad3d3c6c6fe5b7005dc26c775,2026-10-20T23:00:00Z,New York Knicks,Philadelphia 76ers,betmgm,spreads,New York Knicks,-5.5,1.91
2026-09-04T21:11:53Z,scheduled,2b042ddad3d3c6c6fe5b7005dc26c775,2026-10-20T23:00:00Z,New York Knicks,Philadelphia 76ers,betmgm,spreads,Philadelphia 76ers,5.5,1.91
2026-09-04T21:11:53Z,scheduled,2b042ddad3d3c6c6fe5b7005dc26c775,2026-10-20T23:00:00Z,New York Knicks,Philadelphia 76ers,betmgm,totals,Over,231.5,1.91
2026-09-04T21:11:53Z,scheduled,2b042ddad3d3c6c6fe5b7005dc26c775,2026-10-20T23:00:00Z,New York Knicks,Philadelphia 76ers,betmgm,totals,Under,231.5,1.91
2026-09-04T21:11:53Z,scheduled,2b042ddad3d3c6c6fe5b7005dc26c775,2026-10-20T23:00:00Z,New York Knicks,Philadelphia 76ers,draftkings,h2h,New York Knicks,,1.51
2026-09-04T21:11:53Z,scheduled,2b042ddad3d3c6c6fe5b7005dc26c775,2026-10-20T23:00:00Z,New York Knicks,Philadelphia 76ers,draftkings,h2h,Philadelphia 76ers,,2.64
2026-09-04T21:11:53Z,scheduled,2b042ddad3d3c6c6fe5b7005dc26c775,2026-10-20T23:00:00Z,New York Knicks,Philadelphia 76ers,draftkings,spreads,New York Knicks,-5.5,1.91
2026-09-04T21:11:53Z,scheduled,2b042ddad3d3c6c6fe5b7005dc26c775,2026-10-20T23:00:00Z,New York Knicks,Philadelphia 76ers,draftkings,spreads,Philadelphia 76ers,5.5,1.91
2026-09-04T21:11:53Z,scheduled,2b042ddad3d3c6c6fe5b7005dc26c775,2026-10-20T23:00:00Z,New York Knicks,Philadelphia 76ers,draftkings,totals,Over,231.5,1.91
2026-09-04T21:11:53Z,scheduled,2b042ddad3d3c6c6fe5b7005dc26c775,2026-10-20T23:00:00Z,New York Knicks,Philadelphia 76ers,draftkings,totals,Under,231.5,1.91
2026-09-04T21:11:53Z,scheduled,2b042ddad3d3c6c6fe5b7005dc26c775,2026-10-20T23:00:00Z,New York Knicks,Philadelphia 76ers,betsson,h2h,New York Knicks,,1.5
2026-09-04T21:11:53Z,scheduled,2b042ddad3d3c6c6fe5b7005dc26c775,2026-10-20T23:00:00Z,New York Knicks,Philadelphia 76ers,betsson,h2h,Philadelphia 76ers,,2.6
2026-09-04T21:11:53Z,scheduled,2b042ddad3d3c6c6fe5b7005dc26c775,2026-10-20T23:00:00Z,New York Knicks,Philadelphia 76ers,betsson,totals,Over,234.5,1.9
2026-09-04T21:11:53Z,scheduled,2b042ddad3d3c6c6fe5b7005dc26c775,2026-10-20T23:00:00Z,New York Knicks,Philadelphia 76ers,betsson,totals,Under,234.5,1.86
2026-09-04T21:11:53Z,scheduled,bccd283de56915e29af1788beb0abfc9,2026-10-21T01:30:00Z,San Antonio Spurs,Oklahoma City Thunder,fanduel,h2h,Oklahoma City Thunder,,2.08
2026-09-04T21:11:53Z,scheduled,bccd283de56915e29af1788beb0abfc9,2026-10-21T01:30:00Z,San Antonio Spurs,Oklahoma City Thunder,fanduel,h2h,San Antonio Spurs,,1.79
2026-09-04T21:11:53Z,scheduled,bccd283de56915e29af1788beb0abfc9,2026-10-21T01:30:00Z,San Antonio Spurs,Oklahoma City Thunder,fanduel,spreads,Oklahoma City Thunder,1.5,1.95
2026-09-04T21:11:53Z,scheduled,bccd283de56915e29af1788beb0abfc9,2026-10-21T01:30:00Z,San Antonio Spurs,Oklahoma City Thunder,fanduel,spreads,San Antonio Spurs,-1.5,1.87
2026-09-04T21:11:53Z,scheduled,bccd283de56915e29af1788beb0abfc9,2026-10-21T01:30:00Z,San Antonio Spurs,Oklahoma City Thunder,fanduel,totals,Over,231.5,1.91
2026-09-04T21:11:53Z,scheduled,bccd283de56915e29af1788beb0abfc9,2026-10-21T01:30:00Z,San Antonio Spurs,Oklahoma City Thunder,fanduel,totals,Under,231.5,1.91
2026-09-04T21:11:53Z,scheduled,bccd283de56915e29af1788beb0abfc9,2026-10-21T01:30:00Z,San Antonio Spurs,Oklahoma City Thunder,betrivers,h2h,Oklahoma City Thunder,,2.07
2026-09-04T21:11:53Z,scheduled,bccd283de56915e29af1788beb0abfc9,2026-10-21T01:30:00Z,San Antonio Spurs,Oklahoma City Thunder,betrivers,h2h,San Antonio Spurs,,1.76
2026-09-04T21:11:53Z,scheduled,bccd283de56915e29af1788beb0abfc9,2026-10-21T01:30:00Z,San Antonio Spurs,Oklahoma City Thunder,betrivers,spreads,Oklahoma City Thunder,2.0,1.91
2026-09-04T21:11:53Z,scheduled,bccd283de56915e29af1788beb0abfc9,2026-10-21T01:30:00Z,San Antonio Spurs,Oklahoma City Thunder,betrivers,spreads,San Antonio Spurs,-2.0,1.88
2026-09-04T21:11:53Z,scheduled,bccd283de56915e29af1788beb0abfc9,2026-10-21T01:30:00Z,San Antonio Spurs,Oklahoma City Thunder,betrivers,totals,Over,228.5,1.89
2026-09-04T21:11:53Z,scheduled,bccd283de56915e29af1788beb0abfc9,2026-10-21T01:30:00Z,San Antonio Spurs,Oklahoma City Thunder,betrivers,totals,Under,228.5,1.89
2026-09-04T21:11:53Z,scheduled,bccd283de56915e29af1788beb0abfc9,2026-10-21T01:30:00Z,San Antonio Spurs,Oklahoma City Thunder,betmgm,h2h,Oklahoma City Thunder,,2.05
2026-09-04T21:11:53Z,scheduled,bccd283de56915e29af1788beb0abfc9,2026-10-21T01:30:00Z,San Antonio Spurs,Oklahoma City Thunder,betmgm,h2h,San Antonio Spurs,,1.8
2026-09-04T21:11:53Z,scheduled,bccd283de56915e29af1788beb0abfc9,2026-10-21T01:30:00Z,San Antonio Spurs,Oklahoma City Thunder,betmgm,spreads,Oklahoma City Thunder,2.5,1.87
2026-09-04T21:11:53Z,scheduled,bccd283de56915e29af1788beb0abfc9,2026-10-21T01:30:00Z,San Antonio Spurs,Oklahoma City Thunder,betmgm,spreads,San Antonio Spurs,-2.5,1.95
2026-09-04T21:11:53Z,scheduled,bccd283de56915e29af1788beb0abfc9,2026-10-21T01:30:00Z,San Antonio Spurs,Oklahoma City Thunder,betmgm,totals,Over,230.5,1.91
2026-09-04T21:11:53Z,scheduled,bccd283de56915e29af1788beb0abfc9,2026-10-21T01:30:00Z,San Antonio Spurs,Oklahoma City Thunder,betmgm,totals,Under,230.5,1.91
2026-09-04T21:11:53Z,scheduled,bccd283de56915e29af1788beb0abfc9,2026-10-21T01:30:00Z,San Antonio Spurs,Oklahoma City Thunder,draftkings,h2h,Oklahoma City Thunder,,2.0
2026-09-04T21:11:53Z,scheduled,bccd283de56915e29af1788beb0abfc9,2026-10-21T01:30:00Z,San Antonio Spurs,Oklahoma City Thunder,draftkings,h2h,San Antonio Spurs,,1.83
2026-09-04T21:11:53Z,scheduled,bccd283de56915e29af1788beb0abfc9,2026-10-21T01:30:00Z,San Antonio Spurs,Oklahoma City Thunder,draftkings,spreads,Oklahoma City Thunder,1.5,1.91
2026-09-04T21:11:53Z,scheduled,bccd283de56915e29af1788beb0abfc9,2026-10-21T01:30:00Z,San Antonio Spurs,Oklahoma City Thunder,draftkings,spreads,San Antonio Spurs,-1.5,1.91
2026-09-04T21:11:53Z,scheduled,bccd283de56915e29af1788beb0abfc9,2026-10-21T01:30:00Z,San Antonio Spurs,Oklahoma City Thunder,draftkings,totals,Over,230.5,1.91
2026-09-04T21:11:53Z,scheduled,bccd283de56915e29af1788beb0abfc9,2026-10-21T01:30:00Z,San Antonio Spurs,Oklahoma City Thunder,draftkings,totals,Under,230.5,1.91
2026-09-04T21:11:53Z,scheduled,bccd283de56915e29af1788beb0abfc9,2026-10-21T01:30:00Z,San Antonio Spurs,Oklahoma City Thunder,betsson,h2h,Oklahoma City Thunder,,2.04
2026-09-04T21:11:53Z,scheduled,bccd283de56915e29af1788beb0abfc9,2026-10-21T01:30:00Z,San Antonio Spurs,Oklahoma City Thunder,betsson,h2h,San Antonio Spurs,,1.78
2026-09-04T21:11:53Z,scheduled,bccd283de56915e29af1788beb0abfc9,2026-10-21T01:30:00Z,San Antonio Spurs,Oklahoma City Thunder,betsson,totals,Over,231.5,1.86
2026-09-04T21:11:53Z,scheduled,bccd283de56915e29af1788beb0abfc9,2026-10-21T01:30:00Z,San Antonio Spurs,Oklahoma City Thunder,betsson,totals,Under,231.5,1.9
2026-09-04T21:11:53Z,scheduled,85e6e4e2404ef7268659739997758da1,2026-10-21T23:10:00Z,Orlando Magic,Atlanta Hawks,draftkings,h2h,Atlanta Hawks,,2.14
2026-09-04T21:11:53Z,scheduled,85e6e4e2404ef7268659739997758da1,2026-10-21T23:10:00Z,Orlando Magic,Atlanta Hawks,draftkings,h2h,Orlando Magic,,1.74
2026-09-04T21:11:53Z,scheduled,85e6e4e2404ef7268659739997758da1,2026-10-21T23:10:00Z,Orlando Magic,Atlanta Hawks,draftkings,spreads,Atlanta Hawks,2.5,1.91
2026-09-04T21:11:53Z,scheduled,85e6e4e2404ef7268659739997758da1,2026-10-21T23:10:00Z,Orlando Magic,Atlanta Hawks,draftkings,spreads,Orlando Magic,-2.5,1.91
2026-09-04T21:11:53Z,scheduled,85e6e4e2404ef7268659739997758da1,2026-10-21T23:10:00Z,Orlando Magic,Atlanta Hawks,draftkings,totals,Over,233.5,1.91
2026-09-04T21:11:53Z,scheduled,85e6e4e2404ef7268659739997758da1,2026-10-21T23:10:00Z,Orlando Magic,Atlanta Hawks,draftkings,totals,Under,233.5,1.91
2026-09-04T21:11:53Z,scheduled,85e6e4e2404ef7268659739997758da1,2026-10-21T23:10:00Z,Orlando Magic,Atlanta Hawks,betmgm,h2h,Atlanta Hawks,,2.15
2026-09-04T21:11:53Z,scheduled,85e6e4e2404ef7268659739997758da1,2026-10-21T23:10:00Z,Orlando Magic,Atlanta Hawks,betmgm,h2h,Orlando Magic,,1.74
2026-09-04T21:11:53Z,scheduled,85e6e4e2404ef7268659739997758da1,2026-10-21T23:10:00Z,Orlando Magic,Atlanta Hawks,betmgm,spreads,Atlanta Hawks,2.5,1.91
2026-09-04T21:11:53Z,scheduled,85e6e4e2404ef7268659739997758da1,2026-10-21T23:10:00Z,Orlando Magic,Atlanta Hawks,betmgm,spreads,Orlando Magic,-2.5,1.91
2026-09-04T21:11:53Z,scheduled,85e6e4e2404ef7268659739997758da1,2026-10-21T23:10:00Z,Orlando Magic,Atlanta Hawks,betmgm,totals,Over,233.5,1.91
2026-09-04T21:11:53Z,scheduled,85e6e4e2404ef7268659739997758da1,2026-10-21T23:10:00Z,Orlando Magic,Atlanta Hawks,betmgm,totals,Under,233.5,1.91
2026-09-04T21:11:53Z,scheduled,85e6e4e2404ef7268659739997758da1,2026-10-21T23:10:00Z,Orlando Magic,Atlanta Hawks,betsson,h2h,Atlanta Hawks,,2.08
2026-09-04T21:11:53Z,scheduled,85e6e4e2404ef7268659739997758da1,2026-10-21T23:10:00Z,Orlando Magic,Atlanta Hawks,betsson,h2h,Orlando Magic,,1.75
2026-09-04T21:11:53Z,scheduled,85e6e4e2404ef7268659739997758da1,2026-10-21T23:10:00Z,Orlando Magic,Atlanta Hawks,betsson,totals,Over,233.5,1.88
2026-09-04T21:11:53Z,scheduled,85e6e4e2404ef7268659739997758da1,2026-10-21T23:10:00Z,Orlando Magic,Atlanta Hawks,betsson,totals,Under,233.5,1.88
2026-09-04T21:11:53Z,scheduled,164cc0396837d5ff433215ffd3279283,2026-10-21T23:10:00Z,Washington Wizards,Milwaukee Bucks,draftkings,h2h,Milwaukee Bucks,,2.9
2026-09-04T21:11:53Z,scheduled,164cc0396837d5ff433215ffd3279283,2026-10-21T23:10:00Z,Washington Wizards,Milwaukee Bucks,draftkings,h2h,Washington Wizards,,1.43
2026-09-04T21:11:53Z,scheduled,164cc0396837d5ff433215ffd3279283,2026-10-21T23:10:00Z,Washington Wizards,Milwaukee Bucks,draftkings,spreads,Milwaukee Bucks,6.5,1.91
2026-09-04T21:11:53Z,scheduled,164cc0396837d5ff433215ffd3279283,2026-10-21T23:10:00Z,Washington Wizards,Milwaukee Bucks,draftkings,spreads,Washington Wizards,-6.5,1.91
2026-09-04T21:11:53Z,scheduled,164cc0396837d5ff433215ffd3279283,2026-10-21T23:10:00Z,Washington Wizards,Milwaukee Bucks,draftkings,totals,Over,238.5,1.95
2026-09-04T21:11:53Z,scheduled,164cc0396837d5ff433215ffd3279283,2026-10-21T23:10:00Z,Washington Wizards,Milwaukee Bucks,draftkings,totals,Under,238.5,1.87
2026-09-04T21:11:53Z,scheduled,164cc0396837d5ff433215ffd3279283,2026-10-21T23:10:00Z,Washington Wizards,Milwaukee Bucks,betmgm,h2h,Milwaukee Bucks,,2.8
2026-09-04T21:11:53Z,scheduled,164cc0396837d5ff433215ffd3279283,2026-10-21T23:10:00Z,Washington Wizards,Milwaukee Bucks,betmgm,h2h,Washington Wizards,,1.45
2026-09-04T21:11:53Z,scheduled,164cc0396837d5ff433215ffd3279283,2026-10-21T23:10:00Z,Washington Wizards,Milwaukee Bucks,betmgm,spreads,Milwaukee Bucks,6.5,1.91
2026-09-04T21:11:53Z,scheduled,164cc0396837d5ff433215ffd3279283,2026-10-21T23:10:00Z,Washington Wizards,Milwaukee Bucks,betmgm,spreads,Washington Wizards,-6.5,1.91
2026-09-04T21:11:53Z,scheduled,164cc0396837d5ff433215ffd3279283,2026-10-21T23:10:00Z,Washington Wizards,Milwaukee Bucks,betmgm,totals,Over,238.5,1.91
2026-09-04T21:11:53Z,scheduled,164cc0396837d5ff433215ffd3279283,2026-10-21T23:10:00Z,Washington Wizards,Milwaukee Bucks,betmgm,totals,Under,238.5,1.91
2026-09-04T21:11:53Z,scheduled,164cc0396837d5ff433215ffd3279283,2026-10-21T23:10:00Z,Washington Wizards,Milwaukee Bucks,betsson,h2h,Milwaukee Bucks,,2.8
2026-09-04T21:11:53Z,scheduled,164cc0396837d5ff433215ffd3279283,2026-10-21T23:10:00Z,Washington Wizards,Milwaukee Bucks,betsson,h2h,Washington Wizards,,1.44
2026-09-04T21:11:53Z,scheduled,164cc0396837d5ff433215ffd3279283,2026-10-21T23:10:00Z,Washington Wizards,Milwaukee Bucks,betsson,totals,Over,238.5,1.88
2026-09-04T21:11:53Z,scheduled,164cc0396837d5ff433215ffd3279283,2026-10-21T23:10:00Z,Washington Wizards,Milwaukee Bucks,betsson,totals,Under,238.5,1.88
2026-09-04T21:11:53Z,scheduled,47cc511bb5ce50f715e3625ce5ef77ee,2026-10-21T23:40:00Z,Brooklyn Nets,Charlotte Hornets,draftkings,h2h,Brooklyn Nets,,2.42
2026-09-04T21:11:53Z,scheduled,47cc511bb5ce50f715e3625ce5ef77ee,2026-10-21T23:40:00Z,Brooklyn Nets,Charlotte Hornets,draftkings,h2h,Charlotte Hornets,,1.59
2026-09-04T21:11:53Z,scheduled,47cc511bb5ce50f715e3625ce5ef77ee,2026-10-21T23:40:00Z,Brooklyn Nets,Charlotte Hornets,draftkings,spreads,Brooklyn Nets,4.5,1.91
2026-09-04T21:11:53Z,scheduled,47cc511bb5ce50f715e3625ce5ef77ee,2026-10-21T23:40:00Z,Brooklyn Nets,Charlotte Hornets,draftkings,spreads,Charlotte Hornets,-4.5,1.91
2026-09-04T21:11:53Z,scheduled,47cc511bb5ce50f715e3625ce5ef77ee,2026-10-21T23:40:00Z,Brooklyn Nets,Charlotte Hornets,draftkings,totals,Over,226.5,1.95
2026-09-04T21:11:53Z,scheduled,47cc511bb5ce50f715e3625ce5ef77ee,2026-10-21T23:40:00Z,Brooklyn Nets,Charlotte Hornets,draftkings,totals,Under,226.5,1.87
2026-09-04T21:11:53Z,scheduled,47cc511bb5ce50f715e3625ce5ef77ee,2026-10-21T23:40:00Z,Brooklyn Nets,Charlotte Hornets,betmgm,h2h,Brooklyn Nets,,2.4
2026-09-04T21:11:53Z,scheduled,47cc511bb5ce50f715e3625ce5ef77ee,2026-10-21T23:40:00Z,Brooklyn Nets,Charlotte Hornets,betmgm,h2h,Charlotte Hornets,,1.61
2026-09-04T21:11:53Z,scheduled,47cc511bb5ce50f715e3625ce5ef77ee,2026-10-21T23:40:00Z,Brooklyn Nets,Charlotte Hornets,betmgm,spreads,Brooklyn Nets,4.5,1.91
2026-09-04T21:11:53Z,scheduled,47cc511bb5ce50f715e3625ce5ef77ee,2026-10-21T23:40:00Z,Brooklyn Nets,Charlotte Hornets,betmgm,spreads,Charlotte Hornets,-4.5,1.91
2026-09-04T21:11:53Z,scheduled,47cc511bb5ce50f715e3625ce5ef77ee,2026-10-21T23:40:00Z,Brooklyn Nets,Charlotte Hornets,betmgm,totals,Over,226.5,1.91
2026-09-04T21:11:53Z,scheduled,47cc511bb5ce50f715e3625ce5ef77ee,2026-10-21T23:40:00Z,Brooklyn Nets,Charlotte Hornets,betmgm,totals,Under,226.5,1.91
2026-09-04T21:11:53Z,scheduled,47cc511bb5ce50f715e3625ce5ef77ee,2026-10-21T23:40:00Z,Brooklyn Nets,Charlotte Hornets,betsson,h2h,Brooklyn Nets,,2.35
2026-09-04T21:11:53Z,scheduled,47cc511bb5ce50f715e3625ce5ef77ee,2026-10-21T23:40:00Z,Brooklyn Nets,Charlotte Hornets,betsson,h2h,Charlotte Hornets,,1.58
2026-09-04T21:11:53Z,scheduled,47cc511bb5ce50f715e3625ce5ef77ee,2026-10-21T23:40:00Z,Brooklyn Nets,Charlotte Hornets,betsson,spreads,Brooklyn Nets,4.5,1.88
2026-09-04T21:11:53Z,scheduled,47cc511bb5ce50f715e3625ce5ef77ee,2026-10-21T23:40:00Z,Brooklyn Nets,Charlotte Hornets,betsson,spreads,Charlotte Hornets,-4.5,1.88
2026-09-04T21:11:53Z,scheduled,47cc511bb5ce50f715e3625ce5ef77ee,2026-10-21T23:40:00Z,Brooklyn Nets,Charlotte Hornets,betsson,totals,Over,226.5,1.88
2026-09-04T21:11:53Z,scheduled,47cc511bb5ce50f715e3625ce5ef77ee,2026-10-21T23:40:00Z,Brooklyn Nets,Charlotte Hornets,betsson,totals,Under,226.5,1.88
2026-09-04T21:11:53Z,scheduled,93cdd8e4ade5697cfccf42ee42c4d207,2026-10-21T23:40:00Z,Miami Heat,Minnesota Timberwolves,draftkings,h2h,Miami Heat,,1.8
2026-09-04T21:11:53Z,scheduled,93cdd8e4ade5697cfccf42ee42c4d207,2026-10-21T23:40:00Z,Miami Heat,Minnesota Timberwolves,draftkings,h2h,Minnesota Timberwolves,,2.05
2026-09-04T21:11:53Z,scheduled,93cdd8e4ade5697cfccf42ee42c4d207,2026-10-21T23:40:00Z,Miami Heat,Minnesota Timberwolves,draftkings,spreads,Miami Heat,-1.5,1.87
2026-09-04T21:11:53Z,scheduled,93cdd8e4ade5697cfccf42ee42c4d207,2026-10-21T23:40:00Z,Miami Heat,Minnesota Timberwolves,draftkings,spreads,Minnesota Timberwolves,1.5,1.95
2026-09-04T21:11:53Z,scheduled,93cdd8e4ade5697cfccf42ee42c4d207,2026-10-21T23:40:00Z,Miami Heat,Minnesota Timberwolves,draftkings,totals,Over,242.5,1.87
2026-09-04T21:11:53Z,scheduled,93cdd8e4ade5697cfccf42ee42c4d207,2026-10-21T23:40:00Z,Miami Heat,Minnesota Timberwolves,draftkings,totals,Under,242.5,1.95
2026-09-04T21:11:53Z,scheduled,93cdd8e4ade5697cfccf42ee42c4d207,2026-10-21T23:40:00Z,Miami Heat,Minnesota Timberwolves,fanduel,h2h,Miami Heat,,1.93
2026-09-04T21:11:53Z,scheduled,93cdd8e4ade5697cfccf42ee42c4d207,2026-10-21T23:40:00Z,Miami Heat,Minnesota Timberwolves,fanduel,h2h,Minnesota Timberwolves,,1.93
2026-09-04T21:11:53Z,scheduled,93cdd8e4ade5697cfccf42ee42c4d207,2026-10-21T23:40:00Z,Miami Heat,Minnesota Timberwolves,fanduel,spreads,Miami Heat,-1.5,1.98
2026-09-04T21:11:53Z,scheduled,93cdd8e4ade5697cfccf42ee42c4d207,2026-10-21T23:40:00Z,Miami Heat,Minnesota Timberwolves,fanduel,spreads,Minnesota Timberwolves,1.5,1.83
2026-09-04T21:11:53Z,scheduled,93cdd8e4ade5697cfccf42ee42c4d207,2026-10-21T23:40:00Z,Miami Heat,Minnesota Timberwolves,fanduel,totals,Over,243.5,1.91
2026-09-04T21:11:53Z,scheduled,93cdd8e4ade5697cfccf42ee42c4d207,2026-10-21T23:40:00Z,Miami Heat,Minnesota Timberwolves,fanduel,totals,Under,243.5,1.91
2026-09-04T21:11:53Z,scheduled,93cdd8e4ade5697cfccf42ee42c4d207,2026-10-21T23:40:00Z,Miami Heat,Minnesota Timberwolves,betmgm,h2h,Miami Heat,,1.83
2026-09-04T21:11:53Z,scheduled,93cdd8e4ade5697cfccf42ee42c4d207,2026-10-21T23:40:00Z,Miami Heat,Minnesota Timberwolves,betmgm,h2h,Minnesota Timberwolves,,2.05
2026-09-04T21:11:53Z,scheduled,93cdd8e4ade5697cfccf42ee42c4d207,2026-10-21T23:40:00Z,Miami Heat,Minnesota Timberwolves,betmgm,spreads,Miami Heat,-1.5,1.91
2026-09-04T21:11:53Z,scheduled,93cdd8e4ade5697cfccf42ee42c4d207,2026-10-21T23:40:00Z,Miami Heat,Minnesota Timberwolves,betmgm,spreads,Minnesota Timberwolves,1.5,1.91
2026-09-04T21:11:53Z,scheduled,93cdd8e4ade5697cfccf42ee42c4d207,2026-10-21T23:40:00Z,Miami Heat,Minnesota Timberwolves,betmgm,totals,Over,243.5,1.91
2026-09-04T21:11:53Z,scheduled,93cdd8e4ade5697cfccf42ee42c4d207,2026-10-21T23:40:00Z,Miami Heat,Minnesota Timberwolves,betmgm,totals,Under,243.5,1.91
2026-09-04T21:11:53Z,scheduled,93cdd8e4ade5697cfccf42ee42c4d207,2026-10-21T23:40:00Z,Miami Heat,Minnesota Timberwolves,betsson,h2h,Miami Heat,,1.85
2026-09-04T21:11:53Z,scheduled,93cdd8e4ade5697cfccf42ee42c4d207,2026-10-21T23:40:00Z,Miami Heat,Minnesota Timberwolves,betsson,h2h,Minnesota Timberwolves,,1.95
2026-09-04T21:11:53Z,scheduled,93cdd8e4ade5697cfccf42ee42c4d207,2026-10-21T23:40:00Z,Miami Heat,Minnesota Timberwolves,betsson,totals,Over,243.5,1.88
2026-09-04T21:11:53Z,scheduled,93cdd8e4ade5697cfccf42ee42c4d207,2026-10-21T23:40:00Z,Miami Heat,Minnesota Timberwolves,betsson,totals,Under,243.5,1.88
2026-09-04T21:11:53Z,scheduled,fd33c09c84ab4c2fe6955d59f8dc5dd2,2026-10-22T00:10:00Z,New Orleans Pelicans,Indiana Pacers,draftkings,h2h,Indiana Pacers,,1.6
2026-09-04T21:11:53Z,scheduled,fd33c09c84ab4c2fe6955d59f8dc5dd2,2026-10-22T00:10:00Z,New Orleans Pelicans,Indiana Pacers,draftkings,h2h,New Orleans Pelicans,,2.4
2026-09-04T21:11:53Z,scheduled,fd33c09c84ab4c2fe6955d59f8dc5dd2,2026-10-22T00:10:00Z,New Orleans Pelicans,Indiana Pacers,draftkings,spreads,Indiana Pacers,-3.5,1.85
2026-09-04T21:11:53Z,scheduled,fd33c09c84ab4c2fe6955d59f8dc5dd2,2026-10-22T00:10:00Z,New Orleans Pelicans,Indiana Pacers,draftkings,spreads,New Orleans Pelicans,3.5,1.98
2026-09-04T21:11:53Z,scheduled,fd33c09c84ab4c2fe6955d59f8dc5dd2,2026-10-22T00:10:00Z,New Orleans Pelicans,Indiana Pacers,draftkings,totals,Over,242.5,1.87
2026-09-04T21:11:53Z,scheduled,fd33c09c84ab4c2fe6955d59f8dc5dd2,2026-10-22T00:10:00Z,New Orleans Pelicans,Indiana Pacers,draftkings,totals,Under,242.5,1.95
2026-09-04T21:11:53Z,scheduled,fd33c09c84ab4c2fe6955d59f8dc5dd2,2026-10-22T00:10:00Z,New Orleans Pelicans,Indiana Pacers,betmgm,h2h,Indiana Pacers,,1.61
2026-09-04T21:11:53Z,scheduled,fd33c09c84ab4c2fe6955d59f8dc5dd2,2026-10-22T00:10:00Z,New Orleans Pelicans,Indiana Pacers,betmgm,h2h,New Orleans Pelicans,,2.4
2026-09-04T21:11:53Z,scheduled,fd33c09c84ab4c2fe6955d59f8dc5dd2,2026-10-22T00:10:00Z,New Orleans Pelicans,Indiana Pacers,betmgm,spreads,Indiana Pacers,-4.5,1.91
2026-09-04T21:11:53Z,scheduled,fd33c09c84ab4c2fe6955d59f8dc5dd2,2026-10-22T00:10:00Z,New Orleans Pelicans,Indiana Pacers,betmgm,spreads,New Orleans Pelicans,4.5,1.91
2026-09-04T21:11:53Z,scheduled,fd33c09c84ab4c2fe6955d59f8dc5dd2,2026-10-22T00:10:00Z,New Orleans Pelicans,Indiana Pacers,betmgm,totals,Over,243.5,1.91
2026-09-04T21:11:53Z,scheduled,fd33c09c84ab4c2fe6955d59f8dc5dd2,2026-10-22T00:10:00Z,New Orleans Pelicans,Indiana Pacers,betmgm,totals,Under,243.5,1.91
2026-09-04T21:11:53Z,scheduled,fd33c09c84ab4c2fe6955d59f8dc5dd2,2026-10-22T00:10:00Z,New Orleans Pelicans,Indiana Pacers,betsson,h2h,Indiana Pacers,,1.6
2026-09-04T21:11:53Z,scheduled,fd33c09c84ab4c2fe6955d59f8dc5dd2,2026-10-22T00:10:00Z,New Orleans Pelicans,Indiana Pacers,betsson,h2h,New Orleans Pelicans,,2.35
2026-09-04T21:11:53Z,scheduled,fd33c09c84ab4c2fe6955d59f8dc5dd2,2026-10-22T00:10:00Z,New Orleans Pelicans,Indiana Pacers,betsson,spreads,Indiana Pacers,-4.5,1.83
2026-09-04T21:11:53Z,scheduled,fd33c09c84ab4c2fe6955d59f8dc5dd2,2026-10-22T00:10:00Z,New Orleans Pelicans,Indiana Pacers,betsson,spreads,New Orleans Pelicans,4.5,1.93
2026-09-04T21:11:53Z,scheduled,fd33c09c84ab4c2fe6955d59f8dc5dd2,2026-10-22T00:10:00Z,New Orleans Pelicans,Indiana Pacers,betsson,totals,Over,243.5,1.86
2026-09-04T21:11:53Z,scheduled,fd33c09c84ab4c2fe6955d59f8dc5dd2,2026-10-22T00:10:00Z,New Orleans Pelicans,Indiana Pacers,betsson,totals,Under,243.5,1.9
2026-09-04T21:11:53Z,scheduled,e6769c813dd625b622df94c14a562ce2,2026-10-22T00:10:00Z,Memphis Grizzlies,Utah Jazz,draftkings,h2h,Memphis Grizzlies,,2.24
2026-09-04T21:11:53Z,scheduled,e6769c813dd625b622df94c14a562ce2,2026-10-22T00:10:00Z,Memphis Grizzlies,Utah Jazz,draftkings,h2h,Utah Jazz,,1.68
2026-09-04T21:11:53Z,scheduled,e6769c813dd625b622df94c14a562ce2,2026-10-22T00:10:00Z,Memphis Grizzlies,Utah Jazz,draftkings,spreads,Memphis Grizzlies,2.5,1.98
2026-09-04T21:11:53Z,scheduled,e6769c813dd625b622df94c14a562ce2,2026-10-22T00:10:00Z,Memphis Grizzlies,Utah Jazz,draftkings,spreads,Utah Jazz,-2.5,1.85
2026-09-04T21:11:53Z,scheduled,e6769c813dd625b622df94c14a562ce2,2026-10-22T00:10:00Z,Memphis Grizzlies,Utah Jazz,draftkings,totals,Over,241.5,1.91
2026-09-04T21:11:53Z,scheduled,e6769c813dd625b622df94c14a562ce2,2026-10-22T00:10:00Z,Memphis Grizzlies,Utah Jazz,draftkings,totals,Under,241.5,1.91
2026-09-04T21:11:53Z,scheduled,e6769c813dd625b622df94c14a562ce2,2026-10-22T00:10:00Z,Memphis Grizzlies,Utah Jazz,betmgm,h2h,Memphis Grizzlies,,2.2
2026-09-04T21:11:53Z,scheduled,e6769c813dd625b622df94c14a562ce2,2026-10-22T00:10:00Z,Memphis Grizzlies,Utah Jazz,betmgm,h2h,Utah Jazz,,1.69
2026-09-04T21:11:53Z,scheduled,e6769c813dd625b622df94c14a562ce2,2026-10-22T00:10:00Z,Memphis Grizzlies,Utah Jazz,betmgm,spreads,Memphis Grizzlies,2.5,1.91
2026-09-04T21:11:53Z,scheduled,e6769c813dd625b622df94c14a562ce2,2026-10-22T00:10:00Z,Memphis Grizzlies,Utah Jazz,betmgm,spreads,Utah Jazz,-2.5,1.91
2026-09-04T21:11:53Z,scheduled,e6769c813dd625b622df94c14a562ce2,2026-10-22T00:10:00Z,Memphis Grizzlies,Utah Jazz,betmgm,totals,Over,241.5,1.91
2026-09-04T21:11:53Z,scheduled,e6769c813dd625b622df94c14a562ce2,2026-10-22T00:10:00Z,Memphis Grizzlies,Utah Jazz,betmgm,totals,Under,241.5,1.91
2026-09-04T21:11:53Z,scheduled,e6769c813dd625b622df94c14a562ce2,2026-10-22T00:10:00Z,Memphis Grizzlies,Utah Jazz,betsson,h2h,Memphis Grizzlies,,2.18
2026-09-04T21:11:53Z,scheduled,e6769c813dd625b622df94c14a562ce2,2026-10-22T00:10:00Z,Memphis Grizzlies,Utah Jazz,betsson,h2h,Utah Jazz,,1.68
2026-09-04T21:11:53Z,scheduled,e6769c813dd625b622df94c14a562ce2,2026-10-22T00:10:00Z,Memphis Grizzlies,Utah Jazz,betsson,totals,Over,242.5,1.9
2026-09-04T21:11:53Z,scheduled,e6769c813dd625b622df94c14a562ce2,2026-10-22T00:10:00Z,Memphis Grizzlies,Utah Jazz,betsson,totals,Under,242.5,1.86
2026-09-04T21:11:53Z,scheduled,af2f084075391e55ba2a596e7846bb40,2026-10-22T00:40:00Z,Houston Rockets,Dallas Mavericks,draftkings,h2h,Dallas Mavericks,,3.5
2026-09-04T21:11:53Z,scheduled,af2f084075391e55ba2a596e7846bb40,2026-10-22T00:40:00Z,Houston Rockets,Dallas Mavericks,draftkings,h2h,Houston Rockets,,1.32
2026-09-04T21:11:53Z,scheduled,af2f084075391e55ba2a596e7846bb40,2026-10-22T00:40:00Z,Houston Rockets,Dallas Mavericks,draftkings,spreads,Dallas Mavericks,8.5,1.85
2026-09-04T21:11:53Z,scheduled,af2f084075391e55ba2a596e7846bb40,2026-10-22T00:40:00Z,Houston Rockets,Dallas Mavericks,draftkings,spreads,Houston Rockets,-8.5,1.98
2026-09-04T21:11:53Z,scheduled,af2f084075391e55ba2a596e7846bb40,2026-10-22T00:40:00Z,Houston Rockets,Dallas Mavericks,draftkings,totals,Over,227.5,1.95
2026-09-04T21:11:53Z,scheduled,af2f084075391e55ba2a596e7846bb40,2026-10-22T00:40:00Z,Houston Rockets,Dallas Mavericks,draftkings,totals,Under,227.5,1.87
2026-09-04T21:11:53Z,scheduled,af2f084075391e55ba2a596e7846bb40,2026-10-22T00:40:00Z,Houston Rockets,Dallas Mavericks,betmgm,h2h,Dallas Mavericks,,3.4
2026-09-04T21:11:53Z,scheduled,af2f084075391e55ba2a596e7846bb40,2026-10-22T00:40:00Z,Houston Rockets,Dallas Mavericks,betmgm,h2h,Houston Rockets,,1.33
2026-09-04T21:11:53Z,scheduled,af2f084075391e55ba2a596e7846bb40,2026-10-22T00:40:00Z,Houston Rockets,Dallas Mavericks,betmgm,spreads,Dallas Mavericks,8.5,1.87
2026-09-04T21:11:53Z,scheduled,af2f084075391e55ba2a596e7846bb40,2026-10-22T00:40:00Z,Houston Rockets,Dallas Mavericks,betmgm,spreads,Houston Rockets,-8.5,1.95
2026-09-04T21:11:53Z,scheduled,af2f084075391e55ba2a596e7846bb40,2026-10-22T00:40:00Z,Houston Rockets,Dallas Mavericks,betmgm,totals,Over,227.5,1.91
2026-09-04T21:11:53Z,scheduled,af2f084075391e55ba2a596e7846bb40,2026-10-22T00:40:00Z,Houston Rockets,Dallas Mavericks,betmgm,totals,Under,227.5,1.91
2026-09-04T21:11:53Z,scheduled,af2f084075391e55ba2a596e7846bb40,2026-10-22T00:40:00Z,Houston Rockets,Dallas Mavericks,betsson,h2h,Dallas Mavericks,,3.25
2026-09-04T21:11:53Z,scheduled,af2f084075391e55ba2a596e7846bb40,2026-10-22T00:40:00Z,Houston Rockets,Dallas Mavericks,betsson,h2h,Houston Rockets,,1.34
2026-09-04T21:11:53Z,scheduled,af2f084075391e55ba2a596e7846bb40,2026-10-22T00:40:00Z,Houston Rockets,Dallas Mavericks,betsson,totals,Over,227.5,1.88
2026-09-04T21:11:53Z,scheduled,af2f084075391e55ba2a596e7846bb40,2026-10-22T00:40:00Z,Houston Rockets,Dallas Mavericks,betsson,totals,Under,227.5,1.88
2026-09-04T21:11:53Z,scheduled,6fff70f4bf196dba25060a5775a03b54,2026-10-22T02:10:00Z,Los Angeles Lakers,Golden State Warriors,draftkings,h2h,Golden State Warriors,,2.54
2026-09-04T21:11:53Z,scheduled,6fff70f4bf196dba25060a5775a03b54,2026-10-22T02:10:00Z,Los Angeles Lakers,Golden State Warriors,draftkings,h2h,Los Angeles Lakers,,1.54
2026-09-04T21:11:53Z,scheduled,6fff70f4bf196dba25060a5775a03b54,2026-10-22T02:10:00Z,Los Angeles Lakers,Golden State Warriors,draftkings,spreads,Golden State Warriors,4.5,1.98
2026-09-04T21:11:53Z,scheduled,6fff70f4bf196dba25060a5775a03b54,2026-10-22T02:10:00Z,Los Angeles Lakers,Golden State Warriors,draftkings,spreads,Los Angeles Lakers,-4.5,1.85
2026-09-04T21:11:53Z,scheduled,6fff70f4bf196dba25060a5775a03b54,2026-10-22T02:10:00Z,Los Angeles Lakers,Golden State Warriors,draftkings,totals,Over,235.5,1.91
2026-09-04T21:11:53Z,scheduled,6fff70f4bf196dba25060a5775a03b54,2026-10-22T02:10:00Z,Los Angeles Lakers,Golden State Warriors,draftkings,totals,Under,235.5,1.91
2026-09-04T21:11:53Z,scheduled,6fff70f4bf196dba25060a5775a03b54,2026-10-22T02:10:00Z,Los Angeles Lakers,Golden State Warriors,fanduel,h2h,Golden State Warriors,,2.42
2026-09-04T21:11:53Z,scheduled,6fff70f4bf196dba25060a5775a03b54,2026-10-22T02:10:00Z,Los Angeles Lakers,Golden State Warriors,fanduel,h2h,Los Angeles Lakers,,1.6
2026-09-04T21:11:53Z,scheduled,6fff70f4bf196dba25060a5775a03b54,2026-10-22T02:10:00Z,Los Angeles Lakers,Golden State Warriors,fanduel,spreads,Golden State Warriors,3.5,1.98
2026-09-04T21:11:53Z,scheduled,6fff70f4bf196dba25060a5775a03b54,2026-10-22T02:10:00Z,Los Angeles Lakers,Golden State Warriors,fanduel,spreads,Los Angeles Lakers,-3.5,1.83
2026-09-04T21:11:53Z,scheduled,6fff70f4bf196dba25060a5775a03b54,2026-10-22T02:10:00Z,Los Angeles Lakers,Golden State Warriors,fanduel,totals,Over,236.5,1.91
2026-09-04T21:11:53Z,scheduled,6fff70f4bf196dba25060a5775a03b54,2026-10-22T02:10:00Z,Los Angeles Lakers,Golden State Warriors,fanduel,totals,Under,236.5,1.91
2026-09-04T21:11:53Z,scheduled,6fff70f4bf196dba25060a5775a03b54,2026-10-22T02:10:00Z,Los Angeles Lakers,Golden State Warriors,betmgm,h2h,Golden State Warriors,,2.55
2026-09-04T21:11:53Z,scheduled,6fff70f4bf196dba25060a5775a03b54,2026-10-22T02:10:00Z,Los Angeles Lakers,Golden State Warriors,betmgm,h2h,Los Angeles Lakers,,1.53
2026-09-04T21:11:53Z,scheduled,6fff70f4bf196dba25060a5775a03b54,2026-10-22T02:10:00Z,Los Angeles Lakers,Golden State Warriors,betmgm,spreads,Golden State Warriors,5.5,1.91
2026-09-04T21:11:53Z,scheduled,6fff70f4bf196dba25060a5775a03b54,2026-10-22T02:10:00Z,Los Angeles Lakers,Golden State Warriors,betmgm,spreads,Los Angeles Lakers,-5.5,1.91
2026-09-04T21:11:53Z,scheduled,6fff70f4bf196dba25060a5775a03b54,2026-10-22T02:10:00Z,Los Angeles Lakers,Golden State Warriors,betmgm,totals,Over,235.5,1.91
2026-09-04T21:11:53Z,scheduled,6fff70f4bf196dba25060a5775a03b54,2026-10-22T02:10:00Z,Los Angeles Lakers,Golden State Warriors,betmgm,totals,Under,235.5,1.91
2026-09-04T21:11:53Z,scheduled,71e24359951927c356bd8c852fb867dd,2026-10-22T02:10:00Z,Portland Trail Blazers,Phoenix Suns,draftkings,h2h,Phoenix Suns,,2.42
2026-09-04T21:11:53Z,scheduled,71e24359951927c356bd8c852fb867dd,2026-10-22T02:10:00Z,Portland Trail Blazers,Phoenix Suns,draftkings,h2h,Portland Trail Blazers,,1.59
2026-09-04T21:11:53Z,scheduled,71e24359951927c356bd8c852fb867dd,2026-10-22T02:10:00Z,Portland Trail Blazers,Phoenix Suns,draftkings,spreads,Phoenix Suns,4.5,1.91
2026-09-04T21:11:53Z,scheduled,71e24359951927c356bd8c852fb867dd,2026-10-22T02:10:00Z,Portland Trail Blazers,Phoenix Suns,draftkings,spreads,Portland Trail Blazers,-4.5,1.91
2026-09-04T21:11:53Z,scheduled,71e24359951927c356bd8c852fb867dd,2026-10-22T02:10:00Z,Portland Trail Blazers,Phoenix Suns,draftkings,totals,Over,235.5,1.91
2026-09-04T21:11:53Z,scheduled,71e24359951927c356bd8c852fb867dd,2026-10-22T02:10:00Z,Portland Trail Blazers,Phoenix Suns,draftkings,totals,Under,235.5,1.91
2026-09-04T21:11:53Z,scheduled,71e24359951927c356bd8c852fb867dd,2026-10-22T02:10:00Z,Portland Trail Blazers,Phoenix Suns,betmgm,h2h,Phoenix Suns,,2.45
2026-09-04T21:11:53Z,scheduled,71e24359951927c356bd8c852fb867dd,2026-10-22T02:10:00Z,Portland Trail Blazers,Phoenix Suns,betmgm,h2h,Portland Trail Blazers,,1.57
2026-09-04T21:11:53Z,scheduled,71e24359951927c356bd8c852fb867dd,2026-10-22T02:10:00Z,Portland Trail Blazers,Phoenix Suns,betmgm,spreads,Phoenix Suns,4.5,1.91
2026-09-04T21:11:53Z,scheduled,71e24359951927c356bd8c852fb867dd,2026-10-22T02:10:00Z,Portland Trail Blazers,Phoenix Suns,betmgm,spreads,Portland Trail Blazers,-4.5,1.91
2026-09-04T21:11:53Z,scheduled,71e24359951927c356bd8c852fb867dd,2026-10-22T02:10:00Z,Portland Trail Blazers,Phoenix Suns,betmgm,totals,Over,235.5,1.91
2026-09-04T21:11:53Z,scheduled,71e24359951927c356bd8c852fb867dd,2026-10-22T02:10:00Z,Portland Trail Blazers,Phoenix Suns,betmgm,totals,Under,235.5,1.91
2026-09-04T21:11:53Z,scheduled,71e24359951927c356bd8c852fb867dd,2026-10-22T02:10:00Z,Portland Trail Blazers,Phoenix Suns,betsson,h2h,Phoenix Suns,,2.38
2026-09-04T21:11:53Z,scheduled,71e24359951927c356bd8c852fb867dd,2026-10-22T02:10:00Z,Portland Trail Blazers,Phoenix Suns,betsson,h2h,Portland Trail Blazers,,1.58
2026-09-04T21:11:53Z,scheduled,71e24359951927c356bd8c852fb867dd,2026-10-22T02:10:00Z,Portland Trail Blazers,Phoenix Suns,betsson,totals,Over,235.5,1.86
2026-09-04T21:11:53Z,scheduled,71e24359951927c356bd8c852fb867dd,2026-10-22T02:10:00Z,Portland Trail Blazers,Phoenix Suns,betsson,totals,Under,235.5,1.9
2026-09-04T21:11:53Z,scheduled,110e33c79c5ec8c0377702aff685f83b,2026-10-22T23:10:00Z,Philadelphia 76ers,Cleveland Cavaliers,draftkings,h2h,Cleveland Cavaliers,,2.45
2026-09-04T21:11:53Z,scheduled,110e33c79c5ec8c0377702aff685f83b,2026-10-22T23:10:00Z,Philadelphia 76ers,Cleveland Cavaliers,draftkings,h2h,Philadelphia 76ers,,1.57
2026-09-04T21:11:53Z,scheduled,110e33c79c5ec8c0377702aff685f83b,2026-10-22T23:10:00Z,Philadelphia 76ers,Cleveland Cavaliers,draftkings,spreads,Cleveland Cavaliers,4.5,1.91
2026-09-04T21:11:53Z,scheduled,110e33c79c5ec8c0377702aff685f83b,2026-10-22T23:10:00Z,Philadelphia 76ers,Cleveland Cavaliers,draftkings,spreads,Philadelphia 76ers,-4.5,1.91
2026-09-04T21:11:53Z,scheduled,110e33c79c5ec8c0377702aff685f83b,2026-10-22T23:10:00Z,Philadelphia 76ers,Cleveland Cavaliers,draftkings,totals,Over,233.5,1.87
2026-09-04T21:11:53Z,scheduled,110e33c79c5ec8c0377702aff685f83b,2026-10-22T23:10:00Z,Philadelphia 76ers,Cleveland Cavaliers,draftkings,totals,Under,233.5,1.95
2026-09-04T21:11:53Z,scheduled,110e33c79c5ec8c0377702aff685f83b,2026-10-22T23:10:00Z,Philadelphia 76ers,Cleveland Cavaliers,betmgm,h2h,Cleveland Cavaliers,,2.45
2026-09-04T21:11:53Z,scheduled,110e33c79c5ec8c0377702aff685f83b,2026-10-22T23:10:00Z,Philadelphia 76ers,Cleveland Cavaliers,betmgm,h2h,Philadelphia 76ers,,1.57
2026-09-04T21:11:53Z,scheduled,110e33c79c5ec8c0377702aff685f83b,2026-10-22T23:10:00Z,Philadelphia 76ers,Cleveland Cavaliers,betmgm,spreads,Cleveland Cavaliers,4.5,1.91
2026-09-04T21:11:53Z,scheduled,110e33c79c5ec8c0377702aff685f83b,2026-10-22T23:10:00Z,Philadelphia 76ers,Cleveland Cavaliers,betmgm,spreads,Philadelphia 76ers,-4.5,1.91
2026-09-04T21:11:53Z,scheduled,110e33c79c5ec8c0377702aff685f83b,2026-10-22T23:10:00Z,Philadelphia 76ers,Cleveland Cavaliers,betmgm,totals,Over,233.5,1.91
2026-09-04T21:11:53Z,scheduled,110e33c79c5ec8c0377702aff685f83b,2026-10-22T23:10:00Z,Philadelphia 76ers,Cleveland Cavaliers,betmgm,totals,Under,233.5,1.91
2026-09-04T21:11:53Z,scheduled,110e33c79c5ec8c0377702aff685f83b,2026-10-22T23:10:00Z,Philadelphia 76ers,Cleveland Cavaliers,betsson,h2h,Cleveland Cavaliers,,2.42
2026-09-04T21:11:53Z,scheduled,110e33c79c5ec8c0377702aff685f83b,2026-10-22T23:10:00Z,Philadelphia 76ers,Cleveland Cavaliers,betsson,h2h,Philadelphia 76ers,,1.56
2026-09-04T21:11:53Z,scheduled,110e33c79c5ec8c0377702aff685f83b,2026-10-22T23:10:00Z,Philadelphia 76ers,Cleveland Cavaliers,betsson,totals,Over,234.5,1.9
2026-09-04T21:11:53Z,scheduled,110e33c79c5ec8c0377702aff685f83b,2026-10-22T23:10:00Z,Philadelphia 76ers,Cleveland Cavaliers,betsson,totals,Under,234.5,1.86
2026-09-04T21:11:53Z,scheduled,223b2883b9b05a67329ef246384b85f1,2026-10-23T01:40:00Z,Oklahoma City Thunder,Denver Nuggets,draftkings,h2h,Denver Nuggets,,3.25
2026-09-04T21:11:53Z,scheduled,223b2883b9b05a67329ef246384b85f1,2026-10-23T01:40:00Z,Oklahoma City Thunder,Denver Nuggets,draftkings,h2h,Oklahoma City Thunder,,1.36
2026-09-04T21:11:53Z,scheduled,223b2883b9b05a67329ef246384b85f1,2026-10-23T01:40:00Z,Oklahoma City Thunder,Denver Nuggets,draftkings,spreads,Denver Nuggets,7.5,1.91
2026-09-04T21:11:53Z,scheduled,223b2883b9b05a67329ef246384b85f1,2026-10-23T01:40:00Z,Oklahoma City Thunder,Denver Nuggets,draftkings,spreads,Oklahoma City Thunder,-7.5,1.91
2026-09-04T21:11:53Z,scheduled,223b2883b9b05a67329ef246384b85f1,2026-10-23T01:40:00Z,Oklahoma City Thunder,Denver Nuggets,draftkings,totals,Over,231.5,1.87
2026-09-04T21:11:53Z,scheduled,223b2883b9b05a67329ef246384b85f1,2026-10-23T01:40:00Z,Oklahoma City Thunder,Denver Nuggets,draftkings,totals,Under,231.5,1.95
2026-09-04T21:11:53Z,scheduled,223b2883b9b05a67329ef246384b85f1,2026-10-23T01:40:00Z,Oklahoma City Thunder,Denver Nuggets,betmgm,h2h,Denver Nuggets,,3.2
2026-09-04T21:11:53Z,scheduled,223b2883b9b05a67329ef246384b85f1,2026-10-23T01:40:00Z,Oklahoma City Thunder,Denver Nuggets,betmgm,h2h,Oklahoma City Thunder,,1.36
2026-09-04T21:11:53Z,scheduled,223b2883b9b05a67329ef246384b85f1,2026-10-23T01:40:00Z,Oklahoma City Thunder,Denver Nuggets,betmgm,spreads,Denver Nuggets,7.5,1.91
2026-09-04T21:11:53Z,scheduled,223b2883b9b05a67329ef246384b85f1,2026-10-23T01:40:00Z,Oklahoma City Thunder,Denver Nuggets,betmgm,spreads,Oklahoma City Thunder,-7.5,1.91
2026-09-04T21:11:53Z,scheduled,223b2883b9b05a67329ef246384b85f1,2026-10-23T01:40:00Z,Oklahoma City Thunder,Denver Nuggets,betmgm,totals,Over,232.5,1.91
2026-09-04T21:11:53Z,scheduled,223b2883b9b05a67329ef246384b85f1,2026-10-23T01:40:00Z,Oklahoma City Thunder,Denver Nuggets,betmgm,totals,Under,232.5,1.91
2026-09-04T21:11:53Z,scheduled,223b2883b9b05a67329ef246384b85f1,2026-10-23T01:40:00Z,Oklahoma City Thunder,Denver Nuggets,betsson,h2h,Denver Nuggets,,3.05
2026-09-04T21:11:53Z,scheduled,223b2883b9b05a67329ef246384b85f1,2026-10-23T01:40:00Z,Oklahoma City Thunder,Denver Nuggets,betsson,h2h,Oklahoma City Thunder,,1.38
2026-09-04T21:11:53Z,scheduled,223b2883b9b05a67329ef246384b85f1,2026-10-23T01:40:00Z,Oklahoma City Thunder,Denver Nuggets,betsson,totals,Over,232.5,1.86
2026-09-04T21:11:53Z,scheduled,223b2883b9b05a67329ef246384b85f1,2026-10-23T01:40:00Z,Oklahoma City Thunder,Denver Nuggets,betsson,totals,Under,232.5,1.9
2026-09-04T21:11:53Z,scheduled,0d34c898f6cbb990077ae9f0a2773513,2026-10-23T23:10:00Z,Boston Celtics,New York Knicks,draftkings,h2h,Boston Celtics,,1.77
2026-09-04T21:11:53Z,scheduled,0d34c898f6cbb990077ae9f0a2773513,2026-10-23T23:10:00Z,Boston Celtics,New York Knicks,draftkings,h2h,New York Knicks,,2.1
2026-09-04T21:11:53Z,scheduled,0d34c898f6cbb990077ae9f0a2773513,2026-10-23T23:10:00Z,Boston Celtics,New York Knicks,draftkings,spreads,Boston Celtics,-2.5,1.91
2026-09-04T21:11:53Z,scheduled,0d34c898f6cbb990077ae9f0a2773513,2026-10-23T23:10:00Z,Boston Celtics,New York Knicks,draftkings,spreads,New York Knicks,2.5,1.91
2026-09-04T21:11:53Z,scheduled,0d34c898f6cbb990077ae9f0a2773513,2026-10-23T23:10:00Z,Boston Celtics,New York Knicks,draftkings,totals,Over,223.5,1.91
2026-09-04T21:11:53Z,scheduled,0d34c898f6cbb990077ae9f0a2773513,2026-10-23T23:10:00Z,Boston Celtics,New York Knicks,draftkings,totals,Under,223.5,1.91
2026-09-04T21:11:53Z,scheduled,0d34c898f6cbb990077ae9f0a2773513,2026-10-23T23:10:00Z,Boston Celtics,New York Knicks,betsson,h2h,Boston Celtics,,1.75
2026-09-04T21:11:53Z,scheduled,0d34c898f6cbb990077ae9f0a2773513,2026-10-23T23:10:00Z,Boston Celtics,New York Knicks,betsson,h2h,New York Knicks,,2.08
2026-09-04T21:11:53Z,scheduled,0d34c898f6cbb990077ae9f0a2773513,2026-10-23T23:10:00Z,Boston Celtics,New York Knicks,betsson,spreads,Boston Celtics,-2.5,1.86
2026-09-04T21:11:53Z,scheduled,0d34c898f6cbb990077ae9f0a2773513,2026-10-23T23:10:00Z,Boston Celtics,New York Knicks,betsson,spreads,New York Knicks,2.5,1.9
2026-09-04T21:11:53Z,scheduled,0d34c898f6cbb990077ae9f0a2773513,2026-10-23T23:10:00Z,Boston Celtics,New York Knicks,betsson,totals,Over,223.5,1.88
2026-09-04T21:11:53Z,scheduled,0d34c898f6cbb990077ae9f0a2773513,2026-10-23T23:10:00Z,Boston Celtics,New York Knicks,betsson,totals,Under,223.5,1.88
2026-09-04T21:11:53Z,scheduled,49fc89a9696a9a20b658732b34ce61c4,2026-10-24T01:40:00Z,San Antonio Spurs,Houston Rockets,draftkings,h2h,Houston Rockets,,2.85
2026-09-04T21:11:53Z,scheduled,49fc89a9696a9a20b658732b34ce61c4,2026-10-24T01:40:00Z,San Antonio Spurs,Houston Rockets,draftkings,h2h,San Antonio Spurs,,1.44
2026-09-04T21:11:53Z,scheduled,49fc89a9696a9a20b658732b34ce61c4,2026-10-24T01:40:00Z,San Antonio Spurs,Houston Rockets,draftkings,spreads,Houston Rockets,6.5,1.85
2026-09-04T21:11:53Z,scheduled,49fc89a9696a9a20b658732b34ce61c4,2026-10-24T01:40:00Z,San Antonio Spurs,Houston Rockets,draftkings,spreads,San Antonio Spurs,-6.5,1.98
2026-09-04T21:11:53Z,scheduled,49fc89a9696a9a20b658732b34ce61c4,2026-10-24T01:40:00Z,San Antonio Spurs,Houston Rockets,draftkings,totals,Over,225.5,1.91
2026-09-04T21:11:53Z,scheduled,49fc89a9696a9a20b658732b34ce61c4,2026-10-24T01:40:00Z,San Antonio Spurs,Houston Rockets,draftkings,totals,Under,225.5,1.91
2026-09-04T21:11:53Z,scheduled,49fc89a9696a9a20b658732b34ce61c4,2026-10-24T01:40:00Z,San Antonio Spurs,Houston Rockets,betsson,h2h,Houston Rockets,,2.8
2026-09-04T21:11:53Z,scheduled,49fc89a9696a9a20b658732b34ce61c4,2026-10-24T01:40:00Z,San Antonio Spurs,Houston Rockets,betsson,h2h,San Antonio Spurs,,1.44
2026-09-04T21:11:53Z,scheduled,49fc89a9696a9a20b658732b34ce61c4,2026-10-24T01:40:00Z,San Antonio Spurs,Houston Rockets,betsson,totals,Over,225.5,1.88
2026-09-04T21:11:53Z,scheduled,49fc89a9696a9a20b658732b34ce61c4,2026-10-24T01:40:00Z,San Antonio Spurs,Houston Rockets,betsson,totals,Under,225.5,1.88
2026-09-04T21:11:53Z,scheduled,45ebc54751ef3e435192eaeb0470acfb,2026-10-30T23:10:00Z,Washington Wizards,Charlotte Hornets,draftkings,h2h,Charlotte Hornets,,1.87
2026-09-04T21:11:53Z,scheduled,45ebc54751ef3e435192eaeb0470acfb,2026-10-30T23:10:00Z,Washington Wizards,Charlotte Hornets,draftkings,h2h,Washington Wizards,,1.95
2026-09-04T21:11:53Z,scheduled,45ebc54751ef3e435192eaeb0470acfb,2026-10-30T23:10:00Z,Washington Wizards,Charlotte Hornets,draftkings,spreads,Charlotte Hornets,-1.5,1.95
2026-09-04T21:11:53Z,scheduled,45ebc54751ef3e435192eaeb0470acfb,2026-10-30T23:10:00Z,Washington Wizards,Charlotte Hornets,draftkings,spreads,Washington Wizards,1.5,1.87
2026-09-04T21:11:53Z,scheduled,45ebc54751ef3e435192eaeb0470acfb,2026-10-30T23:10:00Z,Washington Wizards,Charlotte Hornets,draftkings,totals,Over,235.5,1.91
2026-09-04T21:11:53Z,scheduled,45ebc54751ef3e435192eaeb0470acfb,2026-10-30T23:10:00Z,Washington Wizards,Charlotte Hornets,draftkings,totals,Under,235.5,1.91
2026-09-04T21:11:53Z,scheduled,036a93ca33d6261c21d4bfa6e0d02568,2026-10-30T23:40:00Z,Boston Celtics,Chicago Bulls,draftkings,h2h,Boston Celtics,,1.17
2026-09-04T21:11:53Z,scheduled,036a93ca33d6261c21d4bfa6e0d02568,2026-10-30T23:40:00Z,Boston Celtics,Chicago Bulls,draftkings,h2h,Chicago Bulls,,5.25
2026-09-04T21:11:53Z,scheduled,036a93ca33d6261c21d4bfa6e0d02568,2026-10-30T23:40:00Z,Boston Celtics,Chicago Bulls,draftkings,spreads,Boston Celtics,-11.5,1.91
2026-09-04T21:11:53Z,scheduled,036a93ca33d6261c21d4bfa6e0d02568,2026-10-30T23:40:00Z,Boston Celtics,Chicago Bulls,draftkings,spreads,Chicago Bulls,11.5,1.91
2026-09-04T21:11:53Z,scheduled,036a93ca33d6261c21d4bfa6e0d02568,2026-10-30T23:40:00Z,Boston Celtics,Chicago Bulls,draftkings,totals,Over,232.5,1.91
2026-09-04T21:11:53Z,scheduled,036a93ca33d6261c21d4bfa6e0d02568,2026-10-30T23:40:00Z,Boston Celtics,Chicago Bulls,draftkings,totals,Under,232.5,1.91
2026-09-04T21:11:53Z,scheduled,64df299b882ea19ad5f8cb0ed5516a6f,2026-10-30T23:40:00Z,Brooklyn Nets,Detroit Pistons,draftkings,h2h,Brooklyn Nets,,3.5
2026-09-04T21:11:53Z,scheduled,64df299b882ea19ad5f8cb0ed5516a6f,2026-10-30T23:40:00Z,Brooklyn Nets,Detroit Pistons,draftkings,h2h,Detroit Pistons,,1.32
2026-09-04T21:11:53Z,scheduled,64df299b882ea19ad5f8cb0ed5516a6f,2026-10-30T23:40:00Z,Brooklyn Nets,Detroit Pistons,draftkings,spreads,Brooklyn Nets,7.5,1.98
2026-09-04T21:11:53Z,scheduled,64df299b882ea19ad5f8cb0ed5516a6f,2026-10-30T23:40:00Z,Brooklyn Nets,Detroit Pistons,draftkings,spreads,Detroit Pistons,-7.5,1.85
2026-09-04T21:11:53Z,scheduled,64df299b882ea19ad5f8cb0ed5516a6f,2026-10-30T23:40:00Z,Brooklyn Nets,Detroit Pistons,draftkings,totals,Over,225.5,1.91
2026-09-04T21:11:53Z,scheduled,64df299b882ea19ad5f8cb0ed5516a6f,2026-10-30T23:40:00Z,Brooklyn Nets,Detroit Pistons,draftkings,totals,Under,225.5,1.91
2026-09-04T21:11:53Z,scheduled,96a166bbd49782dbd9a61c2fb9069787,2026-10-30T23:40:00Z,Philadelphia 76ers,New York Knicks,draftkings,h2h,New York Knicks,,2.05
2026-09-04T21:11:53Z,scheduled,96a166bbd49782dbd9a61c2fb9069787,2026-10-30T23:40:00Z,Philadelphia 76ers,New York Knicks,draftkings,h2h,Philadelphia 76ers,,1.8
2026-09-04T21:11:53Z,scheduled,96a166bbd49782dbd9a61c2fb9069787,2026-10-30T23:40:00Z,Philadelphia 76ers,New York Knicks,draftkings,spreads,New York Knicks,2.5,1.87
2026-09-04T21:11:53Z,scheduled,96a166bbd49782dbd9a61c2fb9069787,2026-10-30T23:40:00Z,Philadelphia 76ers,New York Knicks,draftkings,spreads,Philadelphia 76ers,-2.5,1.95
2026-09-04T21:11:53Z,scheduled,96a166bbd49782dbd9a61c2fb9069787,2026-10-30T23:40:00Z,Philadelphia 76ers,New York Knicks,draftkings,totals,Over,231.5,1.91
2026-09-04T21:11:53Z,scheduled,96a166bbd49782dbd9a61c2fb9069787,2026-10-30T23:40:00Z,Philadelphia 76ers,New York Knicks,draftkings,totals,Under,231.5,1.91
2026-09-04T21:11:53Z,scheduled,b9778d0e3a26167eb49901dcae7eeb98,2026-10-31T00:10:00Z,Dallas Mavericks,Houston Rockets,draftkings,h2h,Dallas Mavericks,,2.45
2026-09-04T21:11:53Z,scheduled,b9778d0e3a26167eb49901dcae7eeb98,2026-10-31T00:10:00Z,Dallas Mavericks,Houston Rockets,draftkings,h2h,Houston Rockets,,1.57
2026-09-04T21:11:53Z,scheduled,b9778d0e3a26167eb49901dcae7eeb98,2026-10-31T00:10:00Z,Dallas Mavericks,Houston Rockets,draftkings,spreads,Dallas Mavericks,4.5,1.91
2026-09-04T21:11:53Z,scheduled,b9778d0e3a26167eb49901dcae7eeb98,2026-10-31T00:10:00Z,Dallas Mavericks,Houston Rockets,draftkings,spreads,Houston Rockets,-4.5,1.91
2026-09-04T21:11:53Z,scheduled,b9778d0e3a26167eb49901dcae7eeb98,2026-10-31T00:10:00Z,Dallas Mavericks,Houston Rockets,draftkings,totals,Over,227.5,1.95
2026-09-04T21:11:53Z,scheduled,b9778d0e3a26167eb49901dcae7eeb98,2026-10-31T00:10:00Z,Dallas Mavericks,Houston Rockets,draftkings,totals,Under,227.5,1.87
2026-09-04T21:11:53Z,scheduled,c3a424e24d426af94a693e06a33e3037,2026-10-31T00:10:00Z,Miami Heat,Indiana Pacers,draftkings,h2h,Indiana Pacers,,2.3
2026-09-04T21:11:53Z,scheduled,c3a424e24d426af94a693e06a33e3037,2026-10-31T00:10:00Z,Miami Heat,Indiana Pacers,draftkings,h2h,Miami Heat,,1.65
2026-09-04T21:11:53Z,scheduled,c3a424e24d426af94a693e06a33e3037,2026-10-31T00:10:00Z,Miami Heat,Indiana Pacers,draftkings,spreads,Indiana Pacers,3.5,1.91
2026-09-04T21:11:53Z,scheduled,c3a424e24d426af94a693e06a33e3037,2026-10-31T00:10:00Z,Miami Heat,Indiana Pacers,draftkings,spreads,Miami Heat,-3.5,1.91
2026-09-04T21:11:53Z,scheduled,c3a424e24d426af94a693e06a33e3037,2026-10-31T00:10:00Z,Miami Heat,Indiana Pacers,draftkings,totals,Over,241.5,1.87
2026-09-04T21:11:53Z,scheduled,c3a424e24d426af94a693e06a33e3037,2026-10-31T00:10:00Z,Miami Heat,Indiana Pacers,draftkings,totals,Under,241.5,1.95
2026-09-04T21:11:53Z,scheduled,9ae108f7a23e86e8102237053dd9e58d,2026-10-31T02:10:00Z,Phoenix Suns,Denver Nuggets,draftkings,h2h,Denver Nuggets,,1.74
2026-09-04T21:11:53Z,scheduled,9ae108f7a23e86e8102237053dd9e58d,2026-10-31T02:10:00Z,Phoenix Suns,Denver Nuggets,draftkings,h2h,Phoenix Suns,,2.14
2026-09-04T21:11:53Z,scheduled,9ae108f7a23e86e8102237053dd9e58d,2026-10-31T02:10:00Z,Phoenix Suns,Denver Nuggets,draftkings,spreads,Denver Nuggets,-2.5,1.91
2026-09-04T21:11:53Z,scheduled,9ae108f7a23e86e8102237053dd9e58d,2026-10-31T02:10:00Z,Phoenix Suns,Denver Nuggets,draftkings,spreads,Phoenix Suns,2.5,1.91
2026-09-04T21:11:53Z,scheduled,9ae108f7a23e86e8102237053dd9e58d,2026-10-31T02:10:00Z,Phoenix Suns,Denver Nuggets,draftkings,totals,Over,233.5,1.87
2026-09-04T21:11:53Z,scheduled,9ae108f7a23e86e8102237053dd9e58d,2026-10-31T02:10:00Z,Phoenix Suns,Denver Nuggets,draftkings,totals,Under,233.5,1.95
2026-09-04T21:11:53Z,scheduled,761c15cdefb5a94e34f234e11d6e57ad,2026-10-31T02:10:00Z,Golden State Warriors,Los Angeles Lakers,draftkings,h2h,Golden State Warriors,,1.91
2026-09-04T21:11:53Z,scheduled,761c15cdefb5a94e34f234e11d6e57ad,2026-10-31T02:10:00Z,Golden State Warriors,Los Angeles Lakers,draftkings,h2h,Los Angeles Lakers,,1.91
2026-09-04T21:11:53Z,scheduled,761c15cdefb5a94e34f234e11d6e57ad,2026-10-31T02:10:00Z,Golden State Warriors,Los Angeles Lakers,draftkings,spreads,Golden State Warriors,1.5,1.82
2026-09-04T21:11:53Z,scheduled,761c15cdefb5a94e34f234e11d6e57ad,2026-10-31T02:10:00Z,Golden State Warriors,Los Angeles Lakers,draftkings,spreads,Los Angeles Lakers,-1.5,2.02
2026-09-04T21:11:53Z,scheduled,761c15cdefb5a94e34f234e11d6e57ad,2026-10-31T02:10:00Z,Golden State Warriors,Los Angeles Lakers,draftkings,totals,Over,235.5,1.91
2026-09-04T21:11:53Z,scheduled,761c15cdefb5a94e34f234e11d6e57ad,2026-10-31T02:10:00Z,Golden State Warriors,Los Angeles Lakers,draftkings,totals,Under,235.5,1.91
2026-09-04T21:11:53Z,scheduled,85869b2fdc16ef10d3e2582bf05ead95,2026-11-07T00:40:00Z,Cleveland Cavaliers,Philadelphia 76ers,draftkings,h2h,Cleveland Cavaliers,,1.82
2026-09-04T21:11:53Z,scheduled,85869b2fdc16ef10d3e2582bf05ead95,2026-11-07T00:40:00Z,Cleveland Cavaliers,Philadelphia 76ers,draftkings,h2h,Philadelphia 76ers,,2.02
2026-09-04T21:11:53Z,scheduled,85869b2fdc16ef10d3e2582bf05ead95,2026-11-07T00:40:00Z,Cleveland Cavaliers,Philadelphia 76ers,draftkings,spreads,Cleveland Cavaliers,-1.5,1.91
2026-09-04T21:11:53Z,scheduled,85869b2fdc16ef10d3e2582bf05ead95,2026-11-07T00:40:00Z,Cleveland Cavaliers,Philadelphia 76ers,draftkings,spreads,Philadelphia 76ers,1.5,1.91
2026-09-04T21:11:53Z,scheduled,85869b2fdc16ef10d3e2582bf05ead95,2026-11-07T00:40:00Z,Cleveland Cavaliers,Philadelphia 76ers,draftkings,totals,Over,233.5,1.87
2026-09-04T21:11:53Z,scheduled,85869b2fdc16ef10d3e2582bf05ead95,2026-11-07T00:40:00Z,Cleveland Cavaliers,Philadelphia 76ers,draftkings,totals,Under,233.5,1.95
2026-09-04T21:11:53Z,scheduled,83d77fe350d56a036fd7a3404e78249a,2026-11-07T03:10:00Z,Los Angeles Lakers,Portland Trail Blazers,draftkings,h2h,Los Angeles Lakers,,1.62
2026-09-04T21:11:53Z,scheduled,83d77fe350d56a036fd7a3404e78249a,2026-11-07T03:10:00Z,Los Angeles Lakers,Portland Trail Blazers,draftkings,h2h,Portland Trail Blazers,,2.36
2026-09-04T21:11:53Z,scheduled,83d77fe350d56a036fd7a3404e78249a,2026-11-07T03:10:00Z,Los Angeles Lakers,Portland Trail Blazers,draftkings,spreads,Los Angeles Lakers,-3.5,1.87
2026-09-04T21:11:53Z,scheduled,83d77fe350d56a036fd7a3404e78249a,2026-11-07T03:10:00Z,Los Angeles Lakers,Portland Trail Blazers,draftkings,spreads,Portland Trail Blazers,3.5,1.95
2026-09-04T21:11:53Z,scheduled,83d77fe350d56a036fd7a3404e78249a,2026-11-07T03:10:00Z,Los Angeles Lakers,Portland Trail Blazers,draftkings,totals,Over,238.5,1.91
2026-09-04T21:11:53Z,scheduled,83d77fe350d56a036fd7a3404e78249a,2026-11-07T03:10:00Z,Los Angeles Lakers,Portland Trail Blazers,draftkings,totals,Under,238.5,1.91
2026-09-04T21:11:53Z,scheduled,6669b911691463c669a5c10574742e8e,2026-11-14T00:10:00Z,Indiana Pacers,New York Knicks,draftkings,h2h,Indiana Pacers,,2.1
2026-09-04T21:11:53Z,scheduled,6669b911691463c669a5c10574742e8e,2026-11-14T00:10:00Z,Indiana Pacers,New York Knicks,draftkings,h2h,New York Knicks,,1.77
2026-09-04T21:11:53Z,scheduled,6669b911691463c669a5c10574742e8e,2026-11-14T00:10:00Z,Indiana Pacers,New York Knicks,draftkings,spreads,Indiana Pacers,2.5,1.85
2026-09-04T21:11:53Z,scheduled,6669b911691463c669a5c10574742e8e,2026-11-14T00:10:00Z,Indiana Pacers,New York Knicks,draftkings,spreads,New York Knicks,-2.5,1.98
2026-09-04T21:11:53Z,scheduled,6669b911691463c669a5c10574742e8e,2026-11-14T00:10:00Z,Indiana Pacers,New York Knicks,draftkings,totals,Over,233.5,1.91
2026-09-04T21:11:53Z,scheduled,6669b911691463c669a5c10574742e8e,2026-11-14T00:10:00Z,Indiana Pacers,New York Knicks,draftkings,totals,Under,233.5,1.91
2026-09-04T21:11:53Z,scheduled,1fae7f34ec6035dffa74feb148ee26c7,2026-11-14T02:40:00Z,San Antonio Spurs,Golden State Warriors,draftkings,h2h,Golden State Warriors,,4.9
2026-09-04T21:11:53Z,scheduled,1fae7f34ec6035dffa74feb148ee26c7,2026-11-14T02:40:00Z,San Antonio Spurs,Golden State Warriors,draftkings,h2h,San Antonio Spurs,,1.19
2026-09-04T21:11:53Z,scheduled,1fae7f34ec6035dffa74feb148ee26c7,2026-11-14T02:40:00Z,San Antonio Spurs,Golden State Warriors,draftkings,spreads,Golden State Warriors,10.5,1.98
2026-09-04T21:11:53Z,scheduled,1fae7f34ec6035dffa74feb148ee26c7,2026-11-14T02:40:00Z,San Antonio Spurs,Golden State Warriors,draftkings,spreads,San Antonio Spurs,-10.5,1.85
2026-09-04T21:11:53Z,scheduled,1fae7f34ec6035dffa74feb148ee26c7,2026-11-14T02:40:00Z,San Antonio Spurs,Golden State Warriors,draftkings,totals,Over,234.5,1.87
2026-09-04T21:11:53Z,scheduled,1fae7f34ec6035dffa74feb148ee26c7,2026-11-14T02:40:00Z,San Antonio Spurs,Golden State Warriors,draftkings,totals,Under,234.5,1.95
2026-09-04T21:11:53Z,scheduled,086d2fe80483ffcc280994fe2e12d4f4,2026-11-21T03:10:00Z,Denver Nuggets,Houston Rockets,draftkings,h2h,Denver Nuggets,,1.65
2026-09-04T21:11:53Z,scheduled,086d2fe80483ffcc280994fe2e12d4f4,2026-11-21T03:10:00Z,Denver Nuggets,Houston Rockets,draftkings,h2h,Houston Rockets,,2.3
2026-09-04T21:11:53Z,scheduled,086d2fe80483ffcc280994fe2e12d4f4,2026-11-21T03:10:00Z,Denver Nuggets,Houston Rockets,draftkings,spreads,Denver Nuggets,-3.5,1.91
2026-09-04T21:11:53Z,scheduled,086d2fe80483ffcc280994fe2e12d4f4,2026-11-21T03:10:00Z,Denver Nuggets,Houston Rockets,draftkings,spreads,Houston Rockets,3.5,1.91
2026-09-04T21:11:53Z,scheduled,086d2fe80483ffcc280994fe2e12d4f4,2026-11-21T03:10:00Z,Denver Nuggets,Houston Rockets,draftkings,totals,Over,227.5,1.87
2026-09-04T21:11:53Z,scheduled,086d2fe80483ffcc280994fe2e12d4f4,2026-11-21T03:10:00Z,Denver Nuggets,Houston Rockets,draftkings,totals,Under,227.5,1.95
2026-09-04T21:11:53Z,scheduled,3167a4072c65c9314c71d0fe49be8e28,2026-11-25T01:10:00Z,Washington Wizards,Boston Celtics,draftkings,h2h,Boston Celtics,,1.52
2026-09-04T21:11:53Z,scheduled,3167a4072c65c9314c71d0fe49be8e28,2026-11-25T01:10:00Z,Washington Wizards,Boston Celtics,draftkings,h2h,Washington Wizards,,2.6
2026-09-04T21:11:53Z,scheduled,3167a4072c65c9314c71d0fe49be8e28,2026-11-25T01:10:00Z,Washington Wizards,Boston Celtics,draftkings,spreads,Boston Celtics,-5.5,1.91
2026-09-04T21:11:53Z,scheduled,3167a4072c65c9314c71d0fe49be8e28,2026-11-25T01:10:00Z,Washington Wizards,Boston Celtics,draftkings,spreads,Washington Wizards,5.5,1.91
2026-09-04T21:11:53Z,scheduled,3167a4072c65c9314c71d0fe49be8e28,2026-11-25T01:10:00Z,Washington Wizards,Boston Celtics,draftkings,totals,Over,230.5,1.91
2026-09-04T21:11:53Z,scheduled,3167a4072c65c9314c71d0fe49be8e28,2026-11-25T01:10:00Z,Washington Wizards,Boston Celtics,draftkings,totals,Under,230.5,1.91
2026-09-04T21:11:53Z,scheduled,6bfadbd22ed8a054cf82ec1b12b78243,2026-11-25T03:10:00Z,Denver Nuggets,Dallas Mavericks,draftkings,h2h,Dallas Mavericks,,3.75
2026-09-04T21:11:53Z,scheduled,6bfadbd22ed8a054cf82ec1b12b78243,2026-11-25T03:10:00Z,Denver Nuggets,Dallas Mavericks,draftkings,h2h,Denver Nuggets,,1.29
2026-09-04T21:11:53Z,scheduled,6bfadbd22ed8a054cf82ec1b12b78243,2026-11-25T03:10:00Z,Denver Nuggets,Dallas Mavericks,draftkings,spreads,Dallas Mavericks,8.5,1.91
2026-09-04T21:11:53Z,scheduled,6bfadbd22ed8a054cf82ec1b12b78243,2026-11-25T03:10:00Z,Denver Nuggets,Dallas Mavericks,draftkings,spreads,Denver Nuggets,-8.5,1.91
2026-09-04T21:11:53Z,scheduled,6bfadbd22ed8a054cf82ec1b12b78243,2026-11-25T03:10:00Z,Denver Nuggets,Dallas Mavericks,draftkings,totals,Over,237.5,1.87
2026-09-04T21:11:53Z,scheduled,6bfadbd22ed8a054cf82ec1b12b78243,2026-11-25T03:10:00Z,Denver Nuggets,Dallas Mavericks,draftkings,totals,Under,237.5,1.95
2026-09-04T21:11:53Z,scheduled,4f6d199bb67cf3a517a3880fd2f00b26,2026-11-25T22:10:00Z,Philadelphia 76ers,Miami Heat,draftkings,h2h,Miami Heat,,2.36
2026-09-04T21:11:53Z,scheduled,4f6d199bb67cf3a517a3880fd2f00b26,2026-11-25T22:10:00Z,Philadelphia 76ers,Miami Heat,draftkings,h2h,Philadelphia 76ers,,1.62
2026-09-04T21:11:53Z,scheduled,4f6d199bb67cf3a517a3880fd2f00b26,2026-11-25T22:10:00Z,Philadelphia 76ers,Miami Heat,draftkings,spreads,Miami Heat,3.5,1.95
2026-09-04T21:11:53Z,scheduled,4f6d199bb67cf3a517a3880fd2f00b26,2026-11-25T22:10:00Z,Philadelphia 76ers,Miami Heat,draftkings,spreads,Philadelphia 76ers,-3.5,1.87
2026-09-04T21:11:53Z,scheduled,4f6d199bb67cf3a517a3880fd2f00b26,2026-11-25T22:10:00Z,Philadelphia 76ers,Miami Heat,draftkings,totals,Over,239.5,1.91
2026-09-04T21:11:53Z,scheduled,4f6d199bb67cf3a517a3880fd2f00b26,2026-11-25T22:10:00Z,Philadelphia 76ers,Miami Heat,draftkings,totals,Under,239.5,1.91
2026-09-04T21:11:53Z,scheduled,07421d1675d6bc51bb5fa91f84a09eb3,2026-11-26T00:40:00Z,Oklahoma City Thunder,Minnesota Timberwolves,draftkings,h2h,Minnesota Timberwolves,,3.95
2026-09-04T21:11:53Z,scheduled,07421d1675d6bc51bb5fa91f84a09eb3,2026-11-26T00:40:00Z,Oklahoma City Thunder,Minnesota Timberwolves,draftkings,h2h,Oklahoma City Thunder,,1.27
2026-09-04T21:11:53Z,scheduled,07421d1675d6bc51bb5fa91f84a09eb3,2026-11-26T00:40:00Z,Oklahoma City Thunder,Minnesota Timberwolves,draftkings,spreads,Minnesota Timberwolves,8.5,1.98
2026-09-04T21:11:53Z,scheduled,07421d1675d6bc51bb5fa91f84a09eb3,2026-11-26T00:40:00Z,Oklahoma City Thunder,Minnesota Timberwolves,draftkings,spreads,Oklahoma City Thunder,-8.5,1.85
2026-09-04T21:11:53Z,scheduled,07421d1675d6bc51bb5fa91f84a09eb3,2026-11-26T00:40:00Z,Oklahoma City Thunder,Minnesota Timberwolves,draftkings,totals,Over,235.5,1.95
2026-09-04T21:11:53Z,scheduled,07421d1675d6bc51bb5fa91f84a09eb3,2026-11-26T00:40:00Z,Oklahoma City Thunder,Minnesota Timberwolves,draftkings,totals,Under,235.5,1.87
2026-09-04T21:11:53Z,scheduled,9aa9f220709533d70d11f85fae886771,2026-11-26T03:10:00Z,Portland Trail Blazers,San Antonio Spurs,draftkings,h2h,Portland Trail Blazers,,2.42
2026-09-04T21:11:53Z,scheduled,9aa9f220709533d70d11f85fae886771,2026-11-26T03:10:00Z,Portland Trail Blazers,San Antonio Spurs,draftkings,h2h,San Antonio Spurs,,1.59
2026-09-04T21:11:53Z,scheduled,9aa9f220709533d70d11f85fae886771,2026-11-26T03:10:00Z,Portland Trail Blazers,San Antonio Spurs,draftkings,spreads,Portland Trail Blazers,4.5,1.91
2026-09-04T21:11:53Z,scheduled,9aa9f220709533d70d11f85fae886771,2026-11-26T03:10:00Z,Portland Trail Blazers,San Antonio Spurs,draftkings,spreads,San Antonio Spurs,-4.5,1.91
2026-09-04T21:11:53Z,scheduled,9aa9f220709533d70d11f85fae886771,2026-11-26T03:10:00Z,Portland Trail Blazers,San Antonio Spurs,draftkings,totals,Over,237.5,1.87
2026-09-04T21:11:53Z,scheduled,9aa9f220709533d70d11f85fae886771,2026-11-26T03:10:00Z,Portland Trail Blazers,San Antonio Spurs,draftkings,totals,Under,237.5,1.95
2026-09-04T21:11:53Z,scheduled,3c522e32c3035d7dc3e1734903b84654,2026-11-28T00:10:00Z,New York Knicks,Miami Heat,draftkings,h2h,Miami Heat,,2.64
2026-09-04T21:11:53Z,scheduled,3c522e32c3035d7dc3e1734903b84654,2026-11-28T00:10:00Z,New York Knicks,Miami Heat,draftkings,h2h,New York Knicks,,1.51
2026-09-04T21:11:53Z,scheduled,3c522e32c3035d7dc3e1734903b84654,2026-11-28T00:10:00Z,New York Knicks,Miami Heat,draftkings,spreads,Miami Heat,5.5,1.91
2026-09-04T21:11:53Z,scheduled,3c522e32c3035d7dc3e1734903b84654,2026-11-28T00:10:00Z,New York Knicks,Miami Heat,draftkings,spreads,New York Knicks,-5.5,1.91
2026-09-04T21:11:53Z,scheduled,3c522e32c3035d7dc3e1734903b84654,2026-11-28T00:10:00Z,New York Knicks,Miami Heat,draftkings,totals,Over,232.5,1.87
2026-09-04T21:11:53Z,scheduled,3c522e32c3035d7dc3e1734903b84654,2026-11-28T00:10:00Z,New York Knicks,Miami Heat,draftkings,totals,Under,232.5,1.95
2026-09-04T21:11:53Z,scheduled,13d9ca3bcb664829c603755d31401002,2026-11-28T02:40:00Z,San Antonio Spurs,Los Angeles Lakers,draftkings,h2h,Los Angeles Lakers,,3.3
2026-09-04T21:11:53Z,scheduled,13d9ca3bcb664829c603755d31401002,2026-11-28T02:40:00Z,San Antonio Spurs,Los Angeles Lakers,draftkings,h2h,San Antonio Spurs,,1.35
2026-09-04T21:11:53Z,scheduled,13d9ca3bcb664829c603755d31401002,2026-11-28T02:40:00Z,San Antonio Spurs,Los Angeles Lakers,draftkings,spreads,Los Angeles Lakers,8.5,1.85
2026-09-04T21:11:53Z,scheduled,13d9ca3bcb664829c603755d31401002,2026-11-28T02:40:00Z,San Antonio Spurs,Los Angeles Lakers,draftkings,spreads,San Antonio Spurs,-8.5,1.98
2026-09-04T21:11:53Z,scheduled,13d9ca3bcb664829c603755d31401002,2026-11-28T02:40:00Z,San Antonio Spurs,Los Angeles Lakers,draftkings,totals,Over,232.5,1.91
2026-09-04T21:11:53Z,scheduled,13d9ca3bcb664829c603755d31401002,2026-11-28T02:40:00Z,San Antonio Spurs,Los Angeles Lakers,draftkings,totals,Under,232.5,1.91
2026-09-04T21:11:53Z,scheduled,a6555e8b7252dfb32f1817fc8c59ad83,2026-12-25T17:00:00Z,New York Knicks,San Antonio Spurs,fanduel,h2h,New York Knicks,,1.96
2026-09-04T21:11:53Z,scheduled,a6555e8b7252dfb32f1817fc8c59ad83,2026-12-25T17:00:00Z,New York Knicks,San Antonio Spurs,fanduel,h2h,San Antonio Spurs,,1.89
2026-09-04T21:11:53Z,scheduled,a6555e8b7252dfb32f1817fc8c59ad83,2026-12-25T17:00:00Z,New York Knicks,San Antonio Spurs,fanduel,spreads,New York Knicks,1.5,1.88
2026-09-04T21:11:53Z,scheduled,a6555e8b7252dfb32f1817fc8c59ad83,2026-12-25T17:00:00Z,New York Knicks,San Antonio Spurs,fanduel,spreads,San Antonio Spurs,-1.5,1.94
2026-09-04T21:11:53Z,scheduled,a6555e8b7252dfb32f1817fc8c59ad83,2026-12-25T17:00:00Z,New York Knicks,San Antonio Spurs,fanduel,totals,Over,227.5,1.91
2026-09-04T21:11:53Z,scheduled,a6555e8b7252dfb32f1817fc8c59ad83,2026-12-25T17:00:00Z,New York Knicks,San Antonio Spurs,fanduel,totals,Under,227.5,1.91
2026-09-04T21:11:53Z,scheduled,a6555e8b7252dfb32f1817fc8c59ad83,2026-12-25T17:00:00Z,New York Knicks,San Antonio Spurs,betrivers,h2h,New York Knicks,,1.89
2026-09-04T21:11:53Z,scheduled,a6555e8b7252dfb32f1817fc8c59ad83,2026-12-25T17:00:00Z,New York Knicks,San Antonio Spurs,betrivers,h2h,San Antonio Spurs,,1.89
2026-09-04T21:11:53Z,scheduled,a6555e8b7252dfb32f1817fc8c59ad83,2026-12-25T17:00:00Z,New York Knicks,San Antonio Spurs,betrivers,spreads,New York Knicks,-1.0,1.93
2026-09-04T21:11:53Z,scheduled,a6555e8b7252dfb32f1817fc8c59ad83,2026-12-25T17:00:00Z,New York Knicks,San Antonio Spurs,betrivers,spreads,San Antonio Spurs,1.0,1.85
2026-09-04T21:11:53Z,scheduled,a6555e8b7252dfb32f1817fc8c59ad83,2026-12-25T17:00:00Z,New York Knicks,San Antonio Spurs,betrivers,totals,Over,230.0,1.91
2026-09-04T21:11:53Z,scheduled,a6555e8b7252dfb32f1817fc8c59ad83,2026-12-25T17:00:00Z,New York Knicks,San Antonio Spurs,betrivers,totals,Under,230.0,1.88
2026-09-04T21:11:53Z,scheduled,a6555e8b7252dfb32f1817fc8c59ad83,2026-12-25T17:00:00Z,New York Knicks,San Antonio Spurs,draftkings,h2h,New York Knicks,,1.87
2026-09-04T21:11:53Z,scheduled,a6555e8b7252dfb32f1817fc8c59ad83,2026-12-25T17:00:00Z,New York Knicks,San Antonio Spurs,draftkings,h2h,San Antonio Spurs,,1.95
2026-09-04T21:11:53Z,scheduled,a6555e8b7252dfb32f1817fc8c59ad83,2026-12-25T17:00:00Z,New York Knicks,San Antonio Spurs,draftkings,spreads,New York Knicks,-1.5,1.95
2026-09-04T21:11:53Z,scheduled,a6555e8b7252dfb32f1817fc8c59ad83,2026-12-25T17:00:00Z,New York Knicks,San Antonio Spurs,draftkings,spreads,San Antonio Spurs,1.5,1.87
2026-09-04T21:11:53Z,scheduled,a6555e8b7252dfb32f1817fc8c59ad83,2026-12-25T17:00:00Z,New York Knicks,San Antonio Spurs,draftkings,totals,Over,228.5,1.87
2026-09-04T21:11:53Z,scheduled,a6555e8b7252dfb32f1817fc8c59ad83,2026-12-25T17:00:00Z,New York Knicks,San Antonio Spurs,draftkings,totals,Under,228.5,1.95
2026-09-04T21:11:53Z,scheduled,a6555e8b7252dfb32f1817fc8c59ad83,2026-12-25T17:00:00Z,New York Knicks,San Antonio Spurs,betmgm,h2h,New York Knicks,,1.87
2026-09-04T21:11:53Z,scheduled,a6555e8b7252dfb32f1817fc8c59ad83,2026-12-25T17:00:00Z,New York Knicks,San Antonio Spurs,betmgm,h2h,San Antonio Spurs,,1.95
2026-09-04T21:11:53Z,scheduled,a6555e8b7252dfb32f1817fc8c59ad83,2026-12-25T17:00:00Z,New York Knicks,San Antonio Spurs,betmgm,spreads,New York Knicks,-1.5,1.91
2026-09-04T21:11:53Z,scheduled,a6555e8b7252dfb32f1817fc8c59ad83,2026-12-25T17:00:00Z,New York Knicks,San Antonio Spurs,betmgm,spreads,San Antonio Spurs,1.5,1.91
2026-09-04T21:11:53Z,scheduled,a6555e8b7252dfb32f1817fc8c59ad83,2026-12-25T17:00:00Z,New York Knicks,San Antonio Spurs,betmgm,totals,Over,227.5,1.91
2026-09-04T21:11:53Z,scheduled,a6555e8b7252dfb32f1817fc8c59ad83,2026-12-25T17:00:00Z,New York Knicks,San Antonio Spurs,betmgm,totals,Under,227.5,1.91
2026-09-04T21:11:53Z,scheduled,a6555e8b7252dfb32f1817fc8c59ad83,2026-12-25T17:00:00Z,New York Knicks,San Antonio Spurs,betsson,h2h,New York Knicks,,1.82
2026-09-04T21:11:53Z,scheduled,a6555e8b7252dfb32f1817fc8c59ad83,2026-12-25T17:00:00Z,New York Knicks,San Antonio Spurs,betsson,h2h,San Antonio Spurs,,1.98
2026-09-04T21:11:53Z,scheduled,a6555e8b7252dfb32f1817fc8c59ad83,2026-12-25T17:00:00Z,New York Knicks,San Antonio Spurs,betsson,totals,Over,228.5,1.9
2026-09-04T21:11:53Z,scheduled,a6555e8b7252dfb32f1817fc8c59ad83,2026-12-25T17:00:00Z,New York Knicks,San Antonio Spurs,betsson,totals,Under,228.5,1.86
2026-09-04T21:11:53Z,scheduled,d60e7fc0690e4dff121a086395e24de4,2026-12-25T19:30:00Z,Boston Celtics,Miami Heat,fanduel,h2h,Boston Celtics,,1.52
2026-09-04T21:11:53Z,scheduled,d60e7fc0690e4dff121a086395e24de4,2026-12-25T19:30:00Z,Boston Celtics,Miami Heat,fanduel,h2h,Miami Heat,,2.62
2026-09-04T21:11:53Z,scheduled,d60e7fc0690e4dff121a086395e24de4,2026-12-25T19:30:00Z,Boston Celtics,Miami Heat,fanduel,spreads,Boston Celtics,-6.5,1.95
2026-09-04T21:11:53Z,scheduled,d60e7fc0690e4dff121a086395e24de4,2026-12-25T19:30:00Z,Boston Celtics,Miami Heat,fanduel,spreads,Miami Heat,6.5,1.87
2026-09-04T21:11:53Z,scheduled,d60e7fc0690e4dff121a086395e24de4,2026-12-25T19:30:00Z,Boston Celtics,Miami Heat,fanduel,totals,Over,231.5,1.91
2026-09-04T21:11:53Z,scheduled,d60e7fc0690e4dff121a086395e24de4,2026-12-25T19:30:00Z,Boston Celtics,Miami Heat,fanduel,totals,Under,231.5,1.91
2026-09-04T21:11:53Z,scheduled,d60e7fc0690e4dff121a086395e24de4,2026-12-25T19:30:00Z,Boston Celtics,Miami Heat,betrivers,h2h,Boston Celtics,,1.51
2026-09-04T21:11:53Z,scheduled,d60e7fc0690e4dff121a086395e24de4,2026-12-25T19:30:00Z,Boston Celtics,Miami Heat,betrivers,h2h,Miami Heat,,2.5
2026-09-04T21:11:53Z,scheduled,d60e7fc0690e4dff121a086395e24de4,2026-12-25T19:30:00Z,Boston Celtics,Miami Heat,betrivers,spreads,Boston Celtics,-5.0,1.87
2026-09-04T21:11:53Z,scheduled,d60e7fc0690e4dff121a086395e24de4,2026-12-25T19:30:00Z,Boston Celtics,Miami Heat,betrivers,spreads,Miami Heat,5.0,1.93
2026-09-04T21:11:53Z,scheduled,d60e7fc0690e4dff121a086395e24de4,2026-12-25T19:30:00Z,Boston Celtics,Miami Heat,betrivers,totals,Over,230.5,1.88
2026-09-04T21:11:53Z,scheduled,d60e7fc0690e4dff121a086395e24de4,2026-12-25T19:30:00Z,Boston Celtics,Miami Heat,betrivers,totals,Under,230.5,1.91
2026-09-04T21:11:53Z,scheduled,d60e7fc0690e4dff121a086395e24de4,2026-12-25T19:30:00Z,Boston Celtics,Miami Heat,draftkings,h2h,Boston Celtics,,1.52
2026-09-04T21:11:53Z,scheduled,d60e7fc0690e4dff121a086395e24de4,2026-12-25T19:30:00Z,Boston Celtics,Miami Heat,draftkings,h2h,Miami Heat,,2.6
2026-09-04T21:11:53Z,scheduled,d60e7fc0690e4dff121a086395e24de4,2026-12-25T19:30:00Z,Boston Celtics,Miami Heat,draftkings,spreads,Boston Celtics,-5.5,1.91
2026-09-04T21:11:53Z,scheduled,d60e7fc0690e4dff121a086395e24de4,2026-12-25T19:30:00Z,Boston Celtics,Miami Heat,draftkings,spreads,Miami Heat,5.5,1.91
2026-09-04T21:11:53Z,scheduled,d60e7fc0690e4dff121a086395e24de4,2026-12-25T19:30:00Z,Boston Celtics,Miami Heat,draftkings,totals,Over,230.5,1.91
2026-09-04T21:11:53Z,scheduled,d60e7fc0690e4dff121a086395e24de4,2026-12-25T19:30:00Z,Boston Celtics,Miami Heat,draftkings,totals,Under,230.5,1.91
2026-09-04T21:11:53Z,scheduled,d60e7fc0690e4dff121a086395e24de4,2026-12-25T19:30:00Z,Boston Celtics,Miami Heat,betmgm,h2h,Boston Celtics,,1.57
2026-09-04T21:11:53Z,scheduled,d60e7fc0690e4dff121a086395e24de4,2026-12-25T19:30:00Z,Boston Celtics,Miami Heat,betmgm,h2h,Miami Heat,,2.45
2026-09-04T21:11:53Z,scheduled,d60e7fc0690e4dff121a086395e24de4,2026-12-25T19:30:00Z,Boston Celtics,Miami Heat,betmgm,spreads,Boston Celtics,-5.5,1.95
2026-09-04T21:11:53Z,scheduled,d60e7fc0690e4dff121a086395e24de4,2026-12-25T19:30:00Z,Boston Celtics,Miami Heat,betmgm,spreads,Miami Heat,5.5,1.87
2026-09-04T21:11:53Z,scheduled,d60e7fc0690e4dff121a086395e24de4,2026-12-25T19:30:00Z,Boston Celtics,Miami Heat,betmgm,totals,Over,231.5,1.91
2026-09-04T21:11:53Z,scheduled,d60e7fc0690e4dff121a086395e24de4,2026-12-25T19:30:00Z,Boston Celtics,Miami Heat,betmgm,totals,Under,231.5,1.91
2026-09-04T21:11:53Z,scheduled,d60e7fc0690e4dff121a086395e24de4,2026-12-25T19:30:00Z,Boston Celtics,Miami Heat,betsson,h2h,Boston Celtics,,1.5
2026-09-04T21:11:53Z,scheduled,d60e7fc0690e4dff121a086395e24de4,2026-12-25T19:30:00Z,Boston Celtics,Miami Heat,betsson,h2h,Miami Heat,,2.55
2026-09-04T21:11:53Z,scheduled,d60e7fc0690e4dff121a086395e24de4,2026-12-25T19:30:00Z,Boston Celtics,Miami Heat,betsson,totals,Over,230.5,1.88
2026-09-04T21:11:53Z,scheduled,d60e7fc0690e4dff121a086395e24de4,2026-12-25T19:30:00Z,Boston Celtics,Miami Heat,betsson,totals,Under,230.5,1.88
2026-09-04T21:11:53Z,scheduled,dfd908bad3a3bfcae9e08bf128273b18,2026-12-25T22:00:00Z,Los Angeles Lakers,Philadelphia 76ers,fanduel,h2h,Los Angeles Lakers,,1.93
2026-09-04T21:11:53Z,scheduled,dfd908bad3a3bfcae9e08bf128273b18,2026-12-25T22:00:00Z,Los Angeles Lakers,Philadelphia 76ers,fanduel,h2h,Philadelphia 76ers,,1.93
2026-09-04T21:11:53Z,scheduled,dfd908bad3a3bfcae9e08bf128273b18,2026-12-25T22:00:00Z,Los Angeles Lakers,Philadelphia 76ers,fanduel,spreads,Los Angeles Lakers,-1.5,1.98
2026-09-04T21:11:53Z,scheduled,dfd908bad3a3bfcae9e08bf128273b18,2026-12-25T22:00:00Z,Los Angeles Lakers,Philadelphia 76ers,fanduel,spreads,Philadelphia 76ers,1.5,1.83
2026-09-04T21:11:53Z,scheduled,dfd908bad3a3bfcae9e08bf128273b18,2026-12-25T22:00:00Z,Los Angeles Lakers,Philadelphia 76ers,fanduel,totals,Over,237.5,1.94
2026-09-04T21:11:53Z,scheduled,dfd908bad3a3bfcae9e08bf128273b18,2026-12-25T22:00:00Z,Los Angeles Lakers,Philadelphia 76ers,fanduel,totals,Under,237.5,1.88
2026-09-04T21:11:53Z,scheduled,dfd908bad3a3bfcae9e08bf128273b18,2026-12-25T22:00:00Z,Los Angeles Lakers,Philadelphia 76ers,betrivers,h2h,Los Angeles Lakers,,1.85
2026-09-04T21:11:53Z,scheduled,dfd908bad3a3bfcae9e08bf128273b18,2026-12-25T22:00:00Z,Los Angeles Lakers,Philadelphia 76ers,betrivers,h2h,Philadelphia 76ers,,1.94
2026-09-04T21:11:53Z,scheduled,dfd908bad3a3bfcae9e08bf128273b18,2026-12-25T22:00:00Z,Los Angeles Lakers,Philadelphia 76ers,betrivers,spreads,Los Angeles Lakers,-1.0,1.89
2026-09-04T21:11:53Z,scheduled,dfd908bad3a3bfcae9e08bf128273b18,2026-12-25T22:00:00Z,Los Angeles Lakers,Philadelphia 76ers,betrivers,spreads,Philadelphia 76ers,1.0,1.89
2026-09-04T21:11:53Z,scheduled,dfd908bad3a3bfcae9e08bf128273b18,2026-12-25T22:00:00Z,Los Angeles Lakers,Philadelphia 76ers,betrivers,totals,Over,234.0,1.88
2026-09-04T21:11:53Z,scheduled,dfd908bad3a3bfcae9e08bf128273b18,2026-12-25T22:00:00Z,Los Angeles Lakers,Philadelphia 76ers,betrivers,totals,Under,234.0,1.91
2026-09-04T21:11:53Z,scheduled,dfd908bad3a3bfcae9e08bf128273b18,2026-12-25T22:00:00Z,Los Angeles Lakers,Philadelphia 76ers,draftkings,h2h,Los Angeles Lakers,,1.87
2026-09-04T21:11:53Z,scheduled,dfd908bad3a3bfcae9e08bf128273b18,2026-12-25T22:00:00Z,Los Angeles Lakers,Philadelphia 76ers,draftkings,h2h,Philadelphia 76ers,,1.95
2026-09-04T21:11:53Z,scheduled,dfd908bad3a3bfcae9e08bf128273b18,2026-12-25T22:00:00Z,Los Angeles Lakers,Philadelphia 76ers,draftkings,spreads,Los Angeles Lakers,-1.5,1.95
2026-09-04T21:11:53Z,scheduled,dfd908bad3a3bfcae9e08bf128273b18,2026-12-25T22:00:00Z,Los Angeles Lakers,Philadelphia 76ers,draftkings,spreads,Philadelphia 76ers,1.5,1.87
2026-09-04T21:11:53Z,scheduled,dfd908bad3a3bfcae9e08bf128273b18,2026-12-25T22:00:00Z,Los Angeles Lakers,Philadelphia 76ers,draftkings,totals,Over,237.5,1.91
2026-09-04T21:11:53Z,scheduled,dfd908bad3a3bfcae9e08bf128273b18,2026-12-25T22:00:00Z,Los Angeles Lakers,Philadelphia 76ers,draftkings,totals,Under,237.5,1.91
2026-09-04T21:11:53Z,scheduled,dfd908bad3a3bfcae9e08bf128273b18,2026-12-25T22:00:00Z,Los Angeles Lakers,Philadelphia 76ers,betmgm,h2h,Los Angeles Lakers,,1.87
2026-09-04T21:11:53Z,scheduled,dfd908bad3a3bfcae9e08bf128273b18,2026-12-25T22:00:00Z,Los Angeles Lakers,Philadelphia 76ers,betmgm,h2h,Philadelphia 76ers,,1.95
2026-09-04T21:11:53Z,scheduled,dfd908bad3a3bfcae9e08bf128273b18,2026-12-25T22:00:00Z,Los Angeles Lakers,Philadelphia 76ers,betmgm,spreads,Los Angeles Lakers,-1.5,1.91
2026-09-04T21:11:53Z,scheduled,dfd908bad3a3bfcae9e08bf128273b18,2026-12-25T22:00:00Z,Los Angeles Lakers,Philadelphia 76ers,betmgm,spreads,Philadelphia 76ers,1.5,1.91
2026-09-04T21:11:53Z,scheduled,dfd908bad3a3bfcae9e08bf128273b18,2026-12-25T22:00:00Z,Los Angeles Lakers,Philadelphia 76ers,betmgm,totals,Over,235.5,1.91
2026-09-04T21:11:53Z,scheduled,dfd908bad3a3bfcae9e08bf128273b18,2026-12-25T22:00:00Z,Los Angeles Lakers,Philadelphia 76ers,betmgm,totals,Under,235.5,1.91
2026-09-04T21:11:53Z,scheduled,dfd908bad3a3bfcae9e08bf128273b18,2026-12-25T22:00:00Z,Los Angeles Lakers,Philadelphia 76ers,betsson,h2h,Los Angeles Lakers,,1.9
2026-09-04T21:11:53Z,scheduled,dfd908bad3a3bfcae9e08bf128273b18,2026-12-25T22:00:00Z,Los Angeles Lakers,Philadelphia 76ers,betsson,h2h,Philadelphia 76ers,,1.9
2026-09-04T21:11:53Z,scheduled,dfd908bad3a3bfcae9e08bf128273b18,2026-12-25T22:00:00Z,Los Angeles Lakers,Philadelphia 76ers,betsson,totals,Over,235.5,1.86
2026-09-04T21:11:53Z,scheduled,dfd908bad3a3bfcae9e08bf128273b18,2026-12-25T22:00:00Z,Los Angeles Lakers,Philadelphia 76ers,betsson,totals,Under,235.5,1.9
2026-09-04T21:11:53Z,scheduled,2b7218aa25cf98318a40e6f2469a5c5d,2026-12-26T01:00:00Z,Minnesota Timberwolves,Oklahoma City Thunder,fanduel,h2h,Minnesota Timberwolves,,2.36
2026-09-04T21:11:53Z,scheduled,2b7218aa25cf98318a40e6f2469a5c5d,2026-12-26T01:00:00Z,Minnesota Timberwolves,Oklahoma City Thunder,fanduel,h2h,Oklahoma City Thunder,,1.62
2026-09-04T21:11:53Z,scheduled,2b7218aa25cf98318a40e6f2469a5c5d,2026-12-26T01:00:00Z,Minnesota Timberwolves,Oklahoma City Thunder,fanduel,spreads,Minnesota Timberwolves,4.5,1.87
2026-09-04T21:11:53Z,scheduled,2b7218aa25cf98318a40e6f2469a5c5d,2026-12-26T01:00:00Z,Minnesota Timberwolves,Oklahoma City Thunder,fanduel,spreads,Oklahoma City Thunder,-4.5,1.95
2026-09-04T21:11:53Z,scheduled,2b7218aa25cf98318a40e6f2469a5c5d,2026-12-26T01:00:00Z,Minnesota Timberwolves,Oklahoma City Thunder,fanduel,totals,Over,233.5,1.89
2026-09-04T21:11:53Z,scheduled,2b7218aa25cf98318a40e6f2469a5c5d,2026-12-26T01:00:00Z,Minnesota Timberwolves,Oklahoma City Thunder,fanduel,totals,Under,233.5,1.93
2026-09-04T21:11:53Z,scheduled,2b7218aa25cf98318a40e6f2469a5c5d,2026-12-26T01:00:00Z,Minnesota Timberwolves,Oklahoma City Thunder,betrivers,h2h,Minnesota Timberwolves,,2.32
2026-09-04T21:11:53Z,scheduled,2b7218aa25cf98318a40e6f2469a5c5d,2026-12-26T01:00:00Z,Minnesota Timberwolves,Oklahoma City Thunder,betrivers,h2h,Oklahoma City Thunder,,1.61
2026-09-04T21:11:53Z,scheduled,2b7218aa25cf98318a40e6f2469a5c5d,2026-12-26T01:00:00Z,Minnesota Timberwolves,Oklahoma City Thunder,betrivers,spreads,Minnesota Timberwolves,4.0,1.88
2026-09-04T21:11:53Z,scheduled,2b7218aa25cf98318a40e6f2469a5c5d,2026-12-26T01:00:00Z,Minnesota Timberwolves,Oklahoma City Thunder,betrivers,spreads,Oklahoma City Thunder,-4.0,1.92
2026-09-04T21:11:53Z,scheduled,2b7218aa25cf98318a40e6f2469a5c5d,2026-12-26T01:00:00Z,Minnesota Timberwolves,Oklahoma City Thunder,betrivers,totals,Over,233.0,1.91
2026-09-04T21:11:53Z,scheduled,2b7218aa25cf98318a40e6f2469a5c5d,2026-12-26T01:00:00Z,Minnesota Timberwolves,Oklahoma City Thunder,betrivers,totals,Under,233.0,1.88
2026-09-04T21:11:53Z,scheduled,2b7218aa25cf98318a40e6f2469a5c5d,2026-12-26T01:00:00Z,Minnesota Timberwolves,Oklahoma City Thunder,draftkings,h2h,Minnesota Timberwolves,,2.36
2026-09-04T21:11:53Z,scheduled,2b7218aa25cf98318a40e6f2469a5c5d,2026-12-26T01:00:00Z,Minnesota Timberwolves,Oklahoma City Thunder,draftkings,h2h,Oklahoma City Thunder,,1.62
2026-09-04T21:11:53Z,scheduled,2b7218aa25cf98318a40e6f2469a5c5d,2026-12-26T01:00:00Z,Minnesota Timberwolves,Oklahoma City Thunder,draftkings,spreads,Minnesota Timberwolves,4.5,1.87
2026-09-04T21:11:53Z,scheduled,2b7218aa25cf98318a40e6f2469a5c5d,2026-12-26T01:00:00Z,Minnesota Timberwolves,Oklahoma City Thunder,draftkings,spreads,Oklahoma City Thunder,-4.5,1.95
2026-09-04T21:11:53Z,scheduled,2b7218aa25cf98318a40e6f2469a5c5d,2026-12-26T01:00:00Z,Minnesota Timberwolves,Oklahoma City Thunder,draftkings,totals,Over,233.5,1.91
2026-09-04T21:11:53Z,scheduled,2b7218aa25cf98318a40e6f2469a5c5d,2026-12-26T01:00:00Z,Minnesota Timberwolves,Oklahoma City Thunder,draftkings,totals,Under,233.5,1.91
2026-09-04T21:11:53Z,scheduled,2b7218aa25cf98318a40e6f2469a5c5d,2026-12-26T01:00:00Z,Minnesota Timberwolves,Oklahoma City Thunder,betmgm,h2h,Minnesota Timberwolves,,2.35
2026-09-04T21:11:53Z,scheduled,2b7218aa25cf98318a40e6f2469a5c5d,2026-12-26T01:00:00Z,Minnesota Timberwolves,Oklahoma City Thunder,betmgm,h2h,Oklahoma City Thunder,,1.62
2026-09-04T21:11:53Z,scheduled,2b7218aa25cf98318a40e6f2469a5c5d,2026-12-26T01:00:00Z,Minnesota Timberwolves,Oklahoma City Thunder,betmgm,spreads,Minnesota Timberwolves,4.5,1.91
2026-09-04T21:11:53Z,scheduled,2b7218aa25cf98318a40e6f2469a5c5d,2026-12-26T01:00:00Z,Minnesota Timberwolves,Oklahoma City Thunder,betmgm,spreads,Oklahoma City Thunder,-4.5,1.91
2026-09-04T21:11:53Z,scheduled,2b7218aa25cf98318a40e6f2469a5c5d,2026-12-26T01:00:00Z,Minnesota Timberwolves,Oklahoma City Thunder,betmgm,totals,Over,232.5,1.91
2026-09-04T21:11:53Z,scheduled,2b7218aa25cf98318a40e6f2469a5c5d,2026-12-26T01:00:00Z,Minnesota Timberwolves,Oklahoma City Thunder,betmgm,totals,Under,232.5,1.91
2026-09-04T21:11:53Z,scheduled,2b7218aa25cf98318a40e6f2469a5c5d,2026-12-26T01:00:00Z,Minnesota Timberwolves,Oklahoma City Thunder,betsson,h2h,Minnesota Timberwolves,,2.48
2026-09-04T21:11:53Z,scheduled,2b7218aa25cf98318a40e6f2469a5c5d,2026-12-26T01:00:00Z,Minnesota Timberwolves,Oklahoma City Thunder,betsson,h2h,Oklahoma City Thunder,,1.54
2026-09-04T21:11:53Z,scheduled,2b7218aa25cf98318a40e6f2469a5c5d,2026-12-26T01:00:00Z,Minnesota Timberwolves,Oklahoma City Thunder,betsson,spreads,Minnesota Timberwolves,3.5,1.93
2026-09-04T21:11:53Z,scheduled,2b7218aa25cf98318a40e6f2469a5c5d,2026-12-26T01:00:00Z,Minnesota Timberwolves,Oklahoma City Thunder,betsson,spreads,Oklahoma City Thunder,-3.5,1.83
2026-09-04T21:11:53Z,scheduled,2b7218aa25cf98318a40e6f2469a5c5d,2026-12-26T01:00:00Z,Minnesota Timberwolves,Oklahoma City Thunder,betsson,totals,Over,232.5,1.88
2026-09-04T21:11:53Z,scheduled,2b7218aa25cf98318a40e6f2469a5c5d,2026-12-26T01:00:00Z,Minnesota Timberwolves,Oklahoma City Thunder,betsson,totals,Under,232.5,1.88
2026-09-04T21:11:53Z,scheduled,85a2379bc49135f2759709e55af0c4c6,2026-12-26T03:30:00Z,Golden State Warriors,Denver Nuggets,fanduel,h2h,Denver Nuggets,,1.76
2026-09-04T21:11:53Z,scheduled,85a2379bc49135f2759709e55af0c4c6,2026-12-26T03:30:00Z,Golden State Warriors,Denver Nuggets,fanduel,h2h,Golden State Warriors,,2.12
2026-09-04T21:11:53Z,scheduled,85a2379bc49135f2759709e55af0c4c6,2026-12-26T03:30:00Z,Golden State Warriors,Denver Nuggets,fanduel,spreads,Denver Nuggets,-2.5,1.91
2026-09-04T21:11:53Z,scheduled,85a2379bc49135f2759709e55af0c4c6,2026-12-26T03:30:00Z,Golden State Warriors,Denver Nuggets,fanduel,spreads,Golden State Warriors,2.5,1.91
2026-09-04T21:11:53Z,scheduled,85a2379bc49135f2759709e55af0c4c6,2026-12-26T03:30:00Z,Golden State Warriors,Denver Nuggets,fanduel,totals,Over,239.5,1.91
2026-09-04T21:11:53Z,scheduled,85a2379bc49135f2759709e55af0c4c6,2026-12-26T03:30:00Z,Golden State Warriors,Denver Nuggets,fanduel,totals,Under,239.5,1.91
2026-09-04T21:11:53Z,scheduled,85a2379bc49135f2759709e55af0c4c6,2026-12-26T03:30:00Z,Golden State Warriors,Denver Nuggets,betrivers,h2h,Denver Nuggets,,1.78
2026-09-04T21:11:53Z,scheduled,85a2379bc49135f2759709e55af0c4c6,2026-12-26T03:30:00Z,Golden State Warriors,Denver Nuggets,betrivers,h2h,Golden State Warriors,,2.04
2026-09-04T21:11:53Z,scheduled,85a2379bc49135f2759709e55af0c4c6,2026-12-26T03:30:00Z,Golden State Warriors,Denver Nuggets,betrivers,spreads,Denver Nuggets,-2.0,1.91
2026-09-04T21:11:53Z,scheduled,85a2379bc49135f2759709e55af0c4c6,2026-12-26T03:30:00Z,Golden State Warriors,Denver Nuggets,betrivers,spreads,Golden State Warriors,2.0,1.88
2026-09-04T21:11:53Z,scheduled,85a2379bc49135f2759709e55af0c4c6,2026-12-26T03:30:00Z,Golden State Warriors,Denver Nuggets,betrivers,totals,Over,234.5,1.88
2026-09-04T21:11:53Z,scheduled,85a2379bc49135f2759709e55af0c4c6,2026-12-26T03:30:00Z,Golden State Warriors,Denver Nuggets,betrivers,totals,Under,234.5,1.91
2026-09-04T21:11:53Z,scheduled,85a2379bc49135f2759709e55af0c4c6,2026-12-26T03:30:00Z,Golden State Warriors,Denver Nuggets,draftkings,h2h,Denver Nuggets,,1.74
2026-09-04T21:11:53Z,scheduled,85a2379bc49135f2759709e55af0c4c6,2026-12-26T03:30:00Z,Golden State Warriors,Denver Nuggets,draftkings,h2h,Golden State Warriors,,2.14
2026-09-04T21:11:53Z,scheduled,85a2379bc49135f2759709e55af0c4c6,2026-12-26T03:30:00Z,Golden State Warriors,Denver Nuggets,draftkings,spreads,Denver Nuggets,-2.5,1.91
2026-09-04T21:11:53Z,scheduled,85a2379bc49135f2759709e55af0c4c6,2026-12-26T03:30:00Z,Golden State Warriors,Denver Nuggets,draftkings,spreads,Golden State Warriors,2.5,1.91
2026-09-04T21:11:53Z,scheduled,85a2379bc49135f2759709e55af0c4c6,2026-12-26T03:30:00Z,Golden State Warriors,Denver Nuggets,draftkings,totals,Over,238.5,1.91
2026-09-04T21:11:53Z,scheduled,85a2379bc49135f2759709e55af0c4c6,2026-12-26T03:30:00Z,Golden State Warriors,Denver Nuggets,draftkings,totals,Under,238.5,1.91
2026-09-04T21:11:53Z,scheduled,85a2379bc49135f2759709e55af0c4c6,2026-12-26T03:30:00Z,Golden State Warriors,Denver Nuggets,betmgm,h2h,Denver Nuggets,,1.77
2026-09-04T21:11:53Z,scheduled,85a2379bc49135f2759709e55af0c4c6,2026-12-26T03:30:00Z,Golden State Warriors,Denver Nuggets,betmgm,h2h,Golden State Warriors,,2.1
2026-09-04T21:11:53Z,scheduled,85a2379bc49135f2759709e55af0c4c6,2026-12-26T03:30:00Z,Golden State Warriors,Denver Nuggets,betmgm,spreads,Denver Nuggets,-2.5,1.91
2026-09-04T21:11:53Z,scheduled,85a2379bc49135f2759709e55af0c4c6,2026-12-26T03:30:00Z,Golden State Warriors,Denver Nuggets,betmgm,spreads,Golden State Warriors,2.5,1.91
2026-09-04T21:11:53Z,scheduled,85a2379bc49135f2759709e55af0c4c6,2026-12-26T03:30:00Z,Golden State Warriors,Denver Nuggets,betmgm,totals,Over,238.5,1.91
2026-09-04T21:11:53Z,scheduled,85a2379bc49135f2759709e55af0c4c6,2026-12-26T03:30:00Z,Golden State Warriors,Denver Nuggets,betmgm,totals,Under,238.5,1.91
2026-09-04T21:11:53Z,scheduled,85a2379bc49135f2759709e55af0c4c6,2026-12-26T03:30:00Z,Golden State Warriors,Denver Nuggets,betsson,h2h,Denver Nuggets,,1.68
2026-09-04T21:11:53Z,scheduled,85a2379bc49135f2759709e55af0c4c6,2026-12-26T03:30:00Z,Golden State Warriors,Denver Nuggets,betsson,h2h,Golden State Warriors,,2.18
2026-09-04T21:11:53Z,scheduled,85a2379bc49135f2759709e55af0c4c6,2026-12-26T03:30:00Z,Golden State Warriors,Denver Nuggets,betsson,totals,Over,237.5,1.86
2026-09-04T21:11:53Z,scheduled,85a2379bc49135f2759709e55af0c4c6,2026-12-26T03:30:00Z,Golden State Warriors,Denver Nuggets,betsson,totals,Under,237.5,1.9
