ts,event_id,commence_time,home,away,book,market,outcome,point,price
2026-08-28T10:55,8c94552d022acec4a0458d70c19d3da9,2026-09-10T00:15:00Z,Seattle Seahawks,New England Patriots,unibet_se,h2h,New England Patriots,,2.65
2026-08-28T10:55,8c94552d022acec4a0458d70c19d3da9,2026-09-10T00:15:00Z,Seattle Seahawks,New England Patriots,unibet_se,h2h,Seattle Seahawks,,1.53
2026-08-28T10:55,8c94552d022acec4a0458d70c19d3da9,2026-09-10T00:15:00Z,Seattle Seahawks,New England Patriots,unibet_se,spreads,New England Patriots,3.5,1.91
2026-08-28T10:55,8c94552d022acec4a0458d70c19d3da9,2026-09-10T00:15:00Z,Seattle Seahawks,New England Patriots,unibet_se,spreads,Seattle Seahawks,-3.5,1.91
2026-08-28T10:55,8c94552d022acec4a0458d70c19d3da9,2026-09-10T00:15:00Z,Seattle Seahawks,New England Patriots,unibet_nl,h2h,New England Patriots,,2.6
2026-08-28T10:55,8c94552d022acec4a0458d70c19d3da9,2026-09-10T00:15:00Z,Seattle Seahawks,New England Patriots,unibet_nl,h2h,Seattle Seahawks,,1.51
2026-08-28T10:55,8c94552d022acec4a0458d70c19d3da9,2026-09-10T00:15:00Z,Seattle Seahawks,New England Patriots,unibet_nl,spreads,New England Patriots,3.5,1.91
2026-08-28T10:55,8c94552d022acec4a0458d70c19d3da9,2026-09-10T00:15:00Z,Seattle Seahawks,New England Patriots,unibet_nl,spreads,Seattle Seahawks,-3.5,1.91
2026-08-28T10:55,8c94552d022acec4a0458d70c19d3da9,2026-09-10T00:15:00Z,Seattle Seahawks,New England Patriots,unibet_nl,totals,Over,44.5,1.93
2026-08-28T10:55,8c94552d022acec4a0458d70c19d3da9,2026-09-10T00:15:00Z,Seattle Seahawks,New England Patriots,unibet_nl,totals,Under,44.5,1.88
2026-08-28T10:55,8c94552d022acec4a0458d70c19d3da9,2026-09-10T00:15:00Z,Seattle Seahawks,New England Patriots,leovegas_se,h2h,New England Patriots,,2.6
2026-08-28T10:55,8c94552d022acec4a0458d70c19d3da9,2026-09-10T00:15:00Z,Seattle Seahawks,New England Patriots,leovegas_se,h2h,Seattle Seahawks,,1.51
2026-08-28T10:55,8c94552d022acec4a0458d70c19d3da9,2026-09-10T00:15:00Z,Seattle Seahawks,New England Patriots,leovegas_se,spreads,New England Patriots,3.5,1.91
2026-08-28T10:55,8c94552d022acec4a0458d70c19d3da9,2026-09-10T00:15:00Z,Seattle Seahawks,New England Patriots,leovegas_se,spreads,Seattle Seahawks,-3.5,1.91
2026-08-28T10:55,8c94552d022acec4a0458d70c19d3da9,2026-09-10T00:15:00Z,Seattle Seahawks,New England Patriots,betonlineag,h2h,New England Patriots,,2.65
2026-08-28T10:55,8c94552d022acec4a0458d70c19d3da9,2026-09-10T00:15:00Z,Seattle Seahawks,New England Patriots,betonlineag,h2h,Seattle Seahawks,,1.53
2026-08-28T10:55,8c94552d022acec4a0458d70c19d3da9,2026-09-10T00:15:00Z,Seattle Seahawks,New England Patriots,betonlineag,spreads,New England Patriots,3.5,1.91
2026-08-28T10:55,8c94552d022acec4a0458d70c19d3da9,2026-09-10T00:15:00Z,Seattle Seahawks,New England Patriots,betonlineag,spreads,Seattle Seahawks,-3.5,1.91
2026-08-28T10:55,8c94552d022acec4a0458d70c19d3da9,2026-09-10T00:15:00Z,Seattle Seahawks,New England Patriots,betonlineag,totals,Over,43.5,1.87
2026-08-28T10:55,8c94552d022acec4a0458d70c19d3da9,2026-09-10T00:15:00Z,Seattle Seahawks,New England Patriots,betonlineag,totals,Under,43.5,1.95
2026-08-28T10:55,8c94552d022acec4a0458d70c19d3da9,2026-09-10T00:15:00Z,Seattle Seahawks,New England Patriots,gtbets,h2h,New England Patriots,,2.6
2026-08-28T10:55,8c94552d022acec4a0458d70c19d3da9,2026-09-10T00:15:00Z,Seattle Seahawks,New England Patriots,gtbets,h2h,Seattle Seahawks,,1.53
2026-08-28T10:55,8c94552d022acec4a0458d70c19d3da9,2026-09-10T00:15:00Z,Seattle Seahawks,New England Patriots,gtbets,spreads,New England Patriots,3.5,1.92
2026-08-28T10:55,8c94552d022acec4a0458d70c19d3da9,2026-09-10T00:15:00Z,Seattle Seahawks,New England Patriots,gtbets,spreads,Seattle Seahawks,-3.5,1.92
2026-08-28T10:55,8c94552d022acec4a0458d70c19d3da9,2026-09-10T00:15:00Z,Seattle Seahawks,New England Patriots,gtbets,totals,Over,44.5,1.92
2026-08-28T10:55,8c94552d022acec4a0458d70c19d3da9,2026-09-10T00:15:00Z,Seattle Seahawks,New England Patriots,gtbets,totals,Under,44.5,1.92
2026-08-28T10:55,8c94552d022acec4a0458d70c19d3da9,2026-09-10T00:15:00Z,Seattle Seahawks,New England Patriots,nordicbet,h2h,New England Patriots,,2.48
2026-08-28T10:55,8c94552d022acec4a0458d70c19d3da9,2026-09-10T00:15:00Z,Seattle Seahawks,New England Patriots,nordicbet,h2h,Seattle Seahawks,,1.47
2026-08-28T10:55,8c94552d022acec4a0458d70c19d3da9,2026-09-10T00:15:00Z,Seattle Seahawks,New England Patriots,nordicbet,spreads,New England Patriots,3.5,1.82
2026-08-28T10:55,8c94552d022acec4a0458d70c19d3da9,2026-09-10T00:15:00Z,Seattle Seahawks,New England Patriots,nordicbet,spreads,Seattle Seahawks,-3.5,1.88
2026-08-28T10:55,8c94552d022acec4a0458d70c19d3da9,2026-09-10T00:15:00Z,Seattle Seahawks,New England Patriots,nordicbet,totals,Over,44.0,1.83
2026-08-28T10:55,8c94552d022acec4a0458d70c19d3da9,2026-09-10T00:15:00Z,Seattle Seahawks,New England Patriots,nordicbet,totals,Under,44.0,1.87
2026-08-28T10:55,8c94552d022acec4a0458d70c19d3da9,2026-09-10T00:15:00Z,Seattle Seahawks,New England Patriots,betsson,h2h,New England Patriots,,2.48
2026-08-28T10:55,8c94552d022acec4a0458d70c19d3da9,2026-09-10T00:15:00Z,Seattle Seahawks,New England Patriots,betsson,h2h,Seattle Seahawks,,1.47
2026-08-28T10:55,8c94552d022acec4a0458d70c19d3da9,2026-09-10T00:15:00Z,Seattle Seahawks,New England Patriots,betsson,spreads,New England Patriots,3.5,1.82
2026-08-28T10:55,8c94552d022acec4a0458d70c19d3da9,2026-09-10T00:15:00Z,Seattle Seahawks,New England Patriots,betsson,spreads,Seattle Seahawks,-3.5,1.88
2026-08-28T10:55,8c94552d022acec4a0458d70c19d3da9,2026-09-10T00:15:00Z,Seattle Seahawks,New England Patriots,betsson,totals,Over,44.0,1.83
2026-08-28T10:55,8c94552d022acec4a0458d70c19d3da9,2026-09-10T00:15:00Z,Seattle Seahawks,New England Patriots,betsson,totals,Under,44.0,1.87
2026-08-28T10:55,8c94552d022acec4a0458d70c19d3da9,2026-09-10T00:15:00Z,Seattle Seahawks,New England Patriots,betclic_fr,h2h,New England Patriots,,2.55
2026-08-28T10:55,8c94552d022acec4a0458d70c19d3da9,2026-09-10T00:15:00Z,Seattle Seahawks,New England Patriots,betclic_fr,h2h,Seattle Seahawks,,1.48
2026-08-28T10:55,8c94552d022acec4a0458d70c19d3da9,2026-09-10T00:15:00Z,Seattle Seahawks,New England Patriots,tipico_de,h2h,New England Patriots,,2.55
2026-08-28T10:55,8c94552d022acec4a0458d70c19d3da9,2026-09-10T00:15:00Z,Seattle Seahawks,New England Patriots,tipico_de,h2h,Seattle Seahawks,,1.5
2026-08-28T10:55,8c94552d022acec4a0458d70c19d3da9,2026-09-10T00:15:00Z,Seattle Seahawks,New England Patriots,tipico_de,spreads,New England Patriots,3.5,1.9
2026-08-28T10:55,8c94552d022acec4a0458d70c19d3da9,2026-09-10T00:15:00Z,Seattle Seahawks,New England Patriots,tipico_de,spreads,Seattle Seahawks,-3.5,1.87
2026-08-28T10:55,8c94552d022acec4a0458d70c19d3da9,2026-09-10T00:15:00Z,Seattle Seahawks,New England Patriots,tipico_de,totals,Over,44.5,1.93
2026-08-28T10:55,8c94552d022acec4a0458d70c19d3da9,2026-09-10T00:15:00Z,Seattle Seahawks,New England Patriots,tipico_de,totals,Under,44.5,1.83
2026-08-28T10:55,8c94552d022acec4a0458d70c19d3da9,2026-09-10T00:15:00Z,Seattle Seahawks,New England Patriots,onexbet,spreads,New England Patriots,3.5,1.91
2026-08-28T10:55,8c94552d022acec4a0458d70c19d3da9,2026-09-10T00:15:00Z,Seattle Seahawks,New England Patriots,onexbet,spreads,Seattle Seahawks,-3.5,1.91
2026-08-28T10:55,8c94552d022acec4a0458d70c19d3da9,2026-09-10T00:15:00Z,Seattle Seahawks,New England Patriots,onexbet,totals,Over,44.5,1.91
2026-08-28T10:55,8c94552d022acec4a0458d70c19d3da9,2026-09-10T00:15:00Z,Seattle Seahawks,New England Patriots,onexbet,totals,Under,44.5,1.91
2026-08-28T10:55,8c94552d022acec4a0458d70c19d3da9,2026-09-10T00:15:00Z,Seattle Seahawks,New England Patriots,pinnacle,h2h,New England Patriots,,2.59
2026-08-28T10:55,8c94552d022acec4a0458d70c19d3da9,2026-09-10T00:15:00Z,Seattle Seahawks,New England Patriots,pinnacle,h2h,Seattle Seahawks,,1.55
2026-08-28T10:55,8c94552d022acec4a0458d70c19d3da9,2026-09-10T00:15:00Z,Seattle Seahawks,New England Patriots,pinnacle,spreads,New England Patriots,3.5,1.9
2026-08-28T10:55,8c94552d022acec4a0458d70c19d3da9,2026-09-10T00:15:00Z,Seattle Seahawks,New England Patriots,pinnacle,spreads,Seattle Seahawks,-3.5,1.99
2026-08-28T10:55,8c94552d022acec4a0458d70c19d3da9,2026-09-10T00:15:00Z,Seattle Seahawks,New England Patriots,pinnacle,totals,Over,44.5,1.95
2026-08-28T10:55,8c94552d022acec4a0458d70c19d3da9,2026-09-10T00:15:00Z,Seattle Seahawks,New England Patriots,pinnacle,totals,Under,44.5,1.9
2026-08-28T10:55,8c94552d022acec4a0458d70c19d3da9,2026-09-10T00:15:00Z,Seattle Seahawks,New England Patriots,marathonbet,h2h,New England Patriots,,2.23
2026-08-28T10:55,8c94552d022acec4a0458d70c19d3da9,2026-09-10T00:15:00Z,Seattle Seahawks,New England Patriots,marathonbet,h2h,Seattle Seahawks,,1.64
2026-08-28T10:55,8c94552d022acec4a0458d70c19d3da9,2026-09-10T00:15:00Z,Seattle Seahawks,New England Patriots,mybookieag,h2h,New England Patriots,,2.52
2026-08-28T10:55,8c94552d022acec4a0458d70c19d3da9,2026-09-10T00:15:00Z,Seattle Seahawks,New England Patriots,mybookieag,h2h,Seattle Seahawks,,1.51
2026-08-28T10:55,8c94552d022acec4a0458d70c19d3da9,2026-09-10T00:15:00Z,Seattle Seahawks,New England Patriots,mybookieag,spreads,New England Patriots,3.5,1.91
2026-08-28T10:55,8c94552d022acec4a0458d70c19d3da9,2026-09-10T00:15:00Z,Seattle Seahawks,New England Patriots,mybookieag,spreads,Seattle Seahawks,-3.5,1.91
2026-08-28T10:55,8c94552d022acec4a0458d70c19d3da9,2026-09-10T00:15:00Z,Seattle Seahawks,New England Patriots,mybookieag,totals,Over,44.0,1.91
2026-08-28T10:55,8c94552d022acec4a0458d70c19d3da9,2026-09-10T00:15:00Z,Seattle Seahawks,New England Patriots,mybookieag,totals,Under,44.0,1.91
2026-08-28T10:55,8c94552d022acec4a0458d70c19d3da9,2026-09-10T00:15:00Z,Seattle Seahawks,New England Patriots,coolbet,h2h,New England Patriots,,2.54
2026-08-28T10:55,8c94552d022acec4a0458d70c19d3da9,2026-09-10T00:15:00Z,Seattle Seahawks,New England Patriots,coolbet,h2h,Seattle Seahawks,,1.5
2026-08-28T10:55,8c94552d022acec4a0458d70c19d3da9,2026-09-10T00:15:00Z,Seattle Seahawks,New England Patriots,coolbet,spreads,New England Patriots,3.5,1.89
2026-08-28T10:55,8c94552d022acec4a0458d70c19d3da9,2026-09-10T00:15:00Z,Seattle Seahawks,New England Patriots,coolbet,spreads,Seattle Seahawks,-3.5,1.96
2026-08-28T10:55,8c94552d022acec4a0458d70c19d3da9,2026-09-10T00:15:00Z,Seattle Seahawks,New England Patriots,coolbet,totals,Over,44.0,1.9
2026-08-28T10:55,8c94552d022acec4a0458d70c19d3da9,2026-09-10T00:15:00Z,Seattle Seahawks,New England Patriots,coolbet,totals,Under,44.0,1.95
2026-08-28T10:55,8c94552d022acec4a0458d70c19d3da9,2026-09-10T00:15:00Z,Seattle Seahawks,New England Patriots,betfair_ex_eu,h2h,New England Patriots,,2.36
2026-08-28T10:55,8c94552d022acec4a0458d70c19d3da9,2026-09-10T00:15:00Z,Seattle Seahawks,New England Patriots,betfair_ex_eu,h2h,Seattle Seahawks,,1.51
2026-08-28T10:55,8c94552d022acec4a0458d70c19d3da9,2026-09-10T00:15:00Z,Seattle Seahawks,New England Patriots,betfair_ex_eu,h2h_lay,New England Patriots,,2.98
2026-08-28T10:55,8c94552d022acec4a0458d70c19d3da9,2026-09-10T00:15:00Z,Seattle Seahawks,New England Patriots,betfair_ex_eu,h2h_lay,Seattle Seahawks,,1.73
2026-08-28T10:55,8c94552d022acec4a0458d70c19d3da9,2026-09-10T00:15:00Z,Seattle Seahawks,New England Patriots,everygame,h2h,New England Patriots,,2.65
2026-08-28T10:55,8c94552d022acec4a0458d70c19d3da9,2026-09-10T00:15:00Z,Seattle Seahawks,New England Patriots,everygame,h2h,Seattle Seahawks,,1.53
2026-08-28T10:55,8c94552d022acec4a0458d70c19d3da9,2026-09-10T00:15:00Z,Seattle Seahawks,New England Patriots,everygame,spreads,New England Patriots,3.5,1.91
2026-08-28T10:55,8c94552d022acec4a0458d70c19d3da9,2026-09-10T00:15:00Z,Seattle Seahawks,New England Patriots,everygame,spreads,Seattle Seahawks,-3.5,1.91
2026-08-28T10:55,8c94552d022acec4a0458d70c19d3da9,2026-09-10T00:15:00Z,Seattle Seahawks,New England Patriots,everygame,totals,Over,44.0,1.91
2026-08-28T10:55,8c94552d022acec4a0458d70c19d3da9,2026-09-10T00:15:00Z,Seattle Seahawks,New England Patriots,everygame,totals,Under,44.0,1.91
2026-08-28T10:55,acc580d74344ea3b31bbcdd057fe6a9c,2026-09-11T00:35:00Z,Los Angeles Rams,San Francisco 49ers,betsson,h2h,Los Angeles Rams,,1.46
2026-08-28T10:55,acc580d74344ea3b31bbcdd057fe6a9c,2026-09-11T00:35:00Z,Los Angeles Rams,San Francisco 49ers,betsson,h2h,San Francisco 49ers,,2.52
2026-08-28T10:55,acc580d74344ea3b31bbcdd057fe6a9c,2026-09-11T00:35:00Z,Los Angeles Rams,San Francisco 49ers,betsson,spreads,Los Angeles Rams,-3.5,1.89
2026-08-28T10:55,acc580d74344ea3b31bbcdd057fe6a9c,2026-09-11T00:35:00Z,Los Angeles Rams,San Francisco 49ers,betsson,spreads,San Francisco 49ers,3.5,1.81
2026-08-28T10:55,acc580d74344ea3b31bbcdd057fe6a9c,2026-09-11T00:35:00Z,Los Angeles Rams,San Francisco 49ers,betsson,totals,Over,48.5,1.87
2026-08-28T10:55,acc580d74344ea3b31bbcdd057fe6a9c,2026-09-11T00:35:00Z,Los Angeles Rams,San Francisco 49ers,betsson,totals,Under,48.5,1.83
2026-08-28T10:55,acc580d74344ea3b31bbcdd057fe6a9c,2026-09-11T00:35:00Z,Los Angeles Rams,San Francisco 49ers,nordicbet,h2h,Los Angeles Rams,,1.46
2026-08-28T10:55,acc580d74344ea3b31bbcdd057fe6a9c,2026-09-11T00:35:00Z,Los Angeles Rams,San Francisco 49ers,nordicbet,h2h,San Francisco 49ers,,2.52
2026-08-28T10:55,acc580d74344ea3b31bbcdd057fe6a9c,2026-09-11T00:35:00Z,Los Angeles Rams,San Francisco 49ers,nordicbet,spreads,Los Angeles Rams,-3.5,1.89
2026-08-28T10:55,acc580d74344ea3b31bbcdd057fe6a9c,2026-09-11T00:35:00Z,Los Angeles Rams,San Francisco 49ers,nordicbet,spreads,San Francisco 49ers,3.5,1.81
2026-08-28T10:55,acc580d74344ea3b31bbcdd057fe6a9c,2026-09-11T00:35:00Z,Los Angeles Rams,San Francisco 49ers,nordicbet,totals,Over,48.5,1.87
2026-08-28T10:55,acc580d74344ea3b31bbcdd057fe6a9c,2026-09-11T00:35:00Z,Los Angeles Rams,San Francisco 49ers,nordicbet,totals,Under,48.5,1.83
2026-08-28T10:55,acc580d74344ea3b31bbcdd057fe6a9c,2026-09-11T00:35:00Z,Los Angeles Rams,San Francisco 49ers,onexbet,spreads,Los Angeles Rams,-3.5,1.91
2026-08-28T10:55,acc580d74344ea3b31bbcdd057fe6a9c,2026-09-11T00:35:00Z,Los Angeles Rams,San Francisco 49ers,onexbet,spreads,San Francisco 49ers,3.5,1.91
2026-08-28T10:55,acc580d74344ea3b31bbcdd057fe6a9c,2026-09-11T00:35:00Z,Los Angeles Rams,San Francisco 49ers,onexbet,totals,Over,48.5,1.91
2026-08-28T10:55,acc580d74344ea3b31bbcdd057fe6a9c,2026-09-11T00:35:00Z,Los Angeles Rams,San Francisco 49ers,onexbet,totals,Under,48.5,1.91
2026-08-28T10:55,acc580d74344ea3b31bbcdd057fe6a9c,2026-09-11T00:35:00Z,Los Angeles Rams,San Francisco 49ers,betclic_fr,h2h,Los Angeles Rams,,1.48
2026-08-28T10:55,acc580d74344ea3b31bbcdd057fe6a9c,2026-09-11T00:35:00Z,Los Angeles Rams,San Francisco 49ers,betclic_fr,h2h,San Francisco 49ers,,2.5
2026-08-28T10:55,acc580d74344ea3b31bbcdd057fe6a9c,2026-09-11T00:35:00Z,Los Angeles Rams,San Francisco 49ers,tipico_de,h2h,Los Angeles Rams,,1.5
2026-08-28T10:55,acc580d74344ea3b31bbcdd057fe6a9c,2026-09-11T00:35:00Z,Los Angeles Rams,San Francisco 49ers,tipico_de,h2h,San Francisco 49ers,,2.55
2026-08-28T10:55,acc580d74344ea3b31bbcdd057fe6a9c,2026-09-11T00:35:00Z,Los Angeles Rams,San Francisco 49ers,tipico_de,spreads,Los Angeles Rams,-3.5,1.9
2026-08-28T10:55,acc580d74344ea3b31bbcdd057fe6a9c,2026-09-11T00:35:00Z,Los Angeles Rams,San Francisco 49ers,tipico_de,spreads,San Francisco 49ers,3.5,1.87
2026-08-28T10:55,acc580d74344ea3b31bbcdd057fe6a9c,2026-09-11T00:35:00Z,Los Angeles Rams,San Francisco 49ers,tipico_de,totals,Over,48.5,1.93
2026-08-28T10:55,acc580d74344ea3b31bbcdd057fe6a9c,2026-09-11T00:35:00Z,Los Angeles Rams,San Francisco 49ers,tipico_de,totals,Under,48.5,1.83
2026-08-28T10:55,acc580d74344ea3b31bbcdd057fe6a9c,2026-09-11T00:35:00Z,Los Angeles Rams,San Francisco 49ers,betonlineag,h2h,Los Angeles Rams,,1.53
2026-08-28T10:55,acc580d74344ea3b31bbcdd057fe6a9c,2026-09-11T00:35:00Z,Los Angeles Rams,San Francisco 49ers,betonlineag,h2h,San Francisco 49ers,,2.65
2026-08-28T10:55,acc580d74344ea3b31bbcdd057fe6a9c,2026-09-11T00:35:00Z,Los Angeles Rams,San Francisco 49ers,betonlineag,spreads,Los Angeles Rams,-4.0,2.0
2026-08-28T10:55,acc580d74344ea3b31bbcdd057fe6a9c,2026-09-11T00:35:00Z,Los Angeles Rams,San Francisco 49ers,betonlineag,spreads,San Francisco 49ers,4.0,1.83
2026-08-28T10:55,acc580d74344ea3b31bbcdd057fe6a9c,2026-09-11T00:35:00Z,Los Angeles Rams,San Francisco 49ers,betonlineag,totals,Over,48.0,1.91
2026-08-28T10:55,acc580d74344ea3b31bbcdd057fe6a9c,2026-09-11T00:35:00Z,Los Angeles Rams,San Francisco 49ers,betonlineag,totals,Under,48.0,1.91
2026-08-28T10:55,acc580d74344ea3b31bbcdd057fe6a9c,2026-09-11T00:35:00Z,Los Angeles Rams,San Francisco 49ers,leovegas_se,h2h,Los Angeles Rams,,1.51
2026-08-28T10:55,acc580d74344ea3b31bbcdd057fe6a9c,2026-09-11T00:35:00Z,Los Angeles Rams,San Francisco 49ers,leovegas_se,h2h,San Francisco 49ers,,2.6
2026-08-28T10:55,acc580d74344ea3b31bbcdd057fe6a9c,2026-09-11T00:35:00Z,Los Angeles Rams,San Francisco 49ers,leovegas_se,spreads,Los Angeles Rams,-3.5,1.92
2026-08-28T10:55,acc580d74344ea3b31bbcdd057fe6a9c,2026-09-11T00:35:00Z,Los Angeles Rams,San Francisco 49ers,leovegas_se,spreads,San Francisco 49ers,3.5,1.89
2026-08-28T10:55,acc580d74344ea3b31bbcdd057fe6a9c,2026-09-11T00:35:00Z,Los Angeles Rams,San Francisco 49ers,unibet_se,h2h,Los Angeles Rams,,1.53
2026-08-28T10:55,acc580d74344ea3b31bbcdd057fe6a9c,2026-09-11T00:35:00Z,Los Angeles Rams,San Francisco 49ers,unibet_se,h2h,San Francisco 49ers,,2.65
2026-08-28T10:55,acc580d74344ea3b31bbcdd057fe6a9c,2026-09-11T00:35:00Z,Los Angeles Rams,San Francisco 49ers,unibet_se,spreads,Los Angeles Rams,-3.5,1.92
2026-08-28T10:55,acc580d74344ea3b31bbcdd057fe6a9c,2026-09-11T00:35:00Z,Los Angeles Rams,San Francisco 49ers,unibet_se,spreads,San Francisco 49ers,3.5,1.89
2026-08-28T10:55,acc580d74344ea3b31bbcdd057fe6a9c,2026-09-11T00:35:00Z,Los Angeles Rams,San Francisco 49ers,unibet_nl,h2h,Los Angeles Rams,,1.51
2026-08-28T10:55,acc580d74344ea3b31bbcdd057fe6a9c,2026-09-11T00:35:00Z,Los Angeles Rams,San Francisco 49ers,unibet_nl,h2h,San Francisco 49ers,,2.6
2026-08-28T10:55,acc580d74344ea3b31bbcdd057fe6a9c,2026-09-11T00:35:00Z,Los Angeles Rams,San Francisco 49ers,unibet_nl,spreads,Los Angeles Rams,-3.5,1.92
2026-08-28T10:55,acc580d74344ea3b31bbcdd057fe6a9c,2026-09-11T00:35:00Z,Los Angeles Rams,San Francisco 49ers,unibet_nl,spreads,San Francisco 49ers,3.5,1.89
2026-08-28T10:55,acc580d74344ea3b31bbcdd057fe6a9c,2026-09-11T00:35:00Z,Los Angeles Rams,San Francisco 49ers,unibet_nl,totals,Over,48.5,1.91
2026-08-28T10:55,acc580d74344ea3b31bbcdd057fe6a9c,2026-09-11T00:35:00Z,Los Angeles Rams,San Francisco 49ers,unibet_nl,totals,Under,48.5,1.91
2026-08-28T10:55,acc580d74344ea3b31bbcdd057fe6a9c,2026-09-11T00:35:00Z,Los Angeles Rams,San Francisco 49ers,gtbets,h2h,Los Angeles Rams,,1.51
2026-08-28T10:55,acc580d74344ea3b31bbcdd057fe6a9c,2026-09-11T00:35:00Z,Los Angeles Rams,San Francisco 49ers,gtbets,h2h,San Francisco 49ers,,2.65
2026-08-28T10:55,acc580d74344ea3b31bbcdd057fe6a9c,2026-09-11T00:35:00Z,Los Angeles Rams,San Francisco 49ers,gtbets,spreads,Los Angeles Rams,-3.5,1.92
2026-08-28T10:55,acc580d74344ea3b31bbcdd057fe6a9c,2026-09-11T00:35:00Z,Los Angeles Rams,San Francisco 49ers,gtbets,spreads,San Francisco 49ers,3.5,1.92
2026-08-28T10:55,acc580d74344ea3b31bbcdd057fe6a9c,2026-09-11T00:35:00Z,Los Angeles Rams,San Francisco 49ers,gtbets,totals,Over,48.5,1.92
2026-08-28T10:55,acc580d74344ea3b31bbcdd057fe6a9c,2026-09-11T00:35:00Z,Los Angeles Rams,San Francisco 49ers,gtbets,totals,Under,48.5,1.92
2026-08-28T10:55,acc580d74344ea3b31bbcdd057fe6a9c,2026-09-11T00:35:00Z,Los Angeles Rams,San Francisco 49ers,pinnacle,h2h,Los Angeles Rams,,1.53
2026-08-28T10:55,acc580d74344ea3b31bbcdd057fe6a9c,2026-09-11T00:35:00Z,Los Angeles Rams,San Francisco 49ers,pinnacle,h2h,San Francisco 49ers,,2.63
2026-08-28T10:55,acc580d74344ea3b31bbcdd057fe6a9c,2026-09-11T00:35:00Z,Los Angeles Rams,San Francisco 49ers,pinnacle,spreads,Los Angeles Rams,-3.0,1.8
2026-08-28T10:55,acc580d74344ea3b31bbcdd057fe6a9c,2026-09-11T00:35:00Z,Los Angeles Rams,San Francisco 49ers,pinnacle,spreads,San Francisco 49ers,3.0,2.11
2026-08-28T10:55,acc580d74344ea3b31bbcdd057fe6a9c,2026-09-11T00:35:00Z,Los Angeles Rams,San Francisco 49ers,pinnacle,totals,Over,48.5,1.95
2026-08-28T10:55,acc580d74344ea3b31bbcdd057fe6a9c,2026-09-11T00:35:00Z,Los Angeles Rams,San Francisco 49ers,pinnacle,totals,Under,48.5,1.9
2026-08-28T10:55,acc580d74344ea3b31bbcdd057fe6a9c,2026-09-11T00:35:00Z,Los Angeles Rams,San Francisco 49ers,marathonbet,h2h,Los Angeles Rams,,1.66
2026-08-28T10:55,acc580d74344ea3b31bbcdd057fe6a9c,2026-09-11T00:35:00Z,Los Angeles Rams,San Francisco 49ers,marathonbet,h2h,San Francisco 49ers,,2.19
2026-08-28T10:55,acc580d74344ea3b31bbcdd057fe6a9c,2026-09-11T00:35:00Z,Los Angeles Rams,San Francisco 49ers,mybookieag,h2h,Los Angeles Rams,,1.5
2026-08-28T10:55,acc580d74344ea3b31bbcdd057fe6a9c,2026-09-11T00:35:00Z,Los Angeles Rams,San Francisco 49ers,mybookieag,h2h,San Francisco 49ers,,2.55
2026-08-28T10:55,acc580d74344ea3b31bbcdd057fe6a9c,2026-09-11T00:35:00Z,Los Angeles Rams,San Francisco 49ers,mybookieag,totals,Over,48.0,1.91
2026-08-28T10:55,acc580d74344ea3b31bbcdd057fe6a9c,2026-09-11T00:35:00Z,Los Angeles Rams,San Francisco 49ers,mybookieag,totals,Under,48.0,1.91
2026-08-28T10:55,acc580d74344ea3b31bbcdd057fe6a9c,2026-09-11T00:35:00Z,Los Angeles Rams,San Francisco 49ers,coolbet,h2h,Los Angeles Rams,,1.5
2026-08-28T10:55,acc580d74344ea3b31bbcdd057fe6a9c,2026-09-11T00:35:00Z,Los Angeles Rams,San Francisco 49ers,coolbet,h2h,San Francisco 49ers,,2.54
2026-08-28T10:55,acc580d74344ea3b31bbcdd057fe6a9c,2026-09-11T00:35:00Z,Los Angeles Rams,San Francisco 49ers,coolbet,spreads,Los Angeles Rams,-3.5,1.97
2026-08-28T10:55,acc580d74344ea3b31bbcdd057fe6a9c,2026-09-11T00:35:00Z,Los Angeles Rams,San Francisco 49ers,coolbet,spreads,San Francisco 49ers,3.5,1.88
2026-08-28T10:55,acc580d74344ea3b31bbcdd057fe6a9c,2026-09-11T00:35:00Z,Los Angeles Rams,San Francisco 49ers,coolbet,totals,Over,48.5,1.93
2026-08-28T10:55,acc580d74344ea3b31bbcdd057fe6a9c,2026-09-11T00:35:00Z,Los Angeles Rams,San Francisco 49ers,coolbet,totals,Under,48.5,1.91
2026-08-28T10:55,acc580d74344ea3b31bbcdd057fe6a9c,2026-09-11T00:35:00Z,Los Angeles Rams,San Francisco 49ers,betfair_ex_eu,h2h,Los Angeles Rams,,1.52
2026-08-28T10:55,acc580d74344ea3b31bbcdd057fe6a9c,2026-09-11T00:35:00Z,Los Angeles Rams,San Francisco 49ers,betfair_ex_eu,h2h,San Francisco 49ers,,2.5
2026-08-28T10:55,acc580d74344ea3b31bbcdd057fe6a9c,2026-09-11T00:35:00Z,Los Angeles Rams,San Francisco 49ers,betfair_ex_eu,h2h_lay,Los Angeles Rams,,1.67
2026-08-28T10:55,acc580d74344ea3b31bbcdd057fe6a9c,2026-09-11T00:35:00Z,Los Angeles Rams,San Francisco 49ers,betfair_ex_eu,h2h_lay,San Francisco 49ers,,2.94
2026-08-28T10:55,acc580d74344ea3b31bbcdd057fe6a9c,2026-09-11T00:35:00Z,Los Angeles Rams,San Francisco 49ers,everygame,h2h,Los Angeles Rams,,1.53
2026-08-28T10:55,acc580d74344ea3b31bbcdd057fe6a9c,2026-09-11T00:35:00Z,Los Angeles Rams,San Francisco 49ers,everygame,h2h,San Francisco 49ers,,2.65
2026-08-28T10:55,acc580d74344ea3b31bbcdd057fe6a9c,2026-09-11T00:35:00Z,Los Angeles Rams,San Francisco 49ers,everygame,spreads,Los Angeles Rams,-3.5,1.87
2026-08-28T10:55,acc580d74344ea3b31bbcdd057fe6a9c,2026-09-11T00:35:00Z,Los Angeles Rams,San Francisco 49ers,everygame,spreads,San Francisco 49ers,3.5,1.95
2026-08-28T10:55,acc580d74344ea3b31bbcdd057fe6a9c,2026-09-11T00:35:00Z,Los Angeles Rams,San Francisco 49ers,everygame,totals,Over,48.0,1.91
2026-08-28T10:55,acc580d74344ea3b31bbcdd057fe6a9c,2026-09-11T00:35:00Z,Los Angeles Rams,San Francisco 49ers,everygame,totals,Under,48.0,1.91
2026-08-28T10:55,95c01d1bb797d6df14824b106c5a9130,2026-09-13T17:00:00Z,Pittsburgh Steelers,Atlanta Falcons,unibet_se,h2h,Atlanta Falcons,,2.38
2026-08-28T10:55,95c01d1bb797d6df14824b106c5a9130,2026-09-13T17:00:00Z,Pittsburgh Steelers,Atlanta Falcons,unibet_se,h2h,Pittsburgh Steelers,,1.6
2026-08-28T10:55,95c01d1bb797d6df14824b106c5a9130,2026-09-13T17:00:00Z,Pittsburgh Steelers,Atlanta Falcons,unibet_se,spreads,Atlanta Falcons,3.0,1.91
2026-08-28T10:55,95c01d1bb797d6df14824b106c5a9130,2026-09-13T17:00:00Z,Pittsburgh Steelers,Atlanta Falcons,unibet_se,spreads,Pittsburgh Steelers,-3.0,1.91
2026-08-28T10:55,95c01d1bb797d6df14824b106c5a9130,2026-09-13T17:00:00Z,Pittsburgh Steelers,Atlanta Falcons,betonlineag,h2h,Atlanta Falcons,,2.4
2026-08-28T10:55,95c01d1bb797d6df14824b106c5a9130,2026-09-13T17:00:00Z,Pittsburgh Steelers,Atlanta Falcons,betonlineag,h2h,Pittsburgh Steelers,,1.62
2026-08-28T10:55,95c01d1bb797d6df14824b106c5a9130,2026-09-13T17:00:00Z,Pittsburgh Steelers,Atlanta Falcons,betonlineag,spreads,Atlanta Falcons,3.0,1.95
2026-08-28T10:55,95c01d1bb797d6df14824b106c5a9130,2026-09-13T17:00:00Z,Pittsburgh Steelers,Atlanta Falcons,betonlineag,spreads,Pittsburgh Steelers,-3.0,1.87
2026-08-28T10:55,95c01d1bb797d6df14824b106c5a9130,2026-09-13T17:00:00Z,Pittsburgh Steelers,Atlanta Falcons,betonlineag,totals,Over,42.5,1.91
2026-08-28T10:55,95c01d1bb797d6df14824b106c5a9130,2026-09-13T17:00:00Z,Pittsburgh Steelers,Atlanta Falcons,betonlineag,totals,Under,42.5,1.91
2026-08-28T10:55,95c01d1bb797d6df14824b106c5a9130,2026-09-13T17:00:00Z,Pittsburgh Steelers,Atlanta Falcons,leovegas_se,h2h,Atlanta Falcons,,2.38
2026-08-28T10:55,95c01d1bb797d6df14824b106c5a9130,2026-09-13T17:00:00Z,Pittsburgh Steelers,Atlanta Falcons,leovegas_se,h2h,Pittsburgh Steelers,,1.6
2026-08-28T10:55,95c01d1bb797d6df14824b106c5a9130,2026-09-13T17:00:00Z,Pittsburgh Steelers,Atlanta Falcons,leovegas_se,spreads,Atlanta Falcons,3.0,1.91
2026-08-28T10:55,95c01d1bb797d6df14824b106c5a9130,2026-09-13T17:00:00Z,Pittsburgh Steelers,Atlanta Falcons,leovegas_se,spreads,Pittsburgh Steelers,-3.0,1.91
2026-08-28T10:55,95c01d1bb797d6df14824b106c5a9130,2026-09-13T17:00:00Z,Pittsburgh Steelers,Atlanta Falcons,unibet_nl,h2h,Atlanta Falcons,,2.38
2026-08-28T10:55,95c01d1bb797d6df14824b106c5a9130,2026-09-13T17:00:00Z,Pittsburgh Steelers,Atlanta Falcons,unibet_nl,h2h,Pittsburgh Steelers,,1.6
2026-08-28T10:55,95c01d1bb797d6df14824b106c5a9130,2026-09-13T17:00:00Z,Pittsburgh Steelers,Atlanta Falcons,unibet_nl,spreads,Atlanta Falcons,3.0,1.91
2026-08-28T10:55,95c01d1bb797d6df14824b106c5a9130,2026-09-13T17:00:00Z,Pittsburgh Steelers,Atlanta Falcons,unibet_nl,spreads,Pittsburgh Steelers,-3.0,1.91
2026-08-28T10:55,95c01d1bb797d6df14824b106c5a9130,2026-09-13T17:00:00Z,Pittsburgh Steelers,Atlanta Falcons,unibet_nl,totals,Over,41.5,1.89
2026-08-28T10:55,95c01d1bb797d6df14824b106c5a9130,2026-09-13T17:00:00Z,Pittsburgh Steelers,Atlanta Falcons,unibet_nl,totals,Under,41.5,1.92
2026-08-28T10:55,95c01d1bb797d6df14824b106c5a9130,2026-09-13T17:00:00Z,Pittsburgh Steelers,Atlanta Falcons,nordicbet,h2h,Atlanta Falcons,,2.33
2026-08-28T10:55,95c01d1bb797d6df14824b106c5a9130,2026-09-13T17:00:00Z,Pittsburgh Steelers,Atlanta Falcons,nordicbet,h2h,Pittsburgh Steelers,,1.53
2026-08-28T10:55,95c01d1bb797d6df14824b106c5a9130,2026-09-13T17:00:00Z,Pittsburgh Steelers,Atlanta Falcons,nordicbet,spreads,Atlanta Falcons,3.0,1.86
2026-08-28T10:55,95c01d1bb797d6df14824b106c5a9130,2026-09-13T17:00:00Z,Pittsburgh Steelers,Atlanta Falcons,nordicbet,spreads,Pittsburgh Steelers,-3.0,1.84
2026-08-28T10:55,95c01d1bb797d6df14824b106c5a9130,2026-09-13T17:00:00Z,Pittsburgh Steelers,Atlanta Falcons,nordicbet,totals,Over,42.0,1.85
2026-08-28T10:55,95c01d1bb797d6df14824b106c5a9130,2026-09-13T17:00:00Z,Pittsburgh Steelers,Atlanta Falcons,nordicbet,totals,Under,42.0,1.85
2026-08-28T10:55,95c01d1bb797d6df14824b106c5a9130,2026-09-13T17:00:00Z,Pittsburgh Steelers,Atlanta Falcons,betsson,h2h,Atlanta Falcons,,2.33
2026-08-28T10:55,95c01d1bb797d6df14824b106c5a9130,2026-09-13T17:00:00Z,Pittsburgh Steelers,Atlanta Falcons,betsson,h2h,Pittsburgh Steelers,,1.53
2026-08-28T10:55,95c01d1bb797d6df14824b106c5a9130,2026-09-13T17:00:00Z,Pittsburgh Steelers,Atlanta Falcons,betsson,spreads,Atlanta Falcons,3.0,1.86
2026-08-28T10:55,95c01d1bb797d6df14824b106c5a9130,2026-09-13T17:00:00Z,Pittsburgh Steelers,Atlanta Falcons,betsson,spreads,Pittsburgh Steelers,-3.0,1.84
2026-08-28T10:55,95c01d1bb797d6df14824b106c5a9130,2026-09-13T17:00:00Z,Pittsburgh Steelers,Atlanta Falcons,betsson,totals,Over,42.0,1.85
2026-08-28T10:55,95c01d1bb797d6df14824b106c5a9130,2026-09-13T17:00:00Z,Pittsburgh Steelers,Atlanta Falcons,betsson,totals,Under,42.0,1.85
2026-08-28T10:55,95c01d1bb797d6df14824b106c5a9130,2026-09-13T17:00:00Z,Pittsburgh Steelers,Atlanta Falcons,gtbets,h2h,Atlanta Falcons,,2.4
2026-08-28T10:55,95c01d1bb797d6df14824b106c5a9130,2026-09-13T17:00:00Z,Pittsburgh Steelers,Atlanta Falcons,gtbets,h2h,Pittsburgh Steelers,,1.61
2026-08-28T10:55,95c01d1bb797d6df14824b106c5a9130,2026-09-13T17:00:00Z,Pittsburgh Steelers,Atlanta Falcons,gtbets,spreads,Atlanta Falcons,3.0,1.96
2026-08-28T10:55,95c01d1bb797d6df14824b106c5a9130,2026-09-13T17:00:00Z,Pittsburgh Steelers,Atlanta Falcons,gtbets,spreads,Pittsburgh Steelers,-3.0,1.88
2026-08-28T10:55,95c01d1bb797d6df14824b106c5a9130,2026-09-13T17:00:00Z,Pittsburgh Steelers,Atlanta Falcons,gtbets,totals,Over,42.5,1.92
2026-08-28T10:55,95c01d1bb797d6df14824b106c5a9130,2026-09-13T17:00:00Z,Pittsburgh Steelers,Atlanta Falcons,gtbets,totals,Under,42.5,1.92
2026-08-28T10:55,95c01d1bb797d6df14824b106c5a9130,2026-09-13T17:00:00Z,Pittsburgh Steelers,Atlanta Falcons,betclic_fr,h2h,Atlanta Falcons,,2.3
2026-08-28T10:55,95c01d1bb797d6df14824b106c5a9130,2026-09-13T17:00:00Z,Pittsburgh Steelers,Atlanta Falcons,betclic_fr,h2h,Pittsburgh Steelers,,1.58
2026-08-28T10:55,95c01d1bb797d6df14824b106c5a9130,2026-09-13T17:00:00Z,Pittsburgh Steelers,Atlanta Falcons,tipico_de,h2h,Atlanta Falcons,,2.3
2026-08-28T10:55,95c01d1bb797d6df14824b106c5a9130,2026-09-13T17:00:00Z,Pittsburgh Steelers,Atlanta Falcons,tipico_de,h2h,Pittsburgh Steelers,,1.6
2026-08-28T10:55,95c01d1bb797d6df14824b106c5a9130,2026-09-13T17:00:00Z,Pittsburgh Steelers,Atlanta Falcons,tipico_de,spreads,Atlanta Falcons,3.5,1.8
2026-08-28T10:55,95c01d1bb797d6df14824b106c5a9130,2026-09-13T17:00:00Z,Pittsburgh Steelers,Atlanta Falcons,tipico_de,spreads,Pittsburgh Steelers,-3.5,1.97
2026-08-28T10:55,95c01d1bb797d6df14824b106c5a9130,2026-09-13T17:00:00Z,Pittsburgh Steelers,Atlanta Falcons,tipico_de,totals,Over,42.5,1.87
2026-08-28T10:55,95c01d1bb797d6df14824b106c5a9130,2026-09-13T17:00:00Z,Pittsburgh Steelers,Atlanta Falcons,tipico_de,totals,Under,42.5,1.9
2026-08-28T10:55,95c01d1bb797d6df14824b106c5a9130,2026-09-13T17:00:00Z,Pittsburgh Steelers,Atlanta Falcons,onexbet,spreads,Atlanta Falcons,3.5,1.83
2026-08-28T10:55,95c01d1bb797d6df14824b106c5a9130,2026-09-13T17:00:00Z,Pittsburgh Steelers,Atlanta Falcons,onexbet,spreads,Pittsburgh Steelers,-3.5,2.0
2026-08-28T10:55,95c01d1bb797d6df14824b106c5a9130,2026-09-13T17:00:00Z,Pittsburgh Steelers,Atlanta Falcons,onexbet,totals,Over,42.5,1.91
2026-08-28T10:55,95c01d1bb797d6df14824b106c5a9130,2026-09-13T17:00:00Z,Pittsburgh Steelers,Atlanta Falcons,onexbet,totals,Under,42.5,1.91
2026-08-28T10:55,95c01d1bb797d6df14824b106c5a9130,2026-09-13T17:00:00Z,Pittsburgh Steelers,Atlanta Falcons,pinnacle,h2h,Atlanta Falcons,,2.5
2026-08-28T10:55,95c01d1bb797d6df14824b106c5a9130,2026-09-13T17:00:00Z,Pittsburgh Steelers,Atlanta Falcons,pinnacle,h2h,Pittsburgh Steelers,,1.59
2026-08-28T10:55,95c01d1bb797d6df14824b106c5a9130,2026-09-13T17:00:00Z,Pittsburgh Steelers,Atlanta Falcons,pinnacle,spreads,Atlanta Falcons,3.0,2.02
2026-08-28T10:55,95c01d1bb797d6df14824b106c5a9130,2026-09-13T17:00:00Z,Pittsburgh Steelers,Atlanta Falcons,pinnacle,spreads,Pittsburgh Steelers,-3.0,1.88
2026-08-28T10:55,95c01d1bb797d6df14824b106c5a9130,2026-09-13T17:00:00Z,Pittsburgh Steelers,Atlanta Falcons,pinnacle,totals,Over,41.5,1.83
2026-08-28T10:55,95c01d1bb797d6df14824b106c5a9130,2026-09-13T17:00:00Z,Pittsburgh Steelers,Atlanta Falcons,pinnacle,totals,Under,41.5,2.04
2026-08-28T10:55,95c01d1bb797d6df14824b106c5a9130,2026-09-13T17:00:00Z,Pittsburgh Steelers,Atlanta Falcons,marathonbet,h2h,Atlanta Falcons,,2.21
2026-08-28T10:55,95c01d1bb797d6df14824b106c5a9130,2026-09-13T17:00:00Z,Pittsburgh Steelers,Atlanta Falcons,marathonbet,h2h,Pittsburgh Steelers,,1.65
2026-08-28T10:55,95c01d1bb797d6df14824b106c5a9130,2026-09-13T17:00:00Z,Pittsburgh Steelers,Atlanta Falcons,mybookieag,h2h,Atlanta Falcons,,2.34
2026-08-28T10:55,95c01d1bb797d6df14824b106c5a9130,2026-09-13T17:00:00Z,Pittsburgh Steelers,Atlanta Falcons,mybookieag,h2h,Pittsburgh Steelers,,1.58
2026-08-28T10:55,95c01d1bb797d6df14824b106c5a9130,2026-09-13T17:00:00Z,Pittsburgh Steelers,Atlanta Falcons,mybookieag,spreads,Atlanta Falcons,3.0,1.91
2026-08-28T10:55,95c01d1bb797d6df14824b106c5a9130,2026-09-13T17:00:00Z,Pittsburgh Steelers,Atlanta Falcons,mybookieag,spreads,Pittsburgh Steelers,-3.0,1.91
2026-08-28T10:55,95c01d1bb797d6df14824b106c5a9130,2026-09-13T17:00:00Z,Pittsburgh Steelers,Atlanta Falcons,mybookieag,totals,Over,42.5,1.91
2026-08-28T10:55,95c01d1bb797d6df14824b106c5a9130,2026-09-13T17:00:00Z,Pittsburgh Steelers,Atlanta Falcons,mybookieag,totals,Under,42.5,1.91
2026-08-28T10:55,95c01d1bb797d6df14824b106c5a9130,2026-09-13T17:00:00Z,Pittsburgh Steelers,Atlanta Falcons,coolbet,h2h,Atlanta Falcons,,2.39
2026-08-28T10:55,95c01d1bb797d6df14824b106c5a9130,2026-09-13T17:00:00Z,Pittsburgh Steelers,Atlanta Falcons,coolbet,h2h,Pittsburgh Steelers,,1.56
2026-08-28T10:55,95c01d1bb797d6df14824b106c5a9130,2026-09-13T17:00:00Z,Pittsburgh Steelers,Atlanta Falcons,coolbet,spreads,Atlanta Falcons,3.0,1.93
2026-08-28T10:55,95c01d1bb797d6df14824b106c5a9130,2026-09-13T17:00:00Z,Pittsburgh Steelers,Atlanta Falcons,coolbet,spreads,Pittsburgh Steelers,-3.0,1.91
2026-08-28T10:55,95c01d1bb797d6df14824b106c5a9130,2026-09-13T17:00:00Z,Pittsburgh Steelers,Atlanta Falcons,coolbet,totals,Over,42.0,1.91
2026-08-28T10:55,95c01d1bb797d6df14824b106c5a9130,2026-09-13T17:00:00Z,Pittsburgh Steelers,Atlanta Falcons,coolbet,totals,Under,42.0,1.93
2026-08-28T10:55,95c01d1bb797d6df14824b106c5a9130,2026-09-13T17:00:00Z,Pittsburgh Steelers,Atlanta Falcons,betfair_ex_eu,h2h,Atlanta Falcons,,2.24
2026-08-28T10:55,95c01d1bb797d6df14824b106c5a9130,2026-09-13T17:00:00Z,Pittsburgh Steelers,Atlanta Falcons,betfair_ex_eu,h2h,Pittsburgh Steelers,,1.52
2026-08-28T10:55,95c01d1bb797d6df14824b106c5a9130,2026-09-13T17:00:00Z,Pittsburgh Steelers,Atlanta Falcons,betfair_ex_eu,h2h_lay,Atlanta Falcons,,2.92
2026-08-28T10:55,95c01d1bb797d6df14824b106c5a9130,2026-09-13T17:00:00Z,Pittsburgh Steelers,Atlanta Falcons,betfair_ex_eu,h2h_lay,Pittsburgh Steelers,,1.8
2026-08-28T10:55,95c01d1bb797d6df14824b106c5a9130,2026-09-13T17:00:00Z,Pittsburgh Steelers,Atlanta Falcons,everygame,h2h,Atlanta Falcons,,2.4
2026-08-28T10:55,95c01d1bb797d6df14824b106c5a9130,2026-09-13T17:00:00Z,Pittsburgh Steelers,Atlanta Falcons,everygame,h2h,Pittsburgh Steelers,,1.62
2026-08-28T10:55,95c01d1bb797d6df14824b106c5a9130,2026-09-13T17:00:00Z,Pittsburgh Steelers,Atlanta Falcons,everygame,spreads,Atlanta Falcons,3.0,1.95
2026-08-28T10:55,95c01d1bb797d6df14824b106c5a9130,2026-09-13T17:00:00Z,Pittsburgh Steelers,Atlanta Falcons,everygame,spreads,Pittsburgh Steelers,-3.0,1.87
2026-08-28T10:55,95c01d1bb797d6df14824b106c5a9130,2026-09-13T17:00:00Z,Pittsburgh Steelers,Atlanta Falcons,everygame,totals,Over,42.5,1.91
2026-08-28T10:55,95c01d1bb797d6df14824b106c5a9130,2026-09-13T17:00:00Z,Pittsburgh Steelers,Atlanta Falcons,everygame,totals,Under,42.5,1.91
2026-08-28T10:55,b6cfdcbafa61ce220ba87dc2d9b80c77,2026-09-13T17:00:00Z,Indianapolis Colts,Baltimore Ravens,unibet_nl,h2h,Baltimore Ravens,,1.5
2026-08-28T10:55,b6cfdcbafa61ce220ba87dc2d9b80c77,2026-09-13T17:00:00Z,Indianapolis Colts,Baltimore Ravens,unibet_nl,h2h,Indianapolis Colts,,2.6
2026-08-28T10:55,b6cfdcbafa61ce220ba87dc2d9b80c77,2026-09-13T17:00:00Z,Indianapolis Colts,Baltimore Ravens,unibet_nl,spreads,Baltimore Ravens,-3.5,1.89
2026-08-28T10:55,b6cfdcbafa61ce220ba87dc2d9b80c77,2026-09-13T17:00:00Z,Indianapolis Colts,Baltimore Ravens,unibet_nl,spreads,Indianapolis Colts,3.5,1.92
2026-08-28T10:55,b6cfdcbafa61ce220ba87dc2d9b80c77,2026-09-13T17:00:00Z,Indianapolis Colts,Baltimore Ravens,unibet_nl,totals,Over,48.5,1.92
2026-08-28T10:55,b6cfdcbafa61ce220ba87dc2d9b80c77,2026-09-13T17:00:00Z,Indianapolis Colts,Baltimore Ravens,unibet_nl,totals,Under,48.5,1.89
2026-08-28T10:55,b6cfdcbafa61ce220ba87dc2d9b80c77,2026-09-13T17:00:00Z,Indianapolis Colts,Baltimore Ravens,leovegas_se,h2h,Baltimore Ravens,,1.5
2026-08-28T10:55,b6cfdcbafa61ce220ba87dc2d9b80c77,2026-09-13T17:00:00Z,Indianapolis Colts,Baltimore Ravens,leovegas_se,h2h,Indianapolis Colts,,2.6
2026-08-28T10:55,b6cfdcbafa61ce220ba87dc2d9b80c77,2026-09-13T17:00:00Z,Indianapolis Colts,Baltimore Ravens,leovegas_se,spreads,Baltimore Ravens,-3.5,1.89
2026-08-28T10:55,b6cfdcbafa61ce220ba87dc2d9b80c77,2026-09-13T17:00:00Z,Indianapolis Colts,Baltimore Ravens,leovegas_se,spreads,Indianapolis Colts,3.5,1.92
2026-08-28T10:55,b6cfdcbafa61ce220ba87dc2d9b80c77,2026-09-13T17:00:00Z,Indianapolis Colts,Baltimore Ravens,betonlineag,h2h,Baltimore Ravens,,1.56
2026-08-28T10:55,b6cfdcbafa61ce220ba87dc2d9b80c77,2026-09-13T17:00:00Z,Indianapolis Colts,Baltimore Ravens,betonlineag,h2h,Indianapolis Colts,,2.57
2026-08-28T10:55,b6cfdcbafa61ce220ba87dc2d9b80c77,2026-09-13T17:00:00Z,Indianapolis Colts,Baltimore Ravens,betonlineag,spreads,Baltimore Ravens,-3.5,1.97
2026-08-28T10:55,b6cfdcbafa61ce220ba87dc2d9b80c77,2026-09-13T17:00:00Z,Indianapolis Colts,Baltimore Ravens,betonlineag,spreads,Indianapolis Colts,3.5,1.85
2026-08-28T10:55,b6cfdcbafa61ce220ba87dc2d9b80c77,2026-09-13T17:00:00Z,Indianapolis Colts,Baltimore Ravens,betonlineag,totals,Over,48.0,1.95
2026-08-28T10:55,b6cfdcbafa61ce220ba87dc2d9b80c77,2026-09-13T17:00:00Z,Indianapolis Colts,Baltimore Ravens,betonlineag,totals,Under,48.0,1.87
2026-08-28T10:55,b6cfdcbafa61ce220ba87dc2d9b80c77,2026-09-13T17:00:00Z,Indianapolis Colts,Baltimore Ravens,unibet_se,h2h,Baltimore Ravens,,1.5
2026-08-28T10:55,b6cfdcbafa61ce220ba87dc2d9b80c77,2026-09-13T17:00:00Z,Indianapolis Colts,Baltimore Ravens,unibet_se,h2h,Indianapolis Colts,,2.6
2026-08-28T10:55,b6cfdcbafa61ce220ba87dc2d9b80c77,2026-09-13T17:00:00Z,Indianapolis Colts,Baltimore Ravens,unibet_se,spreads,Baltimore Ravens,-3.5,1.89
2026-08-28T10:55,b6cfdcbafa61ce220ba87dc2d9b80c77,2026-09-13T17:00:00Z,Indianapolis Colts,Baltimore Ravens,unibet_se,spreads,Indianapolis Colts,3.5,1.92
2026-08-28T10:55,b6cfdcbafa61ce220ba87dc2d9b80c77,2026-09-13T17:00:00Z,Indianapolis Colts,Baltimore Ravens,betclic_fr,h2h,Baltimore Ravens,,1.52
2026-08-28T10:55,b6cfdcbafa61ce220ba87dc2d9b80c77,2026-09-13T17:00:00Z,Indianapolis Colts,Baltimore Ravens,betclic_fr,h2h,Indianapolis Colts,,2.45
2026-08-28T10:55,b6cfdcbafa61ce220ba87dc2d9b80c77,2026-09-13T17:00:00Z,Indianapolis Colts,Baltimore Ravens,tipico_de,h2h,Baltimore Ravens,,1.5
2026-08-28T10:55,b6cfdcbafa61ce220ba87dc2d9b80c77,2026-09-13T17:00:00Z,Indianapolis Colts,Baltimore Ravens,tipico_de,h2h,Indianapolis Colts,,2.55
2026-08-28T10:55,b6cfdcbafa61ce220ba87dc2d9b80c77,2026-09-13T17:00:00Z,Indianapolis Colts,Baltimore Ravens,tipico_de,spreads,Baltimore Ravens,-3.5,1.93
2026-08-28T10:55,b6cfdcbafa61ce220ba87dc2d9b80c77,2026-09-13T17:00:00Z,Indianapolis Colts,Baltimore Ravens,tipico_de,spreads,Indianapolis Colts,3.5,1.83
2026-08-28T10:55,b6cfdcbafa61ce220ba87dc2d9b80c77,2026-09-13T17:00:00Z,Indianapolis Colts,Baltimore Ravens,tipico_de,totals,Over,48.5,1.93
2026-08-28T10:55,b6cfdcbafa61ce220ba87dc2d9b80c77,2026-09-13T17:00:00Z,Indianapolis Colts,Baltimore Ravens,tipico_de,totals,Under,48.5,1.83
2026-08-28T10:55,b6cfdcbafa61ce220ba87dc2d9b80c77,2026-09-13T17:00:00Z,Indianapolis Colts,Baltimore Ravens,gtbets,h2h,Baltimore Ravens,,1.54
2026-08-28T10:55,b6cfdcbafa61ce220ba87dc2d9b80c77,2026-09-13T17:00:00Z,Indianapolis Colts,Baltimore Ravens,gtbets,h2h,Indianapolis Colts,,2.55
2026-08-28T10:55,b6cfdcbafa61ce220ba87dc2d9b80c77,2026-09-13T17:00:00Z,Indianapolis Colts,Baltimore Ravens,gtbets,spreads,Baltimore Ravens,-3.5,1.96
2026-08-28T10:55,b6cfdcbafa61ce220ba87dc2d9b80c77,2026-09-13T17:00:00Z,Indianapolis Colts,Baltimore Ravens,gtbets,spreads,Indianapolis Colts,3.5,1.88
2026-08-28T10:55,b6cfdcbafa61ce220ba87dc2d9b80c77,2026-09-13T17:00:00Z,Indianapolis Colts,Baltimore Ravens,gtbets,totals,Over,48.0,1.92
2026-08-28T10:55,b6cfdcbafa61ce220ba87dc2d9b80c77,2026-09-13T17:00:00Z,Indianapolis Colts,Baltimore Ravens,gtbets,totals,Under,48.0,1.92
2026-08-28T10:55,b6cfdcbafa61ce220ba87dc2d9b80c77,2026-09-13T17:00:00Z,Indianapolis Colts,Baltimore Ravens,betsson,h2h,Baltimore Ravens,,1.48
2026-08-28T10:55,b6cfdcbafa61ce220ba87dc2d9b80c77,2026-09-13T17:00:00Z,Indianapolis Colts,Baltimore Ravens,betsson,h2h,Indianapolis Colts,,2.45
2026-08-28T10:55,b6cfdcbafa61ce220ba87dc2d9b80c77,2026-09-13T17:00:00Z,Indianapolis Colts,Baltimore Ravens,betsson,spreads,Baltimore Ravens,-3.5,1.93
2026-08-28T10:55,b6cfdcbafa61ce220ba87dc2d9b80c77,2026-09-13T17:00:00Z,Indianapolis Colts,Baltimore Ravens,betsson,spreads,Indianapolis Colts,3.5,1.78
2026-08-28T10:55,b6cfdcbafa61ce220ba87dc2d9b80c77,2026-09-13T17:00:00Z,Indianapolis Colts,Baltimore Ravens,betsson,totals,Over,48.0,1.83
2026-08-28T10:55,b6cfdcbafa61ce220ba87dc2d9b80c77,2026-09-13T17:00:00Z,Indianapolis Colts,Baltimore Ravens,betsson,totals,Under,48.0,1.87
2026-08-28T10:55,b6cfdcbafa61ce220ba87dc2d9b80c77,2026-09-13T17:00:00Z,Indianapolis Colts,Baltimore Ravens,nordicbet,h2h,Baltimore Ravens,,1.48
2026-08-28T10:55,b6cfdcbafa61ce220ba87dc2d9b80c77,2026-09-13T17:00:00Z,Indianapolis Colts,Baltimore Ravens,nordicbet,h2h,Indianapolis Colts,,2.45
2026-08-28T10:55,b6cfdcbafa61ce220ba87dc2d9b80c77,2026-09-13T17:00:00Z,Indianapolis Colts,Baltimore Ravens,nordicbet,spreads,Baltimore Ravens,-3.5,1.93
2026-08-28T10:55,b6cfdcbafa61ce220ba87dc2d9b80c77,2026-09-13T17:00:00Z,Indianapolis Colts,Baltimore Ravens,nordicbet,spreads,Indianapolis Colts,3.5,1.78
2026-08-28T10:55,b6cfdcbafa61ce220ba87dc2d9b80c77,2026-09-13T17:00:00Z,Indianapolis Colts,Baltimore Ravens,nordicbet,totals,Over,48.0,1.83
2026-08-28T10:55,b6cfdcbafa61ce220ba87dc2d9b80c77,2026-09-13T17:00:00Z,Indianapolis Colts,Baltimore Ravens,nordicbet,totals,Under,48.0,1.87
2026-08-28T10:55,b6cfdcbafa61ce220ba87dc2d9b80c77,2026-09-13T17:00:00Z,Indianapolis Colts,Baltimore Ravens,onexbet,spreads,Baltimore Ravens,-3.5,1.95
2026-08-28T10:55,b6cfdcbafa61ce220ba87dc2d9b80c77,2026-09-13T17:00:00Z,Indianapolis Colts,Baltimore Ravens,onexbet,spreads,Indianapolis Colts,3.5,1.87
2026-08-28T10:55,b6cfdcbafa61ce220ba87dc2d9b80c77,2026-09-13T17:00:00Z,Indianapolis Colts,Baltimore Ravens,onexbet,totals,Over,48.5,1.91
2026-08-28T10:55,b6cfdcbafa61ce220ba87dc2d9b80c77,2026-09-13T17:00:00Z,Indianapolis Colts,Baltimore Ravens,onexbet,totals,Under,48.5,1.91
2026-08-28T10:55,b6cfdcbafa61ce220ba87dc2d9b80c77,2026-09-13T17:00:00Z,Indianapolis Colts,Baltimore Ravens,pinnacle,h2h,Baltimore Ravens,,1.57
2026-08-28T10:55,b6cfdcbafa61ce220ba87dc2d9b80c77,2026-09-13T17:00:00Z,Indianapolis Colts,Baltimore Ravens,pinnacle,h2h,Indianapolis Colts,,2.54
2026-08-28T10:55,b6cfdcbafa61ce220ba87dc2d9b80c77,2026-09-13T17:00:00Z,Indianapolis Colts,Baltimore Ravens,pinnacle,spreads,Baltimore Ravens,-3.5,2.04
2026-08-28T10:55,b6cfdcbafa61ce220ba87dc2d9b80c77,2026-09-13T17:00:00Z,Indianapolis Colts,Baltimore Ravens,pinnacle,spreads,Indianapolis Colts,3.5,1.86
2026-08-28T10:55,b6cfdcbafa61ce220ba87dc2d9b80c77,2026-09-13T17:00:00Z,Indianapolis Colts,Baltimore Ravens,pinnacle,totals,Over,47.5,1.9
2026-08-28T10:55,b6cfdcbafa61ce220ba87dc2d9b80c77,2026-09-13T17:00:00Z,Indianapolis Colts,Baltimore Ravens,pinnacle,totals,Under,47.5,1.95
2026-08-28T10:55,b6cfdcbafa61ce220ba87dc2d9b80c77,2026-09-13T17:00:00Z,Indianapolis Colts,Baltimore Ravens,marathonbet,h2h,Baltimore Ravens,,1.53
2026-08-28T10:55,b6cfdcbafa61ce220ba87dc2d9b80c77,2026-09-13T17:00:00Z,Indianapolis Colts,Baltimore Ravens,marathonbet,h2h,Indianapolis Colts,,2.47
2026-08-28T10:55,b6cfdcbafa61ce220ba87dc2d9b80c77,2026-09-13T17:00:00Z,Indianapolis Colts,Baltimore Ravens,mybookieag,h2h,Baltimore Ravens,,1.53
2026-08-28T10:55,b6cfdcbafa61ce220ba87dc2d9b80c77,2026-09-13T17:00:00Z,Indianapolis Colts,Baltimore Ravens,mybookieag,h2h,Indianapolis Colts,,2.47
2026-08-28T10:55,b6cfdcbafa61ce220ba87dc2d9b80c77,2026-09-13T17:00:00Z,Indianapolis Colts,Baltimore Ravens,mybookieag,spreads,Baltimore Ravens,-3.5,1.91
2026-08-28T10:55,b6cfdcbafa61ce220ba87dc2d9b80c77,2026-09-13T17:00:00Z,Indianapolis Colts,Baltimore Ravens,mybookieag,spreads,Indianapolis Colts,3.5,1.91
2026-08-28T10:55,b6cfdcbafa61ce220ba87dc2d9b80c77,2026-09-13T17:00:00Z,Indianapolis Colts,Baltimore Ravens,mybookieag,totals,Over,48.0,1.91
2026-08-28T10:55,b6cfdcbafa61ce220ba87dc2d9b80c77,2026-09-13T17:00:00Z,Indianapolis Colts,Baltimore Ravens,mybookieag,totals,Under,48.0,1.91
2026-08-28T10:55,b6cfdcbafa61ce220ba87dc2d9b80c77,2026-09-13T17:00:00Z,Indianapolis Colts,Baltimore Ravens,coolbet,h2h,Baltimore Ravens,,1.52
2026-08-28T10:55,b6cfdcbafa61ce220ba87dc2d9b80c77,2026-09-13T17:00:00Z,Indianapolis Colts,Baltimore Ravens,coolbet,h2h,Indianapolis Colts,,2.49
2026-08-28T10:55,b6cfdcbafa61ce220ba87dc2d9b80c77,2026-09-13T17:00:00Z,Indianapolis Colts,Baltimore Ravens,coolbet,spreads,Baltimore Ravens,-3.5,2.0
2026-08-28T10:55,b6cfdcbafa61ce220ba87dc2d9b80c77,2026-09-13T17:00:00Z,Indianapolis Colts,Baltimore Ravens,coolbet,spreads,Indianapolis Colts,3.5,1.85
2026-08-28T10:55,b6cfdcbafa61ce220ba87dc2d9b80c77,2026-09-13T17:00:00Z,Indianapolis Colts,Baltimore Ravens,coolbet,totals,Over,48.0,1.91
2026-08-28T10:55,b6cfdcbafa61ce220ba87dc2d9b80c77,2026-09-13T17:00:00Z,Indianapolis Colts,Baltimore Ravens,coolbet,totals,Under,48.0,1.93
2026-08-28T10:55,b6cfdcbafa61ce220ba87dc2d9b80c77,2026-09-13T17:00:00Z,Indianapolis Colts,Baltimore Ravens,betfair_ex_eu,h2h,Baltimore Ravens,,1.54
2026-08-28T10:55,b6cfdcbafa61ce220ba87dc2d9b80c77,2026-09-13T17:00:00Z,Indianapolis Colts,Baltimore Ravens,betfair_ex_eu,h2h,Indianapolis Colts,,2.48
2026-08-28T10:55,b6cfdcbafa61ce220ba87dc2d9b80c77,2026-09-13T17:00:00Z,Indianapolis Colts,Baltimore Ravens,betfair_ex_eu,h2h_lay,Baltimore Ravens,,1.68
2026-08-28T10:55,b6cfdcbafa61ce220ba87dc2d9b80c77,2026-09-13T17:00:00Z,Indianapolis Colts,Baltimore Ravens,betfair_ex_eu,h2h_lay,Indianapolis Colts,,2.86
2026-08-28T10:55,b6cfdcbafa61ce220ba87dc2d9b80c77,2026-09-13T17:00:00Z,Indianapolis Colts,Baltimore Ravens,everygame,h2h,Baltimore Ravens,,1.56
2026-08-28T10:55,b6cfdcbafa61ce220ba87dc2d9b80c77,2026-09-13T17:00:00Z,Indianapolis Colts,Baltimore Ravens,everygame,h2h,Indianapolis Colts,,2.6
2026-08-28T10:55,b6cfdcbafa61ce220ba87dc2d9b80c77,2026-09-13T17:00:00Z,Indianapolis Colts,Baltimore Ravens,everygame,spreads,Baltimore Ravens,-3.5,1.95
2026-08-28T10:55,b6cfdcbafa61ce220ba87dc2d9b80c77,2026-09-13T17:00:00Z,Indianapolis Colts,Baltimore Ravens,everygame,spreads,Indianapolis Colts,3.5,1.87
2026-08-28T10:55,b6cfdcbafa61ce220ba87dc2d9b80c77,2026-09-13T17:00:00Z,Indianapolis Colts,Baltimore Ravens,everygame,totals,Over,48.0,1.91
2026-08-28T10:55,b6cfdcbafa61ce220ba87dc2d9b80c77,2026-09-13T17:00:00Z,Indianapolis Colts,Baltimore Ravens,everygame,totals,Under,48.0,1.91
2026-08-28T10:55,7e09efed7e12c659b82740b67ce2f9a1,2026-09-13T17:00:00Z,Houston Texans,Buffalo Bills,unibet_nl,h2h,Buffalo Bills,,1.83
2026-08-28T10:55,7e09efed7e12c659b82740b67ce2f9a1,2026-09-13T17:00:00Z,Houston Texans,Buffalo Bills,unibet_nl,h2h,Houston Texans,,1.97
2026-08-28T10:55,7e09efed7e12c659b82740b67ce2f9a1,2026-09-13T17:00:00Z,Houston Texans,Buffalo Bills,unibet_nl,spreads,Buffalo Bills,-1.5,1.92
2026-08-28T10:55,7e09efed7e12c659b82740b67ce2f9a1,2026-09-13T17:00:00Z,Houston Texans,Buffalo Bills,unibet_nl,spreads,Houston Texans,1.5,1.89
2026-08-28T10:55,7e09efed7e12c659b82740b67ce2f9a1,2026-09-13T17:00:00Z,Houston Texans,Buffalo Bills,unibet_nl,totals,Over,44.5,1.91
2026-08-28T10:55,7e09efed7e12c659b82740b67ce2f9a1,2026-09-13T17:00:00Z,Houston Texans,Buffalo Bills,unibet_nl,totals,Under,44.5,1.91
2026-08-28T10:55,7e09efed7e12c659b82740b67ce2f9a1,2026-09-13T17:00:00Z,Houston Texans,Buffalo Bills,leovegas_se,h2h,Buffalo Bills,,1.83
2026-08-28T10:55,7e09efed7e12c659b82740b67ce2f9a1,2026-09-13T17:00:00Z,Houston Texans,Buffalo Bills,leovegas_se,h2h,Houston Texans,,1.97
2026-08-28T10:55,7e09efed7e12c659b82740b67ce2f9a1,2026-09-13T17:00:00Z,Houston Texans,Buffalo Bills,leovegas_se,spreads,Buffalo Bills,-1.5,1.92
2026-08-28T10:55,7e09efed7e12c659b82740b67ce2f9a1,2026-09-13T17:00:00Z,Houston Texans,Buffalo Bills,leovegas_se,spreads,Houston Texans,1.5,1.89
2026-08-28T10:55,7e09efed7e12c659b82740b67ce2f9a1,2026-09-13T17:00:00Z,Houston Texans,Buffalo Bills,betonlineag,spreads,Buffalo Bills,0.0,1.91
2026-08-28T10:55,7e09efed7e12c659b82740b67ce2f9a1,2026-09-13T17:00:00Z,Houston Texans,Buffalo Bills,betonlineag,spreads,Houston Texans,0.0,1.91
2026-08-28T10:55,7e09efed7e12c659b82740b67ce2f9a1,2026-09-13T17:00:00Z,Houston Texans,Buffalo Bills,betonlineag,totals,Over,44.5,1.91
2026-08-28T10:55,7e09efed7e12c659b82740b67ce2f9a1,2026-09-13T17:00:00Z,Houston Texans,Buffalo Bills,betonlineag,totals,Under,44.5,1.91
2026-08-28T10:55,7e09efed7e12c659b82740b67ce2f9a1,2026-09-13T17:00:00Z,Houston Texans,Buffalo Bills,unibet_se,h2h,Buffalo Bills,,1.83
2026-08-28T10:55,7e09efed7e12c659b82740b67ce2f9a1,2026-09-13T17:00:00Z,Houston Texans,Buffalo Bills,unibet_se,h2h,Houston Texans,,1.97
2026-08-28T10:55,7e09efed7e12c659b82740b67ce2f9a1,2026-09-13T17:00:00Z,Houston Texans,Buffalo Bills,unibet_se,spreads,Buffalo Bills,-1.5,1.92
2026-08-28T10:55,7e09efed7e12c659b82740b67ce2f9a1,2026-09-13T17:00:00Z,Houston Texans,Buffalo Bills,unibet_se,spreads,Houston Texans,1.5,1.89
2026-08-28T10:55,7e09efed7e12c659b82740b67ce2f9a1,2026-09-13T17:00:00Z,Houston Texans,Buffalo Bills,betclic_fr,h2h,Buffalo Bills,,1.85
2026-08-28T10:55,7e09efed7e12c659b82740b67ce2f9a1,2026-09-13T17:00:00Z,Houston Texans,Buffalo Bills,betclic_fr,h2h,Houston Texans,,1.9
2026-08-28T10:55,7e09efed7e12c659b82740b67ce2f9a1,2026-09-13T17:00:00Z,Houston Texans,Buffalo Bills,tipico_de,h2h,Buffalo Bills,,1.83
2026-08-28T10:55,7e09efed7e12c659b82740b67ce2f9a1,2026-09-13T17:00:00Z,Houston Texans,Buffalo Bills,tipico_de,h2h,Houston Texans,,1.93
2026-08-28T10:55,7e09efed7e12c659b82740b67ce2f9a1,2026-09-13T17:00:00Z,Houston Texans,Buffalo Bills,tipico_de,spreads,Buffalo Bills,0.5,1.83
2026-08-28T10:55,7e09efed7e12c659b82740b67ce2f9a1,2026-09-13T17:00:00Z,Houston Texans,Buffalo Bills,tipico_de,spreads,Houston Texans,-0.5,1.93
2026-08-28T10:55,7e09efed7e12c659b82740b67ce2f9a1,2026-09-13T17:00:00Z,Houston Texans,Buffalo Bills,tipico_de,totals,Over,44.5,1.93
2026-08-28T10:55,7e09efed7e12c659b82740b67ce2f9a1,2026-09-13T17:00:00Z,Houston Texans,Buffalo Bills,tipico_de,totals,Under,44.5,1.83
2026-08-28T10:55,7e09efed7e12c659b82740b67ce2f9a1,2026-09-13T17:00:00Z,Houston Texans,Buffalo Bills,gtbets,h2h,Buffalo Bills,,1.91
2026-08-28T10:55,7e09efed7e12c659b82740b67ce2f9a1,2026-09-13T17:00:00Z,Houston Texans,Buffalo Bills,gtbets,h2h,Houston Texans,,1.91
2026-08-28T10:55,7e09efed7e12c659b82740b67ce2f9a1,2026-09-13T17:00:00Z,Houston Texans,Buffalo Bills,gtbets,spreads,Buffalo Bills,-1.5,1.96
2026-08-28T10:55,7e09efed7e12c659b82740b67ce2f9a1,2026-09-13T17:00:00Z,Houston Texans,Buffalo Bills,gtbets,spreads,Houston Texans,1.5,1.88
2026-08-28T10:55,7e09efed7e12c659b82740b67ce2f9a1,2026-09-13T17:00:00Z,Houston Texans,Buffalo Bills,gtbets,totals,Over,44.5,1.92
2026-08-28T10:55,7e09efed7e12c659b82740b67ce2f9a1,2026-09-13T17:00:00Z,Houston Texans,Buffalo Bills,gtbets,totals,Under,44.5,1.92
2026-08-28T10:55,7e09efed7e12c659b82740b67ce2f9a1,2026-09-13T17:00:00Z,Houston Texans,Buffalo Bills,betsson,h2h,Buffalo Bills,,1.83
2026-08-28T10:55,7e09efed7e12c659b82740b67ce2f9a1,2026-09-13T17:00:00Z,Houston Texans,Buffalo Bills,betsson,h2h,Houston Texans,,1.87
2026-08-28T10:55,7e09efed7e12c659b82740b67ce2f9a1,2026-09-13T17:00:00Z,Houston Texans,Buffalo Bills,betsson,spreads,Buffalo Bills,-1.0,1.89
2026-08-28T10:55,7e09efed7e12c659b82740b67ce2f9a1,2026-09-13T17:00:00Z,Houston Texans,Buffalo Bills,betsson,spreads,Houston Texans,1.0,1.81
2026-08-28T10:55,7e09efed7e12c659b82740b67ce2f9a1,2026-09-13T17:00:00Z,Houston Texans,Buffalo Bills,betsson,totals,Over,44.5,1.87
2026-08-28T10:55,7e09efed7e12c659b82740b67ce2f9a1,2026-09-13T17:00:00Z,Houston Texans,Buffalo Bills,betsson,totals,Under,44.5,1.83
2026-08-28T10:55,7e09efed7e12c659b82740b67ce2f9a1,2026-09-13T17:00:00Z,Houston Texans,Buffalo Bills,nordicbet,h2h,Buffalo Bills,,1.83
2026-08-28T10:55,7e09efed7e12c659b82740b67ce2f9a1,2026-09-13T17:00:00Z,Houston Texans,Buffalo Bills,nordicbet,h2h,Houston Texans,,1.87
2026-08-28T10:55,7e09efed7e12c659b82740b67ce2f9a1,2026-09-13T17:00:00Z,Houston Texans,Buffalo Bills,nordicbet,spreads,Buffalo Bills,-1.0,1.89
2026-08-28T10:55,7e09efed7e12c659b82740b67ce2f9a1,2026-09-13T17:00:00Z,Houston Texans,Buffalo Bills,nordicbet,spreads,Houston Texans,1.0,1.81
2026-08-28T10:55,7e09efed7e12c659b82740b67ce2f9a1,2026-09-13T17:00:00Z,Houston Texans,Buffalo Bills,nordicbet,totals,Over,44.5,1.87
2026-08-28T10:55,7e09efed7e12c659b82740b67ce2f9a1,2026-09-13T17:00:00Z,Houston Texans,Buffalo Bills,nordicbet,totals,Under,44.5,1.83
2026-08-28T10:55,7e09efed7e12c659b82740b67ce2f9a1,2026-09-13T17:00:00Z,Houston Texans,Buffalo Bills,onexbet,spreads,Buffalo Bills,1.5,1.84
2026-08-28T10:55,7e09efed7e12c659b82740b67ce2f9a1,2026-09-13T17:00:00Z,Houston Texans,Buffalo Bills,onexbet,spreads,Houston Texans,-1.5,1.97
2026-08-28T10:55,7e09efed7e12c659b82740b67ce2f9a1,2026-09-13T17:00:00Z,Houston Texans,Buffalo Bills,onexbet,totals,Over,44.5,1.91
2026-08-28T10:55,7e09efed7e12c659b82740b67ce2f9a1,2026-09-13T17:00:00Z,Houston Texans,Buffalo Bills,onexbet,totals,Under,44.5,1.91
2026-08-28T10:55,7e09efed7e12c659b82740b67ce2f9a1,2026-09-13T17:00:00Z,Houston Texans,Buffalo Bills,pinnacle,h2h,Buffalo Bills,,1.95
2026-08-28T10:55,7e09efed7e12c659b82740b67ce2f9a1,2026-09-13T17:00:00Z,Houston Texans,Buffalo Bills,pinnacle,h2h,Houston Texans,,1.93
2026-08-28T10:55,7e09efed7e12c659b82740b67ce2f9a1,2026-09-13T17:00:00Z,Houston Texans,Buffalo Bills,pinnacle,spreads,Buffalo Bills,-1.0,2.02
2026-08-28T10:55,7e09efed7e12c659b82740b67ce2f9a1,2026-09-13T17:00:00Z,Houston Texans,Buffalo Bills,pinnacle,spreads,Houston Texans,1.0,1.87
2026-08-28T10:55,7e09efed7e12c659b82740b67ce2f9a1,2026-09-13T17:00:00Z,Houston Texans,Buffalo Bills,pinnacle,totals,Over,44.0,1.87
2026-08-28T10:55,7e09efed7e12c659b82740b67ce2f9a1,2026-09-13T17:00:00Z,Houston Texans,Buffalo Bills,pinnacle,totals,Under,44.0,1.99
2026-08-28T10:55,7e09efed7e12c659b82740b67ce2f9a1,2026-09-13T17:00:00Z,Houston Texans,Buffalo Bills,marathonbet,h2h,Buffalo Bills,,1.86
2026-08-28T10:55,7e09efed7e12c659b82740b67ce2f9a1,2026-09-13T17:00:00Z,Houston Texans,Buffalo Bills,marathonbet,h2h,Houston Texans,,1.92
2026-08-28T10:55,7e09efed7e12c659b82740b67ce2f9a1,2026-09-13T17:00:00Z,Houston Texans,Buffalo Bills,mybookieag,h2h,Buffalo Bills,,1.91
2026-08-28T10:55,7e09efed7e12c659b82740b67ce2f9a1,2026-09-13T17:00:00Z,Houston Texans,Buffalo Bills,mybookieag,h2h,Houston Texans,,1.86
2026-08-28T10:55,7e09efed7e12c659b82740b67ce2f9a1,2026-09-13T17:00:00Z,Houston Texans,Buffalo Bills,mybookieag,spreads,Buffalo Bills,1.0,1.91
2026-08-28T10:55,7e09efed7e12c659b82740b67ce2f9a1,2026-09-13T17:00:00Z,Houston Texans,Buffalo Bills,mybookieag,spreads,Houston Texans,-1.0,1.91
2026-08-28T10:55,7e09efed7e12c659b82740b67ce2f9a1,2026-09-13T17:00:00Z,Houston Texans,Buffalo Bills,mybookieag,totals,Over,44.5,1.91
2026-08-28T10:55,7e09efed7e12c659b82740b67ce2f9a1,2026-09-13T17:00:00Z,Houston Texans,Buffalo Bills,mybookieag,totals,Under,44.5,1.91
2026-08-28T10:55,7e09efed7e12c659b82740b67ce2f9a1,2026-09-13T17:00:00Z,Houston Texans,Buffalo Bills,coolbet,h2h,Buffalo Bills,,1.87
2026-08-28T10:55,7e09efed7e12c659b82740b67ce2f9a1,2026-09-13T17:00:00Z,Houston Texans,Buffalo Bills,coolbet,h2h,Houston Texans,,1.9
2026-08-28T10:55,7e09efed7e12c659b82740b67ce2f9a1,2026-09-13T17:00:00Z,Houston Texans,Buffalo Bills,coolbet,spreads,Buffalo Bills,-1.0,1.96
2026-08-28T10:55,7e09efed7e12c659b82740b67ce2f9a1,2026-09-13T17:00:00Z,Houston Texans,Buffalo Bills,coolbet,spreads,Houston Texans,1.0,1.89
2026-08-28T10:55,7e09efed7e12c659b82740b67ce2f9a1,2026-09-13T17:00:00Z,Houston Texans,Buffalo Bills,coolbet,totals,Over,44.5,1.93
2026-08-28T10:55,7e09efed7e12c659b82740b67ce2f9a1,2026-09-13T17:00:00Z,Houston Texans,Buffalo Bills,coolbet,totals,Under,44.5,1.91
2026-08-28T10:55,7e09efed7e12c659b82740b67ce2f9a1,2026-09-13T17:00:00Z,Houston Texans,Buffalo Bills,betfair_ex_eu,h2h,Buffalo Bills,,1.99
2026-08-28T10:55,7e09efed7e12c659b82740b67ce2f9a1,2026-09-13T17:00:00Z,Houston Texans,Buffalo Bills,betfair_ex_eu,h2h,Houston Texans,,1.94
2026-08-28T10:55,7e09efed7e12c659b82740b67ce2f9a1,2026-09-13T17:00:00Z,Houston Texans,Buffalo Bills,betfair_ex_eu,h2h_lay,Buffalo Bills,,2.08
2026-08-28T10:55,7e09efed7e12c659b82740b67ce2f9a1,2026-09-13T17:00:00Z,Houston Texans,Buffalo Bills,betfair_ex_eu,h2h_lay,Houston Texans,,2.02
2026-08-28T10:55,7e09efed7e12c659b82740b67ce2f9a1,2026-09-13T17:00:00Z,Houston Texans,Buffalo Bills,everygame,totals,Over,44.5,1.91
2026-08-28T10:55,7e09efed7e12c659b82740b67ce2f9a1,2026-09-13T17:00:00Z,Houston Texans,Buffalo Bills,everygame,totals,Under,44.5,1.91
2026-08-28T10:55,fc362aff0d889ec52d358307a70c32ed,2026-09-13T17:00:00Z,Carolina Panthers,Chicago Bears,betonlineag,h2h,Carolina Panthers,,2.3
2026-08-28T10:55,fc362aff0d889ec52d358307a70c32ed,2026-09-13T17:00:00Z,Carolina Panthers,Chicago Bears,betonlineag,h2h,Chicago Bears,,1.67
2026-08-28T10:55,fc362aff0d889ec52d358307a70c32ed,2026-09-13T17:00:00Z,Carolina Panthers,Chicago Bears,betonlineag,spreads,Carolina Panthers,2.5,2.0
2026-08-28T10:55,fc362aff0d889ec52d358307a70c32ed,2026-09-13T17:00:00Z,Carolina Panthers,Chicago Bears,betonlineag,spreads,Chicago Bears,-2.5,1.83
2026-08-28T10:55,fc362aff0d889ec52d358307a70c32ed,2026-09-13T17:00:00Z,Carolina Panthers,Chicago Bears,betonlineag,totals,Over,47.5,1.95
2026-08-28T10:55,fc362aff0d889ec52d358307a70c32ed,2026-09-13T17:00:00Z,Carolina Panthers,Chicago Bears,betonlineag,totals,Under,47.5,1.87
2026-08-28T10:55,fc362aff0d889ec52d358307a70c32ed,2026-09-13T17:00:00Z,Carolina Panthers,Chicago Bears,unibet_nl,h2h,Carolina Panthers,,2.3
2026-08-28T10:55,fc362aff0d889ec52d358307a70c32ed,2026-09-13T17:00:00Z,Carolina Panthers,Chicago Bears,unibet_nl,h2h,Chicago Bears,,1.64
2026-08-28T10:55,fc362aff0d889ec52d358307a70c32ed,2026-09-13T17:00:00Z,Carolina Panthers,Chicago Bears,unibet_nl,spreads,Carolina Panthers,2.5,1.93
2026-08-28T10:55,fc362aff0d889ec52d358307a70c32ed,2026-09-13T17:00:00Z,Carolina Panthers,Chicago Bears,unibet_nl,spreads,Chicago Bears,-2.5,1.88
2026-08-28T10:55,fc362aff0d889ec52d358307a70c32ed,2026-09-13T17:00:00Z,Carolina Panthers,Chicago Bears,unibet_nl,totals,Over,47.5,1.92
2026-08-28T10:55,fc362aff0d889ec52d358307a70c32ed,2026-09-13T17:00:00Z,Carolina Panthers,Chicago Bears,unibet_nl,totals,Under,47.5,1.89
2026-08-28T10:55,fc362aff0d889ec52d358307a70c32ed,2026-09-13T17:00:00Z,Carolina Panthers,Chicago Bears,leovegas_se,h2h,Carolina Panthers,,2.3
2026-08-28T10:55,fc362aff0d889ec52d358307a70c32ed,2026-09-13T17:00:00Z,Carolina Panthers,Chicago Bears,leovegas_se,h2h,Chicago Bears,,1.64
2026-08-28T10:55,fc362aff0d889ec52d358307a70c32ed,2026-09-13T17:00:00Z,Carolina Panthers,Chicago Bears,leovegas_se,spreads,Carolina Panthers,2.5,1.93
2026-08-28T10:55,fc362aff0d889ec52d358307a70c32ed,2026-09-13T17:00:00Z,Carolina Panthers,Chicago Bears,leovegas_se,spreads,Chicago Bears,-2.5,1.88
2026-08-28T10:55,fc362aff0d889ec52d358307a70c32ed,2026-09-13T17:00:00Z,Carolina Panthers,Chicago Bears,unibet_se,h2h,Carolina Panthers,,2.3
2026-08-28T10:55,fc362aff0d889ec52d358307a70c32ed,2026-09-13T17:00:00Z,Carolina Panthers,Chicago Bears,unibet_se,h2h,Chicago Bears,,1.64
2026-08-28T10:55,fc362aff0d889ec52d358307a70c32ed,2026-09-13T17:00:00Z,Carolina Panthers,Chicago Bears,unibet_se,spreads,Carolina Panthers,2.5,1.93
2026-08-28T10:55,fc362aff0d889ec52d358307a70c32ed,2026-09-13T17:00:00Z,Carolina Panthers,Chicago Bears,unibet_se,spreads,Chicago Bears,-2.5,1.88
2026-08-28T10:55,fc362aff0d889ec52d358307a70c32ed,2026-09-13T17:00:00Z,Carolina Panthers,Chicago Bears,betsson,h2h,Carolina Panthers,,2.18
2026-08-28T10:55,fc362aff0d889ec52d358307a70c32ed,2026-09-13T17:00:00Z,Carolina Panthers,Chicago Bears,betsson,h2h,Chicago Bears,,1.61
2026-08-28T10:55,fc362aff0d889ec52d358307a70c32ed,2026-09-13T17:00:00Z,Carolina Panthers,Chicago Bears,betsson,spreads,Carolina Panthers,2.5,1.89
2026-08-28T10:55,fc362aff0d889ec52d358307a70c32ed,2026-09-13T17:00:00Z,Carolina Panthers,Chicago Bears,betsson,spreads,Chicago Bears,-2.5,1.81
2026-08-28T10:55,fc362aff0d889ec52d358307a70c32ed,2026-09-13T17:00:00Z,Carolina Panthers,Chicago Bears,betsson,totals,Over,47.5,1.87
2026-08-28T10:55,fc362aff0d889ec52d358307a70c32ed,2026-09-13T17:00:00Z,Carolina Panthers,Chicago Bears,betsson,totals,Under,47.5,1.83
2026-08-28T10:55,fc362aff0d889ec52d358307a70c32ed,2026-09-13T17:00:00Z,Carolina Panthers,Chicago Bears,nordicbet,h2h,Carolina Panthers,,2.18
2026-08-28T10:55,fc362aff0d889ec52d358307a70c32ed,2026-09-13T17:00:00Z,Carolina Panthers,Chicago Bears,nordicbet,h2h,Chicago Bears,,1.61
2026-08-28T10:55,fc362aff0d889ec52d358307a70c32ed,2026-09-13T17:00:00Z,Carolina Panthers,Chicago Bears,nordicbet,spreads,Carolina Panthers,2.5,1.89
2026-08-28T10:55,fc362aff0d889ec52d358307a70c32ed,2026-09-13T17:00:00Z,Carolina Panthers,Chicago Bears,nordicbet,spreads,Chicago Bears,-2.5,1.81
2026-08-28T10:55,fc362aff0d889ec52d358307a70c32ed,2026-09-13T17:00:00Z,Carolina Panthers,Chicago Bears,nordicbet,totals,Over,47.5,1.87
2026-08-28T10:55,fc362aff0d889ec52d358307a70c32ed,2026-09-13T17:00:00Z,Carolina Panthers,Chicago Bears,nordicbet,totals,Under,47.5,1.83
2026-08-28T10:55,fc362aff0d889ec52d358307a70c32ed,2026-09-13T17:00:00Z,Carolina Panthers,Chicago Bears,gtbets,h2h,Carolina Panthers,,2.3
2026-08-28T10:55,fc362aff0d889ec52d358307a70c32ed,2026-09-13T17:00:00Z,Carolina Panthers,Chicago Bears,gtbets,h2h,Chicago Bears,,1.67
2026-08-28T10:55,fc362aff0d889ec52d358307a70c32ed,2026-09-13T17:00:00Z,Carolina Panthers,Chicago Bears,gtbets,spreads,Carolina Panthers,2.5,2.01
2026-08-28T10:55,fc362aff0d889ec52d358307a70c32ed,2026-09-13T17:00:00Z,Carolina Panthers,Chicago Bears,gtbets,spreads,Chicago Bears,-2.5,1.84
2026-08-28T10:55,fc362aff0d889ec52d358307a70c32ed,2026-09-13T17:00:00Z,Carolina Panthers,Chicago Bears,gtbets,totals,Over,47.5,1.92
2026-08-28T10:55,fc362aff0d889ec52d358307a70c32ed,2026-09-13T17:00:00Z,Carolina Panthers,Chicago Bears,gtbets,totals,Under,47.5,1.92
2026-08-28T10:55,fc362aff0d889ec52d358307a70c32ed,2026-09-13T17:00:00Z,Carolina Panthers,Chicago Bears,betclic_fr,h2h,Carolina Panthers,,2.2
2026-08-28T10:55,fc362aff0d889ec52d358307a70c32ed,2026-09-13T17:00:00Z,Carolina Panthers,Chicago Bears,betclic_fr,h2h,Chicago Bears,,1.62
2026-08-28T10:55,fc362aff0d889ec52d358307a70c32ed,2026-09-13T17:00:00Z,Carolina Panthers,Chicago Bears,tipico_de,h2h,Carolina Panthers,,2.2
2026-08-28T10:55,fc362aff0d889ec52d358307a70c32ed,2026-09-13T17:00:00Z,Carolina Panthers,Chicago Bears,tipico_de,h2h,Chicago Bears,,1.65
2026-08-28T10:55,fc362aff0d889ec52d358307a70c32ed,2026-09-13T17:00:00Z,Carolina Panthers,Chicago Bears,tipico_de,spreads,Carolina Panthers,2.5,2.05
2026-08-28T10:55,fc362aff0d889ec52d358307a70c32ed,2026-09-13T17:00:00Z,Carolina Panthers,Chicago Bears,tipico_de,spreads,Chicago Bears,-2.5,1.75
2026-08-28T10:55,fc362aff0d889ec52d358307a70c32ed,2026-09-13T17:00:00Z,Carolina Panthers,Chicago Bears,tipico_de,totals,Over,47.5,1.9
2026-08-28T10:55,fc362aff0d889ec52d358307a70c32ed,2026-09-13T17:00:00Z,Carolina Panthers,Chicago Bears,tipico_de,totals,Under,47.5,1.87
2026-08-28T10:55,fc362aff0d889ec52d358307a70c32ed,2026-09-13T17:00:00Z,Carolina Panthers,Chicago Bears,onexbet,spreads,Carolina Panthers,2.5,2.0
2026-08-28T10:55,fc362aff0d889ec52d358307a70c32ed,2026-09-13T17:00:00Z,Carolina Panthers,Chicago Bears,onexbet,spreads,Chicago Bears,-2.5,1.83
2026-08-28T10:55,fc362aff0d889ec52d358307a70c32ed,2026-09-13T17:00:00Z,Carolina Panthers,Chicago Bears,onexbet,totals,Over,47.5,1.91
2026-08-28T10:55,fc362aff0d889ec52d358307a70c32ed,2026-09-13T17:00:00Z,Carolina Panthers,Chicago Bears,onexbet,totals,Under,47.5,1.91
2026-08-28T10:55,fc362aff0d889ec52d358307a70c32ed,2026-09-13T17:00:00Z,Carolina Panthers,Chicago Bears,pinnacle,h2h,Carolina Panthers,,2.31
2026-08-28T10:55,fc362aff0d889ec52d358307a70c32ed,2026-09-13T17:00:00Z,Carolina Panthers,Chicago Bears,pinnacle,h2h,Chicago Bears,,1.68
2026-08-28T10:55,fc362aff0d889ec52d358307a70c32ed,2026-09-13T17:00:00Z,Carolina Panthers,Chicago Bears,pinnacle,spreads,Carolina Panthers,2.5,2.01
2026-08-28T10:55,fc362aff0d889ec52d358307a70c32ed,2026-09-13T17:00:00Z,Carolina Panthers,Chicago Bears,pinnacle,spreads,Chicago Bears,-2.5,1.88
2026-08-28T10:55,fc362aff0d889ec52d358307a70c32ed,2026-09-13T17:00:00Z,Carolina Panthers,Chicago Bears,pinnacle,totals,Over,47.5,2.0
2026-08-28T10:55,fc362aff0d889ec52d358307a70c32ed,2026-09-13T17:00:00Z,Carolina Panthers,Chicago Bears,pinnacle,totals,Under,47.5,1.86
2026-08-28T10:55,fc362aff0d889ec52d358307a70c32ed,2026-09-13T17:00:00Z,Carolina Panthers,Chicago Bears,marathonbet,h2h,Carolina Panthers,,2.1
2026-08-28T10:55,fc362aff0d889ec52d358307a70c32ed,2026-09-13T17:00:00Z,Carolina Panthers,Chicago Bears,marathonbet,h2h,Chicago Bears,,1.72
2026-08-28T10:55,fc362aff0d889ec52d358307a70c32ed,2026-09-13T17:00:00Z,Carolina Panthers,Chicago Bears,mybookieag,h2h,Carolina Panthers,,2.22
2026-08-28T10:55,fc362aff0d889ec52d358307a70c32ed,2026-09-13T17:00:00Z,Carolina Panthers,Chicago Bears,mybookieag,h2h,Chicago Bears,,1.64
2026-08-28T10:55,fc362aff0d889ec52d358307a70c32ed,2026-09-13T17:00:00Z,Carolina Panthers,Chicago Bears,mybookieag,spreads,Carolina Panthers,3.0,1.91
2026-08-28T10:55,fc362aff0d889ec52d358307a70c32ed,2026-09-13T17:00:00Z,Carolina Panthers,Chicago Bears,mybookieag,spreads,Chicago Bears,-3.0,1.91
2026-08-28T10:55,fc362aff0d889ec52d358307a70c32ed,2026-09-13T17:00:00Z,Carolina Panthers,Chicago Bears,mybookieag,totals,Over,47.5,1.91
2026-08-28T10:55,fc362aff0d889ec52d358307a70c32ed,2026-09-13T17:00:00Z,Carolina Panthers,Chicago Bears,mybookieag,totals,Under,47.5,1.91
2026-08-28T10:55,fc362aff0d889ec52d358307a70c32ed,2026-09-13T17:00:00Z,Carolina Panthers,Chicago Bears,coolbet,h2h,Carolina Panthers,,2.22
2026-08-28T10:55,fc362aff0d889ec52d358307a70c32ed,2026-09-13T17:00:00Z,Carolina Panthers,Chicago Bears,coolbet,h2h,Chicago Bears,,1.64
2026-08-28T10:55,fc362aff0d889ec52d358307a70c32ed,2026-09-13T17:00:00Z,Carolina Panthers,Chicago Bears,coolbet,spreads,Carolina Panthers,2.5,1.97
2026-08-28T10:55,fc362aff0d889ec52d358307a70c32ed,2026-09-13T17:00:00Z,Carolina Panthers,Chicago Bears,coolbet,spreads,Chicago Bears,-2.5,1.88
2026-08-28T10:55,fc362aff0d889ec52d358307a70c32ed,2026-09-13T17:00:00Z,Carolina Panthers,Chicago Bears,coolbet,totals,Over,47.5,1.93
2026-08-28T10:55,fc362aff0d889ec52d358307a70c32ed,2026-09-13T17:00:00Z,Carolina Panthers,Chicago Bears,coolbet,totals,Under,47.5,1.91
2026-08-28T10:55,fc362aff0d889ec52d358307a70c32ed,2026-09-13T17:00:00Z,Carolina Panthers,Chicago Bears,betfair_ex_eu,h2h,Carolina Panthers,,2.24
2026-08-28T10:55,fc362aff0d889ec52d358307a70c32ed,2026-09-13T17:00:00Z,Carolina Panthers,Chicago Bears,betfair_ex_eu,h2h,Chicago Bears,,1.67
2026-08-28T10:55,fc362aff0d889ec52d358307a70c32ed,2026-09-13T17:00:00Z,Carolina Panthers,Chicago Bears,betfair_ex_eu,h2h_lay,Carolina Panthers,,2.5
2026-08-28T10:55,fc362aff0d889ec52d358307a70c32ed,2026-09-13T17:00:00Z,Carolina Panthers,Chicago Bears,betfair_ex_eu,h2h_lay,Chicago Bears,,1.8
2026-08-28T10:55,fc362aff0d889ec52d358307a70c32ed,2026-09-13T17:00:00Z,Carolina Panthers,Chicago Bears,everygame,h2h,Carolina Panthers,,2.3
2026-08-28T10:55,fc362aff0d889ec52d358307a70c32ed,2026-09-13T17:00:00Z,Carolina Panthers,Chicago Bears,everygame,h2h,Chicago Bears,,1.67
2026-08-28T10:55,fc362aff0d889ec52d358307a70c32ed,2026-09-13T17:00:00Z,Carolina Panthers,Chicago Bears,everygame,spreads,Carolina Panthers,2.5,2.0
2026-08-28T10:55,fc362aff0d889ec52d358307a70c32ed,2026-09-13T17:00:00Z,Carolina Panthers,Chicago Bears,everygame,spreads,Chicago Bears,-2.5,1.83
2026-08-28T10:55,fc362aff0d889ec52d358307a70c32ed,2026-09-13T17:00:00Z,Carolina Panthers,Chicago Bears,everygame,totals,Over,47.5,1.95
2026-08-28T10:55,fc362aff0d889ec52d358307a70c32ed,2026-09-13T17:00:00Z,Carolina Panthers,Chicago Bears,everygame,totals,Under,47.5,1.87
2026-08-28T10:55,ed6d24ff979f9c71979fead577b0b3f7,2026-09-13T17:00:00Z,Cincinnati Bengals,Tampa Bay Buccaneers,betonlineag,h2h,Cincinnati Bengals,,1.48
2026-08-28T10:55,ed6d24ff979f9c71979fead577b0b3f7,2026-09-13T17:00:00Z,Cincinnati Bengals,Tampa Bay Buccaneers,betonlineag,h2h,Tampa Bay Buccaneers,,2.8
2026-08-28T10:55,ed6d24ff979f9c71979fead577b0b3f7,2026-09-13T17:00:00Z,Cincinnati Bengals,Tampa Bay Buccaneers,betonlineag,spreads,Cincinnati Bengals,-4.0,1.91
2026-08-28T10:55,ed6d24ff979f9c71979fead577b0b3f7,2026-09-13T17:00:00Z,Cincinnati Bengals,Tampa Bay Buccaneers,betonlineag,spreads,Tampa Bay Buccaneers,4.0,1.91
2026-08-28T10:55,ed6d24ff979f9c71979fead577b0b3f7,2026-09-13T17:00:00Z,Cincinnati Bengals,Tampa Bay Buccaneers,betonlineag,totals,Over,50.5,1.91
2026-08-28T10:55,ed6d24ff979f9c71979fead577b0b3f7,2026-09-13T17:00:00Z,Cincinnati Bengals,Tampa Bay Buccaneers,betonlineag,totals,Under,50.5,1.91
2026-08-28T10:55,ed6d24ff979f9c71979fead577b0b3f7,2026-09-13T17:00:00Z,Cincinnati Bengals,Tampa Bay Buccaneers,unibet_nl,h2h,Cincinnati Bengals,,1.5
2026-08-28T10:55,ed6d24ff979f9c71979fead577b0b3f7,2026-09-13T17:00:00Z,Cincinnati Bengals,Tampa Bay Buccaneers,unibet_nl,h2h,Tampa Bay Buccaneers,,2.65
2026-08-28T10:55,ed6d24ff979f9c71979fead577b0b3f7,2026-09-13T17:00:00Z,Cincinnati Bengals,Tampa Bay Buccaneers,unibet_nl,spreads,Cincinnati Bengals,-3.5,1.92
2026-08-28T10:55,ed6d24ff979f9c71979fead577b0b3f7,2026-09-13T17:00:00Z,Cincinnati Bengals,Tampa Bay Buccaneers,unibet_nl,spreads,Tampa Bay Buccaneers,3.5,1.89
2026-08-28T10:55,ed6d24ff979f9c71979fead577b0b3f7,2026-09-13T17:00:00Z,Cincinnati Bengals,Tampa Bay Buccaneers,unibet_nl,totals,Over,51.5,1.92
2026-08-28T10:55,ed6d24ff979f9c71979fead577b0b3f7,2026-09-13T17:00:00Z,Cincinnati Bengals,Tampa Bay Buccaneers,unibet_nl,totals,Under,51.5,1.89
2026-08-28T10:55,ed6d24ff979f9c71979fead577b0b3f7,2026-09-13T17:00:00Z,Cincinnati Bengals,Tampa Bay Buccaneers,leovegas_se,h2h,Cincinnati Bengals,,1.5
2026-08-28T10:55,ed6d24ff979f9c71979fead577b0b3f7,2026-09-13T17:00:00Z,Cincinnati Bengals,Tampa Bay Buccaneers,leovegas_se,h2h,Tampa Bay Buccaneers,,2.65
2026-08-28T10:55,ed6d24ff979f9c71979fead577b0b3f7,2026-09-13T17:00:00Z,Cincinnati Bengals,Tampa Bay Buccaneers,leovegas_se,spreads,Cincinnati Bengals,-3.5,1.92
2026-08-28T10:55,ed6d24ff979f9c71979fead577b0b3f7,2026-09-13T17:00:00Z,Cincinnati Bengals,Tampa Bay Buccaneers,leovegas_se,spreads,Tampa Bay Buccaneers,3.5,1.89
2026-08-28T10:55,ed6d24ff979f9c71979fead577b0b3f7,2026-09-13T17:00:00Z,Cincinnati Bengals,Tampa Bay Buccaneers,unibet_se,h2h,Cincinnati Bengals,,1.5
2026-08-28T10:55,ed6d24ff979f9c71979fead577b0b3f7,2026-09-13T17:00:00Z,Cincinnati Bengals,Tampa Bay Buccaneers,unibet_se,h2h,Tampa Bay Buccaneers,,2.65
2026-08-28T10:55,ed6d24ff979f9c71979fead577b0b3f7,2026-09-13T17:00:00Z,Cincinnati Bengals,Tampa Bay Buccaneers,unibet_se,spreads,Cincinnati Bengals,-3.5,1.92
2026-08-28T10:55,ed6d24ff979f9c71979fead577b0b3f7,2026-09-13T17:00:00Z,Cincinnati Bengals,Tampa Bay Buccaneers,unibet_se,spreads,Tampa Bay Buccaneers,3.5,1.89
2026-08-28T10:55,ed6d24ff979f9c71979fead577b0b3f7,2026-09-13T17:00:00Z,Cincinnati Bengals,Tampa Bay Buccaneers,betclic_fr,h2h,Cincinnati Bengals,,1.45
2026-08-28T10:55,ed6d24ff979f9c71979fead577b0b3f7,2026-09-13T17:00:00Z,Cincinnati Bengals,Tampa Bay Buccaneers,betclic_fr,h2h,Tampa Bay Buccaneers,,2.6
2026-08-28T10:55,ed6d24ff979f9c71979fead577b0b3f7,2026-09-13T17:00:00Z,Cincinnati Bengals,Tampa Bay Buccaneers,tipico_de,h2h,Cincinnati Bengals,,1.45
2026-08-28T10:55,ed6d24ff979f9c71979fead577b0b3f7,2026-09-13T17:00:00Z,Cincinnati Bengals,Tampa Bay Buccaneers,tipico_de,h2h,Tampa Bay Buccaneers,,2.7
2026-08-28T10:55,ed6d24ff979f9c71979fead577b0b3f7,2026-09-13T17:00:00Z,Cincinnati Bengals,Tampa Bay Buccaneers,tipico_de,spreads,Cincinnati Bengals,-4.5,1.9
2026-08-28T10:55,ed6d24ff979f9c71979fead577b0b3f7,2026-09-13T17:00:00Z,Cincinnati Bengals,Tampa Bay Buccaneers,tipico_de,spreads,Tampa Bay Buccaneers,4.5,1.87
2026-08-28T10:55,ed6d24ff979f9c71979fead577b0b3f7,2026-09-13T17:00:00Z,Cincinnati Bengals,Tampa Bay Buccaneers,tipico_de,totals,Over,51.5,1.93
2026-08-28T10:55,ed6d24ff979f9c71979fead577b0b3f7,2026-09-13T17:00:00Z,Cincinnati Bengals,Tampa Bay Buccaneers,tipico_de,totals,Under,51.5,1.83
2026-08-28T10:55,ed6d24ff979f9c71979fead577b0b3f7,2026-09-13T17:00:00Z,Cincinnati Bengals,Tampa Bay Buccaneers,gtbets,h2h,Cincinnati Bengals,,1.45
2026-08-28T10:55,ed6d24ff979f9c71979fead577b0b3f7,2026-09-13T17:00:00Z,Cincinnati Bengals,Tampa Bay Buccaneers,gtbets,h2h,Tampa Bay Buccaneers,,2.8
2026-08-28T10:55,ed6d24ff979f9c71979fead577b0b3f7,2026-09-13T17:00:00Z,Cincinnati Bengals,Tampa Bay Buccaneers,gtbets,spreads,Cincinnati Bengals,-4.0,1.92
2026-08-28T10:55,ed6d24ff979f9c71979fead577b0b3f7,2026-09-13T17:00:00Z,Cincinnati Bengals,Tampa Bay Buccaneers,gtbets,spreads,Tampa Bay Buccaneers,4.0,1.92
2026-08-28T10:55,ed6d24ff979f9c71979fead577b0b3f7,2026-09-13T17:00:00Z,Cincinnati Bengals,Tampa Bay Buccaneers,gtbets,totals,Over,50.5,1.92
2026-08-28T10:55,ed6d24ff979f9c71979fead577b0b3f7,2026-09-13T17:00:00Z,Cincinnati Bengals,Tampa Bay Buccaneers,gtbets,totals,Under,50.5,1.92
2026-08-28T10:55,ed6d24ff979f9c71979fead577b0b3f7,2026-09-13T17:00:00Z,Cincinnati Bengals,Tampa Bay Buccaneers,nordicbet,h2h,Cincinnati Bengals,,1.45
2026-08-28T10:55,ed6d24ff979f9c71979fead577b0b3f7,2026-09-13T17:00:00Z,Cincinnati Bengals,Tampa Bay Buccaneers,nordicbet,h2h,Tampa Bay Buccaneers,,2.57
2026-08-28T10:55,ed6d24ff979f9c71979fead577b0b3f7,2026-09-13T17:00:00Z,Cincinnati Bengals,Tampa Bay Buccaneers,nordicbet,spreads,Cincinnati Bengals,-3.5,1.85
2026-08-28T10:55,ed6d24ff979f9c71979fead577b0b3f7,2026-09-13T17:00:00Z,Cincinnati Bengals,Tampa Bay Buccaneers,nordicbet,spreads,Tampa Bay Buccaneers,3.5,1.85
2026-08-28T10:55,ed6d24ff979f9c71979fead577b0b3f7,2026-09-13T17:00:00Z,Cincinnati Bengals,Tampa Bay Buccaneers,nordicbet,totals,Over,51.0,1.87
2026-08-28T10:55,ed6d24ff979f9c71979fead577b0b3f7,2026-09-13T17:00:00Z,Cincinnati Bengals,Tampa Bay Buccaneers,nordicbet,totals,Under,51.0,1.83
2026-08-28T10:55,ed6d24ff979f9c71979fead577b0b3f7,2026-09-13T17:00:00Z,Cincinnati Bengals,Tampa Bay Buccaneers,betsson,h2h,Cincinnati Bengals,,1.45
2026-08-28T10:55,ed6d24ff979f9c71979fead577b0b3f7,2026-09-13T17:00:00Z,Cincinnati Bengals,Tampa Bay Buccaneers,betsson,h2h,Tampa Bay Buccaneers,,2.57
2026-08-28T10:55,ed6d24ff979f9c71979fead577b0b3f7,2026-09-13T17:00:00Z,Cincinnati Bengals,Tampa Bay Buccaneers,betsson,spreads,Cincinnati Bengals,-3.5,1.85
2026-08-28T10:55,ed6d24ff979f9c71979fead577b0b3f7,2026-09-13T17:00:00Z,Cincinnati Bengals,Tampa Bay Buccaneers,betsson,spreads,Tampa Bay Buccaneers,3.5,1.85
2026-08-28T10:55,ed6d24ff979f9c71979fead577b0b3f7,2026-09-13T17:00:00Z,Cincinnati Bengals,Tampa Bay Buccaneers,betsson,totals,Over,51.0,1.87
2026-08-28T10:55,ed6d24ff979f9c71979fead577b0b3f7,2026-09-13T17:00:00Z,Cincinnati Bengals,Tampa Bay Buccaneers,betsson,totals,Under,51.0,1.83
2026-08-28T10:55,ed6d24ff979f9c71979fead577b0b3f7,2026-09-13T17:00:00Z,Cincinnati Bengals,Tampa Bay Buccaneers,onexbet,spreads,Cincinnati Bengals,-4.5,1.94
2026-08-28T10:55,ed6d24ff979f9c71979fead577b0b3f7,2026-09-13T17:00:00Z,Cincinnati Bengals,Tampa Bay Buccaneers,onexbet,spreads,Tampa Bay Buccaneers,4.5,1.86
2026-08-28T10:55,ed6d24ff979f9c71979fead577b0b3f7,2026-09-13T17:00:00Z,Cincinnati Bengals,Tampa Bay Buccaneers,onexbet,totals,Over,50.5,1.91
2026-08-28T10:55,ed6d24ff979f9c71979fead577b0b3f7,2026-09-13T17:00:00Z,Cincinnati Bengals,Tampa Bay Buccaneers,onexbet,totals,Under,50.5,1.91
2026-08-28T10:55,ed6d24ff979f9c71979fead577b0b3f7,2026-09-13T17:00:00Z,Cincinnati Bengals,Tampa Bay Buccaneers,pinnacle,h2h,Cincinnati Bengals,,1.46
2026-08-28T10:55,ed6d24ff979f9c71979fead577b0b3f7,2026-09-13T17:00:00Z,Cincinnati Bengals,Tampa Bay Buccaneers,pinnacle,h2h,Tampa Bay Buccaneers,,2.86
2026-08-28T10:55,ed6d24ff979f9c71979fead577b0b3f7,2026-09-13T17:00:00Z,Cincinnati Bengals,Tampa Bay Buccaneers,pinnacle,spreads,Cincinnati Bengals,-3.5,1.85
2026-08-28T10:55,ed6d24ff979f9c71979fead577b0b3f7,2026-09-13T17:00:00Z,Cincinnati Bengals,Tampa Bay Buccaneers,pinnacle,spreads,Tampa Bay Buccaneers,3.5,2.05
2026-08-28T10:55,ed6d24ff979f9c71979fead577b0b3f7,2026-09-13T17:00:00Z,Cincinnati Bengals,Tampa Bay Buccaneers,pinnacle,totals,Over,51.0,1.95
2026-08-28T10:55,ed6d24ff979f9c71979fead577b0b3f7,2026-09-13T17:00:00Z,Cincinnati Bengals,Tampa Bay Buccaneers,pinnacle,totals,Under,51.0,1.89
2026-08-28T10:55,ed6d24ff979f9c71979fead577b0b3f7,2026-09-13T17:00:00Z,Cincinnati Bengals,Tampa Bay Buccaneers,marathonbet,h2h,Cincinnati Bengals,,1.53
2026-08-28T10:55,ed6d24ff979f9c71979fead577b0b3f7,2026-09-13T17:00:00Z,Cincinnati Bengals,Tampa Bay Buccaneers,marathonbet,h2h,Tampa Bay Buccaneers,,2.47
2026-08-28T10:55,ed6d24ff979f9c71979fead577b0b3f7,2026-09-13T17:00:00Z,Cincinnati Bengals,Tampa Bay Buccaneers,mybookieag,h2h,Cincinnati Bengals,,1.47
2026-08-28T10:55,ed6d24ff979f9c71979fead577b0b3f7,2026-09-13T17:00:00Z,Cincinnati Bengals,Tampa Bay Buccaneers,mybookieag,h2h,Tampa Bay Buccaneers,,2.64
2026-08-28T10:55,ed6d24ff979f9c71979fead577b0b3f7,2026-09-13T17:00:00Z,Cincinnati Bengals,Tampa Bay Buccaneers,mybookieag,spreads,Cincinnati Bengals,-4.0,1.91
2026-08-28T10:55,ed6d24ff979f9c71979fead577b0b3f7,2026-09-13T17:00:00Z,Cincinnati Bengals,Tampa Bay Buccaneers,mybookieag,spreads,Tampa Bay Buccaneers,4.0,1.91
2026-08-28T10:55,ed6d24ff979f9c71979fead577b0b3f7,2026-09-13T17:00:00Z,Cincinnati Bengals,Tampa Bay Buccaneers,mybookieag,totals,Over,51.0,1.91
2026-08-28T10:55,ed6d24ff979f9c71979fead577b0b3f7,2026-09-13T17:00:00Z,Cincinnati Bengals,Tampa Bay Buccaneers,mybookieag,totals,Under,51.0,1.91
2026-08-28T10:55,ed6d24ff979f9c71979fead577b0b3f7,2026-09-13T17:00:00Z,Cincinnati Bengals,Tampa Bay Buccaneers,coolbet,h2h,Cincinnati Bengals,,1.47
2026-08-28T10:55,ed6d24ff979f9c71979fead577b0b3f7,2026-09-13T17:00:00Z,Cincinnati Bengals,Tampa Bay Buccaneers,coolbet,h2h,Tampa Bay Buccaneers,,2.63
2026-08-28T10:55,ed6d24ff979f9c71979fead577b0b3f7,2026-09-13T17:00:00Z,Cincinnati Bengals,Tampa Bay Buccaneers,coolbet,spreads,Cincinnati Bengals,-3.5,1.93
2026-08-28T10:55,ed6d24ff979f9c71979fead577b0b3f7,2026-09-13T17:00:00Z,Cincinnati Bengals,Tampa Bay Buccaneers,coolbet,spreads,Tampa Bay Buccaneers,3.5,1.91
2026-08-28T10:55,ed6d24ff979f9c71979fead577b0b3f7,2026-09-13T17:00:00Z,Cincinnati Bengals,Tampa Bay Buccaneers,coolbet,totals,Over,51.0,1.95
2026-08-28T10:55,ed6d24ff979f9c71979fead577b0b3f7,2026-09-13T17:00:00Z,Cincinnati Bengals,Tampa Bay Buccaneers,coolbet,totals,Under,51.0,1.9
2026-08-28T10:55,ed6d24ff979f9c71979fead577b0b3f7,2026-09-13T17:00:00Z,Cincinnati Bengals,Tampa Bay Buccaneers,betfair_ex_eu,h2h,Cincinnati Bengals,,1.47
2026-08-28T10:55,ed6d24ff979f9c71979fead577b0b3f7,2026-09-13T17:00:00Z,Cincinnati Bengals,Tampa Bay Buccaneers,betfair_ex_eu,h2h,Tampa Bay Buccaneers,,2.78
2026-08-28T10:55,ed6d24ff979f9c71979fead577b0b3f7,2026-09-13T17:00:00Z,Cincinnati Bengals,Tampa Bay Buccaneers,betfair_ex_eu,h2h_lay,Cincinnati Bengals,,1.56
2026-08-28T10:55,ed6d24ff979f9c71979fead577b0b3f7,2026-09-13T17:00:00Z,Cincinnati Bengals,Tampa Bay Buccaneers,betfair_ex_eu,h2h_lay,Tampa Bay Buccaneers,,3.1
2026-08-28T10:55,ed6d24ff979f9c71979fead577b0b3f7,2026-09-13T17:00:00Z,Cincinnati Bengals,Tampa Bay Buccaneers,everygame,h2h,Cincinnati Bengals,,1.45
2026-08-28T10:55,ed6d24ff979f9c71979fead577b0b3f7,2026-09-13T17:00:00Z,Cincinnati Bengals,Tampa Bay Buccaneers,everygame,h2h,Tampa Bay Buccaneers,,2.8
2026-08-28T10:55,ed6d24ff979f9c71979fead577b0b3f7,2026-09-13T17:00:00Z,Cincinnati Bengals,Tampa Bay Buccaneers,everygame,spreads,Cincinnati Bengals,-4.0,1.91
2026-08-28T10:55,ed6d24ff979f9c71979fead577b0b3f7,2026-09-13T17:00:00Z,Cincinnati Bengals,Tampa Bay Buccaneers,everygame,spreads,Tampa Bay Buccaneers,4.0,1.91
2026-08-28T10:55,ed6d24ff979f9c71979fead577b0b3f7,2026-09-13T17:00:00Z,Cincinnati Bengals,Tampa Bay Buccaneers,everygame,totals,Over,51.0,1.91
2026-08-28T10:55,ed6d24ff979f9c71979fead577b0b3f7,2026-09-13T17:00:00Z,Cincinnati Bengals,Tampa Bay Buccaneers,everygame,totals,Under,51.0,1.91
2026-08-28T10:55,e55c6fe19fce094ce214c8b0e5b504e9,2026-09-13T17:00:00Z,Jacksonville Jaguars,Cleveland Browns,unibet_se,h2h,Cleveland Browns,,4.0
2026-08-28T10:55,e55c6fe19fce094ce214c8b0e5b504e9,2026-09-13T17:00:00Z,Jacksonville Jaguars,Cleveland Browns,unibet_se,h2h,Jacksonville Jaguars,,1.25
2026-08-28T10:55,e55c6fe19fce094ce214c8b0e5b504e9,2026-09-13T17:00:00Z,Jacksonville Jaguars,Cleveland Browns,unibet_se,spreads,Cleveland Browns,7.5,1.91
2026-08-28T10:55,e55c6fe19fce094ce214c8b0e5b504e9,2026-09-13T17:00:00Z,Jacksonville Jaguars,Cleveland Browns,unibet_se,spreads,Jacksonville Jaguars,-7.5,1.91
2026-08-28T10:55,e55c6fe19fce094ce214c8b0e5b504e9,2026-09-13T17:00:00Z,Jacksonville Jaguars,Cleveland Browns,betonlineag,h2h,Cleveland Browns,,3.89
2026-08-28T10:55,e55c6fe19fce094ce214c8b0e5b504e9,2026-09-13T17:00:00Z,Jacksonville Jaguars,Cleveland Browns,betonlineag,h2h,Jacksonville Jaguars,,1.28
2026-08-28T10:55,e55c6fe19fce094ce214c8b0e5b504e9,2026-09-13T17:00:00Z,Jacksonville Jaguars,Cleveland Browns,betonlineag,spreads,Cleveland Browns,7.5,1.94
2026-08-28T10:55,e55c6fe19fce094ce214c8b0e5b504e9,2026-09-13T17:00:00Z,Jacksonville Jaguars,Cleveland Browns,betonlineag,spreads,Jacksonville Jaguars,-7.5,1.88
2026-08-28T10:55,e55c6fe19fce094ce214c8b0e5b504e9,2026-09-13T17:00:00Z,Jacksonville Jaguars,Cleveland Browns,betonlineag,totals,Over,40.5,1.91
2026-08-28T10:55,e55c6fe19fce094ce214c8b0e5b504e9,2026-09-13T17:00:00Z,Jacksonville Jaguars,Cleveland Browns,betonlineag,totals,Under,40.5,1.91
2026-08-28T10:55,e55c6fe19fce094ce214c8b0e5b504e9,2026-09-13T17:00:00Z,Jacksonville Jaguars,Cleveland Browns,leovegas_se,h2h,Cleveland Browns,,4.0
2026-08-28T10:55,e55c6fe19fce094ce214c8b0e5b504e9,2026-09-13T17:00:00Z,Jacksonville Jaguars,Cleveland Browns,leovegas_se,h2h,Jacksonville Jaguars,,1.25
2026-08-28T10:55,e55c6fe19fce094ce214c8b0e5b504e9,2026-09-13T17:00:00Z,Jacksonville Jaguars,Cleveland Browns,leovegas_se,spreads,Cleveland Browns,7.5,1.91
2026-08-28T10:55,e55c6fe19fce094ce214c8b0e5b504e9,2026-09-13T17:00:00Z,Jacksonville Jaguars,Cleveland Browns,leovegas_se,spreads,Jacksonville Jaguars,-7.5,1.91
2026-08-28T10:55,e55c6fe19fce094ce214c8b0e5b504e9,2026-09-13T17:00:00Z,Jacksonville Jaguars,Cleveland Browns,unibet_nl,h2h,Cleveland Browns,,4.0
2026-08-28T10:55,e55c6fe19fce094ce214c8b0e5b504e9,2026-09-13T17:00:00Z,Jacksonville Jaguars,Cleveland Browns,unibet_nl,h2h,Jacksonville Jaguars,,1.25
2026-08-28T10:55,e55c6fe19fce094ce214c8b0e5b504e9,2026-09-13T17:00:00Z,Jacksonville Jaguars,Cleveland Browns,unibet_nl,spreads,Cleveland Browns,7.5,1.91
2026-08-28T10:55,e55c6fe19fce094ce214c8b0e5b504e9,2026-09-13T17:00:00Z,Jacksonville Jaguars,Cleveland Browns,unibet_nl,spreads,Jacksonville Jaguars,-7.5,1.91
2026-08-28T10:55,e55c6fe19fce094ce214c8b0e5b504e9,2026-09-13T17:00:00Z,Jacksonville Jaguars,Cleveland Browns,unibet_nl,totals,Over,40.5,1.91
2026-08-28T10:55,e55c6fe19fce094ce214c8b0e5b504e9,2026-09-13T17:00:00Z,Jacksonville Jaguars,Cleveland Browns,unibet_nl,totals,Under,40.5,1.91
2026-08-28T10:55,e55c6fe19fce094ce214c8b0e5b504e9,2026-09-13T17:00:00Z,Jacksonville Jaguars,Cleveland Browns,gtbets,h2h,Cleveland Browns,,4.0
2026-08-28T10:55,e55c6fe19fce094ce214c8b0e5b504e9,2026-09-13T17:00:00Z,Jacksonville Jaguars,Cleveland Browns,gtbets,h2h,Jacksonville Jaguars,,1.26
2026-08-28T10:55,e55c6fe19fce094ce214c8b0e5b504e9,2026-09-13T17:00:00Z,Jacksonville Jaguars,Cleveland Browns,gtbets,spreads,Cleveland Browns,7.5,1.92
2026-08-28T10:55,e55c6fe19fce094ce214c8b0e5b504e9,2026-09-13T17:00:00Z,Jacksonville Jaguars,Cleveland Browns,gtbets,spreads,Jacksonville Jaguars,-7.5,1.92
2026-08-28T10:55,e55c6fe19fce094ce214c8b0e5b504e9,2026-09-13T17:00:00Z,Jacksonville Jaguars,Cleveland Browns,gtbets,totals,Over,40.5,1.92
2026-08-28T10:55,e55c6fe19fce094ce214c8b0e5b504e9,2026-09-13T17:00:00Z,Jacksonville Jaguars,Cleveland Browns,gtbets,totals,Under,40.5,1.92
2026-08-28T10:55,e55c6fe19fce094ce214c8b0e5b504e9,2026-09-13T17:00:00Z,Jacksonville Jaguars,Cleveland Browns,betclic_fr,h2h,Cleveland Browns,,4.1
2026-08-28T10:55,e55c6fe19fce094ce214c8b0e5b504e9,2026-09-13T17:00:00Z,Jacksonville Jaguars,Cleveland Browns,betclic_fr,h2h,Jacksonville Jaguars,,1.22
2026-08-28T10:55,e55c6fe19fce094ce214c8b0e5b504e9,2026-09-13T17:00:00Z,Jacksonville Jaguars,Cleveland Browns,tipico_de,h2h,Cleveland Browns,,4.1
2026-08-28T10:55,e55c6fe19fce094ce214c8b0e5b504e9,2026-09-13T17:00:00Z,Jacksonville Jaguars,Cleveland Browns,tipico_de,h2h,Jacksonville Jaguars,,1.22
2026-08-28T10:55,e55c6fe19fce094ce214c8b0e5b504e9,2026-09-13T17:00:00Z,Jacksonville Jaguars,Cleveland Browns,tipico_de,spreads,Cleveland Browns,8.5,1.9
2026-08-28T10:55,e55c6fe19fce094ce214c8b0e5b504e9,2026-09-13T17:00:00Z,Jacksonville Jaguars,Cleveland Browns,tipico_de,spreads,Jacksonville Jaguars,-8.5,1.87
2026-08-28T10:55,e55c6fe19fce094ce214c8b0e5b504e9,2026-09-13T17:00:00Z,Jacksonville Jaguars,Cleveland Browns,tipico_de,totals,Over,40.5,1.87
2026-08-28T10:55,e55c6fe19fce094ce214c8b0e5b504e9,2026-09-13T17:00:00Z,Jacksonville Jaguars,Cleveland Browns,tipico_de,totals,Under,40.5,1.9
2026-08-28T10:55,e55c6fe19fce094ce214c8b0e5b504e9,2026-09-13T17:00:00Z,Jacksonville Jaguars,Cleveland Browns,betsson,h2h,Cleveland Browns,,3.86
2026-08-28T10:55,e55c6fe19fce094ce214c8b0e5b504e9,2026-09-13T17:00:00Z,Jacksonville Jaguars,Cleveland Browns,betsson,h2h,Jacksonville Jaguars,,1.22
2026-08-28T10:55,e55c6fe19fce094ce214c8b0e5b504e9,2026-09-13T17:00:00Z,Jacksonville Jaguars,Cleveland Browns,betsson,spreads,Cleveland Browns,7.5,1.86
2026-08-28T10:55,e55c6fe19fce094ce214c8b0e5b504e9,2026-09-13T17:00:00Z,Jacksonville Jaguars,Cleveland Browns,betsson,spreads,Jacksonville Jaguars,-7.5,1.84
2026-08-28T10:55,e55c6fe19fce094ce214c8b0e5b504e9,2026-09-13T17:00:00Z,Jacksonville Jaguars,Cleveland Browns,betsson,totals,Over,40.5,1.83
2026-08-28T10:55,e55c6fe19fce094ce214c8b0e5b504e9,2026-09-13T17:00:00Z,Jacksonville Jaguars,Cleveland Browns,betsson,totals,Under,40.5,1.87
2026-08-28T10:55,e55c6fe19fce094ce214c8b0e5b504e9,2026-09-13T17:00:00Z,Jacksonville Jaguars,Cleveland Browns,nordicbet,h2h,Cleveland Browns,,3.86
2026-08-28T10:55,e55c6fe19fce094ce214c8b0e5b504e9,2026-09-13T17:00:00Z,Jacksonville Jaguars,Cleveland Browns,nordicbet,h2h,Jacksonville Jaguars,,1.22
2026-08-28T10:55,e55c6fe19fce094ce214c8b0e5b504e9,2026-09-13T17:00:00Z,Jacksonville Jaguars,Cleveland Browns,nordicbet,spreads,Cleveland Browns,7.5,1.86
2026-08-28T10:55,e55c6fe19fce094ce214c8b0e5b504e9,2026-09-13T17:00:00Z,Jacksonville Jaguars,Cleveland Browns,nordicbet,spreads,Jacksonville Jaguars,-7.5,1.84
2026-08-28T10:55,e55c6fe19fce094ce214c8b0e5b504e9,2026-09-13T17:00:00Z,Jacksonville Jaguars,Cleveland Browns,nordicbet,totals,Over,40.5,1.83
2026-08-28T10:55,e55c6fe19fce094ce214c8b0e5b504e9,2026-09-13T17:00:00Z,Jacksonville Jaguars,Cleveland Browns,nordicbet,totals,Under,40.5,1.87
2026-08-28T10:55,e55c6fe19fce094ce214c8b0e5b504e9,2026-09-13T17:00:00Z,Jacksonville Jaguars,Cleveland Browns,onexbet,spreads,Cleveland Browns,7.5,1.91
2026-08-28T10:55,e55c6fe19fce094ce214c8b0e5b504e9,2026-09-13T17:00:00Z,Jacksonville Jaguars,Cleveland Browns,onexbet,spreads,Jacksonville Jaguars,-7.5,1.91
2026-08-28T10:55,e55c6fe19fce094ce214c8b0e5b504e9,2026-09-13T17:00:00Z,Jacksonville Jaguars,Cleveland Browns,onexbet,totals,Over,40.5,1.91
2026-08-28T10:55,e55c6fe19fce094ce214c8b0e5b504e9,2026-09-13T17:00:00Z,Jacksonville Jaguars,Cleveland Browns,onexbet,totals,Under,40.5,1.91
2026-08-28T10:55,e55c6fe19fce094ce214c8b0e5b504e9,2026-09-13T17:00:00Z,Jacksonville Jaguars,Cleveland Browns,pinnacle,h2h,Cleveland Browns,,4.14
2026-08-28T10:55,e55c6fe19fce094ce214c8b0e5b504e9,2026-09-13T17:00:00Z,Jacksonville Jaguars,Cleveland Browns,pinnacle,h2h,Jacksonville Jaguars,,1.26
2026-08-28T10:55,e55c6fe19fce094ce214c8b0e5b504e9,2026-09-13T17:00:00Z,Jacksonville Jaguars,Cleveland Browns,pinnacle,spreads,Cleveland Browns,7.5,2.04
2026-08-28T10:55,e55c6fe19fce094ce214c8b0e5b504e9,2026-09-13T17:00:00Z,Jacksonville Jaguars,Cleveland Browns,pinnacle,spreads,Jacksonville Jaguars,-7.5,1.85
2026-08-28T10:55,e55c6fe19fce094ce214c8b0e5b504e9,2026-09-13T17:00:00Z,Jacksonville Jaguars,Cleveland Browns,pinnacle,totals,Over,40.5,1.91
2026-08-28T10:55,e55c6fe19fce094ce214c8b0e5b504e9,2026-09-13T17:00:00Z,Jacksonville Jaguars,Cleveland Browns,pinnacle,totals,Under,40.5,1.94
2026-08-28T10:55,e55c6fe19fce094ce214c8b0e5b504e9,2026-09-13T17:00:00Z,Jacksonville Jaguars,Cleveland Browns,marathonbet,h2h,Cleveland Browns,,3.78
2026-08-28T10:55,e55c6fe19fce094ce214c8b0e5b504e9,2026-09-13T17:00:00Z,Jacksonville Jaguars,Cleveland Browns,marathonbet,h2h,Jacksonville Jaguars,,1.26
2026-08-28T10:55,e55c6fe19fce094ce214c8b0e5b504e9,2026-09-13T17:00:00Z,Jacksonville Jaguars,Cleveland Browns,mybookieag,h2h,Cleveland Browns,,3.9
2026-08-28T10:55,e55c6fe19fce094ce214c8b0e5b504e9,2026-09-13T17:00:00Z,Jacksonville Jaguars,Cleveland Browns,mybookieag,h2h,Jacksonville Jaguars,,1.24
2026-08-28T10:55,e55c6fe19fce094ce214c8b0e5b504e9,2026-09-13T17:00:00Z,Jacksonville Jaguars,Cleveland Browns,mybookieag,spreads,Cleveland Browns,7.5,1.91
2026-08-28T10:55,e55c6fe19fce094ce214c8b0e5b504e9,2026-09-13T17:00:00Z,Jacksonville Jaguars,Cleveland Browns,mybookieag,spreads,Jacksonville Jaguars,-7.5,1.91
2026-08-28T10:55,e55c6fe19fce094ce214c8b0e5b504e9,2026-09-13T17:00:00Z,Jacksonville Jaguars,Cleveland Browns,mybookieag,totals,Over,40.5,1.91
2026-08-28T10:55,e55c6fe19fce094ce214c8b0e5b504e9,2026-09-13T17:00:00Z,Jacksonville Jaguars,Cleveland Browns,mybookieag,totals,Under,40.5,1.91
2026-08-28T10:55,e55c6fe19fce094ce214c8b0e5b504e9,2026-09-13T17:00:00Z,Jacksonville Jaguars,Cleveland Browns,coolbet,h2h,Cleveland Browns,,3.9
2026-08-28T10:55,e55c6fe19fce094ce214c8b0e5b504e9,2026-09-13T17:00:00Z,Jacksonville Jaguars,Cleveland Browns,coolbet,h2h,Jacksonville Jaguars,,1.24
2026-08-28T10:55,e55c6fe19fce094ce214c8b0e5b504e9,2026-09-13T17:00:00Z,Jacksonville Jaguars,Cleveland Browns,coolbet,spreads,Cleveland Browns,7.5,1.93
2026-08-28T10:55,e55c6fe19fce094ce214c8b0e5b504e9,2026-09-13T17:00:00Z,Jacksonville Jaguars,Cleveland Browns,coolbet,spreads,Jacksonville Jaguars,-7.5,1.91
2026-08-28T10:55,e55c6fe19fce094ce214c8b0e5b504e9,2026-09-13T17:00:00Z,Jacksonville Jaguars,Cleveland Browns,coolbet,totals,Over,40.5,1.9
2026-08-28T10:55,e55c6fe19fce094ce214c8b0e5b504e9,2026-09-13T17:00:00Z,Jacksonville Jaguars,Cleveland Browns,coolbet,totals,Under,40.5,1.95
2026-08-28T10:55,e55c6fe19fce094ce214c8b0e5b504e9,2026-09-13T17:00:00Z,Jacksonville Jaguars,Cleveland Browns,betfair_ex_eu,h2h,Cleveland Browns,,4.3
2026-08-28T10:55,e55c6fe19fce094ce214c8b0e5b504e9,2026-09-13T17:00:00Z,Jacksonville Jaguars,Cleveland Browns,betfair_ex_eu,h2h,Jacksonville Jaguars,,1.27
2026-08-28T10:55,e55c6fe19fce094ce214c8b0e5b504e9,2026-09-13T17:00:00Z,Jacksonville Jaguars,Cleveland Browns,betfair_ex_eu,h2h_lay,Cleveland Browns,,4.8
2026-08-28T10:55,e55c6fe19fce094ce214c8b0e5b504e9,2026-09-13T17:00:00Z,Jacksonville Jaguars,Cleveland Browns,betfair_ex_eu,h2h_lay,Jacksonville Jaguars,,1.3
2026-08-28T10:55,e55c6fe19fce094ce214c8b0e5b504e9,2026-09-13T17:00:00Z,Jacksonville Jaguars,Cleveland Browns,everygame,h2h,Cleveland Browns,,3.9
2026-08-28T10:55,e55c6fe19fce094ce214c8b0e5b504e9,2026-09-13T17:00:00Z,Jacksonville Jaguars,Cleveland Browns,everygame,h2h,Jacksonville Jaguars,,1.28
2026-08-28T10:55,e55c6fe19fce094ce214c8b0e5b504e9,2026-09-13T17:00:00Z,Jacksonville Jaguars,Cleveland Browns,everygame,spreads,Cleveland Browns,7.5,1.91
2026-08-28T10:55,e55c6fe19fce094ce214c8b0e5b504e9,2026-09-13T17:00:00Z,Jacksonville Jaguars,Cleveland Browns,everygame,spreads,Jacksonville Jaguars,-7.5,1.91
2026-08-28T10:55,e55c6fe19fce094ce214c8b0e5b504e9,2026-09-13T17:00:00Z,Jacksonville Jaguars,Cleveland Browns,everygame,totals,Over,40.5,1.91
2026-08-28T10:55,e55c6fe19fce094ce214c8b0e5b504e9,2026-09-13T17:00:00Z,Jacksonville Jaguars,Cleveland Browns,everygame,totals,Under,40.5,1.91
2026-08-28T10:55,c1d3fcec25aaeb06ebd2244d33d338e0,2026-09-13T17:00:00Z,Detroit Lions,New Orleans Saints,unibet_se,h2h,Detroit Lions,,1.28
2026-08-28T10:55,c1d3fcec25aaeb06ebd2244d33d338e0,2026-09-13T17:00:00Z,Detroit Lions,New Orleans Saints,unibet_se,h2h,New Orleans Saints,,3.8
2026-08-28T10:55,c1d3fcec25aaeb06ebd2244d33d338e0,2026-09-13T17:00:00Z,Detroit Lions,New Orleans Saints,unibet_se,spreads,Detroit Lions,-7.0,1.92
2026-08-28T10:55,c1d3fcec25aaeb06ebd2244d33d338e0,2026-09-13T17:00:00Z,Detroit Lions,New Orleans Saints,unibet_se,spreads,New Orleans Saints,7.0,1.89
2026-08-28T10:55,c1d3fcec25aaeb06ebd2244d33d338e0,2026-09-13T17:00:00Z,Detroit Lions,New Orleans Saints,leovegas_se,h2h,Detroit Lions,,1.28
2026-08-28T10:55,c1d3fcec25aaeb06ebd2244d33d338e0,2026-09-13T17:00:00Z,Detroit Lions,New Orleans Saints,leovegas_se,h2h,New Orleans Saints,,3.8
2026-08-28T10:55,c1d3fcec25aaeb06ebd2244d33d338e0,2026-09-13T17:00:00Z,Detroit Lions,New Orleans Saints,leovegas_se,spreads,Detroit Lions,-7.0,1.92
2026-08-28T10:55,c1d3fcec25aaeb06ebd2244d33d338e0,2026-09-13T17:00:00Z,Detroit Lions,New Orleans Saints,leovegas_se,spreads,New Orleans Saints,7.0,1.89
2026-08-28T10:55,c1d3fcec25aaeb06ebd2244d33d338e0,2026-09-13T17:00:00Z,Detroit Lions,New Orleans Saints,betonlineag,h2h,Detroit Lions,,1.3
2026-08-28T10:55,c1d3fcec25aaeb06ebd2244d33d338e0,2026-09-13T17:00:00Z,Detroit Lions,New Orleans Saints,betonlineag,h2h,New Orleans Saints,,3.7
2026-08-28T10:55,c1d3fcec25aaeb06ebd2244d33d338e0,2026-09-13T17:00:00Z,Detroit Lions,New Orleans Saints,betonlineag,spreads,Detroit Lions,-7.0,1.91
2026-08-28T10:55,c1d3fcec25aaeb06ebd2244d33d338e0,2026-09-13T17:00:00Z,Detroit Lions,New Orleans Saints,betonlineag,spreads,New Orleans Saints,7.0,1.91
2026-08-28T10:55,c1d3fcec25aaeb06ebd2244d33d338e0,2026-09-13T17:00:00Z,Detroit Lions,New Orleans Saints,betonlineag,totals,Over,49.0,1.87
2026-08-28T10:55,c1d3fcec25aaeb06ebd2244d33d338e0,2026-09-13T17:00:00Z,Detroit Lions,New Orleans Saints,betonlineag,totals,Under,49.0,1.95
2026-08-28T10:55,c1d3fcec25aaeb06ebd2244d33d338e0,2026-09-13T17:00:00Z,Detroit Lions,New Orleans Saints,unibet_nl,h2h,Detroit Lions,,1.28
2026-08-28T10:55,c1d3fcec25aaeb06ebd2244d33d338e0,2026-09-13T17:00:00Z,Detroit Lions,New Orleans Saints,unibet_nl,h2h,New Orleans Saints,,3.8
2026-08-28T10:55,c1d3fcec25aaeb06ebd2244d33d338e0,2026-09-13T17:00:00Z,Detroit Lions,New Orleans Saints,unibet_nl,spreads,Detroit Lions,-7.0,1.92
2026-08-28T10:55,c1d3fcec25aaeb06ebd2244d33d338e0,2026-09-13T17:00:00Z,Detroit Lions,New Orleans Saints,unibet_nl,spreads,New Orleans Saints,7.0,1.89
2026-08-28T10:55,c1d3fcec25aaeb06ebd2244d33d338e0,2026-09-13T17:00:00Z,Detroit Lions,New Orleans Saints,unibet_nl,totals,Over,49.0,1.92
2026-08-28T10:55,c1d3fcec25aaeb06ebd2244d33d338e0,2026-09-13T17:00:00Z,Detroit Lions,New Orleans Saints,unibet_nl,totals,Under,49.0,1.89
2026-08-28T10:55,c1d3fcec25aaeb06ebd2244d33d338e0,2026-09-13T17:00:00Z,Detroit Lions,New Orleans Saints,gtbets,h2h,Detroit Lions,,1.31
2026-08-28T10:55,c1d3fcec25aaeb06ebd2244d33d338e0,2026-09-13T17:00:00Z,Detroit Lions,New Orleans Saints,gtbets,h2h,New Orleans Saints,,3.6
2026-08-28T10:55,c1d3fcec25aaeb06ebd2244d33d338e0,2026-09-13T17:00:00Z,Detroit Lions,New Orleans Saints,gtbets,spreads,Detroit Lions,-7.0,1.92
2026-08-28T10:55,c1d3fcec25aaeb06ebd2244d33d338e0,2026-09-13T17:00:00Z,Detroit Lions,New Orleans Saints,gtbets,spreads,New Orleans Saints,7.0,1.92
2026-08-28T10:55,c1d3fcec25aaeb06ebd2244d33d338e0,2026-09-13T17:00:00Z,Detroit Lions,New Orleans Saints,gtbets,totals,Over,49.5,1.92
2026-08-28T10:55,c1d3fcec25aaeb06ebd2244d33d338e0,2026-09-13T17:00:00Z,Detroit Lions,New Orleans Saints,gtbets,totals,Under,49.5,1.92
2026-08-28T10:55,c1d3fcec25aaeb06ebd2244d33d338e0,2026-09-13T17:00:00Z,Detroit Lions,New Orleans Saints,betclic_fr,h2h,Detroit Lions,,1.3
2026-08-28T10:55,c1d3fcec25aaeb06ebd2244d33d338e0,2026-09-13T17:00:00Z,Detroit Lions,New Orleans Saints,betclic_fr,h2h,New Orleans Saints,,3.4
2026-08-28T10:55,c1d3fcec25aaeb06ebd2244d33d338e0,2026-09-13T17:00:00Z,Detroit Lions,New Orleans Saints,tipico_de,h2h,Detroit Lions,,1.3
2026-08-28T10:55,c1d3fcec25aaeb06ebd2244d33d338e0,2026-09-13T17:00:00Z,Detroit Lions,New Orleans Saints,tipico_de,h2h,New Orleans Saints,,3.4
2026-08-28T10:55,c1d3fcec25aaeb06ebd2244d33d338e0,2026-09-13T17:00:00Z,Detroit Lions,New Orleans Saints,tipico_de,spreads,Detroit Lions,-7.5,1.93
2026-08-28T10:55,c1d3fcec25aaeb06ebd2244d33d338e0,2026-09-13T17:00:00Z,Detroit Lions,New Orleans Saints,tipico_de,spreads,New Orleans Saints,7.5,1.83
2026-08-28T10:55,c1d3fcec25aaeb06ebd2244d33d338e0,2026-09-13T17:00:00Z,Detroit Lions,New Orleans Saints,tipico_de,totals,Over,49.5,1.93
2026-08-28T10:55,c1d3fcec25aaeb06ebd2244d33d338e0,2026-09-13T17:00:00Z,Detroit Lions,New Orleans Saints,tipico_de,totals,Under,49.5,1.83
2026-08-28T10:55,c1d3fcec25aaeb06ebd2244d33d338e0,2026-09-13T17:00:00Z,Detroit Lions,New Orleans Saints,nordicbet,h2h,Detroit Lions,,1.26
2026-08-28T10:55,c1d3fcec25aaeb06ebd2244d33d338e0,2026-09-13T17:00:00Z,Detroit Lions,New Orleans Saints,nordicbet,h2h,New Orleans Saints,,3.47
2026-08-28T10:55,c1d3fcec25aaeb06ebd2244d33d338e0,2026-09-13T17:00:00Z,Detroit Lions,New Orleans Saints,nordicbet,spreads,Detroit Lions,-7.0,1.87
2026-08-28T10:55,c1d3fcec25aaeb06ebd2244d33d338e0,2026-09-13T17:00:00Z,Detroit Lions,New Orleans Saints,nordicbet,spreads,New Orleans Saints,7.0,1.83
2026-08-28T10:55,c1d3fcec25aaeb06ebd2244d33d338e0,2026-09-13T17:00:00Z,Detroit Lions,New Orleans Saints,nordicbet,totals,Over,49.0,1.85
2026-08-28T10:55,c1d3fcec25aaeb06ebd2244d33d338e0,2026-09-13T17:00:00Z,Detroit Lions,New Orleans Saints,nordicbet,totals,Under,49.0,1.85
2026-08-28T10:55,c1d3fcec25aaeb06ebd2244d33d338e0,2026-09-13T17:00:00Z,Detroit Lions,New Orleans Saints,betsson,h2h,Detroit Lions,,1.26
2026-08-28T10:55,c1d3fcec25aaeb06ebd2244d33d338e0,2026-09-13T17:00:00Z,Detroit Lions,New Orleans Saints,betsson,h2h,New Orleans Saints,,3.47
2026-08-28T10:55,c1d3fcec25aaeb06ebd2244d33d338e0,2026-09-13T17:00:00Z,Detroit Lions,New Orleans Saints,betsson,spreads,Detroit Lions,-7.0,1.87
2026-08-28T10:55,c1d3fcec25aaeb06ebd2244d33d338e0,2026-09-13T17:00:00Z,Detroit Lions,New Orleans Saints,betsson,spreads,New Orleans Saints,7.0,1.83
2026-08-28T10:55,c1d3fcec25aaeb06ebd2244d33d338e0,2026-09-13T17:00:00Z,Detroit Lions,New Orleans Saints,betsson,totals,Over,49.0,1.85
2026-08-28T10:55,c1d3fcec25aaeb06ebd2244d33d338e0,2026-09-13T17:00:00Z,Detroit Lions,New Orleans Saints,betsson,totals,Under,49.0,1.85
2026-08-28T10:55,c1d3fcec25aaeb06ebd2244d33d338e0,2026-09-13T17:00:00Z,Detroit Lions,New Orleans Saints,onexbet,spreads,Detroit Lions,-6.5,1.84
2026-08-28T10:55,c1d3fcec25aaeb06ebd2244d33d338e0,2026-09-13T17:00:00Z,Detroit Lions,New Orleans Saints,onexbet,spreads,New Orleans Saints,6.5,1.94
2026-08-28T10:55,c1d3fcec25aaeb06ebd2244d33d338e0,2026-09-13T17:00:00Z,Detroit Lions,New Orleans Saints,onexbet,totals,Over,49.5,1.89
2026-08-28T10:55,c1d3fcec25aaeb06ebd2244d33d338e0,2026-09-13T17:00:00Z,Detroit Lions,New Orleans Saints,onexbet,totals,Under,49.5,1.89
2026-08-28T10:55,c1d3fcec25aaeb06ebd2244d33d338e0,2026-09-13T17:00:00Z,Detroit Lions,New Orleans Saints,pinnacle,h2h,Detroit Lions,,1.31
2026-08-28T10:55,c1d3fcec25aaeb06ebd2244d33d338e0,2026-09-13T17:00:00Z,Detroit Lions,New Orleans Saints,pinnacle,h2h,New Orleans Saints,,3.65
2026-08-28T10:55,c1d3fcec25aaeb06ebd2244d33d338e0,2026-09-13T17:00:00Z,Detroit Lions,New Orleans Saints,pinnacle,spreads,Detroit Lions,-7.0,1.96
2026-08-28T10:55,c1d3fcec25aaeb06ebd2244d33d338e0,2026-09-13T17:00:00Z,Detroit Lions,New Orleans Saints,pinnacle,spreads,New Orleans Saints,7.0,1.93
2026-08-28T10:55,c1d3fcec25aaeb06ebd2244d33d338e0,2026-09-13T17:00:00Z,Detroit Lions,New Orleans Saints,pinnacle,totals,Over,49.5,1.94
2026-08-28T10:55,c1d3fcec25aaeb06ebd2244d33d338e0,2026-09-13T17:00:00Z,Detroit Lions,New Orleans Saints,pinnacle,totals,Under,49.5,1.91
2026-08-28T10:55,c1d3fcec25aaeb06ebd2244d33d338e0,2026-09-13T17:00:00Z,Detroit Lions,New Orleans Saints,marathonbet,h2h,Detroit Lions,,1.31
2026-08-28T10:55,c1d3fcec25aaeb06ebd2244d33d338e0,2026-09-13T17:00:00Z,Detroit Lions,New Orleans Saints,marathonbet,h2h,New Orleans Saints,,3.38
2026-08-28T10:55,c1d3fcec25aaeb06ebd2244d33d338e0,2026-09-13T17:00:00Z,Detroit Lions,New Orleans Saints,mybookieag,h2h,Detroit Lions,,1.3
2026-08-28T10:55,c1d3fcec25aaeb06ebd2244d33d338e0,2026-09-13T17:00:00Z,Detroit Lions,New Orleans Saints,mybookieag,h2h,New Orleans Saints,,3.44
2026-08-28T10:55,c1d3fcec25aaeb06ebd2244d33d338e0,2026-09-13T17:00:00Z,Detroit Lions,New Orleans Saints,mybookieag,spreads,Detroit Lions,-7.0,1.91
2026-08-28T10:55,c1d3fcec25aaeb06ebd2244d33d338e0,2026-09-13T17:00:00Z,Detroit Lions,New Orleans Saints,mybookieag,spreads,New Orleans Saints,7.0,1.91
2026-08-28T10:55,c1d3fcec25aaeb06ebd2244d33d338e0,2026-09-13T17:00:00Z,Detroit Lions,New Orleans Saints,mybookieag,totals,Over,49.0,1.91
2026-08-28T10:55,c1d3fcec25aaeb06ebd2244d33d338e0,2026-09-13T17:00:00Z,Detroit Lions,New Orleans Saints,mybookieag,totals,Under,49.0,1.91
2026-08-28T10:55,c1d3fcec25aaeb06ebd2244d33d338e0,2026-09-13T17:00:00Z,Detroit Lions,New Orleans Saints,coolbet,h2h,Detroit Lions,,1.29
2026-08-28T10:55,c1d3fcec25aaeb06ebd2244d33d338e0,2026-09-13T17:00:00Z,Detroit Lions,New Orleans Saints,coolbet,h2h,New Orleans Saints,,3.51
2026-08-28T10:55,c1d3fcec25aaeb06ebd2244d33d338e0,2026-09-13T17:00:00Z,Detroit Lions,New Orleans Saints,coolbet,spreads,Detroit Lions,-7.0,1.95
2026-08-28T10:55,c1d3fcec25aaeb06ebd2244d33d338e0,2026-09-13T17:00:00Z,Detroit Lions,New Orleans Saints,coolbet,spreads,New Orleans Saints,7.0,1.9
2026-08-28T10:55,c1d3fcec25aaeb06ebd2244d33d338e0,2026-09-13T17:00:00Z,Detroit Lions,New Orleans Saints,coolbet,totals,Over,49.0,1.92
2026-08-28T10:55,c1d3fcec25aaeb06ebd2244d33d338e0,2026-09-13T17:00:00Z,Detroit Lions,New Orleans Saints,coolbet,totals,Under,49.0,1.92
2026-08-28T10:55,c1d3fcec25aaeb06ebd2244d33d338e0,2026-09-13T17:00:00Z,Detroit Lions,New Orleans Saints,betfair_ex_eu,h2h,Detroit Lions,,1.27
2026-08-28T10:55,c1d3fcec25aaeb06ebd2244d33d338e0,2026-09-13T17:00:00Z,Detroit Lions,New Orleans Saints,betfair_ex_eu,h2h,New Orleans Saints,,3.8
2026-08-28T10:55,c1d3fcec25aaeb06ebd2244d33d338e0,2026-09-13T17:00:00Z,Detroit Lions,New Orleans Saints,betfair_ex_eu,h2h_lay,Detroit Lions,,1.36
2026-08-28T10:55,c1d3fcec25aaeb06ebd2244d33d338e0,2026-09-13T17:00:00Z,Detroit Lions,New Orleans Saints,betfair_ex_eu,h2h_lay,New Orleans Saints,,4.7
2026-08-28T10:55,c1d3fcec25aaeb06ebd2244d33d338e0,2026-09-13T17:00:00Z,Detroit Lions,New Orleans Saints,everygame,h2h,Detroit Lions,,1.3
2026-08-28T10:55,c1d3fcec25aaeb06ebd2244d33d338e0,2026-09-13T17:00:00Z,Detroit Lions,New Orleans Saints,everygame,h2h,New Orleans Saints,,3.7
2026-08-28T10:55,c1d3fcec25aaeb06ebd2244d33d338e0,2026-09-13T17:00:00Z,Detroit Lions,New Orleans Saints,everygame,spreads,Detroit Lions,-7.0,1.91
2026-08-28T10:55,c1d3fcec25aaeb06ebd2244d33d338e0,2026-09-13T17:00:00Z,Detroit Lions,New Orleans Saints,everygame,spreads,New Orleans Saints,7.0,1.91
2026-08-28T10:55,c1d3fcec25aaeb06ebd2244d33d338e0,2026-09-13T17:00:00Z,Detroit Lions,New Orleans Saints,everygame,totals,Over,49.0,1.87
2026-08-28T10:55,c1d3fcec25aaeb06ebd2244d33d338e0,2026-09-13T17:00:00Z,Detroit Lions,New Orleans Saints,everygame,totals,Under,49.0,1.95
2026-08-28T10:55,7dddb296a42e7a41a774b24bd1709ce1,2026-09-13T17:00:00Z,Tennessee Titans,New York Jets,betonlineag,h2h,New York Jets,,2.3
2026-08-28T10:55,7dddb296a42e7a41a774b24bd1709ce1,2026-09-13T17:00:00Z,Tennessee Titans,New York Jets,betonlineag,h2h,Tennessee Titans,,1.67
2026-08-28T10:55,7dddb296a42e7a41a774b24bd1709ce1,2026-09-13T17:00:00Z,Tennessee Titans,New York Jets,betonlineag,spreads,New York Jets,2.5,1.95
2026-08-28T10:55,7dddb296a42e7a41a774b24bd1709ce1,2026-09-13T17:00:00Z,Tennessee Titans,New York Jets,betonlineag,spreads,Tennessee Titans,-2.5,1.87
2026-08-28T10:55,7dddb296a42e7a41a774b24bd1709ce1,2026-09-13T17:00:00Z,Tennessee Titans,New York Jets,betonlineag,totals,Over,39.5,1.91
2026-08-28T10:55,7dddb296a42e7a41a774b24bd1709ce1,2026-09-13T17:00:00Z,Tennessee Titans,New York Jets,betonlineag,totals,Under,39.5,1.91
2026-08-28T10:55,7dddb296a42e7a41a774b24bd1709ce1,2026-09-13T17:00:00Z,Tennessee Titans,New York Jets,unibet_nl,h2h,New York Jets,,2.23
2026-08-28T10:55,7dddb296a42e7a41a774b24bd1709ce1,2026-09-13T17:00:00Z,Tennessee Titans,New York Jets,unibet_nl,h2h,Tennessee Titans,,1.67
2026-08-28T10:55,7dddb296a42e7a41a774b24bd1709ce1,2026-09-13T17:00:00Z,Tennessee Titans,New York Jets,unibet_nl,spreads,New York Jets,2.5,1.93
2026-08-28T10:55,7dddb296a42e7a41a774b24bd1709ce1,2026-09-13T17:00:00Z,Tennessee Titans,New York Jets,unibet_nl,spreads,Tennessee Titans,-2.5,1.88
2026-08-28T10:55,7dddb296a42e7a41a774b24bd1709ce1,2026-09-13T17:00:00Z,Tennessee Titans,New York Jets,unibet_nl,totals,Over,39.0,1.92
2026-08-28T10:55,7dddb296a42e7a41a774b24bd1709ce1,2026-09-13T17:00:00Z,Tennessee Titans,New York Jets,unibet_nl,totals,Under,39.0,1.89
2026-08-28T10:55,7dddb296a42e7a41a774b24bd1709ce1,2026-09-13T17:00:00Z,Tennessee Titans,New York Jets,leovegas_se,h2h,New York Jets,,2.23
2026-08-28T10:55,7dddb296a42e7a41a774b24bd1709ce1,2026-09-13T17:00:00Z,Tennessee Titans,New York Jets,leovegas_se,h2h,Tennessee Titans,,1.67
2026-08-28T10:55,7dddb296a42e7a41a774b24bd1709ce1,2026-09-13T17:00:00Z,Tennessee Titans,New York Jets,leovegas_se,spreads,New York Jets,2.5,1.93
2026-08-28T10:55,7dddb296a42e7a41a774b24bd1709ce1,2026-09-13T17:00:00Z,Tennessee Titans,New York Jets,leovegas_se,spreads,Tennessee Titans,-2.5,1.88
2026-08-28T10:55,7dddb296a42e7a41a774b24bd1709ce1,2026-09-13T17:00:00Z,Tennessee Titans,New York Jets,unibet_se,h2h,New York Jets,,2.23
2026-08-28T10:55,7dddb296a42e7a41a774b24bd1709ce1,2026-09-13T17:00:00Z,Tennessee Titans,New York Jets,unibet_se,h2h,Tennessee Titans,,1.67
2026-08-28T10:55,7dddb296a42e7a41a774b24bd1709ce1,2026-09-13T17:00:00Z,Tennessee Titans,New York Jets,unibet_se,spreads,New York Jets,2.5,1.93
2026-08-28T10:55,7dddb296a42e7a41a774b24bd1709ce1,2026-09-13T17:00:00Z,Tennessee Titans,New York Jets,unibet_se,spreads,Tennessee Titans,-2.5,1.88
2026-08-28T10:55,7dddb296a42e7a41a774b24bd1709ce1,2026-09-13T17:00:00Z,Tennessee Titans,New York Jets,nordicbet,h2h,New York Jets,,2.12
2026-08-28T10:55,7dddb296a42e7a41a774b24bd1709ce1,2026-09-13T17:00:00Z,Tennessee Titans,New York Jets,nordicbet,h2h,Tennessee Titans,,1.64
2026-08-28T10:55,7dddb296a42e7a41a774b24bd1709ce1,2026-09-13T17:00:00Z,Tennessee Titans,New York Jets,nordicbet,spreads,New York Jets,2.5,1.87
2026-08-28T10:55,7dddb296a42e7a41a774b24bd1709ce1,2026-09-13T17:00:00Z,Tennessee Titans,New York Jets,nordicbet,spreads,Tennessee Titans,-2.5,1.83
2026-08-28T10:55,7dddb296a42e7a41a774b24bd1709ce1,2026-09-13T17:00:00Z,Tennessee Titans,New York Jets,nordicbet,totals,Over,39.0,1.87
2026-08-28T10:55,7dddb296a42e7a41a774b24bd1709ce1,2026-09-13T17:00:00Z,Tennessee Titans,New York Jets,nordicbet,totals,Under,39.0,1.83
2026-08-28T10:55,7dddb296a42e7a41a774b24bd1709ce1,2026-09-13T17:00:00Z,Tennessee Titans,New York Jets,betsson,h2h,New York Jets,,2.12
2026-08-28T10:55,7dddb296a42e7a41a774b24bd1709ce1,2026-09-13T17:00:00Z,Tennessee Titans,New York Jets,betsson,h2h,Tennessee Titans,,1.64
2026-08-28T10:55,7dddb296a42e7a41a774b24bd1709ce1,2026-09-13T17:00:00Z,Tennessee Titans,New York Jets,betsson,spreads,New York Jets,2.5,1.87
2026-08-28T10:55,7dddb296a42e7a41a774b24bd1709ce1,2026-09-13T17:00:00Z,Tennessee Titans,New York Jets,betsson,spreads,Tennessee Titans,-2.5,1.83
2026-08-28T10:55,7dddb296a42e7a41a774b24bd1709ce1,2026-09-13T17:00:00Z,Tennessee Titans,New York Jets,betsson,totals,Over,39.0,1.87
2026-08-28T10:55,7dddb296a42e7a41a774b24bd1709ce1,2026-09-13T17:00:00Z,Tennessee Titans,New York Jets,betsson,totals,Under,39.0,1.83
2026-08-28T10:55,7dddb296a42e7a41a774b24bd1709ce1,2026-09-13T17:00:00Z,Tennessee Titans,New York Jets,gtbets,h2h,New York Jets,,2.25
2026-08-28T10:55,7dddb296a42e7a41a774b24bd1709ce1,2026-09-13T17:00:00Z,Tennessee Titans,New York Jets,gtbets,h2h,Tennessee Titans,,1.69
2026-08-28T10:55,7dddb296a42e7a41a774b24bd1709ce1,2026-09-13T17:00:00Z,Tennessee Titans,New York Jets,gtbets,spreads,New York Jets,2.5,1.96
2026-08-28T10:55,7dddb296a42e7a41a774b24bd1709ce1,2026-09-13T17:00:00Z,Tennessee Titans,New York Jets,gtbets,spreads,Tennessee Titans,-2.5,1.88
2026-08-28T10:55,7dddb296a42e7a41a774b24bd1709ce1,2026-09-13T17:00:00Z,Tennessee Titans,New York Jets,gtbets,totals,Over,39.5,1.92
2026-08-28T10:55,7dddb296a42e7a41a774b24bd1709ce1,2026-09-13T17:00:00Z,Tennessee Titans,New York Jets,gtbets,totals,Under,39.5,1.92
2026-08-28T10:55,7dddb296a42e7a41a774b24bd1709ce1,2026-09-13T17:00:00Z,Tennessee Titans,New York Jets,betclic_fr,h2h,New York Jets,,2.15
2026-08-28T10:55,7dddb296a42e7a41a774b24bd1709ce1,2026-09-13T17:00:00Z,Tennessee Titans,New York Jets,betclic_fr,h2h,Tennessee Titans,,1.65
2026-08-28T10:55,7dddb296a42e7a41a774b24bd1709ce1,2026-09-13T17:00:00Z,Tennessee Titans,New York Jets,tipico_de,h2h,New York Jets,,2.2
2026-08-28T10:55,7dddb296a42e7a41a774b24bd1709ce1,2026-09-13T17:00:00Z,Tennessee Titans,New York Jets,tipico_de,h2h,Tennessee Titans,,1.65
2026-08-28T10:55,7dddb296a42e7a41a774b24bd1709ce1,2026-09-13T17:00:00Z,Tennessee Titans,New York Jets,tipico_de,spreads,New York Jets,2.5,2.0
2026-08-28T10:55,7dddb296a42e7a41a774b24bd1709ce1,2026-09-13T17:00:00Z,Tennessee Titans,New York Jets,tipico_de,spreads,Tennessee Titans,-2.5,1.77
2026-08-28T10:55,7dddb296a42e7a41a774b24bd1709ce1,2026-09-13T17:00:00Z,Tennessee Titans,New York Jets,tipico_de,totals,Over,39.5,1.87
2026-08-28T10:55,7dddb296a42e7a41a774b24bd1709ce1,2026-09-13T17:00:00Z,Tennessee Titans,New York Jets,tipico_de,totals,Under,39.5,1.9
2026-08-28T10:55,7dddb296a42e7a41a774b24bd1709ce1,2026-09-13T17:00:00Z,Tennessee Titans,New York Jets,onexbet,spreads,New York Jets,2.5,1.95
2026-08-28T10:55,7dddb296a42e7a41a774b24bd1709ce1,2026-09-13T17:00:00Z,Tennessee Titans,New York Jets,onexbet,spreads,Tennessee Titans,-2.5,1.87
2026-08-28T10:55,7dddb296a42e7a41a774b24bd1709ce1,2026-09-13T17:00:00Z,Tennessee Titans,New York Jets,onexbet,totals,Over,39.5,1.91
2026-08-28T10:55,7dddb296a42e7a41a774b24bd1709ce1,2026-09-13T17:00:00Z,Tennessee Titans,New York Jets,onexbet,totals,Under,39.5,1.91
2026-08-28T10:55,7dddb296a42e7a41a774b24bd1709ce1,2026-09-13T17:00:00Z,Tennessee Titans,New York Jets,pinnacle,h2h,New York Jets,,2.28
2026-08-28T10:55,7dddb296a42e7a41a774b24bd1709ce1,2026-09-13T17:00:00Z,Tennessee Titans,New York Jets,pinnacle,h2h,Tennessee Titans,,1.69
2026-08-28T10:55,7dddb296a42e7a41a774b24bd1709ce1,2026-09-13T17:00:00Z,Tennessee Titans,New York Jets,pinnacle,spreads,New York Jets,2.5,1.98
2026-08-28T10:55,7dddb296a42e7a41a774b24bd1709ce1,2026-09-13T17:00:00Z,Tennessee Titans,New York Jets,pinnacle,spreads,Tennessee Titans,-2.5,1.91
2026-08-28T10:55,7dddb296a42e7a41a774b24bd1709ce1,2026-09-13T17:00:00Z,Tennessee Titans,New York Jets,pinnacle,totals,Over,39.0,1.91
2026-08-28T10:55,7dddb296a42e7a41a774b24bd1709ce1,2026-09-13T17:00:00Z,Tennessee Titans,New York Jets,pinnacle,totals,Under,39.0,1.94
2026-08-28T10:55,7dddb296a42e7a41a774b24bd1709ce1,2026-09-13T17:00:00Z,Tennessee Titans,New York Jets,marathonbet,h2h,New York Jets,,2.13
2026-08-28T10:55,7dddb296a42e7a41a774b24bd1709ce1,2026-09-13T17:00:00Z,Tennessee Titans,New York Jets,marathonbet,h2h,Tennessee Titans,,1.7
2026-08-28T10:55,7dddb296a42e7a41a774b24bd1709ce1,2026-09-13T17:00:00Z,Tennessee Titans,New York Jets,mybookieag,h2h,New York Jets,,2.19
2026-08-28T10:55,7dddb296a42e7a41a774b24bd1709ce1,2026-09-13T17:00:00Z,Tennessee Titans,New York Jets,mybookieag,h2h,Tennessee Titans,,1.66
2026-08-28T10:55,7dddb296a42e7a41a774b24bd1709ce1,2026-09-13T17:00:00Z,Tennessee Titans,New York Jets,mybookieag,spreads,New York Jets,2.5,1.91
2026-08-28T10:55,7dddb296a42e7a41a774b24bd1709ce1,2026-09-13T17:00:00Z,Tennessee Titans,New York Jets,mybookieag,spreads,Tennessee Titans,-2.5,1.91
2026-08-28T10:55,7dddb296a42e7a41a774b24bd1709ce1,2026-09-13T17:00:00Z,Tennessee Titans,New York Jets,mybookieag,totals,Over,39.5,1.91
2026-08-28T10:55,7dddb296a42e7a41a774b24bd1709ce1,2026-09-13T17:00:00Z,Tennessee Titans,New York Jets,mybookieag,totals,Under,39.5,1.91
2026-08-28T10:55,7dddb296a42e7a41a774b24bd1709ce1,2026-09-13T17:00:00Z,Tennessee Titans,New York Jets,coolbet,h2h,New York Jets,,2.15
2026-08-28T10:55,7dddb296a42e7a41a774b24bd1709ce1,2026-09-13T17:00:00Z,Tennessee Titans,New York Jets,coolbet,h2h,Tennessee Titans,,1.68
2026-08-28T10:55,7dddb296a42e7a41a774b24bd1709ce1,2026-09-13T17:00:00Z,Tennessee Titans,New York Jets,coolbet,spreads,New York Jets,2.5,1.95
2026-08-28T10:55,7dddb296a42e7a41a774b24bd1709ce1,2026-09-13T17:00:00Z,Tennessee Titans,New York Jets,coolbet,spreads,Tennessee Titans,-2.5,1.9
2026-08-28T10:55,7dddb296a42e7a41a774b24bd1709ce1,2026-09-13T17:00:00Z,Tennessee Titans,New York Jets,coolbet,totals,Over,39.0,1.95
2026-08-28T10:55,7dddb296a42e7a41a774b24bd1709ce1,2026-09-13T17:00:00Z,Tennessee Titans,New York Jets,coolbet,totals,Under,39.0,1.9
2026-08-28T10:55,7dddb296a42e7a41a774b24bd1709ce1,2026-09-13T17:00:00Z,Tennessee Titans,New York Jets,betfair_ex_eu,h2h,New York Jets,,2.02
2026-08-28T10:55,7dddb296a42e7a41a774b24bd1709ce1,2026-09-13T17:00:00Z,Tennessee Titans,New York Jets,betfair_ex_eu,h2h,Tennessee Titans,,1.63
2026-08-28T10:55,7dddb296a42e7a41a774b24bd1709ce1,2026-09-13T17:00:00Z,Tennessee Titans,New York Jets,betfair_ex_eu,h2h_lay,New York Jets,,2.6
2026-08-28T10:55,7dddb296a42e7a41a774b24bd1709ce1,2026-09-13T17:00:00Z,Tennessee Titans,New York Jets,betfair_ex_eu,h2h_lay,Tennessee Titans,,1.97
2026-08-28T10:55,7dddb296a42e7a41a774b24bd1709ce1,2026-09-13T17:00:00Z,Tennessee Titans,New York Jets,everygame,h2h,New York Jets,,2.3
2026-08-28T10:55,7dddb296a42e7a41a774b24bd1709ce1,2026-09-13T17:00:00Z,Tennessee Titans,New York Jets,everygame,h2h,Tennessee Titans,,1.67
2026-08-28T10:55,7dddb296a42e7a41a774b24bd1709ce1,2026-09-13T17:00:00Z,Tennessee Titans,New York Jets,everygame,spreads,New York Jets,2.5,1.95
2026-08-28T10:55,7dddb296a42e7a41a774b24bd1709ce1,2026-09-13T17:00:00Z,Tennessee Titans,New York Jets,everygame,spreads,Tennessee Titans,-2.5,1.87
2026-08-28T10:55,7dddb296a42e7a41a774b24bd1709ce1,2026-09-13T17:00:00Z,Tennessee Titans,New York Jets,everygame,totals,Over,39.5,1.91
2026-08-28T10:55,7dddb296a42e7a41a774b24bd1709ce1,2026-09-13T17:00:00Z,Tennessee Titans,New York Jets,everygame,totals,Under,39.5,1.91
2026-08-28T10:55,1edfa5ceaa1ad2cb57df1c1b908731f6,2026-09-13T20:25:00Z,Los Angeles Chargers,Arizona Cardinals,leovegas_se,h2h,Arizona Cardinals,,5.3
2026-08-28T10:55,1edfa5ceaa1ad2cb57df1c1b908731f6,2026-09-13T20:25:00Z,Los Angeles Chargers,Arizona Cardinals,leovegas_se,h2h,Los Angeles Chargers,,1.16
2026-08-28T10:55,1edfa5ceaa1ad2cb57df1c1b908731f6,2026-09-13T20:25:00Z,Los Angeles Chargers,Arizona Cardinals,leovegas_se,spreads,Arizona Cardinals,10.5,1.88
2026-08-28T10:55,1edfa5ceaa1ad2cb57df1c1b908731f6,2026-09-13T20:25:00Z,Los Angeles Chargers,Arizona Cardinals,leovegas_se,spreads,Los Angeles Chargers,-10.5,1.93
2026-08-28T10:55,1edfa5ceaa1ad2cb57df1c1b908731f6,2026-09-13T20:25:00Z,Los Angeles Chargers,Arizona Cardinals,betonlineag,h2h,Arizona Cardinals,,5.0
2026-08-28T10:55,1edfa5ceaa1ad2cb57df1c1b908731f6,2026-09-13T20:25:00Z,Los Angeles Chargers,Arizona Cardinals,betonlineag,h2h,Los Angeles Chargers,,1.19
2026-08-28T10:55,1edfa5ceaa1ad2cb57df1c1b908731f6,2026-09-13T20:25:00Z,Los Angeles Chargers,Arizona Cardinals,betonlineag,spreads,Arizona Cardinals,10.0,1.87
2026-08-28T10:55,1edfa5ceaa1ad2cb57df1c1b908731f6,2026-09-13T20:25:00Z,Los Angeles Chargers,Arizona Cardinals,betonlineag,spreads,Los Angeles Chargers,-10.0,1.95
2026-08-28T10:55,1edfa5ceaa1ad2cb57df1c1b908731f6,2026-09-13T20:25:00Z,Los Angeles Chargers,Arizona Cardinals,betonlineag,totals,Over,46.0,1.87
2026-08-28T10:55,1edfa5ceaa1ad2cb57df1c1b908731f6,2026-09-13T20:25:00Z,Los Angeles Chargers,Arizona Cardinals,betonlineag,totals,Under,46.0,1.95
2026-08-28T10:55,1edfa5ceaa1ad2cb57df1c1b908731f6,2026-09-13T20:25:00Z,Los Angeles Chargers,Arizona Cardinals,unibet_nl,h2h,Arizona Cardinals,,5.3
2026-08-28T10:55,1edfa5ceaa1ad2cb57df1c1b908731f6,2026-09-13T20:25:00Z,Los Angeles Chargers,Arizona Cardinals,unibet_nl,h2h,Los Angeles Chargers,,1.16
2026-08-28T10:55,1edfa5ceaa1ad2cb57df1c1b908731f6,2026-09-13T20:25:00Z,Los Angeles Chargers,Arizona Cardinals,unibet_nl,spreads,Arizona Cardinals,10.5,1.88
2026-08-28T10:55,1edfa5ceaa1ad2cb57df1c1b908731f6,2026-09-13T20:25:00Z,Los Angeles Chargers,Arizona Cardinals,unibet_nl,spreads,Los Angeles Chargers,-10.5,1.93
2026-08-28T10:55,1edfa5ceaa1ad2cb57df1c1b908731f6,2026-09-13T20:25:00Z,Los Angeles Chargers,Arizona Cardinals,unibet_nl,totals,Over,46.5,1.92
2026-08-28T10:55,1edfa5ceaa1ad2cb57df1c1b908731f6,2026-09-13T20:25:00Z,Los Angeles Chargers,Arizona Cardinals,unibet_nl,totals,Under,46.5,1.89
2026-08-28T10:55,1edfa5ceaa1ad2cb57df1c1b908731f6,2026-09-13T20:25:00Z,Los Angeles Chargers,Arizona Cardinals,unibet_se,h2h,Arizona Cardinals,,5.3
2026-08-28T10:55,1edfa5ceaa1ad2cb57df1c1b908731f6,2026-09-13T20:25:00Z,Los Angeles Chargers,Arizona Cardinals,unibet_se,h2h,Los Angeles Chargers,,1.16
2026-08-28T10:55,1edfa5ceaa1ad2cb57df1c1b908731f6,2026-09-13T20:25:00Z,Los Angeles Chargers,Arizona Cardinals,unibet_se,spreads,Arizona Cardinals,10.5,1.88
2026-08-28T10:55,1edfa5ceaa1ad2cb57df1c1b908731f6,2026-09-13T20:25:00Z,Los Angeles Chargers,Arizona Cardinals,unibet_se,spreads,Los Angeles Chargers,-10.5,1.93
2026-08-28T10:55,1edfa5ceaa1ad2cb57df1c1b908731f6,2026-09-13T20:25:00Z,Los Angeles Chargers,Arizona Cardinals,nordicbet,h2h,Arizona Cardinals,,4.73
2026-08-28T10:55,1edfa5ceaa1ad2cb57df1c1b908731f6,2026-09-13T20:25:00Z,Los Angeles Chargers,Arizona Cardinals,nordicbet,h2h,Los Angeles Chargers,,1.15
2026-08-28T10:55,1edfa5ceaa1ad2cb57df1c1b908731f6,2026-09-13T20:25:00Z,Los Angeles Chargers,Arizona Cardinals,nordicbet,spreads,Arizona Cardinals,10.5,1.83
2026-08-28T10:55,1edfa5ceaa1ad2cb57df1c1b908731f6,2026-09-13T20:25:00Z,Los Angeles Chargers,Arizona Cardinals,nordicbet,spreads,Los Angeles Chargers,-10.5,1.87
2026-08-28T10:55,1edfa5ceaa1ad2cb57df1c1b908731f6,2026-09-13T20:25:00Z,Los Angeles Chargers,Arizona Cardinals,nordicbet,totals,Over,46.5,1.85
2026-08-28T10:55,1edfa5ceaa1ad2cb57df1c1b908731f6,2026-09-13T20:25:00Z,Los Angeles Chargers,Arizona Cardinals,nordicbet,totals,Under,46.5,1.85
2026-08-28T10:55,1edfa5ceaa1ad2cb57df1c1b908731f6,2026-09-13T20:25:00Z,Los Angeles Chargers,Arizona Cardinals,betsson,h2h,Arizona Cardinals,,4.73
2026-08-28T10:55,1edfa5ceaa1ad2cb57df1c1b908731f6,2026-09-13T20:25:00Z,Los Angeles Chargers,Arizona Cardinals,betsson,h2h,Los Angeles Chargers,,1.15
2026-08-28T10:55,1edfa5ceaa1ad2cb57df1c1b908731f6,2026-09-13T20:25:00Z,Los Angeles Chargers,Arizona Cardinals,betsson,spreads,Arizona Cardinals,10.5,1.83
2026-08-28T10:55,1edfa5ceaa1ad2cb57df1c1b908731f6,2026-09-13T20:25:00Z,Los Angeles Chargers,Arizona Cardinals,betsson,spreads,Los Angeles Chargers,-10.5,1.87
2026-08-28T10:55,1edfa5ceaa1ad2cb57df1c1b908731f6,2026-09-13T20:25:00Z,Los Angeles Chargers,Arizona Cardinals,betsson,totals,Over,46.5,1.85
2026-08-28T10:55,1edfa5ceaa1ad2cb57df1c1b908731f6,2026-09-13T20:25:00Z,Los Angeles Chargers,Arizona Cardinals,betsson,totals,Under,46.5,1.85
2026-08-28T10:55,1edfa5ceaa1ad2cb57df1c1b908731f6,2026-09-13T20:25:00Z,Los Angeles Chargers,Arizona Cardinals,gtbets,h2h,Arizona Cardinals,,5.0
2026-08-28T10:55,1edfa5ceaa1ad2cb57df1c1b908731f6,2026-09-13T20:25:00Z,Los Angeles Chargers,Arizona Cardinals,gtbets,h2h,Los Angeles Chargers,,1.18
2026-08-28T10:55,1edfa5ceaa1ad2cb57df1c1b908731f6,2026-09-13T20:25:00Z,Los Angeles Chargers,Arizona Cardinals,gtbets,spreads,Arizona Cardinals,10.0,1.88
2026-08-28T10:55,1edfa5ceaa1ad2cb57df1c1b908731f6,2026-09-13T20:25:00Z,Los Angeles Chargers,Arizona Cardinals,gtbets,spreads,Los Angeles Chargers,-10.0,1.96
2026-08-28T10:55,1edfa5ceaa1ad2cb57df1c1b908731f6,2026-09-13T20:25:00Z,Los Angeles Chargers,Arizona Cardinals,gtbets,totals,Over,46.5,1.92
2026-08-28T10:55,1edfa5ceaa1ad2cb57df1c1b908731f6,2026-09-13T20:25:00Z,Los Angeles Chargers,Arizona Cardinals,gtbets,totals,Under,46.5,1.92
2026-08-28T10:55,1edfa5ceaa1ad2cb57df1c1b908731f6,2026-09-13T20:25:00Z,Los Angeles Chargers,Arizona Cardinals,tipico_de,h2h,Arizona Cardinals,,5.0
2026-08-28T10:55,1edfa5ceaa1ad2cb57df1c1b908731f6,2026-09-13T20:25:00Z,Los Angeles Chargers,Arizona Cardinals,tipico_de,h2h,Los Angeles Chargers,,1.16
2026-08-28T10:55,1edfa5ceaa1ad2cb57df1c1b908731f6,2026-09-13T20:25:00Z,Los Angeles Chargers,Arizona Cardinals,tipico_de,spreads,Arizona Cardinals,10.5,1.83
2026-08-28T10:55,1edfa5ceaa1ad2cb57df1c1b908731f6,2026-09-13T20:25:00Z,Los Angeles Chargers,Arizona Cardinals,tipico_de,spreads,Los Angeles Chargers,-10.5,1.93
2026-08-28T10:55,1edfa5ceaa1ad2cb57df1c1b908731f6,2026-09-13T20:25:00Z,Los Angeles Chargers,Arizona Cardinals,tipico_de,totals,Over,46.5,1.87
2026-08-28T10:55,1edfa5ceaa1ad2cb57df1c1b908731f6,2026-09-13T20:25:00Z,Los Angeles Chargers,Arizona Cardinals,tipico_de,totals,Under,46.5,1.9
2026-08-28T10:55,1edfa5ceaa1ad2cb57df1c1b908731f6,2026-09-13T20:25:00Z,Los Angeles Chargers,Arizona Cardinals,onexbet,spreads,Arizona Cardinals,10.5,1.89
2026-08-28T10:55,1edfa5ceaa1ad2cb57df1c1b908731f6,2026-09-13T20:25:00Z,Los Angeles Chargers,Arizona Cardinals,onexbet,spreads,Los Angeles Chargers,-10.5,1.89
2026-08-28T10:55,1edfa5ceaa1ad2cb57df1c1b908731f6,2026-09-13T20:25:00Z,Los Angeles Chargers,Arizona Cardinals,onexbet,totals,Over,46.5,1.89
2026-08-28T10:55,1edfa5ceaa1ad2cb57df1c1b908731f6,2026-09-13T20:25:00Z,Los Angeles Chargers,Arizona Cardinals,onexbet,totals,Under,46.5,1.89
2026-08-28T10:55,1edfa5ceaa1ad2cb57df1c1b908731f6,2026-09-13T20:25:00Z,Los Angeles Chargers,Arizona Cardinals,betclic_fr,h2h,Arizona Cardinals,,4.7
2026-08-28T10:55,1edfa5ceaa1ad2cb57df1c1b908731f6,2026-09-13T20:25:00Z,Los Angeles Chargers,Arizona Cardinals,betclic_fr,h2h,Los Angeles Chargers,,1.17
2026-08-28T10:55,1edfa5ceaa1ad2cb57df1c1b908731f6,2026-09-13T20:25:00Z,Los Angeles Chargers,Arizona Cardinals,pinnacle,h2h,Arizona Cardinals,,4.94
2026-08-28T10:55,1edfa5ceaa1ad2cb57df1c1b908731f6,2026-09-13T20:25:00Z,Los Angeles Chargers,Arizona Cardinals,pinnacle,h2h,Los Angeles Chargers,,1.2
2026-08-28T10:55,1edfa5ceaa1ad2cb57df1c1b908731f6,2026-09-13T20:25:00Z,Los Angeles Chargers,Arizona Cardinals,pinnacle,spreads,Arizona Cardinals,10.5,1.85
2026-08-28T10:55,1edfa5ceaa1ad2cb57df1c1b908731f6,2026-09-13T20:25:00Z,Los Angeles Chargers,Arizona Cardinals,pinnacle,spreads,Los Angeles Chargers,-10.5,2.05
2026-08-28T10:55,1edfa5ceaa1ad2cb57df1c1b908731f6,2026-09-13T20:25:00Z,Los Angeles Chargers,Arizona Cardinals,pinnacle,totals,Over,46.0,1.85
2026-08-28T10:55,1edfa5ceaa1ad2cb57df1c1b908731f6,2026-09-13T20:25:00Z,Los Angeles Chargers,Arizona Cardinals,pinnacle,totals,Under,46.0,2.0
2026-08-28T10:55,1edfa5ceaa1ad2cb57df1c1b908731f6,2026-09-13T20:25:00Z,Los Angeles Chargers,Arizona Cardinals,marathonbet,h2h,Arizona Cardinals,,5.1
2026-08-28T10:55,1edfa5ceaa1ad2cb57df1c1b908731f6,2026-09-13T20:25:00Z,Los Angeles Chargers,Arizona Cardinals,marathonbet,h2h,Los Angeles Chargers,,1.16
2026-08-28T10:55,1edfa5ceaa1ad2cb57df1c1b908731f6,2026-09-13T20:25:00Z,Los Angeles Chargers,Arizona Cardinals,mybookieag,h2h,Arizona Cardinals,,4.8
2026-08-28T10:55,1edfa5ceaa1ad2cb57df1c1b908731f6,2026-09-13T20:25:00Z,Los Angeles Chargers,Arizona Cardinals,mybookieag,h2h,Los Angeles Chargers,,1.17
2026-08-28T10:55,1edfa5ceaa1ad2cb57df1c1b908731f6,2026-09-13T20:25:00Z,Los Angeles Chargers,Arizona Cardinals,mybookieag,spreads,Arizona Cardinals,10.0,1.91
2026-08-28T10:55,1edfa5ceaa1ad2cb57df1c1b908731f6,2026-09-13T20:25:00Z,Los Angeles Chargers,Arizona Cardinals,mybookieag,spreads,Los Angeles Chargers,-10.0,1.91
2026-08-28T10:55,1edfa5ceaa1ad2cb57df1c1b908731f6,2026-09-13T20:25:00Z,Los Angeles Chargers,Arizona Cardinals,mybookieag,totals,Over,46.5,1.91
2026-08-28T10:55,1edfa5ceaa1ad2cb57df1c1b908731f6,2026-09-13T20:25:00Z,Los Angeles Chargers,Arizona Cardinals,mybookieag,totals,Under,46.5,1.91
2026-08-28T10:55,1edfa5ceaa1ad2cb57df1c1b908731f6,2026-09-13T20:25:00Z,Los Angeles Chargers,Arizona Cardinals,coolbet,h2h,Arizona Cardinals,,4.9
2026-08-28T10:55,1edfa5ceaa1ad2cb57df1c1b908731f6,2026-09-13T20:25:00Z,Los Angeles Chargers,Arizona Cardinals,coolbet,h2h,Los Angeles Chargers,,1.17
2026-08-28T10:55,1edfa5ceaa1ad2cb57df1c1b908731f6,2026-09-13T20:25:00Z,Los Angeles Chargers,Arizona Cardinals,coolbet,spreads,Arizona Cardinals,10.5,1.9
2026-08-28T10:55,1edfa5ceaa1ad2cb57df1c1b908731f6,2026-09-13T20:25:00Z,Los Angeles Chargers,Arizona Cardinals,coolbet,spreads,Los Angeles Chargers,-10.5,1.95
2026-08-28T10:55,1edfa5ceaa1ad2cb57df1c1b908731f6,2026-09-13T20:25:00Z,Los Angeles Chargers,Arizona Cardinals,coolbet,totals,Over,46.5,1.91
2026-08-28T10:55,1edfa5ceaa1ad2cb57df1c1b908731f6,2026-09-13T20:25:00Z,Los Angeles Chargers,Arizona Cardinals,coolbet,totals,Under,46.5,1.93
2026-08-28T10:55,1edfa5ceaa1ad2cb57df1c1b908731f6,2026-09-13T20:25:00Z,Los Angeles Chargers,Arizona Cardinals,betfair_ex_eu,h2h,Arizona Cardinals,,5.3
2026-08-28T10:55,1edfa5ceaa1ad2cb57df1c1b908731f6,2026-09-13T20:25:00Z,Los Angeles Chargers,Arizona Cardinals,betfair_ex_eu,h2h,Los Angeles Chargers,,1.19
2026-08-28T10:55,1edfa5ceaa1ad2cb57df1c1b908731f6,2026-09-13T20:25:00Z,Los Angeles Chargers,Arizona Cardinals,betfair_ex_eu,h2h_lay,Arizona Cardinals,,6.4
2026-08-28T10:55,1edfa5ceaa1ad2cb57df1c1b908731f6,2026-09-13T20:25:00Z,Los Angeles Chargers,Arizona Cardinals,betfair_ex_eu,h2h_lay,Los Angeles Chargers,,1.23
2026-08-28T10:55,1edfa5ceaa1ad2cb57df1c1b908731f6,2026-09-13T20:25:00Z,Los Angeles Chargers,Arizona Cardinals,everygame,h2h,Arizona Cardinals,,5.05
2026-08-28T10:55,1edfa5ceaa1ad2cb57df1c1b908731f6,2026-09-13T20:25:00Z,Los Angeles Chargers,Arizona Cardinals,everygame,h2h,Los Angeles Chargers,,1.19
2026-08-28T10:55,1edfa5ceaa1ad2cb57df1c1b908731f6,2026-09-13T20:25:00Z,Los Angeles Chargers,Arizona Cardinals,everygame,spreads,Arizona Cardinals,10.0,1.87
2026-08-28T10:55,1edfa5ceaa1ad2cb57df1c1b908731f6,2026-09-13T20:25:00Z,Los Angeles Chargers,Arizona Cardinals,everygame,spreads,Los Angeles Chargers,-10.0,1.95
2026-08-28T10:55,1edfa5ceaa1ad2cb57df1c1b908731f6,2026-09-13T20:25:00Z,Los Angeles Chargers,Arizona Cardinals,everygame,totals,Over,46.5,1.91
2026-08-28T10:55,1edfa5ceaa1ad2cb57df1c1b908731f6,2026-09-13T20:25:00Z,Los Angeles Chargers,Arizona Cardinals,everygame,totals,Under,46.5,1.91
2026-08-28T10:55,cb77efed7e711d25a72c1a2a0a1af119,2026-09-13T20:25:00Z,Minnesota Vikings,Green Bay Packers,leovegas_se,h2h,Green Bay Packers,,1.93
2026-08-28T10:55,cb77efed7e711d25a72c1a2a0a1af119,2026-09-13T20:25:00Z,Minnesota Vikings,Green Bay Packers,leovegas_se,h2h,Minnesota Vikings,,1.88
2026-08-28T10:55,cb77efed7e711d25a72c1a2a0a1af119,2026-09-13T20:25:00Z,Minnesota Vikings,Green Bay Packers,leovegas_se,spreads,Green Bay Packers,1.0,1.87
2026-08-28T10:55,cb77efed7e711d25a72c1a2a0a1af119,2026-09-13T20:25:00Z,Minnesota Vikings,Green Bay Packers,leovegas_se,spreads,Minnesota Vikings,-1.0,1.95
2026-08-28T10:55,cb77efed7e711d25a72c1a2a0a1af119,2026-09-13T20:25:00Z,Minnesota Vikings,Green Bay Packers,betonlineag,h2h,Green Bay Packers,,2.0
2026-08-28T10:55,cb77efed7e711d25a72c1a2a0a1af119,2026-09-13T20:25:00Z,Minnesota Vikings,Green Bay Packers,betonlineag,h2h,Minnesota Vikings,,1.83
2026-08-28T10:55,cb77efed7e711d25a72c1a2a0a1af119,2026-09-13T20:25:00Z,Minnesota Vikings,Green Bay Packers,betonlineag,spreads,Green Bay Packers,1.5,1.87
2026-08-28T10:55,cb77efed7e711d25a72c1a2a0a1af119,2026-09-13T20:25:00Z,Minnesota Vikings,Green Bay Packers,betonlineag,spreads,Minnesota Vikings,-1.5,1.95
2026-08-28T10:55,cb77efed7e711d25a72c1a2a0a1af119,2026-09-13T20:25:00Z,Minnesota Vikings,Green Bay Packers,betonlineag,totals,Over,45.0,1.91
2026-08-28T10:55,cb77efed7e711d25a72c1a2a0a1af119,2026-09-13T20:25:00Z,Minnesota Vikings,Green Bay Packers,betonlineag,totals,Under,45.0,1.91
2026-08-28T10:55,cb77efed7e711d25a72c1a2a0a1af119,2026-09-13T20:25:00Z,Minnesota Vikings,Green Bay Packers,unibet_nl,h2h,Green Bay Packers,,1.93
2026-08-28T10:55,cb77efed7e711d25a72c1a2a0a1af119,2026-09-13T20:25:00Z,Minnesota Vikings,Green Bay Packers,unibet_nl,h2h,Minnesota Vikings,,1.88
2026-08-28T10:55,cb77efed7e711d25a72c1a2a0a1af119,2026-09-13T20:25:00Z,Minnesota Vikings,Green Bay Packers,unibet_nl,spreads,Green Bay Packers,1.0,1.87
2026-08-28T10:55,cb77efed7e711d25a72c1a2a0a1af119,2026-09-13T20:25:00Z,Minnesota Vikings,Green Bay Packers,unibet_nl,spreads,Minnesota Vikings,-1.0,1.95
2026-08-28T10:55,cb77efed7e711d25a72c1a2a0a1af119,2026-09-13T20:25:00Z,Minnesota Vikings,Green Bay Packers,unibet_nl,totals,Over,45.0,1.88
2026-08-28T10:55,cb77efed7e711d25a72c1a2a0a1af119,2026-09-13T20:25:00Z,Minnesota Vikings,Green Bay Packers,unibet_nl,totals,Under,45.0,1.93
2026-08-28T10:55,cb77efed7e711d25a72c1a2a0a1af119,2026-09-13T20:25:00Z,Minnesota Vikings,Green Bay Packers,unibet_se,h2h,Green Bay Packers,,1.93
2026-08-28T10:55,cb77efed7e711d25a72c1a2a0a1af119,2026-09-13T20:25:00Z,Minnesota Vikings,Green Bay Packers,unibet_se,h2h,Minnesota Vikings,,1.88
2026-08-28T10:55,cb77efed7e711d25a72c1a2a0a1af119,2026-09-13T20:25:00Z,Minnesota Vikings,Green Bay Packers,unibet_se,spreads,Green Bay Packers,1.0,1.87
2026-08-28T10:55,cb77efed7e711d25a72c1a2a0a1af119,2026-09-13T20:25:00Z,Minnesota Vikings,Green Bay Packers,unibet_se,spreads,Minnesota Vikings,-1.0,1.95
2026-08-28T10:55,cb77efed7e711d25a72c1a2a0a1af119,2026-09-13T20:25:00Z,Minnesota Vikings,Green Bay Packers,gtbets,h2h,Green Bay Packers,,2.0
2026-08-28T10:55,cb77efed7e711d25a72c1a2a0a1af119,2026-09-13T20:25:00Z,Minnesota Vikings,Green Bay Packers,gtbets,h2h,Minnesota Vikings,,1.83
2026-08-28T10:55,cb77efed7e711d25a72c1a2a0a1af119,2026-09-13T20:25:00Z,Minnesota Vikings,Green Bay Packers,gtbets,spreads,Green Bay Packers,1.5,1.88
2026-08-28T10:55,cb77efed7e711d25a72c1a2a0a1af119,2026-09-13T20:25:00Z,Minnesota Vikings,Green Bay Packers,gtbets,spreads,Minnesota Vikings,-1.5,1.96
2026-08-28T10:55,cb77efed7e711d25a72c1a2a0a1af119,2026-09-13T20:25:00Z,Minnesota Vikings,Green Bay Packers,gtbets,totals,Over,45.0,1.92
2026-08-28T10:55,cb77efed7e711d25a72c1a2a0a1af119,2026-09-13T20:25:00Z,Minnesota Vikings,Green Bay Packers,gtbets,totals,Under,45.0,1.92
2026-08-28T10:55,cb77efed7e711d25a72c1a2a0a1af119,2026-09-13T20:25:00Z,Minnesota Vikings,Green Bay Packers,tipico_de,h2h,Green Bay Packers,,1.97
2026-08-28T10:55,cb77efed7e711d25a72c1a2a0a1af119,2026-09-13T20:25:00Z,Minnesota Vikings,Green Bay Packers,tipico_de,h2h,Minnesota Vikings,,1.8
2026-08-28T10:55,cb77efed7e711d25a72c1a2a0a1af119,2026-09-13T20:25:00Z,Minnesota Vikings,Green Bay Packers,tipico_de,spreads,Green Bay Packers,1.5,1.87
2026-08-28T10:55,cb77efed7e711d25a72c1a2a0a1af119,2026-09-13T20:25:00Z,Minnesota Vikings,Green Bay Packers,tipico_de,spreads,Minnesota Vikings,-1.5,1.9
2026-08-28T10:55,cb77efed7e711d25a72c1a2a0a1af119,2026-09-13T20:25:00Z,Minnesota Vikings,Green Bay Packers,tipico_de,totals,Over,45.5,1.87
2026-08-28T10:55,cb77efed7e711d25a72c1a2a0a1af119,2026-09-13T20:25:00Z,Minnesota Vikings,Green Bay Packers,tipico_de,totals,Under,45.5,1.9
2026-08-28T10:55,cb77efed7e711d25a72c1a2a0a1af119,2026-09-13T20:25:00Z,Minnesota Vikings,Green Bay Packers,nordicbet,h2h,Green Bay Packers,,1.93
2026-08-28T10:55,cb77efed7e711d25a72c1a2a0a1af119,2026-09-13T20:25:00Z,Minnesota Vikings,Green Bay Packers,nordicbet,h2h,Minnesota Vikings,,1.78
2026-08-28T10:55,cb77efed7e711d25a72c1a2a0a1af119,2026-09-13T20:25:00Z,Minnesota Vikings,Green Bay Packers,nordicbet,spreads,Green Bay Packers,1.0,1.87
2026-08-28T10:55,cb77efed7e711d25a72c1a2a0a1af119,2026-09-13T20:25:00Z,Minnesota Vikings,Green Bay Packers,nordicbet,spreads,Minnesota Vikings,-1.0,1.83
2026-08-28T10:55,cb77efed7e711d25a72c1a2a0a1af119,2026-09-13T20:25:00Z,Minnesota Vikings,Green Bay Packers,nordicbet,totals,Over,45.5,1.87
2026-08-28T10:55,cb77efed7e711d25a72c1a2a0a1af119,2026-09-13T20:25:00Z,Minnesota Vikings,Green Bay Packers,nordicbet,totals,Under,45.5,1.83
2026-08-28T10:55,cb77efed7e711d25a72c1a2a0a1af119,2026-09-13T20:25:00Z,Minnesota Vikings,Green Bay Packers,betsson,h2h,Green Bay Packers,,1.93
2026-08-28T10:55,cb77efed7e711d25a72c1a2a0a1af119,2026-09-13T20:25:00Z,Minnesota Vikings,Green Bay Packers,betsson,h2h,Minnesota Vikings,,1.78
2026-08-28T10:55,cb77efed7e711d25a72c1a2a0a1af119,2026-09-13T20:25:00Z,Minnesota Vikings,Green Bay Packers,betsson,spreads,Green Bay Packers,1.0,1.87
2026-08-28T10:55,cb77efed7e711d25a72c1a2a0a1af119,2026-09-13T20:25:00Z,Minnesota Vikings,Green Bay Packers,betsson,spreads,Minnesota Vikings,-1.0,1.83
2026-08-28T10:55,cb77efed7e711d25a72c1a2a0a1af119,2026-09-13T20:25:00Z,Minnesota Vikings,Green Bay Packers,betsson,totals,Over,45.5,1.87
2026-08-28T10:55,cb77efed7e711d25a72c1a2a0a1af119,2026-09-13T20:25:00Z,Minnesota Vikings,Green Bay Packers,betsson,totals,Under,45.5,1.83
2026-08-28T10:55,cb77efed7e711d25a72c1a2a0a1af119,2026-09-13T20:25:00Z,Minnesota Vikings,Green Bay Packers,onexbet,spreads,Green Bay Packers,1.5,1.83
2026-08-28T10:55,cb77efed7e711d25a72c1a2a0a1af119,2026-09-13T20:25:00Z,Minnesota Vikings,Green Bay Packers,onexbet,spreads,Minnesota Vikings,-1.5,2.0
2026-08-28T10:55,cb77efed7e711d25a72c1a2a0a1af119,2026-09-13T20:25:00Z,Minnesota Vikings,Green Bay Packers,onexbet,totals,Over,45.5,1.91
2026-08-28T10:55,cb77efed7e711d25a72c1a2a0a1af119,2026-09-13T20:25:00Z,Minnesota Vikings,Green Bay Packers,onexbet,totals,Under,45.5,1.91
2026-08-28T10:55,cb77efed7e711d25a72c1a2a0a1af119,2026-09-13T20:25:00Z,Minnesota Vikings,Green Bay Packers,betclic_fr,h2h,Green Bay Packers,,1.95
2026-08-28T10:55,cb77efed7e711d25a72c1a2a0a1af119,2026-09-13T20:25:00Z,Minnesota Vikings,Green Bay Packers,betclic_fr,h2h,Minnesota Vikings,,1.8
2026-08-28T10:55,cb77efed7e711d25a72c1a2a0a1af119,2026-09-13T20:25:00Z,Minnesota Vikings,Green Bay Packers,pinnacle,h2h,Green Bay Packers,,2.05
2026-08-28T10:55,cb77efed7e711d25a72c1a2a0a1af119,2026-09-13T20:25:00Z,Minnesota Vikings,Green Bay Packers,pinnacle,h2h,Minnesota Vikings,,1.85
2026-08-28T10:55,cb77efed7e711d25a72c1a2a0a1af119,2026-09-13T20:25:00Z,Minnesota Vikings,Green Bay Packers,pinnacle,spreads,Green Bay Packers,1.0,1.97
2026-08-28T10:55,cb77efed7e711d25a72c1a2a0a1af119,2026-09-13T20:25:00Z,Minnesota Vikings,Green Bay Packers,pinnacle,spreads,Minnesota Vikings,-1.0,1.92
2026-08-28T10:55,cb77efed7e711d25a72c1a2a0a1af119,2026-09-13T20:25:00Z,Minnesota Vikings,Green Bay Packers,pinnacle,totals,Over,45.5,1.98
2026-08-28T10:55,cb77efed7e711d25a72c1a2a0a1af119,2026-09-13T20:25:00Z,Minnesota Vikings,Green Bay Packers,pinnacle,totals,Under,45.5,1.88
2026-08-28T10:55,cb77efed7e711d25a72c1a2a0a1af119,2026-09-13T20:25:00Z,Minnesota Vikings,Green Bay Packers,marathonbet,h2h,Green Bay Packers,,1.88
2026-08-28T10:55,cb77efed7e711d25a72c1a2a0a1af119,2026-09-13T20:25:00Z,Minnesota Vikings,Green Bay Packers,marathonbet,h2h,Minnesota Vikings,,1.9
2026-08-28T10:55,cb77efed7e711d25a72c1a2a0a1af119,2026-09-13T20:25:00Z,Minnesota Vikings,Green Bay Packers,mybookieag,h2h,Green Bay Packers,,1.97
2026-08-28T10:55,cb77efed7e711d25a72c1a2a0a1af119,2026-09-13T20:25:00Z,Minnesota Vikings,Green Bay Packers,mybookieag,h2h,Minnesota Vikings,,1.81
2026-08-28T10:55,cb77efed7e711d25a72c1a2a0a1af119,2026-09-13T20:25:00Z,Minnesota Vikings,Green Bay Packers,mybookieag,spreads,Green Bay Packers,1.5,1.91
2026-08-28T10:55,cb77efed7e711d25a72c1a2a0a1af119,2026-09-13T20:25:00Z,Minnesota Vikings,Green Bay Packers,mybookieag,spreads,Minnesota Vikings,-1.5,1.91
2026-08-28T10:55,cb77efed7e711d25a72c1a2a0a1af119,2026-09-13T20:25:00Z,Minnesota Vikings,Green Bay Packers,mybookieag,totals,Over,45.5,1.91
2026-08-28T10:55,cb77efed7e711d25a72c1a2a0a1af119,2026-09-13T20:25:00Z,Minnesota Vikings,Green Bay Packers,mybookieag,totals,Under,45.5,1.91
2026-08-28T10:55,cb77efed7e711d25a72c1a2a0a1af119,2026-09-13T20:25:00Z,Minnesota Vikings,Green Bay Packers,coolbet,h2h,Green Bay Packers,,1.98
2026-08-28T10:55,cb77efed7e711d25a72c1a2a0a1af119,2026-09-13T20:25:00Z,Minnesota Vikings,Green Bay Packers,coolbet,h2h,Minnesota Vikings,,1.8
2026-08-28T10:55,cb77efed7e711d25a72c1a2a0a1af119,2026-09-13T20:25:00Z,Minnesota Vikings,Green Bay Packers,coolbet,spreads,Green Bay Packers,1.0,1.93
2026-08-28T10:55,cb77efed7e711d25a72c1a2a0a1af119,2026-09-13T20:25:00Z,Minnesota Vikings,Green Bay Packers,coolbet,spreads,Minnesota Vikings,-1.0,1.91
2026-08-28T10:55,cb77efed7e711d25a72c1a2a0a1af119,2026-09-13T20:25:00Z,Minnesota Vikings,Green Bay Packers,coolbet,totals,Over,45.5,1.93
2026-08-28T10:55,cb77efed7e711d25a72c1a2a0a1af119,2026-09-13T20:25:00Z,Minnesota Vikings,Green Bay Packers,coolbet,totals,Under,45.5,1.91
2026-08-28T10:55,cb77efed7e711d25a72c1a2a0a1af119,2026-09-13T20:25:00Z,Minnesota Vikings,Green Bay Packers,betfair_ex_eu,h2h,Green Bay Packers,,2.02
2026-08-28T10:55,cb77efed7e711d25a72c1a2a0a1af119,2026-09-13T20:25:00Z,Minnesota Vikings,Green Bay Packers,betfair_ex_eu,h2h,Minnesota Vikings,,1.87
2026-08-28T10:55,cb77efed7e711d25a72c1a2a0a1af119,2026-09-13T20:25:00Z,Minnesota Vikings,Green Bay Packers,betfair_ex_eu,h2h_lay,Green Bay Packers,,2.16
2026-08-28T10:55,cb77efed7e711d25a72c1a2a0a1af119,2026-09-13T20:25:00Z,Minnesota Vikings,Green Bay Packers,betfair_ex_eu,h2h_lay,Minnesota Vikings,,1.98
2026-08-28T10:55,cb77efed7e711d25a72c1a2a0a1af119,2026-09-13T20:25:00Z,Minnesota Vikings,Green Bay Packers,everygame,h2h,Green Bay Packers,,2.0
2026-08-28T10:55,cb77efed7e711d25a72c1a2a0a1af119,2026-09-13T20:25:00Z,Minnesota Vikings,Green Bay Packers,everygame,h2h,Minnesota Vikings,,1.83
2026-08-28T10:55,cb77efed7e711d25a72c1a2a0a1af119,2026-09-13T20:25:00Z,Minnesota Vikings,Green Bay Packers,everygame,spreads,Green Bay Packers,1.5,1.87
2026-08-28T10:55,cb77efed7e711d25a72c1a2a0a1af119,2026-09-13T20:25:00Z,Minnesota Vikings,Green Bay Packers,everygame,spreads,Minnesota Vikings,-1.5,1.95
2026-08-28T10:55,cb77efed7e711d25a72c1a2a0a1af119,2026-09-13T20:25:00Z,Minnesota Vikings,Green Bay Packers,everygame,totals,Over,45.0,1.91
2026-08-28T10:55,cb77efed7e711d25a72c1a2a0a1af119,2026-09-13T20:25:00Z,Minnesota Vikings,Green Bay Packers,everygame,totals,Under,45.0,1.91
2026-08-28T10:55,c5d95f48a16849ab6bebc68fbbfcb74a,2026-09-13T20:25:00Z,Las Vegas Raiders,Miami Dolphins,unibet_se,h2h,Las Vegas Raiders,,1.51
2026-08-28T10:55,c5d95f48a16849ab6bebc68fbbfcb74a,2026-09-13T20:25:00Z,Las Vegas Raiders,Miami Dolphins,unibet_se,h2h,Miami Dolphins,,2.6
2026-08-28T10:55,c5d95f48a16849ab6bebc68fbbfcb74a,2026-09-13T20:25:00Z,Las Vegas Raiders,Miami Dolphins,unibet_se,spreads,Las Vegas Raiders,-3.5,1.91
2026-08-28T10:55,c5d95f48a16849ab6bebc68fbbfcb74a,2026-09-13T20:25:00Z,Las Vegas Raiders,Miami Dolphins,unibet_se,spreads,Miami Dolphins,3.5,1.91
2026-08-28T10:55,c5d95f48a16849ab6bebc68fbbfcb74a,2026-09-13T20:25:00Z,Las Vegas Raiders,Miami Dolphins,unibet_nl,h2h,Las Vegas Raiders,,1.51
2026-08-28T10:55,c5d95f48a16849ab6bebc68fbbfcb74a,2026-09-13T20:25:00Z,Las Vegas Raiders,Miami Dolphins,unibet_nl,h2h,Miami Dolphins,,2.6
2026-08-28T10:55,c5d95f48a16849ab6bebc68fbbfcb74a,2026-09-13T20:25:00Z,Las Vegas Raiders,Miami Dolphins,unibet_nl,spreads,Las Vegas Raiders,-3.5,1.91
2026-08-28T10:55,c5d95f48a16849ab6bebc68fbbfcb74a,2026-09-13T20:25:00Z,Las Vegas Raiders,Miami Dolphins,unibet_nl,spreads,Miami Dolphins,3.5,1.91
2026-08-28T10:55,c5d95f48a16849ab6bebc68fbbfcb74a,2026-09-13T20:25:00Z,Las Vegas Raiders,Miami Dolphins,unibet_nl,totals,Over,40.0,1.88
2026-08-28T10:55,c5d95f48a16849ab6bebc68fbbfcb74a,2026-09-13T20:25:00Z,Las Vegas Raiders,Miami Dolphins,unibet_nl,totals,Under,40.0,1.93
2026-08-28T10:55,c5d95f48a16849ab6bebc68fbbfcb74a,2026-09-13T20:25:00Z,Las Vegas Raiders,Miami Dolphins,leovegas_se,h2h,Las Vegas Raiders,,1.51
2026-08-28T10:55,c5d95f48a16849ab6bebc68fbbfcb74a,2026-09-13T20:25:00Z,Las Vegas Raiders,Miami Dolphins,leovegas_se,h2h,Miami Dolphins,,2.6
2026-08-28T10:55,c5d95f48a16849ab6bebc68fbbfcb74a,2026-09-13T20:25:00Z,Las Vegas Raiders,Miami Dolphins,leovegas_se,spreads,Las Vegas Raiders,-3.5,1.91
2026-08-28T10:55,c5d95f48a16849ab6bebc68fbbfcb74a,2026-09-13T20:25:00Z,Las Vegas Raiders,Miami Dolphins,leovegas_se,spreads,Miami Dolphins,3.5,1.91
2026-08-28T10:55,c5d95f48a16849ab6bebc68fbbfcb74a,2026-09-13T20:25:00Z,Las Vegas Raiders,Miami Dolphins,betonlineag,h2h,Las Vegas Raiders,,1.53
2026-08-28T10:55,c5d95f48a16849ab6bebc68fbbfcb74a,2026-09-13T20:25:00Z,Las Vegas Raiders,Miami Dolphins,betonlineag,h2h,Miami Dolphins,,2.65
2026-08-28T10:55,c5d95f48a16849ab6bebc68fbbfcb74a,2026-09-13T20:25:00Z,Las Vegas Raiders,Miami Dolphins,betonlineag,spreads,Las Vegas Raiders,-3.5,1.91
2026-08-28T10:55,c5d95f48a16849ab6bebc68fbbfcb74a,2026-09-13T20:25:00Z,Las Vegas Raiders,Miami Dolphins,betonlineag,spreads,Miami Dolphins,3.5,1.91
2026-08-28T10:55,c5d95f48a16849ab6bebc68fbbfcb74a,2026-09-13T20:25:00Z,Las Vegas Raiders,Miami Dolphins,betonlineag,totals,Over,40.5,1.91
2026-08-28T10:55,c5d95f48a16849ab6bebc68fbbfcb74a,2026-09-13T20:25:00Z,Las Vegas Raiders,Miami Dolphins,betonlineag,totals,Under,40.5,1.91
2026-08-28T10:55,c5d95f48a16849ab6bebc68fbbfcb74a,2026-09-13T20:25:00Z,Las Vegas Raiders,Miami Dolphins,nordicbet,h2h,Las Vegas Raiders,,1.46
2026-08-28T10:55,c5d95f48a16849ab6bebc68fbbfcb74a,2026-09-13T20:25:00Z,Las Vegas Raiders,Miami Dolphins,nordicbet,h2h,Miami Dolphins,,2.52
2026-08-28T10:55,c5d95f48a16849ab6bebc68fbbfcb74a,2026-09-13T20:25:00Z,Las Vegas Raiders,Miami Dolphins,nordicbet,spreads,Las Vegas Raiders,-3.5,1.88
2026-08-28T10:55,c5d95f48a16849ab6bebc68fbbfcb74a,2026-09-13T20:25:00Z,Las Vegas Raiders,Miami Dolphins,nordicbet,spreads,Miami Dolphins,3.5,1.82
2026-08-28T10:55,c5d95f48a16849ab6bebc68fbbfcb74a,2026-09-13T20:25:00Z,Las Vegas Raiders,Miami Dolphins,nordicbet,totals,Over,40.5,1.87
2026-08-28T10:55,c5d95f48a16849ab6bebc68fbbfcb74a,2026-09-13T20:25:00Z,Las Vegas Raiders,Miami Dolphins,nordicbet,totals,Under,40.5,1.83
2026-08-28T10:55,c5d95f48a16849ab6bebc68fbbfcb74a,2026-09-13T20:25:00Z,Las Vegas Raiders,Miami Dolphins,betsson,h2h,Las Vegas Raiders,,1.46
2026-08-28T10:55,c5d95f48a16849ab6bebc68fbbfcb74a,2026-09-13T20:25:00Z,Las Vegas Raiders,Miami Dolphins,betsson,h2h,Miami Dolphins,,2.52
2026-08-28T10:55,c5d95f48a16849ab6bebc68fbbfcb74a,2026-09-13T20:25:00Z,Las Vegas Raiders,Miami Dolphins,betsson,spreads,Las Vegas Raiders,-3.5,1.88
2026-08-28T10:55,c5d95f48a16849ab6bebc68fbbfcb74a,2026-09-13T20:25:00Z,Las Vegas Raiders,Miami Dolphins,betsson,spreads,Miami Dolphins,3.5,1.82
2026-08-28T10:55,c5d95f48a16849ab6bebc68fbbfcb74a,2026-09-13T20:25:00Z,Las Vegas Raiders,Miami Dolphins,betsson,totals,Over,40.5,1.87
2026-08-28T10:55,c5d95f48a16849ab6bebc68fbbfcb74a,2026-09-13T20:25:00Z,Las Vegas Raiders,Miami Dolphins,betsson,totals,Under,40.5,1.83
2026-08-28T10:55,c5d95f48a16849ab6bebc68fbbfcb74a,2026-09-13T20:25:00Z,Las Vegas Raiders,Miami Dolphins,gtbets,h2h,Las Vegas Raiders,,1.51
2026-08-28T10:55,c5d95f48a16849ab6bebc68fbbfcb74a,2026-09-13T20:25:00Z,Las Vegas Raiders,Miami Dolphins,gtbets,h2h,Miami Dolphins,,2.65
2026-08-28T10:55,c5d95f48a16849ab6bebc68fbbfcb74a,2026-09-13T20:25:00Z,Las Vegas Raiders,Miami Dolphins,gtbets,spreads,Las Vegas Raiders,-3.5,1.92
2026-08-28T10:55,c5d95f48a16849ab6bebc68fbbfcb74a,2026-09-13T20:25:00Z,Las Vegas Raiders,Miami Dolphins,gtbets,spreads,Miami Dolphins,3.5,1.92
2026-08-28T10:55,c5d95f48a16849ab6bebc68fbbfcb74a,2026-09-13T20:25:00Z,Las Vegas Raiders,Miami Dolphins,gtbets,totals,Over,40.5,1.92
2026-08-28T10:55,c5d95f48a16849ab6bebc68fbbfcb74a,2026-09-13T20:25:00Z,Las Vegas Raiders,Miami Dolphins,gtbets,totals,Under,40.5,1.92
2026-08-28T10:55,c5d95f48a16849ab6bebc68fbbfcb74a,2026-09-13T20:25:00Z,Las Vegas Raiders,Miami Dolphins,tipico_de,h2h,Las Vegas Raiders,,1.5
2026-08-28T10:55,c5d95f48a16849ab6bebc68fbbfcb74a,2026-09-13T20:25:00Z,Las Vegas Raiders,Miami Dolphins,tipico_de,h2h,Miami Dolphins,,2.55
2026-08-28T10:55,c5d95f48a16849ab6bebc68fbbfcb74a,2026-09-13T20:25:00Z,Las Vegas Raiders,Miami Dolphins,tipico_de,spreads,Las Vegas Raiders,-3.5,1.87
2026-08-28T10:55,c5d95f48a16849ab6bebc68fbbfcb74a,2026-09-13T20:25:00Z,Las Vegas Raiders,Miami Dolphins,tipico_de,spreads,Miami Dolphins,3.5,1.9
2026-08-28T10:55,c5d95f48a16849ab6bebc68fbbfcb74a,2026-09-13T20:25:00Z,Las Vegas Raiders,Miami Dolphins,tipico_de,totals,Over,40.5,1.87
2026-08-28T10:55,c5d95f48a16849ab6bebc68fbbfcb74a,2026-09-13T20:25:00Z,Las Vegas Raiders,Miami Dolphins,tipico_de,totals,Under,40.5,1.9
2026-08-28T10:55,c5d95f48a16849ab6bebc68fbbfcb74a,2026-09-13T20:25:00Z,Las Vegas Raiders,Miami Dolphins,onexbet,spreads,Las Vegas Raiders,-3.5,1.91
2026-08-28T10:55,c5d95f48a16849ab6bebc68fbbfcb74a,2026-09-13T20:25:00Z,Las Vegas Raiders,Miami Dolphins,onexbet,spreads,Miami Dolphins,3.5,1.91
2026-08-28T10:55,c5d95f48a16849ab6bebc68fbbfcb74a,2026-09-13T20:25:00Z,Las Vegas Raiders,Miami Dolphins,onexbet,totals,Over,40.5,1.91
2026-08-28T10:55,c5d95f48a16849ab6bebc68fbbfcb74a,2026-09-13T20:25:00Z,Las Vegas Raiders,Miami Dolphins,onexbet,totals,Under,40.5,1.91
2026-08-28T10:55,c5d95f48a16849ab6bebc68fbbfcb74a,2026-09-13T20:25:00Z,Las Vegas Raiders,Miami Dolphins,betclic_fr,h2h,Las Vegas Raiders,,1.48
2026-08-28T10:55,c5d95f48a16849ab6bebc68fbbfcb74a,2026-09-13T20:25:00Z,Las Vegas Raiders,Miami Dolphins,betclic_fr,h2h,Miami Dolphins,,2.5
2026-08-28T10:55,c5d95f48a16849ab6bebc68fbbfcb74a,2026-09-13T20:25:00Z,Las Vegas Raiders,Miami Dolphins,pinnacle,h2h,Las Vegas Raiders,,1.52
2026-08-28T10:55,c5d95f48a16849ab6bebc68fbbfcb74a,2026-09-13T20:25:00Z,Las Vegas Raiders,Miami Dolphins,pinnacle,h2h,Miami Dolphins,,2.69
2026-08-28T10:55,c5d95f48a16849ab6bebc68fbbfcb74a,2026-09-13T20:25:00Z,Las Vegas Raiders,Miami Dolphins,pinnacle,spreads,Las Vegas Raiders,-3.5,1.93
2026-08-28T10:55,c5d95f48a16849ab6bebc68fbbfcb74a,2026-09-13T20:25:00Z,Las Vegas Raiders,Miami Dolphins,pinnacle,spreads,Miami Dolphins,3.5,1.96
2026-08-28T10:55,c5d95f48a16849ab6bebc68fbbfcb74a,2026-09-13T20:25:00Z,Las Vegas Raiders,Miami Dolphins,pinnacle,totals,Over,40.5,1.93
2026-08-28T10:55,c5d95f48a16849ab6bebc68fbbfcb74a,2026-09-13T20:25:00Z,Las Vegas Raiders,Miami Dolphins,pinnacle,totals,Under,40.5,1.93
2026-08-28T10:55,c5d95f48a16849ab6bebc68fbbfcb74a,2026-09-13T20:25:00Z,Las Vegas Raiders,Miami Dolphins,marathonbet,h2h,Las Vegas Raiders,,1.56
2026-08-28T10:55,c5d95f48a16849ab6bebc68fbbfcb74a,2026-09-13T20:25:00Z,Las Vegas Raiders,Miami Dolphins,marathonbet,h2h,Miami Dolphins,,2.4
2026-08-28T10:55,c5d95f48a16849ab6bebc68fbbfcb74a,2026-09-13T20:25:00Z,Las Vegas Raiders,Miami Dolphins,mybookieag,h2h,Las Vegas Raiders,,1.5
2026-08-28T10:55,c5d95f48a16849ab6bebc68fbbfcb74a,2026-09-13T20:25:00Z,Las Vegas Raiders,Miami Dolphins,mybookieag,h2h,Miami Dolphins,,2.55
2026-08-28T10:55,c5d95f48a16849ab6bebc68fbbfcb74a,2026-09-13T20:25:00Z,Las Vegas Raiders,Miami Dolphins,mybookieag,spreads,Las Vegas Raiders,-3.5,1.91
2026-08-28T10:55,c5d95f48a16849ab6bebc68fbbfcb74a,2026-09-13T20:25:00Z,Las Vegas Raiders,Miami Dolphins,mybookieag,spreads,Miami Dolphins,3.5,1.91
2026-08-28T10:55,c5d95f48a16849ab6bebc68fbbfcb74a,2026-09-13T20:25:00Z,Las Vegas Raiders,Miami Dolphins,mybookieag,totals,Over,40.5,1.91
2026-08-28T10:55,c5d95f48a16849ab6bebc68fbbfcb74a,2026-09-13T20:25:00Z,Las Vegas Raiders,Miami Dolphins,mybookieag,totals,Under,40.5,1.91
2026-08-28T10:55,c5d95f48a16849ab6bebc68fbbfcb74a,2026-09-13T20:25:00Z,Las Vegas Raiders,Miami Dolphins,coolbet,h2h,Las Vegas Raiders,,1.48
2026-08-28T10:55,c5d95f48a16849ab6bebc68fbbfcb74a,2026-09-13T20:25:00Z,Las Vegas Raiders,Miami Dolphins,coolbet,h2h,Miami Dolphins,,2.6
2026-08-28T10:55,c5d95f48a16849ab6bebc68fbbfcb74a,2026-09-13T20:25:00Z,Las Vegas Raiders,Miami Dolphins,coolbet,spreads,Las Vegas Raiders,-3.5,1.96
2026-08-28T10:55,c5d95f48a16849ab6bebc68fbbfcb74a,2026-09-13T20:25:00Z,Las Vegas Raiders,Miami Dolphins,coolbet,spreads,Miami Dolphins,3.5,1.89
2026-08-28T10:55,c5d95f48a16849ab6bebc68fbbfcb74a,2026-09-13T20:25:00Z,Las Vegas Raiders,Miami Dolphins,coolbet,totals,Over,40.5,1.93
2026-08-28T10:55,c5d95f48a16849ab6bebc68fbbfcb74a,2026-09-13T20:25:00Z,Las Vegas Raiders,Miami Dolphins,coolbet,totals,Under,40.5,1.91
2026-08-28T10:55,c5d95f48a16849ab6bebc68fbbfcb74a,2026-09-13T20:25:00Z,Las Vegas Raiders,Miami Dolphins,betfair_ex_eu,h2h,Las Vegas Raiders,,1.54
2026-08-28T10:55,c5d95f48a16849ab6bebc68fbbfcb74a,2026-09-13T20:25:00Z,Las Vegas Raiders,Miami Dolphins,betfair_ex_eu,h2h,Miami Dolphins,,2.68
2026-08-28T10:55,c5d95f48a16849ab6bebc68fbbfcb74a,2026-09-13T20:25:00Z,Las Vegas Raiders,Miami Dolphins,betfair_ex_eu,h2h_lay,Las Vegas Raiders,,1.6
2026-08-28T10:55,c5d95f48a16849ab6bebc68fbbfcb74a,2026-09-13T20:25:00Z,Las Vegas Raiders,Miami Dolphins,betfair_ex_eu,h2h_lay,Miami Dolphins,,2.86
2026-08-28T10:55,c5d95f48a16849ab6bebc68fbbfcb74a,2026-09-13T20:25:00Z,Las Vegas Raiders,Miami Dolphins,everygame,h2h,Las Vegas Raiders,,1.56
2026-08-28T10:55,c5d95f48a16849ab6bebc68fbbfcb74a,2026-09-13T20:25:00Z,Las Vegas Raiders,Miami Dolphins,everygame,h2h,Miami Dolphins,,2.6
2026-08-28T10:55,c5d95f48a16849ab6bebc68fbbfcb74a,2026-09-13T20:25:00Z,Las Vegas Raiders,Miami Dolphins,everygame,spreads,Las Vegas Raiders,-3.5,1.91
2026-08-28T10:55,c5d95f48a16849ab6bebc68fbbfcb74a,2026-09-13T20:25:00Z,Las Vegas Raiders,Miami Dolphins,everygame,spreads,Miami Dolphins,3.5,1.91
2026-08-28T10:55,c5d95f48a16849ab6bebc68fbbfcb74a,2026-09-13T20:25:00Z,Las Vegas Raiders,Miami Dolphins,everygame,totals,Over,40.5,1.91
2026-08-28T10:55,c5d95f48a16849ab6bebc68fbbfcb74a,2026-09-13T20:25:00Z,Las Vegas Raiders,Miami Dolphins,everygame,totals,Under,40.5,1.91
2026-08-28T10:55,17885cb8dcade8f6c3bce14b2de805e8,2026-09-13T20:25:00Z,Philadelphia Eagles,Washington Commanders,unibet_se,h2h,Philadelphia Eagles,,1.48
2026-08-28T10:55,17885cb8dcade8f6c3bce14b2de805e8,2026-09-13T20:25:00Z,Philadelphia Eagles,Washington Commanders,unibet_se,h2h,Washington Commanders,,2.7
2026-08-28T10:55,17885cb8dcade8f6c3bce14b2de805e8,2026-09-13T20:25:00Z,Philadelphia Eagles,Washington Commanders,unibet_se,spreads,Philadelphia Eagles,-4.5,1.89
2026-08-28T10:55,17885cb8dcade8f6c3bce14b2de805e8,2026-09-13T20:25:00Z,Philadelphia Eagles,Washington Commanders,unibet_se,spreads,Washington Commanders,4.5,1.92
2026-08-28T10:55,17885cb8dcade8f6c3bce14b2de805e8,2026-09-13T20:25:00Z,Philadelphia Eagles,Washington Commanders,betonlineag,h2h,Philadelphia Eagles,,1.45
2026-08-28T10:55,17885cb8dcade8f6c3bce14b2de805e8,2026-09-13T20:25:00Z,Philadelphia Eagles,Washington Commanders,betonlineag,h2h,Washington Commanders,,2.86
2026-08-28T10:55,17885cb8dcade8f6c3bce14b2de805e8,2026-09-13T20:25:00Z,Philadelphia Eagles,Washington Commanders,betonlineag,spreads,Philadelphia Eagles,-4.5,1.91
2026-08-28T10:55,17885cb8dcade8f6c3bce14b2de805e8,2026-09-13T20:25:00Z,Philadelphia Eagles,Washington Commanders,betonlineag,spreads,Washington Commanders,4.5,1.91
2026-08-28T10:55,17885cb8dcade8f6c3bce14b2de805e8,2026-09-13T20:25:00Z,Philadelphia Eagles,Washington Commanders,betonlineag,totals,Over,46.5,1.91
2026-08-28T10:55,17885cb8dcade8f6c3bce14b2de805e8,2026-09-13T20:25:00Z,Philadelphia Eagles,Washington Commanders,betonlineag,totals,Under,46.5,1.91
2026-08-28T10:55,17885cb8dcade8f6c3bce14b2de805e8,2026-09-13T20:25:00Z,Philadelphia Eagles,Washington Commanders,leovegas_se,h2h,Philadelphia Eagles,,1.48
2026-08-28T10:55,17885cb8dcade8f6c3bce14b2de805e8,2026-09-13T20:25:00Z,Philadelphia Eagles,Washington Commanders,leovegas_se,h2h,Washington Commanders,,2.7
2026-08-28T10:55,17885cb8dcade8f6c3bce14b2de805e8,2026-09-13T20:25:00Z,Philadelphia Eagles,Washington Commanders,leovegas_se,spreads,Philadelphia Eagles,-4.5,1.89
2026-08-28T10:55,17885cb8dcade8f6c3bce14b2de805e8,2026-09-13T20:25:00Z,Philadelphia Eagles,Washington Commanders,leovegas_se,spreads,Washington Commanders,4.5,1.92
2026-08-28T10:55,17885cb8dcade8f6c3bce14b2de805e8,2026-09-13T20:25:00Z,Philadelphia Eagles,Washington Commanders,unibet_nl,h2h,Philadelphia Eagles,,1.48
2026-08-28T10:55,17885cb8dcade8f6c3bce14b2de805e8,2026-09-13T20:25:00Z,Philadelphia Eagles,Washington Commanders,unibet_nl,h2h,Washington Commanders,,2.7
2026-08-28T10:55,17885cb8dcade8f6c3bce14b2de805e8,2026-09-13T20:25:00Z,Philadelphia Eagles,Washington Commanders,unibet_nl,spreads,Philadelphia Eagles,-4.5,1.89
2026-08-28T10:55,17885cb8dcade8f6c3bce14b2de805e8,2026-09-13T20:25:00Z,Philadelphia Eagles,Washington Commanders,unibet_nl,spreads,Washington Commanders,4.5,1.92
2026-08-28T10:55,17885cb8dcade8f6c3bce14b2de805e8,2026-09-13T20:25:00Z,Philadelphia Eagles,Washington Commanders,unibet_nl,totals,Over,46.5,1.91
2026-08-28T10:55,17885cb8dcade8f6c3bce14b2de805e8,2026-09-13T20:25:00Z,Philadelphia Eagles,Washington Commanders,unibet_nl,totals,Under,46.5,1.91
2026-08-28T10:55,17885cb8dcade8f6c3bce14b2de805e8,2026-09-13T20:25:00Z,Philadelphia Eagles,Washington Commanders,gtbets,h2h,Philadelphia Eagles,,1.44
2026-08-28T10:55,17885cb8dcade8f6c3bce14b2de805e8,2026-09-13T20:25:00Z,Philadelphia Eagles,Washington Commanders,gtbets,h2h,Washington Commanders,,2.85
2026-08-28T10:55,17885cb8dcade8f6c3bce14b2de805e8,2026-09-13T20:25:00Z,Philadelphia Eagles,Washington Commanders,gtbets,spreads,Philadelphia Eagles,-4.5,1.92
2026-08-28T10:55,17885cb8dcade8f6c3bce14b2de805e8,2026-09-13T20:25:00Z,Philadelphia Eagles,Washington Commanders,gtbets,spreads,Washington Commanders,4.5,1.92
2026-08-28T10:55,17885cb8dcade8f6c3bce14b2de805e8,2026-09-13T20:25:00Z,Philadelphia Eagles,Washington Commanders,gtbets,totals,Over,46.5,1.92
2026-08-28T10:55,17885cb8dcade8f6c3bce14b2de805e8,2026-09-13T20:25:00Z,Philadelphia Eagles,Washington Commanders,gtbets,totals,Under,46.5,1.92
2026-08-28T10:55,17885cb8dcade8f6c3bce14b2de805e8,2026-09-13T20:25:00Z,Philadelphia Eagles,Washington Commanders,betclic_fr,h2h,Philadelphia Eagles,,1.42
2026-08-28T10:55,17885cb8dcade8f6c3bce14b2de805e8,2026-09-13T20:25:00Z,Philadelphia Eagles,Washington Commanders,betclic_fr,h2h,Washington Commanders,,2.75
2026-08-28T10:55,17885cb8dcade8f6c3bce14b2de805e8,2026-09-13T20:25:00Z,Philadelphia Eagles,Washington Commanders,tipico_de,h2h,Philadelphia Eagles,,1.42
2026-08-28T10:55,17885cb8dcade8f6c3bce14b2de805e8,2026-09-13T20:25:00Z,Philadelphia Eagles,Washington Commanders,tipico_de,h2h,Washington Commanders,,2.8
2026-08-28T10:55,17885cb8dcade8f6c3bce14b2de805e8,2026-09-13T20:25:00Z,Philadelphia Eagles,Washington Commanders,tipico_de,spreads,Philadelphia Eagles,-5.5,1.93
2026-08-28T10:55,17885cb8dcade8f6c3bce14b2de805e8,2026-09-13T20:25:00Z,Philadelphia Eagles,Washington Commanders,tipico_de,spreads,Washington Commanders,5.5,1.83
2026-08-28T10:55,17885cb8dcade8f6c3bce14b2de805e8,2026-09-13T20:25:00Z,Philadelphia Eagles,Washington Commanders,tipico_de,totals,Over,46.5,1.93
2026-08-28T10:55,17885cb8dcade8f6c3bce14b2de805e8,2026-09-13T20:25:00Z,Philadelphia Eagles,Washington Commanders,tipico_de,totals,Under,46.5,1.83
2026-08-28T10:55,17885cb8dcade8f6c3bce14b2de805e8,2026-09-13T20:25:00Z,Philadelphia Eagles,Washington Commanders,betsson,h2h,Philadelphia Eagles,,1.41
2026-08-28T10:55,17885cb8dcade8f6c3bce14b2de805e8,2026-09-13T20:25:00Z,Philadelphia Eagles,Washington Commanders,betsson,h2h,Washington Commanders,,2.71
2026-08-28T10:55,17885cb8dcade8f6c3bce14b2de805e8,2026-09-13T20:25:00Z,Philadelphia Eagles,Washington Commanders,betsson,spreads,Philadelphia Eagles,-4.5,1.87
2026-08-28T10:55,17885cb8dcade8f6c3bce14b2de805e8,2026-09-13T20:25:00Z,Philadelphia Eagles,Washington Commanders,betsson,spreads,Washington Commanders,4.5,1.83
2026-08-28T10:55,17885cb8dcade8f6c3bce14b2de805e8,2026-09-13T20:25:00Z,Philadelphia Eagles,Washington Commanders,betsson,totals,Over,46.5,1.85
2026-08-28T10:55,17885cb8dcade8f6c3bce14b2de805e8,2026-09-13T20:25:00Z,Philadelphia Eagles,Washington Commanders,betsson,totals,Under,46.5,1.85
2026-08-28T10:55,17885cb8dcade8f6c3bce14b2de805e8,2026-09-13T20:25:00Z,Philadelphia Eagles,Washington Commanders,nordicbet,h2h,Philadelphia Eagles,,1.41
2026-08-28T10:55,17885cb8dcade8f6c3bce14b2de805e8,2026-09-13T20:25:00Z,Philadelphia Eagles,Washington Commanders,nordicbet,h2h,Washington Commanders,,2.71
2026-08-28T10:55,17885cb8dcade8f6c3bce14b2de805e8,2026-09-13T20:25:00Z,Philadelphia Eagles,Washington Commanders,nordicbet,spreads,Philadelphia Eagles,-4.5,1.87
2026-08-28T10:55,17885cb8dcade8f6c3bce14b2de805e8,2026-09-13T20:25:00Z,Philadelphia Eagles,Washington Commanders,nordicbet,spreads,Washington Commanders,4.5,1.83
2026-08-28T10:55,17885cb8dcade8f6c3bce14b2de805e8,2026-09-13T20:25:00Z,Philadelphia Eagles,Washington Commanders,nordicbet,totals,Over,46.5,1.85
2026-08-28T10:55,17885cb8dcade8f6c3bce14b2de805e8,2026-09-13T20:25:00Z,Philadelphia Eagles,Washington Commanders,nordicbet,totals,Under,46.5,1.85
2026-08-28T10:55,17885cb8dcade8f6c3bce14b2de805e8,2026-09-13T20:25:00Z,Philadelphia Eagles,Washington Commanders,onexbet,spreads,Philadelphia Eagles,-4.5,1.91
2026-08-28T10:55,17885cb8dcade8f6c3bce14b2de805e8,2026-09-13T20:25:00Z,Philadelphia Eagles,Washington Commanders,onexbet,spreads,Washington Commanders,4.5,1.91
2026-08-28T10:55,17885cb8dcade8f6c3bce14b2de805e8,2026-09-13T20:25:00Z,Philadelphia Eagles,Washington Commanders,onexbet,totals,Over,46.5,1.91
2026-08-28T10:55,17885cb8dcade8f6c3bce14b2de805e8,2026-09-13T20:25:00Z,Philadelphia Eagles,Washington Commanders,onexbet,totals,Under,46.5,1.91
2026-08-28T10:55,17885cb8dcade8f6c3bce14b2de805e8,2026-09-13T20:25:00Z,Philadelphia Eagles,Washington Commanders,pinnacle,h2h,Philadelphia Eagles,,1.44
2026-08-28T10:55,17885cb8dcade8f6c3bce14b2de805e8,2026-09-13T20:25:00Z,Philadelphia Eagles,Washington Commanders,pinnacle,h2h,Washington Commanders,,2.95
2026-08-28T10:55,17885cb8dcade8f6c3bce14b2de805e8,2026-09-13T20:25:00Z,Philadelphia Eagles,Washington Commanders,pinnacle,spreads,Philadelphia Eagles,-4.0,1.86
2026-08-28T10:55,17885cb8dcade8f6c3bce14b2de805e8,2026-09-13T20:25:00Z,Philadelphia Eagles,Washington Commanders,pinnacle,spreads,Washington Commanders,4.0,2.03
2026-08-28T10:55,17885cb8dcade8f6c3bce14b2de805e8,2026-09-13T20:25:00Z,Philadelphia Eagles,Washington Commanders,pinnacle,totals,Over,46.5,1.94
2026-08-28T10:55,17885cb8dcade8f6c3bce14b2de805e8,2026-09-13T20:25:00Z,Philadelphia Eagles,Washington Commanders,pinnacle,totals,Under,46.5,1.91
2026-08-28T10:55,17885cb8dcade8f6c3bce14b2de805e8,2026-09-13T20:25:00Z,Philadelphia Eagles,Washington Commanders,marathonbet,h2h,Philadelphia Eagles,,1.51
2026-08-28T10:55,17885cb8dcade8f6c3bce14b2de805e8,2026-09-13T20:25:00Z,Philadelphia Eagles,Washington Commanders,marathonbet,h2h,Washington Commanders,,2.52
2026-08-28T10:55,17885cb8dcade8f6c3bce14b2de805e8,2026-09-13T20:25:00Z,Philadelphia Eagles,Washington Commanders,mybookieag,h2h,Philadelphia Eagles,,1.43
2026-08-28T10:55,17885cb8dcade8f6c3bce14b2de805e8,2026-09-13T20:25:00Z,Philadelphia Eagles,Washington Commanders,mybookieag,h2h,Washington Commanders,,2.78
2026-08-28T10:55,17885cb8dcade8f6c3bce14b2de805e8,2026-09-13T20:25:00Z,Philadelphia Eagles,Washington Commanders,mybookieag,spreads,Philadelphia Eagles,-4.5,1.91
2026-08-28T10:55,17885cb8dcade8f6c3bce14b2de805e8,2026-09-13T20:25:00Z,Philadelphia Eagles,Washington Commanders,mybookieag,spreads,Washington Commanders,4.5,1.91
2026-08-28T10:55,17885cb8dcade8f6c3bce14b2de805e8,2026-09-13T20:25:00Z,Philadelphia Eagles,Washington Commanders,mybookieag,totals,Over,46.5,1.91
2026-08-28T10:55,17885cb8dcade8f6c3bce14b2de805e8,2026-09-13T20:25:00Z,Philadelphia Eagles,Washington Commanders,mybookieag,totals,Under,46.5,1.91
2026-08-28T10:55,17885cb8dcade8f6c3bce14b2de805e8,2026-09-13T20:25:00Z,Philadelphia Eagles,Washington Commanders,coolbet,h2h,Philadelphia Eagles,,1.43
2026-08-28T10:55,17885cb8dcade8f6c3bce14b2de805e8,2026-09-13T20:25:00Z,Philadelphia Eagles,Washington Commanders,coolbet,h2h,Washington Commanders,,2.77
2026-08-28T10:55,17885cb8dcade8f6c3bce14b2de805e8,2026-09-13T20:25:00Z,Philadelphia Eagles,Washington Commanders,coolbet,spreads,Philadelphia Eagles,-4.5,1.95
2026-08-28T10:55,17885cb8dcade8f6c3bce14b2de805e8,2026-09-13T20:25:00Z,Philadelphia Eagles,Washington Commanders,coolbet,spreads,Washington Commanders,4.5,1.9
2026-08-28T10:55,17885cb8dcade8f6c3bce14b2de805e8,2026-09-13T20:25:00Z,Philadelphia Eagles,Washington Commanders,coolbet,totals,Over,46.5,1.93
2026-08-28T10:55,17885cb8dcade8f6c3bce14b2de805e8,2026-09-13T20:25:00Z,Philadelphia Eagles,Washington Commanders,coolbet,totals,Under,46.5,1.91
2026-08-28T10:55,17885cb8dcade8f6c3bce14b2de805e8,2026-09-13T20:25:00Z,Philadelphia Eagles,Washington Commanders,betfair_ex_eu,h2h,Philadelphia Eagles,,1.39
2026-08-28T10:55,17885cb8dcade8f6c3bce14b2de805e8,2026-09-13T20:25:00Z,Philadelphia Eagles,Washington Commanders,betfair_ex_eu,h2h,Washington Commanders,,2.64
2026-08-28T10:55,17885cb8dcade8f6c3bce14b2de805e8,2026-09-13T20:25:00Z,Philadelphia Eagles,Washington Commanders,betfair_ex_eu,h2h_lay,Philadelphia Eagles,,1.61
2026-08-28T10:55,17885cb8dcade8f6c3bce14b2de805e8,2026-09-13T20:25:00Z,Philadelphia Eagles,Washington Commanders,betfair_ex_eu,h2h_lay,Washington Commanders,,3.55
2026-08-28T10:55,17885cb8dcade8f6c3bce14b2de805e8,2026-09-13T20:25:00Z,Philadelphia Eagles,Washington Commanders,everygame,h2h,Philadelphia Eagles,,1.45
2026-08-28T10:55,17885cb8dcade8f6c3bce14b2de805e8,2026-09-13T20:25:00Z,Philadelphia Eagles,Washington Commanders,everygame,h2h,Washington Commanders,,2.8
2026-08-28T10:55,17885cb8dcade8f6c3bce14b2de805e8,2026-09-13T20:25:00Z,Philadelphia Eagles,Washington Commanders,everygame,spreads,Philadelphia Eagles,-4.5,1.91
2026-08-28T10:55,17885cb8dcade8f6c3bce14b2de805e8,2026-09-13T20:25:00Z,Philadelphia Eagles,Washington Commanders,everygame,spreads,Washington Commanders,4.5,1.91
2026-08-28T10:55,17885cb8dcade8f6c3bce14b2de805e8,2026-09-13T20:25:00Z,Philadelphia Eagles,Washington Commanders,everygame,totals,Over,46.5,1.91
2026-08-28T10:55,17885cb8dcade8f6c3bce14b2de805e8,2026-09-13T20:25:00Z,Philadelphia Eagles,Washington Commanders,everygame,totals,Under,46.5,1.91
2026-08-28T10:55,3e646c7479c57f5d9752d8c7dfe7059b,2026-09-14T00:20:00Z,New York Giants,Dallas Cowboys,onexbet,spreads,Dallas Cowboys,-2.5,1.87
2026-08-28T10:55,3e646c7479c57f5d9752d8c7dfe7059b,2026-09-14T00:20:00Z,New York Giants,Dallas Cowboys,onexbet,spreads,New York Giants,2.5,1.95
2026-08-28T10:55,3e646c7479c57f5d9752d8c7dfe7059b,2026-09-14T00:20:00Z,New York Giants,Dallas Cowboys,onexbet,totals,Over,48.5,1.91
2026-08-28T10:55,3e646c7479c57f5d9752d8c7dfe7059b,2026-09-14T00:20:00Z,New York Giants,Dallas Cowboys,onexbet,totals,Under,48.5,1.91
2026-08-28T10:55,3e646c7479c57f5d9752d8c7dfe7059b,2026-09-14T00:20:00Z,New York Giants,Dallas Cowboys,betclic_fr,h2h,Dallas Cowboys,,1.65
2026-08-28T10:55,3e646c7479c57f5d9752d8c7dfe7059b,2026-09-14T00:20:00Z,New York Giants,Dallas Cowboys,betclic_fr,h2h,New York Giants,,2.2
2026-08-28T10:55,3e646c7479c57f5d9752d8c7dfe7059b,2026-09-14T00:20:00Z,New York Giants,Dallas Cowboys,betonlineag,h2h,Dallas Cowboys,,1.62
2026-08-28T10:55,3e646c7479c57f5d9752d8c7dfe7059b,2026-09-14T00:20:00Z,New York Giants,Dallas Cowboys,betonlineag,h2h,New York Giants,,2.4
2026-08-28T10:55,3e646c7479c57f5d9752d8c7dfe7059b,2026-09-14T00:20:00Z,New York Giants,Dallas Cowboys,betonlineag,spreads,Dallas Cowboys,-3.0,1.95
2026-08-28T10:55,3e646c7479c57f5d9752d8c7dfe7059b,2026-09-14T00:20:00Z,New York Giants,Dallas Cowboys,betonlineag,spreads,New York Giants,3.0,1.87
2026-08-28T10:55,3e646c7479c57f5d9752d8c7dfe7059b,2026-09-14T00:20:00Z,New York Giants,Dallas Cowboys,betonlineag,totals,Over,48.0,1.87
2026-08-28T10:55,3e646c7479c57f5d9752d8c7dfe7059b,2026-09-14T00:20:00Z,New York Giants,Dallas Cowboys,betonlineag,totals,Under,48.0,1.95
2026-08-28T10:55,3e646c7479c57f5d9752d8c7dfe7059b,2026-09-14T00:20:00Z,New York Giants,Dallas Cowboys,leovegas_se,h2h,Dallas Cowboys,,1.65
2026-08-28T10:55,3e646c7479c57f5d9752d8c7dfe7059b,2026-09-14T00:20:00Z,New York Giants,Dallas Cowboys,leovegas_se,h2h,New York Giants,,2.32
2026-08-28T10:55,3e646c7479c57f5d9752d8c7dfe7059b,2026-09-14T00:20:00Z,New York Giants,Dallas Cowboys,leovegas_se,spreads,Dallas Cowboys,-2.5,1.85
2026-08-28T10:55,3e646c7479c57f5d9752d8c7dfe7059b,2026-09-14T00:20:00Z,New York Giants,Dallas Cowboys,leovegas_se,spreads,New York Giants,2.5,1.96
2026-08-28T10:55,3e646c7479c57f5d9752d8c7dfe7059b,2026-09-14T00:20:00Z,New York Giants,Dallas Cowboys,unibet_se,h2h,Dallas Cowboys,,1.66
2026-08-28T10:55,3e646c7479c57f5d9752d8c7dfe7059b,2026-09-14T00:20:00Z,New York Giants,Dallas Cowboys,unibet_se,h2h,New York Giants,,2.35
2026-08-28T10:55,3e646c7479c57f5d9752d8c7dfe7059b,2026-09-14T00:20:00Z,New York Giants,Dallas Cowboys,unibet_se,spreads,Dallas Cowboys,-2.5,1.85
2026-08-28T10:55,3e646c7479c57f5d9752d8c7dfe7059b,2026-09-14T00:20:00Z,New York Giants,Dallas Cowboys,unibet_se,spreads,New York Giants,2.5,1.96
2026-08-28T10:55,3e646c7479c57f5d9752d8c7dfe7059b,2026-09-14T00:20:00Z,New York Giants,Dallas Cowboys,unibet_nl,h2h,Dallas Cowboys,,1.65
2026-08-28T10:55,3e646c7479c57f5d9752d8c7dfe7059b,2026-09-14T00:20:00Z,New York Giants,Dallas Cowboys,unibet_nl,h2h,New York Giants,,2.32
2026-08-28T10:55,3e646c7479c57f5d9752d8c7dfe7059b,2026-09-14T00:20:00Z,New York Giants,Dallas Cowboys,unibet_nl,spreads,Dallas Cowboys,-2.5,1.85
2026-08-28T10:55,3e646c7479c57f5d9752d8c7dfe7059b,2026-09-14T00:20:00Z,New York Giants,Dallas Cowboys,unibet_nl,spreads,New York Giants,2.5,1.96
2026-08-28T10:55,3e646c7479c57f5d9752d8c7dfe7059b,2026-09-14T00:20:00Z,New York Giants,Dallas Cowboys,unibet_nl,totals,Over,48.5,1.93
2026-08-28T10:55,3e646c7479c57f5d9752d8c7dfe7059b,2026-09-14T00:20:00Z,New York Giants,Dallas Cowboys,unibet_nl,totals,Under,48.5,1.88
2026-08-28T10:55,3e646c7479c57f5d9752d8c7dfe7059b,2026-09-14T00:20:00Z,New York Giants,Dallas Cowboys,gtbets,h2h,Dallas Cowboys,,1.62
2026-08-28T10:55,3e646c7479c57f5d9752d8c7dfe7059b,2026-09-14T00:20:00Z,New York Giants,Dallas Cowboys,gtbets,h2h,New York Giants,,2.35
2026-08-28T10:55,3e646c7479c57f5d9752d8c7dfe7059b,2026-09-14T00:20:00Z,New York Giants,Dallas Cowboys,gtbets,spreads,Dallas Cowboys,-3.0,1.96
2026-08-28T10:55,3e646c7479c57f5d9752d8c7dfe7059b,2026-09-14T00:20:00Z,New York Giants,Dallas Cowboys,gtbets,spreads,New York Giants,3.0,1.88
2026-08-28T10:55,3e646c7479c57f5d9752d8c7dfe7059b,2026-09-14T00:20:00Z,New York Giants,Dallas Cowboys,gtbets,totals,Over,48.5,1.92
2026-08-28T10:55,3e646c7479c57f5d9752d8c7dfe7059b,2026-09-14T00:20:00Z,New York Giants,Dallas Cowboys,gtbets,totals,Under,48.5,1.92
2026-08-28T10:55,3e646c7479c57f5d9752d8c7dfe7059b,2026-09-14T00:20:00Z,New York Giants,Dallas Cowboys,tipico_de,h2h,Dallas Cowboys,,1.65
2026-08-28T10:55,3e646c7479c57f5d9752d8c7dfe7059b,2026-09-14T00:20:00Z,New York Giants,Dallas Cowboys,tipico_de,h2h,New York Giants,,2.2
2026-08-28T10:55,3e646c7479c57f5d9752d8c7dfe7059b,2026-09-14T00:20:00Z,New York Giants,Dallas Cowboys,tipico_de,spreads,Dallas Cowboys,-2.5,1.83
2026-08-28T10:55,3e646c7479c57f5d9752d8c7dfe7059b,2026-09-14T00:20:00Z,New York Giants,Dallas Cowboys,tipico_de,spreads,New York Giants,2.5,1.95
2026-08-28T10:55,3e646c7479c57f5d9752d8c7dfe7059b,2026-09-14T00:20:00Z,New York Giants,Dallas Cowboys,tipico_de,totals,Over,48.5,1.87
2026-08-28T10:55,3e646c7479c57f5d9752d8c7dfe7059b,2026-09-14T00:20:00Z,New York Giants,Dallas Cowboys,tipico_de,totals,Under,48.5,1.9
2026-08-28T10:55,3e646c7479c57f5d9752d8c7dfe7059b,2026-09-14T00:20:00Z,New York Giants,Dallas Cowboys,betsson,h2h,Dallas Cowboys,,1.62
2026-08-28T10:55,3e646c7479c57f5d9752d8c7dfe7059b,2026-09-14T00:20:00Z,New York Giants,Dallas Cowboys,betsson,h2h,New York Giants,,2.16
2026-08-28T10:55,3e646c7479c57f5d9752d8c7dfe7059b,2026-09-14T00:20:00Z,New York Giants,Dallas Cowboys,betsson,spreads,Dallas Cowboys,-2.5,1.81
2026-08-28T10:55,3e646c7479c57f5d9752d8c7dfe7059b,2026-09-14T00:20:00Z,New York Giants,Dallas Cowboys,betsson,spreads,New York Giants,2.5,1.89
2026-08-28T10:55,3e646c7479c57f5d9752d8c7dfe7059b,2026-09-14T00:20:00Z,New York Giants,Dallas Cowboys,betsson,totals,Over,48.0,1.85
2026-08-28T10:55,3e646c7479c57f5d9752d8c7dfe7059b,2026-09-14T00:20:00Z,New York Giants,Dallas Cowboys,betsson,totals,Under,48.0,1.85
2026-08-28T10:55,3e646c7479c57f5d9752d8c7dfe7059b,2026-09-14T00:20:00Z,New York Giants,Dallas Cowboys,nordicbet,h2h,Dallas Cowboys,,1.62
2026-08-28T10:55,3e646c7479c57f5d9752d8c7dfe7059b,2026-09-14T00:20:00Z,New York Giants,Dallas Cowboys,nordicbet,h2h,New York Giants,,2.16
2026-08-28T10:55,3e646c7479c57f5d9752d8c7dfe7059b,2026-09-14T00:20:00Z,New York Giants,Dallas Cowboys,nordicbet,spreads,Dallas Cowboys,-2.5,1.81
2026-08-28T10:55,3e646c7479c57f5d9752d8c7dfe7059b,2026-09-14T00:20:00Z,New York Giants,Dallas Cowboys,nordicbet,spreads,New York Giants,2.5,1.89
2026-08-28T10:55,3e646c7479c57f5d9752d8c7dfe7059b,2026-09-14T00:20:00Z,New York Giants,Dallas Cowboys,nordicbet,totals,Over,48.0,1.85
2026-08-28T10:55,3e646c7479c57f5d9752d8c7dfe7059b,2026-09-14T00:20:00Z,New York Giants,Dallas Cowboys,nordicbet,totals,Under,48.0,1.85
2026-08-28T10:55,3e646c7479c57f5d9752d8c7dfe7059b,2026-09-14T00:20:00Z,New York Giants,Dallas Cowboys,pinnacle,h2h,Dallas Cowboys,,1.64
2026-08-28T10:55,3e646c7479c57f5d9752d8c7dfe7059b,2026-09-14T00:20:00Z,New York Giants,Dallas Cowboys,pinnacle,h2h,New York Giants,,2.38
2026-08-28T10:55,3e646c7479c57f5d9752d8c7dfe7059b,2026-09-14T00:20:00Z,New York Giants,Dallas Cowboys,pinnacle,spreads,Dallas Cowboys,-2.5,1.82
2026-08-28T10:55,3e646c7479c57f5d9752d8c7dfe7059b,2026-09-14T00:20:00Z,New York Giants,Dallas Cowboys,pinnacle,spreads,New York Giants,2.5,2.08
2026-08-28T10:55,3e646c7479c57f5d9752d8c7dfe7059b,2026-09-14T00:20:00Z,New York Giants,Dallas Cowboys,pinnacle,totals,Over,47.5,1.83
2026-08-28T10:55,3e646c7479c57f5d9752d8c7dfe7059b,2026-09-14T00:20:00Z,New York Giants,Dallas Cowboys,pinnacle,totals,Under,47.5,2.04
2026-08-28T10:55,3e646c7479c57f5d9752d8c7dfe7059b,2026-09-14T00:20:00Z,New York Giants,Dallas Cowboys,marathonbet,h2h,Dallas Cowboys,,1.66
2026-08-28T10:55,3e646c7479c57f5d9752d8c7dfe7059b,2026-09-14T00:20:00Z,New York Giants,Dallas Cowboys,marathonbet,h2h,New York Giants,,2.19
2026-08-28T10:55,3e646c7479c57f5d9752d8c7dfe7059b,2026-09-14T00:20:00Z,New York Giants,Dallas Cowboys,mybookieag,h2h,Dallas Cowboys,,1.62
2026-08-28T10:55,3e646c7479c57f5d9752d8c7dfe7059b,2026-09-14T00:20:00Z,New York Giants,Dallas Cowboys,mybookieag,h2h,New York Giants,,2.25
2026-08-28T10:55,3e646c7479c57f5d9752d8c7dfe7059b,2026-09-14T00:20:00Z,New York Giants,Dallas Cowboys,mybookieag,spreads,Dallas Cowboys,-3.0,1.91
2026-08-28T10:55,3e646c7479c57f5d9752d8c7dfe7059b,2026-09-14T00:20:00Z,New York Giants,Dallas Cowboys,mybookieag,spreads,New York Giants,3.0,1.91
2026-08-28T10:55,3e646c7479c57f5d9752d8c7dfe7059b,2026-09-14T00:20:00Z,New York Giants,Dallas Cowboys,mybookieag,totals,Over,48.5,1.91
2026-08-28T10:55,3e646c7479c57f5d9752d8c7dfe7059b,2026-09-14T00:20:00Z,New York Giants,Dallas Cowboys,mybookieag,totals,Under,48.5,1.91
2026-08-28T10:55,3e646c7479c57f5d9752d8c7dfe7059b,2026-09-14T00:20:00Z,New York Giants,Dallas Cowboys,coolbet,h2h,Dallas Cowboys,,1.65
2026-08-28T10:55,3e646c7479c57f5d9752d8c7dfe7059b,2026-09-14T00:20:00Z,New York Giants,Dallas Cowboys,coolbet,h2h,New York Giants,,2.2
2026-08-28T10:55,3e646c7479c57f5d9752d8c7dfe7059b,2026-09-14T00:20:00Z,New York Giants,Dallas Cowboys,coolbet,spreads,Dallas Cowboys,-2.5,1.88
2026-08-28T10:55,3e646c7479c57f5d9752d8c7dfe7059b,2026-09-14T00:20:00Z,New York Giants,Dallas Cowboys,coolbet,spreads,New York Giants,2.5,1.97
2026-08-28T10:55,3e646c7479c57f5d9752d8c7dfe7059b,2026-09-14T00:20:00Z,New York Giants,Dallas Cowboys,coolbet,totals,Over,48.0,1.92
2026-08-28T10:55,3e646c7479c57f5d9752d8c7dfe7059b,2026-09-14T00:20:00Z,New York Giants,Dallas Cowboys,coolbet,totals,Under,48.0,1.92
2026-08-28T10:55,3e646c7479c57f5d9752d8c7dfe7059b,2026-09-14T00:20:00Z,New York Giants,Dallas Cowboys,betfair_ex_eu,h2h,Dallas Cowboys,,1.64
2026-08-28T10:55,3e646c7479c57f5d9752d8c7dfe7059b,2026-09-14T00:20:00Z,New York Giants,Dallas Cowboys,betfair_ex_eu,h2h,New York Giants,,2.36
2026-08-28T10:55,3e646c7479c57f5d9752d8c7dfe7059b,2026-09-14T00:20:00Z,New York Giants,Dallas Cowboys,betfair_ex_eu,h2h_lay,Dallas Cowboys,,1.73
2026-08-28T10:55,3e646c7479c57f5d9752d8c7dfe7059b,2026-09-14T00:20:00Z,New York Giants,Dallas Cowboys,betfair_ex_eu,h2h_lay,New York Giants,,2.58
2026-08-28T10:55,3e646c7479c57f5d9752d8c7dfe7059b,2026-09-14T00:20:00Z,New York Giants,Dallas Cowboys,everygame,h2h,Dallas Cowboys,,1.62
2026-08-28T10:55,3e646c7479c57f5d9752d8c7dfe7059b,2026-09-14T00:20:00Z,New York Giants,Dallas Cowboys,everygame,h2h,New York Giants,,2.4
2026-08-28T10:55,3e646c7479c57f5d9752d8c7dfe7059b,2026-09-14T00:20:00Z,New York Giants,Dallas Cowboys,everygame,spreads,Dallas Cowboys,-3.0,1.91
2026-08-28T10:55,3e646c7479c57f5d9752d8c7dfe7059b,2026-09-14T00:20:00Z,New York Giants,Dallas Cowboys,everygame,spreads,New York Giants,3.0,1.91
2026-08-28T10:55,3e646c7479c57f5d9752d8c7dfe7059b,2026-09-14T00:20:00Z,New York Giants,Dallas Cowboys,everygame,totals,Over,48.5,1.91
2026-08-28T10:55,3e646c7479c57f5d9752d8c7dfe7059b,2026-09-14T00:20:00Z,New York Giants,Dallas Cowboys,everygame,totals,Under,48.5,1.91
2026-08-28T10:55,5ad8135dc2b5f27de0b777acd317855a,2026-09-15T00:15:00Z,Kansas City Chiefs,Denver Broncos,betonlineag,h2h,Denver Broncos,,2.25
2026-08-28T10:55,5ad8135dc2b5f27de0b777acd317855a,2026-09-15T00:15:00Z,Kansas City Chiefs,Denver Broncos,betonlineag,h2h,Kansas City Chiefs,,1.69
2026-08-28T10:55,5ad8135dc2b5f27de0b777acd317855a,2026-09-15T00:15:00Z,Kansas City Chiefs,Denver Broncos,betonlineag,spreads,Denver Broncos,2.5,2.0
2026-08-28T10:55,5ad8135dc2b5f27de0b777acd317855a,2026-09-15T00:15:00Z,Kansas City Chiefs,Denver Broncos,betonlineag,spreads,Kansas City Chiefs,-2.5,1.83
2026-08-28T10:55,5ad8135dc2b5f27de0b777acd317855a,2026-09-15T00:15:00Z,Kansas City Chiefs,Denver Broncos,betonlineag,totals,Over,43.5,1.91
2026-08-28T10:55,5ad8135dc2b5f27de0b777acd317855a,2026-09-15T00:15:00Z,Kansas City Chiefs,Denver Broncos,betonlineag,totals,Under,43.5,1.91
2026-08-28T10:55,5ad8135dc2b5f27de0b777acd317855a,2026-09-15T00:15:00Z,Kansas City Chiefs,Denver Broncos,nordicbet,h2h,Denver Broncos,,2.14
2026-08-28T10:55,5ad8135dc2b5f27de0b777acd317855a,2026-09-15T00:15:00Z,Kansas City Chiefs,Denver Broncos,nordicbet,h2h,Kansas City Chiefs,,1.63
2026-08-28T10:55,5ad8135dc2b5f27de0b777acd317855a,2026-09-15T00:15:00Z,Kansas City Chiefs,Denver Broncos,nordicbet,spreads,Denver Broncos,2.5,1.89
2026-08-28T10:55,5ad8135dc2b5f27de0b777acd317855a,2026-09-15T00:15:00Z,Kansas City Chiefs,Denver Broncos,nordicbet,spreads,Kansas City Chiefs,-2.5,1.81
2026-08-28T10:55,5ad8135dc2b5f27de0b777acd317855a,2026-09-15T00:15:00Z,Kansas City Chiefs,Denver Broncos,nordicbet,totals,Over,43.0,1.87
2026-08-28T10:55,5ad8135dc2b5f27de0b777acd317855a,2026-09-15T00:15:00Z,Kansas City Chiefs,Denver Broncos,nordicbet,totals,Under,43.0,1.83
2026-08-28T10:55,5ad8135dc2b5f27de0b777acd317855a,2026-09-15T00:15:00Z,Kansas City Chiefs,Denver Broncos,betsson,h2h,Denver Broncos,,2.14
2026-08-28T10:55,5ad8135dc2b5f27de0b777acd317855a,2026-09-15T00:15:00Z,Kansas City Chiefs,Denver Broncos,betsson,h2h,Kansas City Chiefs,,1.63
2026-08-28T10:55,5ad8135dc2b5f27de0b777acd317855a,2026-09-15T00:15:00Z,Kansas City Chiefs,Denver Broncos,betsson,spreads,Denver Broncos,2.5,1.89
2026-08-28T10:55,5ad8135dc2b5f27de0b777acd317855a,2026-09-15T00:15:00Z,Kansas City Chiefs,Denver Broncos,betsson,spreads,Kansas City Chiefs,-2.5,1.81
2026-08-28T10:55,5ad8135dc2b5f27de0b777acd317855a,2026-09-15T00:15:00Z,Kansas City Chiefs,Denver Broncos,betsson,totals,Over,43.0,1.87
2026-08-28T10:55,5ad8135dc2b5f27de0b777acd317855a,2026-09-15T00:15:00Z,Kansas City Chiefs,Denver Broncos,betsson,totals,Under,43.0,1.83
2026-08-28T10:55,5ad8135dc2b5f27de0b777acd317855a,2026-09-15T00:15:00Z,Kansas City Chiefs,Denver Broncos,onexbet,spreads,Denver Broncos,2.5,2.0
2026-08-28T10:55,5ad8135dc2b5f27de0b777acd317855a,2026-09-15T00:15:00Z,Kansas City Chiefs,Denver Broncos,onexbet,spreads,Kansas City Chiefs,-2.5,1.83
2026-08-28T10:55,5ad8135dc2b5f27de0b777acd317855a,2026-09-15T00:15:00Z,Kansas City Chiefs,Denver Broncos,onexbet,totals,Over,43.5,1.9
2026-08-28T10:55,5ad8135dc2b5f27de0b777acd317855a,2026-09-15T00:15:00Z,Kansas City Chiefs,Denver Broncos,onexbet,totals,Under,43.5,1.9
2026-08-28T10:55,5ad8135dc2b5f27de0b777acd317855a,2026-09-15T00:15:00Z,Kansas City Chiefs,Denver Broncos,betclic_fr,h2h,Denver Broncos,,2.15
2026-08-28T10:55,5ad8135dc2b5f27de0b777acd317855a,2026-09-15T00:15:00Z,Kansas City Chiefs,Denver Broncos,betclic_fr,h2h,Kansas City Chiefs,,1.65
2026-08-28T10:55,5ad8135dc2b5f27de0b777acd317855a,2026-09-15T00:15:00Z,Kansas City Chiefs,Denver Broncos,gtbets,h2h,Denver Broncos,,2.25
2026-08-28T10:55,5ad8135dc2b5f27de0b777acd317855a,2026-09-15T00:15:00Z,Kansas City Chiefs,Denver Broncos,gtbets,h2h,Kansas City Chiefs,,1.69
2026-08-28T10:55,5ad8135dc2b5f27de0b777acd317855a,2026-09-15T00:15:00Z,Kansas City Chiefs,Denver Broncos,gtbets,spreads,Denver Broncos,2.5,2.01
2026-08-28T10:55,5ad8135dc2b5f27de0b777acd317855a,2026-09-15T00:15:00Z,Kansas City Chiefs,Denver Broncos,gtbets,spreads,Kansas City Chiefs,-2.5,1.84
2026-08-28T10:55,5ad8135dc2b5f27de0b777acd317855a,2026-09-15T00:15:00Z,Kansas City Chiefs,Denver Broncos,gtbets,totals,Over,43.0,1.92
2026-08-28T10:55,5ad8135dc2b5f27de0b777acd317855a,2026-09-15T00:15:00Z,Kansas City Chiefs,Denver Broncos,gtbets,totals,Under,43.0,1.92
2026-08-28T10:55,5ad8135dc2b5f27de0b777acd317855a,2026-09-15T00:15:00Z,Kansas City Chiefs,Denver Broncos,unibet_se,h2h,Denver Broncos,,2.25
2026-08-28T10:55,5ad8135dc2b5f27de0b777acd317855a,2026-09-15T00:15:00Z,Kansas City Chiefs,Denver Broncos,unibet_se,h2h,Kansas City Chiefs,,1.66
2026-08-28T10:55,5ad8135dc2b5f27de0b777acd317855a,2026-09-15T00:15:00Z,Kansas City Chiefs,Denver Broncos,unibet_se,spreads,Denver Broncos,3.0,1.85
2026-08-28T10:55,5ad8135dc2b5f27de0b777acd317855a,2026-09-15T00:15:00Z,Kansas City Chiefs,Denver Broncos,unibet_se,spreads,Kansas City Chiefs,-3.0,1.96
2026-08-28T10:55,5ad8135dc2b5f27de0b777acd317855a,2026-09-15T00:15:00Z,Kansas City Chiefs,Denver Broncos,leovegas_se,h2h,Denver Broncos,,2.25
2026-08-28T10:55,5ad8135dc2b5f27de0b777acd317855a,2026-09-15T00:15:00Z,Kansas City Chiefs,Denver Broncos,leovegas_se,h2h,Kansas City Chiefs,,1.66
2026-08-28T10:55,5ad8135dc2b5f27de0b777acd317855a,2026-09-15T00:15:00Z,Kansas City Chiefs,Denver Broncos,leovegas_se,spreads,Denver Broncos,3.0,1.85
2026-08-28T10:55,5ad8135dc2b5f27de0b777acd317855a,2026-09-15T00:15:00Z,Kansas City Chiefs,Denver Broncos,leovegas_se,spreads,Kansas City Chiefs,-3.0,1.96
2026-08-28T10:55,5ad8135dc2b5f27de0b777acd317855a,2026-09-15T00:15:00Z,Kansas City Chiefs,Denver Broncos,unibet_nl,h2h,Denver Broncos,,2.25
2026-08-28T10:55,5ad8135dc2b5f27de0b777acd317855a,2026-09-15T00:15:00Z,Kansas City Chiefs,Denver Broncos,unibet_nl,h2h,Kansas City Chiefs,,1.66
2026-08-28T10:55,5ad8135dc2b5f27de0b777acd317855a,2026-09-15T00:15:00Z,Kansas City Chiefs,Denver Broncos,unibet_nl,spreads,Denver Broncos,3.0,1.85
2026-08-28T10:55,5ad8135dc2b5f27de0b777acd317855a,2026-09-15T00:15:00Z,Kansas City Chiefs,Denver Broncos,unibet_nl,spreads,Kansas City Chiefs,-3.0,1.96
2026-08-28T10:55,5ad8135dc2b5f27de0b777acd317855a,2026-09-15T00:15:00Z,Kansas City Chiefs,Denver Broncos,unibet_nl,totals,Over,43.0,1.93
2026-08-28T10:55,5ad8135dc2b5f27de0b777acd317855a,2026-09-15T00:15:00Z,Kansas City Chiefs,Denver Broncos,unibet_nl,totals,Under,43.0,1.88
2026-08-28T10:55,5ad8135dc2b5f27de0b777acd317855a,2026-09-15T00:15:00Z,Kansas City Chiefs,Denver Broncos,tipico_de,h2h,Denver Broncos,,2.2
2026-08-28T10:55,5ad8135dc2b5f27de0b777acd317855a,2026-09-15T00:15:00Z,Kansas City Chiefs,Denver Broncos,tipico_de,h2h,Kansas City Chiefs,,1.65
2026-08-28T10:55,5ad8135dc2b5f27de0b777acd317855a,2026-09-15T00:15:00Z,Kansas City Chiefs,Denver Broncos,tipico_de,spreads,Denver Broncos,2.5,2.0
2026-08-28T10:55,5ad8135dc2b5f27de0b777acd317855a,2026-09-15T00:15:00Z,Kansas City Chiefs,Denver Broncos,tipico_de,spreads,Kansas City Chiefs,-2.5,1.77
2026-08-28T10:55,5ad8135dc2b5f27de0b777acd317855a,2026-09-15T00:15:00Z,Kansas City Chiefs,Denver Broncos,tipico_de,totals,Over,42.5,1.83
2026-08-28T10:55,5ad8135dc2b5f27de0b777acd317855a,2026-09-15T00:15:00Z,Kansas City Chiefs,Denver Broncos,tipico_de,totals,Under,42.5,1.95
2026-08-28T10:55,5ad8135dc2b5f27de0b777acd317855a,2026-09-15T00:15:00Z,Kansas City Chiefs,Denver Broncos,pinnacle,h2h,Denver Broncos,,2.29
2026-08-28T10:55,5ad8135dc2b5f27de0b777acd317855a,2026-09-15T00:15:00Z,Kansas City Chiefs,Denver Broncos,pinnacle,h2h,Kansas City Chiefs,,1.68
2026-08-28T10:55,5ad8135dc2b5f27de0b777acd317855a,2026-09-15T00:15:00Z,Kansas City Chiefs,Denver Broncos,pinnacle,spreads,Denver Broncos,3.0,1.83
2026-08-28T10:55,5ad8135dc2b5f27de0b777acd317855a,2026-09-15T00:15:00Z,Kansas City Chiefs,Denver Broncos,pinnacle,spreads,Kansas City Chiefs,-3.0,2.07
2026-08-28T10:55,5ad8135dc2b5f27de0b777acd317855a,2026-09-15T00:15:00Z,Kansas City Chiefs,Denver Broncos,pinnacle,totals,Over,43.0,1.88
2026-08-28T10:55,5ad8135dc2b5f27de0b777acd317855a,2026-09-15T00:15:00Z,Kansas City Chiefs,Denver Broncos,pinnacle,totals,Under,43.0,1.98
2026-08-28T10:55,5ad8135dc2b5f27de0b777acd317855a,2026-09-15T00:15:00Z,Kansas City Chiefs,Denver Broncos,marathonbet,h2h,Denver Broncos,,2.21
2026-08-28T10:55,5ad8135dc2b5f27de0b777acd317855a,2026-09-15T00:15:00Z,Kansas City Chiefs,Denver Broncos,marathonbet,h2h,Kansas City Chiefs,,1.65
2026-08-28T10:55,5ad8135dc2b5f27de0b777acd317855a,2026-09-15T00:15:00Z,Kansas City Chiefs,Denver Broncos,mybookieag,h2h,Denver Broncos,,2.19
2026-08-28T10:55,5ad8135dc2b5f27de0b777acd317855a,2026-09-15T00:15:00Z,Kansas City Chiefs,Denver Broncos,mybookieag,h2h,Kansas City Chiefs,,1.65
2026-08-28T10:55,5ad8135dc2b5f27de0b777acd317855a,2026-09-15T00:15:00Z,Kansas City Chiefs,Denver Broncos,mybookieag,spreads,Denver Broncos,2.5,1.91
2026-08-28T10:55,5ad8135dc2b5f27de0b777acd317855a,2026-09-15T00:15:00Z,Kansas City Chiefs,Denver Broncos,mybookieag,spreads,Kansas City Chiefs,-2.5,1.91
2026-08-28T10:55,5ad8135dc2b5f27de0b777acd317855a,2026-09-15T00:15:00Z,Kansas City Chiefs,Denver Broncos,mybookieag,totals,Over,43.0,1.91
2026-08-28T10:55,5ad8135dc2b5f27de0b777acd317855a,2026-09-15T00:15:00Z,Kansas City Chiefs,Denver Broncos,mybookieag,totals,Under,43.0,1.91
2026-08-28T10:55,5ad8135dc2b5f27de0b777acd317855a,2026-09-15T00:15:00Z,Kansas City Chiefs,Denver Broncos,coolbet,h2h,Denver Broncos,,2.19
2026-08-28T10:55,5ad8135dc2b5f27de0b777acd317855a,2026-09-15T00:15:00Z,Kansas City Chiefs,Denver Broncos,coolbet,h2h,Kansas City Chiefs,,1.66
2026-08-28T10:55,5ad8135dc2b5f27de0b777acd317855a,2026-09-15T00:15:00Z,Kansas City Chiefs,Denver Broncos,coolbet,spreads,Denver Broncos,2.5,1.97
2026-08-28T10:55,5ad8135dc2b5f27de0b777acd317855a,2026-09-15T00:15:00Z,Kansas City Chiefs,Denver Broncos,coolbet,spreads,Kansas City Chiefs,-2.5,1.88
2026-08-28T10:55,5ad8135dc2b5f27de0b777acd317855a,2026-09-15T00:15:00Z,Kansas City Chiefs,Denver Broncos,coolbet,totals,Over,43.0,1.95
2026-08-28T10:55,5ad8135dc2b5f27de0b777acd317855a,2026-09-15T00:15:00Z,Kansas City Chiefs,Denver Broncos,coolbet,totals,Under,43.0,1.9
2026-08-28T10:55,5ad8135dc2b5f27de0b777acd317855a,2026-09-15T00:15:00Z,Kansas City Chiefs,Denver Broncos,betfair_ex_eu,h2h,Denver Broncos,,2.04
2026-08-28T10:55,5ad8135dc2b5f27de0b777acd317855a,2026-09-15T00:15:00Z,Kansas City Chiefs,Denver Broncos,betfair_ex_eu,h2h,Kansas City Chiefs,,1.62
2026-08-28T10:55,5ad8135dc2b5f27de0b777acd317855a,2026-09-15T00:15:00Z,Kansas City Chiefs,Denver Broncos,betfair_ex_eu,h2h_lay,Denver Broncos,,2.62
2026-08-28T10:55,5ad8135dc2b5f27de0b777acd317855a,2026-09-15T00:15:00Z,Kansas City Chiefs,Denver Broncos,betfair_ex_eu,h2h_lay,Kansas City Chiefs,,1.95
2026-08-28T10:55,5ad8135dc2b5f27de0b777acd317855a,2026-09-15T00:15:00Z,Kansas City Chiefs,Denver Broncos,everygame,h2h,Denver Broncos,,2.25
2026-08-28T10:55,5ad8135dc2b5f27de0b777acd317855a,2026-09-15T00:15:00Z,Kansas City Chiefs,Denver Broncos,everygame,h2h,Kansas City Chiefs,,1.69
2026-08-28T10:55,5ad8135dc2b5f27de0b777acd317855a,2026-09-15T00:15:00Z,Kansas City Chiefs,Denver Broncos,everygame,spreads,Denver Broncos,2.5,2.0
2026-08-28T10:55,5ad8135dc2b5f27de0b777acd317855a,2026-09-15T00:15:00Z,Kansas City Chiefs,Denver Broncos,everygame,spreads,Kansas City Chiefs,-2.5,1.83
2026-08-28T10:55,5ad8135dc2b5f27de0b777acd317855a,2026-09-15T00:15:00Z,Kansas City Chiefs,Denver Broncos,everygame,totals,Over,43.0,1.91
2026-08-28T10:55,5ad8135dc2b5f27de0b777acd317855a,2026-09-15T00:15:00Z,Kansas City Chiefs,Denver Broncos,everygame,totals,Under,43.0,1.91
2026-08-28T10:55,56e8897681915f7ec92baeee952bb1ae,2026-09-18T00:15:00Z,Buffalo Bills,Detroit Lions,betonlineag,spreads,Buffalo Bills,-3.0,1.91
2026-08-28T10:55,56e8897681915f7ec92baeee952bb1ae,2026-09-18T00:15:00Z,Buffalo Bills,Detroit Lions,betonlineag,spreads,Detroit Lions,3.0,1.91
2026-08-28T10:55,56e8897681915f7ec92baeee952bb1ae,2026-09-18T00:15:00Z,Buffalo Bills,Detroit Lions,betonlineag,totals,Over,51.5,1.91
2026-08-28T10:55,56e8897681915f7ec92baeee952bb1ae,2026-09-18T00:15:00Z,Buffalo Bills,Detroit Lions,betonlineag,totals,Under,51.5,1.91
2026-08-28T10:55,56e8897681915f7ec92baeee952bb1ae,2026-09-18T00:15:00Z,Buffalo Bills,Detroit Lions,nordicbet,h2h,Buffalo Bills,,1.55
2026-08-28T10:55,56e8897681915f7ec92baeee952bb1ae,2026-09-18T00:15:00Z,Buffalo Bills,Detroit Lions,nordicbet,h2h,Detroit Lions,,2.29
2026-08-28T10:55,56e8897681915f7ec92baeee952bb1ae,2026-09-18T00:15:00Z,Buffalo Bills,Detroit Lions,nordicbet,spreads,Buffalo Bills,-3.0,1.89
2026-08-28T10:55,56e8897681915f7ec92baeee952bb1ae,2026-09-18T00:15:00Z,Buffalo Bills,Detroit Lions,nordicbet,spreads,Detroit Lions,3.0,1.81
2026-08-28T10:55,56e8897681915f7ec92baeee952bb1ae,2026-09-18T00:15:00Z,Buffalo Bills,Detroit Lions,nordicbet,totals,Over,52.5,1.83
2026-08-28T10:55,56e8897681915f7ec92baeee952bb1ae,2026-09-18T00:15:00Z,Buffalo Bills,Detroit Lions,nordicbet,totals,Under,52.5,1.87
2026-08-28T10:55,56e8897681915f7ec92baeee952bb1ae,2026-09-18T00:15:00Z,Buffalo Bills,Detroit Lions,betsson,h2h,Buffalo Bills,,1.55
2026-08-28T10:55,56e8897681915f7ec92baeee952bb1ae,2026-09-18T00:15:00Z,Buffalo Bills,Detroit Lions,betsson,h2h,Detroit Lions,,2.29
2026-08-28T10:55,56e8897681915f7ec92baeee952bb1ae,2026-09-18T00:15:00Z,Buffalo Bills,Detroit Lions,betsson,spreads,Buffalo Bills,-3.0,1.89
2026-08-28T10:55,56e8897681915f7ec92baeee952bb1ae,2026-09-18T00:15:00Z,Buffalo Bills,Detroit Lions,betsson,spreads,Detroit Lions,3.0,1.81
2026-08-28T10:55,56e8897681915f7ec92baeee952bb1ae,2026-09-18T00:15:00Z,Buffalo Bills,Detroit Lions,betsson,totals,Over,52.5,1.83
2026-08-28T10:55,56e8897681915f7ec92baeee952bb1ae,2026-09-18T00:15:00Z,Buffalo Bills,Detroit Lions,betsson,totals,Under,52.5,1.87
2026-08-28T10:55,56e8897681915f7ec92baeee952bb1ae,2026-09-18T00:15:00Z,Buffalo Bills,Detroit Lions,unibet_nl,h2h,Buffalo Bills,,1.61
2026-08-28T10:55,56e8897681915f7ec92baeee952bb1ae,2026-09-18T00:15:00Z,Buffalo Bills,Detroit Lions,unibet_nl,h2h,Detroit Lions,,2.35
2026-08-28T10:55,56e8897681915f7ec92baeee952bb1ae,2026-09-18T00:15:00Z,Buffalo Bills,Detroit Lions,unibet_nl,spreads,Buffalo Bills,-3.0,1.95
2026-08-28T10:55,56e8897681915f7ec92baeee952bb1ae,2026-09-18T00:15:00Z,Buffalo Bills,Detroit Lions,unibet_nl,spreads,Detroit Lions,3.0,1.85
2026-08-28T10:55,56e8897681915f7ec92baeee952bb1ae,2026-09-18T00:15:00Z,Buffalo Bills,Detroit Lions,unibet_nl,totals,Over,52.5,1.91
2026-08-28T10:55,56e8897681915f7ec92baeee952bb1ae,2026-09-18T00:15:00Z,Buffalo Bills,Detroit Lions,unibet_nl,totals,Under,52.5,1.91
2026-08-28T10:55,56e8897681915f7ec92baeee952bb1ae,2026-09-18T00:15:00Z,Buffalo Bills,Detroit Lions,leovegas_se,h2h,Buffalo Bills,,1.61
2026-08-28T10:55,56e8897681915f7ec92baeee952bb1ae,2026-09-18T00:15:00Z,Buffalo Bills,Detroit Lions,leovegas_se,h2h,Detroit Lions,,2.35
2026-08-28T10:55,56e8897681915f7ec92baeee952bb1ae,2026-09-18T00:15:00Z,Buffalo Bills,Detroit Lions,leovegas_se,spreads,Buffalo Bills,-3.0,1.95
2026-08-28T10:55,56e8897681915f7ec92baeee952bb1ae,2026-09-18T00:15:00Z,Buffalo Bills,Detroit Lions,leovegas_se,spreads,Detroit Lions,3.0,1.85
2026-08-28T10:55,56e8897681915f7ec92baeee952bb1ae,2026-09-18T00:15:00Z,Buffalo Bills,Detroit Lions,unibet_se,h2h,Buffalo Bills,,1.61
2026-08-28T10:55,56e8897681915f7ec92baeee952bb1ae,2026-09-18T00:15:00Z,Buffalo Bills,Detroit Lions,unibet_se,h2h,Detroit Lions,,2.35
2026-08-28T10:55,56e8897681915f7ec92baeee952bb1ae,2026-09-18T00:15:00Z,Buffalo Bills,Detroit Lions,unibet_se,spreads,Buffalo Bills,-3.0,1.95
2026-08-28T10:55,56e8897681915f7ec92baeee952bb1ae,2026-09-18T00:15:00Z,Buffalo Bills,Detroit Lions,unibet_se,spreads,Detroit Lions,3.0,1.85
2026-08-28T10:55,56e8897681915f7ec92baeee952bb1ae,2026-09-18T00:15:00Z,Buffalo Bills,Detroit Lions,onexbet,totals,Over,52.5,1.91
2026-08-28T10:55,56e8897681915f7ec92baeee952bb1ae,2026-09-18T00:15:00Z,Buffalo Bills,Detroit Lions,onexbet,totals,Under,52.5,1.91
2026-08-28T10:55,56e8897681915f7ec92baeee952bb1ae,2026-09-18T00:15:00Z,Buffalo Bills,Detroit Lions,betclic_fr,h2h,Buffalo Bills,,1.58
2026-08-28T10:55,56e8897681915f7ec92baeee952bb1ae,2026-09-18T00:15:00Z,Buffalo Bills,Detroit Lions,betclic_fr,h2h,Detroit Lions,,2.3
2026-08-28T10:55,aee7eae1849ebb103b9bf233e9741392,2026-09-20T17:00:00Z,Atlanta Falcons,Carolina Panthers,betsson,h2h,Atlanta Falcons,,1.74
2026-08-28T10:55,aee7eae1849ebb103b9bf233e9741392,2026-09-20T17:00:00Z,Atlanta Falcons,Carolina Panthers,betsson,h2h,Carolina Panthers,,1.98
2026-08-28T10:55,aee7eae1849ebb103b9bf233e9741392,2026-09-20T17:00:00Z,Atlanta Falcons,Carolina Panthers,betsson,spreads,Atlanta Falcons,-1.5,1.84
2026-08-28T10:55,aee7eae1849ebb103b9bf233e9741392,2026-09-20T17:00:00Z,Atlanta Falcons,Carolina Panthers,betsson,spreads,Carolina Panthers,1.5,1.86
2026-08-28T10:55,aee7eae1849ebb103b9bf233e9741392,2026-09-20T17:00:00Z,Atlanta Falcons,Carolina Panthers,betsson,totals,Over,43.0,1.81
2026-08-28T10:55,aee7eae1849ebb103b9bf233e9741392,2026-09-20T17:00:00Z,Atlanta Falcons,Carolina Panthers,betsson,totals,Under,43.0,1.89
2026-08-28T10:55,aee7eae1849ebb103b9bf233e9741392,2026-09-20T17:00:00Z,Atlanta Falcons,Carolina Panthers,nordicbet,h2h,Atlanta Falcons,,1.74
2026-08-28T10:55,aee7eae1849ebb103b9bf233e9741392,2026-09-20T17:00:00Z,Atlanta Falcons,Carolina Panthers,nordicbet,h2h,Carolina Panthers,,1.98
2026-08-28T10:55,aee7eae1849ebb103b9bf233e9741392,2026-09-20T17:00:00Z,Atlanta Falcons,Carolina Panthers,nordicbet,spreads,Atlanta Falcons,-1.5,1.84
2026-08-28T10:55,aee7eae1849ebb103b9bf233e9741392,2026-09-20T17:00:00Z,Atlanta Falcons,Carolina Panthers,nordicbet,spreads,Carolina Panthers,1.5,1.86
2026-08-28T10:55,aee7eae1849ebb103b9bf233e9741392,2026-09-20T17:00:00Z,Atlanta Falcons,Carolina Panthers,nordicbet,totals,Over,43.0,1.81
2026-08-28T10:55,aee7eae1849ebb103b9bf233e9741392,2026-09-20T17:00:00Z,Atlanta Falcons,Carolina Panthers,nordicbet,totals,Under,43.0,1.89
2026-08-28T10:55,2143ade9684fd876b68a4e8cbf451f05,2026-09-20T17:00:00Z,Baltimore Ravens,New Orleans Saints,nordicbet,h2h,Baltimore Ravens,,1.24
2026-08-28T10:55,2143ade9684fd876b68a4e8cbf451f05,2026-09-20T17:00:00Z,Baltimore Ravens,New Orleans Saints,nordicbet,h2h,New Orleans Saints,,3.62
2026-08-28T10:55,2143ade9684fd876b68a4e8cbf451f05,2026-09-20T17:00:00Z,Baltimore Ravens,New Orleans Saints,nordicbet,spreads,Baltimore Ravens,-7.5,1.87
2026-08-28T10:55,2143ade9684fd876b68a4e8cbf451f05,2026-09-20T17:00:00Z,Baltimore Ravens,New Orleans Saints,nordicbet,spreads,New Orleans Saints,7.5,1.83
2026-08-28T10:55,2143ade9684fd876b68a4e8cbf451f05,2026-09-20T17:00:00Z,Baltimore Ravens,New Orleans Saints,nordicbet,totals,Over,46.0,1.83
2026-08-28T10:55,2143ade9684fd876b68a4e8cbf451f05,2026-09-20T17:00:00Z,Baltimore Ravens,New Orleans Saints,nordicbet,totals,Under,46.0,1.87
2026-08-28T10:55,2143ade9684fd876b68a4e8cbf451f05,2026-09-20T17:00:00Z,Baltimore Ravens,New Orleans Saints,betsson,h2h,Baltimore Ravens,,1.24
2026-08-28T10:55,2143ade9684fd876b68a4e8cbf451f05,2026-09-20T17:00:00Z,Baltimore Ravens,New Orleans Saints,betsson,h2h,New Orleans Saints,,3.62
2026-08-28T10:55,2143ade9684fd876b68a4e8cbf451f05,2026-09-20T17:00:00Z,Baltimore Ravens,New Orleans Saints,betsson,spreads,Baltimore Ravens,-7.5,1.87
2026-08-28T10:55,2143ade9684fd876b68a4e8cbf451f05,2026-09-20T17:00:00Z,Baltimore Ravens,New Orleans Saints,betsson,spreads,New Orleans Saints,7.5,1.83
2026-08-28T10:55,2143ade9684fd876b68a4e8cbf451f05,2026-09-20T17:00:00Z,Baltimore Ravens,New Orleans Saints,betsson,totals,Over,46.0,1.83
2026-08-28T10:55,2143ade9684fd876b68a4e8cbf451f05,2026-09-20T17:00:00Z,Baltimore Ravens,New Orleans Saints,betsson,totals,Under,46.0,1.87
2026-08-28T10:55,fafc649c455e32a0f2ba1bd06e2039bc,2026-09-20T17:00:00Z,Tennessee Titans,Philadelphia Eagles,betsson,h2h,Philadelphia Eagles,,1.43
2026-08-28T10:55,fafc649c455e32a0f2ba1bd06e2039bc,2026-09-20T17:00:00Z,Tennessee Titans,Philadelphia Eagles,betsson,h2h,Tennessee Titans,,2.62
2026-08-28T10:55,fafc649c455e32a0f2ba1bd06e2039bc,2026-09-20T17:00:00Z,Tennessee Titans,Philadelphia Eagles,betsson,spreads,Philadelphia Eagles,-4.5,1.87
2026-08-28T10:55,fafc649c455e32a0f2ba1bd06e2039bc,2026-09-20T17:00:00Z,Tennessee Titans,Philadelphia Eagles,betsson,spreads,Tennessee Titans,4.5,1.83
2026-08-28T10:55,fafc649c455e32a0f2ba1bd06e2039bc,2026-09-20T17:00:00Z,Tennessee Titans,Philadelphia Eagles,betsson,totals,Over,42.0,1.85
2026-08-28T10:55,fafc649c455e32a0f2ba1bd06e2039bc,2026-09-20T17:00:00Z,Tennessee Titans,Philadelphia Eagles,betsson,totals,Under,42.0,1.85
2026-08-28T10:55,fafc649c455e32a0f2ba1bd06e2039bc,2026-09-20T17:00:00Z,Tennessee Titans,Philadelphia Eagles,nordicbet,h2h,Philadelphia Eagles,,1.43
2026-08-28T10:55,fafc649c455e32a0f2ba1bd06e2039bc,2026-09-20T17:00:00Z,Tennessee Titans,Philadelphia Eagles,nordicbet,h2h,Tennessee Titans,,2.62
2026-08-28T10:55,fafc649c455e32a0f2ba1bd06e2039bc,2026-09-20T17:00:00Z,Tennessee Titans,Philadelphia Eagles,nordicbet,spreads,Philadelphia Eagles,-4.5,1.87
2026-08-28T10:55,fafc649c455e32a0f2ba1bd06e2039bc,2026-09-20T17:00:00Z,Tennessee Titans,Philadelphia Eagles,nordicbet,spreads,Tennessee Titans,4.5,1.83
2026-08-28T10:55,fafc649c455e32a0f2ba1bd06e2039bc,2026-09-20T17:00:00Z,Tennessee Titans,Philadelphia Eagles,nordicbet,totals,Over,42.0,1.85
2026-08-28T10:55,fafc649c455e32a0f2ba1bd06e2039bc,2026-09-20T17:00:00Z,Tennessee Titans,Philadelphia Eagles,nordicbet,totals,Under,42.0,1.85
2026-08-28T10:55,84cfca14efc21363fd605508404cf1ff,2026-09-27T20:25:00Z,Dallas Cowboys,Baltimore Ravens,betclic_fr,h2h,Baltimore Ravens,,1.7
2026-08-28T10:55,84cfca14efc21363fd605508404cf1ff,2026-09-27T20:25:00Z,Dallas Cowboys,Baltimore Ravens,betclic_fr,h2h,Dallas Cowboys,,2.05
2026-08-28T10:55,c9d8ed8aa4889486eaf10a630138ede0,2026-10-04T13:30:00Z,Washington Commanders,Indianapolis Colts,onexbet,spreads,Indianapolis Colts,-1.5,1.91
2026-08-28T10:55,c9d8ed8aa4889486eaf10a630138ede0,2026-10-04T13:30:00Z,Washington Commanders,Indianapolis Colts,onexbet,spreads,Washington Commanders,1.5,1.91
2026-08-28T10:55,c9d8ed8aa4889486eaf10a630138ede0,2026-10-04T13:30:00Z,Washington Commanders,Indianapolis Colts,onexbet,totals,Over,49.5,1.91
2026-08-28T10:55,c9d8ed8aa4889486eaf10a630138ede0,2026-10-04T13:30:00Z,Washington Commanders,Indianapolis Colts,onexbet,totals,Under,49.5,1.91
2026-08-28T10:55,c9d8ed8aa4889486eaf10a630138ede0,2026-10-04T13:30:00Z,Washington Commanders,Indianapolis Colts,betclic_fr,h2h,Indianapolis Colts,,1.85
2026-08-28T10:55,c9d8ed8aa4889486eaf10a630138ede0,2026-10-04T13:30:00Z,Washington Commanders,Indianapolis Colts,betclic_fr,h2h,Washington Commanders,,1.9
2026-08-28T10:55,21b26266f3d78af02eb672e606275d95,2026-10-11T13:30:00Z,Jacksonville Jaguars,Philadelphia Eagles,onexbet,spreads,Jacksonville Jaguars,1.5,1.91
2026-08-28T10:55,21b26266f3d78af02eb672e606275d95,2026-10-11T13:30:00Z,Jacksonville Jaguars,Philadelphia Eagles,onexbet,spreads,Philadelphia Eagles,-1.5,1.91
2026-08-28T10:55,21b26266f3d78af02eb672e606275d95,2026-10-11T13:30:00Z,Jacksonville Jaguars,Philadelphia Eagles,onexbet,totals,Over,44.5,1.91
2026-08-28T10:55,21b26266f3d78af02eb672e606275d95,2026-10-11T13:30:00Z,Jacksonville Jaguars,Philadelphia Eagles,onexbet,totals,Under,44.5,1.91
2026-08-28T10:55,21b26266f3d78af02eb672e606275d95,2026-10-11T13:30:00Z,Jacksonville Jaguars,Philadelphia Eagles,betclic_fr,h2h,Jacksonville Jaguars,,2.0
2026-08-28T10:55,21b26266f3d78af02eb672e606275d95,2026-10-11T13:30:00Z,Jacksonville Jaguars,Philadelphia Eagles,betclic_fr,h2h,Philadelphia Eagles,,1.78
2026-08-28T10:55,57418b2cf5aca558b3c98eafac1e264a,2026-10-18T13:30:00Z,Jacksonville Jaguars,Houston Texans,onexbet,spreads,Houston Texans,1.5,1.83
2026-08-28T10:55,57418b2cf5aca558b3c98eafac1e264a,2026-10-18T13:30:00Z,Jacksonville Jaguars,Houston Texans,onexbet,spreads,Jacksonville Jaguars,-1.5,2.0
2026-08-28T10:55,57418b2cf5aca558b3c98eafac1e264a,2026-10-18T13:30:00Z,Jacksonville Jaguars,Houston Texans,onexbet,totals,Over,41.5,1.91
2026-08-28T10:55,57418b2cf5aca558b3c98eafac1e264a,2026-10-18T13:30:00Z,Jacksonville Jaguars,Houston Texans,onexbet,totals,Under,41.5,1.91
2026-08-28T10:55,57418b2cf5aca558b3c98eafac1e264a,2026-10-18T13:30:00Z,Jacksonville Jaguars,Houston Texans,betclic_fr,h2h,Houston Texans,,1.85
2026-08-28T10:55,57418b2cf5aca558b3c98eafac1e264a,2026-10-18T13:30:00Z,Jacksonville Jaguars,Houston Texans,betclic_fr,h2h,Jacksonville Jaguars,,1.88
2026-08-28T10:55,2e710ea5a306b614f0f966e3d78732f8,2026-10-25T13:30:00Z,New Orleans Saints,Pittsburgh Steelers,onexbet,spreads,New Orleans Saints,1.5,1.91
2026-08-28T10:55,2e710ea5a306b614f0f966e3d78732f8,2026-10-25T13:30:00Z,New Orleans Saints,Pittsburgh Steelers,onexbet,spreads,Pittsburgh Steelers,-1.5,1.91
2026-08-28T10:55,2e710ea5a306b614f0f966e3d78732f8,2026-10-25T13:30:00Z,New Orleans Saints,Pittsburgh Steelers,onexbet,totals,Over,42.5,1.91
2026-08-28T10:55,2e710ea5a306b614f0f966e3d78732f8,2026-10-25T13:30:00Z,New Orleans Saints,Pittsburgh Steelers,onexbet,totals,Under,42.5,1.91
2026-08-28T10:55,2e710ea5a306b614f0f966e3d78732f8,2026-10-25T13:30:00Z,New Orleans Saints,Pittsburgh Steelers,betclic_fr,h2h,New Orleans Saints,,2.05
2026-08-28T10:55,2e710ea5a306b614f0f966e3d78732f8,2026-10-25T13:30:00Z,New Orleans Saints,Pittsburgh Steelers,betclic_fr,h2h,Pittsburgh Steelers,,1.7
2026-08-28T10:55,dc56d980f527ffeef89940133b211b13,2026-11-08T14:30:00Z,Atlanta Falcons,Cincinnati Bengals,onexbet,spreads,Atlanta Falcons,4.5,1.87
2026-08-28T10:55,dc56d980f527ffeef89940133b211b13,2026-11-08T14:30:00Z,Atlanta Falcons,Cincinnati Bengals,onexbet,spreads,Cincinnati Bengals,-4.5,1.95
2026-08-28T10:55,dc56d980f527ffeef89940133b211b13,2026-11-08T14:30:00Z,Atlanta Falcons,Cincinnati Bengals,onexbet,totals,Over,49.5,1.91
2026-08-28T10:55,dc56d980f527ffeef89940133b211b13,2026-11-08T14:30:00Z,Atlanta Falcons,Cincinnati Bengals,onexbet,totals,Under,49.5,1.91
2026-08-28T10:55,dc56d980f527ffeef89940133b211b13,2026-11-08T14:30:00Z,Atlanta Falcons,Cincinnati Bengals,betclic_fr,h2h,Atlanta Falcons,,2.7
2026-08-28T10:55,dc56d980f527ffeef89940133b211b13,2026-11-08T14:30:00Z,Atlanta Falcons,Cincinnati Bengals,betclic_fr,h2h,Cincinnati Bengals,,1.42
2026-08-28T10:55,b8c10fdf1e0ac4e13deee7f7c0af0b0b,2026-11-15T14:30:00Z,Detroit Lions,New England Patriots,onexbet,spreads,Detroit Lions,-1.5,1.91
2026-08-28T10:55,b8c10fdf1e0ac4e13deee7f7c0af0b0b,2026-11-15T14:30:00Z,Detroit Lions,New England Patriots,onexbet,spreads,New England Patriots,1.5,1.91
2026-08-28T10:55,b8c10fdf1e0ac4e13deee7f7c0af0b0b,2026-11-15T14:30:00Z,Detroit Lions,New England Patriots,onexbet,totals,Over,47.5,1.91
2026-08-28T10:55,b8c10fdf1e0ac4e13deee7f7c0af0b0b,2026-11-15T14:30:00Z,Detroit Lions,New England Patriots,onexbet,totals,Under,47.5,1.91
2026-08-28T10:55,b8c10fdf1e0ac4e13deee7f7c0af0b0b,2026-11-15T14:30:00Z,Detroit Lions,New England Patriots,betclic_fr,h2h,Detroit Lions,,1.8
2026-08-28T10:55,b8c10fdf1e0ac4e13deee7f7c0af0b0b,2026-11-15T14:30:00Z,Detroit Lions,New England Patriots,betclic_fr,h2h,New England Patriots,,1.95
2026-08-28T10:55,60e1d27b083a335b722c2c852ea85612,2026-11-23T01:20:00Z,San Francisco 49ers,Minnesota Vikings,onexbet,spreads,Minnesota Vikings,4.5,1.91
2026-08-28T10:55,60e1d27b083a335b722c2c852ea85612,2026-11-23T01:20:00Z,San Francisco 49ers,Minnesota Vikings,onexbet,spreads,San Francisco 49ers,-4.5,1.91
2026-08-28T10:55,60e1d27b083a335b722c2c852ea85612,2026-11-23T01:20:00Z,San Francisco 49ers,Minnesota Vikings,onexbet,totals,Over,47.5,1.91
2026-08-28T10:55,60e1d27b083a335b722c2c852ea85612,2026-11-23T01:20:00Z,San Francisco 49ers,Minnesota Vikings,onexbet,totals,Under,47.5,1.91
2026-08-28T10:55,60e1d27b083a335b722c2c852ea85612,2026-11-23T01:20:00Z,San Francisco 49ers,Minnesota Vikings,betclic_fr,h2h,Minnesota Vikings,,2.6
2026-08-28T10:55,60e1d27b083a335b722c2c852ea85612,2026-11-23T01:20:00Z,San Francisco 49ers,Minnesota Vikings,betclic_fr,h2h,San Francisco 49ers,,1.45
2026-08-28T10:55,5b612899d6dcdf998107f2c6c6e49a58,2026-11-26T01:00:00Z,Los Angeles Rams,Green Bay Packers,onexbet,spreads,Green Bay Packers,5.5,1.87
2026-08-28T10:55,5b612899d6dcdf998107f2c6c6e49a58,2026-11-26T01:00:00Z,Los Angeles Rams,Green Bay Packers,onexbet,spreads,Los Angeles Rams,-5.5,1.95
2026-08-28T10:55,5b612899d6dcdf998107f2c6c6e49a58,2026-11-26T01:00:00Z,Los Angeles Rams,Green Bay Packers,onexbet,totals,Over,48.5,1.91
2026-08-28T10:55,5b612899d6dcdf998107f2c6c6e49a58,2026-11-26T01:00:00Z,Los Angeles Rams,Green Bay Packers,onexbet,totals,Under,48.5,1.91
2026-08-28T10:55,5b612899d6dcdf998107f2c6c6e49a58,2026-11-26T01:00:00Z,Los Angeles Rams,Green Bay Packers,betclic_fr,h2h,Green Bay Packers,,2.75
2026-08-28T10:55,5b612899d6dcdf998107f2c6c6e49a58,2026-11-26T01:00:00Z,Los Angeles Rams,Green Bay Packers,betclic_fr,h2h,Los Angeles Rams,,1.42
2026-08-28T10:55,9b825e6518156008da499be041975fdd,2026-11-26T18:00:00Z,Detroit Lions,Chicago Bears,betclic_fr,h2h,Chicago Bears,,2.05
2026-08-28T10:55,9b825e6518156008da499be041975fdd,2026-11-26T18:00:00Z,Detroit Lions,Chicago Bears,betclic_fr,h2h,Detroit Lions,,1.7
2026-08-28T10:55,9b825e6518156008da499be041975fdd,2026-11-26T18:00:00Z,Detroit Lions,Chicago Bears,onexbet,spreads,Chicago Bears,2.5,1.91
2026-08-28T10:55,9b825e6518156008da499be041975fdd,2026-11-26T18:00:00Z,Detroit Lions,Chicago Bears,onexbet,spreads,Detroit Lions,-2.5,1.91
2026-08-28T10:55,9b825e6518156008da499be041975fdd,2026-11-26T18:00:00Z,Detroit Lions,Chicago Bears,onexbet,totals,Over,53.5,1.91
2026-08-28T10:55,9b825e6518156008da499be041975fdd,2026-11-26T18:00:00Z,Detroit Lions,Chicago Bears,onexbet,totals,Under,53.5,1.91
2026-08-28T10:55,ffaa06af56a7137d4b078c5c46c0b730,2026-11-26T20:30:00Z,Dallas Cowboys,Philadelphia Eagles,betclic_fr,h2h,Dallas Cowboys,,1.75
2026-08-28T10:55,ffaa06af56a7137d4b078c5c46c0b730,2026-11-26T20:30:00Z,Dallas Cowboys,Philadelphia Eagles,betclic_fr,h2h,Philadelphia Eagles,,2.0
2026-08-28T10:55,ffaa06af56a7137d4b078c5c46c0b730,2026-11-26T20:30:00Z,Dallas Cowboys,Philadelphia Eagles,betonlineag,spreads,Dallas Cowboys,-1.0,1.87
2026-08-28T10:55,ffaa06af56a7137d4b078c5c46c0b730,2026-11-26T20:30:00Z,Dallas Cowboys,Philadelphia Eagles,betonlineag,spreads,Philadelphia Eagles,1.0,1.95
2026-08-28T10:55,ffaa06af56a7137d4b078c5c46c0b730,2026-11-26T20:30:00Z,Dallas Cowboys,Philadelphia Eagles,betonlineag,totals,Over,49.5,1.87
2026-08-28T10:55,ffaa06af56a7137d4b078c5c46c0b730,2026-11-26T20:30:00Z,Dallas Cowboys,Philadelphia Eagles,betonlineag,totals,Under,49.5,1.95
2026-08-28T10:55,ffaa06af56a7137d4b078c5c46c0b730,2026-11-26T20:30:00Z,Dallas Cowboys,Philadelphia Eagles,onexbet,spreads,Dallas Cowboys,-1.5,1.95
2026-08-28T10:55,ffaa06af56a7137d4b078c5c46c0b730,2026-11-26T20:30:00Z,Dallas Cowboys,Philadelphia Eagles,onexbet,spreads,Philadelphia Eagles,1.5,1.87
2026-08-28T10:55,ffaa06af56a7137d4b078c5c46c0b730,2026-11-26T20:30:00Z,Dallas Cowboys,Philadelphia Eagles,onexbet,totals,Over,49.5,1.91
2026-08-28T10:55,ffaa06af56a7137d4b078c5c46c0b730,2026-11-26T20:30:00Z,Dallas Cowboys,Philadelphia Eagles,onexbet,totals,Under,49.5,1.91
2026-08-28T10:55,f36f518585aec40e8cb40e071c0844aa,2026-11-27T01:20:00Z,Buffalo Bills,Kansas City Chiefs,betclic_fr,h2h,Buffalo Bills,,1.62
2026-08-28T10:55,f36f518585aec40e8cb40e071c0844aa,2026-11-27T01:20:00Z,Buffalo Bills,Kansas City Chiefs,betclic_fr,h2h,Kansas City Chiefs,,2.2
2026-08-28T10:55,f36f518585aec40e8cb40e071c0844aa,2026-11-27T01:20:00Z,Buffalo Bills,Kansas City Chiefs,onexbet,spreads,Buffalo Bills,-2.5,1.87
2026-08-28T10:55,f36f518585aec40e8cb40e071c0844aa,2026-11-27T01:20:00Z,Buffalo Bills,Kansas City Chiefs,onexbet,spreads,Kansas City Chiefs,2.5,1.95
2026-08-28T10:55,f36f518585aec40e8cb40e071c0844aa,2026-11-27T01:20:00Z,Buffalo Bills,Kansas City Chiefs,onexbet,totals,Over,49.5,1.91
2026-08-28T10:55,f36f518585aec40e8cb40e071c0844aa,2026-11-27T01:20:00Z,Buffalo Bills,Kansas City Chiefs,onexbet,totals,Under,49.5,1.91
2026-08-28T10:55,44a3bcf5bd002583ddef2207a92dd977,2026-11-27T20:00:00Z,Pittsburgh Steelers,Denver Broncos,onexbet,spreads,Denver Broncos,-1.5,1.91
2026-08-28T10:55,44a3bcf5bd002583ddef2207a92dd977,2026-11-27T20:00:00Z,Pittsburgh Steelers,Denver Broncos,onexbet,spreads,Pittsburgh Steelers,1.5,1.91
2026-08-28T10:55,44a3bcf5bd002583ddef2207a92dd977,2026-11-27T20:00:00Z,Pittsburgh Steelers,Denver Broncos,onexbet,totals,Over,40.5,1.91
2026-08-28T10:55,44a3bcf5bd002583ddef2207a92dd977,2026-11-27T20:00:00Z,Pittsburgh Steelers,Denver Broncos,onexbet,totals,Under,40.5,1.91
2026-08-28T10:55,3f226ec5402c6ec4d84a59be80c2fa67,2026-12-25T01:15:00Z,Philadelphia Eagles,Houston Texans,betclic_fr,h2h,Houston Texans,,2.05
2026-08-28T10:55,3f226ec5402c6ec4d84a59be80c2fa67,2026-12-25T01:15:00Z,Philadelphia Eagles,Houston Texans,betclic_fr,h2h,Philadelphia Eagles,,1.72
2026-08-28T10:55,3f226ec5402c6ec4d84a59be80c2fa67,2026-12-25T01:15:00Z,Philadelphia Eagles,Houston Texans,onexbet,spreads,Houston Texans,2.5,1.91
2026-08-28T10:55,3f226ec5402c6ec4d84a59be80c2fa67,2026-12-25T01:15:00Z,Philadelphia Eagles,Houston Texans,onexbet,spreads,Philadelphia Eagles,-2.5,1.91
2026-08-28T10:55,3f226ec5402c6ec4d84a59be80c2fa67,2026-12-25T01:15:00Z,Philadelphia Eagles,Houston Texans,onexbet,totals,Over,39.5,1.91
2026-08-28T10:55,3f226ec5402c6ec4d84a59be80c2fa67,2026-12-25T01:15:00Z,Philadelphia Eagles,Houston Texans,onexbet,totals,Under,39.5,1.91
2026-08-28T10:55,2828c07018dfafbe96aba205809cc7ac,2026-12-25T18:00:00Z,Chicago Bears,Green Bay Packers,betclic_fr,h2h,Chicago Bears,,1.8
2026-08-28T10:55,2828c07018dfafbe96aba205809cc7ac,2026-12-25T18:00:00Z,Chicago Bears,Green Bay Packers,betclic_fr,h2h,Green Bay Packers,,1.95
2026-08-28T10:55,2828c07018dfafbe96aba205809cc7ac,2026-12-25T18:00:00Z,Chicago Bears,Green Bay Packers,onexbet,spreads,Chicago Bears,-1.5,1.95
2026-08-28T10:55,2828c07018dfafbe96aba205809cc7ac,2026-12-25T18:00:00Z,Chicago Bears,Green Bay Packers,onexbet,spreads,Green Bay Packers,1.5,1.87
2026-08-28T10:55,2828c07018dfafbe96aba205809cc7ac,2026-12-25T18:00:00Z,Chicago Bears,Green Bay Packers,onexbet,totals,Over,47.5,1.91
2026-08-28T10:55,2828c07018dfafbe96aba205809cc7ac,2026-12-25T18:00:00Z,Chicago Bears,Green Bay Packers,onexbet,totals,Under,47.5,1.91
2026-08-28T10:55,126f27c71e8130ef87de0d137e833d9b,2026-12-25T21:30:00Z,Denver Broncos,Buffalo Bills,betclic_fr,h2h,Buffalo Bills,,1.72
2026-08-28T10:55,126f27c71e8130ef87de0d137e833d9b,2026-12-25T21:30:00Z,Denver Broncos,Buffalo Bills,betclic_fr,h2h,Denver Broncos,,2.05
2026-08-28T10:55,126f27c71e8130ef87de0d137e833d9b,2026-12-25T21:30:00Z,Denver Broncos,Buffalo Bills,onexbet,spreads,Buffalo Bills,-1.5,1.87
2026-08-28T10:55,126f27c71e8130ef87de0d137e833d9b,2026-12-25T21:30:00Z,Denver Broncos,Buffalo Bills,onexbet,spreads,Denver Broncos,1.5,1.95
2026-08-28T10:55,126f27c71e8130ef87de0d137e833d9b,2026-12-25T21:30:00Z,Denver Broncos,Buffalo Bills,onexbet,totals,Over,46.5,1.91
2026-08-28T10:55,126f27c71e8130ef87de0d137e833d9b,2026-12-25T21:30:00Z,Denver Broncos,Buffalo Bills,onexbet,totals,Under,46.5,1.91
2026-08-28T10:55,126f27c71e8130ef87de0d137e833d9b,2026-12-25T21:30:00Z,Denver Broncos,Buffalo Bills,mybookieag,h2h,Buffalo Bills,,1.72
2026-08-28T10:55,126f27c71e8130ef87de0d137e833d9b,2026-12-25T21:30:00Z,Denver Broncos,Buffalo Bills,mybookieag,h2h,Denver Broncos,,2.08
2026-08-28T10:55,126f27c71e8130ef87de0d137e833d9b,2026-12-25T21:30:00Z,Denver Broncos,Buffalo Bills,mybookieag,spreads,Buffalo Bills,-2.5,1.91
2026-08-28T10:55,126f27c71e8130ef87de0d137e833d9b,2026-12-25T21:30:00Z,Denver Broncos,Buffalo Bills,mybookieag,spreads,Denver Broncos,2.5,1.91
2026-08-28T10:55,126f27c71e8130ef87de0d137e833d9b,2026-12-25T21:30:00Z,Denver Broncos,Buffalo Bills,mybookieag,totals,Over,46.5,1.91
2026-08-28T10:55,126f27c71e8130ef87de0d137e833d9b,2026-12-25T21:30:00Z,Denver Broncos,Buffalo Bills,mybookieag,totals,Under,46.5,1.91
2026-08-28T10:55,f1af9705dbd2bbe4f1555f080ad06ba2,2026-12-26T01:15:00Z,Seattle Seahawks,Los Angeles Rams,betclic_fr,h2h,Los Angeles Rams,,1.88
2026-08-28T10:55,f1af9705dbd2bbe4f1555f080ad06ba2,2026-12-26T01:15:00Z,Seattle Seahawks,Los Angeles Rams,betclic_fr,h2h,Seattle Seahawks,,1.88
2026-08-28T10:55,f1af9705dbd2bbe4f1555f080ad06ba2,2026-12-26T01:15:00Z,Seattle Seahawks,Los Angeles Rams,onexbet,spreads,Los Angeles Rams,-1.5,1.91
2026-08-28T10:55,f1af9705dbd2bbe4f1555f080ad06ba2,2026-12-26T01:15:00Z,Seattle Seahawks,Los Angeles Rams,onexbet,spreads,Seattle Seahawks,1.5,1.91
2026-08-28T10:55,f1af9705dbd2bbe4f1555f080ad06ba2,2026-12-26T01:15:00Z,Seattle Seahawks,Los Angeles Rams,onexbet,totals,Over,46.5,1.91
2026-08-28T10:55,f1af9705dbd2bbe4f1555f080ad06ba2,2026-12-26T01:15:00Z,Seattle Seahawks,Los Angeles Rams,onexbet,totals,Under,46.5,1.91
2026-08-28T10:55,f1af9705dbd2bbe4f1555f080ad06ba2,2026-12-26T01:15:00Z,Seattle Seahawks,Los Angeles Rams,mybookieag,h2h,Los Angeles Rams,,1.88
2026-08-28T10:55,f1af9705dbd2bbe4f1555f080ad06ba2,2026-12-26T01:15:00Z,Seattle Seahawks,Los Angeles Rams,mybookieag,h2h,Seattle Seahawks,,1.88
2026-08-28T21:57,8c94552d022acec4a0458d70c19d3da9,2026-09-10T00:15:00Z,Seattle Seahawks,New England Patriots,unibet_se,h2h,New England Patriots,,2.65
2026-08-28T21:57,8c94552d022acec4a0458d70c19d3da9,2026-09-10T00:15:00Z,Seattle Seahawks,New England Patriots,unibet_se,h2h,Seattle Seahawks,,1.53
2026-08-28T21:57,8c94552d022acec4a0458d70c19d3da9,2026-09-10T00:15:00Z,Seattle Seahawks,New England Patriots,unibet_se,spreads,New England Patriots,3.5,1.91
2026-08-28T21:57,8c94552d022acec4a0458d70c19d3da9,2026-09-10T00:15:00Z,Seattle Seahawks,New England Patriots,unibet_se,spreads,Seattle Seahawks,-3.5,1.91
2026-08-28T21:57,8c94552d022acec4a0458d70c19d3da9,2026-09-10T00:15:00Z,Seattle Seahawks,New England Patriots,unibet_nl,h2h,New England Patriots,,2.6
2026-08-28T21:57,8c94552d022acec4a0458d70c19d3da9,2026-09-10T00:15:00Z,Seattle Seahawks,New England Patriots,unibet_nl,h2h,Seattle Seahawks,,1.51
2026-08-28T21:57,8c94552d022acec4a0458d70c19d3da9,2026-09-10T00:15:00Z,Seattle Seahawks,New England Patriots,unibet_nl,spreads,New England Patriots,3.5,1.91
2026-08-28T21:57,8c94552d022acec4a0458d70c19d3da9,2026-09-10T00:15:00Z,Seattle Seahawks,New England Patriots,unibet_nl,spreads,Seattle Seahawks,-3.5,1.91
2026-08-28T21:57,8c94552d022acec4a0458d70c19d3da9,2026-09-10T00:15:00Z,Seattle Seahawks,New England Patriots,unibet_nl,totals,Over,44.5,1.93
2026-08-28T21:57,8c94552d022acec4a0458d70c19d3da9,2026-09-10T00:15:00Z,Seattle Seahawks,New England Patriots,unibet_nl,totals,Under,44.5,1.88
2026-08-28T21:57,8c94552d022acec4a0458d70c19d3da9,2026-09-10T00:15:00Z,Seattle Seahawks,New England Patriots,leovegas_se,h2h,New England Patriots,,2.6
2026-08-28T21:57,8c94552d022acec4a0458d70c19d3da9,2026-09-10T00:15:00Z,Seattle Seahawks,New England Patriots,leovegas_se,h2h,Seattle Seahawks,,1.51
2026-08-28T21:57,8c94552d022acec4a0458d70c19d3da9,2026-09-10T00:15:00Z,Seattle Seahawks,New England Patriots,leovegas_se,spreads,New England Patriots,3.5,1.91
2026-08-28T21:57,8c94552d022acec4a0458d70c19d3da9,2026-09-10T00:15:00Z,Seattle Seahawks,New England Patriots,leovegas_se,spreads,Seattle Seahawks,-3.5,1.91
2026-08-28T21:57,8c94552d022acec4a0458d70c19d3da9,2026-09-10T00:15:00Z,Seattle Seahawks,New England Patriots,betonlineag,h2h,New England Patriots,,2.65
2026-08-28T21:57,8c94552d022acec4a0458d70c19d3da9,2026-09-10T00:15:00Z,Seattle Seahawks,New England Patriots,betonlineag,h2h,Seattle Seahawks,,1.53
2026-08-28T21:57,8c94552d022acec4a0458d70c19d3da9,2026-09-10T00:15:00Z,Seattle Seahawks,New England Patriots,betonlineag,spreads,New England Patriots,3.5,1.91
2026-08-28T21:57,8c94552d022acec4a0458d70c19d3da9,2026-09-10T00:15:00Z,Seattle Seahawks,New England Patriots,betonlineag,spreads,Seattle Seahawks,-3.5,1.91
2026-08-28T21:57,8c94552d022acec4a0458d70c19d3da9,2026-09-10T00:15:00Z,Seattle Seahawks,New England Patriots,betonlineag,totals,Over,43.5,1.87
2026-08-28T21:57,8c94552d022acec4a0458d70c19d3da9,2026-09-10T00:15:00Z,Seattle Seahawks,New England Patriots,betonlineag,totals,Under,43.5,1.95
2026-08-28T21:57,8c94552d022acec4a0458d70c19d3da9,2026-09-10T00:15:00Z,Seattle Seahawks,New England Patriots,gtbets,h2h,New England Patriots,,2.6
2026-08-28T21:57,8c94552d022acec4a0458d70c19d3da9,2026-09-10T00:15:00Z,Seattle Seahawks,New England Patriots,gtbets,h2h,Seattle Seahawks,,1.53
2026-08-28T21:57,8c94552d022acec4a0458d70c19d3da9,2026-09-10T00:15:00Z,Seattle Seahawks,New England Patriots,gtbets,spreads,New England Patriots,3.5,1.92
2026-08-28T21:57,8c94552d022acec4a0458d70c19d3da9,2026-09-10T00:15:00Z,Seattle Seahawks,New England Patriots,gtbets,spreads,Seattle Seahawks,-3.5,1.92
2026-08-28T21:57,8c94552d022acec4a0458d70c19d3da9,2026-09-10T00:15:00Z,Seattle Seahawks,New England Patriots,gtbets,totals,Over,44.5,1.92
2026-08-28T21:57,8c94552d022acec4a0458d70c19d3da9,2026-09-10T00:15:00Z,Seattle Seahawks,New England Patriots,gtbets,totals,Under,44.5,1.92
2026-08-28T21:57,8c94552d022acec4a0458d70c19d3da9,2026-09-10T00:15:00Z,Seattle Seahawks,New England Patriots,nordicbet,h2h,New England Patriots,,2.52
2026-08-28T21:57,8c94552d022acec4a0458d70c19d3da9,2026-09-10T00:15:00Z,Seattle Seahawks,New England Patriots,nordicbet,h2h,Seattle Seahawks,,1.46
2026-08-28T21:57,8c94552d022acec4a0458d70c19d3da9,2026-09-10T00:15:00Z,Seattle Seahawks,New England Patriots,nordicbet,spreads,New England Patriots,3.5,1.82
2026-08-28T21:57,8c94552d022acec4a0458d70c19d3da9,2026-09-10T00:15:00Z,Seattle Seahawks,New England Patriots,nordicbet,spreads,Seattle Seahawks,-3.5,1.88
2026-08-28T21:57,8c94552d022acec4a0458d70c19d3da9,2026-09-10T00:15:00Z,Seattle Seahawks,New England Patriots,nordicbet,totals,Over,44.5,1.87
2026-08-28T21:57,8c94552d022acec4a0458d70c19d3da9,2026-09-10T00:15:00Z,Seattle Seahawks,New England Patriots,nordicbet,totals,Under,44.5,1.83
2026-08-28T21:57,8c94552d022acec4a0458d70c19d3da9,2026-09-10T00:15:00Z,Seattle Seahawks,New England Patriots,betsson,h2h,New England Patriots,,2.52
2026-08-28T21:57,8c94552d022acec4a0458d70c19d3da9,2026-09-10T00:15:00Z,Seattle Seahawks,New England Patriots,betsson,h2h,Seattle Seahawks,,1.46
2026-08-28T21:57,8c94552d022acec4a0458d70c19d3da9,2026-09-10T00:15:00Z,Seattle Seahawks,New England Patriots,betsson,spreads,New England Patriots,3.5,1.82
2026-08-28T21:57,8c94552d022acec4a0458d70c19d3da9,2026-09-10T00:15:00Z,Seattle Seahawks,New England Patriots,betsson,spreads,Seattle Seahawks,-3.5,1.88
2026-08-28T21:57,8c94552d022acec4a0458d70c19d3da9,2026-09-10T00:15:00Z,Seattle Seahawks,New England Patriots,betsson,totals,Over,44.5,1.87
2026-08-28T21:57,8c94552d022acec4a0458d70c19d3da9,2026-09-10T00:15:00Z,Seattle Seahawks,New England Patriots,betsson,totals,Under,44.5,1.83
2026-08-28T21:57,8c94552d022acec4a0458d70c19d3da9,2026-09-10T00:15:00Z,Seattle Seahawks,New England Patriots,betclic_fr,h2h,New England Patriots,,2.55
2026-08-28T21:57,8c94552d022acec4a0458d70c19d3da9,2026-09-10T00:15:00Z,Seattle Seahawks,New England Patriots,betclic_fr,h2h,Seattle Seahawks,,1.48
2026-08-28T21:57,8c94552d022acec4a0458d70c19d3da9,2026-09-10T00:15:00Z,Seattle Seahawks,New England Patriots,williamhill,h2h,New England Patriots,,2.6
2026-08-28T21:57,8c94552d022acec4a0458d70c19d3da9,2026-09-10T00:15:00Z,Seattle Seahawks,New England Patriots,williamhill,h2h,Seattle Seahawks,,1.5
2026-08-28T21:57,8c94552d022acec4a0458d70c19d3da9,2026-09-10T00:15:00Z,Seattle Seahawks,New England Patriots,tipico_de,h2h,New England Patriots,,2.55
2026-08-28T21:57,8c94552d022acec4a0458d70c19d3da9,2026-09-10T00:15:00Z,Seattle Seahawks,New England Patriots,tipico_de,h2h,Seattle Seahawks,,1.5
2026-08-28T21:57,8c94552d022acec4a0458d70c19d3da9,2026-09-10T00:15:00Z,Seattle Seahawks,New England Patriots,tipico_de,spreads,New England Patriots,3.5,1.9
2026-08-28T21:57,8c94552d022acec4a0458d70c19d3da9,2026-09-10T00:15:00Z,Seattle Seahawks,New England Patriots,tipico_de,spreads,Seattle Seahawks,-3.5,1.87
2026-08-28T21:57,8c94552d022acec4a0458d70c19d3da9,2026-09-10T00:15:00Z,Seattle Seahawks,New England Patriots,tipico_de,totals,Over,44.5,1.93
2026-08-28T21:57,8c94552d022acec4a0458d70c19d3da9,2026-09-10T00:15:00Z,Seattle Seahawks,New England Patriots,tipico_de,totals,Under,44.5,1.83
2026-08-28T21:57,8c94552d022acec4a0458d70c19d3da9,2026-09-10T00:15:00Z,Seattle Seahawks,New England Patriots,onexbet,spreads,New England Patriots,3.5,1.91
2026-08-28T21:57,8c94552d022acec4a0458d70c19d3da9,2026-09-10T00:15:00Z,Seattle Seahawks,New England Patriots,onexbet,spreads,Seattle Seahawks,-3.5,1.91
2026-08-28T21:57,8c94552d022acec4a0458d70c19d3da9,2026-09-10T00:15:00Z,Seattle Seahawks,New England Patriots,onexbet,totals,Over,44.5,1.91
2026-08-28T21:57,8c94552d022acec4a0458d70c19d3da9,2026-09-10T00:15:00Z,Seattle Seahawks,New England Patriots,onexbet,totals,Under,44.5,1.91
2026-08-28T21:57,8c94552d022acec4a0458d70c19d3da9,2026-09-10T00:15:00Z,Seattle Seahawks,New England Patriots,pinnacle,h2h,New England Patriots,,2.59
2026-08-28T21:57,8c94552d022acec4a0458d70c19d3da9,2026-09-10T00:15:00Z,Seattle Seahawks,New England Patriots,pinnacle,h2h,Seattle Seahawks,,1.55
2026-08-28T21:57,8c94552d022acec4a0458d70c19d3da9,2026-09-10T00:15:00Z,Seattle Seahawks,New England Patriots,pinnacle,spreads,New England Patriots,3.5,1.9
2026-08-28T21:57,8c94552d022acec4a0458d70c19d3da9,2026-09-10T00:15:00Z,Seattle Seahawks,New England Patriots,pinnacle,spreads,Seattle Seahawks,-3.5,1.99
2026-08-28T21:57,8c94552d022acec4a0458d70c19d3da9,2026-09-10T00:15:00Z,Seattle Seahawks,New England Patriots,pinnacle,totals,Over,44.5,1.95
2026-08-28T21:57,8c94552d022acec4a0458d70c19d3da9,2026-09-10T00:15:00Z,Seattle Seahawks,New England Patriots,pinnacle,totals,Under,44.5,1.9
2026-08-28T21:57,8c94552d022acec4a0458d70c19d3da9,2026-09-10T00:15:00Z,Seattle Seahawks,New England Patriots,marathonbet,h2h,New England Patriots,,2.23
2026-08-28T21:57,8c94552d022acec4a0458d70c19d3da9,2026-09-10T00:15:00Z,Seattle Seahawks,New England Patriots,marathonbet,h2h,Seattle Seahawks,,1.64
2026-08-28T21:57,8c94552d022acec4a0458d70c19d3da9,2026-09-10T00:15:00Z,Seattle Seahawks,New England Patriots,mybookieag,h2h,New England Patriots,,2.52
2026-08-28T21:57,8c94552d022acec4a0458d70c19d3da9,2026-09-10T00:15:00Z,Seattle Seahawks,New England Patriots,mybookieag,h2h,Seattle Seahawks,,1.51
2026-08-28T21:57,8c94552d022acec4a0458d70c19d3da9,2026-09-10T00:15:00Z,Seattle Seahawks,New England Patriots,mybookieag,spreads,New England Patriots,3.5,1.91
2026-08-28T21:57,8c94552d022acec4a0458d70c19d3da9,2026-09-10T00:15:00Z,Seattle Seahawks,New England Patriots,mybookieag,spreads,Seattle Seahawks,-3.5,1.91
2026-08-28T21:57,8c94552d022acec4a0458d70c19d3da9,2026-09-10T00:15:00Z,Seattle Seahawks,New England Patriots,mybookieag,totals,Over,44.0,1.91
2026-08-28T21:57,8c94552d022acec4a0458d70c19d3da9,2026-09-10T00:15:00Z,Seattle Seahawks,New England Patriots,mybookieag,totals,Under,44.0,1.91
2026-08-28T21:57,8c94552d022acec4a0458d70c19d3da9,2026-09-10T00:15:00Z,Seattle Seahawks,New England Patriots,coolbet,h2h,New England Patriots,,2.54
2026-08-28T21:57,8c94552d022acec4a0458d70c19d3da9,2026-09-10T00:15:00Z,Seattle Seahawks,New England Patriots,coolbet,h2h,Seattle Seahawks,,1.5
2026-08-28T21:57,8c94552d022acec4a0458d70c19d3da9,2026-09-10T00:15:00Z,Seattle Seahawks,New England Patriots,coolbet,spreads,New England Patriots,3.5,1.89
2026-08-28T21:57,8c94552d022acec4a0458d70c19d3da9,2026-09-10T00:15:00Z,Seattle Seahawks,New England Patriots,coolbet,spreads,Seattle Seahawks,-3.5,1.96
2026-08-28T21:57,8c94552d022acec4a0458d70c19d3da9,2026-09-10T00:15:00Z,Seattle Seahawks,New England Patriots,coolbet,totals,Over,44.5,1.95
2026-08-28T21:57,8c94552d022acec4a0458d70c19d3da9,2026-09-10T00:15:00Z,Seattle Seahawks,New England Patriots,coolbet,totals,Under,44.5,1.9
2026-08-28T21:57,8c94552d022acec4a0458d70c19d3da9,2026-09-10T00:15:00Z,Seattle Seahawks,New England Patriots,betfair_ex_eu,h2h,New England Patriots,,2.34
2026-08-28T21:57,8c94552d022acec4a0458d70c19d3da9,2026-09-10T00:15:00Z,Seattle Seahawks,New England Patriots,betfair_ex_eu,h2h,Seattle Seahawks,,1.51
2026-08-28T21:57,8c94552d022acec4a0458d70c19d3da9,2026-09-10T00:15:00Z,Seattle Seahawks,New England Patriots,betfair_ex_eu,h2h_lay,New England Patriots,,2.98
2026-08-28T21:57,8c94552d022acec4a0458d70c19d3da9,2026-09-10T00:15:00Z,Seattle Seahawks,New England Patriots,betfair_ex_eu,h2h_lay,Seattle Seahawks,,1.75
2026-08-28T21:57,8c94552d022acec4a0458d70c19d3da9,2026-09-10T00:15:00Z,Seattle Seahawks,New England Patriots,everygame,h2h,New England Patriots,,2.65
2026-08-28T21:57,8c94552d022acec4a0458d70c19d3da9,2026-09-10T00:15:00Z,Seattle Seahawks,New England Patriots,everygame,h2h,Seattle Seahawks,,1.53
2026-08-28T21:57,8c94552d022acec4a0458d70c19d3da9,2026-09-10T00:15:00Z,Seattle Seahawks,New England Patriots,everygame,spreads,New England Patriots,3.5,1.91
2026-08-28T21:57,8c94552d022acec4a0458d70c19d3da9,2026-09-10T00:15:00Z,Seattle Seahawks,New England Patriots,everygame,spreads,Seattle Seahawks,-3.5,1.91
2026-08-28T21:57,8c94552d022acec4a0458d70c19d3da9,2026-09-10T00:15:00Z,Seattle Seahawks,New England Patriots,everygame,totals,Over,44.0,1.91
2026-08-28T21:57,8c94552d022acec4a0458d70c19d3da9,2026-09-10T00:15:00Z,Seattle Seahawks,New England Patriots,everygame,totals,Under,44.0,1.91
2026-08-28T21:57,8c94552d022acec4a0458d70c19d3da9,2026-09-10T00:15:00Z,Seattle Seahawks,New England Patriots,pmu_fr,h2h,New England Patriots,,2.6
2026-08-28T21:57,8c94552d022acec4a0458d70c19d3da9,2026-09-10T00:15:00Z,Seattle Seahawks,New England Patriots,pmu_fr,h2h,Seattle Seahawks,,1.51
2026-08-28T21:57,8c94552d022acec4a0458d70c19d3da9,2026-09-10T00:15:00Z,Seattle Seahawks,New England Patriots,pmu_fr,spreads,New England Patriots,3.5,1.91
2026-08-28T21:57,8c94552d022acec4a0458d70c19d3da9,2026-09-10T00:15:00Z,Seattle Seahawks,New England Patriots,pmu_fr,spreads,Seattle Seahawks,-3.5,1.91
2026-08-28T21:57,8c94552d022acec4a0458d70c19d3da9,2026-09-10T00:15:00Z,Seattle Seahawks,New England Patriots,pmu_fr,totals,Over,44.5,1.93
2026-08-28T21:57,8c94552d022acec4a0458d70c19d3da9,2026-09-10T00:15:00Z,Seattle Seahawks,New England Patriots,pmu_fr,totals,Under,44.5,1.88
2026-08-28T21:57,acc580d74344ea3b31bbcdd057fe6a9c,2026-09-11T00:35:00Z,Los Angeles Rams,San Francisco 49ers,betsson,h2h,Los Angeles Rams,,1.46
2026-08-28T21:57,acc580d74344ea3b31bbcdd057fe6a9c,2026-09-11T00:35:00Z,Los Angeles Rams,San Francisco 49ers,betsson,h2h,San Francisco 49ers,,2.52
2026-08-28T21:57,acc580d74344ea3b31bbcdd057fe6a9c,2026-09-11T00:35:00Z,Los Angeles Rams,San Francisco 49ers,betsson,spreads,Los Angeles Rams,-3.5,1.88
2026-08-28T21:57,acc580d74344ea3b31bbcdd057fe6a9c,2026-09-11T00:35:00Z,Los Angeles Rams,San Francisco 49ers,betsson,spreads,San Francisco 49ers,3.5,1.82
2026-08-28T21:57,acc580d74344ea3b31bbcdd057fe6a9c,2026-09-11T00:35:00Z,Los Angeles Rams,San Francisco 49ers,betsson,totals,Over,48.0,1.83
2026-08-28T21:57,acc580d74344ea3b31bbcdd057fe6a9c,2026-09-11T00:35:00Z,Los Angeles Rams,San Francisco 49ers,betsson,totals,Under,48.0,1.87
2026-08-28T21:57,acc580d74344ea3b31bbcdd057fe6a9c,2026-09-11T00:35:00Z,Los Angeles Rams,San Francisco 49ers,nordicbet,h2h,Los Angeles Rams,,1.46
2026-08-28T21:57,acc580d74344ea3b31bbcdd057fe6a9c,2026-09-11T00:35:00Z,Los Angeles Rams,San Francisco 49ers,nordicbet,h2h,San Francisco 49ers,,2.52
2026-08-28T21:57,acc580d74344ea3b31bbcdd057fe6a9c,2026-09-11T00:35:00Z,Los Angeles Rams,San Francisco 49ers,nordicbet,spreads,Los Angeles Rams,-3.5,1.88
2026-08-28T21:57,acc580d74344ea3b31bbcdd057fe6a9c,2026-09-11T00:35:00Z,Los Angeles Rams,San Francisco 49ers,nordicbet,spreads,San Francisco 49ers,3.5,1.82
2026-08-28T21:57,acc580d74344ea3b31bbcdd057fe6a9c,2026-09-11T00:35:00Z,Los Angeles Rams,San Francisco 49ers,nordicbet,totals,Over,48.0,1.83
2026-08-28T21:57,acc580d74344ea3b31bbcdd057fe6a9c,2026-09-11T00:35:00Z,Los Angeles Rams,San Francisco 49ers,nordicbet,totals,Under,48.0,1.87
2026-08-28T21:57,acc580d74344ea3b31bbcdd057fe6a9c,2026-09-11T00:35:00Z,Los Angeles Rams,San Francisco 49ers,onexbet,spreads,Los Angeles Rams,-3.5,1.91
2026-08-28T21:57,acc580d74344ea3b31bbcdd057fe6a9c,2026-09-11T00:35:00Z,Los Angeles Rams,San Francisco 49ers,onexbet,spreads,San Francisco 49ers,3.5,1.91
2026-08-28T21:57,acc580d74344ea3b31bbcdd057fe6a9c,2026-09-11T00:35:00Z,Los Angeles Rams,San Francisco 49ers,onexbet,totals,Over,48.5,1.91
2026-08-28T21:57,acc580d74344ea3b31bbcdd057fe6a9c,2026-09-11T00:35:00Z,Los Angeles Rams,San Francisco 49ers,onexbet,totals,Under,48.5,1.91
2026-08-28T21:57,acc580d74344ea3b31bbcdd057fe6a9c,2026-09-11T00:35:00Z,Los Angeles Rams,San Francisco 49ers,williamhill,h2h,Los Angeles Rams,,1.44
2026-08-28T21:57,acc580d74344ea3b31bbcdd057fe6a9c,2026-09-11T00:35:00Z,Los Angeles Rams,San Francisco 49ers,williamhill,h2h,San Francisco 49ers,,2.75
2026-08-28T21:57,acc580d74344ea3b31bbcdd057fe6a9c,2026-09-11T00:35:00Z,Los Angeles Rams,San Francisco 49ers,betclic_fr,h2h,Los Angeles Rams,,1.48
2026-08-28T21:57,acc580d74344ea3b31bbcdd057fe6a9c,2026-09-11T00:35:00Z,Los Angeles Rams,San Francisco 49ers,betclic_fr,h2h,San Francisco 49ers,,2.5
2026-08-28T21:57,acc580d74344ea3b31bbcdd057fe6a9c,2026-09-11T00:35:00Z,Los Angeles Rams,San Francisco 49ers,tipico_de,h2h,Los Angeles Rams,,1.5
2026-08-28T21:57,acc580d74344ea3b31bbcdd057fe6a9c,2026-09-11T00:35:00Z,Los Angeles Rams,San Francisco 49ers,tipico_de,h2h,San Francisco 49ers,,2.55
2026-08-28T21:57,acc580d74344ea3b31bbcdd057fe6a9c,2026-09-11T00:35:00Z,Los Angeles Rams,San Francisco 49ers,tipico_de,spreads,Los Angeles Rams,-3.5,1.87
2026-08-28T21:57,acc580d74344ea3b31bbcdd057fe6a9c,2026-09-11T00:35:00Z,Los Angeles Rams,San Francisco 49ers,tipico_de,spreads,San Francisco 49ers,3.5,1.9
2026-08-28T21:57,acc580d74344ea3b31bbcdd057fe6a9c,2026-09-11T00:35:00Z,Los Angeles Rams,San Francisco 49ers,tipico_de,totals,Over,48.5,1.93
2026-08-28T21:57,acc580d74344ea3b31bbcdd057fe6a9c,2026-09-11T00:35:00Z,Los Angeles Rams,San Francisco 49ers,tipico_de,totals,Under,48.5,1.83
2026-08-28T21:57,acc580d74344ea3b31bbcdd057fe6a9c,2026-09-11T00:35:00Z,Los Angeles Rams,San Francisco 49ers,betonlineag,h2h,Los Angeles Rams,,1.53
2026-08-28T21:57,acc580d74344ea3b31bbcdd057fe6a9c,2026-09-11T00:35:00Z,Los Angeles Rams,San Francisco 49ers,betonlineag,h2h,San Francisco 49ers,,2.65
2026-08-28T21:57,acc580d74344ea3b31bbcdd057fe6a9c,2026-09-11T00:35:00Z,Los Angeles Rams,San Francisco 49ers,betonlineag,spreads,Los Angeles Rams,-4.0,2.0
2026-08-28T21:57,acc580d74344ea3b31bbcdd057fe6a9c,2026-09-11T00:35:00Z,Los Angeles Rams,San Francisco 49ers,betonlineag,spreads,San Francisco 49ers,4.0,1.83
2026-08-28T21:57,acc580d74344ea3b31bbcdd057fe6a9c,2026-09-11T00:35:00Z,Los Angeles Rams,San Francisco 49ers,betonlineag,totals,Over,48.0,1.91
2026-08-28T21:57,acc580d74344ea3b31bbcdd057fe6a9c,2026-09-11T00:35:00Z,Los Angeles Rams,San Francisco 49ers,betonlineag,totals,Under,48.0,1.91
2026-08-28T21:57,acc580d74344ea3b31bbcdd057fe6a9c,2026-09-11T00:35:00Z,Los Angeles Rams,San Francisco 49ers,leovegas_se,h2h,Los Angeles Rams,,1.51
2026-08-28T21:57,acc580d74344ea3b31bbcdd057fe6a9c,2026-09-11T00:35:00Z,Los Angeles Rams,San Francisco 49ers,leovegas_se,h2h,San Francisco 49ers,,2.6
2026-08-28T21:57,acc580d74344ea3b31bbcdd057fe6a9c,2026-09-11T00:35:00Z,Los Angeles Rams,San Francisco 49ers,leovegas_se,spreads,Los Angeles Rams,-3.5,1.92
2026-08-28T21:57,acc580d74344ea3b31bbcdd057fe6a9c,2026-09-11T00:35:00Z,Los Angeles Rams,San Francisco 49ers,leovegas_se,spreads,San Francisco 49ers,3.5,1.89
2026-08-28T21:57,acc580d74344ea3b31bbcdd057fe6a9c,2026-09-11T00:35:00Z,Los Angeles Rams,San Francisco 49ers,unibet_se,h2h,Los Angeles Rams,,1.53
2026-08-28T21:57,acc580d74344ea3b31bbcdd057fe6a9c,2026-09-11T00:35:00Z,Los Angeles Rams,San Francisco 49ers,unibet_se,h2h,San Francisco 49ers,,2.65
2026-08-28T21:57,acc580d74344ea3b31bbcdd057fe6a9c,2026-09-11T00:35:00Z,Los Angeles Rams,San Francisco 49ers,unibet_se,spreads,Los Angeles Rams,-3.5,1.92
2026-08-28T21:57,acc580d74344ea3b31bbcdd057fe6a9c,2026-09-11T00:35:00Z,Los Angeles Rams,San Francisco 49ers,unibet_se,spreads,San Francisco 49ers,3.5,1.89
2026-08-28T21:57,acc580d74344ea3b31bbcdd057fe6a9c,2026-09-11T00:35:00Z,Los Angeles Rams,San Francisco 49ers,unibet_nl,h2h,Los Angeles Rams,,1.51
2026-08-28T21:57,acc580d74344ea3b31bbcdd057fe6a9c,2026-09-11T00:35:00Z,Los Angeles Rams,San Francisco 49ers,unibet_nl,h2h,San Francisco 49ers,,2.6
2026-08-28T21:57,acc580d74344ea3b31bbcdd057fe6a9c,2026-09-11T00:35:00Z,Los Angeles Rams,San Francisco 49ers,unibet_nl,spreads,Los Angeles Rams,-3.5,1.92
2026-08-28T21:57,acc580d74344ea3b31bbcdd057fe6a9c,2026-09-11T00:35:00Z,Los Angeles Rams,San Francisco 49ers,unibet_nl,spreads,San Francisco 49ers,3.5,1.89
2026-08-28T21:57,acc580d74344ea3b31bbcdd057fe6a9c,2026-09-11T00:35:00Z,Los Angeles Rams,San Francisco 49ers,unibet_nl,totals,Over,48.5,1.91
2026-08-28T21:57,acc580d74344ea3b31bbcdd057fe6a9c,2026-09-11T00:35:00Z,Los Angeles Rams,San Francisco 49ers,unibet_nl,totals,Under,48.5,1.91
2026-08-28T21:57,acc580d74344ea3b31bbcdd057fe6a9c,2026-09-11T00:35:00Z,Los Angeles Rams,San Francisco 49ers,gtbets,h2h,Los Angeles Rams,,1.51
2026-08-28T21:57,acc580d74344ea3b31bbcdd057fe6a9c,2026-09-11T00:35:00Z,Los Angeles Rams,San Francisco 49ers,gtbets,h2h,San Francisco 49ers,,2.65
2026-08-28T21:57,acc580d74344ea3b31bbcdd057fe6a9c,2026-09-11T00:35:00Z,Los Angeles Rams,San Francisco 49ers,gtbets,spreads,Los Angeles Rams,-3.5,1.92
2026-08-28T21:57,acc580d74344ea3b31bbcdd057fe6a9c,2026-09-11T00:35:00Z,Los Angeles Rams,San Francisco 49ers,gtbets,spreads,San Francisco 49ers,3.5,1.92
2026-08-28T21:57,acc580d74344ea3b31bbcdd057fe6a9c,2026-09-11T00:35:00Z,Los Angeles Rams,San Francisco 49ers,gtbets,totals,Over,48.5,1.92
2026-08-28T21:57,acc580d74344ea3b31bbcdd057fe6a9c,2026-09-11T00:35:00Z,Los Angeles Rams,San Francisco 49ers,gtbets,totals,Under,48.5,1.92
2026-08-28T21:57,acc580d74344ea3b31bbcdd057fe6a9c,2026-09-11T00:35:00Z,Los Angeles Rams,San Francisco 49ers,pinnacle,h2h,Los Angeles Rams,,1.53
2026-08-28T21:57,acc580d74344ea3b31bbcdd057fe6a9c,2026-09-11T00:35:00Z,Los Angeles Rams,San Francisco 49ers,pinnacle,h2h,San Francisco 49ers,,2.63
2026-08-28T21:57,acc580d74344ea3b31bbcdd057fe6a9c,2026-09-11T00:35:00Z,Los Angeles Rams,San Francisco 49ers,pinnacle,spreads,Los Angeles Rams,-3.0,1.8
2026-08-28T21:57,acc580d74344ea3b31bbcdd057fe6a9c,2026-09-11T00:35:00Z,Los Angeles Rams,San Francisco 49ers,pinnacle,spreads,San Francisco 49ers,3.0,2.11
2026-08-28T21:57,acc580d74344ea3b31bbcdd057fe6a9c,2026-09-11T00:35:00Z,Los Angeles Rams,San Francisco 49ers,pinnacle,totals,Over,48.5,1.95
2026-08-28T21:57,acc580d74344ea3b31bbcdd057fe6a9c,2026-09-11T00:35:00Z,Los Angeles Rams,San Francisco 49ers,pinnacle,totals,Under,48.5,1.9
2026-08-28T21:57,acc580d74344ea3b31bbcdd057fe6a9c,2026-09-11T00:35:00Z,Los Angeles Rams,San Francisco 49ers,marathonbet,h2h,Los Angeles Rams,,1.66
2026-08-28T21:57,acc580d74344ea3b31bbcdd057fe6a9c,2026-09-11T00:35:00Z,Los Angeles Rams,San Francisco 49ers,marathonbet,h2h,San Francisco 49ers,,2.19
2026-08-28T21:57,acc580d74344ea3b31bbcdd057fe6a9c,2026-09-11T00:35:00Z,Los Angeles Rams,San Francisco 49ers,mybookieag,h2h,Los Angeles Rams,,1.5
2026-08-28T21:57,acc580d74344ea3b31bbcdd057fe6a9c,2026-09-11T00:35:00Z,Los Angeles Rams,San Francisco 49ers,mybookieag,h2h,San Francisco 49ers,,2.55
2026-08-28T21:57,acc580d74344ea3b31bbcdd057fe6a9c,2026-09-11T00:35:00Z,Los Angeles Rams,San Francisco 49ers,mybookieag,totals,Over,48.0,1.91
2026-08-28T21:57,acc580d74344ea3b31bbcdd057fe6a9c,2026-09-11T00:35:00Z,Los Angeles Rams,San Francisco 49ers,mybookieag,totals,Under,48.0,1.91
2026-08-28T21:57,acc580d74344ea3b31bbcdd057fe6a9c,2026-09-11T00:35:00Z,Los Angeles Rams,San Francisco 49ers,coolbet,h2h,Los Angeles Rams,,1.48
2026-08-28T21:57,acc580d74344ea3b31bbcdd057fe6a9c,2026-09-11T00:35:00Z,Los Angeles Rams,San Francisco 49ers,coolbet,h2h,San Francisco 49ers,,2.6
2026-08-28T21:57,acc580d74344ea3b31bbcdd057fe6a9c,2026-09-11T00:35:00Z,Los Angeles Rams,San Francisco 49ers,coolbet,spreads,Los Angeles Rams,-3.5,1.95
2026-08-28T21:57,acc580d74344ea3b31bbcdd057fe6a9c,2026-09-11T00:35:00Z,Los Angeles Rams,San Francisco 49ers,coolbet,spreads,San Francisco 49ers,3.5,1.9
2026-08-28T21:57,acc580d74344ea3b31bbcdd057fe6a9c,2026-09-11T00:35:00Z,Los Angeles Rams,San Francisco 49ers,coolbet,totals,Over,48.0,1.9
2026-08-28T21:57,acc580d74344ea3b31bbcdd057fe6a9c,2026-09-11T00:35:00Z,Los Angeles Rams,San Francisco 49ers,coolbet,totals,Under,48.0,1.95
2026-08-28T21:57,acc580d74344ea3b31bbcdd057fe6a9c,2026-09-11T00:35:00Z,Los Angeles Rams,San Francisco 49ers,betfair_ex_eu,h2h,Los Angeles Rams,,1.52
2026-08-28T21:57,acc580d74344ea3b31bbcdd057fe6a9c,2026-09-11T00:35:00Z,Los Angeles Rams,San Francisco 49ers,betfair_ex_eu,h2h,San Francisco 49ers,,2.5
2026-08-28T21:57,acc580d74344ea3b31bbcdd057fe6a9c,2026-09-11T00:35:00Z,Los Angeles Rams,San Francisco 49ers,betfair_ex_eu,h2h_lay,Los Angeles Rams,,1.67
2026-08-28T21:57,acc580d74344ea3b31bbcdd057fe6a9c,2026-09-11T00:35:00Z,Los Angeles Rams,San Francisco 49ers,betfair_ex_eu,h2h_lay,San Francisco 49ers,,2.92
2026-08-28T21:57,acc580d74344ea3b31bbcdd057fe6a9c,2026-09-11T00:35:00Z,Los Angeles Rams,San Francisco 49ers,everygame,h2h,Los Angeles Rams,,1.53
2026-08-28T21:57,acc580d74344ea3b31bbcdd057fe6a9c,2026-09-11T00:35:00Z,Los Angeles Rams,San Francisco 49ers,everygame,h2h,San Francisco 49ers,,2.65
2026-08-28T21:57,acc580d74344ea3b31bbcdd057fe6a9c,2026-09-11T00:35:00Z,Los Angeles Rams,San Francisco 49ers,everygame,spreads,Los Angeles Rams,-3.5,1.87
2026-08-28T21:57,acc580d74344ea3b31bbcdd057fe6a9c,2026-09-11T00:35:00Z,Los Angeles Rams,San Francisco 49ers,everygame,spreads,San Francisco 49ers,3.5,1.95
2026-08-28T21:57,acc580d74344ea3b31bbcdd057fe6a9c,2026-09-11T00:35:00Z,Los Angeles Rams,San Francisco 49ers,everygame,totals,Over,48.0,1.91
2026-08-28T21:57,acc580d74344ea3b31bbcdd057fe6a9c,2026-09-11T00:35:00Z,Los Angeles Rams,San Francisco 49ers,everygame,totals,Under,48.0,1.91
2026-08-28T21:57,acc580d74344ea3b31bbcdd057fe6a9c,2026-09-11T00:35:00Z,Los Angeles Rams,San Francisco 49ers,pmu_fr,h2h,Los Angeles Rams,,1.51
2026-08-28T21:57,acc580d74344ea3b31bbcdd057fe6a9c,2026-09-11T00:35:00Z,Los Angeles Rams,San Francisco 49ers,pmu_fr,h2h,San Francisco 49ers,,2.6
2026-08-28T21:57,acc580d74344ea3b31bbcdd057fe6a9c,2026-09-11T00:35:00Z,Los Angeles Rams,San Francisco 49ers,pmu_fr,spreads,Los Angeles Rams,-3.5,1.92
2026-08-28T21:57,acc580d74344ea3b31bbcdd057fe6a9c,2026-09-11T00:35:00Z,Los Angeles Rams,San Francisco 49ers,pmu_fr,spreads,San Francisco 49ers,3.5,1.89
2026-08-28T21:57,acc580d74344ea3b31bbcdd057fe6a9c,2026-09-11T00:35:00Z,Los Angeles Rams,San Francisco 49ers,pmu_fr,totals,Over,48.5,1.91
2026-08-28T21:57,acc580d74344ea3b31bbcdd057fe6a9c,2026-09-11T00:35:00Z,Los Angeles Rams,San Francisco 49ers,pmu_fr,totals,Under,48.5,1.91
2026-08-28T21:57,95c01d1bb797d6df14824b106c5a9130,2026-09-13T17:00:00Z,Pittsburgh Steelers,Atlanta Falcons,unibet_se,h2h,Atlanta Falcons,,2.38
2026-08-28T21:57,95c01d1bb797d6df14824b106c5a9130,2026-09-13T17:00:00Z,Pittsburgh Steelers,Atlanta Falcons,unibet_se,h2h,Pittsburgh Steelers,,1.6
2026-08-28T21:57,95c01d1bb797d6df14824b106c5a9130,2026-09-13T17:00:00Z,Pittsburgh Steelers,Atlanta Falcons,unibet_se,spreads,Atlanta Falcons,3.0,1.91
2026-08-28T21:57,95c01d1bb797d6df14824b106c5a9130,2026-09-13T17:00:00Z,Pittsburgh Steelers,Atlanta Falcons,unibet_se,spreads,Pittsburgh Steelers,-3.0,1.91
2026-08-28T21:57,95c01d1bb797d6df14824b106c5a9130,2026-09-13T17:00:00Z,Pittsburgh Steelers,Atlanta Falcons,betonlineag,h2h,Atlanta Falcons,,2.4
2026-08-28T21:57,95c01d1bb797d6df14824b106c5a9130,2026-09-13T17:00:00Z,Pittsburgh Steelers,Atlanta Falcons,betonlineag,h2h,Pittsburgh Steelers,,1.62
2026-08-28T21:57,95c01d1bb797d6df14824b106c5a9130,2026-09-13T17:00:00Z,Pittsburgh Steelers,Atlanta Falcons,betonlineag,spreads,Atlanta Falcons,3.0,1.95
2026-08-28T21:57,95c01d1bb797d6df14824b106c5a9130,2026-09-13T17:00:00Z,Pittsburgh Steelers,Atlanta Falcons,betonlineag,spreads,Pittsburgh Steelers,-3.0,1.87
2026-08-28T21:57,95c01d1bb797d6df14824b106c5a9130,2026-09-13T17:00:00Z,Pittsburgh Steelers,Atlanta Falcons,betonlineag,totals,Over,42.5,1.91
2026-08-28T21:57,95c01d1bb797d6df14824b106c5a9130,2026-09-13T17:00:00Z,Pittsburgh Steelers,Atlanta Falcons,betonlineag,totals,Under,42.5,1.91
2026-08-28T21:57,95c01d1bb797d6df14824b106c5a9130,2026-09-13T17:00:00Z,Pittsburgh Steelers,Atlanta Falcons,leovegas_se,h2h,Atlanta Falcons,,2.38
2026-08-28T21:57,95c01d1bb797d6df14824b106c5a9130,2026-09-13T17:00:00Z,Pittsburgh Steelers,Atlanta Falcons,leovegas_se,h2h,Pittsburgh Steelers,,1.6
2026-08-28T21:57,95c01d1bb797d6df14824b106c5a9130,2026-09-13T17:00:00Z,Pittsburgh Steelers,Atlanta Falcons,leovegas_se,spreads,Atlanta Falcons,3.0,1.91
2026-08-28T21:57,95c01d1bb797d6df14824b106c5a9130,2026-09-13T17:00:00Z,Pittsburgh Steelers,Atlanta Falcons,leovegas_se,spreads,Pittsburgh Steelers,-3.0,1.91
2026-08-28T21:57,95c01d1bb797d6df14824b106c5a9130,2026-09-13T17:00:00Z,Pittsburgh Steelers,Atlanta Falcons,unibet_nl,h2h,Atlanta Falcons,,2.38
2026-08-28T21:57,95c01d1bb797d6df14824b106c5a9130,2026-09-13T17:00:00Z,Pittsburgh Steelers,Atlanta Falcons,unibet_nl,h2h,Pittsburgh Steelers,,1.6
2026-08-28T21:57,95c01d1bb797d6df14824b106c5a9130,2026-09-13T17:00:00Z,Pittsburgh Steelers,Atlanta Falcons,unibet_nl,spreads,Atlanta Falcons,3.0,1.91
2026-08-28T21:57,95c01d1bb797d6df14824b106c5a9130,2026-09-13T17:00:00Z,Pittsburgh Steelers,Atlanta Falcons,unibet_nl,spreads,Pittsburgh Steelers,-3.0,1.91
2026-08-28T21:57,95c01d1bb797d6df14824b106c5a9130,2026-09-13T17:00:00Z,Pittsburgh Steelers,Atlanta Falcons,unibet_nl,totals,Over,41.5,1.89
2026-08-28T21:57,95c01d1bb797d6df14824b106c5a9130,2026-09-13T17:00:00Z,Pittsburgh Steelers,Atlanta Falcons,unibet_nl,totals,Under,41.5,1.92
2026-08-28T21:57,95c01d1bb797d6df14824b106c5a9130,2026-09-13T17:00:00Z,Pittsburgh Steelers,Atlanta Falcons,nordicbet,h2h,Atlanta Falcons,,2.33
2026-08-28T21:57,95c01d1bb797d6df14824b106c5a9130,2026-09-13T17:00:00Z,Pittsburgh Steelers,Atlanta Falcons,nordicbet,h2h,Pittsburgh Steelers,,1.53
2026-08-28T21:57,95c01d1bb797d6df14824b106c5a9130,2026-09-13T17:00:00Z,Pittsburgh Steelers,Atlanta Falcons,nordicbet,spreads,Atlanta Falcons,3.0,1.88
2026-08-28T21:57,95c01d1bb797d6df14824b106c5a9130,2026-09-13T17:00:00Z,Pittsburgh Steelers,Atlanta Falcons,nordicbet,spreads,Pittsburgh Steelers,-3.0,1.82
2026-08-28T21:57,95c01d1bb797d6df14824b106c5a9130,2026-09-13T17:00:00Z,Pittsburgh Steelers,Atlanta Falcons,nordicbet,totals,Over,42.0,1.85
2026-08-28T21:57,95c01d1bb797d6df14824b106c5a9130,2026-09-13T17:00:00Z,Pittsburgh Steelers,Atlanta Falcons,nordicbet,totals,Under,42.0,1.85
2026-08-28T21:57,95c01d1bb797d6df14824b106c5a9130,2026-09-13T17:00:00Z,Pittsburgh Steelers,Atlanta Falcons,betsson,h2h,Atlanta Falcons,,2.33
2026-08-28T21:57,95c01d1bb797d6df14824b106c5a9130,2026-09-13T17:00:00Z,Pittsburgh Steelers,Atlanta Falcons,betsson,h2h,Pittsburgh Steelers,,1.53
2026-08-28T21:57,95c01d1bb797d6df14824b106c5a9130,2026-09-13T17:00:00Z,Pittsburgh Steelers,Atlanta Falcons,betsson,spreads,Atlanta Falcons,3.0,1.88
2026-08-28T21:57,95c01d1bb797d6df14824b106c5a9130,2026-09-13T17:00:00Z,Pittsburgh Steelers,Atlanta Falcons,betsson,spreads,Pittsburgh Steelers,-3.0,1.82
2026-08-28T21:57,95c01d1bb797d6df14824b106c5a9130,2026-09-13T17:00:00Z,Pittsburgh Steelers,Atlanta Falcons,betsson,totals,Over,42.0,1.85
2026-08-28T21:57,95c01d1bb797d6df14824b106c5a9130,2026-09-13T17:00:00Z,Pittsburgh Steelers,Atlanta Falcons,betsson,totals,Under,42.0,1.85
2026-08-28T21:57,95c01d1bb797d6df14824b106c5a9130,2026-09-13T17:00:00Z,Pittsburgh Steelers,Atlanta Falcons,gtbets,h2h,Atlanta Falcons,,2.4
2026-08-28T21:57,95c01d1bb797d6df14824b106c5a9130,2026-09-13T17:00:00Z,Pittsburgh Steelers,Atlanta Falcons,gtbets,h2h,Pittsburgh Steelers,,1.61
2026-08-28T21:57,95c01d1bb797d6df14824b106c5a9130,2026-09-13T17:00:00Z,Pittsburgh Steelers,Atlanta Falcons,gtbets,spreads,Atlanta Falcons,3.0,1.96
2026-08-28T21:57,95c01d1bb797d6df14824b106c5a9130,2026-09-13T17:00:00Z,Pittsburgh Steelers,Atlanta Falcons,gtbets,spreads,Pittsburgh Steelers,-3.0,1.88
2026-08-28T21:57,95c01d1bb797d6df14824b106c5a9130,2026-09-13T17:00:00Z,Pittsburgh Steelers,Atlanta Falcons,gtbets,totals,Over,42.5,1.92
2026-08-28T21:57,95c01d1bb797d6df14824b106c5a9130,2026-09-13T17:00:00Z,Pittsburgh Steelers,Atlanta Falcons,gtbets,totals,Under,42.5,1.92
2026-08-28T21:57,95c01d1bb797d6df14824b106c5a9130,2026-09-13T17:00:00Z,Pittsburgh Steelers,Atlanta Falcons,williamhill,h2h,Atlanta Falcons,,2.38
2026-08-28T21:57,95c01d1bb797d6df14824b106c5a9130,2026-09-13T17:00:00Z,Pittsburgh Steelers,Atlanta Falcons,williamhill,h2h,Pittsburgh Steelers,,1.57
2026-08-28T21:57,95c01d1bb797d6df14824b106c5a9130,2026-09-13T17:00:00Z,Pittsburgh Steelers,Atlanta Falcons,betclic_fr,h2h,Atlanta Falcons,,2.3
2026-08-28T21:57,95c01d1bb797d6df14824b106c5a9130,2026-09-13T17:00:00Z,Pittsburgh Steelers,Atlanta Falcons,betclic_fr,h2h,Pittsburgh Steelers,,1.58
2026-08-28T21:57,95c01d1bb797d6df14824b106c5a9130,2026-09-13T17:00:00Z,Pittsburgh Steelers,Atlanta Falcons,tipico_de,h2h,Atlanta Falcons,,2.3
2026-08-28T21:57,95c01d1bb797d6df14824b106c5a9130,2026-09-13T17:00:00Z,Pittsburgh Steelers,Atlanta Falcons,tipico_de,h2h,Pittsburgh Steelers,,1.6
2026-08-28T21:57,95c01d1bb797d6df14824b106c5a9130,2026-09-13T17:00:00Z,Pittsburgh Steelers,Atlanta Falcons,tipico_de,spreads,Atlanta Falcons,3.5,1.8
2026-08-28T21:57,95c01d1bb797d6df14824b106c5a9130,2026-09-13T17:00:00Z,Pittsburgh Steelers,Atlanta Falcons,tipico_de,spreads,Pittsburgh Steelers,-3.5,1.97
2026-08-28T21:57,95c01d1bb797d6df14824b106c5a9130,2026-09-13T17:00:00Z,Pittsburgh Steelers,Atlanta Falcons,tipico_de,totals,Over,42.5,1.87
2026-08-28T21:57,95c01d1bb797d6df14824b106c5a9130,2026-09-13T17:00:00Z,Pittsburgh Steelers,Atlanta Falcons,tipico_de,totals,Under,42.5,1.9
2026-08-28T21:57,95c01d1bb797d6df14824b106c5a9130,2026-09-13T17:00:00Z,Pittsburgh Steelers,Atlanta Falcons,onexbet,spreads,Atlanta Falcons,3.5,1.83
2026-08-28T21:57,95c01d1bb797d6df14824b106c5a9130,2026-09-13T17:00:00Z,Pittsburgh Steelers,Atlanta Falcons,onexbet,spreads,Pittsburgh Steelers,-3.5,2.0
2026-08-28T21:57,95c01d1bb797d6df14824b106c5a9130,2026-09-13T17:00:00Z,Pittsburgh Steelers,Atlanta Falcons,onexbet,totals,Over,42.5,1.91
2026-08-28T21:57,95c01d1bb797d6df14824b106c5a9130,2026-09-13T17:00:00Z,Pittsburgh Steelers,Atlanta Falcons,onexbet,totals,Under,42.5,1.91
2026-08-28T21:57,95c01d1bb797d6df14824b106c5a9130,2026-09-13T17:00:00Z,Pittsburgh Steelers,Atlanta Falcons,pinnacle,h2h,Atlanta Falcons,,2.5
2026-08-28T21:57,95c01d1bb797d6df14824b106c5a9130,2026-09-13T17:00:00Z,Pittsburgh Steelers,Atlanta Falcons,pinnacle,h2h,Pittsburgh Steelers,,1.59
2026-08-28T21:57,95c01d1bb797d6df14824b106c5a9130,2026-09-13T17:00:00Z,Pittsburgh Steelers,Atlanta Falcons,pinnacle,spreads,Atlanta Falcons,3.0,2.02
2026-08-28T21:57,95c01d1bb797d6df14824b106c5a9130,2026-09-13T17:00:00Z,Pittsburgh Steelers,Atlanta Falcons,pinnacle,spreads,Pittsburgh Steelers,-3.0,1.88
2026-08-28T21:57,95c01d1bb797d6df14824b106c5a9130,2026-09-13T17:00:00Z,Pittsburgh Steelers,Atlanta Falcons,pinnacle,totals,Over,41.5,1.82
2026-08-28T21:57,95c01d1bb797d6df14824b106c5a9130,2026-09-13T17:00:00Z,Pittsburgh Steelers,Atlanta Falcons,pinnacle,totals,Under,41.5,2.04
2026-08-28T21:57,95c01d1bb797d6df14824b106c5a9130,2026-09-13T17:00:00Z,Pittsburgh Steelers,Atlanta Falcons,marathonbet,h2h,Atlanta Falcons,,2.21
2026-08-28T21:57,95c01d1bb797d6df14824b106c5a9130,2026-09-13T17:00:00Z,Pittsburgh Steelers,Atlanta Falcons,marathonbet,h2h,Pittsburgh Steelers,,1.65
2026-08-28T21:57,95c01d1bb797d6df14824b106c5a9130,2026-09-13T17:00:00Z,Pittsburgh Steelers,Atlanta Falcons,mybookieag,h2h,Atlanta Falcons,,2.34
2026-08-28T21:57,95c01d1bb797d6df14824b106c5a9130,2026-09-13T17:00:00Z,Pittsburgh Steelers,Atlanta Falcons,mybookieag,h2h,Pittsburgh Steelers,,1.58
2026-08-28T21:57,95c01d1bb797d6df14824b106c5a9130,2026-09-13T17:00:00Z,Pittsburgh Steelers,Atlanta Falcons,mybookieag,spreads,Atlanta Falcons,3.0,1.91
2026-08-28T21:57,95c01d1bb797d6df14824b106c5a9130,2026-09-13T17:00:00Z,Pittsburgh Steelers,Atlanta Falcons,mybookieag,spreads,Pittsburgh Steelers,-3.0,1.91
2026-08-28T21:57,95c01d1bb797d6df14824b106c5a9130,2026-09-13T17:00:00Z,Pittsburgh Steelers,Atlanta Falcons,mybookieag,totals,Over,42.5,1.91
2026-08-28T21:57,95c01d1bb797d6df14824b106c5a9130,2026-09-13T17:00:00Z,Pittsburgh Steelers,Atlanta Falcons,mybookieag,totals,Under,42.5,1.91
2026-08-28T21:57,95c01d1bb797d6df14824b106c5a9130,2026-09-13T17:00:00Z,Pittsburgh Steelers,Atlanta Falcons,coolbet,h2h,Atlanta Falcons,,2.39
2026-08-28T21:57,95c01d1bb797d6df14824b106c5a9130,2026-09-13T17:00:00Z,Pittsburgh Steelers,Atlanta Falcons,coolbet,h2h,Pittsburgh Steelers,,1.56
2026-08-28T21:57,95c01d1bb797d6df14824b106c5a9130,2026-09-13T17:00:00Z,Pittsburgh Steelers,Atlanta Falcons,coolbet,spreads,Atlanta Falcons,3.0,1.95
2026-08-28T21:57,95c01d1bb797d6df14824b106c5a9130,2026-09-13T17:00:00Z,Pittsburgh Steelers,Atlanta Falcons,coolbet,spreads,Pittsburgh Steelers,-3.0,1.9
2026-08-28T21:57,95c01d1bb797d6df14824b106c5a9130,2026-09-13T17:00:00Z,Pittsburgh Steelers,Atlanta Falcons,coolbet,totals,Over,42.0,1.92
2026-08-28T21:57,95c01d1bb797d6df14824b106c5a9130,2026-09-13T17:00:00Z,Pittsburgh Steelers,Atlanta Falcons,coolbet,totals,Under,42.0,1.92
2026-08-28T21:57,95c01d1bb797d6df14824b106c5a9130,2026-09-13T17:00:00Z,Pittsburgh Steelers,Atlanta Falcons,betfair_ex_eu,h2h,Atlanta Falcons,,2.26
2026-08-28T21:57,95c01d1bb797d6df14824b106c5a9130,2026-09-13T17:00:00Z,Pittsburgh Steelers,Atlanta Falcons,betfair_ex_eu,h2h,Pittsburgh Steelers,,1.52
2026-08-28T21:57,95c01d1bb797d6df14824b106c5a9130,2026-09-13T17:00:00Z,Pittsburgh Steelers,Atlanta Falcons,betfair_ex_eu,h2h_lay,Atlanta Falcons,,2.92
2026-08-28T21:57,95c01d1bb797d6df14824b106c5a9130,2026-09-13T17:00:00Z,Pittsburgh Steelers,Atlanta Falcons,betfair_ex_eu,h2h_lay,Pittsburgh Steelers,,1.79
2026-08-28T21:57,95c01d1bb797d6df14824b106c5a9130,2026-09-13T17:00:00Z,Pittsburgh Steelers,Atlanta Falcons,everygame,h2h,Atlanta Falcons,,2.4
2026-08-28T21:57,95c01d1bb797d6df14824b106c5a9130,2026-09-13T17:00:00Z,Pittsburgh Steelers,Atlanta Falcons,everygame,h2h,Pittsburgh Steelers,,1.62
2026-08-28T21:57,95c01d1bb797d6df14824b106c5a9130,2026-09-13T17:00:00Z,Pittsburgh Steelers,Atlanta Falcons,everygame,spreads,Atlanta Falcons,3.0,1.95
2026-08-28T21:57,95c01d1bb797d6df14824b106c5a9130,2026-09-13T17:00:00Z,Pittsburgh Steelers,Atlanta Falcons,everygame,spreads,Pittsburgh Steelers,-3.0,1.87
2026-08-28T21:57,95c01d1bb797d6df14824b106c5a9130,2026-09-13T17:00:00Z,Pittsburgh Steelers,Atlanta Falcons,everygame,totals,Over,42.5,1.91
2026-08-28T21:57,95c01d1bb797d6df14824b106c5a9130,2026-09-13T17:00:00Z,Pittsburgh Steelers,Atlanta Falcons,everygame,totals,Under,42.5,1.91
2026-08-28T21:57,95c01d1bb797d6df14824b106c5a9130,2026-09-13T17:00:00Z,Pittsburgh Steelers,Atlanta Falcons,pmu_fr,h2h,Atlanta Falcons,,2.38
2026-08-28T21:57,95c01d1bb797d6df14824b106c5a9130,2026-09-13T17:00:00Z,Pittsburgh Steelers,Atlanta Falcons,pmu_fr,h2h,Pittsburgh Steelers,,1.6
2026-08-28T21:57,95c01d1bb797d6df14824b106c5a9130,2026-09-13T17:00:00Z,Pittsburgh Steelers,Atlanta Falcons,pmu_fr,spreads,Atlanta Falcons,3.0,1.91
2026-08-28T21:57,95c01d1bb797d6df14824b106c5a9130,2026-09-13T17:00:00Z,Pittsburgh Steelers,Atlanta Falcons,pmu_fr,spreads,Pittsburgh Steelers,-3.0,1.91
2026-08-28T21:57,95c01d1bb797d6df14824b106c5a9130,2026-09-13T17:00:00Z,Pittsburgh Steelers,Atlanta Falcons,pmu_fr,totals,Over,41.5,1.89
2026-08-28T21:57,95c01d1bb797d6df14824b106c5a9130,2026-09-13T17:00:00Z,Pittsburgh Steelers,Atlanta Falcons,pmu_fr,totals,Under,41.5,1.92
2026-08-28T21:57,b6cfdcbafa61ce220ba87dc2d9b80c77,2026-09-13T17:00:00Z,Indianapolis Colts,Baltimore Ravens,unibet_nl,h2h,Baltimore Ravens,,1.5
2026-08-28T21:57,b6cfdcbafa61ce220ba87dc2d9b80c77,2026-09-13T17:00:00Z,Indianapolis Colts,Baltimore Ravens,unibet_nl,h2h,Indianapolis Colts,,2.6
2026-08-28T21:57,b6cfdcbafa61ce220ba87dc2d9b80c77,2026-09-13T17:00:00Z,Indianapolis Colts,Baltimore Ravens,unibet_nl,spreads,Baltimore Ravens,-3.5,1.89
2026-08-28T21:57,b6cfdcbafa61ce220ba87dc2d9b80c77,2026-09-13T17:00:00Z,Indianapolis Colts,Baltimore Ravens,unibet_nl,spreads,Indianapolis Colts,3.5,1.92
2026-08-28T21:57,b6cfdcbafa61ce220ba87dc2d9b80c77,2026-09-13T17:00:00Z,Indianapolis Colts,Baltimore Ravens,unibet_nl,totals,Over,48.5,1.92
2026-08-28T21:57,b6cfdcbafa61ce220ba87dc2d9b80c77,2026-09-13T17:00:00Z,Indianapolis Colts,Baltimore Ravens,unibet_nl,totals,Under,48.5,1.89
2026-08-28T21:57,b6cfdcbafa61ce220ba87dc2d9b80c77,2026-09-13T17:00:00Z,Indianapolis Colts,Baltimore Ravens,leovegas_se,h2h,Baltimore Ravens,,1.5
2026-08-28T21:57,b6cfdcbafa61ce220ba87dc2d9b80c77,2026-09-13T17:00:00Z,Indianapolis Colts,Baltimore Ravens,leovegas_se,h2h,Indianapolis Colts,,2.6
2026-08-28T21:57,b6cfdcbafa61ce220ba87dc2d9b80c77,2026-09-13T17:00:00Z,Indianapolis Colts,Baltimore Ravens,leovegas_se,spreads,Baltimore Ravens,-3.5,1.89
2026-08-28T21:57,b6cfdcbafa61ce220ba87dc2d9b80c77,2026-09-13T17:00:00Z,Indianapolis Colts,Baltimore Ravens,leovegas_se,spreads,Indianapolis Colts,3.5,1.92
2026-08-28T21:57,b6cfdcbafa61ce220ba87dc2d9b80c77,2026-09-13T17:00:00Z,Indianapolis Colts,Baltimore Ravens,betonlineag,h2h,Baltimore Ravens,,1.56
2026-08-28T21:57,b6cfdcbafa61ce220ba87dc2d9b80c77,2026-09-13T17:00:00Z,Indianapolis Colts,Baltimore Ravens,betonlineag,h2h,Indianapolis Colts,,2.57
2026-08-28T21:57,b6cfdcbafa61ce220ba87dc2d9b80c77,2026-09-13T17:00:00Z,Indianapolis Colts,Baltimore Ravens,betonlineag,spreads,Baltimore Ravens,-3.5,1.97
2026-08-28T21:57,b6cfdcbafa61ce220ba87dc2d9b80c77,2026-09-13T17:00:00Z,Indianapolis Colts,Baltimore Ravens,betonlineag,spreads,Indianapolis Colts,3.5,1.85
2026-08-28T21:57,b6cfdcbafa61ce220ba87dc2d9b80c77,2026-09-13T17:00:00Z,Indianapolis Colts,Baltimore Ravens,betonlineag,totals,Over,48.0,1.95
2026-08-28T21:57,b6cfdcbafa61ce220ba87dc2d9b80c77,2026-09-13T17:00:00Z,Indianapolis Colts,Baltimore Ravens,betonlineag,totals,Under,48.0,1.87
2026-08-28T21:57,b6cfdcbafa61ce220ba87dc2d9b80c77,2026-09-13T17:00:00Z,Indianapolis Colts,Baltimore Ravens,unibet_se,h2h,Baltimore Ravens,,1.5
2026-08-28T21:57,b6cfdcbafa61ce220ba87dc2d9b80c77,2026-09-13T17:00:00Z,Indianapolis Colts,Baltimore Ravens,unibet_se,h2h,Indianapolis Colts,,2.6
2026-08-28T21:57,b6cfdcbafa61ce220ba87dc2d9b80c77,2026-09-13T17:00:00Z,Indianapolis Colts,Baltimore Ravens,unibet_se,spreads,Baltimore Ravens,-3.5,1.89
2026-08-28T21:57,b6cfdcbafa61ce220ba87dc2d9b80c77,2026-09-13T17:00:00Z,Indianapolis Colts,Baltimore Ravens,unibet_se,spreads,Indianapolis Colts,3.5,1.92
2026-08-28T21:57,b6cfdcbafa61ce220ba87dc2d9b80c77,2026-09-13T17:00:00Z,Indianapolis Colts,Baltimore Ravens,betclic_fr,h2h,Baltimore Ravens,,1.5
2026-08-28T21:57,b6cfdcbafa61ce220ba87dc2d9b80c77,2026-09-13T17:00:00Z,Indianapolis Colts,Baltimore Ravens,betclic_fr,h2h,Indianapolis Colts,,2.45
2026-08-28T21:57,b6cfdcbafa61ce220ba87dc2d9b80c77,2026-09-13T17:00:00Z,Indianapolis Colts,Baltimore Ravens,williamhill,h2h,Baltimore Ravens,,1.5
2026-08-28T21:57,b6cfdcbafa61ce220ba87dc2d9b80c77,2026-09-13T17:00:00Z,Indianapolis Colts,Baltimore Ravens,williamhill,h2h,Indianapolis Colts,,2.6
2026-08-28T21:57,b6cfdcbafa61ce220ba87dc2d9b80c77,2026-09-13T17:00:00Z,Indianapolis Colts,Baltimore Ravens,tipico_de,h2h,Baltimore Ravens,,1.5
2026-08-28T21:57,b6cfdcbafa61ce220ba87dc2d9b80c77,2026-09-13T17:00:00Z,Indianapolis Colts,Baltimore Ravens,tipico_de,h2h,Indianapolis Colts,,2.55
2026-08-28T21:57,b6cfdcbafa61ce220ba87dc2d9b80c77,2026-09-13T17:00:00Z,Indianapolis Colts,Baltimore Ravens,tipico_de,spreads,Baltimore Ravens,-3.5,1.93
2026-08-28T21:57,b6cfdcbafa61ce220ba87dc2d9b80c77,2026-09-13T17:00:00Z,Indianapolis Colts,Baltimore Ravens,tipico_de,spreads,Indianapolis Colts,3.5,1.83
2026-08-28T21:57,b6cfdcbafa61ce220ba87dc2d9b80c77,2026-09-13T17:00:00Z,Indianapolis Colts,Baltimore Ravens,tipico_de,totals,Over,48.5,1.93
2026-08-28T21:57,b6cfdcbafa61ce220ba87dc2d9b80c77,2026-09-13T17:00:00Z,Indianapolis Colts,Baltimore Ravens,tipico_de,totals,Under,48.5,1.83
2026-08-28T21:57,b6cfdcbafa61ce220ba87dc2d9b80c77,2026-09-13T17:00:00Z,Indianapolis Colts,Baltimore Ravens,gtbets,h2h,Baltimore Ravens,,1.54
2026-08-28T21:57,b6cfdcbafa61ce220ba87dc2d9b80c77,2026-09-13T17:00:00Z,Indianapolis Colts,Baltimore Ravens,gtbets,h2h,Indianapolis Colts,,2.55
2026-08-28T21:57,b6cfdcbafa61ce220ba87dc2d9b80c77,2026-09-13T17:00:00Z,Indianapolis Colts,Baltimore Ravens,gtbets,spreads,Baltimore Ravens,-3.5,1.96
2026-08-28T21:57,b6cfdcbafa61ce220ba87dc2d9b80c77,2026-09-13T17:00:00Z,Indianapolis Colts,Baltimore Ravens,gtbets,spreads,Indianapolis Colts,3.5,1.88
2026-08-28T21:57,b6cfdcbafa61ce220ba87dc2d9b80c77,2026-09-13T17:00:00Z,Indianapolis Colts,Baltimore Ravens,gtbets,totals,Over,48.0,1.92
2026-08-28T21:57,b6cfdcbafa61ce220ba87dc2d9b80c77,2026-09-13T17:00:00Z,Indianapolis Colts,Baltimore Ravens,gtbets,totals,Under,48.0,1.92
2026-08-28T21:57,b6cfdcbafa61ce220ba87dc2d9b80c77,2026-09-13T17:00:00Z,Indianapolis Colts,Baltimore Ravens,betsson,h2h,Baltimore Ravens,,1.49
2026-08-28T21:57,b6cfdcbafa61ce220ba87dc2d9b80c77,2026-09-13T17:00:00Z,Indianapolis Colts,Baltimore Ravens,betsson,h2h,Indianapolis Colts,,2.43
2026-08-28T21:57,b6cfdcbafa61ce220ba87dc2d9b80c77,2026-09-13T17:00:00Z,Indianapolis Colts,Baltimore Ravens,betsson,spreads,Baltimore Ravens,-3.5,1.93
2026-08-28T21:57,b6cfdcbafa61ce220ba87dc2d9b80c77,2026-09-13T17:00:00Z,Indianapolis Colts,Baltimore Ravens,betsson,spreads,Indianapolis Colts,3.5,1.78
2026-08-28T21:57,b6cfdcbafa61ce220ba87dc2d9b80c77,2026-09-13T17:00:00Z,Indianapolis Colts,Baltimore Ravens,betsson,totals,Over,48.5,1.87
2026-08-28T21:57,b6cfdcbafa61ce220ba87dc2d9b80c77,2026-09-13T17:00:00Z,Indianapolis Colts,Baltimore Ravens,betsson,totals,Under,48.5,1.83
2026-08-28T21:57,b6cfdcbafa61ce220ba87dc2d9b80c77,2026-09-13T17:00:00Z,Indianapolis Colts,Baltimore Ravens,nordicbet,h2h,Baltimore Ravens,,1.49
2026-08-28T21:57,b6cfdcbafa61ce220ba87dc2d9b80c77,2026-09-13T17:00:00Z,Indianapolis Colts,Baltimore Ravens,nordicbet,h2h,Indianapolis Colts,,2.43
2026-08-28T21:57,b6cfdcbafa61ce220ba87dc2d9b80c77,2026-09-13T17:00:00Z,Indianapolis Colts,Baltimore Ravens,nordicbet,spreads,Baltimore Ravens,-3.5,1.93
2026-08-28T21:57,b6cfdcbafa61ce220ba87dc2d9b80c77,2026-09-13T17:00:00Z,Indianapolis Colts,Baltimore Ravens,nordicbet,spreads,Indianapolis Colts,3.5,1.78
2026-08-28T21:57,b6cfdcbafa61ce220ba87dc2d9b80c77,2026-09-13T17:00:00Z,Indianapolis Colts,Baltimore Ravens,nordicbet,totals,Over,48.5,1.87
2026-08-28T21:57,b6cfdcbafa61ce220ba87dc2d9b80c77,2026-09-13T17:00:00Z,Indianapolis Colts,Baltimore Ravens,nordicbet,totals,Under,48.5,1.83
2026-08-28T21:57,b6cfdcbafa61ce220ba87dc2d9b80c77,2026-09-13T17:00:00Z,Indianapolis Colts,Baltimore Ravens,onexbet,spreads,Baltimore Ravens,-3.5,1.95
2026-08-28T21:57,b6cfdcbafa61ce220ba87dc2d9b80c77,2026-09-13T17:00:00Z,Indianapolis Colts,Baltimore Ravens,onexbet,spreads,Indianapolis Colts,3.5,1.87
2026-08-28T21:57,b6cfdcbafa61ce220ba87dc2d9b80c77,2026-09-13T17:00:00Z,Indianapolis Colts,Baltimore Ravens,onexbet,totals,Over,48.5,1.91
2026-08-28T21:57,b6cfdcbafa61ce220ba87dc2d9b80c77,2026-09-13T17:00:00Z,Indianapolis Colts,Baltimore Ravens,onexbet,totals,Under,48.5,1.91
2026-08-28T21:57,b6cfdcbafa61ce220ba87dc2d9b80c77,2026-09-13T17:00:00Z,Indianapolis Colts,Baltimore Ravens,pinnacle,h2h,Baltimore Ravens,,1.57
2026-08-28T21:57,b6cfdcbafa61ce220ba87dc2d9b80c77,2026-09-13T17:00:00Z,Indianapolis Colts,Baltimore Ravens,pinnacle,h2h,Indianapolis Colts,,2.54
2026-08-28T21:57,b6cfdcbafa61ce220ba87dc2d9b80c77,2026-09-13T17:00:00Z,Indianapolis Colts,Baltimore Ravens,pinnacle,spreads,Baltimore Ravens,-3.5,2.04
2026-08-28T21:57,b6cfdcbafa61ce220ba87dc2d9b80c77,2026-09-13T17:00:00Z,Indianapolis Colts,Baltimore Ravens,pinnacle,spreads,Indianapolis Colts,3.5,1.86
2026-08-28T21:57,b6cfdcbafa61ce220ba87dc2d9b80c77,2026-09-13T17:00:00Z,Indianapolis Colts,Baltimore Ravens,pinnacle,totals,Over,47.5,1.9
2026-08-28T21:57,b6cfdcbafa61ce220ba87dc2d9b80c77,2026-09-13T17:00:00Z,Indianapolis Colts,Baltimore Ravens,pinnacle,totals,Under,47.5,1.95
2026-08-28T21:57,b6cfdcbafa61ce220ba87dc2d9b80c77,2026-09-13T17:00:00Z,Indianapolis Colts,Baltimore Ravens,marathonbet,h2h,Baltimore Ravens,,1.53
2026-08-28T21:57,b6cfdcbafa61ce220ba87dc2d9b80c77,2026-09-13T17:00:00Z,Indianapolis Colts,Baltimore Ravens,marathonbet,h2h,Indianapolis Colts,,2.47
2026-08-28T21:57,b6cfdcbafa61ce220ba87dc2d9b80c77,2026-09-13T17:00:00Z,Indianapolis Colts,Baltimore Ravens,mybookieag,h2h,Baltimore Ravens,,1.52
2026-08-28T21:57,b6cfdcbafa61ce220ba87dc2d9b80c77,2026-09-13T17:00:00Z,Indianapolis Colts,Baltimore Ravens,mybookieag,h2h,Indianapolis Colts,,2.49
2026-08-28T21:57,b6cfdcbafa61ce220ba87dc2d9b80c77,2026-09-13T17:00:00Z,Indianapolis Colts,Baltimore Ravens,mybookieag,spreads,Baltimore Ravens,-3.5,1.91
2026-08-28T21:57,b6cfdcbafa61ce220ba87dc2d9b80c77,2026-09-13T17:00:00Z,Indianapolis Colts,Baltimore Ravens,mybookieag,spreads,Indianapolis Colts,3.5,1.91
2026-08-28T21:57,b6cfdcbafa61ce220ba87dc2d9b80c77,2026-09-13T17:00:00Z,Indianapolis Colts,Baltimore Ravens,mybookieag,totals,Over,48.0,1.91
2026-08-28T21:57,b6cfdcbafa61ce220ba87dc2d9b80c77,2026-09-13T17:00:00Z,Indianapolis Colts,Baltimore Ravens,mybookieag,totals,Under,48.0,1.91
2026-08-28T21:57,b6cfdcbafa61ce220ba87dc2d9b80c77,2026-09-13T17:00:00Z,Indianapolis Colts,Baltimore Ravens,coolbet,h2h,Baltimore Ravens,,1.52
2026-08-28T21:57,b6cfdcbafa61ce220ba87dc2d9b80c77,2026-09-13T17:00:00Z,Indianapolis Colts,Baltimore Ravens,coolbet,h2h,Indianapolis Colts,,2.49
2026-08-28T21:57,b6cfdcbafa61ce220ba87dc2d9b80c77,2026-09-13T17:00:00Z,Indianapolis Colts,Baltimore Ravens,coolbet,spreads,Baltimore Ravens,-3.5,2.0
2026-08-28T21:57,b6cfdcbafa61ce220ba87dc2d9b80c77,2026-09-13T17:00:00Z,Indianapolis Colts,Baltimore Ravens,coolbet,spreads,Indianapolis Colts,3.5,1.85
2026-08-28T21:57,b6cfdcbafa61ce220ba87dc2d9b80c77,2026-09-13T17:00:00Z,Indianapolis Colts,Baltimore Ravens,coolbet,totals,Over,48.5,1.93
2026-08-28T21:57,b6cfdcbafa61ce220ba87dc2d9b80c77,2026-09-13T17:00:00Z,Indianapolis Colts,Baltimore Ravens,coolbet,totals,Under,48.5,1.91
2026-08-28T21:57,b6cfdcbafa61ce220ba87dc2d9b80c77,2026-09-13T17:00:00Z,Indianapolis Colts,Baltimore Ravens,betfair_ex_eu,h2h,Baltimore Ravens,,1.54
2026-08-28T21:57,b6cfdcbafa61ce220ba87dc2d9b80c77,2026-09-13T17:00:00Z,Indianapolis Colts,Baltimore Ravens,betfair_ex_eu,h2h,Indianapolis Colts,,2.48
2026-08-28T21:57,b6cfdcbafa61ce220ba87dc2d9b80c77,2026-09-13T17:00:00Z,Indianapolis Colts,Baltimore Ravens,betfair_ex_eu,h2h_lay,Baltimore Ravens,,1.68
2026-08-28T21:57,b6cfdcbafa61ce220ba87dc2d9b80c77,2026-09-13T17:00:00Z,Indianapolis Colts,Baltimore Ravens,betfair_ex_eu,h2h_lay,Indianapolis Colts,,2.86
2026-08-28T21:57,b6cfdcbafa61ce220ba87dc2d9b80c77,2026-09-13T17:00:00Z,Indianapolis Colts,Baltimore Ravens,everygame,h2h,Baltimore Ravens,,1.56
2026-08-28T21:57,b6cfdcbafa61ce220ba87dc2d9b80c77,2026-09-13T17:00:00Z,Indianapolis Colts,Baltimore Ravens,everygame,h2h,Indianapolis Colts,,2.6
2026-08-28T21:57,b6cfdcbafa61ce220ba87dc2d9b80c77,2026-09-13T17:00:00Z,Indianapolis Colts,Baltimore Ravens,everygame,spreads,Baltimore Ravens,-3.5,1.95
2026-08-28T21:57,b6cfdcbafa61ce220ba87dc2d9b80c77,2026-09-13T17:00:00Z,Indianapolis Colts,Baltimore Ravens,everygame,spreads,Indianapolis Colts,3.5,1.87
2026-08-28T21:57,b6cfdcbafa61ce220ba87dc2d9b80c77,2026-09-13T17:00:00Z,Indianapolis Colts,Baltimore Ravens,everygame,totals,Over,48.0,1.91
2026-08-28T21:57,b6cfdcbafa61ce220ba87dc2d9b80c77,2026-09-13T17:00:00Z,Indianapolis Colts,Baltimore Ravens,everygame,totals,Under,48.0,1.91
2026-08-28T21:57,b6cfdcbafa61ce220ba87dc2d9b80c77,2026-09-13T17:00:00Z,Indianapolis Colts,Baltimore Ravens,pmu_fr,h2h,Baltimore Ravens,,1.5
2026-08-28T21:57,b6cfdcbafa61ce220ba87dc2d9b80c77,2026-09-13T17:00:00Z,Indianapolis Colts,Baltimore Ravens,pmu_fr,h2h,Indianapolis Colts,,2.6
2026-08-28T21:57,b6cfdcbafa61ce220ba87dc2d9b80c77,2026-09-13T17:00:00Z,Indianapolis Colts,Baltimore Ravens,pmu_fr,spreads,Baltimore Ravens,-3.5,1.89
2026-08-28T21:57,b6cfdcbafa61ce220ba87dc2d9b80c77,2026-09-13T17:00:00Z,Indianapolis Colts,Baltimore Ravens,pmu_fr,spreads,Indianapolis Colts,3.5,1.92
2026-08-28T21:57,b6cfdcbafa61ce220ba87dc2d9b80c77,2026-09-13T17:00:00Z,Indianapolis Colts,Baltimore Ravens,pmu_fr,totals,Over,48.5,1.92
2026-08-28T21:57,b6cfdcbafa61ce220ba87dc2d9b80c77,2026-09-13T17:00:00Z,Indianapolis Colts,Baltimore Ravens,pmu_fr,totals,Under,48.5,1.89
2026-08-28T21:57,7e09efed7e12c659b82740b67ce2f9a1,2026-09-13T17:00:00Z,Houston Texans,Buffalo Bills,unibet_nl,h2h,Buffalo Bills,,1.83
2026-08-28T21:57,7e09efed7e12c659b82740b67ce2f9a1,2026-09-13T17:00:00Z,Houston Texans,Buffalo Bills,unibet_nl,h2h,Houston Texans,,1.97
2026-08-28T21:57,7e09efed7e12c659b82740b67ce2f9a1,2026-09-13T17:00:00Z,Houston Texans,Buffalo Bills,unibet_nl,spreads,Buffalo Bills,-1.5,1.92
2026-08-28T21:57,7e09efed7e12c659b82740b67ce2f9a1,2026-09-13T17:00:00Z,Houston Texans,Buffalo Bills,unibet_nl,spreads,Houston Texans,1.5,1.89
2026-08-28T21:57,7e09efed7e12c659b82740b67ce2f9a1,2026-09-13T17:00:00Z,Houston Texans,Buffalo Bills,unibet_nl,totals,Over,44.5,1.91
2026-08-28T21:57,7e09efed7e12c659b82740b67ce2f9a1,2026-09-13T17:00:00Z,Houston Texans,Buffalo Bills,unibet_nl,totals,Under,44.5,1.91
2026-08-28T21:57,7e09efed7e12c659b82740b67ce2f9a1,2026-09-13T17:00:00Z,Houston Texans,Buffalo Bills,leovegas_se,h2h,Buffalo Bills,,1.83
2026-08-28T21:57,7e09efed7e12c659b82740b67ce2f9a1,2026-09-13T17:00:00Z,Houston Texans,Buffalo Bills,leovegas_se,h2h,Houston Texans,,1.97
2026-08-28T21:57,7e09efed7e12c659b82740b67ce2f9a1,2026-09-13T17:00:00Z,Houston Texans,Buffalo Bills,leovegas_se,spreads,Buffalo Bills,-1.5,1.92
2026-08-28T21:57,7e09efed7e12c659b82740b67ce2f9a1,2026-09-13T17:00:00Z,Houston Texans,Buffalo Bills,leovegas_se,spreads,Houston Texans,1.5,1.89
2026-08-28T21:57,7e09efed7e12c659b82740b67ce2f9a1,2026-09-13T17:00:00Z,Houston Texans,Buffalo Bills,betonlineag,spreads,Buffalo Bills,0.0,1.91
2026-08-28T21:57,7e09efed7e12c659b82740b67ce2f9a1,2026-09-13T17:00:00Z,Houston Texans,Buffalo Bills,betonlineag,spreads,Houston Texans,0.0,1.91
2026-08-28T21:57,7e09efed7e12c659b82740b67ce2f9a1,2026-09-13T17:00:00Z,Houston Texans,Buffalo Bills,betonlineag,totals,Over,44.5,1.91
2026-08-28T21:57,7e09efed7e12c659b82740b67ce2f9a1,2026-09-13T17:00:00Z,Houston Texans,Buffalo Bills,betonlineag,totals,Under,44.5,1.91
2026-08-28T21:57,7e09efed7e12c659b82740b67ce2f9a1,2026-09-13T17:00:00Z,Houston Texans,Buffalo Bills,unibet_se,h2h,Buffalo Bills,,1.83
2026-08-28T21:57,7e09efed7e12c659b82740b67ce2f9a1,2026-09-13T17:00:00Z,Houston Texans,Buffalo Bills,unibet_se,h2h,Houston Texans,,1.97
2026-08-28T21:57,7e09efed7e12c659b82740b67ce2f9a1,2026-09-13T17:00:00Z,Houston Texans,Buffalo Bills,unibet_se,spreads,Buffalo Bills,-1.5,1.92
2026-08-28T21:57,7e09efed7e12c659b82740b67ce2f9a1,2026-09-13T17:00:00Z,Houston Texans,Buffalo Bills,unibet_se,spreads,Houston Texans,1.5,1.89
2026-08-28T21:57,7e09efed7e12c659b82740b67ce2f9a1,2026-09-13T17:00:00Z,Houston Texans,Buffalo Bills,betclic_fr,h2h,Buffalo Bills,,1.85
2026-08-28T21:57,7e09efed7e12c659b82740b67ce2f9a1,2026-09-13T17:00:00Z,Houston Texans,Buffalo Bills,betclic_fr,h2h,Houston Texans,,1.9
2026-08-28T21:57,7e09efed7e12c659b82740b67ce2f9a1,2026-09-13T17:00:00Z,Houston Texans,Buffalo Bills,williamhill,h2h,Buffalo Bills,,1.91
2026-08-28T21:57,7e09efed7e12c659b82740b67ce2f9a1,2026-09-13T17:00:00Z,Houston Texans,Buffalo Bills,williamhill,h2h,Houston Texans,,1.91
2026-08-28T21:57,7e09efed7e12c659b82740b67ce2f9a1,2026-09-13T17:00:00Z,Houston Texans,Buffalo Bills,tipico_de,h2h,Buffalo Bills,,1.83
2026-08-28T21:57,7e09efed7e12c659b82740b67ce2f9a1,2026-09-13T17:00:00Z,Houston Texans,Buffalo Bills,tipico_de,h2h,Houston Texans,,1.93
2026-08-28T21:57,7e09efed7e12c659b82740b67ce2f9a1,2026-09-13T17:00:00Z,Houston Texans,Buffalo Bills,tipico_de,spreads,Buffalo Bills,-1.5,1.93
2026-08-28T21:57,7e09efed7e12c659b82740b67ce2f9a1,2026-09-13T17:00:00Z,Houston Texans,Buffalo Bills,tipico_de,spreads,Houston Texans,1.5,1.83
2026-08-28T21:57,7e09efed7e12c659b82740b67ce2f9a1,2026-09-13T17:00:00Z,Houston Texans,Buffalo Bills,tipico_de,totals,Over,44.5,1.93
2026-08-28T21:57,7e09efed7e12c659b82740b67ce2f9a1,2026-09-13T17:00:00Z,Houston Texans,Buffalo Bills,tipico_de,totals,Under,44.5,1.83
2026-08-28T21:57,7e09efed7e12c659b82740b67ce2f9a1,2026-09-13T17:00:00Z,Houston Texans,Buffalo Bills,gtbets,h2h,Buffalo Bills,,1.91
2026-08-28T21:57,7e09efed7e12c659b82740b67ce2f9a1,2026-09-13T17:00:00Z,Houston Texans,Buffalo Bills,gtbets,h2h,Houston Texans,,1.91
2026-08-28T21:57,7e09efed7e12c659b82740b67ce2f9a1,2026-09-13T17:00:00Z,Houston Texans,Buffalo Bills,gtbets,spreads,Buffalo Bills,-1.5,1.96
2026-08-28T21:57,7e09efed7e12c659b82740b67ce2f9a1,2026-09-13T17:00:00Z,Houston Texans,Buffalo Bills,gtbets,spreads,Houston Texans,1.5,1.88
2026-08-28T21:57,7e09efed7e12c659b82740b67ce2f9a1,2026-09-13T17:00:00Z,Houston Texans,Buffalo Bills,gtbets,totals,Over,44.5,1.92
2026-08-28T21:57,7e09efed7e12c659b82740b67ce2f9a1,2026-09-13T17:00:00Z,Houston Texans,Buffalo Bills,gtbets,totals,Under,44.5,1.92
2026-08-28T21:57,7e09efed7e12c659b82740b67ce2f9a1,2026-09-13T17:00:00Z,Houston Texans,Buffalo Bills,betsson,h2h,Buffalo Bills,,1.83
2026-08-28T21:57,7e09efed7e12c659b82740b67ce2f9a1,2026-09-13T17:00:00Z,Houston Texans,Buffalo Bills,betsson,h2h,Houston Texans,,1.87
2026-08-28T21:57,7e09efed7e12c659b82740b67ce2f9a1,2026-09-13T17:00:00Z,Houston Texans,Buffalo Bills,betsson,spreads,Buffalo Bills,-1.0,1.89
2026-08-28T21:57,7e09efed7e12c659b82740b67ce2f9a1,2026-09-13T17:00:00Z,Houston Texans,Buffalo Bills,betsson,spreads,Houston Texans,1.0,1.81
2026-08-28T21:57,7e09efed7e12c659b82740b67ce2f9a1,2026-09-13T17:00:00Z,Houston Texans,Buffalo Bills,betsson,totals,Over,44.5,1.87
2026-08-28T21:57,7e09efed7e12c659b82740b67ce2f9a1,2026-09-13T17:00:00Z,Houston Texans,Buffalo Bills,betsson,totals,Under,44.5,1.83
2026-08-28T21:57,7e09efed7e12c659b82740b67ce2f9a1,2026-09-13T17:00:00Z,Houston Texans,Buffalo Bills,nordicbet,h2h,Buffalo Bills,,1.83
2026-08-28T21:57,7e09efed7e12c659b82740b67ce2f9a1,2026-09-13T17:00:00Z,Houston Texans,Buffalo Bills,nordicbet,h2h,Houston Texans,,1.87
2026-08-28T21:57,7e09efed7e12c659b82740b67ce2f9a1,2026-09-13T17:00:00Z,Houston Texans,Buffalo Bills,nordicbet,spreads,Buffalo Bills,-1.0,1.89
2026-08-28T21:57,7e09efed7e12c659b82740b67ce2f9a1,2026-09-13T17:00:00Z,Houston Texans,Buffalo Bills,nordicbet,spreads,Houston Texans,1.0,1.81
2026-08-28T21:57,7e09efed7e12c659b82740b67ce2f9a1,2026-09-13T17:00:00Z,Houston Texans,Buffalo Bills,nordicbet,totals,Over,44.5,1.87
2026-08-28T21:57,7e09efed7e12c659b82740b67ce2f9a1,2026-09-13T17:00:00Z,Houston Texans,Buffalo Bills,nordicbet,totals,Under,44.5,1.83
2026-08-28T21:57,7e09efed7e12c659b82740b67ce2f9a1,2026-09-13T17:00:00Z,Houston Texans,Buffalo Bills,onexbet,spreads,Buffalo Bills,1.5,1.84
2026-08-28T21:57,7e09efed7e12c659b82740b67ce2f9a1,2026-09-13T17:00:00Z,Houston Texans,Buffalo Bills,onexbet,spreads,Houston Texans,-1.5,1.97
2026-08-28T21:57,7e09efed7e12c659b82740b67ce2f9a1,2026-09-13T17:00:00Z,Houston Texans,Buffalo Bills,onexbet,totals,Over,44.5,1.91
2026-08-28T21:57,7e09efed7e12c659b82740b67ce2f9a1,2026-09-13T17:00:00Z,Houston Texans,Buffalo Bills,onexbet,totals,Under,44.5,1.91
2026-08-28T21:57,7e09efed7e12c659b82740b67ce2f9a1,2026-09-13T17:00:00Z,Houston Texans,Buffalo Bills,pinnacle,h2h,Buffalo Bills,,1.95
2026-08-28T21:57,7e09efed7e12c659b82740b67ce2f9a1,2026-09-13T17:00:00Z,Houston Texans,Buffalo Bills,pinnacle,h2h,Houston Texans,,1.93
2026-08-28T21:57,7e09efed7e12c659b82740b67ce2f9a1,2026-09-13T17:00:00Z,Houston Texans,Buffalo Bills,pinnacle,spreads,Buffalo Bills,-1.0,2.02
2026-08-28T21:57,7e09efed7e12c659b82740b67ce2f9a1,2026-09-13T17:00:00Z,Houston Texans,Buffalo Bills,pinnacle,spreads,Houston Texans,1.0,1.87
2026-08-28T21:57,7e09efed7e12c659b82740b67ce2f9a1,2026-09-13T17:00:00Z,Houston Texans,Buffalo Bills,pinnacle,totals,Over,44.0,1.87
2026-08-28T21:57,7e09efed7e12c659b82740b67ce2f9a1,2026-09-13T17:00:00Z,Houston Texans,Buffalo Bills,pinnacle,totals,Under,44.0,1.99
2026-08-28T21:57,7e09efed7e12c659b82740b67ce2f9a1,2026-09-13T17:00:00Z,Houston Texans,Buffalo Bills,marathonbet,h2h,Buffalo Bills,,1.86
2026-08-28T21:57,7e09efed7e12c659b82740b67ce2f9a1,2026-09-13T17:00:00Z,Houston Texans,Buffalo Bills,marathonbet,h2h,Houston Texans,,1.92
2026-08-28T21:57,7e09efed7e12c659b82740b67ce2f9a1,2026-09-13T17:00:00Z,Houston Texans,Buffalo Bills,mybookieag,h2h,Buffalo Bills,,1.91
2026-08-28T21:57,7e09efed7e12c659b82740b67ce2f9a1,2026-09-13T17:00:00Z,Houston Texans,Buffalo Bills,mybookieag,h2h,Houston Texans,,1.86
2026-08-28T21:57,7e09efed7e12c659b82740b67ce2f9a1,2026-09-13T17:00:00Z,Houston Texans,Buffalo Bills,mybookieag,spreads,Buffalo Bills,1.0,1.91
2026-08-28T21:57,7e09efed7e12c659b82740b67ce2f9a1,2026-09-13T17:00:00Z,Houston Texans,Buffalo Bills,mybookieag,spreads,Houston Texans,-1.0,1.91
2026-08-28T21:57,7e09efed7e12c659b82740b67ce2f9a1,2026-09-13T17:00:00Z,Houston Texans,Buffalo Bills,mybookieag,totals,Over,44.5,1.91
2026-08-28T21:57,7e09efed7e12c659b82740b67ce2f9a1,2026-09-13T17:00:00Z,Houston Texans,Buffalo Bills,mybookieag,totals,Under,44.5,1.91
2026-08-28T21:57,7e09efed7e12c659b82740b67ce2f9a1,2026-09-13T17:00:00Z,Houston Texans,Buffalo Bills,coolbet,h2h,Buffalo Bills,,1.87
2026-08-28T21:57,7e09efed7e12c659b82740b67ce2f9a1,2026-09-13T17:00:00Z,Houston Texans,Buffalo Bills,coolbet,h2h,Houston Texans,,1.9
2026-08-28T21:57,7e09efed7e12c659b82740b67ce2f9a1,2026-09-13T17:00:00Z,Houston Texans,Buffalo Bills,coolbet,spreads,Buffalo Bills,-1.0,1.96
2026-08-28T21:57,7e09efed7e12c659b82740b67ce2f9a1,2026-09-13T17:00:00Z,Houston Texans,Buffalo Bills,coolbet,spreads,Houston Texans,1.0,1.89
2026-08-28T21:57,7e09efed7e12c659b82740b67ce2f9a1,2026-09-13T17:00:00Z,Houston Texans,Buffalo Bills,coolbet,totals,Over,44.5,1.93
2026-08-28T21:57,7e09efed7e12c659b82740b67ce2f9a1,2026-09-13T17:00:00Z,Houston Texans,Buffalo Bills,coolbet,totals,Under,44.5,1.91
2026-08-28T21:57,7e09efed7e12c659b82740b67ce2f9a1,2026-09-13T17:00:00Z,Houston Texans,Buffalo Bills,betfair_ex_eu,h2h,Buffalo Bills,,1.99
2026-08-28T21:57,7e09efed7e12c659b82740b67ce2f9a1,2026-09-13T17:00:00Z,Houston Texans,Buffalo Bills,betfair_ex_eu,h2h,Houston Texans,,1.94
2026-08-28T21:57,7e09efed7e12c659b82740b67ce2f9a1,2026-09-13T17:00:00Z,Houston Texans,Buffalo Bills,betfair_ex_eu,h2h_lay,Buffalo Bills,,2.08
2026-08-28T21:57,7e09efed7e12c659b82740b67ce2f9a1,2026-09-13T17:00:00Z,Houston Texans,Buffalo Bills,betfair_ex_eu,h2h_lay,Houston Texans,,2.02
2026-08-28T21:57,7e09efed7e12c659b82740b67ce2f9a1,2026-09-13T17:00:00Z,Houston Texans,Buffalo Bills,everygame,totals,Over,44.5,1.91
2026-08-28T21:57,7e09efed7e12c659b82740b67ce2f9a1,2026-09-13T17:00:00Z,Houston Texans,Buffalo Bills,everygame,totals,Under,44.5,1.91
2026-08-28T21:57,7e09efed7e12c659b82740b67ce2f9a1,2026-09-13T17:00:00Z,Houston Texans,Buffalo Bills,pmu_fr,h2h,Buffalo Bills,,1.83
2026-08-28T21:57,7e09efed7e12c659b82740b67ce2f9a1,2026-09-13T17:00:00Z,Houston Texans,Buffalo Bills,pmu_fr,h2h,Houston Texans,,1.97
2026-08-28T21:57,7e09efed7e12c659b82740b67ce2f9a1,2026-09-13T17:00:00Z,Houston Texans,Buffalo Bills,pmu_fr,spreads,Buffalo Bills,-1.5,1.92
2026-08-28T21:57,7e09efed7e12c659b82740b67ce2f9a1,2026-09-13T17:00:00Z,Houston Texans,Buffalo Bills,pmu_fr,spreads,Houston Texans,1.5,1.89
2026-08-28T21:57,7e09efed7e12c659b82740b67ce2f9a1,2026-09-13T17:00:00Z,Houston Texans,Buffalo Bills,pmu_fr,totals,Over,44.5,1.91
2026-08-28T21:57,7e09efed7e12c659b82740b67ce2f9a1,2026-09-13T17:00:00Z,Houston Texans,Buffalo Bills,pmu_fr,totals,Under,44.5,1.91
2026-08-28T21:57,fc362aff0d889ec52d358307a70c32ed,2026-09-13T17:00:00Z,Carolina Panthers,Chicago Bears,betonlineag,h2h,Carolina Panthers,,2.3
2026-08-28T21:57,fc362aff0d889ec52d358307a70c32ed,2026-09-13T17:00:00Z,Carolina Panthers,Chicago Bears,betonlineag,h2h,Chicago Bears,,1.67
2026-08-28T21:57,fc362aff0d889ec52d358307a70c32ed,2026-09-13T17:00:00Z,Carolina Panthers,Chicago Bears,betonlineag,spreads,Carolina Panthers,2.5,2.0
2026-08-28T21:57,fc362aff0d889ec52d358307a70c32ed,2026-09-13T17:00:00Z,Carolina Panthers,Chicago Bears,betonlineag,spreads,Chicago Bears,-2.5,1.83
2026-08-28T21:57,fc362aff0d889ec52d358307a70c32ed,2026-09-13T17:00:00Z,Carolina Panthers,Chicago Bears,betonlineag,totals,Over,47.5,1.95
2026-08-28T21:57,fc362aff0d889ec52d358307a70c32ed,2026-09-13T17:00:00Z,Carolina Panthers,Chicago Bears,betonlineag,totals,Under,47.5,1.87
2026-08-28T21:57,fc362aff0d889ec52d358307a70c32ed,2026-09-13T17:00:00Z,Carolina Panthers,Chicago Bears,unibet_nl,h2h,Carolina Panthers,,2.3
2026-08-28T21:57,fc362aff0d889ec52d358307a70c32ed,2026-09-13T17:00:00Z,Carolina Panthers,Chicago Bears,unibet_nl,h2h,Chicago Bears,,1.64
2026-08-28T21:57,fc362aff0d889ec52d358307a70c32ed,2026-09-13T17:00:00Z,Carolina Panthers,Chicago Bears,unibet_nl,spreads,Carolina Panthers,2.5,1.95
2026-08-28T21:57,fc362aff0d889ec52d358307a70c32ed,2026-09-13T17:00:00Z,Carolina Panthers,Chicago Bears,unibet_nl,spreads,Chicago Bears,-2.5,1.85
2026-08-28T21:57,fc362aff0d889ec52d358307a70c32ed,2026-09-13T17:00:00Z,Carolina Panthers,Chicago Bears,unibet_nl,totals,Over,47.0,1.88
2026-08-28T21:57,fc362aff0d889ec52d358307a70c32ed,2026-09-13T17:00:00Z,Carolina Panthers,Chicago Bears,unibet_nl,totals,Under,47.0,1.93
2026-08-28T21:57,fc362aff0d889ec52d358307a70c32ed,2026-09-13T17:00:00Z,Carolina Panthers,Chicago Bears,leovegas_se,h2h,Carolina Panthers,,2.3
2026-08-28T21:57,fc362aff0d889ec52d358307a70c32ed,2026-09-13T17:00:00Z,Carolina Panthers,Chicago Bears,leovegas_se,h2h,Chicago Bears,,1.64
2026-08-28T21:57,fc362aff0d889ec52d358307a70c32ed,2026-09-13T17:00:00Z,Carolina Panthers,Chicago Bears,leovegas_se,spreads,Carolina Panthers,2.5,1.95
2026-08-28T21:57,fc362aff0d889ec52d358307a70c32ed,2026-09-13T17:00:00Z,Carolina Panthers,Chicago Bears,leovegas_se,spreads,Chicago Bears,-2.5,1.85
2026-08-28T21:57,fc362aff0d889ec52d358307a70c32ed,2026-09-13T17:00:00Z,Carolina Panthers,Chicago Bears,unibet_se,h2h,Carolina Panthers,,2.3
2026-08-28T21:57,fc362aff0d889ec52d358307a70c32ed,2026-09-13T17:00:00Z,Carolina Panthers,Chicago Bears,unibet_se,h2h,Chicago Bears,,1.64
2026-08-28T21:57,fc362aff0d889ec52d358307a70c32ed,2026-09-13T17:00:00Z,Carolina Panthers,Chicago Bears,unibet_se,spreads,Carolina Panthers,2.5,1.95
2026-08-28T21:57,fc362aff0d889ec52d358307a70c32ed,2026-09-13T17:00:00Z,Carolina Panthers,Chicago Bears,unibet_se,spreads,Chicago Bears,-2.5,1.85
2026-08-28T21:57,fc362aff0d889ec52d358307a70c32ed,2026-09-13T17:00:00Z,Carolina Panthers,Chicago Bears,betsson,h2h,Carolina Panthers,,2.19
2026-08-28T21:57,fc362aff0d889ec52d358307a70c32ed,2026-09-13T17:00:00Z,Carolina Panthers,Chicago Bears,betsson,h2h,Chicago Bears,,1.6
2026-08-28T21:57,fc362aff0d889ec52d358307a70c32ed,2026-09-13T17:00:00Z,Carolina Panthers,Chicago Bears,betsson,spreads,Carolina Panthers,2.5,1.89
2026-08-28T21:57,fc362aff0d889ec52d358307a70c32ed,2026-09-13T17:00:00Z,Carolina Panthers,Chicago Bears,betsson,spreads,Chicago Bears,-2.5,1.81
2026-08-28T21:57,fc362aff0d889ec52d358307a70c32ed,2026-09-13T17:00:00Z,Carolina Panthers,Chicago Bears,betsson,totals,Over,47.5,1.87
2026-08-28T21:57,fc362aff0d889ec52d358307a70c32ed,2026-09-13T17:00:00Z,Carolina Panthers,Chicago Bears,betsson,totals,Under,47.5,1.83
2026-08-28T21:57,fc362aff0d889ec52d358307a70c32ed,2026-09-13T17:00:00Z,Carolina Panthers,Chicago Bears,nordicbet,h2h,Carolina Panthers,,2.19
2026-08-28T21:57,fc362aff0d889ec52d358307a70c32ed,2026-09-13T17:00:00Z,Carolina Panthers,Chicago Bears,nordicbet,h2h,Chicago Bears,,1.6
2026-08-28T21:57,fc362aff0d889ec52d358307a70c32ed,2026-09-13T17:00:00Z,Carolina Panthers,Chicago Bears,nordicbet,spreads,Carolina Panthers,2.5,1.89
2026-08-28T21:57,fc362aff0d889ec52d358307a70c32ed,2026-09-13T17:00:00Z,Carolina Panthers,Chicago Bears,nordicbet,spreads,Chicago Bears,-2.5,1.81
2026-08-28T21:57,fc362aff0d889ec52d358307a70c32ed,2026-09-13T17:00:00Z,Carolina Panthers,Chicago Bears,nordicbet,totals,Over,47.5,1.87
2026-08-28T21:57,fc362aff0d889ec52d358307a70c32ed,2026-09-13T17:00:00Z,Carolina Panthers,Chicago Bears,nordicbet,totals,Under,47.5,1.83
2026-08-28T21:57,fc362aff0d889ec52d358307a70c32ed,2026-09-13T17:00:00Z,Carolina Panthers,Chicago Bears,gtbets,h2h,Carolina Panthers,,2.3
2026-08-28T21:57,fc362aff0d889ec52d358307a70c32ed,2026-09-13T17:00:00Z,Carolina Panthers,Chicago Bears,gtbets,h2h,Chicago Bears,,1.67
2026-08-28T21:57,fc362aff0d889ec52d358307a70c32ed,2026-09-13T17:00:00Z,Carolina Panthers,Chicago Bears,gtbets,spreads,Carolina Panthers,2.5,2.01
2026-08-28T21:57,fc362aff0d889ec52d358307a70c32ed,2026-09-13T17:00:00Z,Carolina Panthers,Chicago Bears,gtbets,spreads,Chicago Bears,-2.5,1.84
2026-08-28T21:57,fc362aff0d889ec52d358307a70c32ed,2026-09-13T17:00:00Z,Carolina Panthers,Chicago Bears,gtbets,totals,Over,47.5,1.92
2026-08-28T21:57,fc362aff0d889ec52d358307a70c32ed,2026-09-13T17:00:00Z,Carolina Panthers,Chicago Bears,gtbets,totals,Under,47.5,1.92
2026-08-28T21:57,fc362aff0d889ec52d358307a70c32ed,2026-09-13T17:00:00Z,Carolina Panthers,Chicago Bears,betclic_fr,h2h,Carolina Panthers,,2.2
2026-08-28T21:57,fc362aff0d889ec52d358307a70c32ed,2026-09-13T17:00:00Z,Carolina Panthers,Chicago Bears,betclic_fr,h2h,Chicago Bears,,1.62
2026-08-28T21:57,fc362aff0d889ec52d358307a70c32ed,2026-09-13T17:00:00Z,Carolina Panthers,Chicago Bears,williamhill,h2h,Carolina Panthers,,2.3
2026-08-28T21:57,fc362aff0d889ec52d358307a70c32ed,2026-09-13T17:00:00Z,Carolina Panthers,Chicago Bears,williamhill,h2h,Chicago Bears,,1.62
2026-08-28T21:57,fc362aff0d889ec52d358307a70c32ed,2026-09-13T17:00:00Z,Carolina Panthers,Chicago Bears,tipico_de,h2h,Carolina Panthers,,2.2
2026-08-28T21:57,fc362aff0d889ec52d358307a70c32ed,2026-09-13T17:00:00Z,Carolina Panthers,Chicago Bears,tipico_de,h2h,Chicago Bears,,1.65
2026-08-28T21:57,fc362aff0d889ec52d358307a70c32ed,2026-09-13T17:00:00Z,Carolina Panthers,Chicago Bears,tipico_de,spreads,Carolina Panthers,2.5,2.05
2026-08-28T21:57,fc362aff0d889ec52d358307a70c32ed,2026-09-13T17:00:00Z,Carolina Panthers,Chicago Bears,tipico_de,spreads,Chicago Bears,-2.5,1.75
2026-08-28T21:57,fc362aff0d889ec52d358307a70c32ed,2026-09-13T17:00:00Z,Carolina Panthers,Chicago Bears,tipico_de,totals,Over,47.5,1.87
2026-08-28T21:57,fc362aff0d889ec52d358307a70c32ed,2026-09-13T17:00:00Z,Carolina Panthers,Chicago Bears,tipico_de,totals,Under,47.5,1.9
2026-08-28T21:57,fc362aff0d889ec52d358307a70c32ed,2026-09-13T17:00:00Z,Carolina Panthers,Chicago Bears,onexbet,spreads,Carolina Panthers,2.5,2.0
2026-08-28T21:57,fc362aff0d889ec52d358307a70c32ed,2026-09-13T17:00:00Z,Carolina Panthers,Chicago Bears,onexbet,spreads,Chicago Bears,-2.5,1.83
2026-08-28T21:57,fc362aff0d889ec52d358307a70c32ed,2026-09-13T17:00:00Z,Carolina Panthers,Chicago Bears,onexbet,totals,Over,47.5,1.91
2026-08-28T21:57,fc362aff0d889ec52d358307a70c32ed,2026-09-13T17:00:00Z,Carolina Panthers,Chicago Bears,onexbet,totals,Under,47.5,1.91
2026-08-28T21:57,fc362aff0d889ec52d358307a70c32ed,2026-09-13T17:00:00Z,Carolina Panthers,Chicago Bears,pinnacle,h2h,Carolina Panthers,,2.31
2026-08-28T21:57,fc362aff0d889ec52d358307a70c32ed,2026-09-13T17:00:00Z,Carolina Panthers,Chicago Bears,pinnacle,h2h,Chicago Bears,,1.68
2026-08-28T21:57,fc362aff0d889ec52d358307a70c32ed,2026-09-13T17:00:00Z,Carolina Panthers,Chicago Bears,pinnacle,spreads,Carolina Panthers,2.5,2.01
2026-08-28T21:57,fc362aff0d889ec52d358307a70c32ed,2026-09-13T17:00:00Z,Carolina Panthers,Chicago Bears,pinnacle,spreads,Chicago Bears,-2.5,1.88
2026-08-28T21:57,fc362aff0d889ec52d358307a70c32ed,2026-09-13T17:00:00Z,Carolina Panthers,Chicago Bears,pinnacle,totals,Over,47.5,2.0
2026-08-28T21:57,fc362aff0d889ec52d358307a70c32ed,2026-09-13T17:00:00Z,Carolina Panthers,Chicago Bears,pinnacle,totals,Under,47.5,1.86
2026-08-28T21:57,fc362aff0d889ec52d358307a70c32ed,2026-09-13T17:00:00Z,Carolina Panthers,Chicago Bears,marathonbet,h2h,Carolina Panthers,,2.1
2026-08-28T21:57,fc362aff0d889ec52d358307a70c32ed,2026-09-13T17:00:00Z,Carolina Panthers,Chicago Bears,marathonbet,h2h,Chicago Bears,,1.72
2026-08-28T21:57,fc362aff0d889ec52d358307a70c32ed,2026-09-13T17:00:00Z,Carolina Panthers,Chicago Bears,mybookieag,h2h,Carolina Panthers,,2.22
2026-08-28T21:57,fc362aff0d889ec52d358307a70c32ed,2026-09-13T17:00:00Z,Carolina Panthers,Chicago Bears,mybookieag,h2h,Chicago Bears,,1.64
2026-08-28T21:57,fc362aff0d889ec52d358307a70c32ed,2026-09-13T17:00:00Z,Carolina Panthers,Chicago Bears,mybookieag,spreads,Carolina Panthers,3.0,1.91
2026-08-28T21:57,fc362aff0d889ec52d358307a70c32ed,2026-09-13T17:00:00Z,Carolina Panthers,Chicago Bears,mybookieag,spreads,Chicago Bears,-3.0,1.91
2026-08-28T21:57,fc362aff0d889ec52d358307a70c32ed,2026-09-13T17:00:00Z,Carolina Panthers,Chicago Bears,mybookieag,totals,Over,47.5,1.91
2026-08-28T21:57,fc362aff0d889ec52d358307a70c32ed,2026-09-13T17:00:00Z,Carolina Panthers,Chicago Bears,mybookieag,totals,Under,47.5,1.91
2026-08-28T21:57,fc362aff0d889ec52d358307a70c32ed,2026-09-13T17:00:00Z,Carolina Panthers,Chicago Bears,coolbet,h2h,Carolina Panthers,,2.22
2026-08-28T21:57,fc362aff0d889ec52d358307a70c32ed,2026-09-13T17:00:00Z,Carolina Panthers,Chicago Bears,coolbet,h2h,Chicago Bears,,1.64
2026-08-28T21:57,fc362aff0d889ec52d358307a70c32ed,2026-09-13T17:00:00Z,Carolina Panthers,Chicago Bears,coolbet,spreads,Carolina Panthers,2.5,1.97
2026-08-28T21:57,fc362aff0d889ec52d358307a70c32ed,2026-09-13T17:00:00Z,Carolina Panthers,Chicago Bears,coolbet,spreads,Chicago Bears,-2.5,1.88
2026-08-28T21:57,fc362aff0d889ec52d358307a70c32ed,2026-09-13T17:00:00Z,Carolina Panthers,Chicago Bears,coolbet,totals,Over,47.5,1.95
2026-08-28T21:57,fc362aff0d889ec52d358307a70c32ed,2026-09-13T17:00:00Z,Carolina Panthers,Chicago Bears,coolbet,totals,Under,47.5,1.9
2026-08-28T21:57,fc362aff0d889ec52d358307a70c32ed,2026-09-13T17:00:00Z,Carolina Panthers,Chicago Bears,betfair_ex_eu,h2h,Carolina Panthers,,2.26
2026-08-28T21:57,fc362aff0d889ec52d358307a70c32ed,2026-09-13T17:00:00Z,Carolina Panthers,Chicago Bears,betfair_ex_eu,h2h,Chicago Bears,,1.66
2026-08-28T21:57,fc362aff0d889ec52d358307a70c32ed,2026-09-13T17:00:00Z,Carolina Panthers,Chicago Bears,betfair_ex_eu,h2h_lay,Carolina Panthers,,2.52
2026-08-28T21:57,fc362aff0d889ec52d358307a70c32ed,2026-09-13T17:00:00Z,Carolina Panthers,Chicago Bears,betfair_ex_eu,h2h_lay,Chicago Bears,,1.77
2026-08-28T21:57,fc362aff0d889ec52d358307a70c32ed,2026-09-13T17:00:00Z,Carolina Panthers,Chicago Bears,everygame,h2h,Carolina Panthers,,2.3
2026-08-28T21:57,fc362aff0d889ec52d358307a70c32ed,2026-09-13T17:00:00Z,Carolina Panthers,Chicago Bears,everygame,h2h,Chicago Bears,,1.67
2026-08-28T21:57,fc362aff0d889ec52d358307a70c32ed,2026-09-13T17:00:00Z,Carolina Panthers,Chicago Bears,everygame,spreads,Carolina Panthers,2.5,2.0
2026-08-28T21:57,fc362aff0d889ec52d358307a70c32ed,2026-09-13T17:00:00Z,Carolina Panthers,Chicago Bears,everygame,spreads,Chicago Bears,-2.5,1.83
2026-08-28T21:57,fc362aff0d889ec52d358307a70c32ed,2026-09-13T17:00:00Z,Carolina Panthers,Chicago Bears,everygame,totals,Over,47.5,1.95
2026-08-28T21:57,fc362aff0d889ec52d358307a70c32ed,2026-09-13T17:00:00Z,Carolina Panthers,Chicago Bears,everygame,totals,Under,47.5,1.87
2026-08-28T21:57,fc362aff0d889ec52d358307a70c32ed,2026-09-13T17:00:00Z,Carolina Panthers,Chicago Bears,pmu_fr,h2h,Carolina Panthers,,2.3
2026-08-28T21:57,fc362aff0d889ec52d358307a70c32ed,2026-09-13T17:00:00Z,Carolina Panthers,Chicago Bears,pmu_fr,h2h,Chicago Bears,,1.64
2026-08-28T21:57,fc362aff0d889ec52d358307a70c32ed,2026-09-13T17:00:00Z,Carolina Panthers,Chicago Bears,pmu_fr,spreads,Carolina Panthers,2.5,1.95
2026-08-28T21:57,fc362aff0d889ec52d358307a70c32ed,2026-09-13T17:00:00Z,Carolina Panthers,Chicago Bears,pmu_fr,spreads,Chicago Bears,-2.5,1.85
2026-08-28T21:57,fc362aff0d889ec52d358307a70c32ed,2026-09-13T17:00:00Z,Carolina Panthers,Chicago Bears,pmu_fr,totals,Over,47.0,1.88
2026-08-28T21:57,fc362aff0d889ec52d358307a70c32ed,2026-09-13T17:00:00Z,Carolina Panthers,Chicago Bears,pmu_fr,totals,Under,47.0,1.93
2026-08-28T21:57,ed6d24ff979f9c71979fead577b0b3f7,2026-09-13T17:00:00Z,Cincinnati Bengals,Tampa Bay Buccaneers,betonlineag,h2h,Cincinnati Bengals,,1.48
2026-08-28T21:57,ed6d24ff979f9c71979fead577b0b3f7,2026-09-13T17:00:00Z,Cincinnati Bengals,Tampa Bay Buccaneers,betonlineag,h2h,Tampa Bay Buccaneers,,2.8
2026-08-28T21:57,ed6d24ff979f9c71979fead577b0b3f7,2026-09-13T17:00:00Z,Cincinnati Bengals,Tampa Bay Buccaneers,betonlineag,spreads,Cincinnati Bengals,-4.0,1.91
2026-08-28T21:57,ed6d24ff979f9c71979fead577b0b3f7,2026-09-13T17:00:00Z,Cincinnati Bengals,Tampa Bay Buccaneers,betonlineag,spreads,Tampa Bay Buccaneers,4.0,1.91
2026-08-28T21:57,ed6d24ff979f9c71979fead577b0b3f7,2026-09-13T17:00:00Z,Cincinnati Bengals,Tampa Bay Buccaneers,betonlineag,totals,Over,50.5,1.91
2026-08-28T21:57,ed6d24ff979f9c71979fead577b0b3f7,2026-09-13T17:00:00Z,Cincinnati Bengals,Tampa Bay Buccaneers,betonlineag,totals,Under,50.5,1.91
2026-08-28T21:57,ed6d24ff979f9c71979fead577b0b3f7,2026-09-13T17:00:00Z,Cincinnati Bengals,Tampa Bay Buccaneers,unibet_nl,h2h,Cincinnati Bengals,,1.5
2026-08-28T21:57,ed6d24ff979f9c71979fead577b0b3f7,2026-09-13T17:00:00Z,Cincinnati Bengals,Tampa Bay Buccaneers,unibet_nl,h2h,Tampa Bay Buccaneers,,2.65
2026-08-28T21:57,ed6d24ff979f9c71979fead577b0b3f7,2026-09-13T17:00:00Z,Cincinnati Bengals,Tampa Bay Buccaneers,unibet_nl,spreads,Cincinnati Bengals,-3.5,1.89
2026-08-28T21:57,ed6d24ff979f9c71979fead577b0b3f7,2026-09-13T17:00:00Z,Cincinnati Bengals,Tampa Bay Buccaneers,unibet_nl,spreads,Tampa Bay Buccaneers,3.5,1.92
2026-08-28T21:57,ed6d24ff979f9c71979fead577b0b3f7,2026-09-13T17:00:00Z,Cincinnati Bengals,Tampa Bay Buccaneers,unibet_nl,totals,Over,50.5,1.88
2026-08-28T21:57,ed6d24ff979f9c71979fead577b0b3f7,2026-09-13T17:00:00Z,Cincinnati Bengals,Tampa Bay Buccaneers,unibet_nl,totals,Under,50.5,1.93
2026-08-28T21:57,ed6d24ff979f9c71979fead577b0b3f7,2026-09-13T17:00:00Z,Cincinnati Bengals,Tampa Bay Buccaneers,leovegas_se,h2h,Cincinnati Bengals,,1.5
2026-08-28T21:57,ed6d24ff979f9c71979fead577b0b3f7,2026-09-13T17:00:00Z,Cincinnati Bengals,Tampa Bay Buccaneers,leovegas_se,h2h,Tampa Bay Buccaneers,,2.65
2026-08-28T21:57,ed6d24ff979f9c71979fead577b0b3f7,2026-09-13T17:00:00Z,Cincinnati Bengals,Tampa Bay Buccaneers,leovegas_se,spreads,Cincinnati Bengals,-3.5,1.89
2026-08-28T21:57,ed6d24ff979f9c71979fead577b0b3f7,2026-09-13T17:00:00Z,Cincinnati Bengals,Tampa Bay Buccaneers,leovegas_se,spreads,Tampa Bay Buccaneers,3.5,1.92
2026-08-28T21:57,ed6d24ff979f9c71979fead577b0b3f7,2026-09-13T17:00:00Z,Cincinnati Bengals,Tampa Bay Buccaneers,unibet_se,h2h,Cincinnati Bengals,,1.5
2026-08-28T21:57,ed6d24ff979f9c71979fead577b0b3f7,2026-09-13T17:00:00Z,Cincinnati Bengals,Tampa Bay Buccaneers,unibet_se,h2h,Tampa Bay Buccaneers,,2.65
2026-08-28T21:57,ed6d24ff979f9c71979fead577b0b3f7,2026-09-13T17:00:00Z,Cincinnati Bengals,Tampa Bay Buccaneers,unibet_se,spreads,Cincinnati Bengals,-3.5,1.89
2026-08-28T21:57,ed6d24ff979f9c71979fead577b0b3f7,2026-09-13T17:00:00Z,Cincinnati Bengals,Tampa Bay Buccaneers,unibet_se,spreads,Tampa Bay Buccaneers,3.5,1.92
2026-08-28T21:57,ed6d24ff979f9c71979fead577b0b3f7,2026-09-13T17:00:00Z,Cincinnati Bengals,Tampa Bay Buccaneers,williamhill,h2h,Cincinnati Bengals,,1.44
2026-08-28T21:57,ed6d24ff979f9c71979fead577b0b3f7,2026-09-13T17:00:00Z,Cincinnati Bengals,Tampa Bay Buccaneers,williamhill,h2h,Tampa Bay Buccaneers,,2.75
2026-08-28T21:57,ed6d24ff979f9c71979fead577b0b3f7,2026-09-13T17:00:00Z,Cincinnati Bengals,Tampa Bay Buccaneers,betclic_fr,h2h,Cincinnati Bengals,,1.45
2026-08-28T21:57,ed6d24ff979f9c71979fead577b0b3f7,2026-09-13T17:00:00Z,Cincinnati Bengals,Tampa Bay Buccaneers,betclic_fr,h2h,Tampa Bay Buccaneers,,2.6
2026-08-28T21:57,ed6d24ff979f9c71979fead577b0b3f7,2026-09-13T17:00:00Z,Cincinnati Bengals,Tampa Bay Buccaneers,tipico_de,h2h,Cincinnati Bengals,,1.45
2026-08-28T21:57,ed6d24ff979f9c71979fead577b0b3f7,2026-09-13T17:00:00Z,Cincinnati Bengals,Tampa Bay Buccaneers,tipico_de,h2h,Tampa Bay Buccaneers,,2.7
2026-08-28T21:57,ed6d24ff979f9c71979fead577b0b3f7,2026-09-13T17:00:00Z,Cincinnati Bengals,Tampa Bay Buccaneers,tipico_de,spreads,Cincinnati Bengals,-4.5,1.9
2026-08-28T21:57,ed6d24ff979f9c71979fead577b0b3f7,2026-09-13T17:00:00Z,Cincinnati Bengals,Tampa Bay Buccaneers,tipico_de,spreads,Tampa Bay Buccaneers,4.5,1.87
2026-08-28T21:57,ed6d24ff979f9c71979fead577b0b3f7,2026-09-13T17:00:00Z,Cincinnati Bengals,Tampa Bay Buccaneers,tipico_de,totals,Over,51.5,1.93
2026-08-28T21:57,ed6d24ff979f9c71979fead577b0b3f7,2026-09-13T17:00:00Z,Cincinnati Bengals,Tampa Bay Buccaneers,tipico_de,totals,Under,51.5,1.83
2026-08-28T21:57,ed6d24ff979f9c71979fead577b0b3f7,2026-09-13T17:00:00Z,Cincinnati Bengals,Tampa Bay Buccaneers,gtbets,h2h,Cincinnati Bengals,,1.45
2026-08-28T21:57,ed6d24ff979f9c71979fead577b0b3f7,2026-09-13T17:00:00Z,Cincinnati Bengals,Tampa Bay Buccaneers,gtbets,h2h,Tampa Bay Buccaneers,,2.8
2026-08-28T21:57,ed6d24ff979f9c71979fead577b0b3f7,2026-09-13T17:00:00Z,Cincinnati Bengals,Tampa Bay Buccaneers,gtbets,spreads,Cincinnati Bengals,-4.0,1.92
2026-08-28T21:57,ed6d24ff979f9c71979fead577b0b3f7,2026-09-13T17:00:00Z,Cincinnati Bengals,Tampa Bay Buccaneers,gtbets,spreads,Tampa Bay Buccaneers,4.0,1.92
2026-08-28T21:57,ed6d24ff979f9c71979fead577b0b3f7,2026-09-13T17:00:00Z,Cincinnati Bengals,Tampa Bay Buccaneers,gtbets,totals,Over,50.5,1.92
2026-08-28T21:57,ed6d24ff979f9c71979fead577b0b3f7,2026-09-13T17:00:00Z,Cincinnati Bengals,Tampa Bay Buccaneers,gtbets,totals,Under,50.5,1.92
2026-08-28T21:57,ed6d24ff979f9c71979fead577b0b3f7,2026-09-13T17:00:00Z,Cincinnati Bengals,Tampa Bay Buccaneers,nordicbet,h2h,Cincinnati Bengals,,1.45
2026-08-28T21:57,ed6d24ff979f9c71979fead577b0b3f7,2026-09-13T17:00:00Z,Cincinnati Bengals,Tampa Bay Buccaneers,nordicbet,h2h,Tampa Bay Buccaneers,,2.57
2026-08-28T21:57,ed6d24ff979f9c71979fead577b0b3f7,2026-09-13T17:00:00Z,Cincinnati Bengals,Tampa Bay Buccaneers,nordicbet,spreads,Cincinnati Bengals,-3.5,1.86
2026-08-28T21:57,ed6d24ff979f9c71979fead577b0b3f7,2026-09-13T17:00:00Z,Cincinnati Bengals,Tampa Bay Buccaneers,nordicbet,spreads,Tampa Bay Buccaneers,3.5,1.84
2026-08-28T21:57,ed6d24ff979f9c71979fead577b0b3f7,2026-09-13T17:00:00Z,Cincinnati Bengals,Tampa Bay Buccaneers,nordicbet,totals,Over,51.0,1.87
2026-08-28T21:57,ed6d24ff979f9c71979fead577b0b3f7,2026-09-13T17:00:00Z,Cincinnati Bengals,Tampa Bay Buccaneers,nordicbet,totals,Under,51.0,1.83
2026-08-28T21:57,ed6d24ff979f9c71979fead577b0b3f7,2026-09-13T17:00:00Z,Cincinnati Bengals,Tampa Bay Buccaneers,betsson,h2h,Cincinnati Bengals,,1.45
2026-08-28T21:57,ed6d24ff979f9c71979fead577b0b3f7,2026-09-13T17:00:00Z,Cincinnati Bengals,Tampa Bay Buccaneers,betsson,h2h,Tampa Bay Buccaneers,,2.57
2026-08-28T21:57,ed6d24ff979f9c71979fead577b0b3f7,2026-09-13T17:00:00Z,Cincinnati Bengals,Tampa Bay Buccaneers,betsson,spreads,Cincinnati Bengals,-3.5,1.86
2026-08-28T21:57,ed6d24ff979f9c71979fead577b0b3f7,2026-09-13T17:00:00Z,Cincinnati Bengals,Tampa Bay Buccaneers,betsson,spreads,Tampa Bay Buccaneers,3.5,1.84
2026-08-28T21:57,ed6d24ff979f9c71979fead577b0b3f7,2026-09-13T17:00:00Z,Cincinnati Bengals,Tampa Bay Buccaneers,betsson,totals,Over,51.0,1.87
2026-08-28T21:57,ed6d24ff979f9c71979fead577b0b3f7,2026-09-13T17:00:00Z,Cincinnati Bengals,Tampa Bay Buccaneers,betsson,totals,Under,51.0,1.83
2026-08-28T21:57,ed6d24ff979f9c71979fead577b0b3f7,2026-09-13T17:00:00Z,Cincinnati Bengals,Tampa Bay Buccaneers,onexbet,spreads,Cincinnati Bengals,-4.5,1.94
2026-08-28T21:57,ed6d24ff979f9c71979fead577b0b3f7,2026-09-13T17:00:00Z,Cincinnati Bengals,Tampa Bay Buccaneers,onexbet,spreads,Tampa Bay Buccaneers,4.5,1.86
2026-08-28T21:57,ed6d24ff979f9c71979fead577b0b3f7,2026-09-13T17:00:00Z,Cincinnati Bengals,Tampa Bay Buccaneers,onexbet,totals,Over,50.5,1.91
2026-08-28T21:57,ed6d24ff979f9c71979fead577b0b3f7,2026-09-13T17:00:00Z,Cincinnati Bengals,Tampa Bay Buccaneers,onexbet,totals,Under,50.5,1.91
2026-08-28T21:57,ed6d24ff979f9c71979fead577b0b3f7,2026-09-13T17:00:00Z,Cincinnati Bengals,Tampa Bay Buccaneers,pinnacle,h2h,Cincinnati Bengals,,1.46
2026-08-28T21:57,ed6d24ff979f9c71979fead577b0b3f7,2026-09-13T17:00:00Z,Cincinnati Bengals,Tampa Bay Buccaneers,pinnacle,h2h,Tampa Bay Buccaneers,,2.86
2026-08-28T21:57,ed6d24ff979f9c71979fead577b0b3f7,2026-09-13T17:00:00Z,Cincinnati Bengals,Tampa Bay Buccaneers,pinnacle,spreads,Cincinnati Bengals,-3.5,1.85
2026-08-28T21:57,ed6d24ff979f9c71979fead577b0b3f7,2026-09-13T17:00:00Z,Cincinnati Bengals,Tampa Bay Buccaneers,pinnacle,spreads,Tampa Bay Buccaneers,3.5,2.05
2026-08-28T21:57,ed6d24ff979f9c71979fead577b0b3f7,2026-09-13T17:00:00Z,Cincinnati Bengals,Tampa Bay Buccaneers,pinnacle,totals,Over,51.0,1.95
2026-08-28T21:57,ed6d24ff979f9c71979fead577b0b3f7,2026-09-13T17:00:00Z,Cincinnati Bengals,Tampa Bay Buccaneers,pinnacle,totals,Under,51.0,1.89
2026-08-28T21:57,ed6d24ff979f9c71979fead577b0b3f7,2026-09-13T17:00:00Z,Cincinnati Bengals,Tampa Bay Buccaneers,marathonbet,h2h,Cincinnati Bengals,,1.53
2026-08-28T21:57,ed6d24ff979f9c71979fead577b0b3f7,2026-09-13T17:00:00Z,Cincinnati Bengals,Tampa Bay Buccaneers,marathonbet,h2h,Tampa Bay Buccaneers,,2.47
2026-08-28T21:57,ed6d24ff979f9c71979fead577b0b3f7,2026-09-13T17:00:00Z,Cincinnati Bengals,Tampa Bay Buccaneers,mybookieag,h2h,Cincinnati Bengals,,1.47
2026-08-28T21:57,ed6d24ff979f9c71979fead577b0b3f7,2026-09-13T17:00:00Z,Cincinnati Bengals,Tampa Bay Buccaneers,mybookieag,h2h,Tampa Bay Buccaneers,,2.64
2026-08-28T21:57,ed6d24ff979f9c71979fead577b0b3f7,2026-09-13T17:00:00Z,Cincinnati Bengals,Tampa Bay Buccaneers,mybookieag,spreads,Cincinnati Bengals,-4.0,1.91
2026-08-28T21:57,ed6d24ff979f9c71979fead577b0b3f7,2026-09-13T17:00:00Z,Cincinnati Bengals,Tampa Bay Buccaneers,mybookieag,spreads,Tampa Bay Buccaneers,4.0,1.91
2026-08-28T21:57,ed6d24ff979f9c71979fead577b0b3f7,2026-09-13T17:00:00Z,Cincinnati Bengals,Tampa Bay Buccaneers,mybookieag,totals,Over,51.0,1.91
2026-08-28T21:57,ed6d24ff979f9c71979fead577b0b3f7,2026-09-13T17:00:00Z,Cincinnati Bengals,Tampa Bay Buccaneers,mybookieag,totals,Under,51.0,1.91
2026-08-28T21:57,ed6d24ff979f9c71979fead577b0b3f7,2026-09-13T17:00:00Z,Cincinnati Bengals,Tampa Bay Buccaneers,coolbet,h2h,Cincinnati Bengals,,1.47
2026-08-28T21:57,ed6d24ff979f9c71979fead577b0b3f7,2026-09-13T17:00:00Z,Cincinnati Bengals,Tampa Bay Buccaneers,coolbet,h2h,Tampa Bay Buccaneers,,2.63
2026-08-28T21:57,ed6d24ff979f9c71979fead577b0b3f7,2026-09-13T17:00:00Z,Cincinnati Bengals,Tampa Bay Buccaneers,coolbet,spreads,Cincinnati Bengals,-3.5,1.93
2026-08-28T21:57,ed6d24ff979f9c71979fead577b0b3f7,2026-09-13T17:00:00Z,Cincinnati Bengals,Tampa Bay Buccaneers,coolbet,spreads,Tampa Bay Buccaneers,3.5,1.91
2026-08-28T21:57,ed6d24ff979f9c71979fead577b0b3f7,2026-09-13T17:00:00Z,Cincinnati Bengals,Tampa Bay Buccaneers,coolbet,totals,Over,51.0,1.95
2026-08-28T21:57,ed6d24ff979f9c71979fead577b0b3f7,2026-09-13T17:00:00Z,Cincinnati Bengals,Tampa Bay Buccaneers,coolbet,totals,Under,51.0,1.9
2026-08-28T21:57,ed6d24ff979f9c71979fead577b0b3f7,2026-09-13T17:00:00Z,Cincinnati Bengals,Tampa Bay Buccaneers,betfair_ex_eu,h2h,Cincinnati Bengals,,1.48
2026-08-28T21:57,ed6d24ff979f9c71979fead577b0b3f7,2026-09-13T17:00:00Z,Cincinnati Bengals,Tampa Bay Buccaneers,betfair_ex_eu,h2h,Tampa Bay Buccaneers,,2.82
2026-08-28T21:57,ed6d24ff979f9c71979fead577b0b3f7,2026-09-13T17:00:00Z,Cincinnati Bengals,Tampa Bay Buccaneers,betfair_ex_eu,h2h_lay,Cincinnati Bengals,,1.55
2026-08-28T21:57,ed6d24ff979f9c71979fead577b0b3f7,2026-09-13T17:00:00Z,Cincinnati Bengals,Tampa Bay Buccaneers,betfair_ex_eu,h2h_lay,Tampa Bay Buccaneers,,3.1
2026-08-28T21:57,ed6d24ff979f9c71979fead577b0b3f7,2026-09-13T17:00:00Z,Cincinnati Bengals,Tampa Bay Buccaneers,everygame,h2h,Cincinnati Bengals,,1.45
2026-08-28T21:57,ed6d24ff979f9c71979fead577b0b3f7,2026-09-13T17:00:00Z,Cincinnati Bengals,Tampa Bay Buccaneers,everygame,h2h,Tampa Bay Buccaneers,,2.8
2026-08-28T21:57,ed6d24ff979f9c71979fead577b0b3f7,2026-09-13T17:00:00Z,Cincinnati Bengals,Tampa Bay Buccaneers,everygame,spreads,Cincinnati Bengals,-4.0,1.91
2026-08-28T21:57,ed6d24ff979f9c71979fead577b0b3f7,2026-09-13T17:00:00Z,Cincinnati Bengals,Tampa Bay Buccaneers,everygame,spreads,Tampa Bay Buccaneers,4.0,1.91
2026-08-28T21:57,ed6d24ff979f9c71979fead577b0b3f7,2026-09-13T17:00:00Z,Cincinnati Bengals,Tampa Bay Buccaneers,everygame,totals,Over,51.0,1.91
2026-08-28T21:57,ed6d24ff979f9c71979fead577b0b3f7,2026-09-13T17:00:00Z,Cincinnati Bengals,Tampa Bay Buccaneers,everygame,totals,Under,51.0,1.91
2026-08-28T21:57,ed6d24ff979f9c71979fead577b0b3f7,2026-09-13T17:00:00Z,Cincinnati Bengals,Tampa Bay Buccaneers,pmu_fr,h2h,Cincinnati Bengals,,1.5
2026-08-28T21:57,ed6d24ff979f9c71979fead577b0b3f7,2026-09-13T17:00:00Z,Cincinnati Bengals,Tampa Bay Buccaneers,pmu_fr,h2h,Tampa Bay Buccaneers,,2.65
2026-08-28T21:57,ed6d24ff979f9c71979fead577b0b3f7,2026-09-13T17:00:00Z,Cincinnati Bengals,Tampa Bay Buccaneers,pmu_fr,spreads,Cincinnati Bengals,-3.5,1.89
2026-08-28T21:57,ed6d24ff979f9c71979fead577b0b3f7,2026-09-13T17:00:00Z,Cincinnati Bengals,Tampa Bay Buccaneers,pmu_fr,spreads,Tampa Bay Buccaneers,3.5,1.92
2026-08-28T21:57,ed6d24ff979f9c71979fead577b0b3f7,2026-09-13T17:00:00Z,Cincinnati Bengals,Tampa Bay Buccaneers,pmu_fr,totals,Over,50.5,1.88
2026-08-28T21:57,ed6d24ff979f9c71979fead577b0b3f7,2026-09-13T17:00:00Z,Cincinnati Bengals,Tampa Bay Buccaneers,pmu_fr,totals,Under,50.5,1.93
2026-08-28T21:57,e55c6fe19fce094ce214c8b0e5b504e9,2026-09-13T17:00:00Z,Jacksonville Jaguars,Cleveland Browns,unibet_se,h2h,Cleveland Browns,,4.0
2026-08-28T21:57,e55c6fe19fce094ce214c8b0e5b504e9,2026-09-13T17:00:00Z,Jacksonville Jaguars,Cleveland Browns,unibet_se,h2h,Jacksonville Jaguars,,1.25
2026-08-28T21:57,e55c6fe19fce094ce214c8b0e5b504e9,2026-09-13T17:00:00Z,Jacksonville Jaguars,Cleveland Browns,unibet_se,spreads,Cleveland Browns,7.5,1.91
2026-08-28T21:57,e55c6fe19fce094ce214c8b0e5b504e9,2026-09-13T17:00:00Z,Jacksonville Jaguars,Cleveland Browns,unibet_se,spreads,Jacksonville Jaguars,-7.5,1.91
2026-08-28T21:57,e55c6fe19fce094ce214c8b0e5b504e9,2026-09-13T17:00:00Z,Jacksonville Jaguars,Cleveland Browns,betonlineag,h2h,Cleveland Browns,,3.89
2026-08-28T21:57,e55c6fe19fce094ce214c8b0e5b504e9,2026-09-13T17:00:00Z,Jacksonville Jaguars,Cleveland Browns,betonlineag,h2h,Jacksonville Jaguars,,1.28
2026-08-28T21:57,e55c6fe19fce094ce214c8b0e5b504e9,2026-09-13T17:00:00Z,Jacksonville Jaguars,Cleveland Browns,betonlineag,spreads,Cleveland Browns,7.5,1.94
2026-08-28T21:57,e55c6fe19fce094ce214c8b0e5b504e9,2026-09-13T17:00:00Z,Jacksonville Jaguars,Cleveland Browns,betonlineag,spreads,Jacksonville Jaguars,-7.5,1.88
2026-08-28T21:57,e55c6fe19fce094ce214c8b0e5b504e9,2026-09-13T17:00:00Z,Jacksonville Jaguars,Cleveland Browns,betonlineag,totals,Over,40.5,1.91
2026-08-28T21:57,e55c6fe19fce094ce214c8b0e5b504e9,2026-09-13T17:00:00Z,Jacksonville Jaguars,Cleveland Browns,betonlineag,totals,Under,40.5,1.91
2026-08-28T21:57,e55c6fe19fce094ce214c8b0e5b504e9,2026-09-13T17:00:00Z,Jacksonville Jaguars,Cleveland Browns,leovegas_se,h2h,Cleveland Browns,,4.0
2026-08-28T21:57,e55c6fe19fce094ce214c8b0e5b504e9,2026-09-13T17:00:00Z,Jacksonville Jaguars,Cleveland Browns,leovegas_se,h2h,Jacksonville Jaguars,,1.25
2026-08-28T21:57,e55c6fe19fce094ce214c8b0e5b504e9,2026-09-13T17:00:00Z,Jacksonville Jaguars,Cleveland Browns,leovegas_se,spreads,Cleveland Browns,7.5,1.91
2026-08-28T21:57,e55c6fe19fce094ce214c8b0e5b504e9,2026-09-13T17:00:00Z,Jacksonville Jaguars,Cleveland Browns,leovegas_se,spreads,Jacksonville Jaguars,-7.5,1.91
2026-08-28T21:57,e55c6fe19fce094ce214c8b0e5b504e9,2026-09-13T17:00:00Z,Jacksonville Jaguars,Cleveland Browns,unibet_nl,h2h,Cleveland Browns,,4.0
2026-08-28T21:57,e55c6fe19fce094ce214c8b0e5b504e9,2026-09-13T17:00:00Z,Jacksonville Jaguars,Cleveland Browns,unibet_nl,h2h,Jacksonville Jaguars,,1.25
2026-08-28T21:57,e55c6fe19fce094ce214c8b0e5b504e9,2026-09-13T17:00:00Z,Jacksonville Jaguars,Cleveland Browns,unibet_nl,spreads,Cleveland Browns,7.5,1.91
2026-08-28T21:57,e55c6fe19fce094ce214c8b0e5b504e9,2026-09-13T17:00:00Z,Jacksonville Jaguars,Cleveland Browns,unibet_nl,spreads,Jacksonville Jaguars,-7.5,1.91
2026-08-28T21:57,e55c6fe19fce094ce214c8b0e5b504e9,2026-09-13T17:00:00Z,Jacksonville Jaguars,Cleveland Browns,unibet_nl,totals,Over,40.5,1.91
2026-08-28T21:57,e55c6fe19fce094ce214c8b0e5b504e9,2026-09-13T17:00:00Z,Jacksonville Jaguars,Cleveland Browns,unibet_nl,totals,Under,40.5,1.91
2026-08-28T21:57,e55c6fe19fce094ce214c8b0e5b504e9,2026-09-13T17:00:00Z,Jacksonville Jaguars,Cleveland Browns,gtbets,h2h,Cleveland Browns,,4.0
2026-08-28T21:57,e55c6fe19fce094ce214c8b0e5b504e9,2026-09-13T17:00:00Z,Jacksonville Jaguars,Cleveland Browns,gtbets,h2h,Jacksonville Jaguars,,1.26
2026-08-28T21:57,e55c6fe19fce094ce214c8b0e5b504e9,2026-09-13T17:00:00Z,Jacksonville Jaguars,Cleveland Browns,gtbets,spreads,Cleveland Browns,7.5,1.92
2026-08-28T21:57,e55c6fe19fce094ce214c8b0e5b504e9,2026-09-13T17:00:00Z,Jacksonville Jaguars,Cleveland Browns,gtbets,spreads,Jacksonville Jaguars,-7.5,1.92
2026-08-28T21:57,e55c6fe19fce094ce214c8b0e5b504e9,2026-09-13T17:00:00Z,Jacksonville Jaguars,Cleveland Browns,gtbets,totals,Over,40.5,1.92
2026-08-28T21:57,e55c6fe19fce094ce214c8b0e5b504e9,2026-09-13T17:00:00Z,Jacksonville Jaguars,Cleveland Browns,gtbets,totals,Under,40.5,1.92
2026-08-28T21:57,e55c6fe19fce094ce214c8b0e5b504e9,2026-09-13T17:00:00Z,Jacksonville Jaguars,Cleveland Browns,betclic_fr,h2h,Cleveland Browns,,4.1
2026-08-28T21:57,e55c6fe19fce094ce214c8b0e5b504e9,2026-09-13T17:00:00Z,Jacksonville Jaguars,Cleveland Browns,betclic_fr,h2h,Jacksonville Jaguars,,1.22
2026-08-28T21:57,e55c6fe19fce094ce214c8b0e5b504e9,2026-09-13T17:00:00Z,Jacksonville Jaguars,Cleveland Browns,williamhill,h2h,Cleveland Browns,,4.2
2026-08-28T21:57,e55c6fe19fce094ce214c8b0e5b504e9,2026-09-13T17:00:00Z,Jacksonville Jaguars,Cleveland Browns,williamhill,h2h,Jacksonville Jaguars,,1.22
2026-08-28T21:57,e55c6fe19fce094ce214c8b0e5b504e9,2026-09-13T17:00:00Z,Jacksonville Jaguars,Cleveland Browns,tipico_de,h2h,Cleveland Browns,,4.1
2026-08-28T21:57,e55c6fe19fce094ce214c8b0e5b504e9,2026-09-13T17:00:00Z,Jacksonville Jaguars,Cleveland Browns,tipico_de,h2h,Jacksonville Jaguars,,1.22
2026-08-28T21:57,e55c6fe19fce094ce214c8b0e5b504e9,2026-09-13T17:00:00Z,Jacksonville Jaguars,Cleveland Browns,tipico_de,spreads,Cleveland Browns,8.5,1.9
2026-08-28T21:57,e55c6fe19fce094ce214c8b0e5b504e9,2026-09-13T17:00:00Z,Jacksonville Jaguars,Cleveland Browns,tipico_de,spreads,Jacksonville Jaguars,-8.5,1.87
2026-08-28T21:57,e55c6fe19fce094ce214c8b0e5b504e9,2026-09-13T17:00:00Z,Jacksonville Jaguars,Cleveland Browns,tipico_de,totals,Over,40.5,1.87
2026-08-28T21:57,e55c6fe19fce094ce214c8b0e5b504e9,2026-09-13T17:00:00Z,Jacksonville Jaguars,Cleveland Browns,tipico_de,totals,Under,40.5,1.9
2026-08-28T21:57,e55c6fe19fce094ce214c8b0e5b504e9,2026-09-13T17:00:00Z,Jacksonville Jaguars,Cleveland Browns,betsson,h2h,Cleveland Browns,,3.8
2026-08-28T21:57,e55c6fe19fce094ce214c8b0e5b504e9,2026-09-13T17:00:00Z,Jacksonville Jaguars,Cleveland Browns,betsson,h2h,Jacksonville Jaguars,,1.22
2026-08-28T21:57,e55c6fe19fce094ce214c8b0e5b504e9,2026-09-13T17:00:00Z,Jacksonville Jaguars,Cleveland Browns,betsson,spreads,Cleveland Browns,8.0,1.84
2026-08-28T21:57,e55c6fe19fce094ce214c8b0e5b504e9,2026-09-13T17:00:00Z,Jacksonville Jaguars,Cleveland Browns,betsson,spreads,Jacksonville Jaguars,-8.0,1.86
2026-08-28T21:57,e55c6fe19fce094ce214c8b0e5b504e9,2026-09-13T17:00:00Z,Jacksonville Jaguars,Cleveland Browns,betsson,totals,Over,40.5,1.85
2026-08-28T21:57,e55c6fe19fce094ce214c8b0e5b504e9,2026-09-13T17:00:00Z,Jacksonville Jaguars,Cleveland Browns,betsson,totals,Under,40.5,1.85
2026-08-28T21:57,e55c6fe19fce094ce214c8b0e5b504e9,2026-09-13T17:00:00Z,Jacksonville Jaguars,Cleveland Browns,nordicbet,h2h,Cleveland Browns,,3.8
2026-08-28T21:57,e55c6fe19fce094ce214c8b0e5b504e9,2026-09-13T17:00:00Z,Jacksonville Jaguars,Cleveland Browns,nordicbet,h2h,Jacksonville Jaguars,,1.22
2026-08-28T21:57,e55c6fe19fce094ce214c8b0e5b504e9,2026-09-13T17:00:00Z,Jacksonville Jaguars,Cleveland Browns,nordicbet,spreads,Cleveland Browns,8.0,1.84
2026-08-28T21:57,e55c6fe19fce094ce214c8b0e5b504e9,2026-09-13T17:00:00Z,Jacksonville Jaguars,Cleveland Browns,nordicbet,spreads,Jacksonville Jaguars,-8.0,1.86
2026-08-28T21:57,e55c6fe19fce094ce214c8b0e5b504e9,2026-09-13T17:00:00Z,Jacksonville Jaguars,Cleveland Browns,nordicbet,totals,Over,40.5,1.85
2026-08-28T21:57,e55c6fe19fce094ce214c8b0e5b504e9,2026-09-13T17:00:00Z,Jacksonville Jaguars,Cleveland Browns,nordicbet,totals,Under,40.5,1.85
2026-08-28T21:57,e55c6fe19fce094ce214c8b0e5b504e9,2026-09-13T17:00:00Z,Jacksonville Jaguars,Cleveland Browns,onexbet,spreads,Cleveland Browns,7.5,1.91
2026-08-28T21:57,e55c6fe19fce094ce214c8b0e5b504e9,2026-09-13T17:00:00Z,Jacksonville Jaguars,Cleveland Browns,onexbet,spreads,Jacksonville Jaguars,-7.5,1.91
2026-08-28T21:57,e55c6fe19fce094ce214c8b0e5b504e9,2026-09-13T17:00:00Z,Jacksonville Jaguars,Cleveland Browns,onexbet,totals,Over,40.5,1.91
2026-08-28T21:57,e55c6fe19fce094ce214c8b0e5b504e9,2026-09-13T17:00:00Z,Jacksonville Jaguars,Cleveland Browns,onexbet,totals,Under,40.5,1.91
2026-08-28T21:57,e55c6fe19fce094ce214c8b0e5b504e9,2026-09-13T17:00:00Z,Jacksonville Jaguars,Cleveland Browns,pinnacle,h2h,Cleveland Browns,,4.14
2026-08-28T21:57,e55c6fe19fce094ce214c8b0e5b504e9,2026-09-13T17:00:00Z,Jacksonville Jaguars,Cleveland Browns,pinnacle,h2h,Jacksonville Jaguars,,1.26
2026-08-28T21:57,e55c6fe19fce094ce214c8b0e5b504e9,2026-09-13T17:00:00Z,Jacksonville Jaguars,Cleveland Browns,pinnacle,spreads,Cleveland Browns,7.5,2.04
2026-08-28T21:57,e55c6fe19fce094ce214c8b0e5b504e9,2026-09-13T17:00:00Z,Jacksonville Jaguars,Cleveland Browns,pinnacle,spreads,Jacksonville Jaguars,-7.5,1.85
2026-08-28T21:57,e55c6fe19fce094ce214c8b0e5b504e9,2026-09-13T17:00:00Z,Jacksonville Jaguars,Cleveland Browns,pinnacle,totals,Over,40.5,1.91
2026-08-28T21:57,e55c6fe19fce094ce214c8b0e5b504e9,2026-09-13T17:00:00Z,Jacksonville Jaguars,Cleveland Browns,pinnacle,totals,Under,40.5,1.94
2026-08-28T21:57,e55c6fe19fce094ce214c8b0e5b504e9,2026-09-13T17:00:00Z,Jacksonville Jaguars,Cleveland Browns,marathonbet,h2h,Cleveland Browns,,3.78
2026-08-28T21:57,e55c6fe19fce094ce214c8b0e5b504e9,2026-09-13T17:00:00Z,Jacksonville Jaguars,Cleveland Browns,marathonbet,h2h,Jacksonville Jaguars,,1.26
2026-08-28T21:57,e55c6fe19fce094ce214c8b0e5b504e9,2026-09-13T17:00:00Z,Jacksonville Jaguars,Cleveland Browns,mybookieag,h2h,Cleveland Browns,,3.9
2026-08-28T21:57,e55c6fe19fce094ce214c8b0e5b504e9,2026-09-13T17:00:00Z,Jacksonville Jaguars,Cleveland Browns,mybookieag,h2h,Jacksonville Jaguars,,1.24
2026-08-28T21:57,e55c6fe19fce094ce214c8b0e5b504e9,2026-09-13T17:00:00Z,Jacksonville Jaguars,Cleveland Browns,mybookieag,spreads,Cleveland Browns,7.5,1.91
2026-08-28T21:57,e55c6fe19fce094ce214c8b0e5b504e9,2026-09-13T17:00:00Z,Jacksonville Jaguars,Cleveland Browns,mybookieag,spreads,Jacksonville Jaguars,-7.5,1.91
2026-08-28T21:57,e55c6fe19fce094ce214c8b0e5b504e9,2026-09-13T17:00:00Z,Jacksonville Jaguars,Cleveland Browns,mybookieag,totals,Over,40.5,1.91
2026-08-28T21:57,e55c6fe19fce094ce214c8b0e5b504e9,2026-09-13T17:00:00Z,Jacksonville Jaguars,Cleveland Browns,mybookieag,totals,Under,40.5,1.91
2026-08-28T21:57,e55c6fe19fce094ce214c8b0e5b504e9,2026-09-13T17:00:00Z,Jacksonville Jaguars,Cleveland Browns,coolbet,h2h,Cleveland Browns,,3.9
2026-08-28T21:57,e55c6fe19fce094ce214c8b0e5b504e9,2026-09-13T17:00:00Z,Jacksonville Jaguars,Cleveland Browns,coolbet,h2h,Jacksonville Jaguars,,1.24
2026-08-28T21:57,e55c6fe19fce094ce214c8b0e5b504e9,2026-09-13T17:00:00Z,Jacksonville Jaguars,Cleveland Browns,coolbet,spreads,Cleveland Browns,8.0,1.91
2026-08-28T21:57,e55c6fe19fce094ce214c8b0e5b504e9,2026-09-13T17:00:00Z,Jacksonville Jaguars,Cleveland Browns,coolbet,spreads,Jacksonville Jaguars,-8.0,1.93
2026-08-28T21:57,e55c6fe19fce094ce214c8b0e5b504e9,2026-09-13T17:00:00Z,Jacksonville Jaguars,Cleveland Browns,coolbet,totals,Over,40.5,1.92
2026-08-28T21:57,e55c6fe19fce094ce214c8b0e5b504e9,2026-09-13T17:00:00Z,Jacksonville Jaguars,Cleveland Browns,coolbet,totals,Under,40.5,1.92
2026-08-28T21:57,e55c6fe19fce094ce214c8b0e5b504e9,2026-09-13T17:00:00Z,Jacksonville Jaguars,Cleveland Browns,betfair_ex_eu,h2h,Cleveland Browns,,4.3
2026-08-28T21:57,e55c6fe19fce094ce214c8b0e5b504e9,2026-09-13T17:00:00Z,Jacksonville Jaguars,Cleveland Browns,betfair_ex_eu,h2h,Jacksonville Jaguars,,1.27
2026-08-28T21:57,e55c6fe19fce094ce214c8b0e5b504e9,2026-09-13T17:00:00Z,Jacksonville Jaguars,Cleveland Browns,betfair_ex_eu,h2h_lay,Cleveland Browns,,4.8
2026-08-28T21:57,e55c6fe19fce094ce214c8b0e5b504e9,2026-09-13T17:00:00Z,Jacksonville Jaguars,Cleveland Browns,betfair_ex_eu,h2h_lay,Jacksonville Jaguars,,1.3
2026-08-28T21:57,e55c6fe19fce094ce214c8b0e5b504e9,2026-09-13T17:00:00Z,Jacksonville Jaguars,Cleveland Browns,everygame,h2h,Cleveland Browns,,3.9
2026-08-28T21:57,e55c6fe19fce094ce214c8b0e5b504e9,2026-09-13T17:00:00Z,Jacksonville Jaguars,Cleveland Browns,everygame,h2h,Jacksonville Jaguars,,1.28
2026-08-28T21:57,e55c6fe19fce094ce214c8b0e5b504e9,2026-09-13T17:00:00Z,Jacksonville Jaguars,Cleveland Browns,everygame,spreads,Cleveland Browns,7.5,1.91
2026-08-28T21:57,e55c6fe19fce094ce214c8b0e5b504e9,2026-09-13T17:00:00Z,Jacksonville Jaguars,Cleveland Browns,everygame,spreads,Jacksonville Jaguars,-7.5,1.91
2026-08-28T21:57,e55c6fe19fce094ce214c8b0e5b504e9,2026-09-13T17:00:00Z,Jacksonville Jaguars,Cleveland Browns,everygame,totals,Over,40.5,1.91
2026-08-28T21:57,e55c6fe19fce094ce214c8b0e5b504e9,2026-09-13T17:00:00Z,Jacksonville Jaguars,Cleveland Browns,everygame,totals,Under,40.5,1.91
2026-08-28T21:57,e55c6fe19fce094ce214c8b0e5b504e9,2026-09-13T17:00:00Z,Jacksonville Jaguars,Cleveland Browns,pmu_fr,h2h,Cleveland Browns,,4.0
2026-08-28T21:57,e55c6fe19fce094ce214c8b0e5b504e9,2026-09-13T17:00:00Z,Jacksonville Jaguars,Cleveland Browns,pmu_fr,h2h,Jacksonville Jaguars,,1.25
2026-08-28T21:57,e55c6fe19fce094ce214c8b0e5b504e9,2026-09-13T17:00:00Z,Jacksonville Jaguars,Cleveland Browns,pmu_fr,spreads,Cleveland Browns,7.5,1.91
2026-08-28T21:57,e55c6fe19fce094ce214c8b0e5b504e9,2026-09-13T17:00:00Z,Jacksonville Jaguars,Cleveland Browns,pmu_fr,spreads,Jacksonville Jaguars,-7.5,1.91
2026-08-28T21:57,e55c6fe19fce094ce214c8b0e5b504e9,2026-09-13T17:00:00Z,Jacksonville Jaguars,Cleveland Browns,pmu_fr,totals,Over,40.5,1.91
2026-08-28T21:57,e55c6fe19fce094ce214c8b0e5b504e9,2026-09-13T17:00:00Z,Jacksonville Jaguars,Cleveland Browns,pmu_fr,totals,Under,40.5,1.91
2026-08-28T21:57,c1d3fcec25aaeb06ebd2244d33d338e0,2026-09-13T17:00:00Z,Detroit Lions,New Orleans Saints,unibet_se,h2h,Detroit Lions,,1.28
2026-08-28T21:57,c1d3fcec25aaeb06ebd2244d33d338e0,2026-09-13T17:00:00Z,Detroit Lions,New Orleans Saints,unibet_se,h2h,New Orleans Saints,,3.8
2026-08-28T21:57,c1d3fcec25aaeb06ebd2244d33d338e0,2026-09-13T17:00:00Z,Detroit Lions,New Orleans Saints,unibet_se,spreads,Detroit Lions,-7.0,1.92
2026-08-28T21:57,c1d3fcec25aaeb06ebd2244d33d338e0,2026-09-13T17:00:00Z,Detroit Lions,New Orleans Saints,unibet_se,spreads,New Orleans Saints,7.0,1.89
2026-08-28T21:57,c1d3fcec25aaeb06ebd2244d33d338e0,2026-09-13T17:00:00Z,Detroit Lions,New Orleans Saints,leovegas_se,h2h,Detroit Lions,,1.28
2026-08-28T21:57,c1d3fcec25aaeb06ebd2244d33d338e0,2026-09-13T17:00:00Z,Detroit Lions,New Orleans Saints,leovegas_se,h2h,New Orleans Saints,,3.8
2026-08-28T21:57,c1d3fcec25aaeb06ebd2244d33d338e0,2026-09-13T17:00:00Z,Detroit Lions,New Orleans Saints,leovegas_se,spreads,Detroit Lions,-7.0,1.92
2026-08-28T21:57,c1d3fcec25aaeb06ebd2244d33d338e0,2026-09-13T17:00:00Z,Detroit Lions,New Orleans Saints,leovegas_se,spreads,New Orleans Saints,7.0,1.89
2026-08-28T21:57,c1d3fcec25aaeb06ebd2244d33d338e0,2026-09-13T17:00:00Z,Detroit Lions,New Orleans Saints,betonlineag,h2h,Detroit Lions,,1.3
2026-08-28T21:57,c1d3fcec25aaeb06ebd2244d33d338e0,2026-09-13T17:00:00Z,Detroit Lions,New Orleans Saints,betonlineag,h2h,New Orleans Saints,,3.7
2026-08-28T21:57,c1d3fcec25aaeb06ebd2244d33d338e0,2026-09-13T17:00:00Z,Detroit Lions,New Orleans Saints,betonlineag,spreads,Detroit Lions,-7.0,1.91
2026-08-28T21:57,c1d3fcec25aaeb06ebd2244d33d338e0,2026-09-13T17:00:00Z,Detroit Lions,New Orleans Saints,betonlineag,spreads,New Orleans Saints,7.0,1.91
2026-08-28T21:57,c1d3fcec25aaeb06ebd2244d33d338e0,2026-09-13T17:00:00Z,Detroit Lions,New Orleans Saints,betonlineag,totals,Over,49.0,1.87
2026-08-28T21:57,c1d3fcec25aaeb06ebd2244d33d338e0,2026-09-13T17:00:00Z,Detroit Lions,New Orleans Saints,betonlineag,totals,Under,49.0,1.95
2026-08-28T21:57,c1d3fcec25aaeb06ebd2244d33d338e0,2026-09-13T17:00:00Z,Detroit Lions,New Orleans Saints,unibet_nl,h2h,Detroit Lions,,1.28
2026-08-28T21:57,c1d3fcec25aaeb06ebd2244d33d338e0,2026-09-13T17:00:00Z,Detroit Lions,New Orleans Saints,unibet_nl,h2h,New Orleans Saints,,3.8
2026-08-28T21:57,c1d3fcec25aaeb06ebd2244d33d338e0,2026-09-13T17:00:00Z,Detroit Lions,New Orleans Saints,unibet_nl,spreads,Detroit Lions,-7.0,1.92
2026-08-28T21:57,c1d3fcec25aaeb06ebd2244d33d338e0,2026-09-13T17:00:00Z,Detroit Lions,New Orleans Saints,unibet_nl,spreads,New Orleans Saints,7.0,1.89
2026-08-28T21:57,c1d3fcec25aaeb06ebd2244d33d338e0,2026-09-13T17:00:00Z,Detroit Lions,New Orleans Saints,unibet_nl,totals,Over,49.0,1.92
2026-08-28T21:57,c1d3fcec25aaeb06ebd2244d33d338e0,2026-09-13T17:00:00Z,Detroit Lions,New Orleans Saints,unibet_nl,totals,Under,49.0,1.89
2026-08-28T21:57,c1d3fcec25aaeb06ebd2244d33d338e0,2026-09-13T17:00:00Z,Detroit Lions,New Orleans Saints,gtbets,h2h,Detroit Lions,,1.31
2026-08-28T21:57,c1d3fcec25aaeb06ebd2244d33d338e0,2026-09-13T17:00:00Z,Detroit Lions,New Orleans Saints,gtbets,h2h,New Orleans Saints,,3.6
2026-08-28T21:57,c1d3fcec25aaeb06ebd2244d33d338e0,2026-09-13T17:00:00Z,Detroit Lions,New Orleans Saints,gtbets,spreads,Detroit Lions,-7.0,1.92
2026-08-28T21:57,c1d3fcec25aaeb06ebd2244d33d338e0,2026-09-13T17:00:00Z,Detroit Lions,New Orleans Saints,gtbets,spreads,New Orleans Saints,7.0,1.92
2026-08-28T21:57,c1d3fcec25aaeb06ebd2244d33d338e0,2026-09-13T17:00:00Z,Detroit Lions,New Orleans Saints,gtbets,totals,Over,49.5,1.92
2026-08-28T21:57,c1d3fcec25aaeb06ebd2244d33d338e0,2026-09-13T17:00:00Z,Detroit Lions,New Orleans Saints,gtbets,totals,Under,49.5,1.92
2026-08-28T21:57,c1d3fcec25aaeb06ebd2244d33d338e0,2026-09-13T17:00:00Z,Detroit Lions,New Orleans Saints,williamhill,h2h,Detroit Lions,,1.3
2026-08-28T21:57,c1d3fcec25aaeb06ebd2244d33d338e0,2026-09-13T17:00:00Z,Detroit Lions,New Orleans Saints,williamhill,h2h,New Orleans Saints,,3.5
2026-08-28T21:57,c1d3fcec25aaeb06ebd2244d33d338e0,2026-09-13T17:00:00Z,Detroit Lions,New Orleans Saints,betclic_fr,h2h,Detroit Lions,,1.3
2026-08-28T21:57,c1d3fcec25aaeb06ebd2244d33d338e0,2026-09-13T17:00:00Z,Detroit Lions,New Orleans Saints,betclic_fr,h2h,New Orleans Saints,,3.4
2026-08-28T21:57,c1d3fcec25aaeb06ebd2244d33d338e0,2026-09-13T17:00:00Z,Detroit Lions,New Orleans Saints,tipico_de,h2h,Detroit Lions,,1.3
2026-08-28T21:57,c1d3fcec25aaeb06ebd2244d33d338e0,2026-09-13T17:00:00Z,Detroit Lions,New Orleans Saints,tipico_de,h2h,New Orleans Saints,,3.4
2026-08-28T21:57,c1d3fcec25aaeb06ebd2244d33d338e0,2026-09-13T17:00:00Z,Detroit Lions,New Orleans Saints,tipico_de,spreads,Detroit Lions,-7.5,1.93
2026-08-28T21:57,c1d3fcec25aaeb06ebd2244d33d338e0,2026-09-13T17:00:00Z,Detroit Lions,New Orleans Saints,tipico_de,spreads,New Orleans Saints,7.5,1.83
2026-08-28T21:57,c1d3fcec25aaeb06ebd2244d33d338e0,2026-09-13T17:00:00Z,Detroit Lions,New Orleans Saints,tipico_de,totals,Over,49.5,1.93
2026-08-28T21:57,c1d3fcec25aaeb06ebd2244d33d338e0,2026-09-13T17:00:00Z,Detroit Lions,New Orleans Saints,tipico_de,totals,Under,49.5,1.83
2026-08-28T21:57,c1d3fcec25aaeb06ebd2244d33d338e0,2026-09-13T17:00:00Z,Detroit Lions,New Orleans Saints,nordicbet,h2h,Detroit Lions,,1.26
2026-08-28T21:57,c1d3fcec25aaeb06ebd2244d33d338e0,2026-09-13T17:00:00Z,Detroit Lions,New Orleans Saints,nordicbet,h2h,New Orleans Saints,,3.47
2026-08-28T21:57,c1d3fcec25aaeb06ebd2244d33d338e0,2026-09-13T17:00:00Z,Detroit Lions,New Orleans Saints,nordicbet,spreads,Detroit Lions,-7.0,1.87
2026-08-28T21:57,c1d3fcec25aaeb06ebd2244d33d338e0,2026-09-13T17:00:00Z,Detroit Lions,New Orleans Saints,nordicbet,spreads,New Orleans Saints,7.0,1.83
2026-08-28T21:57,c1d3fcec25aaeb06ebd2244d33d338e0,2026-09-13T17:00:00Z,Detroit Lions,New Orleans Saints,nordicbet,totals,Over,49.0,1.85
2026-08-28T21:57,c1d3fcec25aaeb06ebd2244d33d338e0,2026-09-13T17:00:00Z,Detroit Lions,New Orleans Saints,nordicbet,totals,Under,49.0,1.85
2026-08-28T21:57,c1d3fcec25aaeb06ebd2244d33d338e0,2026-09-13T17:00:00Z,Detroit Lions,New Orleans Saints,betsson,h2h,Detroit Lions,,1.26
2026-08-28T21:57,c1d3fcec25aaeb06ebd2244d33d338e0,2026-09-13T17:00:00Z,Detroit Lions,New Orleans Saints,betsson,h2h,New Orleans Saints,,3.47
2026-08-28T21:57,c1d3fcec25aaeb06ebd2244d33d338e0,2026-09-13T17:00:00Z,Detroit Lions,New Orleans Saints,betsson,spreads,Detroit Lions,-7.0,1.87
2026-08-28T21:57,c1d3fcec25aaeb06ebd2244d33d338e0,2026-09-13T17:00:00Z,Detroit Lions,New Orleans Saints,betsson,spreads,New Orleans Saints,7.0,1.83
2026-08-28T21:57,c1d3fcec25aaeb06ebd2244d33d338e0,2026-09-13T17:00:00Z,Detroit Lions,New Orleans Saints,betsson,totals,Over,49.0,1.85
2026-08-28T21:57,c1d3fcec25aaeb06ebd2244d33d338e0,2026-09-13T17:00:00Z,Detroit Lions,New Orleans Saints,betsson,totals,Under,49.0,1.85
2026-08-28T21:57,c1d3fcec25aaeb06ebd2244d33d338e0,2026-09-13T17:00:00Z,Detroit Lions,New Orleans Saints,onexbet,spreads,Detroit Lions,-6.5,1.84
2026-08-28T21:57,c1d3fcec25aaeb06ebd2244d33d338e0,2026-09-13T17:00:00Z,Detroit Lions,New Orleans Saints,onexbet,spreads,New Orleans Saints,6.5,1.94
2026-08-28T21:57,c1d3fcec25aaeb06ebd2244d33d338e0,2026-09-13T17:00:00Z,Detroit Lions,New Orleans Saints,onexbet,totals,Over,49.5,1.89
2026-08-28T21:57,c1d3fcec25aaeb06ebd2244d33d338e0,2026-09-13T17:00:00Z,Detroit Lions,New Orleans Saints,onexbet,totals,Under,49.5,1.89
2026-08-28T21:57,c1d3fcec25aaeb06ebd2244d33d338e0,2026-09-13T17:00:00Z,Detroit Lions,New Orleans Saints,pinnacle,h2h,Detroit Lions,,1.31
2026-08-28T21:57,c1d3fcec25aaeb06ebd2244d33d338e0,2026-09-13T17:00:00Z,Detroit Lions,New Orleans Saints,pinnacle,h2h,New Orleans Saints,,3.65
2026-08-28T21:57,c1d3fcec25aaeb06ebd2244d33d338e0,2026-09-13T17:00:00Z,Detroit Lions,New Orleans Saints,pinnacle,spreads,Detroit Lions,-7.0,1.96
2026-08-28T21:57,c1d3fcec25aaeb06ebd2244d33d338e0,2026-09-13T17:00:00Z,Detroit Lions,New Orleans Saints,pinnacle,spreads,New Orleans Saints,7.0,1.93
2026-08-28T21:57,c1d3fcec25aaeb06ebd2244d33d338e0,2026-09-13T17:00:00Z,Detroit Lions,New Orleans Saints,pinnacle,totals,Over,49.5,1.94
2026-08-28T21:57,c1d3fcec25aaeb06ebd2244d33d338e0,2026-09-13T17:00:00Z,Detroit Lions,New Orleans Saints,pinnacle,totals,Under,49.5,1.91
2026-08-28T21:57,c1d3fcec25aaeb06ebd2244d33d338e0,2026-09-13T17:00:00Z,Detroit Lions,New Orleans Saints,marathonbet,h2h,Detroit Lions,,1.31
2026-08-28T21:57,c1d3fcec25aaeb06ebd2244d33d338e0,2026-09-13T17:00:00Z,Detroit Lions,New Orleans Saints,marathonbet,h2h,New Orleans Saints,,3.38
2026-08-28T21:57,c1d3fcec25aaeb06ebd2244d33d338e0,2026-09-13T17:00:00Z,Detroit Lions,New Orleans Saints,mybookieag,h2h,Detroit Lions,,1.3
2026-08-28T21:57,c1d3fcec25aaeb06ebd2244d33d338e0,2026-09-13T17:00:00Z,Detroit Lions,New Orleans Saints,mybookieag,h2h,New Orleans Saints,,3.44
2026-08-28T21:57,c1d3fcec25aaeb06ebd2244d33d338e0,2026-09-13T17:00:00Z,Detroit Lions,New Orleans Saints,mybookieag,spreads,Detroit Lions,-7.0,1.91
2026-08-28T21:57,c1d3fcec25aaeb06ebd2244d33d338e0,2026-09-13T17:00:00Z,Detroit Lions,New Orleans Saints,mybookieag,spreads,New Orleans Saints,7.0,1.91
2026-08-28T21:57,c1d3fcec25aaeb06ebd2244d33d338e0,2026-09-13T17:00:00Z,Detroit Lions,New Orleans Saints,mybookieag,totals,Over,49.0,1.91
2026-08-28T21:57,c1d3fcec25aaeb06ebd2244d33d338e0,2026-09-13T17:00:00Z,Detroit Lions,New Orleans Saints,mybookieag,totals,Under,49.0,1.91
2026-08-28T21:57,c1d3fcec25aaeb06ebd2244d33d338e0,2026-09-13T17:00:00Z,Detroit Lions,New Orleans Saints,coolbet,h2h,Detroit Lions,,1.29
2026-08-28T21:57,c1d3fcec25aaeb06ebd2244d33d338e0,2026-09-13T17:00:00Z,Detroit Lions,New Orleans Saints,coolbet,h2h,New Orleans Saints,,3.51
2026-08-28T21:57,c1d3fcec25aaeb06ebd2244d33d338e0,2026-09-13T17:00:00Z,Detroit Lions,New Orleans Saints,coolbet,spreads,Detroit Lions,-7.0,1.95
2026-08-28T21:57,c1d3fcec25aaeb06ebd2244d33d338e0,2026-09-13T17:00:00Z,Detroit Lions,New Orleans Saints,coolbet,spreads,New Orleans Saints,7.0,1.9
2026-08-28T21:57,c1d3fcec25aaeb06ebd2244d33d338e0,2026-09-13T17:00:00Z,Detroit Lions,New Orleans Saints,coolbet,totals,Over,49.0,1.92
2026-08-28T21:57,c1d3fcec25aaeb06ebd2244d33d338e0,2026-09-13T17:00:00Z,Detroit Lions,New Orleans Saints,coolbet,totals,Under,49.0,1.92
2026-08-28T21:57,c1d3fcec25aaeb06ebd2244d33d338e0,2026-09-13T17:00:00Z,Detroit Lions,New Orleans Saints,betfair_ex_eu,h2h,Detroit Lions,,1.27
2026-08-28T21:57,c1d3fcec25aaeb06ebd2244d33d338e0,2026-09-13T17:00:00Z,Detroit Lions,New Orleans Saints,betfair_ex_eu,h2h,New Orleans Saints,,3.75
2026-08-28T21:57,c1d3fcec25aaeb06ebd2244d33d338e0,2026-09-13T17:00:00Z,Detroit Lions,New Orleans Saints,betfair_ex_eu,h2h_lay,Detroit Lions,,1.37
2026-08-28T21:57,c1d3fcec25aaeb06ebd2244d33d338e0,2026-09-13T17:00:00Z,Detroit Lions,New Orleans Saints,betfair_ex_eu,h2h_lay,New Orleans Saints,,4.7
2026-08-28T21:57,c1d3fcec25aaeb06ebd2244d33d338e0,2026-09-13T17:00:00Z,Detroit Lions,New Orleans Saints,everygame,h2h,Detroit Lions,,1.3
2026-08-28T21:57,c1d3fcec25aaeb06ebd2244d33d338e0,2026-09-13T17:00:00Z,Detroit Lions,New Orleans Saints,everygame,h2h,New Orleans Saints,,3.7
2026-08-28T21:57,c1d3fcec25aaeb06ebd2244d33d338e0,2026-09-13T17:00:00Z,Detroit Lions,New Orleans Saints,everygame,spreads,Detroit Lions,-7.0,1.91
2026-08-28T21:57,c1d3fcec25aaeb06ebd2244d33d338e0,2026-09-13T17:00:00Z,Detroit Lions,New Orleans Saints,everygame,spreads,New Orleans Saints,7.0,1.91
2026-08-28T21:57,c1d3fcec25aaeb06ebd2244d33d338e0,2026-09-13T17:00:00Z,Detroit Lions,New Orleans Saints,everygame,totals,Over,49.0,1.87
2026-08-28T21:57,c1d3fcec25aaeb06ebd2244d33d338e0,2026-09-13T17:00:00Z,Detroit Lions,New Orleans Saints,everygame,totals,Under,49.0,1.95
2026-08-28T21:57,c1d3fcec25aaeb06ebd2244d33d338e0,2026-09-13T17:00:00Z,Detroit Lions,New Orleans Saints,pmu_fr,h2h,Detroit Lions,,1.28
2026-08-28T21:57,c1d3fcec25aaeb06ebd2244d33d338e0,2026-09-13T17:00:00Z,Detroit Lions,New Orleans Saints,pmu_fr,h2h,New Orleans Saints,,3.8
2026-08-28T21:57,c1d3fcec25aaeb06ebd2244d33d338e0,2026-09-13T17:00:00Z,Detroit Lions,New Orleans Saints,pmu_fr,spreads,Detroit Lions,-7.0,1.92
2026-08-28T21:57,c1d3fcec25aaeb06ebd2244d33d338e0,2026-09-13T17:00:00Z,Detroit Lions,New Orleans Saints,pmu_fr,spreads,New Orleans Saints,7.0,1.89
2026-08-28T21:57,c1d3fcec25aaeb06ebd2244d33d338e0,2026-09-13T17:00:00Z,Detroit Lions,New Orleans Saints,pmu_fr,totals,Over,49.0,1.92
2026-08-28T21:57,c1d3fcec25aaeb06ebd2244d33d338e0,2026-09-13T17:00:00Z,Detroit Lions,New Orleans Saints,pmu_fr,totals,Under,49.0,1.89
2026-08-28T21:57,7dddb296a42e7a41a774b24bd1709ce1,2026-09-13T17:00:00Z,Tennessee Titans,New York Jets,betonlineag,h2h,New York Jets,,2.3
2026-08-28T21:57,7dddb296a42e7a41a774b24bd1709ce1,2026-09-13T17:00:00Z,Tennessee Titans,New York Jets,betonlineag,h2h,Tennessee Titans,,1.67
2026-08-28T21:57,7dddb296a42e7a41a774b24bd1709ce1,2026-09-13T17:00:00Z,Tennessee Titans,New York Jets,betonlineag,spreads,New York Jets,2.5,1.95
2026-08-28T21:57,7dddb296a42e7a41a774b24bd1709ce1,2026-09-13T17:00:00Z,Tennessee Titans,New York Jets,betonlineag,spreads,Tennessee Titans,-2.5,1.87
2026-08-28T21:57,7dddb296a42e7a41a774b24bd1709ce1,2026-09-13T17:00:00Z,Tennessee Titans,New York Jets,betonlineag,totals,Over,39.5,1.91
2026-08-28T21:57,7dddb296a42e7a41a774b24bd1709ce1,2026-09-13T17:00:00Z,Tennessee Titans,New York Jets,betonlineag,totals,Under,39.5,1.91
2026-08-28T21:57,7dddb296a42e7a41a774b24bd1709ce1,2026-09-13T17:00:00Z,Tennessee Titans,New York Jets,unibet_nl,h2h,New York Jets,,2.23
2026-08-28T21:57,7dddb296a42e7a41a774b24bd1709ce1,2026-09-13T17:00:00Z,Tennessee Titans,New York Jets,unibet_nl,h2h,Tennessee Titans,,1.67
2026-08-28T21:57,7dddb296a42e7a41a774b24bd1709ce1,2026-09-13T17:00:00Z,Tennessee Titans,New York Jets,unibet_nl,spreads,New York Jets,2.5,1.93
2026-08-28T21:57,7dddb296a42e7a41a774b24bd1709ce1,2026-09-13T17:00:00Z,Tennessee Titans,New York Jets,unibet_nl,spreads,Tennessee Titans,-2.5,1.88
2026-08-28T21:57,7dddb296a42e7a41a774b24bd1709ce1,2026-09-13T17:00:00Z,Tennessee Titans,New York Jets,unibet_nl,totals,Over,39.0,1.92
2026-08-28T21:57,7dddb296a42e7a41a774b24bd1709ce1,2026-09-13T17:00:00Z,Tennessee Titans,New York Jets,unibet_nl,totals,Under,39.0,1.89
2026-08-28T21:57,7dddb296a42e7a41a774b24bd1709ce1,2026-09-13T17:00:00Z,Tennessee Titans,New York Jets,leovegas_se,h2h,New York Jets,,2.23
2026-08-28T21:57,7dddb296a42e7a41a774b24bd1709ce1,2026-09-13T17:00:00Z,Tennessee Titans,New York Jets,leovegas_se,h2h,Tennessee Titans,,1.67
2026-08-28T21:57,7dddb296a42e7a41a774b24bd1709ce1,2026-09-13T17:00:00Z,Tennessee Titans,New York Jets,leovegas_se,spreads,New York Jets,2.5,1.93
2026-08-28T21:57,7dddb296a42e7a41a774b24bd1709ce1,2026-09-13T17:00:00Z,Tennessee Titans,New York Jets,leovegas_se,spreads,Tennessee Titans,-2.5,1.88
2026-08-28T21:57,7dddb296a42e7a41a774b24bd1709ce1,2026-09-13T17:00:00Z,Tennessee Titans,New York Jets,unibet_se,h2h,New York Jets,,2.23
2026-08-28T21:57,7dddb296a42e7a41a774b24bd1709ce1,2026-09-13T17:00:00Z,Tennessee Titans,New York Jets,unibet_se,h2h,Tennessee Titans,,1.67
2026-08-28T21:57,7dddb296a42e7a41a774b24bd1709ce1,2026-09-13T17:00:00Z,Tennessee Titans,New York Jets,unibet_se,spreads,New York Jets,2.5,1.93
2026-08-28T21:57,7dddb296a42e7a41a774b24bd1709ce1,2026-09-13T17:00:00Z,Tennessee Titans,New York Jets,unibet_se,spreads,Tennessee Titans,-2.5,1.88
2026-08-28T21:57,7dddb296a42e7a41a774b24bd1709ce1,2026-09-13T17:00:00Z,Tennessee Titans,New York Jets,nordicbet,h2h,New York Jets,,2.14
2026-08-28T21:57,7dddb296a42e7a41a774b24bd1709ce1,2026-09-13T17:00:00Z,Tennessee Titans,New York Jets,nordicbet,h2h,Tennessee Titans,,1.63
2026-08-28T21:57,7dddb296a42e7a41a774b24bd1709ce1,2026-09-13T17:00:00Z,Tennessee Titans,New York Jets,nordicbet,spreads,New York Jets,2.5,1.89
2026-08-28T21:57,7dddb296a42e7a41a774b24bd1709ce1,2026-09-13T17:00:00Z,Tennessee Titans,New York Jets,nordicbet,spreads,Tennessee Titans,-2.5,1.81
2026-08-28T21:57,7dddb296a42e7a41a774b24bd1709ce1,2026-09-13T17:00:00Z,Tennessee Titans,New York Jets,nordicbet,totals,Over,39.0,1.83
2026-08-28T21:57,7dddb296a42e7a41a774b24bd1709ce1,2026-09-13T17:00:00Z,Tennessee Titans,New York Jets,nordicbet,totals,Under,39.0,1.87
2026-08-28T21:57,7dddb296a42e7a41a774b24bd1709ce1,2026-09-13T17:00:00Z,Tennessee Titans,New York Jets,betsson,h2h,New York Jets,,2.14
2026-08-28T21:57,7dddb296a42e7a41a774b24bd1709ce1,2026-09-13T17:00:00Z,Tennessee Titans,New York Jets,betsson,h2h,Tennessee Titans,,1.63
2026-08-28T21:57,7dddb296a42e7a41a774b24bd1709ce1,2026-09-13T17:00:00Z,Tennessee Titans,New York Jets,betsson,spreads,New York Jets,2.5,1.89
2026-08-28T21:57,7dddb296a42e7a41a774b24bd1709ce1,2026-09-13T17:00:00Z,Tennessee Titans,New York Jets,betsson,spreads,Tennessee Titans,-2.5,1.81
2026-08-28T21:57,7dddb296a42e7a41a774b24bd1709ce1,2026-09-13T17:00:00Z,Tennessee Titans,New York Jets,betsson,totals,Over,39.0,1.83
2026-08-28T21:57,7dddb296a42e7a41a774b24bd1709ce1,2026-09-13T17:00:00Z,Tennessee Titans,New York Jets,betsson,totals,Under,39.0,1.87
2026-08-28T21:57,7dddb296a42e7a41a774b24bd1709ce1,2026-09-13T17:00:00Z,Tennessee Titans,New York Jets,gtbets,h2h,New York Jets,,2.25
2026-08-28T21:57,7dddb296a42e7a41a774b24bd1709ce1,2026-09-13T17:00:00Z,Tennessee Titans,New York Jets,gtbets,h2h,Tennessee Titans,,1.69
2026-08-28T21:57,7dddb296a42e7a41a774b24bd1709ce1,2026-09-13T17:00:00Z,Tennessee Titans,New York Jets,gtbets,spreads,New York Jets,2.5,1.96
2026-08-28T21:57,7dddb296a42e7a41a774b24bd1709ce1,2026-09-13T17:00:00Z,Tennessee Titans,New York Jets,gtbets,spreads,Tennessee Titans,-2.5,1.88
2026-08-28T21:57,7dddb296a42e7a41a774b24bd1709ce1,2026-09-13T17:00:00Z,Tennessee Titans,New York Jets,gtbets,totals,Over,39.5,1.92
2026-08-28T21:57,7dddb296a42e7a41a774b24bd1709ce1,2026-09-13T17:00:00Z,Tennessee Titans,New York Jets,gtbets,totals,Under,39.5,1.92
2026-08-28T21:57,7dddb296a42e7a41a774b24bd1709ce1,2026-09-13T17:00:00Z,Tennessee Titans,New York Jets,betclic_fr,h2h,New York Jets,,2.15
2026-08-28T21:57,7dddb296a42e7a41a774b24bd1709ce1,2026-09-13T17:00:00Z,Tennessee Titans,New York Jets,betclic_fr,h2h,Tennessee Titans,,1.65
2026-08-28T21:57,7dddb296a42e7a41a774b24bd1709ce1,2026-09-13T17:00:00Z,Tennessee Titans,New York Jets,williamhill,h2h,New York Jets,,2.2
2026-08-28T21:57,7dddb296a42e7a41a774b24bd1709ce1,2026-09-13T17:00:00Z,Tennessee Titans,New York Jets,williamhill,h2h,Tennessee Titans,,1.67
2026-08-28T21:57,7dddb296a42e7a41a774b24bd1709ce1,2026-09-13T17:00:00Z,Tennessee Titans,New York Jets,tipico_de,h2h,New York Jets,,2.2
2026-08-28T21:57,7dddb296a42e7a41a774b24bd1709ce1,2026-09-13T17:00:00Z,Tennessee Titans,New York Jets,tipico_de,h2h,Tennessee Titans,,1.65
2026-08-28T21:57,7dddb296a42e7a41a774b24bd1709ce1,2026-09-13T17:00:00Z,Tennessee Titans,New York Jets,tipico_de,spreads,New York Jets,2.5,2.0
2026-08-28T21:57,7dddb296a42e7a41a774b24bd1709ce1,2026-09-13T17:00:00Z,Tennessee Titans,New York Jets,tipico_de,spreads,Tennessee Titans,-2.5,1.77
2026-08-28T21:57,7dddb296a42e7a41a774b24bd1709ce1,2026-09-13T17:00:00Z,Tennessee Titans,New York Jets,tipico_de,totals,Over,39.5,1.87
2026-08-28T21:57,7dddb296a42e7a41a774b24bd1709ce1,2026-09-13T17:00:00Z,Tennessee Titans,New York Jets,tipico_de,totals,Under,39.5,1.9
2026-08-28T21:57,7dddb296a42e7a41a774b24bd1709ce1,2026-09-13T17:00:00Z,Tennessee Titans,New York Jets,onexbet,spreads,New York Jets,2.5,1.95
2026-08-28T21:57,7dddb296a42e7a41a774b24bd1709ce1,2026-09-13T17:00:00Z,Tennessee Titans,New York Jets,onexbet,spreads,Tennessee Titans,-2.5,1.87
2026-08-28T21:57,7dddb296a42e7a41a774b24bd1709ce1,2026-09-13T17:00:00Z,Tennessee Titans,New York Jets,onexbet,totals,Over,39.5,1.91
2026-08-28T21:57,7dddb296a42e7a41a774b24bd1709ce1,2026-09-13T17:00:00Z,Tennessee Titans,New York Jets,onexbet,totals,Under,39.5,1.91
2026-08-28T21:57,7dddb296a42e7a41a774b24bd1709ce1,2026-09-13T17:00:00Z,Tennessee Titans,New York Jets,pinnacle,h2h,New York Jets,,2.28
2026-08-28T21:57,7dddb296a42e7a41a774b24bd1709ce1,2026-09-13T17:00:00Z,Tennessee Titans,New York Jets,pinnacle,h2h,Tennessee Titans,,1.69
2026-08-28T21:57,7dddb296a42e7a41a774b24bd1709ce1,2026-09-13T17:00:00Z,Tennessee Titans,New York Jets,pinnacle,spreads,New York Jets,2.5,1.98
2026-08-28T21:57,7dddb296a42e7a41a774b24bd1709ce1,2026-09-13T17:00:00Z,Tennessee Titans,New York Jets,pinnacle,spreads,Tennessee Titans,-2.5,1.91
2026-08-28T21:57,7dddb296a42e7a41a774b24bd1709ce1,2026-09-13T17:00:00Z,Tennessee Titans,New York Jets,pinnacle,totals,Over,39.0,1.91
2026-08-28T21:57,7dddb296a42e7a41a774b24bd1709ce1,2026-09-13T17:00:00Z,Tennessee Titans,New York Jets,pinnacle,totals,Under,39.0,1.94
2026-08-28T21:57,7dddb296a42e7a41a774b24bd1709ce1,2026-09-13T17:00:00Z,Tennessee Titans,New York Jets,marathonbet,h2h,New York Jets,,2.13
2026-08-28T21:57,7dddb296a42e7a41a774b24bd1709ce1,2026-09-13T17:00:00Z,Tennessee Titans,New York Jets,marathonbet,h2h,Tennessee Titans,,1.7
2026-08-28T21:57,7dddb296a42e7a41a774b24bd1709ce1,2026-09-13T17:00:00Z,Tennessee Titans,New York Jets,mybookieag,h2h,New York Jets,,2.19
2026-08-28T21:57,7dddb296a42e7a41a774b24bd1709ce1,2026-09-13T17:00:00Z,Tennessee Titans,New York Jets,mybookieag,h2h,Tennessee Titans,,1.66
2026-08-28T21:57,7dddb296a42e7a41a774b24bd1709ce1,2026-09-13T17:00:00Z,Tennessee Titans,New York Jets,mybookieag,spreads,New York Jets,2.5,1.91
2026-08-28T21:57,7dddb296a42e7a41a774b24bd1709ce1,2026-09-13T17:00:00Z,Tennessee Titans,New York Jets,mybookieag,spreads,Tennessee Titans,-2.5,1.91
2026-08-28T21:57,7dddb296a42e7a41a774b24bd1709ce1,2026-09-13T17:00:00Z,Tennessee Titans,New York Jets,mybookieag,totals,Over,39.5,1.91
2026-08-28T21:57,7dddb296a42e7a41a774b24bd1709ce1,2026-09-13T17:00:00Z,Tennessee Titans,New York Jets,mybookieag,totals,Under,39.5,1.91
2026-08-28T21:57,7dddb296a42e7a41a774b24bd1709ce1,2026-09-13T17:00:00Z,Tennessee Titans,New York Jets,coolbet,h2h,New York Jets,,2.19
2026-08-28T21:57,7dddb296a42e7a41a774b24bd1709ce1,2026-09-13T17:00:00Z,Tennessee Titans,New York Jets,coolbet,h2h,Tennessee Titans,,1.66
2026-08-28T21:57,7dddb296a42e7a41a774b24bd1709ce1,2026-09-13T17:00:00Z,Tennessee Titans,New York Jets,coolbet,spreads,New York Jets,2.5,1.96
2026-08-28T21:57,7dddb296a42e7a41a774b24bd1709ce1,2026-09-13T17:00:00Z,Tennessee Titans,New York Jets,coolbet,spreads,Tennessee Titans,-2.5,1.89
2026-08-28T21:57,7dddb296a42e7a41a774b24bd1709ce1,2026-09-13T17:00:00Z,Tennessee Titans,New York Jets,coolbet,totals,Over,39.5,1.95
2026-08-28T21:57,7dddb296a42e7a41a774b24bd1709ce1,2026-09-13T17:00:00Z,Tennessee Titans,New York Jets,coolbet,totals,Under,39.5,1.9
2026-08-28T21:57,7dddb296a42e7a41a774b24bd1709ce1,2026-09-13T17:00:00Z,Tennessee Titans,New York Jets,betfair_ex_eu,h2h,New York Jets,,2.04
2026-08-28T21:57,7dddb296a42e7a41a774b24bd1709ce1,2026-09-13T17:00:00Z,Tennessee Titans,New York Jets,betfair_ex_eu,h2h,Tennessee Titans,,1.62
2026-08-28T21:57,7dddb296a42e7a41a774b24bd1709ce1,2026-09-13T17:00:00Z,Tennessee Titans,New York Jets,betfair_ex_eu,h2h_lay,New York Jets,,2.62
2026-08-28T21:57,7dddb296a42e7a41a774b24bd1709ce1,2026-09-13T17:00:00Z,Tennessee Titans,New York Jets,betfair_ex_eu,h2h_lay,Tennessee Titans,,1.95
2026-08-28T21:57,7dddb296a42e7a41a774b24bd1709ce1,2026-09-13T17:00:00Z,Tennessee Titans,New York Jets,everygame,h2h,New York Jets,,2.3
2026-08-28T21:57,7dddb296a42e7a41a774b24bd1709ce1,2026-09-13T17:00:00Z,Tennessee Titans,New York Jets,everygame,h2h,Tennessee Titans,,1.67
2026-08-28T21:57,7dddb296a42e7a41a774b24bd1709ce1,2026-09-13T17:00:00Z,Tennessee Titans,New York Jets,everygame,spreads,New York Jets,2.5,1.95
2026-08-28T21:57,7dddb296a42e7a41a774b24bd1709ce1,2026-09-13T17:00:00Z,Tennessee Titans,New York Jets,everygame,spreads,Tennessee Titans,-2.5,1.87
2026-08-28T21:57,7dddb296a42e7a41a774b24bd1709ce1,2026-09-13T17:00:00Z,Tennessee Titans,New York Jets,everygame,totals,Over,39.5,1.91
2026-08-28T21:57,7dddb296a42e7a41a774b24bd1709ce1,2026-09-13T17:00:00Z,Tennessee Titans,New York Jets,everygame,totals,Under,39.5,1.91
2026-08-28T21:57,7dddb296a42e7a41a774b24bd1709ce1,2026-09-13T17:00:00Z,Tennessee Titans,New York Jets,pmu_fr,h2h,New York Jets,,2.23
2026-08-28T21:57,7dddb296a42e7a41a774b24bd1709ce1,2026-09-13T17:00:00Z,Tennessee Titans,New York Jets,pmu_fr,h2h,Tennessee Titans,,1.67
2026-08-28T21:57,7dddb296a42e7a41a774b24bd1709ce1,2026-09-13T17:00:00Z,Tennessee Titans,New York Jets,pmu_fr,spreads,New York Jets,2.5,1.93
2026-08-28T21:57,7dddb296a42e7a41a774b24bd1709ce1,2026-09-13T17:00:00Z,Tennessee Titans,New York Jets,pmu_fr,spreads,Tennessee Titans,-2.5,1.88
2026-08-28T21:57,7dddb296a42e7a41a774b24bd1709ce1,2026-09-13T17:00:00Z,Tennessee Titans,New York Jets,pmu_fr,totals,Over,39.0,1.92
2026-08-28T21:57,7dddb296a42e7a41a774b24bd1709ce1,2026-09-13T17:00:00Z,Tennessee Titans,New York Jets,pmu_fr,totals,Under,39.0,1.89
2026-08-28T21:57,1edfa5ceaa1ad2cb57df1c1b908731f6,2026-09-13T20:25:00Z,Los Angeles Chargers,Arizona Cardinals,leovegas_se,h2h,Arizona Cardinals,,5.3
2026-08-28T21:57,1edfa5ceaa1ad2cb57df1c1b908731f6,2026-09-13T20:25:00Z,Los Angeles Chargers,Arizona Cardinals,leovegas_se,h2h,Los Angeles Chargers,,1.16
2026-08-28T21:57,1edfa5ceaa1ad2cb57df1c1b908731f6,2026-09-13T20:25:00Z,Los Angeles Chargers,Arizona Cardinals,leovegas_se,spreads,Arizona Cardinals,10.5,1.88
2026-08-28T21:57,1edfa5ceaa1ad2cb57df1c1b908731f6,2026-09-13T20:25:00Z,Los Angeles Chargers,Arizona Cardinals,leovegas_se,spreads,Los Angeles Chargers,-10.5,1.93
2026-08-28T21:57,1edfa5ceaa1ad2cb57df1c1b908731f6,2026-09-13T20:25:00Z,Los Angeles Chargers,Arizona Cardinals,betonlineag,h2h,Arizona Cardinals,,5.0
2026-08-28T21:57,1edfa5ceaa1ad2cb57df1c1b908731f6,2026-09-13T20:25:00Z,Los Angeles Chargers,Arizona Cardinals,betonlineag,h2h,Los Angeles Chargers,,1.19
2026-08-28T21:57,1edfa5ceaa1ad2cb57df1c1b908731f6,2026-09-13T20:25:00Z,Los Angeles Chargers,Arizona Cardinals,betonlineag,spreads,Arizona Cardinals,10.0,1.87
2026-08-28T21:57,1edfa5ceaa1ad2cb57df1c1b908731f6,2026-09-13T20:25:00Z,Los Angeles Chargers,Arizona Cardinals,betonlineag,spreads,Los Angeles Chargers,-10.0,1.95
2026-08-28T21:57,1edfa5ceaa1ad2cb57df1c1b908731f6,2026-09-13T20:25:00Z,Los Angeles Chargers,Arizona Cardinals,betonlineag,totals,Over,46.0,1.87
2026-08-28T21:57,1edfa5ceaa1ad2cb57df1c1b908731f6,2026-09-13T20:25:00Z,Los Angeles Chargers,Arizona Cardinals,betonlineag,totals,Under,46.0,1.95
2026-08-28T21:57,1edfa5ceaa1ad2cb57df1c1b908731f6,2026-09-13T20:25:00Z,Los Angeles Chargers,Arizona Cardinals,unibet_nl,h2h,Arizona Cardinals,,5.3
2026-08-28T21:57,1edfa5ceaa1ad2cb57df1c1b908731f6,2026-09-13T20:25:00Z,Los Angeles Chargers,Arizona Cardinals,unibet_nl,h2h,Los Angeles Chargers,,1.16
2026-08-28T21:57,1edfa5ceaa1ad2cb57df1c1b908731f6,2026-09-13T20:25:00Z,Los Angeles Chargers,Arizona Cardinals,unibet_nl,spreads,Arizona Cardinals,10.5,1.88
2026-08-28T21:57,1edfa5ceaa1ad2cb57df1c1b908731f6,2026-09-13T20:25:00Z,Los Angeles Chargers,Arizona Cardinals,unibet_nl,spreads,Los Angeles Chargers,-10.5,1.93
2026-08-28T21:57,1edfa5ceaa1ad2cb57df1c1b908731f6,2026-09-13T20:25:00Z,Los Angeles Chargers,Arizona Cardinals,unibet_nl,totals,Over,46.5,1.92
2026-08-28T21:57,1edfa5ceaa1ad2cb57df1c1b908731f6,2026-09-13T20:25:00Z,Los Angeles Chargers,Arizona Cardinals,unibet_nl,totals,Under,46.5,1.89
2026-08-28T21:57,1edfa5ceaa1ad2cb57df1c1b908731f6,2026-09-13T20:25:00Z,Los Angeles Chargers,Arizona Cardinals,unibet_se,h2h,Arizona Cardinals,,5.3
2026-08-28T21:57,1edfa5ceaa1ad2cb57df1c1b908731f6,2026-09-13T20:25:00Z,Los Angeles Chargers,Arizona Cardinals,unibet_se,h2h,Los Angeles Chargers,,1.16
2026-08-28T21:57,1edfa5ceaa1ad2cb57df1c1b908731f6,2026-09-13T20:25:00Z,Los Angeles Chargers,Arizona Cardinals,unibet_se,spreads,Arizona Cardinals,10.5,1.88
2026-08-28T21:57,1edfa5ceaa1ad2cb57df1c1b908731f6,2026-09-13T20:25:00Z,Los Angeles Chargers,Arizona Cardinals,unibet_se,spreads,Los Angeles Chargers,-10.5,1.93
2026-08-28T21:57,1edfa5ceaa1ad2cb57df1c1b908731f6,2026-09-13T20:25:00Z,Los Angeles Chargers,Arizona Cardinals,nordicbet,h2h,Arizona Cardinals,,4.73
2026-08-28T21:57,1edfa5ceaa1ad2cb57df1c1b908731f6,2026-09-13T20:25:00Z,Los Angeles Chargers,Arizona Cardinals,nordicbet,h2h,Los Angeles Chargers,,1.15
2026-08-28T21:57,1edfa5ceaa1ad2cb57df1c1b908731f6,2026-09-13T20:25:00Z,Los Angeles Chargers,Arizona Cardinals,nordicbet,spreads,Arizona Cardinals,10.0,1.87
2026-08-28T21:57,1edfa5ceaa1ad2cb57df1c1b908731f6,2026-09-13T20:25:00Z,Los Angeles Chargers,Arizona Cardinals,nordicbet,spreads,Los Angeles Chargers,-10.0,1.83
2026-08-28T21:57,1edfa5ceaa1ad2cb57df1c1b908731f6,2026-09-13T20:25:00Z,Los Angeles Chargers,Arizona Cardinals,nordicbet,totals,Over,46.5,1.85
2026-08-28T21:57,1edfa5ceaa1ad2cb57df1c1b908731f6,2026-09-13T20:25:00Z,Los Angeles Chargers,Arizona Cardinals,nordicbet,totals,Under,46.5,1.85
2026-08-28T21:57,1edfa5ceaa1ad2cb57df1c1b908731f6,2026-09-13T20:25:00Z,Los Angeles Chargers,Arizona Cardinals,betsson,h2h,Arizona Cardinals,,4.73
2026-08-28T21:57,1edfa5ceaa1ad2cb57df1c1b908731f6,2026-09-13T20:25:00Z,Los Angeles Chargers,Arizona Cardinals,betsson,h2h,Los Angeles Chargers,,1.15
2026-08-28T21:57,1edfa5ceaa1ad2cb57df1c1b908731f6,2026-09-13T20:25:00Z,Los Angeles Chargers,Arizona Cardinals,betsson,spreads,Arizona Cardinals,10.0,1.87
2026-08-28T21:57,1edfa5ceaa1ad2cb57df1c1b908731f6,2026-09-13T20:25:00Z,Los Angeles Chargers,Arizona Cardinals,betsson,spreads,Los Angeles Chargers,-10.0,1.83
2026-08-28T21:57,1edfa5ceaa1ad2cb57df1c1b908731f6,2026-09-13T20:25:00Z,Los Angeles Chargers,Arizona Cardinals,betsson,totals,Over,46.5,1.85
2026-08-28T21:57,1edfa5ceaa1ad2cb57df1c1b908731f6,2026-09-13T20:25:00Z,Los Angeles Chargers,Arizona Cardinals,betsson,totals,Under,46.5,1.85
2026-08-28T21:57,1edfa5ceaa1ad2cb57df1c1b908731f6,2026-09-13T20:25:00Z,Los Angeles Chargers,Arizona Cardinals,gtbets,h2h,Arizona Cardinals,,5.0
2026-08-28T21:57,1edfa5ceaa1ad2cb57df1c1b908731f6,2026-09-13T20:25:00Z,Los Angeles Chargers,Arizona Cardinals,gtbets,h2h,Los Angeles Chargers,,1.18
2026-08-28T21:57,1edfa5ceaa1ad2cb57df1c1b908731f6,2026-09-13T20:25:00Z,Los Angeles Chargers,Arizona Cardinals,gtbets,spreads,Arizona Cardinals,10.0,1.88
2026-08-28T21:57,1edfa5ceaa1ad2cb57df1c1b908731f6,2026-09-13T20:25:00Z,Los Angeles Chargers,Arizona Cardinals,gtbets,spreads,Los Angeles Chargers,-10.0,1.96
2026-08-28T21:57,1edfa5ceaa1ad2cb57df1c1b908731f6,2026-09-13T20:25:00Z,Los Angeles Chargers,Arizona Cardinals,gtbets,totals,Over,46.5,1.92
2026-08-28T21:57,1edfa5ceaa1ad2cb57df1c1b908731f6,2026-09-13T20:25:00Z,Los Angeles Chargers,Arizona Cardinals,gtbets,totals,Under,46.5,1.92
2026-08-28T21:57,1edfa5ceaa1ad2cb57df1c1b908731f6,2026-09-13T20:25:00Z,Los Angeles Chargers,Arizona Cardinals,williamhill,h2h,Arizona Cardinals,,4.8
2026-08-28T21:57,1edfa5ceaa1ad2cb57df1c1b908731f6,2026-09-13T20:25:00Z,Los Angeles Chargers,Arizona Cardinals,williamhill,h2h,Los Angeles Chargers,,1.18
2026-08-28T21:57,1edfa5ceaa1ad2cb57df1c1b908731f6,2026-09-13T20:25:00Z,Los Angeles Chargers,Arizona Cardinals,tipico_de,h2h,Arizona Cardinals,,5.0
2026-08-28T21:57,1edfa5ceaa1ad2cb57df1c1b908731f6,2026-09-13T20:25:00Z,Los Angeles Chargers,Arizona Cardinals,tipico_de,h2h,Los Angeles Chargers,,1.16
2026-08-28T21:57,1edfa5ceaa1ad2cb57df1c1b908731f6,2026-09-13T20:25:00Z,Los Angeles Chargers,Arizona Cardinals,tipico_de,spreads,Arizona Cardinals,10.5,1.83
2026-08-28T21:57,1edfa5ceaa1ad2cb57df1c1b908731f6,2026-09-13T20:25:00Z,Los Angeles Chargers,Arizona Cardinals,tipico_de,spreads,Los Angeles Chargers,-10.5,1.93
2026-08-28T21:57,1edfa5ceaa1ad2cb57df1c1b908731f6,2026-09-13T20:25:00Z,Los Angeles Chargers,Arizona Cardinals,tipico_de,totals,Over,46.5,1.87
2026-08-28T21:57,1edfa5ceaa1ad2cb57df1c1b908731f6,2026-09-13T20:25:00Z,Los Angeles Chargers,Arizona Cardinals,tipico_de,totals,Under,46.5,1.9
2026-08-28T21:57,1edfa5ceaa1ad2cb57df1c1b908731f6,2026-09-13T20:25:00Z,Los Angeles Chargers,Arizona Cardinals,onexbet,spreads,Arizona Cardinals,10.5,1.87
2026-08-28T21:57,1edfa5ceaa1ad2cb57df1c1b908731f6,2026-09-13T20:25:00Z,Los Angeles Chargers,Arizona Cardinals,onexbet,spreads,Los Angeles Chargers,-10.5,1.95
2026-08-28T21:57,1edfa5ceaa1ad2cb57df1c1b908731f6,2026-09-13T20:25:00Z,Los Angeles Chargers,Arizona Cardinals,onexbet,totals,Over,46.5,1.91
2026-08-28T21:57,1edfa5ceaa1ad2cb57df1c1b908731f6,2026-09-13T20:25:00Z,Los Angeles Chargers,Arizona Cardinals,onexbet,totals,Under,46.5,1.91
2026-08-28T21:57,1edfa5ceaa1ad2cb57df1c1b908731f6,2026-09-13T20:25:00Z,Los Angeles Chargers,Arizona Cardinals,betclic_fr,h2h,Arizona Cardinals,,4.7
2026-08-28T21:57,1edfa5ceaa1ad2cb57df1c1b908731f6,2026-09-13T20:25:00Z,Los Angeles Chargers,Arizona Cardinals,betclic_fr,h2h,Los Angeles Chargers,,1.17
2026-08-28T21:57,1edfa5ceaa1ad2cb57df1c1b908731f6,2026-09-13T20:25:00Z,Los Angeles Chargers,Arizona Cardinals,pinnacle,h2h,Arizona Cardinals,,4.94
2026-08-28T21:57,1edfa5ceaa1ad2cb57df1c1b908731f6,2026-09-13T20:25:00Z,Los Angeles Chargers,Arizona Cardinals,pinnacle,h2h,Los Angeles Chargers,,1.2
2026-08-28T21:57,1edfa5ceaa1ad2cb57df1c1b908731f6,2026-09-13T20:25:00Z,Los Angeles Chargers,Arizona Cardinals,pinnacle,spreads,Arizona Cardinals,10.5,1.85
2026-08-28T21:57,1edfa5ceaa1ad2cb57df1c1b908731f6,2026-09-13T20:25:00Z,Los Angeles Chargers,Arizona Cardinals,pinnacle,spreads,Los Angeles Chargers,-10.5,2.05
2026-08-28T21:57,1edfa5ceaa1ad2cb57df1c1b908731f6,2026-09-13T20:25:00Z,Los Angeles Chargers,Arizona Cardinals,pinnacle,totals,Over,46.0,1.85
2026-08-28T21:57,1edfa5ceaa1ad2cb57df1c1b908731f6,2026-09-13T20:25:00Z,Los Angeles Chargers,Arizona Cardinals,pinnacle,totals,Under,46.0,2.0
2026-08-28T21:57,1edfa5ceaa1ad2cb57df1c1b908731f6,2026-09-13T20:25:00Z,Los Angeles Chargers,Arizona Cardinals,marathonbet,h2h,Arizona Cardinals,,5.1
2026-08-28T21:57,1edfa5ceaa1ad2cb57df1c1b908731f6,2026-09-13T20:25:00Z,Los Angeles Chargers,Arizona Cardinals,marathonbet,h2h,Los Angeles Chargers,,1.16
2026-08-28T21:57,1edfa5ceaa1ad2cb57df1c1b908731f6,2026-09-13T20:25:00Z,Los Angeles Chargers,Arizona Cardinals,mybookieag,h2h,Arizona Cardinals,,4.8
2026-08-28T21:57,1edfa5ceaa1ad2cb57df1c1b908731f6,2026-09-13T20:25:00Z,Los Angeles Chargers,Arizona Cardinals,mybookieag,h2h,Los Angeles Chargers,,1.17
2026-08-28T21:57,1edfa5ceaa1ad2cb57df1c1b908731f6,2026-09-13T20:25:00Z,Los Angeles Chargers,Arizona Cardinals,mybookieag,spreads,Arizona Cardinals,10.0,1.91
2026-08-28T21:57,1edfa5ceaa1ad2cb57df1c1b908731f6,2026-09-13T20:25:00Z,Los Angeles Chargers,Arizona Cardinals,mybookieag,spreads,Los Angeles Chargers,-10.0,1.91
2026-08-28T21:57,1edfa5ceaa1ad2cb57df1c1b908731f6,2026-09-13T20:25:00Z,Los Angeles Chargers,Arizona Cardinals,mybookieag,totals,Over,46.5,1.91
2026-08-28T21:57,1edfa5ceaa1ad2cb57df1c1b908731f6,2026-09-13T20:25:00Z,Los Angeles Chargers,Arizona Cardinals,mybookieag,totals,Under,46.5,1.91
2026-08-28T21:57,1edfa5ceaa1ad2cb57df1c1b908731f6,2026-09-13T20:25:00Z,Los Angeles Chargers,Arizona Cardinals,coolbet,h2h,Arizona Cardinals,,4.9
2026-08-28T21:57,1edfa5ceaa1ad2cb57df1c1b908731f6,2026-09-13T20:25:00Z,Los Angeles Chargers,Arizona Cardinals,coolbet,h2h,Los Angeles Chargers,,1.17
2026-08-28T21:57,1edfa5ceaa1ad2cb57df1c1b908731f6,2026-09-13T20:25:00Z,Los Angeles Chargers,Arizona Cardinals,coolbet,spreads,Arizona Cardinals,10.0,1.93
2026-08-28T21:57,1edfa5ceaa1ad2cb57df1c1b908731f6,2026-09-13T20:25:00Z,Los Angeles Chargers,Arizona Cardinals,coolbet,spreads,Los Angeles Chargers,-10.0,1.91
2026-08-28T21:57,1edfa5ceaa1ad2cb57df1c1b908731f6,2026-09-13T20:25:00Z,Los Angeles Chargers,Arizona Cardinals,coolbet,totals,Over,46.5,1.91
2026-08-28T21:57,1edfa5ceaa1ad2cb57df1c1b908731f6,2026-09-13T20:25:00Z,Los Angeles Chargers,Arizona Cardinals,coolbet,totals,Under,46.5,1.93
2026-08-28T21:57,1edfa5ceaa1ad2cb57df1c1b908731f6,2026-09-13T20:25:00Z,Los Angeles Chargers,Arizona Cardinals,betfair_ex_eu,h2h,Arizona Cardinals,,5.3
2026-08-28T21:57,1edfa5ceaa1ad2cb57df1c1b908731f6,2026-09-13T20:25:00Z,Los Angeles Chargers,Arizona Cardinals,betfair_ex_eu,h2h,Los Angeles Chargers,,1.2
2026-08-28T21:57,1edfa5ceaa1ad2cb57df1c1b908731f6,2026-09-13T20:25:00Z,Los Angeles Chargers,Arizona Cardinals,betfair_ex_eu,h2h_lay,Arizona Cardinals,,6.0
2026-08-28T21:57,1edfa5ceaa1ad2cb57df1c1b908731f6,2026-09-13T20:25:00Z,Los Angeles Chargers,Arizona Cardinals,betfair_ex_eu,h2h_lay,Los Angeles Chargers,,1.23
2026-08-28T21:57,1edfa5ceaa1ad2cb57df1c1b908731f6,2026-09-13T20:25:00Z,Los Angeles Chargers,Arizona Cardinals,everygame,h2h,Arizona Cardinals,,5.05
2026-08-28T21:57,1edfa5ceaa1ad2cb57df1c1b908731f6,2026-09-13T20:25:00Z,Los Angeles Chargers,Arizona Cardinals,everygame,h2h,Los Angeles Chargers,,1.19
2026-08-28T21:57,1edfa5ceaa1ad2cb57df1c1b908731f6,2026-09-13T20:25:00Z,Los Angeles Chargers,Arizona Cardinals,everygame,spreads,Arizona Cardinals,10.0,1.87
2026-08-28T21:57,1edfa5ceaa1ad2cb57df1c1b908731f6,2026-09-13T20:25:00Z,Los Angeles Chargers,Arizona Cardinals,everygame,spreads,Los Angeles Chargers,-10.0,1.95
2026-08-28T21:57,1edfa5ceaa1ad2cb57df1c1b908731f6,2026-09-13T20:25:00Z,Los Angeles Chargers,Arizona Cardinals,everygame,totals,Over,46.5,1.91
2026-08-28T21:57,1edfa5ceaa1ad2cb57df1c1b908731f6,2026-09-13T20:25:00Z,Los Angeles Chargers,Arizona Cardinals,everygame,totals,Under,46.5,1.91
2026-08-28T21:57,1edfa5ceaa1ad2cb57df1c1b908731f6,2026-09-13T20:25:00Z,Los Angeles Chargers,Arizona Cardinals,pmu_fr,h2h,Arizona Cardinals,,5.3
2026-08-28T21:57,1edfa5ceaa1ad2cb57df1c1b908731f6,2026-09-13T20:25:00Z,Los Angeles Chargers,Arizona Cardinals,pmu_fr,h2h,Los Angeles Chargers,,1.16
2026-08-28T21:57,1edfa5ceaa1ad2cb57df1c1b908731f6,2026-09-13T20:25:00Z,Los Angeles Chargers,Arizona Cardinals,pmu_fr,spreads,Arizona Cardinals,10.5,1.88
2026-08-28T21:57,1edfa5ceaa1ad2cb57df1c1b908731f6,2026-09-13T20:25:00Z,Los Angeles Chargers,Arizona Cardinals,pmu_fr,spreads,Los Angeles Chargers,-10.5,1.93
2026-08-28T21:57,1edfa5ceaa1ad2cb57df1c1b908731f6,2026-09-13T20:25:00Z,Los Angeles Chargers,Arizona Cardinals,pmu_fr,totals,Over,46.5,1.92
2026-08-28T21:57,1edfa5ceaa1ad2cb57df1c1b908731f6,2026-09-13T20:25:00Z,Los Angeles Chargers,Arizona Cardinals,pmu_fr,totals,Under,46.5,1.89
2026-08-28T21:57,cb77efed7e711d25a72c1a2a0a1af119,2026-09-13T20:25:00Z,Minnesota Vikings,Green Bay Packers,leovegas_se,h2h,Green Bay Packers,,1.93
2026-08-28T21:57,cb77efed7e711d25a72c1a2a0a1af119,2026-09-13T20:25:00Z,Minnesota Vikings,Green Bay Packers,leovegas_se,h2h,Minnesota Vikings,,1.88
2026-08-28T21:57,cb77efed7e711d25a72c1a2a0a1af119,2026-09-13T20:25:00Z,Minnesota Vikings,Green Bay Packers,leovegas_se,spreads,Green Bay Packers,1.0,1.87
2026-08-28T21:57,cb77efed7e711d25a72c1a2a0a1af119,2026-09-13T20:25:00Z,Minnesota Vikings,Green Bay Packers,leovegas_se,spreads,Minnesota Vikings,-1.0,1.95
2026-08-28T21:57,cb77efed7e711d25a72c1a2a0a1af119,2026-09-13T20:25:00Z,Minnesota Vikings,Green Bay Packers,betonlineag,h2h,Green Bay Packers,,2.0
2026-08-28T21:57,cb77efed7e711d25a72c1a2a0a1af119,2026-09-13T20:25:00Z,Minnesota Vikings,Green Bay Packers,betonlineag,h2h,Minnesota Vikings,,1.83
2026-08-28T21:57,cb77efed7e711d25a72c1a2a0a1af119,2026-09-13T20:25:00Z,Minnesota Vikings,Green Bay Packers,betonlineag,spreads,Green Bay Packers,1.5,1.87
2026-08-28T21:57,cb77efed7e711d25a72c1a2a0a1af119,2026-09-13T20:25:00Z,Minnesota Vikings,Green Bay Packers,betonlineag,spreads,Minnesota Vikings,-1.5,1.95
2026-08-28T21:57,cb77efed7e711d25a72c1a2a0a1af119,2026-09-13T20:25:00Z,Minnesota Vikings,Green Bay Packers,betonlineag,totals,Over,45.0,1.91
2026-08-28T21:57,cb77efed7e711d25a72c1a2a0a1af119,2026-09-13T20:25:00Z,Minnesota Vikings,Green Bay Packers,betonlineag,totals,Under,45.0,1.91
2026-08-28T21:57,cb77efed7e711d25a72c1a2a0a1af119,2026-09-13T20:25:00Z,Minnesota Vikings,Green Bay Packers,unibet_nl,h2h,Green Bay Packers,,1.93
2026-08-28T21:57,cb77efed7e711d25a72c1a2a0a1af119,2026-09-13T20:25:00Z,Minnesota Vikings,Green Bay Packers,unibet_nl,h2h,Minnesota Vikings,,1.88
2026-08-28T21:57,cb77efed7e711d25a72c1a2a0a1af119,2026-09-13T20:25:00Z,Minnesota Vikings,Green Bay Packers,unibet_nl,spreads,Green Bay Packers,1.0,1.87
2026-08-28T21:57,cb77efed7e711d25a72c1a2a0a1af119,2026-09-13T20:25:00Z,Minnesota Vikings,Green Bay Packers,unibet_nl,spreads,Minnesota Vikings,-1.0,1.95
2026-08-28T21:57,cb77efed7e711d25a72c1a2a0a1af119,2026-09-13T20:25:00Z,Minnesota Vikings,Green Bay Packers,unibet_nl,totals,Over,45.0,1.88
2026-08-28T21:57,cb77efed7e711d25a72c1a2a0a1af119,2026-09-13T20:25:00Z,Minnesota Vikings,Green Bay Packers,unibet_nl,totals,Under,45.0,1.93
2026-08-28T21:57,cb77efed7e711d25a72c1a2a0a1af119,2026-09-13T20:25:00Z,Minnesota Vikings,Green Bay Packers,unibet_se,h2h,Green Bay Packers,,1.93
2026-08-28T21:57,cb77efed7e711d25a72c1a2a0a1af119,2026-09-13T20:25:00Z,Minnesota Vikings,Green Bay Packers,unibet_se,h2h,Minnesota Vikings,,1.88
2026-08-28T21:57,cb77efed7e711d25a72c1a2a0a1af119,2026-09-13T20:25:00Z,Minnesota Vikings,Green Bay Packers,unibet_se,spreads,Green Bay Packers,1.0,1.87
2026-08-28T21:57,cb77efed7e711d25a72c1a2a0a1af119,2026-09-13T20:25:00Z,Minnesota Vikings,Green Bay Packers,unibet_se,spreads,Minnesota Vikings,-1.0,1.95
2026-08-28T21:57,cb77efed7e711d25a72c1a2a0a1af119,2026-09-13T20:25:00Z,Minnesota Vikings,Green Bay Packers,gtbets,h2h,Green Bay Packers,,2.0
2026-08-28T21:57,cb77efed7e711d25a72c1a2a0a1af119,2026-09-13T20:25:00Z,Minnesota Vikings,Green Bay Packers,gtbets,h2h,Minnesota Vikings,,1.83
2026-08-28T21:57,cb77efed7e711d25a72c1a2a0a1af119,2026-09-13T20:25:00Z,Minnesota Vikings,Green Bay Packers,gtbets,spreads,Green Bay Packers,1.5,1.88
2026-08-28T21:57,cb77efed7e711d25a72c1a2a0a1af119,2026-09-13T20:25:00Z,Minnesota Vikings,Green Bay Packers,gtbets,spreads,Minnesota Vikings,-1.5,1.96
2026-08-28T21:57,cb77efed7e711d25a72c1a2a0a1af119,2026-09-13T20:25:00Z,Minnesota Vikings,Green Bay Packers,gtbets,totals,Over,45.0,1.92
2026-08-28T21:57,cb77efed7e711d25a72c1a2a0a1af119,2026-09-13T20:25:00Z,Minnesota Vikings,Green Bay Packers,gtbets,totals,Under,45.0,1.92
2026-08-28T21:57,cb77efed7e711d25a72c1a2a0a1af119,2026-09-13T20:25:00Z,Minnesota Vikings,Green Bay Packers,williamhill,h2h,Green Bay Packers,,2.0
2026-08-28T21:57,cb77efed7e711d25a72c1a2a0a1af119,2026-09-13T20:25:00Z,Minnesota Vikings,Green Bay Packers,williamhill,h2h,Minnesota Vikings,,1.8
2026-08-28T21:57,cb77efed7e711d25a72c1a2a0a1af119,2026-09-13T20:25:00Z,Minnesota Vikings,Green Bay Packers,tipico_de,h2h,Green Bay Packers,,1.97
2026-08-28T21:57,cb77efed7e711d25a72c1a2a0a1af119,2026-09-13T20:25:00Z,Minnesota Vikings,Green Bay Packers,tipico_de,h2h,Minnesota Vikings,,1.8
2026-08-28T21:57,cb77efed7e711d25a72c1a2a0a1af119,2026-09-13T20:25:00Z,Minnesota Vikings,Green Bay Packers,tipico_de,spreads,Green Bay Packers,1.5,1.87
2026-08-28T21:57,cb77efed7e711d25a72c1a2a0a1af119,2026-09-13T20:25:00Z,Minnesota Vikings,Green Bay Packers,tipico_de,spreads,Minnesota Vikings,-1.5,1.9
2026-08-28T21:57,cb77efed7e711d25a72c1a2a0a1af119,2026-09-13T20:25:00Z,Minnesota Vikings,Green Bay Packers,tipico_de,totals,Over,45.5,1.9
2026-08-28T21:57,cb77efed7e711d25a72c1a2a0a1af119,2026-09-13T20:25:00Z,Minnesota Vikings,Green Bay Packers,tipico_de,totals,Under,45.5,1.87
2026-08-28T21:57,cb77efed7e711d25a72c1a2a0a1af119,2026-09-13T20:25:00Z,Minnesota Vikings,Green Bay Packers,nordicbet,h2h,Green Bay Packers,,1.93
2026-08-28T21:57,cb77efed7e711d25a72c1a2a0a1af119,2026-09-13T20:25:00Z,Minnesota Vikings,Green Bay Packers,nordicbet,h2h,Minnesota Vikings,,1.78
2026-08-28T21:57,cb77efed7e711d25a72c1a2a0a1af119,2026-09-13T20:25:00Z,Minnesota Vikings,Green Bay Packers,nordicbet,spreads,Green Bay Packers,1.0,1.87
2026-08-28T21:57,cb77efed7e711d25a72c1a2a0a1af119,2026-09-13T20:25:00Z,Minnesota Vikings,Green Bay Packers,nordicbet,spreads,Minnesota Vikings,-1.0,1.83
2026-08-28T21:57,cb77efed7e711d25a72c1a2a0a1af119,2026-09-13T20:25:00Z,Minnesota Vikings,Green Bay Packers,nordicbet,totals,Over,45.0,1.83
2026-08-28T21:57,cb77efed7e711d25a72c1a2a0a1af119,2026-09-13T20:25:00Z,Minnesota Vikings,Green Bay Packers,nordicbet,totals,Under,45.0,1.87
2026-08-28T21:57,cb77efed7e711d25a72c1a2a0a1af119,2026-09-13T20:25:00Z,Minnesota Vikings,Green Bay Packers,betsson,h2h,Green Bay Packers,,1.93
2026-08-28T21:57,cb77efed7e711d25a72c1a2a0a1af119,2026-09-13T20:25:00Z,Minnesota Vikings,Green Bay Packers,betsson,h2h,Minnesota Vikings,,1.78
2026-08-28T21:57,cb77efed7e711d25a72c1a2a0a1af119,2026-09-13T20:25:00Z,Minnesota Vikings,Green Bay Packers,betsson,spreads,Green Bay Packers,1.0,1.87
2026-08-28T21:57,cb77efed7e711d25a72c1a2a0a1af119,2026-09-13T20:25:00Z,Minnesota Vikings,Green Bay Packers,betsson,spreads,Minnesota Vikings,-1.0,1.83
2026-08-28T21:57,cb77efed7e711d25a72c1a2a0a1af119,2026-09-13T20:25:00Z,Minnesota Vikings,Green Bay Packers,betsson,totals,Over,45.0,1.83
2026-08-28T21:57,cb77efed7e711d25a72c1a2a0a1af119,2026-09-13T20:25:00Z,Minnesota Vikings,Green Bay Packers,betsson,totals,Under,45.0,1.87
2026-08-28T21:57,cb77efed7e711d25a72c1a2a0a1af119,2026-09-13T20:25:00Z,Minnesota Vikings,Green Bay Packers,onexbet,spreads,Green Bay Packers,1.5,1.83
2026-08-28T21:57,cb77efed7e711d25a72c1a2a0a1af119,2026-09-13T20:25:00Z,Minnesota Vikings,Green Bay Packers,onexbet,spreads,Minnesota Vikings,-1.5,2.0
2026-08-28T21:57,cb77efed7e711d25a72c1a2a0a1af119,2026-09-13T20:25:00Z,Minnesota Vikings,Green Bay Packers,onexbet,totals,Over,45.5,1.91
2026-08-28T21:57,cb77efed7e711d25a72c1a2a0a1af119,2026-09-13T20:25:00Z,Minnesota Vikings,Green Bay Packers,onexbet,totals,Under,45.5,1.91
2026-08-28T21:57,cb77efed7e711d25a72c1a2a0a1af119,2026-09-13T20:25:00Z,Minnesota Vikings,Green Bay Packers,betclic_fr,h2h,Green Bay Packers,,1.95
2026-08-28T21:57,cb77efed7e711d25a72c1a2a0a1af119,2026-09-13T20:25:00Z,Minnesota Vikings,Green Bay Packers,betclic_fr,h2h,Minnesota Vikings,,1.8
2026-08-28T21:57,cb77efed7e711d25a72c1a2a0a1af119,2026-09-13T20:25:00Z,Minnesota Vikings,Green Bay Packers,pinnacle,h2h,Green Bay Packers,,2.05
2026-08-28T21:57,cb77efed7e711d25a72c1a2a0a1af119,2026-09-13T20:25:00Z,Minnesota Vikings,Green Bay Packers,pinnacle,h2h,Minnesota Vikings,,1.85
2026-08-28T21:57,cb77efed7e711d25a72c1a2a0a1af119,2026-09-13T20:25:00Z,Minnesota Vikings,Green Bay Packers,pinnacle,spreads,Green Bay Packers,1.0,1.97
2026-08-28T21:57,cb77efed7e711d25a72c1a2a0a1af119,2026-09-13T20:25:00Z,Minnesota Vikings,Green Bay Packers,pinnacle,spreads,Minnesota Vikings,-1.0,1.92
2026-08-28T21:57,cb77efed7e711d25a72c1a2a0a1af119,2026-09-13T20:25:00Z,Minnesota Vikings,Green Bay Packers,pinnacle,totals,Over,45.5,1.98
2026-08-28T21:57,cb77efed7e711d25a72c1a2a0a1af119,2026-09-13T20:25:00Z,Minnesota Vikings,Green Bay Packers,pinnacle,totals,Under,45.5,1.88
2026-08-28T21:57,cb77efed7e711d25a72c1a2a0a1af119,2026-09-13T20:25:00Z,Minnesota Vikings,Green Bay Packers,marathonbet,h2h,Green Bay Packers,,1.88
2026-08-28T21:57,cb77efed7e711d25a72c1a2a0a1af119,2026-09-13T20:25:00Z,Minnesota Vikings,Green Bay Packers,marathonbet,h2h,Minnesota Vikings,,1.9
2026-08-28T21:57,cb77efed7e711d25a72c1a2a0a1af119,2026-09-13T20:25:00Z,Minnesota Vikings,Green Bay Packers,mybookieag,h2h,Green Bay Packers,,1.97
2026-08-28T21:57,cb77efed7e711d25a72c1a2a0a1af119,2026-09-13T20:25:00Z,Minnesota Vikings,Green Bay Packers,mybookieag,h2h,Minnesota Vikings,,1.81
2026-08-28T21:57,cb77efed7e711d25a72c1a2a0a1af119,2026-09-13T20:25:00Z,Minnesota Vikings,Green Bay Packers,mybookieag,spreads,Green Bay Packers,1.5,1.91
2026-08-28T21:57,cb77efed7e711d25a72c1a2a0a1af119,2026-09-13T20:25:00Z,Minnesota Vikings,Green Bay Packers,mybookieag,spreads,Minnesota Vikings,-1.5,1.91
2026-08-28T21:57,cb77efed7e711d25a72c1a2a0a1af119,2026-09-13T20:25:00Z,Minnesota Vikings,Green Bay Packers,mybookieag,totals,Over,45.5,1.91
2026-08-28T21:57,cb77efed7e711d25a72c1a2a0a1af119,2026-09-13T20:25:00Z,Minnesota Vikings,Green Bay Packers,mybookieag,totals,Under,45.5,1.91
2026-08-28T21:57,cb77efed7e711d25a72c1a2a0a1af119,2026-09-13T20:25:00Z,Minnesota Vikings,Green Bay Packers,coolbet,h2h,Green Bay Packers,,1.98
2026-08-28T21:57,cb77efed7e711d25a72c1a2a0a1af119,2026-09-13T20:25:00Z,Minnesota Vikings,Green Bay Packers,coolbet,h2h,Minnesota Vikings,,1.8
2026-08-28T21:57,cb77efed7e711d25a72c1a2a0a1af119,2026-09-13T20:25:00Z,Minnesota Vikings,Green Bay Packers,coolbet,spreads,Green Bay Packers,1.0,1.95
2026-08-28T21:57,cb77efed7e711d25a72c1a2a0a1af119,2026-09-13T20:25:00Z,Minnesota Vikings,Green Bay Packers,coolbet,spreads,Minnesota Vikings,-1.0,1.9
2026-08-28T21:57,cb77efed7e711d25a72c1a2a0a1af119,2026-09-13T20:25:00Z,Minnesota Vikings,Green Bay Packers,coolbet,totals,Over,45.5,1.95
2026-08-28T21:57,cb77efed7e711d25a72c1a2a0a1af119,2026-09-13T20:25:00Z,Minnesota Vikings,Green Bay Packers,coolbet,totals,Under,45.5,1.9
2026-08-28T21:57,cb77efed7e711d25a72c1a2a0a1af119,2026-09-13T20:25:00Z,Minnesota Vikings,Green Bay Packers,betfair_ex_eu,h2h,Green Bay Packers,,2.02
2026-08-28T21:57,cb77efed7e711d25a72c1a2a0a1af119,2026-09-13T20:25:00Z,Minnesota Vikings,Green Bay Packers,betfair_ex_eu,h2h,Minnesota Vikings,,1.87
2026-08-28T21:57,cb77efed7e711d25a72c1a2a0a1af119,2026-09-13T20:25:00Z,Minnesota Vikings,Green Bay Packers,betfair_ex_eu,h2h_lay,Green Bay Packers,,2.16
2026-08-28T21:57,cb77efed7e711d25a72c1a2a0a1af119,2026-09-13T20:25:00Z,Minnesota Vikings,Green Bay Packers,betfair_ex_eu,h2h_lay,Minnesota Vikings,,1.98
2026-08-28T21:57,cb77efed7e711d25a72c1a2a0a1af119,2026-09-13T20:25:00Z,Minnesota Vikings,Green Bay Packers,everygame,h2h,Green Bay Packers,,2.0
2026-08-28T21:57,cb77efed7e711d25a72c1a2a0a1af119,2026-09-13T20:25:00Z,Minnesota Vikings,Green Bay Packers,everygame,h2h,Minnesota Vikings,,1.83
2026-08-28T21:57,cb77efed7e711d25a72c1a2a0a1af119,2026-09-13T20:25:00Z,Minnesota Vikings,Green Bay Packers,everygame,spreads,Green Bay Packers,1.5,1.87
2026-08-28T21:57,cb77efed7e711d25a72c1a2a0a1af119,2026-09-13T20:25:00Z,Minnesota Vikings,Green Bay Packers,everygame,spreads,Minnesota Vikings,-1.5,1.95
2026-08-28T21:57,cb77efed7e711d25a72c1a2a0a1af119,2026-09-13T20:25:00Z,Minnesota Vikings,Green Bay Packers,everygame,totals,Over,45.0,1.91
2026-08-28T21:57,cb77efed7e711d25a72c1a2a0a1af119,2026-09-13T20:25:00Z,Minnesota Vikings,Green Bay Packers,everygame,totals,Under,45.0,1.91
2026-08-28T21:57,cb77efed7e711d25a72c1a2a0a1af119,2026-09-13T20:25:00Z,Minnesota Vikings,Green Bay Packers,pmu_fr,h2h,Green Bay Packers,,1.93
2026-08-28T21:57,cb77efed7e711d25a72c1a2a0a1af119,2026-09-13T20:25:00Z,Minnesota Vikings,Green Bay Packers,pmu_fr,h2h,Minnesota Vikings,,1.88
2026-08-28T21:57,cb77efed7e711d25a72c1a2a0a1af119,2026-09-13T20:25:00Z,Minnesota Vikings,Green Bay Packers,pmu_fr,spreads,Green Bay Packers,1.0,1.87
2026-08-28T21:57,cb77efed7e711d25a72c1a2a0a1af119,2026-09-13T20:25:00Z,Minnesota Vikings,Green Bay Packers,pmu_fr,spreads,Minnesota Vikings,-1.0,1.95
2026-08-28T21:57,cb77efed7e711d25a72c1a2a0a1af119,2026-09-13T20:25:00Z,Minnesota Vikings,Green Bay Packers,pmu_fr,totals,Over,45.0,1.88
2026-08-28T21:57,cb77efed7e711d25a72c1a2a0a1af119,2026-09-13T20:25:00Z,Minnesota Vikings,Green Bay Packers,pmu_fr,totals,Under,45.0,1.93
2026-08-28T21:57,c5d95f48a16849ab6bebc68fbbfcb74a,2026-09-13T20:25:00Z,Las Vegas Raiders,Miami Dolphins,unibet_se,h2h,Las Vegas Raiders,,1.51
2026-08-28T21:57,c5d95f48a16849ab6bebc68fbbfcb74a,2026-09-13T20:25:00Z,Las Vegas Raiders,Miami Dolphins,unibet_se,h2h,Miami Dolphins,,2.6
2026-08-28T21:57,c5d95f48a16849ab6bebc68fbbfcb74a,2026-09-13T20:25:00Z,Las Vegas Raiders,Miami Dolphins,unibet_se,spreads,Las Vegas Raiders,-3.5,1.91
2026-08-28T21:57,c5d95f48a16849ab6bebc68fbbfcb74a,2026-09-13T20:25:00Z,Las Vegas Raiders,Miami Dolphins,unibet_se,spreads,Miami Dolphins,3.5,1.91
2026-08-28T21:57,c5d95f48a16849ab6bebc68fbbfcb74a,2026-09-13T20:25:00Z,Las Vegas Raiders,Miami Dolphins,unibet_nl,h2h,Las Vegas Raiders,,1.51
2026-08-28T21:57,c5d95f48a16849ab6bebc68fbbfcb74a,2026-09-13T20:25:00Z,Las Vegas Raiders,Miami Dolphins,unibet_nl,h2h,Miami Dolphins,,2.6
2026-08-28T21:57,c5d95f48a16849ab6bebc68fbbfcb74a,2026-09-13T20:25:00Z,Las Vegas Raiders,Miami Dolphins,unibet_nl,spreads,Las Vegas Raiders,-3.5,1.91
2026-08-28T21:57,c5d95f48a16849ab6bebc68fbbfcb74a,2026-09-13T20:25:00Z,Las Vegas Raiders,Miami Dolphins,unibet_nl,spreads,Miami Dolphins,3.5,1.91
2026-08-28T21:57,c5d95f48a16849ab6bebc68fbbfcb74a,2026-09-13T20:25:00Z,Las Vegas Raiders,Miami Dolphins,unibet_nl,totals,Over,40.0,1.88
2026-08-28T21:57,c5d95f48a16849ab6bebc68fbbfcb74a,2026-09-13T20:25:00Z,Las Vegas Raiders,Miami Dolphins,unibet_nl,totals,Under,40.0,1.93
2026-08-28T21:57,c5d95f48a16849ab6bebc68fbbfcb74a,2026-09-13T20:25:00Z,Las Vegas Raiders,Miami Dolphins,leovegas_se,h2h,Las Vegas Raiders,,1.51
2026-08-28T21:57,c5d95f48a16849ab6bebc68fbbfcb74a,2026-09-13T20:25:00Z,Las Vegas Raiders,Miami Dolphins,leovegas_se,h2h,Miami Dolphins,,2.6
2026-08-28T21:57,c5d95f48a16849ab6bebc68fbbfcb74a,2026-09-13T20:25:00Z,Las Vegas Raiders,Miami Dolphins,leovegas_se,spreads,Las Vegas Raiders,-3.5,1.91
2026-08-28T21:57,c5d95f48a16849ab6bebc68fbbfcb74a,2026-09-13T20:25:00Z,Las Vegas Raiders,Miami Dolphins,leovegas_se,spreads,Miami Dolphins,3.5,1.91
2026-08-28T21:57,c5d95f48a16849ab6bebc68fbbfcb74a,2026-09-13T20:25:00Z,Las Vegas Raiders,Miami Dolphins,betonlineag,h2h,Las Vegas Raiders,,1.53
2026-08-28T21:57,c5d95f48a16849ab6bebc68fbbfcb74a,2026-09-13T20:25:00Z,Las Vegas Raiders,Miami Dolphins,betonlineag,h2h,Miami Dolphins,,2.65
2026-08-28T21:57,c5d95f48a16849ab6bebc68fbbfcb74a,2026-09-13T20:25:00Z,Las Vegas Raiders,Miami Dolphins,betonlineag,spreads,Las Vegas Raiders,-3.5,1.91
2026-08-28T21:57,c5d95f48a16849ab6bebc68fbbfcb74a,2026-09-13T20:25:00Z,Las Vegas Raiders,Miami Dolphins,betonlineag,spreads,Miami Dolphins,3.5,1.91
2026-08-28T21:57,c5d95f48a16849ab6bebc68fbbfcb74a,2026-09-13T20:25:00Z,Las Vegas Raiders,Miami Dolphins,betonlineag,totals,Over,40.5,1.91
2026-08-28T21:57,c5d95f48a16849ab6bebc68fbbfcb74a,2026-09-13T20:25:00Z,Las Vegas Raiders,Miami Dolphins,betonlineag,totals,Under,40.5,1.91
2026-08-28T21:57,c5d95f48a16849ab6bebc68fbbfcb74a,2026-09-13T20:25:00Z,Las Vegas Raiders,Miami Dolphins,nordicbet,h2h,Las Vegas Raiders,,1.46
2026-08-28T21:57,c5d95f48a16849ab6bebc68fbbfcb74a,2026-09-13T20:25:00Z,Las Vegas Raiders,Miami Dolphins,nordicbet,h2h,Miami Dolphins,,2.52
2026-08-28T21:57,c5d95f48a16849ab6bebc68fbbfcb74a,2026-09-13T20:25:00Z,Las Vegas Raiders,Miami Dolphins,nordicbet,spreads,Las Vegas Raiders,-3.5,1.85
2026-08-28T21:57,c5d95f48a16849ab6bebc68fbbfcb74a,2026-09-13T20:25:00Z,Las Vegas Raiders,Miami Dolphins,nordicbet,spreads,Miami Dolphins,3.5,1.85
2026-08-28T21:57,c5d95f48a16849ab6bebc68fbbfcb74a,2026-09-13T20:25:00Z,Las Vegas Raiders,Miami Dolphins,nordicbet,totals,Over,40.5,1.87
2026-08-28T21:57,c5d95f48a16849ab6bebc68fbbfcb74a,2026-09-13T20:25:00Z,Las Vegas Raiders,Miami Dolphins,nordicbet,totals,Under,40.5,1.83
2026-08-28T21:57,c5d95f48a16849ab6bebc68fbbfcb74a,2026-09-13T20:25:00Z,Las Vegas Raiders,Miami Dolphins,betsson,h2h,Las Vegas Raiders,,1.46
2026-08-28T21:57,c5d95f48a16849ab6bebc68fbbfcb74a,2026-09-13T20:25:00Z,Las Vegas Raiders,Miami Dolphins,betsson,h2h,Miami Dolphins,,2.52
2026-08-28T21:57,c5d95f48a16849ab6bebc68fbbfcb74a,2026-09-13T20:25:00Z,Las Vegas Raiders,Miami Dolphins,betsson,spreads,Las Vegas Raiders,-3.5,1.85
2026-08-28T21:57,c5d95f48a16849ab6bebc68fbbfcb74a,2026-09-13T20:25:00Z,Las Vegas Raiders,Miami Dolphins,betsson,spreads,Miami Dolphins,3.5,1.85
2026-08-28T21:57,c5d95f48a16849ab6bebc68fbbfcb74a,2026-09-13T20:25:00Z,Las Vegas Raiders,Miami Dolphins,betsson,totals,Over,40.5,1.87
2026-08-28T21:57,c5d95f48a16849ab6bebc68fbbfcb74a,2026-09-13T20:25:00Z,Las Vegas Raiders,Miami Dolphins,betsson,totals,Under,40.5,1.83
2026-08-28T21:57,c5d95f48a16849ab6bebc68fbbfcb74a,2026-09-13T20:25:00Z,Las Vegas Raiders,Miami Dolphins,gtbets,h2h,Las Vegas Raiders,,1.51
2026-08-28T21:57,c5d95f48a16849ab6bebc68fbbfcb74a,2026-09-13T20:25:00Z,Las Vegas Raiders,Miami Dolphins,gtbets,h2h,Miami Dolphins,,2.65
2026-08-28T21:57,c5d95f48a16849ab6bebc68fbbfcb74a,2026-09-13T20:25:00Z,Las Vegas Raiders,Miami Dolphins,gtbets,spreads,Las Vegas Raiders,-3.5,1.92
2026-08-28T21:57,c5d95f48a16849ab6bebc68fbbfcb74a,2026-09-13T20:25:00Z,Las Vegas Raiders,Miami Dolphins,gtbets,spreads,Miami Dolphins,3.5,1.92
2026-08-28T21:57,c5d95f48a16849ab6bebc68fbbfcb74a,2026-09-13T20:25:00Z,Las Vegas Raiders,Miami Dolphins,gtbets,totals,Over,40.5,1.92
2026-08-28T21:57,c5d95f48a16849ab6bebc68fbbfcb74a,2026-09-13T20:25:00Z,Las Vegas Raiders,Miami Dolphins,gtbets,totals,Under,40.5,1.92
2026-08-28T21:57,c5d95f48a16849ab6bebc68fbbfcb74a,2026-09-13T20:25:00Z,Las Vegas Raiders,Miami Dolphins,williamhill,h2h,Las Vegas Raiders,,1.5
2026-08-28T21:57,c5d95f48a16849ab6bebc68fbbfcb74a,2026-09-13T20:25:00Z,Las Vegas Raiders,Miami Dolphins,williamhill,h2h,Miami Dolphins,,2.6
2026-08-28T21:57,c5d95f48a16849ab6bebc68fbbfcb74a,2026-09-13T20:25:00Z,Las Vegas Raiders,Miami Dolphins,tipico_de,h2h,Las Vegas Raiders,,1.5
2026-08-28T21:57,c5d95f48a16849ab6bebc68fbbfcb74a,2026-09-13T20:25:00Z,Las Vegas Raiders,Miami Dolphins,tipico_de,h2h,Miami Dolphins,,2.55
2026-08-28T21:57,c5d95f48a16849ab6bebc68fbbfcb74a,2026-09-13T20:25:00Z,Las Vegas Raiders,Miami Dolphins,tipico_de,spreads,Las Vegas Raiders,-3.5,1.87
2026-08-28T21:57,c5d95f48a16849ab6bebc68fbbfcb74a,2026-09-13T20:25:00Z,Las Vegas Raiders,Miami Dolphins,tipico_de,spreads,Miami Dolphins,3.5,1.9
2026-08-28T21:57,c5d95f48a16849ab6bebc68fbbfcb74a,2026-09-13T20:25:00Z,Las Vegas Raiders,Miami Dolphins,tipico_de,totals,Over,40.5,1.87
2026-08-28T21:57,c5d95f48a16849ab6bebc68fbbfcb74a,2026-09-13T20:25:00Z,Las Vegas Raiders,Miami Dolphins,tipico_de,totals,Under,40.5,1.9
2026-08-28T21:57,c5d95f48a16849ab6bebc68fbbfcb74a,2026-09-13T20:25:00Z,Las Vegas Raiders,Miami Dolphins,onexbet,spreads,Las Vegas Raiders,-3.5,1.91
2026-08-28T21:57,c5d95f48a16849ab6bebc68fbbfcb74a,2026-09-13T20:25:00Z,Las Vegas Raiders,Miami Dolphins,onexbet,spreads,Miami Dolphins,3.5,1.91
2026-08-28T21:57,c5d95f48a16849ab6bebc68fbbfcb74a,2026-09-13T20:25:00Z,Las Vegas Raiders,Miami Dolphins,onexbet,totals,Over,40.5,1.91
2026-08-28T21:57,c5d95f48a16849ab6bebc68fbbfcb74a,2026-09-13T20:25:00Z,Las Vegas Raiders,Miami Dolphins,onexbet,totals,Under,40.5,1.91
2026-08-28T21:57,c5d95f48a16849ab6bebc68fbbfcb74a,2026-09-13T20:25:00Z,Las Vegas Raiders,Miami Dolphins,betclic_fr,h2h,Las Vegas Raiders,,1.48
2026-08-28T21:57,c5d95f48a16849ab6bebc68fbbfcb74a,2026-09-13T20:25:00Z,Las Vegas Raiders,Miami Dolphins,betclic_fr,h2h,Miami Dolphins,,2.5
2026-08-28T21:57,c5d95f48a16849ab6bebc68fbbfcb74a,2026-09-13T20:25:00Z,Las Vegas Raiders,Miami Dolphins,pinnacle,h2h,Las Vegas Raiders,,1.52
2026-08-28T21:57,c5d95f48a16849ab6bebc68fbbfcb74a,2026-09-13T20:25:00Z,Las Vegas Raiders,Miami Dolphins,pinnacle,h2h,Miami Dolphins,,2.69
2026-08-28T21:57,c5d95f48a16849ab6bebc68fbbfcb74a,2026-09-13T20:25:00Z,Las Vegas Raiders,Miami Dolphins,pinnacle,spreads,Las Vegas Raiders,-3.5,1.93
2026-08-28T21:57,c5d95f48a16849ab6bebc68fbbfcb74a,2026-09-13T20:25:00Z,Las Vegas Raiders,Miami Dolphins,pinnacle,spreads,Miami Dolphins,3.5,1.96
2026-08-28T21:57,c5d95f48a16849ab6bebc68fbbfcb74a,2026-09-13T20:25:00Z,Las Vegas Raiders,Miami Dolphins,pinnacle,totals,Over,40.5,1.93
2026-08-28T21:57,c5d95f48a16849ab6bebc68fbbfcb74a,2026-09-13T20:25:00Z,Las Vegas Raiders,Miami Dolphins,pinnacle,totals,Under,40.5,1.93
2026-08-28T21:57,c5d95f48a16849ab6bebc68fbbfcb74a,2026-09-13T20:25:00Z,Las Vegas Raiders,Miami Dolphins,marathonbet,h2h,Las Vegas Raiders,,1.56
2026-08-28T21:57,c5d95f48a16849ab6bebc68fbbfcb74a,2026-09-13T20:25:00Z,Las Vegas Raiders,Miami Dolphins,marathonbet,h2h,Miami Dolphins,,2.4
2026-08-28T21:57,c5d95f48a16849ab6bebc68fbbfcb74a,2026-09-13T20:25:00Z,Las Vegas Raiders,Miami Dolphins,mybookieag,h2h,Las Vegas Raiders,,1.5
2026-08-28T21:57,c5d95f48a16849ab6bebc68fbbfcb74a,2026-09-13T20:25:00Z,Las Vegas Raiders,Miami Dolphins,mybookieag,h2h,Miami Dolphins,,2.55
2026-08-28T21:57,c5d95f48a16849ab6bebc68fbbfcb74a,2026-09-13T20:25:00Z,Las Vegas Raiders,Miami Dolphins,mybookieag,spreads,Las Vegas Raiders,-3.5,1.91
2026-08-28T21:57,c5d95f48a16849ab6bebc68fbbfcb74a,2026-09-13T20:25:00Z,Las Vegas Raiders,Miami Dolphins,mybookieag,spreads,Miami Dolphins,3.5,1.91
2026-08-28T21:57,c5d95f48a16849ab6bebc68fbbfcb74a,2026-09-13T20:25:00Z,Las Vegas Raiders,Miami Dolphins,mybookieag,totals,Over,40.5,1.91
2026-08-28T21:57,c5d95f48a16849ab6bebc68fbbfcb74a,2026-09-13T20:25:00Z,Las Vegas Raiders,Miami Dolphins,mybookieag,totals,Under,40.5,1.91
2026-08-28T21:57,c5d95f48a16849ab6bebc68fbbfcb74a,2026-09-13T20:25:00Z,Las Vegas Raiders,Miami Dolphins,coolbet,h2h,Las Vegas Raiders,,1.48
2026-08-28T21:57,c5d95f48a16849ab6bebc68fbbfcb74a,2026-09-13T20:25:00Z,Las Vegas Raiders,Miami Dolphins,coolbet,h2h,Miami Dolphins,,2.6
2026-08-28T21:57,c5d95f48a16849ab6bebc68fbbfcb74a,2026-09-13T20:25:00Z,Las Vegas Raiders,Miami Dolphins,coolbet,spreads,Las Vegas Raiders,-3.5,1.93
2026-08-28T21:57,c5d95f48a16849ab6bebc68fbbfcb74a,2026-09-13T20:25:00Z,Las Vegas Raiders,Miami Dolphins,coolbet,spreads,Miami Dolphins,3.5,1.91
2026-08-28T21:57,c5d95f48a16849ab6bebc68fbbfcb74a,2026-09-13T20:25:00Z,Las Vegas Raiders,Miami Dolphins,coolbet,totals,Over,40.5,1.93
2026-08-28T21:57,c5d95f48a16849ab6bebc68fbbfcb74a,2026-09-13T20:25:00Z,Las Vegas Raiders,Miami Dolphins,coolbet,totals,Under,40.5,1.91
2026-08-28T21:57,c5d95f48a16849ab6bebc68fbbfcb74a,2026-09-13T20:25:00Z,Las Vegas Raiders,Miami Dolphins,betfair_ex_eu,h2h,Las Vegas Raiders,,1.54
2026-08-28T21:57,c5d95f48a16849ab6bebc68fbbfcb74a,2026-09-13T20:25:00Z,Las Vegas Raiders,Miami Dolphins,betfair_ex_eu,h2h,Miami Dolphins,,2.68
2026-08-28T21:57,c5d95f48a16849ab6bebc68fbbfcb74a,2026-09-13T20:25:00Z,Las Vegas Raiders,Miami Dolphins,betfair_ex_eu,h2h_lay,Las Vegas Raiders,,1.6
2026-08-28T21:57,c5d95f48a16849ab6bebc68fbbfcb74a,2026-09-13T20:25:00Z,Las Vegas Raiders,Miami Dolphins,betfair_ex_eu,h2h_lay,Miami Dolphins,,2.86
2026-08-28T21:57,c5d95f48a16849ab6bebc68fbbfcb74a,2026-09-13T20:25:00Z,Las Vegas Raiders,Miami Dolphins,everygame,h2h,Las Vegas Raiders,,1.56
2026-08-28T21:57,c5d95f48a16849ab6bebc68fbbfcb74a,2026-09-13T20:25:00Z,Las Vegas Raiders,Miami Dolphins,everygame,h2h,Miami Dolphins,,2.6
2026-08-28T21:57,c5d95f48a16849ab6bebc68fbbfcb74a,2026-09-13T20:25:00Z,Las Vegas Raiders,Miami Dolphins,everygame,spreads,Las Vegas Raiders,-3.5,1.91
2026-08-28T21:57,c5d95f48a16849ab6bebc68fbbfcb74a,2026-09-13T20:25:00Z,Las Vegas Raiders,Miami Dolphins,everygame,spreads,Miami Dolphins,3.5,1.91
2026-08-28T21:57,c5d95f48a16849ab6bebc68fbbfcb74a,2026-09-13T20:25:00Z,Las Vegas Raiders,Miami Dolphins,everygame,totals,Over,40.5,1.91
2026-08-28T21:57,c5d95f48a16849ab6bebc68fbbfcb74a,2026-09-13T20:25:00Z,Las Vegas Raiders,Miami Dolphins,everygame,totals,Under,40.5,1.91
2026-08-28T21:57,c5d95f48a16849ab6bebc68fbbfcb74a,2026-09-13T20:25:00Z,Las Vegas Raiders,Miami Dolphins,pmu_fr,h2h,Las Vegas Raiders,,1.51
2026-08-28T21:57,c5d95f48a16849ab6bebc68fbbfcb74a,2026-09-13T20:25:00Z,Las Vegas Raiders,Miami Dolphins,pmu_fr,h2h,Miami Dolphins,,2.45
2026-08-28T21:57,c5d95f48a16849ab6bebc68fbbfcb74a,2026-09-13T20:25:00Z,Las Vegas Raiders,Miami Dolphins,pmu_fr,spreads,Las Vegas Raiders,-3.5,1.91
2026-08-28T21:57,c5d95f48a16849ab6bebc68fbbfcb74a,2026-09-13T20:25:00Z,Las Vegas Raiders,Miami Dolphins,pmu_fr,spreads,Miami Dolphins,3.5,1.91
2026-08-28T21:57,c5d95f48a16849ab6bebc68fbbfcb74a,2026-09-13T20:25:00Z,Las Vegas Raiders,Miami Dolphins,pmu_fr,totals,Over,40.0,1.88
2026-08-28T21:57,c5d95f48a16849ab6bebc68fbbfcb74a,2026-09-13T20:25:00Z,Las Vegas Raiders,Miami Dolphins,pmu_fr,totals,Under,40.0,1.93
2026-08-28T21:57,17885cb8dcade8f6c3bce14b2de805e8,2026-09-13T20:25:00Z,Philadelphia Eagles,Washington Commanders,unibet_se,h2h,Philadelphia Eagles,,1.48
2026-08-28T21:57,17885cb8dcade8f6c3bce14b2de805e8,2026-09-13T20:25:00Z,Philadelphia Eagles,Washington Commanders,unibet_se,h2h,Washington Commanders,,2.7
2026-08-28T21:57,17885cb8dcade8f6c3bce14b2de805e8,2026-09-13T20:25:00Z,Philadelphia Eagles,Washington Commanders,unibet_se,spreads,Philadelphia Eagles,-4.5,1.89
2026-08-28T21:57,17885cb8dcade8f6c3bce14b2de805e8,2026-09-13T20:25:00Z,Philadelphia Eagles,Washington Commanders,unibet_se,spreads,Washington Commanders,4.5,1.92
2026-08-28T21:57,17885cb8dcade8f6c3bce14b2de805e8,2026-09-13T20:25:00Z,Philadelphia Eagles,Washington Commanders,betonlineag,h2h,Philadelphia Eagles,,1.45
2026-08-28T21:57,17885cb8dcade8f6c3bce14b2de805e8,2026-09-13T20:25:00Z,Philadelphia Eagles,Washington Commanders,betonlineag,h2h,Washington Commanders,,2.86
2026-08-28T21:57,17885cb8dcade8f6c3bce14b2de805e8,2026-09-13T20:25:00Z,Philadelphia Eagles,Washington Commanders,betonlineag,spreads,Philadelphia Eagles,-4.5,1.91
2026-08-28T21:57,17885cb8dcade8f6c3bce14b2de805e8,2026-09-13T20:25:00Z,Philadelphia Eagles,Washington Commanders,betonlineag,spreads,Washington Commanders,4.5,1.91
2026-08-28T21:57,17885cb8dcade8f6c3bce14b2de805e8,2026-09-13T20:25:00Z,Philadelphia Eagles,Washington Commanders,betonlineag,totals,Over,46.5,1.91
2026-08-28T21:57,17885cb8dcade8f6c3bce14b2de805e8,2026-09-13T20:25:00Z,Philadelphia Eagles,Washington Commanders,betonlineag,totals,Under,46.5,1.91
2026-08-28T21:57,17885cb8dcade8f6c3bce14b2de805e8,2026-09-13T20:25:00Z,Philadelphia Eagles,Washington Commanders,leovegas_se,h2h,Philadelphia Eagles,,1.48
2026-08-28T21:57,17885cb8dcade8f6c3bce14b2de805e8,2026-09-13T20:25:00Z,Philadelphia Eagles,Washington Commanders,leovegas_se,h2h,Washington Commanders,,2.7
2026-08-28T21:57,17885cb8dcade8f6c3bce14b2de805e8,2026-09-13T20:25:00Z,Philadelphia Eagles,Washington Commanders,leovegas_se,spreads,Philadelphia Eagles,-4.5,1.89
2026-08-28T21:57,17885cb8dcade8f6c3bce14b2de805e8,2026-09-13T20:25:00Z,Philadelphia Eagles,Washington Commanders,leovegas_se,spreads,Washington Commanders,4.5,1.92
2026-08-28T21:57,17885cb8dcade8f6c3bce14b2de805e8,2026-09-13T20:25:00Z,Philadelphia Eagles,Washington Commanders,unibet_nl,h2h,Philadelphia Eagles,,1.48
2026-08-28T21:57,17885cb8dcade8f6c3bce14b2de805e8,2026-09-13T20:25:00Z,Philadelphia Eagles,Washington Commanders,unibet_nl,h2h,Washington Commanders,,2.7
2026-08-28T21:57,17885cb8dcade8f6c3bce14b2de805e8,2026-09-13T20:25:00Z,Philadelphia Eagles,Washington Commanders,unibet_nl,spreads,Philadelphia Eagles,-4.5,1.89
2026-08-28T21:57,17885cb8dcade8f6c3bce14b2de805e8,2026-09-13T20:25:00Z,Philadelphia Eagles,Washington Commanders,unibet_nl,spreads,Washington Commanders,4.5,1.92
2026-08-28T21:57,17885cb8dcade8f6c3bce14b2de805e8,2026-09-13T20:25:00Z,Philadelphia Eagles,Washington Commanders,unibet_nl,totals,Over,46.5,1.91
2026-08-28T21:57,17885cb8dcade8f6c3bce14b2de805e8,2026-09-13T20:25:00Z,Philadelphia Eagles,Washington Commanders,unibet_nl,totals,Under,46.5,1.91
2026-08-28T21:57,17885cb8dcade8f6c3bce14b2de805e8,2026-09-13T20:25:00Z,Philadelphia Eagles,Washington Commanders,gtbets,h2h,Philadelphia Eagles,,1.44
2026-08-28T21:57,17885cb8dcade8f6c3bce14b2de805e8,2026-09-13T20:25:00Z,Philadelphia Eagles,Washington Commanders,gtbets,h2h,Washington Commanders,,2.85
2026-08-28T21:57,17885cb8dcade8f6c3bce14b2de805e8,2026-09-13T20:25:00Z,Philadelphia Eagles,Washington Commanders,gtbets,spreads,Philadelphia Eagles,-4.5,1.92
2026-08-28T21:57,17885cb8dcade8f6c3bce14b2de805e8,2026-09-13T20:25:00Z,Philadelphia Eagles,Washington Commanders,gtbets,spreads,Washington Commanders,4.5,1.92
2026-08-28T21:57,17885cb8dcade8f6c3bce14b2de805e8,2026-09-13T20:25:00Z,Philadelphia Eagles,Washington Commanders,gtbets,totals,Over,46.5,1.92
2026-08-28T21:57,17885cb8dcade8f6c3bce14b2de805e8,2026-09-13T20:25:00Z,Philadelphia Eagles,Washington Commanders,gtbets,totals,Under,46.5,1.92
2026-08-28T21:57,17885cb8dcade8f6c3bce14b2de805e8,2026-09-13T20:25:00Z,Philadelphia Eagles,Washington Commanders,williamhill,h2h,Philadelphia Eagles,,1.4
2026-08-28T21:57,17885cb8dcade8f6c3bce14b2de805e8,2026-09-13T20:25:00Z,Philadelphia Eagles,Washington Commanders,williamhill,h2h,Washington Commanders,,2.9
2026-08-28T21:57,17885cb8dcade8f6c3bce14b2de805e8,2026-09-13T20:25:00Z,Philadelphia Eagles,Washington Commanders,betclic_fr,h2h,Philadelphia Eagles,,1.42
2026-08-28T21:57,17885cb8dcade8f6c3bce14b2de805e8,2026-09-13T20:25:00Z,Philadelphia Eagles,Washington Commanders,betclic_fr,h2h,Washington Commanders,,2.75
2026-08-28T21:57,17885cb8dcade8f6c3bce14b2de805e8,2026-09-13T20:25:00Z,Philadelphia Eagles,Washington Commanders,tipico_de,h2h,Philadelphia Eagles,,1.42
2026-08-28T21:57,17885cb8dcade8f6c3bce14b2de805e8,2026-09-13T20:25:00Z,Philadelphia Eagles,Washington Commanders,tipico_de,h2h,Washington Commanders,,2.8
2026-08-28T21:57,17885cb8dcade8f6c3bce14b2de805e8,2026-09-13T20:25:00Z,Philadelphia Eagles,Washington Commanders,tipico_de,spreads,Philadelphia Eagles,-5.5,1.93
2026-08-28T21:57,17885cb8dcade8f6c3bce14b2de805e8,2026-09-13T20:25:00Z,Philadelphia Eagles,Washington Commanders,tipico_de,spreads,Washington Commanders,5.5,1.83
2026-08-28T21:57,17885cb8dcade8f6c3bce14b2de805e8,2026-09-13T20:25:00Z,Philadelphia Eagles,Washington Commanders,tipico_de,totals,Over,46.5,1.93
2026-08-28T21:57,17885cb8dcade8f6c3bce14b2de805e8,2026-09-13T20:25:00Z,Philadelphia Eagles,Washington Commanders,tipico_de,totals,Under,46.5,1.83
2026-08-28T21:57,17885cb8dcade8f6c3bce14b2de805e8,2026-09-13T20:25:00Z,Philadelphia Eagles,Washington Commanders,betsson,h2h,Philadelphia Eagles,,1.41
2026-08-28T21:57,17885cb8dcade8f6c3bce14b2de805e8,2026-09-13T20:25:00Z,Philadelphia Eagles,Washington Commanders,betsson,h2h,Washington Commanders,,2.71
2026-08-28T21:57,17885cb8dcade8f6c3bce14b2de805e8,2026-09-13T20:25:00Z,Philadelphia Eagles,Washington Commanders,betsson,spreads,Philadelphia Eagles,-4.5,1.87
2026-08-28T21:57,17885cb8dcade8f6c3bce14b2de805e8,2026-09-13T20:25:00Z,Philadelphia Eagles,Washington Commanders,betsson,spreads,Washington Commanders,4.5,1.83
2026-08-28T21:57,17885cb8dcade8f6c3bce14b2de805e8,2026-09-13T20:25:00Z,Philadelphia Eagles,Washington Commanders,betsson,totals,Over,46.5,1.85
2026-08-28T21:57,17885cb8dcade8f6c3bce14b2de805e8,2026-09-13T20:25:00Z,Philadelphia Eagles,Washington Commanders,betsson,totals,Under,46.5,1.85
2026-08-28T21:57,17885cb8dcade8f6c3bce14b2de805e8,2026-09-13T20:25:00Z,Philadelphia Eagles,Washington Commanders,nordicbet,h2h,Philadelphia Eagles,,1.41
2026-08-28T21:57,17885cb8dcade8f6c3bce14b2de805e8,2026-09-13T20:25:00Z,Philadelphia Eagles,Washington Commanders,nordicbet,h2h,Washington Commanders,,2.71
2026-08-28T21:57,17885cb8dcade8f6c3bce14b2de805e8,2026-09-13T20:25:00Z,Philadelphia Eagles,Washington Commanders,nordicbet,spreads,Philadelphia Eagles,-4.5,1.87
2026-08-28T21:57,17885cb8dcade8f6c3bce14b2de805e8,2026-09-13T20:25:00Z,Philadelphia Eagles,Washington Commanders,nordicbet,spreads,Washington Commanders,4.5,1.83
2026-08-28T21:57,17885cb8dcade8f6c3bce14b2de805e8,2026-09-13T20:25:00Z,Philadelphia Eagles,Washington Commanders,nordicbet,totals,Over,46.5,1.85
2026-08-28T21:57,17885cb8dcade8f6c3bce14b2de805e8,2026-09-13T20:25:00Z,Philadelphia Eagles,Washington Commanders,nordicbet,totals,Under,46.5,1.85
2026-08-28T21:57,17885cb8dcade8f6c3bce14b2de805e8,2026-09-13T20:25:00Z,Philadelphia Eagles,Washington Commanders,onexbet,spreads,Philadelphia Eagles,-4.5,1.91
2026-08-28T21:57,17885cb8dcade8f6c3bce14b2de805e8,2026-09-13T20:25:00Z,Philadelphia Eagles,Washington Commanders,onexbet,spreads,Washington Commanders,4.5,1.91
2026-08-28T21:57,17885cb8dcade8f6c3bce14b2de805e8,2026-09-13T20:25:00Z,Philadelphia Eagles,Washington Commanders,onexbet,totals,Over,46.5,1.91
2026-08-28T21:57,17885cb8dcade8f6c3bce14b2de805e8,2026-09-13T20:25:00Z,Philadelphia Eagles,Washington Commanders,onexbet,totals,Under,46.5,1.91
2026-08-28T21:57,17885cb8dcade8f6c3bce14b2de805e8,2026-09-13T20:25:00Z,Philadelphia Eagles,Washington Commanders,pinnacle,h2h,Philadelphia Eagles,,1.44
2026-08-28T21:57,17885cb8dcade8f6c3bce14b2de805e8,2026-09-13T20:25:00Z,Philadelphia Eagles,Washington Commanders,pinnacle,h2h,Washington Commanders,,2.95
2026-08-28T21:57,17885cb8dcade8f6c3bce14b2de805e8,2026-09-13T20:25:00Z,Philadelphia Eagles,Washington Commanders,pinnacle,spreads,Philadelphia Eagles,-4.0,1.86
2026-08-28T21:57,17885cb8dcade8f6c3bce14b2de805e8,2026-09-13T20:25:00Z,Philadelphia Eagles,Washington Commanders,pinnacle,spreads,Washington Commanders,4.0,2.03
2026-08-28T21:57,17885cb8dcade8f6c3bce14b2de805e8,2026-09-13T20:25:00Z,Philadelphia Eagles,Washington Commanders,pinnacle,totals,Over,46.5,1.94
2026-08-28T21:57,17885cb8dcade8f6c3bce14b2de805e8,2026-09-13T20:25:00Z,Philadelphia Eagles,Washington Commanders,pinnacle,totals,Under,46.5,1.91
2026-08-28T21:57,17885cb8dcade8f6c3bce14b2de805e8,2026-09-13T20:25:00Z,Philadelphia Eagles,Washington Commanders,marathonbet,h2h,Philadelphia Eagles,,1.51
2026-08-28T21:57,17885cb8dcade8f6c3bce14b2de805e8,2026-09-13T20:25:00Z,Philadelphia Eagles,Washington Commanders,marathonbet,h2h,Washington Commanders,,2.52
2026-08-28T21:57,17885cb8dcade8f6c3bce14b2de805e8,2026-09-13T20:25:00Z,Philadelphia Eagles,Washington Commanders,mybookieag,h2h,Philadelphia Eagles,,1.43
2026-08-28T21:57,17885cb8dcade8f6c3bce14b2de805e8,2026-09-13T20:25:00Z,Philadelphia Eagles,Washington Commanders,mybookieag,h2h,Washington Commanders,,2.78
2026-08-28T21:57,17885cb8dcade8f6c3bce14b2de805e8,2026-09-13T20:25:00Z,Philadelphia Eagles,Washington Commanders,mybookieag,spreads,Philadelphia Eagles,-4.5,1.91
2026-08-28T21:57,17885cb8dcade8f6c3bce14b2de805e8,2026-09-13T20:25:00Z,Philadelphia Eagles,Washington Commanders,mybookieag,spreads,Washington Commanders,4.5,1.91
2026-08-28T21:57,17885cb8dcade8f6c3bce14b2de805e8,2026-09-13T20:25:00Z,Philadelphia Eagles,Washington Commanders,mybookieag,totals,Over,46.5,1.91
2026-08-28T21:57,17885cb8dcade8f6c3bce14b2de805e8,2026-09-13T20:25:00Z,Philadelphia Eagles,Washington Commanders,mybookieag,totals,Under,46.5,1.91
2026-08-28T21:57,17885cb8dcade8f6c3bce14b2de805e8,2026-09-13T20:25:00Z,Philadelphia Eagles,Washington Commanders,coolbet,h2h,Philadelphia Eagles,,1.43
2026-08-28T21:57,17885cb8dcade8f6c3bce14b2de805e8,2026-09-13T20:25:00Z,Philadelphia Eagles,Washington Commanders,coolbet,h2h,Washington Commanders,,2.77
2026-08-28T21:57,17885cb8dcade8f6c3bce14b2de805e8,2026-09-13T20:25:00Z,Philadelphia Eagles,Washington Commanders,coolbet,spreads,Philadelphia Eagles,-4.5,1.95
2026-08-28T21:57,17885cb8dcade8f6c3bce14b2de805e8,2026-09-13T20:25:00Z,Philadelphia Eagles,Washington Commanders,coolbet,spreads,Washington Commanders,4.5,1.9
2026-08-28T21:57,17885cb8dcade8f6c3bce14b2de805e8,2026-09-13T20:25:00Z,Philadelphia Eagles,Washington Commanders,coolbet,totals,Over,46.5,1.93
2026-08-28T21:57,17885cb8dcade8f6c3bce14b2de805e8,2026-09-13T20:25:00Z,Philadelphia Eagles,Washington Commanders,coolbet,totals,Under,46.5,1.91
2026-08-28T21:57,17885cb8dcade8f6c3bce14b2de805e8,2026-09-13T20:25:00Z,Philadelphia Eagles,Washington Commanders,betfair_ex_eu,h2h,Philadelphia Eagles,,1.39
2026-08-28T21:57,17885cb8dcade8f6c3bce14b2de805e8,2026-09-13T20:25:00Z,Philadelphia Eagles,Washington Commanders,betfair_ex_eu,h2h,Washington Commanders,,2.64
2026-08-28T21:57,17885cb8dcade8f6c3bce14b2de805e8,2026-09-13T20:25:00Z,Philadelphia Eagles,Washington Commanders,betfair_ex_eu,h2h_lay,Philadelphia Eagles,,1.61
2026-08-28T21:57,17885cb8dcade8f6c3bce14b2de805e8,2026-09-13T20:25:00Z,Philadelphia Eagles,Washington Commanders,betfair_ex_eu,h2h_lay,Washington Commanders,,3.55
2026-08-28T21:57,17885cb8dcade8f6c3bce14b2de805e8,2026-09-13T20:25:00Z,Philadelphia Eagles,Washington Commanders,everygame,h2h,Philadelphia Eagles,,1.45
2026-08-28T21:57,17885cb8dcade8f6c3bce14b2de805e8,2026-09-13T20:25:00Z,Philadelphia Eagles,Washington Commanders,everygame,h2h,Washington Commanders,,2.8
2026-08-28T21:57,17885cb8dcade8f6c3bce14b2de805e8,2026-09-13T20:25:00Z,Philadelphia Eagles,Washington Commanders,everygame,spreads,Philadelphia Eagles,-4.5,1.91
2026-08-28T21:57,17885cb8dcade8f6c3bce14b2de805e8,2026-09-13T20:25:00Z,Philadelphia Eagles,Washington Commanders,everygame,spreads,Washington Commanders,4.5,1.91
2026-08-28T21:57,17885cb8dcade8f6c3bce14b2de805e8,2026-09-13T20:25:00Z,Philadelphia Eagles,Washington Commanders,everygame,totals,Over,46.5,1.91
2026-08-28T21:57,17885cb8dcade8f6c3bce14b2de805e8,2026-09-13T20:25:00Z,Philadelphia Eagles,Washington Commanders,everygame,totals,Under,46.5,1.91
2026-08-28T21:57,17885cb8dcade8f6c3bce14b2de805e8,2026-09-13T20:25:00Z,Philadelphia Eagles,Washington Commanders,pmu_fr,h2h,Philadelphia Eagles,,1.48
2026-08-28T21:57,17885cb8dcade8f6c3bce14b2de805e8,2026-09-13T20:25:00Z,Philadelphia Eagles,Washington Commanders,pmu_fr,h2h,Washington Commanders,,2.7
2026-08-28T21:57,17885cb8dcade8f6c3bce14b2de805e8,2026-09-13T20:25:00Z,Philadelphia Eagles,Washington Commanders,pmu_fr,spreads,Philadelphia Eagles,-4.5,1.89
2026-08-28T21:57,17885cb8dcade8f6c3bce14b2de805e8,2026-09-13T20:25:00Z,Philadelphia Eagles,Washington Commanders,pmu_fr,spreads,Washington Commanders,4.5,1.92
2026-08-28T21:57,17885cb8dcade8f6c3bce14b2de805e8,2026-09-13T20:25:00Z,Philadelphia Eagles,Washington Commanders,pmu_fr,totals,Over,46.5,1.91
2026-08-28T21:57,17885cb8dcade8f6c3bce14b2de805e8,2026-09-13T20:25:00Z,Philadelphia Eagles,Washington Commanders,pmu_fr,totals,Under,46.5,1.91
2026-08-28T21:57,3e646c7479c57f5d9752d8c7dfe7059b,2026-09-14T00:20:00Z,New York Giants,Dallas Cowboys,onexbet,spreads,Dallas Cowboys,-2.5,1.87
2026-08-28T21:57,3e646c7479c57f5d9752d8c7dfe7059b,2026-09-14T00:20:00Z,New York Giants,Dallas Cowboys,onexbet,spreads,New York Giants,2.5,1.95
2026-08-28T21:57,3e646c7479c57f5d9752d8c7dfe7059b,2026-09-14T00:20:00Z,New York Giants,Dallas Cowboys,onexbet,totals,Over,48.5,1.91
2026-08-28T21:57,3e646c7479c57f5d9752d8c7dfe7059b,2026-09-14T00:20:00Z,New York Giants,Dallas Cowboys,onexbet,totals,Under,48.5,1.91
2026-08-28T21:57,3e646c7479c57f5d9752d8c7dfe7059b,2026-09-14T00:20:00Z,New York Giants,Dallas Cowboys,betclic_fr,h2h,Dallas Cowboys,,1.65
2026-08-28T21:57,3e646c7479c57f5d9752d8c7dfe7059b,2026-09-14T00:20:00Z,New York Giants,Dallas Cowboys,betclic_fr,h2h,New York Giants,,2.2
2026-08-28T21:57,3e646c7479c57f5d9752d8c7dfe7059b,2026-09-14T00:20:00Z,New York Giants,Dallas Cowboys,williamhill,h2h,Dallas Cowboys,,1.67
2026-08-28T21:57,3e646c7479c57f5d9752d8c7dfe7059b,2026-09-14T00:20:00Z,New York Giants,Dallas Cowboys,williamhill,h2h,New York Giants,,2.2
2026-08-28T21:57,3e646c7479c57f5d9752d8c7dfe7059b,2026-09-14T00:20:00Z,New York Giants,Dallas Cowboys,betonlineag,h2h,Dallas Cowboys,,1.62
2026-08-28T21:57,3e646c7479c57f5d9752d8c7dfe7059b,2026-09-14T00:20:00Z,New York Giants,Dallas Cowboys,betonlineag,h2h,New York Giants,,2.4
2026-08-28T21:57,3e646c7479c57f5d9752d8c7dfe7059b,2026-09-14T00:20:00Z,New York Giants,Dallas Cowboys,betonlineag,spreads,Dallas Cowboys,-3.0,1.95
2026-08-28T21:57,3e646c7479c57f5d9752d8c7dfe7059b,2026-09-14T00:20:00Z,New York Giants,Dallas Cowboys,betonlineag,spreads,New York Giants,3.0,1.87
2026-08-28T21:57,3e646c7479c57f5d9752d8c7dfe7059b,2026-09-14T00:20:00Z,New York Giants,Dallas Cowboys,betonlineag,totals,Over,48.0,1.87
2026-08-28T21:57,3e646c7479c57f5d9752d8c7dfe7059b,2026-09-14T00:20:00Z,New York Giants,Dallas Cowboys,betonlineag,totals,Under,48.0,1.95
2026-08-28T21:57,3e646c7479c57f5d9752d8c7dfe7059b,2026-09-14T00:20:00Z,New York Giants,Dallas Cowboys,leovegas_se,h2h,Dallas Cowboys,,1.65
2026-08-28T21:57,3e646c7479c57f5d9752d8c7dfe7059b,2026-09-14T00:20:00Z,New York Giants,Dallas Cowboys,leovegas_se,h2h,New York Giants,,2.32
2026-08-28T21:57,3e646c7479c57f5d9752d8c7dfe7059b,2026-09-14T00:20:00Z,New York Giants,Dallas Cowboys,leovegas_se,spreads,Dallas Cowboys,-2.5,1.85
2026-08-28T21:57,3e646c7479c57f5d9752d8c7dfe7059b,2026-09-14T00:20:00Z,New York Giants,Dallas Cowboys,leovegas_se,spreads,New York Giants,2.5,1.96
2026-08-28T21:57,3e646c7479c57f5d9752d8c7dfe7059b,2026-09-14T00:20:00Z,New York Giants,Dallas Cowboys,unibet_se,h2h,Dallas Cowboys,,1.66
2026-08-28T21:57,3e646c7479c57f5d9752d8c7dfe7059b,2026-09-14T00:20:00Z,New York Giants,Dallas Cowboys,unibet_se,h2h,New York Giants,,2.35
2026-08-28T21:57,3e646c7479c57f5d9752d8c7dfe7059b,2026-09-14T00:20:00Z,New York Giants,Dallas Cowboys,unibet_se,spreads,Dallas Cowboys,-2.5,1.85
2026-08-28T21:57,3e646c7479c57f5d9752d8c7dfe7059b,2026-09-14T00:20:00Z,New York Giants,Dallas Cowboys,unibet_se,spreads,New York Giants,2.5,1.96
2026-08-28T21:57,3e646c7479c57f5d9752d8c7dfe7059b,2026-09-14T00:20:00Z,New York Giants,Dallas Cowboys,unibet_nl,h2h,Dallas Cowboys,,1.65
2026-08-28T21:57,3e646c7479c57f5d9752d8c7dfe7059b,2026-09-14T00:20:00Z,New York Giants,Dallas Cowboys,unibet_nl,h2h,New York Giants,,2.32
2026-08-28T21:57,3e646c7479c57f5d9752d8c7dfe7059b,2026-09-14T00:20:00Z,New York Giants,Dallas Cowboys,unibet_nl,spreads,Dallas Cowboys,-2.5,1.85
2026-08-28T21:57,3e646c7479c57f5d9752d8c7dfe7059b,2026-09-14T00:20:00Z,New York Giants,Dallas Cowboys,unibet_nl,spreads,New York Giants,2.5,1.96
2026-08-28T21:57,3e646c7479c57f5d9752d8c7dfe7059b,2026-09-14T00:20:00Z,New York Giants,Dallas Cowboys,unibet_nl,totals,Over,48.5,1.93
2026-08-28T21:57,3e646c7479c57f5d9752d8c7dfe7059b,2026-09-14T00:20:00Z,New York Giants,Dallas Cowboys,unibet_nl,totals,Under,48.5,1.88
2026-08-28T21:57,3e646c7479c57f5d9752d8c7dfe7059b,2026-09-14T00:20:00Z,New York Giants,Dallas Cowboys,gtbets,h2h,Dallas Cowboys,,1.62
2026-08-28T21:57,3e646c7479c57f5d9752d8c7dfe7059b,2026-09-14T00:20:00Z,New York Giants,Dallas Cowboys,gtbets,h2h,New York Giants,,2.35
2026-08-28T21:57,3e646c7479c57f5d9752d8c7dfe7059b,2026-09-14T00:20:00Z,New York Giants,Dallas Cowboys,gtbets,spreads,Dallas Cowboys,-3.0,1.96
2026-08-28T21:57,3e646c7479c57f5d9752d8c7dfe7059b,2026-09-14T00:20:00Z,New York Giants,Dallas Cowboys,gtbets,spreads,New York Giants,3.0,1.88
2026-08-28T21:57,3e646c7479c57f5d9752d8c7dfe7059b,2026-09-14T00:20:00Z,New York Giants,Dallas Cowboys,gtbets,totals,Over,48.5,1.92
2026-08-28T21:57,3e646c7479c57f5d9752d8c7dfe7059b,2026-09-14T00:20:00Z,New York Giants,Dallas Cowboys,gtbets,totals,Under,48.5,1.92
2026-08-28T21:57,3e646c7479c57f5d9752d8c7dfe7059b,2026-09-14T00:20:00Z,New York Giants,Dallas Cowboys,tipico_de,h2h,Dallas Cowboys,,1.65
2026-08-28T21:57,3e646c7479c57f5d9752d8c7dfe7059b,2026-09-14T00:20:00Z,New York Giants,Dallas Cowboys,tipico_de,h2h,New York Giants,,2.2
2026-08-28T21:57,3e646c7479c57f5d9752d8c7dfe7059b,2026-09-14T00:20:00Z,New York Giants,Dallas Cowboys,tipico_de,spreads,Dallas Cowboys,-2.5,1.83
2026-08-28T21:57,3e646c7479c57f5d9752d8c7dfe7059b,2026-09-14T00:20:00Z,New York Giants,Dallas Cowboys,tipico_de,spreads,New York Giants,2.5,1.93
2026-08-28T21:57,3e646c7479c57f5d9752d8c7dfe7059b,2026-09-14T00:20:00Z,New York Giants,Dallas Cowboys,tipico_de,totals,Over,48.5,1.87
2026-08-28T21:57,3e646c7479c57f5d9752d8c7dfe7059b,2026-09-14T00:20:00Z,New York Giants,Dallas Cowboys,tipico_de,totals,Under,48.5,1.9
2026-08-28T21:57,3e646c7479c57f5d9752d8c7dfe7059b,2026-09-14T00:20:00Z,New York Giants,Dallas Cowboys,betsson,h2h,Dallas Cowboys,,1.62
2026-08-28T21:57,3e646c7479c57f5d9752d8c7dfe7059b,2026-09-14T00:20:00Z,New York Giants,Dallas Cowboys,betsson,h2h,New York Giants,,2.16
2026-08-28T21:57,3e646c7479c57f5d9752d8c7dfe7059b,2026-09-14T00:20:00Z,New York Giants,Dallas Cowboys,betsson,spreads,Dallas Cowboys,-2.5,1.81
2026-08-28T21:57,3e646c7479c57f5d9752d8c7dfe7059b,2026-09-14T00:20:00Z,New York Giants,Dallas Cowboys,betsson,spreads,New York Giants,2.5,1.89
2026-08-28T21:57,3e646c7479c57f5d9752d8c7dfe7059b,2026-09-14T00:20:00Z,New York Giants,Dallas Cowboys,betsson,totals,Over,48.5,1.85
2026-08-28T21:57,3e646c7479c57f5d9752d8c7dfe7059b,2026-09-14T00:20:00Z,New York Giants,Dallas Cowboys,betsson,totals,Under,48.5,1.85
2026-08-28T21:57,3e646c7479c57f5d9752d8c7dfe7059b,2026-09-14T00:20:00Z,New York Giants,Dallas Cowboys,nordicbet,h2h,Dallas Cowboys,,1.62
2026-08-28T21:57,3e646c7479c57f5d9752d8c7dfe7059b,2026-09-14T00:20:00Z,New York Giants,Dallas Cowboys,nordicbet,h2h,New York Giants,,2.16
2026-08-28T21:57,3e646c7479c57f5d9752d8c7dfe7059b,2026-09-14T00:20:00Z,New York Giants,Dallas Cowboys,nordicbet,spreads,Dallas Cowboys,-2.5,1.81
2026-08-28T21:57,3e646c7479c57f5d9752d8c7dfe7059b,2026-09-14T00:20:00Z,New York Giants,Dallas Cowboys,nordicbet,spreads,New York Giants,2.5,1.89
2026-08-28T21:57,3e646c7479c57f5d9752d8c7dfe7059b,2026-09-14T00:20:00Z,New York Giants,Dallas Cowboys,nordicbet,totals,Over,48.5,1.85
2026-08-28T21:57,3e646c7479c57f5d9752d8c7dfe7059b,2026-09-14T00:20:00Z,New York Giants,Dallas Cowboys,nordicbet,totals,Under,48.5,1.85
2026-08-28T21:57,3e646c7479c57f5d9752d8c7dfe7059b,2026-09-14T00:20:00Z,New York Giants,Dallas Cowboys,pinnacle,h2h,Dallas Cowboys,,1.64
2026-08-28T21:57,3e646c7479c57f5d9752d8c7dfe7059b,2026-09-14T00:20:00Z,New York Giants,Dallas Cowboys,pinnacle,h2h,New York Giants,,2.38
2026-08-28T21:57,3e646c7479c57f5d9752d8c7dfe7059b,2026-09-14T00:20:00Z,New York Giants,Dallas Cowboys,pinnacle,spreads,Dallas Cowboys,-2.5,1.82
2026-08-28T21:57,3e646c7479c57f5d9752d8c7dfe7059b,2026-09-14T00:20:00Z,New York Giants,Dallas Cowboys,pinnacle,spreads,New York Giants,2.5,2.08
2026-08-28T21:57,3e646c7479c57f5d9752d8c7dfe7059b,2026-09-14T00:20:00Z,New York Giants,Dallas Cowboys,pinnacle,totals,Over,47.5,1.83
2026-08-28T21:57,3e646c7479c57f5d9752d8c7dfe7059b,2026-09-14T00:20:00Z,New York Giants,Dallas Cowboys,pinnacle,totals,Under,47.5,2.04
2026-08-28T21:57,3e646c7479c57f5d9752d8c7dfe7059b,2026-09-14T00:20:00Z,New York Giants,Dallas Cowboys,marathonbet,h2h,Dallas Cowboys,,1.66
2026-08-28T21:57,3e646c7479c57f5d9752d8c7dfe7059b,2026-09-14T00:20:00Z,New York Giants,Dallas Cowboys,marathonbet,h2h,New York Giants,,2.19
2026-08-28T21:57,3e646c7479c57f5d9752d8c7dfe7059b,2026-09-14T00:20:00Z,New York Giants,Dallas Cowboys,mybookieag,h2h,Dallas Cowboys,,1.62
2026-08-28T21:57,3e646c7479c57f5d9752d8c7dfe7059b,2026-09-14T00:20:00Z,New York Giants,Dallas Cowboys,mybookieag,h2h,New York Giants,,2.25
2026-08-28T21:57,3e646c7479c57f5d9752d8c7dfe7059b,2026-09-14T00:20:00Z,New York Giants,Dallas Cowboys,mybookieag,spreads,Dallas Cowboys,-3.0,1.91
2026-08-28T21:57,3e646c7479c57f5d9752d8c7dfe7059b,2026-09-14T00:20:00Z,New York Giants,Dallas Cowboys,mybookieag,spreads,New York Giants,3.0,1.91
2026-08-28T21:57,3e646c7479c57f5d9752d8c7dfe7059b,2026-09-14T00:20:00Z,New York Giants,Dallas Cowboys,mybookieag,totals,Over,48.5,1.91
2026-08-28T21:57,3e646c7479c57f5d9752d8c7dfe7059b,2026-09-14T00:20:00Z,New York Giants,Dallas Cowboys,mybookieag,totals,Under,48.5,1.91
2026-08-28T21:57,3e646c7479c57f5d9752d8c7dfe7059b,2026-09-14T00:20:00Z,New York Giants,Dallas Cowboys,coolbet,h2h,Dallas Cowboys,,1.65
2026-08-28T21:57,3e646c7479c57f5d9752d8c7dfe7059b,2026-09-14T00:20:00Z,New York Giants,Dallas Cowboys,coolbet,h2h,New York Giants,,2.2
2026-08-28T21:57,3e646c7479c57f5d9752d8c7dfe7059b,2026-09-14T00:20:00Z,New York Giants,Dallas Cowboys,coolbet,spreads,Dallas Cowboys,-2.5,1.88
2026-08-28T21:57,3e646c7479c57f5d9752d8c7dfe7059b,2026-09-14T00:20:00Z,New York Giants,Dallas Cowboys,coolbet,spreads,New York Giants,2.5,1.97
2026-08-28T21:57,3e646c7479c57f5d9752d8c7dfe7059b,2026-09-14T00:20:00Z,New York Giants,Dallas Cowboys,coolbet,totals,Over,48.5,1.92
2026-08-28T21:57,3e646c7479c57f5d9752d8c7dfe7059b,2026-09-14T00:20:00Z,New York Giants,Dallas Cowboys,coolbet,totals,Under,48.5,1.92
2026-08-28T21:57,3e646c7479c57f5d9752d8c7dfe7059b,2026-09-14T00:20:00Z,New York Giants,Dallas Cowboys,betfair_ex_eu,h2h,Dallas Cowboys,,1.64
2026-08-28T21:57,3e646c7479c57f5d9752d8c7dfe7059b,2026-09-14T00:20:00Z,New York Giants,Dallas Cowboys,betfair_ex_eu,h2h,New York Giants,,2.34
2026-08-28T21:57,3e646c7479c57f5d9752d8c7dfe7059b,2026-09-14T00:20:00Z,New York Giants,Dallas Cowboys,betfair_ex_eu,h2h_lay,Dallas Cowboys,,1.75
2026-08-28T21:57,3e646c7479c57f5d9752d8c7dfe7059b,2026-09-14T00:20:00Z,New York Giants,Dallas Cowboys,betfair_ex_eu,h2h_lay,New York Giants,,2.56
2026-08-28T21:57,3e646c7479c57f5d9752d8c7dfe7059b,2026-09-14T00:20:00Z,New York Giants,Dallas Cowboys,everygame,h2h,Dallas Cowboys,,1.62
2026-08-28T21:57,3e646c7479c57f5d9752d8c7dfe7059b,2026-09-14T00:20:00Z,New York Giants,Dallas Cowboys,everygame,h2h,New York Giants,,2.4
2026-08-28T21:57,3e646c7479c57f5d9752d8c7dfe7059b,2026-09-14T00:20:00Z,New York Giants,Dallas Cowboys,everygame,spreads,Dallas Cowboys,-3.0,1.91
2026-08-28T21:57,3e646c7479c57f5d9752d8c7dfe7059b,2026-09-14T00:20:00Z,New York Giants,Dallas Cowboys,everygame,spreads,New York Giants,3.0,1.91
2026-08-28T21:57,3e646c7479c57f5d9752d8c7dfe7059b,2026-09-14T00:20:00Z,New York Giants,Dallas Cowboys,everygame,totals,Over,48.5,1.91
2026-08-28T21:57,3e646c7479c57f5d9752d8c7dfe7059b,2026-09-14T00:20:00Z,New York Giants,Dallas Cowboys,everygame,totals,Under,48.5,1.91
2026-08-28T21:57,3e646c7479c57f5d9752d8c7dfe7059b,2026-09-14T00:20:00Z,New York Giants,Dallas Cowboys,pmu_fr,h2h,Dallas Cowboys,,1.64
2026-08-28T21:57,3e646c7479c57f5d9752d8c7dfe7059b,2026-09-14T00:20:00Z,New York Giants,Dallas Cowboys,pmu_fr,h2h,New York Giants,,2.32
2026-08-28T21:57,3e646c7479c57f5d9752d8c7dfe7059b,2026-09-14T00:20:00Z,New York Giants,Dallas Cowboys,pmu_fr,spreads,Dallas Cowboys,-2.5,1.85
2026-08-28T21:57,3e646c7479c57f5d9752d8c7dfe7059b,2026-09-14T00:20:00Z,New York Giants,Dallas Cowboys,pmu_fr,spreads,New York Giants,2.5,1.96
2026-08-28T21:57,3e646c7479c57f5d9752d8c7dfe7059b,2026-09-14T00:20:00Z,New York Giants,Dallas Cowboys,pmu_fr,totals,Over,48.5,1.93
2026-08-28T21:57,3e646c7479c57f5d9752d8c7dfe7059b,2026-09-14T00:20:00Z,New York Giants,Dallas Cowboys,pmu_fr,totals,Under,48.5,1.88
2026-08-28T21:57,5ad8135dc2b5f27de0b777acd317855a,2026-09-15T00:15:00Z,Kansas City Chiefs,Denver Broncos,betonlineag,h2h,Denver Broncos,,2.2
2026-08-28T21:57,5ad8135dc2b5f27de0b777acd317855a,2026-09-15T00:15:00Z,Kansas City Chiefs,Denver Broncos,betonlineag,h2h,Kansas City Chiefs,,1.71
2026-08-28T21:57,5ad8135dc2b5f27de0b777acd317855a,2026-09-15T00:15:00Z,Kansas City Chiefs,Denver Broncos,betonlineag,spreads,Denver Broncos,2.5,1.91
2026-08-28T21:57,5ad8135dc2b5f27de0b777acd317855a,2026-09-15T00:15:00Z,Kansas City Chiefs,Denver Broncos,betonlineag,spreads,Kansas City Chiefs,-2.5,1.91
2026-08-28T21:57,5ad8135dc2b5f27de0b777acd317855a,2026-09-15T00:15:00Z,Kansas City Chiefs,Denver Broncos,betonlineag,totals,Over,43.5,1.91
2026-08-28T21:57,5ad8135dc2b5f27de0b777acd317855a,2026-09-15T00:15:00Z,Kansas City Chiefs,Denver Broncos,betonlineag,totals,Under,43.5,1.91
2026-08-28T21:57,5ad8135dc2b5f27de0b777acd317855a,2026-09-15T00:15:00Z,Kansas City Chiefs,Denver Broncos,nordicbet,h2h,Denver Broncos,,2.14
2026-08-28T21:57,5ad8135dc2b5f27de0b777acd317855a,2026-09-15T00:15:00Z,Kansas City Chiefs,Denver Broncos,nordicbet,h2h,Kansas City Chiefs,,1.63
2026-08-28T21:57,5ad8135dc2b5f27de0b777acd317855a,2026-09-15T00:15:00Z,Kansas City Chiefs,Denver Broncos,nordicbet,spreads,Denver Broncos,2.5,1.89
2026-08-28T21:57,5ad8135dc2b5f27de0b777acd317855a,2026-09-15T00:15:00Z,Kansas City Chiefs,Denver Broncos,nordicbet,spreads,Kansas City Chiefs,-2.5,1.81
2026-08-28T21:57,5ad8135dc2b5f27de0b777acd317855a,2026-09-15T00:15:00Z,Kansas City Chiefs,Denver Broncos,nordicbet,totals,Over,43.0,1.87
2026-08-28T21:57,5ad8135dc2b5f27de0b777acd317855a,2026-09-15T00:15:00Z,Kansas City Chiefs,Denver Broncos,nordicbet,totals,Under,43.0,1.83
2026-08-28T21:57,5ad8135dc2b5f27de0b777acd317855a,2026-09-15T00:15:00Z,Kansas City Chiefs,Denver Broncos,betsson,h2h,Denver Broncos,,2.14
2026-08-28T21:57,5ad8135dc2b5f27de0b777acd317855a,2026-09-15T00:15:00Z,Kansas City Chiefs,Denver Broncos,betsson,h2h,Kansas City Chiefs,,1.63
2026-08-28T21:57,5ad8135dc2b5f27de0b777acd317855a,2026-09-15T00:15:00Z,Kansas City Chiefs,Denver Broncos,betsson,spreads,Denver Broncos,2.5,1.89
2026-08-28T21:57,5ad8135dc2b5f27de0b777acd317855a,2026-09-15T00:15:00Z,Kansas City Chiefs,Denver Broncos,betsson,spreads,Kansas City Chiefs,-2.5,1.81
2026-08-28T21:57,5ad8135dc2b5f27de0b777acd317855a,2026-09-15T00:15:00Z,Kansas City Chiefs,Denver Broncos,betsson,totals,Over,43.0,1.87
2026-08-28T21:57,5ad8135dc2b5f27de0b777acd317855a,2026-09-15T00:15:00Z,Kansas City Chiefs,Denver Broncos,betsson,totals,Under,43.0,1.83
2026-08-28T21:57,5ad8135dc2b5f27de0b777acd317855a,2026-09-15T00:15:00Z,Kansas City Chiefs,Denver Broncos,onexbet,spreads,Denver Broncos,2.5,2.0
2026-08-28T21:57,5ad8135dc2b5f27de0b777acd317855a,2026-09-15T00:15:00Z,Kansas City Chiefs,Denver Broncos,onexbet,spreads,Kansas City Chiefs,-2.5,1.83
2026-08-28T21:57,5ad8135dc2b5f27de0b777acd317855a,2026-09-15T00:15:00Z,Kansas City Chiefs,Denver Broncos,onexbet,totals,Over,43.5,1.9
2026-08-28T21:57,5ad8135dc2b5f27de0b777acd317855a,2026-09-15T00:15:00Z,Kansas City Chiefs,Denver Broncos,onexbet,totals,Under,43.5,1.9
2026-08-28T21:57,5ad8135dc2b5f27de0b777acd317855a,2026-09-15T00:15:00Z,Kansas City Chiefs,Denver Broncos,betclic_fr,h2h,Denver Broncos,,2.15
2026-08-28T21:57,5ad8135dc2b5f27de0b777acd317855a,2026-09-15T00:15:00Z,Kansas City Chiefs,Denver Broncos,betclic_fr,h2h,Kansas City Chiefs,,1.65
2026-08-28T21:57,5ad8135dc2b5f27de0b777acd317855a,2026-09-15T00:15:00Z,Kansas City Chiefs,Denver Broncos,williamhill,h2h,Denver Broncos,,2.2
2026-08-28T21:57,5ad8135dc2b5f27de0b777acd317855a,2026-09-15T00:15:00Z,Kansas City Chiefs,Denver Broncos,williamhill,h2h,Kansas City Chiefs,,1.67
2026-08-28T21:57,5ad8135dc2b5f27de0b777acd317855a,2026-09-15T00:15:00Z,Kansas City Chiefs,Denver Broncos,gtbets,h2h,Denver Broncos,,2.25
2026-08-28T21:57,5ad8135dc2b5f27de0b777acd317855a,2026-09-15T00:15:00Z,Kansas City Chiefs,Denver Broncos,gtbets,h2h,Kansas City Chiefs,,1.69
2026-08-28T21:57,5ad8135dc2b5f27de0b777acd317855a,2026-09-15T00:15:00Z,Kansas City Chiefs,Denver Broncos,gtbets,spreads,Denver Broncos,2.5,2.01
2026-08-28T21:57,5ad8135dc2b5f27de0b777acd317855a,2026-09-15T00:15:00Z,Kansas City Chiefs,Denver Broncos,gtbets,spreads,Kansas City Chiefs,-2.5,1.84
2026-08-28T21:57,5ad8135dc2b5f27de0b777acd317855a,2026-09-15T00:15:00Z,Kansas City Chiefs,Denver Broncos,gtbets,totals,Over,43.0,1.92
2026-08-28T21:57,5ad8135dc2b5f27de0b777acd317855a,2026-09-15T00:15:00Z,Kansas City Chiefs,Denver Broncos,gtbets,totals,Under,43.0,1.92
2026-08-28T21:57,5ad8135dc2b5f27de0b777acd317855a,2026-09-15T00:15:00Z,Kansas City Chiefs,Denver Broncos,unibet_se,h2h,Denver Broncos,,2.25
2026-08-28T21:57,5ad8135dc2b5f27de0b777acd317855a,2026-09-15T00:15:00Z,Kansas City Chiefs,Denver Broncos,unibet_se,h2h,Kansas City Chiefs,,1.66
2026-08-28T21:57,5ad8135dc2b5f27de0b777acd317855a,2026-09-15T00:15:00Z,Kansas City Chiefs,Denver Broncos,unibet_se,spreads,Denver Broncos,3.0,1.85
2026-08-28T21:57,5ad8135dc2b5f27de0b777acd317855a,2026-09-15T00:15:00Z,Kansas City Chiefs,Denver Broncos,unibet_se,spreads,Kansas City Chiefs,-3.0,1.96
2026-08-28T21:57,5ad8135dc2b5f27de0b777acd317855a,2026-09-15T00:15:00Z,Kansas City Chiefs,Denver Broncos,leovegas_se,h2h,Denver Broncos,,2.25
2026-08-28T21:57,5ad8135dc2b5f27de0b777acd317855a,2026-09-15T00:15:00Z,Kansas City Chiefs,Denver Broncos,leovegas_se,h2h,Kansas City Chiefs,,1.66
2026-08-28T21:57,5ad8135dc2b5f27de0b777acd317855a,2026-09-15T00:15:00Z,Kansas City Chiefs,Denver Broncos,leovegas_se,spreads,Denver Broncos,3.0,1.85
2026-08-28T21:57,5ad8135dc2b5f27de0b777acd317855a,2026-09-15T00:15:00Z,Kansas City Chiefs,Denver Broncos,leovegas_se,spreads,Kansas City Chiefs,-3.0,1.96
2026-08-28T21:57,5ad8135dc2b5f27de0b777acd317855a,2026-09-15T00:15:00Z,Kansas City Chiefs,Denver Broncos,unibet_nl,h2h,Denver Broncos,,2.25
2026-08-28T21:57,5ad8135dc2b5f27de0b777acd317855a,2026-09-15T00:15:00Z,Kansas City Chiefs,Denver Broncos,unibet_nl,h2h,Kansas City Chiefs,,1.66
2026-08-28T21:57,5ad8135dc2b5f27de0b777acd317855a,2026-09-15T00:15:00Z,Kansas City Chiefs,Denver Broncos,unibet_nl,spreads,Denver Broncos,3.0,1.85
2026-08-28T21:57,5ad8135dc2b5f27de0b777acd317855a,2026-09-15T00:15:00Z,Kansas City Chiefs,Denver Broncos,unibet_nl,spreads,Kansas City Chiefs,-3.0,1.96
2026-08-28T21:57,5ad8135dc2b5f27de0b777acd317855a,2026-09-15T00:15:00Z,Kansas City Chiefs,Denver Broncos,unibet_nl,totals,Over,43.0,1.93
2026-08-28T21:57,5ad8135dc2b5f27de0b777acd317855a,2026-09-15T00:15:00Z,Kansas City Chiefs,Denver Broncos,unibet_nl,totals,Under,43.0,1.88
2026-08-28T21:57,5ad8135dc2b5f27de0b777acd317855a,2026-09-15T00:15:00Z,Kansas City Chiefs,Denver Broncos,tipico_de,h2h,Denver Broncos,,2.2
2026-08-28T21:57,5ad8135dc2b5f27de0b777acd317855a,2026-09-15T00:15:00Z,Kansas City Chiefs,Denver Broncos,tipico_de,h2h,Kansas City Chiefs,,1.65
2026-08-28T21:57,5ad8135dc2b5f27de0b777acd317855a,2026-09-15T00:15:00Z,Kansas City Chiefs,Denver Broncos,tipico_de,spreads,Denver Broncos,2.5,1.97
2026-08-28T21:57,5ad8135dc2b5f27de0b777acd317855a,2026-09-15T00:15:00Z,Kansas City Chiefs,Denver Broncos,tipico_de,spreads,Kansas City Chiefs,-2.5,1.8
2026-08-28T21:57,5ad8135dc2b5f27de0b777acd317855a,2026-09-15T00:15:00Z,Kansas City Chiefs,Denver Broncos,tipico_de,totals,Over,42.5,1.83
2026-08-28T21:57,5ad8135dc2b5f27de0b777acd317855a,2026-09-15T00:15:00Z,Kansas City Chiefs,Denver Broncos,tipico_de,totals,Under,42.5,1.95
2026-08-28T21:57,5ad8135dc2b5f27de0b777acd317855a,2026-09-15T00:15:00Z,Kansas City Chiefs,Denver Broncos,pinnacle,h2h,Denver Broncos,,2.29
2026-08-28T21:57,5ad8135dc2b5f27de0b777acd317855a,2026-09-15T00:15:00Z,Kansas City Chiefs,Denver Broncos,pinnacle,h2h,Kansas City Chiefs,,1.68
2026-08-28T21:57,5ad8135dc2b5f27de0b777acd317855a,2026-09-15T00:15:00Z,Kansas City Chiefs,Denver Broncos,pinnacle,spreads,Denver Broncos,3.0,1.83
2026-08-28T21:57,5ad8135dc2b5f27de0b777acd317855a,2026-09-15T00:15:00Z,Kansas City Chiefs,Denver Broncos,pinnacle,spreads,Kansas City Chiefs,-3.0,2.07
2026-08-28T21:57,5ad8135dc2b5f27de0b777acd317855a,2026-09-15T00:15:00Z,Kansas City Chiefs,Denver Broncos,pinnacle,totals,Over,43.0,1.88
2026-08-28T21:57,5ad8135dc2b5f27de0b777acd317855a,2026-09-15T00:15:00Z,Kansas City Chiefs,Denver Broncos,pinnacle,totals,Under,43.0,1.98
2026-08-28T21:57,5ad8135dc2b5f27de0b777acd317855a,2026-09-15T00:15:00Z,Kansas City Chiefs,Denver Broncos,marathonbet,h2h,Denver Broncos,,2.21
2026-08-28T21:57,5ad8135dc2b5f27de0b777acd317855a,2026-09-15T00:15:00Z,Kansas City Chiefs,Denver Broncos,marathonbet,h2h,Kansas City Chiefs,,1.65
2026-08-28T21:57,5ad8135dc2b5f27de0b777acd317855a,2026-09-15T00:15:00Z,Kansas City Chiefs,Denver Broncos,mybookieag,h2h,Denver Broncos,,2.19
2026-08-28T21:57,5ad8135dc2b5f27de0b777acd317855a,2026-09-15T00:15:00Z,Kansas City Chiefs,Denver Broncos,mybookieag,h2h,Kansas City Chiefs,,1.65
2026-08-28T21:57,5ad8135dc2b5f27de0b777acd317855a,2026-09-15T00:15:00Z,Kansas City Chiefs,Denver Broncos,mybookieag,spreads,Denver Broncos,2.5,1.91
2026-08-28T21:57,5ad8135dc2b5f27de0b777acd317855a,2026-09-15T00:15:00Z,Kansas City Chiefs,Denver Broncos,mybookieag,spreads,Kansas City Chiefs,-2.5,1.91
2026-08-28T21:57,5ad8135dc2b5f27de0b777acd317855a,2026-09-15T00:15:00Z,Kansas City Chiefs,Denver Broncos,mybookieag,totals,Over,43.0,1.91
2026-08-28T21:57,5ad8135dc2b5f27de0b777acd317855a,2026-09-15T00:15:00Z,Kansas City Chiefs,Denver Broncos,mybookieag,totals,Under,43.0,1.91
2026-08-28T21:57,5ad8135dc2b5f27de0b777acd317855a,2026-09-15T00:15:00Z,Kansas City Chiefs,Denver Broncos,coolbet,h2h,Denver Broncos,,2.19
2026-08-28T21:57,5ad8135dc2b5f27de0b777acd317855a,2026-09-15T00:15:00Z,Kansas City Chiefs,Denver Broncos,coolbet,h2h,Kansas City Chiefs,,1.66
2026-08-28T21:57,5ad8135dc2b5f27de0b777acd317855a,2026-09-15T00:15:00Z,Kansas City Chiefs,Denver Broncos,coolbet,spreads,Denver Broncos,2.5,1.97
2026-08-28T21:57,5ad8135dc2b5f27de0b777acd317855a,2026-09-15T00:15:00Z,Kansas City Chiefs,Denver Broncos,coolbet,spreads,Kansas City Chiefs,-2.5,1.88
2026-08-28T21:57,5ad8135dc2b5f27de0b777acd317855a,2026-09-15T00:15:00Z,Kansas City Chiefs,Denver Broncos,coolbet,totals,Over,43.0,1.93
2026-08-28T21:57,5ad8135dc2b5f27de0b777acd317855a,2026-09-15T00:15:00Z,Kansas City Chiefs,Denver Broncos,coolbet,totals,Under,43.0,1.91
2026-08-28T21:57,5ad8135dc2b5f27de0b777acd317855a,2026-09-15T00:15:00Z,Kansas City Chiefs,Denver Broncos,betfair_ex_eu,h2h,Denver Broncos,,2.04
2026-08-28T21:57,5ad8135dc2b5f27de0b777acd317855a,2026-09-15T00:15:00Z,Kansas City Chiefs,Denver Broncos,betfair_ex_eu,h2h,Kansas City Chiefs,,1.62
2026-08-28T21:57,5ad8135dc2b5f27de0b777acd317855a,2026-09-15T00:15:00Z,Kansas City Chiefs,Denver Broncos,betfair_ex_eu,h2h_lay,Denver Broncos,,2.62
2026-08-28T21:57,5ad8135dc2b5f27de0b777acd317855a,2026-09-15T00:15:00Z,Kansas City Chiefs,Denver Broncos,betfair_ex_eu,h2h_lay,Kansas City Chiefs,,1.95
2026-08-28T21:57,5ad8135dc2b5f27de0b777acd317855a,2026-09-15T00:15:00Z,Kansas City Chiefs,Denver Broncos,everygame,h2h,Denver Broncos,,2.25
2026-08-28T21:57,5ad8135dc2b5f27de0b777acd317855a,2026-09-15T00:15:00Z,Kansas City Chiefs,Denver Broncos,everygame,h2h,Kansas City Chiefs,,1.69
2026-08-28T21:57,5ad8135dc2b5f27de0b777acd317855a,2026-09-15T00:15:00Z,Kansas City Chiefs,Denver Broncos,everygame,spreads,Denver Broncos,2.5,2.0
2026-08-28T21:57,5ad8135dc2b5f27de0b777acd317855a,2026-09-15T00:15:00Z,Kansas City Chiefs,Denver Broncos,everygame,spreads,Kansas City Chiefs,-2.5,1.83
2026-08-28T21:57,5ad8135dc2b5f27de0b777acd317855a,2026-09-15T00:15:00Z,Kansas City Chiefs,Denver Broncos,everygame,totals,Over,43.0,1.91
2026-08-28T21:57,5ad8135dc2b5f27de0b777acd317855a,2026-09-15T00:15:00Z,Kansas City Chiefs,Denver Broncos,everygame,totals,Under,43.0,1.91
2026-08-28T21:57,5ad8135dc2b5f27de0b777acd317855a,2026-09-15T00:15:00Z,Kansas City Chiefs,Denver Broncos,pmu_fr,h2h,Denver Broncos,,2.25
2026-08-28T21:57,5ad8135dc2b5f27de0b777acd317855a,2026-09-15T00:15:00Z,Kansas City Chiefs,Denver Broncos,pmu_fr,h2h,Kansas City Chiefs,,1.66
2026-08-28T21:57,5ad8135dc2b5f27de0b777acd317855a,2026-09-15T00:15:00Z,Kansas City Chiefs,Denver Broncos,pmu_fr,spreads,Denver Broncos,3.0,1.85
2026-08-28T21:57,5ad8135dc2b5f27de0b777acd317855a,2026-09-15T00:15:00Z,Kansas City Chiefs,Denver Broncos,pmu_fr,spreads,Kansas City Chiefs,-3.0,1.96
2026-08-28T21:57,5ad8135dc2b5f27de0b777acd317855a,2026-09-15T00:15:00Z,Kansas City Chiefs,Denver Broncos,pmu_fr,totals,Over,43.0,1.93
2026-08-28T21:57,5ad8135dc2b5f27de0b777acd317855a,2026-09-15T00:15:00Z,Kansas City Chiefs,Denver Broncos,pmu_fr,totals,Under,43.0,1.88
2026-08-28T21:57,56e8897681915f7ec92baeee952bb1ae,2026-09-18T00:15:00Z,Buffalo Bills,Detroit Lions,betonlineag,spreads,Buffalo Bills,-3.0,1.91
2026-08-28T21:57,56e8897681915f7ec92baeee952bb1ae,2026-09-18T00:15:00Z,Buffalo Bills,Detroit Lions,betonlineag,spreads,Detroit Lions,3.0,1.91
2026-08-28T21:57,56e8897681915f7ec92baeee952bb1ae,2026-09-18T00:15:00Z,Buffalo Bills,Detroit Lions,betonlineag,totals,Over,51.5,1.91
2026-08-28T21:57,56e8897681915f7ec92baeee952bb1ae,2026-09-18T00:15:00Z,Buffalo Bills,Detroit Lions,betonlineag,totals,Under,51.5,1.91
2026-08-28T21:57,56e8897681915f7ec92baeee952bb1ae,2026-09-18T00:15:00Z,Buffalo Bills,Detroit Lions,nordicbet,h2h,Buffalo Bills,,1.55
2026-08-28T21:57,56e8897681915f7ec92baeee952bb1ae,2026-09-18T00:15:00Z,Buffalo Bills,Detroit Lions,nordicbet,h2h,Detroit Lions,,2.29
2026-08-28T21:57,56e8897681915f7ec92baeee952bb1ae,2026-09-18T00:15:00Z,Buffalo Bills,Detroit Lions,nordicbet,spreads,Buffalo Bills,-3.0,1.9
2026-08-28T21:57,56e8897681915f7ec92baeee952bb1ae,2026-09-18T00:15:00Z,Buffalo Bills,Detroit Lions,nordicbet,spreads,Detroit Lions,3.0,1.8
2026-08-28T21:57,56e8897681915f7ec92baeee952bb1ae,2026-09-18T00:15:00Z,Buffalo Bills,Detroit Lions,nordicbet,totals,Over,52.5,1.85
2026-08-28T21:57,56e8897681915f7ec92baeee952bb1ae,2026-09-18T00:15:00Z,Buffalo Bills,Detroit Lions,nordicbet,totals,Under,52.5,1.85
2026-08-28T21:57,56e8897681915f7ec92baeee952bb1ae,2026-09-18T00:15:00Z,Buffalo Bills,Detroit Lions,betsson,h2h,Buffalo Bills,,1.55
2026-08-28T21:57,56e8897681915f7ec92baeee952bb1ae,2026-09-18T00:15:00Z,Buffalo Bills,Detroit Lions,betsson,h2h,Detroit Lions,,2.29
2026-08-28T21:57,56e8897681915f7ec92baeee952bb1ae,2026-09-18T00:15:00Z,Buffalo Bills,Detroit Lions,betsson,spreads,Buffalo Bills,-3.0,1.9
2026-08-28T21:57,56e8897681915f7ec92baeee952bb1ae,2026-09-18T00:15:00Z,Buffalo Bills,Detroit Lions,betsson,spreads,Detroit Lions,3.0,1.8
2026-08-28T21:57,56e8897681915f7ec92baeee952bb1ae,2026-09-18T00:15:00Z,Buffalo Bills,Detroit Lions,betsson,totals,Over,52.5,1.85
2026-08-28T21:57,56e8897681915f7ec92baeee952bb1ae,2026-09-18T00:15:00Z,Buffalo Bills,Detroit Lions,betsson,totals,Under,52.5,1.85
2026-08-28T21:57,56e8897681915f7ec92baeee952bb1ae,2026-09-18T00:15:00Z,Buffalo Bills,Detroit Lions,unibet_nl,h2h,Buffalo Bills,,1.61
2026-08-28T21:57,56e8897681915f7ec92baeee952bb1ae,2026-09-18T00:15:00Z,Buffalo Bills,Detroit Lions,unibet_nl,h2h,Detroit Lions,,2.35
2026-08-28T21:57,56e8897681915f7ec92baeee952bb1ae,2026-09-18T00:15:00Z,Buffalo Bills,Detroit Lions,unibet_nl,spreads,Buffalo Bills,-3.0,1.95
2026-08-28T21:57,56e8897681915f7ec92baeee952bb1ae,2026-09-18T00:15:00Z,Buffalo Bills,Detroit Lions,unibet_nl,spreads,Detroit Lions,3.0,1.85
2026-08-28T21:57,56e8897681915f7ec92baeee952bb1ae,2026-09-18T00:15:00Z,Buffalo Bills,Detroit Lions,unibet_nl,totals,Over,52.5,1.91
2026-08-28T21:57,56e8897681915f7ec92baeee952bb1ae,2026-09-18T00:15:00Z,Buffalo Bills,Detroit Lions,unibet_nl,totals,Under,52.5,1.91
2026-08-28T21:57,56e8897681915f7ec92baeee952bb1ae,2026-09-18T00:15:00Z,Buffalo Bills,Detroit Lions,leovegas_se,h2h,Buffalo Bills,,1.61
2026-08-28T21:57,56e8897681915f7ec92baeee952bb1ae,2026-09-18T00:15:00Z,Buffalo Bills,Detroit Lions,leovegas_se,h2h,Detroit Lions,,2.35
2026-08-28T21:57,56e8897681915f7ec92baeee952bb1ae,2026-09-18T00:15:00Z,Buffalo Bills,Detroit Lions,leovegas_se,spreads,Buffalo Bills,-3.0,1.95
2026-08-28T21:57,56e8897681915f7ec92baeee952bb1ae,2026-09-18T00:15:00Z,Buffalo Bills,Detroit Lions,leovegas_se,spreads,Detroit Lions,3.0,1.85
2026-08-28T21:57,56e8897681915f7ec92baeee952bb1ae,2026-09-18T00:15:00Z,Buffalo Bills,Detroit Lions,unibet_se,h2h,Buffalo Bills,,1.61
2026-08-28T21:57,56e8897681915f7ec92baeee952bb1ae,2026-09-18T00:15:00Z,Buffalo Bills,Detroit Lions,unibet_se,h2h,Detroit Lions,,2.35
2026-08-28T21:57,56e8897681915f7ec92baeee952bb1ae,2026-09-18T00:15:00Z,Buffalo Bills,Detroit Lions,unibet_se,spreads,Buffalo Bills,-3.0,1.95
2026-08-28T21:57,56e8897681915f7ec92baeee952bb1ae,2026-09-18T00:15:00Z,Buffalo Bills,Detroit Lions,unibet_se,spreads,Detroit Lions,3.0,1.85
2026-08-28T21:57,56e8897681915f7ec92baeee952bb1ae,2026-09-18T00:15:00Z,Buffalo Bills,Detroit Lions,onexbet,totals,Over,52.5,1.91
2026-08-28T21:57,56e8897681915f7ec92baeee952bb1ae,2026-09-18T00:15:00Z,Buffalo Bills,Detroit Lions,onexbet,totals,Under,52.5,1.91
2026-08-28T21:57,56e8897681915f7ec92baeee952bb1ae,2026-09-18T00:15:00Z,Buffalo Bills,Detroit Lions,williamhill,h2h,Buffalo Bills,,1.57
2026-08-28T21:57,56e8897681915f7ec92baeee952bb1ae,2026-09-18T00:15:00Z,Buffalo Bills,Detroit Lions,williamhill,h2h,Detroit Lions,,2.38
2026-08-28T21:57,56e8897681915f7ec92baeee952bb1ae,2026-09-18T00:15:00Z,Buffalo Bills,Detroit Lions,betclic_fr,h2h,Buffalo Bills,,1.58
2026-08-28T21:57,56e8897681915f7ec92baeee952bb1ae,2026-09-18T00:15:00Z,Buffalo Bills,Detroit Lions,betclic_fr,h2h,Detroit Lions,,2.3
2026-08-28T21:57,56e8897681915f7ec92baeee952bb1ae,2026-09-18T00:15:00Z,Buffalo Bills,Detroit Lions,pmu_fr,h2h,Buffalo Bills,,1.61
2026-08-28T21:57,56e8897681915f7ec92baeee952bb1ae,2026-09-18T00:15:00Z,Buffalo Bills,Detroit Lions,pmu_fr,h2h,Detroit Lions,,2.35
2026-08-28T21:57,56e8897681915f7ec92baeee952bb1ae,2026-09-18T00:15:00Z,Buffalo Bills,Detroit Lions,pmu_fr,spreads,Buffalo Bills,-3.0,1.95
2026-08-28T21:57,56e8897681915f7ec92baeee952bb1ae,2026-09-18T00:15:00Z,Buffalo Bills,Detroit Lions,pmu_fr,spreads,Detroit Lions,3.0,1.85
2026-08-28T21:57,56e8897681915f7ec92baeee952bb1ae,2026-09-18T00:15:00Z,Buffalo Bills,Detroit Lions,pmu_fr,totals,Over,52.5,1.91
2026-08-28T21:57,56e8897681915f7ec92baeee952bb1ae,2026-09-18T00:15:00Z,Buffalo Bills,Detroit Lions,pmu_fr,totals,Under,52.5,1.91
2026-08-28T21:57,aee7eae1849ebb103b9bf233e9741392,2026-09-20T17:00:00Z,Atlanta Falcons,Carolina Panthers,betsson,h2h,Atlanta Falcons,,1.74
2026-08-28T21:57,aee7eae1849ebb103b9bf233e9741392,2026-09-20T17:00:00Z,Atlanta Falcons,Carolina Panthers,betsson,h2h,Carolina Panthers,,1.98
2026-08-28T21:57,aee7eae1849ebb103b9bf233e9741392,2026-09-20T17:00:00Z,Atlanta Falcons,Carolina Panthers,betsson,spreads,Atlanta Falcons,-1.5,1.84
2026-08-28T21:57,aee7eae1849ebb103b9bf233e9741392,2026-09-20T17:00:00Z,Atlanta Falcons,Carolina Panthers,betsson,spreads,Carolina Panthers,1.5,1.86
2026-08-28T21:57,aee7eae1849ebb103b9bf233e9741392,2026-09-20T17:00:00Z,Atlanta Falcons,Carolina Panthers,betsson,totals,Over,43.0,1.81
2026-08-28T21:57,aee7eae1849ebb103b9bf233e9741392,2026-09-20T17:00:00Z,Atlanta Falcons,Carolina Panthers,betsson,totals,Under,43.0,1.89
2026-08-28T21:57,aee7eae1849ebb103b9bf233e9741392,2026-09-20T17:00:00Z,Atlanta Falcons,Carolina Panthers,nordicbet,h2h,Atlanta Falcons,,1.74
2026-08-28T21:57,aee7eae1849ebb103b9bf233e9741392,2026-09-20T17:00:00Z,Atlanta Falcons,Carolina Panthers,nordicbet,h2h,Carolina Panthers,,1.98
2026-08-28T21:57,aee7eae1849ebb103b9bf233e9741392,2026-09-20T17:00:00Z,Atlanta Falcons,Carolina Panthers,nordicbet,spreads,Atlanta Falcons,-1.5,1.84
2026-08-28T21:57,aee7eae1849ebb103b9bf233e9741392,2026-09-20T17:00:00Z,Atlanta Falcons,Carolina Panthers,nordicbet,spreads,Carolina Panthers,1.5,1.86
2026-08-28T21:57,aee7eae1849ebb103b9bf233e9741392,2026-09-20T17:00:00Z,Atlanta Falcons,Carolina Panthers,nordicbet,totals,Over,43.0,1.81
2026-08-28T21:57,aee7eae1849ebb103b9bf233e9741392,2026-09-20T17:00:00Z,Atlanta Falcons,Carolina Panthers,nordicbet,totals,Under,43.0,1.89
2026-08-28T21:57,2143ade9684fd876b68a4e8cbf451f05,2026-09-20T17:00:00Z,Baltimore Ravens,New Orleans Saints,nordicbet,h2h,Baltimore Ravens,,1.24
2026-08-28T21:57,2143ade9684fd876b68a4e8cbf451f05,2026-09-20T17:00:00Z,Baltimore Ravens,New Orleans Saints,nordicbet,h2h,New Orleans Saints,,3.62
2026-08-28T21:57,2143ade9684fd876b68a4e8cbf451f05,2026-09-20T17:00:00Z,Baltimore Ravens,New Orleans Saints,nordicbet,spreads,Baltimore Ravens,-7.5,1.87
2026-08-28T21:57,2143ade9684fd876b68a4e8cbf451f05,2026-09-20T17:00:00Z,Baltimore Ravens,New Orleans Saints,nordicbet,spreads,New Orleans Saints,7.5,1.83
2026-08-28T21:57,2143ade9684fd876b68a4e8cbf451f05,2026-09-20T17:00:00Z,Baltimore Ravens,New Orleans Saints,nordicbet,totals,Over,46.0,1.83
2026-08-28T21:57,2143ade9684fd876b68a4e8cbf451f05,2026-09-20T17:00:00Z,Baltimore Ravens,New Orleans Saints,nordicbet,totals,Under,46.0,1.87
2026-08-28T21:57,2143ade9684fd876b68a4e8cbf451f05,2026-09-20T17:00:00Z,Baltimore Ravens,New Orleans Saints,betsson,h2h,Baltimore Ravens,,1.24
2026-08-28T21:57,2143ade9684fd876b68a4e8cbf451f05,2026-09-20T17:00:00Z,Baltimore Ravens,New Orleans Saints,betsson,h2h,New Orleans Saints,,3.62
2026-08-28T21:57,2143ade9684fd876b68a4e8cbf451f05,2026-09-20T17:00:00Z,Baltimore Ravens,New Orleans Saints,betsson,spreads,Baltimore Ravens,-7.5,1.87
2026-08-28T21:57,2143ade9684fd876b68a4e8cbf451f05,2026-09-20T17:00:00Z,Baltimore Ravens,New Orleans Saints,betsson,spreads,New Orleans Saints,7.5,1.83
2026-08-28T21:57,2143ade9684fd876b68a4e8cbf451f05,2026-09-20T17:00:00Z,Baltimore Ravens,New Orleans Saints,betsson,totals,Over,46.0,1.83
2026-08-28T21:57,2143ade9684fd876b68a4e8cbf451f05,2026-09-20T17:00:00Z,Baltimore Ravens,New Orleans Saints,betsson,totals,Under,46.0,1.87
2026-08-28T21:57,fafc649c455e32a0f2ba1bd06e2039bc,2026-09-20T17:00:00Z,Tennessee Titans,Philadelphia Eagles,betsson,h2h,Philadelphia Eagles,,1.43
2026-08-28T21:57,fafc649c455e32a0f2ba1bd06e2039bc,2026-09-20T17:00:00Z,Tennessee Titans,Philadelphia Eagles,betsson,h2h,Tennessee Titans,,2.62
2026-08-28T21:57,fafc649c455e32a0f2ba1bd06e2039bc,2026-09-20T17:00:00Z,Tennessee Titans,Philadelphia Eagles,betsson,spreads,Philadelphia Eagles,-4.5,1.87
2026-08-28T21:57,fafc649c455e32a0f2ba1bd06e2039bc,2026-09-20T17:00:00Z,Tennessee Titans,Philadelphia Eagles,betsson,spreads,Tennessee Titans,4.5,1.83
2026-08-28T21:57,fafc649c455e32a0f2ba1bd06e2039bc,2026-09-20T17:00:00Z,Tennessee Titans,Philadelphia Eagles,betsson,totals,Over,42.0,1.85
2026-08-28T21:57,fafc649c455e32a0f2ba1bd06e2039bc,2026-09-20T17:00:00Z,Tennessee Titans,Philadelphia Eagles,betsson,totals,Under,42.0,1.85
2026-08-28T21:57,fafc649c455e32a0f2ba1bd06e2039bc,2026-09-20T17:00:00Z,Tennessee Titans,Philadelphia Eagles,nordicbet,h2h,Philadelphia Eagles,,1.43
2026-08-28T21:57,fafc649c455e32a0f2ba1bd06e2039bc,2026-09-20T17:00:00Z,Tennessee Titans,Philadelphia Eagles,nordicbet,h2h,Tennessee Titans,,2.62
2026-08-28T21:57,fafc649c455e32a0f2ba1bd06e2039bc,2026-09-20T17:00:00Z,Tennessee Titans,Philadelphia Eagles,nordicbet,spreads,Philadelphia Eagles,-4.5,1.87
2026-08-28T21:57,fafc649c455e32a0f2ba1bd06e2039bc,2026-09-20T17:00:00Z,Tennessee Titans,Philadelphia Eagles,nordicbet,spreads,Tennessee Titans,4.5,1.83
2026-08-28T21:57,fafc649c455e32a0f2ba1bd06e2039bc,2026-09-20T17:00:00Z,Tennessee Titans,Philadelphia Eagles,nordicbet,totals,Over,42.0,1.85
2026-08-28T21:57,fafc649c455e32a0f2ba1bd06e2039bc,2026-09-20T17:00:00Z,Tennessee Titans,Philadelphia Eagles,nordicbet,totals,Under,42.0,1.85
2026-08-28T21:57,84cfca14efc21363fd605508404cf1ff,2026-09-27T20:25:00Z,Dallas Cowboys,Baltimore Ravens,williamhill,h2h,Baltimore Ravens,,1.7
2026-08-28T21:57,84cfca14efc21363fd605508404cf1ff,2026-09-27T20:25:00Z,Dallas Cowboys,Baltimore Ravens,williamhill,h2h,Dallas Cowboys,,2.15
2026-08-28T21:57,84cfca14efc21363fd605508404cf1ff,2026-09-27T20:25:00Z,Dallas Cowboys,Baltimore Ravens,betclic_fr,h2h,Baltimore Ravens,,1.7
2026-08-28T21:57,84cfca14efc21363fd605508404cf1ff,2026-09-27T20:25:00Z,Dallas Cowboys,Baltimore Ravens,betclic_fr,h2h,Dallas Cowboys,,2.05
2026-08-28T21:57,c9d8ed8aa4889486eaf10a630138ede0,2026-10-04T13:30:00Z,Washington Commanders,Indianapolis Colts,onexbet,spreads,Indianapolis Colts,-1.5,1.91
2026-08-28T21:57,c9d8ed8aa4889486eaf10a630138ede0,2026-10-04T13:30:00Z,Washington Commanders,Indianapolis Colts,onexbet,spreads,Washington Commanders,1.5,1.91
2026-08-28T21:57,c9d8ed8aa4889486eaf10a630138ede0,2026-10-04T13:30:00Z,Washington Commanders,Indianapolis Colts,onexbet,totals,Over,49.5,1.91
2026-08-28T21:57,c9d8ed8aa4889486eaf10a630138ede0,2026-10-04T13:30:00Z,Washington Commanders,Indianapolis Colts,onexbet,totals,Under,49.5,1.91
2026-08-28T21:57,c9d8ed8aa4889486eaf10a630138ede0,2026-10-04T13:30:00Z,Washington Commanders,Indianapolis Colts,williamhill,h2h,Indianapolis Colts,,1.8
2026-08-28T21:57,c9d8ed8aa4889486eaf10a630138ede0,2026-10-04T13:30:00Z,Washington Commanders,Indianapolis Colts,williamhill,h2h,Washington Commanders,,2.0
2026-08-28T21:57,c9d8ed8aa4889486eaf10a630138ede0,2026-10-04T13:30:00Z,Washington Commanders,Indianapolis Colts,betclic_fr,h2h,Indianapolis Colts,,1.85
2026-08-28T21:57,c9d8ed8aa4889486eaf10a630138ede0,2026-10-04T13:30:00Z,Washington Commanders,Indianapolis Colts,betclic_fr,h2h,Washington Commanders,,1.9
2026-08-28T21:57,21b26266f3d78af02eb672e606275d95,2026-10-11T13:30:00Z,Jacksonville Jaguars,Philadelphia Eagles,onexbet,spreads,Jacksonville Jaguars,1.5,1.91
2026-08-28T21:57,21b26266f3d78af02eb672e606275d95,2026-10-11T13:30:00Z,Jacksonville Jaguars,Philadelphia Eagles,onexbet,spreads,Philadelphia Eagles,-1.5,1.91
2026-08-28T21:57,21b26266f3d78af02eb672e606275d95,2026-10-11T13:30:00Z,Jacksonville Jaguars,Philadelphia Eagles,onexbet,totals,Over,44.5,1.91
2026-08-28T21:57,21b26266f3d78af02eb672e606275d95,2026-10-11T13:30:00Z,Jacksonville Jaguars,Philadelphia Eagles,onexbet,totals,Under,44.5,1.91
2026-08-28T21:57,21b26266f3d78af02eb672e606275d95,2026-10-11T13:30:00Z,Jacksonville Jaguars,Philadelphia Eagles,betclic_fr,h2h,Jacksonville Jaguars,,2.0
2026-08-28T21:57,21b26266f3d78af02eb672e606275d95,2026-10-11T13:30:00Z,Jacksonville Jaguars,Philadelphia Eagles,betclic_fr,h2h,Philadelphia Eagles,,1.78
2026-08-28T21:57,21b26266f3d78af02eb672e606275d95,2026-10-11T13:30:00Z,Jacksonville Jaguars,Philadelphia Eagles,williamhill,h2h,Jacksonville Jaguars,,2.0
2026-08-28T21:57,21b26266f3d78af02eb672e606275d95,2026-10-11T13:30:00Z,Jacksonville Jaguars,Philadelphia Eagles,williamhill,h2h,Philadelphia Eagles,,1.8
2026-08-28T21:57,57418b2cf5aca558b3c98eafac1e264a,2026-10-18T13:30:00Z,Jacksonville Jaguars,Houston Texans,onexbet,spreads,Houston Texans,-1.5,2.0
2026-08-28T21:57,57418b2cf5aca558b3c98eafac1e264a,2026-10-18T13:30:00Z,Jacksonville Jaguars,Houston Texans,onexbet,spreads,Jacksonville Jaguars,1.5,1.8
2026-08-28T21:57,57418b2cf5aca558b3c98eafac1e264a,2026-10-18T13:30:00Z,Jacksonville Jaguars,Houston Texans,onexbet,totals,Over,40.5,1.91
2026-08-28T21:57,57418b2cf5aca558b3c98eafac1e264a,2026-10-18T13:30:00Z,Jacksonville Jaguars,Houston Texans,onexbet,totals,Under,40.5,1.91
2026-08-28T21:57,57418b2cf5aca558b3c98eafac1e264a,2026-10-18T13:30:00Z,Jacksonville Jaguars,Houston Texans,betclic_fr,h2h,Houston Texans,,1.85
2026-08-28T21:57,57418b2cf5aca558b3c98eafac1e264a,2026-10-18T13:30:00Z,Jacksonville Jaguars,Houston Texans,betclic_fr,h2h,Jacksonville Jaguars,,1.88
2026-08-28T21:57,2e710ea5a306b614f0f966e3d78732f8,2026-10-25T13:30:00Z,New Orleans Saints,Pittsburgh Steelers,onexbet,spreads,New Orleans Saints,1.5,1.91
2026-08-28T21:57,2e710ea5a306b614f0f966e3d78732f8,2026-10-25T13:30:00Z,New Orleans Saints,Pittsburgh Steelers,onexbet,spreads,Pittsburgh Steelers,-1.5,1.91
2026-08-28T21:57,2e710ea5a306b614f0f966e3d78732f8,2026-10-25T13:30:00Z,New Orleans Saints,Pittsburgh Steelers,onexbet,totals,Over,42.5,1.91
2026-08-28T21:57,2e710ea5a306b614f0f966e3d78732f8,2026-10-25T13:30:00Z,New Orleans Saints,Pittsburgh Steelers,onexbet,totals,Under,42.5,1.91
2026-08-28T21:57,2e710ea5a306b614f0f966e3d78732f8,2026-10-25T13:30:00Z,New Orleans Saints,Pittsburgh Steelers,betclic_fr,h2h,New Orleans Saints,,2.05
2026-08-28T21:57,2e710ea5a306b614f0f966e3d78732f8,2026-10-25T13:30:00Z,New Orleans Saints,Pittsburgh Steelers,betclic_fr,h2h,Pittsburgh Steelers,,1.7
2026-08-28T21:57,dc56d980f527ffeef89940133b211b13,2026-11-08T14:30:00Z,Atlanta Falcons,Cincinnati Bengals,onexbet,spreads,Atlanta Falcons,4.5,1.87
2026-08-28T21:57,dc56d980f527ffeef89940133b211b13,2026-11-08T14:30:00Z,Atlanta Falcons,Cincinnati Bengals,onexbet,spreads,Cincinnati Bengals,-4.5,1.95
2026-08-28T21:57,dc56d980f527ffeef89940133b211b13,2026-11-08T14:30:00Z,Atlanta Falcons,Cincinnati Bengals,onexbet,totals,Over,49.5,1.91
2026-08-28T21:57,dc56d980f527ffeef89940133b211b13,2026-11-08T14:30:00Z,Atlanta Falcons,Cincinnati Bengals,onexbet,totals,Under,49.5,1.91
2026-08-28T21:57,dc56d980f527ffeef89940133b211b13,2026-11-08T14:30:00Z,Atlanta Falcons,Cincinnati Bengals,betclic_fr,h2h,Atlanta Falcons,,2.7
2026-08-28T21:57,dc56d980f527ffeef89940133b211b13,2026-11-08T14:30:00Z,Atlanta Falcons,Cincinnati Bengals,betclic_fr,h2h,Cincinnati Bengals,,1.42
2026-08-28T21:57,b8c10fdf1e0ac4e13deee7f7c0af0b0b,2026-11-15T14:30:00Z,Detroit Lions,New England Patriots,onexbet,spreads,Detroit Lions,-1.5,1.91
2026-08-28T21:57,b8c10fdf1e0ac4e13deee7f7c0af0b0b,2026-11-15T14:30:00Z,Detroit Lions,New England Patriots,onexbet,spreads,New England Patriots,1.5,1.91
2026-08-28T21:57,b8c10fdf1e0ac4e13deee7f7c0af0b0b,2026-11-15T14:30:00Z,Detroit Lions,New England Patriots,onexbet,totals,Over,47.5,1.91
2026-08-28T21:57,b8c10fdf1e0ac4e13deee7f7c0af0b0b,2026-11-15T14:30:00Z,Detroit Lions,New England Patriots,onexbet,totals,Under,47.5,1.91
2026-08-28T21:57,b8c10fdf1e0ac4e13deee7f7c0af0b0b,2026-11-15T14:30:00Z,Detroit Lions,New England Patriots,betclic_fr,h2h,Detroit Lions,,1.8
2026-08-28T21:57,b8c10fdf1e0ac4e13deee7f7c0af0b0b,2026-11-15T14:30:00Z,Detroit Lions,New England Patriots,betclic_fr,h2h,New England Patriots,,1.95
2026-08-28T21:57,60e1d27b083a335b722c2c852ea85612,2026-11-23T01:20:00Z,San Francisco 49ers,Minnesota Vikings,onexbet,spreads,Minnesota Vikings,4.5,1.91
2026-08-28T21:57,60e1d27b083a335b722c2c852ea85612,2026-11-23T01:20:00Z,San Francisco 49ers,Minnesota Vikings,onexbet,spreads,San Francisco 49ers,-4.5,1.91
2026-08-28T21:57,60e1d27b083a335b722c2c852ea85612,2026-11-23T01:20:00Z,San Francisco 49ers,Minnesota Vikings,onexbet,totals,Over,47.5,1.91
2026-08-28T21:57,60e1d27b083a335b722c2c852ea85612,2026-11-23T01:20:00Z,San Francisco 49ers,Minnesota Vikings,onexbet,totals,Under,47.5,1.91
2026-08-28T21:57,60e1d27b083a335b722c2c852ea85612,2026-11-23T01:20:00Z,San Francisco 49ers,Minnesota Vikings,betclic_fr,h2h,Minnesota Vikings,,2.6
2026-08-28T21:57,60e1d27b083a335b722c2c852ea85612,2026-11-23T01:20:00Z,San Francisco 49ers,Minnesota Vikings,betclic_fr,h2h,San Francisco 49ers,,1.45
2026-08-28T21:57,5b612899d6dcdf998107f2c6c6e49a58,2026-11-26T01:00:00Z,Los Angeles Rams,Green Bay Packers,onexbet,spreads,Green Bay Packers,5.5,1.87
2026-08-28T21:57,5b612899d6dcdf998107f2c6c6e49a58,2026-11-26T01:00:00Z,Los Angeles Rams,Green Bay Packers,onexbet,spreads,Los Angeles Rams,-5.5,1.95
2026-08-28T21:57,5b612899d6dcdf998107f2c6c6e49a58,2026-11-26T01:00:00Z,Los Angeles Rams,Green Bay Packers,onexbet,totals,Over,48.5,1.91
2026-08-28T21:57,5b612899d6dcdf998107f2c6c6e49a58,2026-11-26T01:00:00Z,Los Angeles Rams,Green Bay Packers,onexbet,totals,Under,48.5,1.91
2026-08-28T21:57,5b612899d6dcdf998107f2c6c6e49a58,2026-11-26T01:00:00Z,Los Angeles Rams,Green Bay Packers,betclic_fr,h2h,Green Bay Packers,,2.75
2026-08-28T21:57,5b612899d6dcdf998107f2c6c6e49a58,2026-11-26T01:00:00Z,Los Angeles Rams,Green Bay Packers,betclic_fr,h2h,Los Angeles Rams,,1.42
2026-08-28T21:57,9b825e6518156008da499be041975fdd,2026-11-26T18:00:00Z,Detroit Lions,Chicago Bears,betclic_fr,h2h,Chicago Bears,,2.05
2026-08-28T21:57,9b825e6518156008da499be041975fdd,2026-11-26T18:00:00Z,Detroit Lions,Chicago Bears,betclic_fr,h2h,Detroit Lions,,1.7
2026-08-28T21:57,9b825e6518156008da499be041975fdd,2026-11-26T18:00:00Z,Detroit Lions,Chicago Bears,onexbet,spreads,Chicago Bears,2.5,1.91
2026-08-28T21:57,9b825e6518156008da499be041975fdd,2026-11-26T18:00:00Z,Detroit Lions,Chicago Bears,onexbet,spreads,Detroit Lions,-2.5,1.91
2026-08-28T21:57,9b825e6518156008da499be041975fdd,2026-11-26T18:00:00Z,Detroit Lions,Chicago Bears,onexbet,totals,Over,53.5,1.91
2026-08-28T21:57,9b825e6518156008da499be041975fdd,2026-11-26T18:00:00Z,Detroit Lions,Chicago Bears,onexbet,totals,Under,53.5,1.91
2026-08-28T21:57,ffaa06af56a7137d4b078c5c46c0b730,2026-11-26T20:30:00Z,Dallas Cowboys,Philadelphia Eagles,betclic_fr,h2h,Dallas Cowboys,,1.75
2026-08-28T21:57,ffaa06af56a7137d4b078c5c46c0b730,2026-11-26T20:30:00Z,Dallas Cowboys,Philadelphia Eagles,betclic_fr,h2h,Philadelphia Eagles,,2.0
2026-08-28T21:57,ffaa06af56a7137d4b078c5c46c0b730,2026-11-26T20:30:00Z,Dallas Cowboys,Philadelphia Eagles,betonlineag,spreads,Dallas Cowboys,-1.0,1.87
2026-08-28T21:57,ffaa06af56a7137d4b078c5c46c0b730,2026-11-26T20:30:00Z,Dallas Cowboys,Philadelphia Eagles,betonlineag,spreads,Philadelphia Eagles,1.0,1.95
2026-08-28T21:57,ffaa06af56a7137d4b078c5c46c0b730,2026-11-26T20:30:00Z,Dallas Cowboys,Philadelphia Eagles,betonlineag,totals,Over,49.5,1.87
2026-08-28T21:57,ffaa06af56a7137d4b078c5c46c0b730,2026-11-26T20:30:00Z,Dallas Cowboys,Philadelphia Eagles,betonlineag,totals,Under,49.5,1.95
2026-08-28T21:57,ffaa06af56a7137d4b078c5c46c0b730,2026-11-26T20:30:00Z,Dallas Cowboys,Philadelphia Eagles,onexbet,spreads,Dallas Cowboys,-1.5,1.95
2026-08-28T21:57,ffaa06af56a7137d4b078c5c46c0b730,2026-11-26T20:30:00Z,Dallas Cowboys,Philadelphia Eagles,onexbet,spreads,Philadelphia Eagles,1.5,1.87
2026-08-28T21:57,ffaa06af56a7137d4b078c5c46c0b730,2026-11-26T20:30:00Z,Dallas Cowboys,Philadelphia Eagles,onexbet,totals,Over,49.5,1.91
2026-08-28T21:57,ffaa06af56a7137d4b078c5c46c0b730,2026-11-26T20:30:00Z,Dallas Cowboys,Philadelphia Eagles,onexbet,totals,Under,49.5,1.91
2026-08-28T21:57,f36f518585aec40e8cb40e071c0844aa,2026-11-27T01:20:00Z,Buffalo Bills,Kansas City Chiefs,betclic_fr,h2h,Buffalo Bills,,1.62
2026-08-28T21:57,f36f518585aec40e8cb40e071c0844aa,2026-11-27T01:20:00Z,Buffalo Bills,Kansas City Chiefs,betclic_fr,h2h,Kansas City Chiefs,,2.2
2026-08-28T21:57,f36f518585aec40e8cb40e071c0844aa,2026-11-27T01:20:00Z,Buffalo Bills,Kansas City Chiefs,onexbet,spreads,Buffalo Bills,-2.5,1.87
2026-08-28T21:57,f36f518585aec40e8cb40e071c0844aa,2026-11-27T01:20:00Z,Buffalo Bills,Kansas City Chiefs,onexbet,spreads,Kansas City Chiefs,2.5,1.95
2026-08-28T21:57,f36f518585aec40e8cb40e071c0844aa,2026-11-27T01:20:00Z,Buffalo Bills,Kansas City Chiefs,onexbet,totals,Over,49.5,1.91
2026-08-28T21:57,f36f518585aec40e8cb40e071c0844aa,2026-11-27T01:20:00Z,Buffalo Bills,Kansas City Chiefs,onexbet,totals,Under,49.5,1.91
2026-08-28T21:57,44a3bcf5bd002583ddef2207a92dd977,2026-11-27T20:00:00Z,Pittsburgh Steelers,Denver Broncos,onexbet,spreads,Denver Broncos,-1.5,1.8
2026-08-28T21:57,44a3bcf5bd002583ddef2207a92dd977,2026-11-27T20:00:00Z,Pittsburgh Steelers,Denver Broncos,onexbet,spreads,Pittsburgh Steelers,1.5,2.0
2026-08-28T21:57,44a3bcf5bd002583ddef2207a92dd977,2026-11-27T20:00:00Z,Pittsburgh Steelers,Denver Broncos,onexbet,totals,Over,39.5,1.91
2026-08-28T21:57,44a3bcf5bd002583ddef2207a92dd977,2026-11-27T20:00:00Z,Pittsburgh Steelers,Denver Broncos,onexbet,totals,Under,39.5,1.91
2026-08-28T21:57,3f226ec5402c6ec4d84a59be80c2fa67,2026-12-25T01:15:00Z,Philadelphia Eagles,Houston Texans,betclic_fr,h2h,Houston Texans,,2.05
2026-08-28T21:57,3f226ec5402c6ec4d84a59be80c2fa67,2026-12-25T01:15:00Z,Philadelphia Eagles,Houston Texans,betclic_fr,h2h,Philadelphia Eagles,,1.72
2026-08-28T21:57,3f226ec5402c6ec4d84a59be80c2fa67,2026-12-25T01:15:00Z,Philadelphia Eagles,Houston Texans,onexbet,spreads,Houston Texans,2.5,1.91
2026-08-28T21:57,3f226ec5402c6ec4d84a59be80c2fa67,2026-12-25T01:15:00Z,Philadelphia Eagles,Houston Texans,onexbet,spreads,Philadelphia Eagles,-2.5,1.91
2026-08-28T21:57,3f226ec5402c6ec4d84a59be80c2fa67,2026-12-25T01:15:00Z,Philadelphia Eagles,Houston Texans,onexbet,totals,Over,39.5,1.91
2026-08-28T21:57,3f226ec5402c6ec4d84a59be80c2fa67,2026-12-25T01:15:00Z,Philadelphia Eagles,Houston Texans,onexbet,totals,Under,39.5,1.91
2026-08-28T21:57,2828c07018dfafbe96aba205809cc7ac,2026-12-25T18:00:00Z,Chicago Bears,Green Bay Packers,betclic_fr,h2h,Chicago Bears,,1.8
2026-08-28T21:57,2828c07018dfafbe96aba205809cc7ac,2026-12-25T18:00:00Z,Chicago Bears,Green Bay Packers,betclic_fr,h2h,Green Bay Packers,,1.95
2026-08-28T21:57,2828c07018dfafbe96aba205809cc7ac,2026-12-25T18:00:00Z,Chicago Bears,Green Bay Packers,onexbet,spreads,Chicago Bears,-1.5,1.95
2026-08-28T21:57,2828c07018dfafbe96aba205809cc7ac,2026-12-25T18:00:00Z,Chicago Bears,Green Bay Packers,onexbet,spreads,Green Bay Packers,1.5,1.87
2026-08-28T21:57,2828c07018dfafbe96aba205809cc7ac,2026-12-25T18:00:00Z,Chicago Bears,Green Bay Packers,onexbet,totals,Over,47.5,1.91
2026-08-28T21:57,2828c07018dfafbe96aba205809cc7ac,2026-12-25T18:00:00Z,Chicago Bears,Green Bay Packers,onexbet,totals,Under,47.5,1.91
2026-08-28T21:57,126f27c71e8130ef87de0d137e833d9b,2026-12-25T21:30:00Z,Denver Broncos,Buffalo Bills,betclic_fr,h2h,Buffalo Bills,,1.72
2026-08-28T21:57,126f27c71e8130ef87de0d137e833d9b,2026-12-25T21:30:00Z,Denver Broncos,Buffalo Bills,betclic_fr,h2h,Denver Broncos,,2.05
2026-08-28T21:57,126f27c71e8130ef87de0d137e833d9b,2026-12-25T21:30:00Z,Denver Broncos,Buffalo Bills,onexbet,spreads,Buffalo Bills,-1.5,1.91
2026-08-28T21:57,126f27c71e8130ef87de0d137e833d9b,2026-12-25T21:30:00Z,Denver Broncos,Buffalo Bills,onexbet,spreads,Denver Broncos,1.5,1.91
2026-08-28T21:57,126f27c71e8130ef87de0d137e833d9b,2026-12-25T21:30:00Z,Denver Broncos,Buffalo Bills,onexbet,totals,Over,46.5,1.91
2026-08-28T21:57,126f27c71e8130ef87de0d137e833d9b,2026-12-25T21:30:00Z,Denver Broncos,Buffalo Bills,onexbet,totals,Under,46.5,1.91
2026-08-28T21:57,f1af9705dbd2bbe4f1555f080ad06ba2,2026-12-26T01:15:00Z,Seattle Seahawks,Los Angeles Rams,betclic_fr,h2h,Los Angeles Rams,,1.88
2026-08-28T21:57,f1af9705dbd2bbe4f1555f080ad06ba2,2026-12-26T01:15:00Z,Seattle Seahawks,Los Angeles Rams,betclic_fr,h2h,Seattle Seahawks,,1.88
2026-08-28T21:57,f1af9705dbd2bbe4f1555f080ad06ba2,2026-12-26T01:15:00Z,Seattle Seahawks,Los Angeles Rams,onexbet,spreads,Los Angeles Rams,-1.5,1.91
2026-08-28T21:57,f1af9705dbd2bbe4f1555f080ad06ba2,2026-12-26T01:15:00Z,Seattle Seahawks,Los Angeles Rams,onexbet,spreads,Seattle Seahawks,1.5,1.91
2026-08-28T21:57,f1af9705dbd2bbe4f1555f080ad06ba2,2026-12-26T01:15:00Z,Seattle Seahawks,Los Angeles Rams,onexbet,totals,Over,45.5,1.91
2026-08-28T21:57,f1af9705dbd2bbe4f1555f080ad06ba2,2026-12-26T01:15:00Z,Seattle Seahawks,Los Angeles Rams,onexbet,totals,Under,45.5,1.91
